"Aboutaha, Engelhardt, Jirsa and Kreger, Test ORC1"	
6285	
-0.0685875	-0.01685792
-0.0632834	-0.0673872
-0.0499317	-0.01685792
-0.0632834	-0.0673872
0.0492001	2.18977264
0.39175351	6.990427872
1.17132818	17.36657994
1.57081836	22.75678643
2.03673782	28.31543869
2.16045138	28.26490941
2.1540133	27.92801789
2.14307588	27.70904285
2.14289298	27.57428624
2.13308954	27.52375251
2.1532817	27.42268506
2.1410274	27.30477747
2.1503553	27.27108832
1.92399826	22.672568
1.5996434	18.17511069
1.32428745	14.77254192
1.13147427	12.01005814
0.95219569	9.938197536
0.90219083	8.270602304
0.77961125	6.821982112
0.6556965	5.659719712
0.58151226	4.615364896
0.49801841	3.672077536
0.43769799	2.813013056
0.37501816	1.852885568
0.24768318	0.741152448
0.17876646	-0.72431232
-0.0213993	-2.4592992
-0.1717431	-4.05951168
-0.5115713	-7.90000384
-0.8554233	-10.4603616
-1.1939712	-15.6316064
-1.9391058	-24.23910912
-2.1004236	-26.26041376
-2.1944342	-27.001584
-2.2421711	-27.35528896
-2.2908225	-27.49006336
-2.3098441	-27.6416512
-2.3295973	-27.69218048
-2.3144166	-27.67536704
-2.3482531	-27.7090384
-2.3495334	-27.72589632
-2.2498529	-24.66020128
-2.0391521	-20.92076768
-1.8787488	-18.62991424
-1.7774222	-16.96231456
-1.7231009	-15.5642192
-1.3146852	-10.42669024
-1.1081911	-8.10216544
-0.4625541	-0.85908672
0.45258605	8.439043616
0.66866411	10.44353037
1.54118856	21.42607827
1.80096143	24.57598285
2.01692975	27.15317629
2.02848903	26.90050765
2.04374289	26.78260006
2.04513293	26.64784346
2.0523209	26.58046515
2.04712654	26.47940214
2.04504148	26.46255312
2.03287863	26.39517926
2.05795422	26.36149011
2.05638128	26.34464554
1.74636578	20.19643757
1.35488662	15.29471933
1.05502207	11.38681773
0.87488386	7.90002608
0.58548119	5.103853152
0.25099367	1.02751024
-0.1283958	-3.08250848
-0.9832704	-11.47103616
-1.9403861	-22.90840096
-2.1351746	-25.35084224
-2.2127242	-26.31094304
-2.2913712	-26.78260896
-2.3241103	-27.0689712
-2.3235616	-27.20370112
-2.3493505	-27.3216176
-2.2822262	-27.35528896
-2.2957608	-27.33847552
-2.302711	-27.37214688
-2.2835065	-27.35528896
-2.2975898	-27.3890048
-2.2977727	-27.37214688
-2.2884448	-27.33847552
-2.2937489	-27.37214688
-2.3083809	-27.27108832
-2.1699256	-22.6051808
-1.9947074	-19.60687296
-1.7148704	-15.1094112
-1.421133	-12.11114784
-0.4488366	-0.65692512
-0.4140856	-0.43795008
-0.3939666	-0.21897504
-0.3789688	-0.16844576
-0.3833584	-0.1347744
-0.3489732	0.185290336
-0.3442178	0.185290336
-0.3436691	0.235819616
-0.3564721	0.21897504
-0.3623249	0.21897504
-0.3561063	0.269508768
0.37276849	7.25993664
1.04419439	14.67147446
1.68712447	22.97576592
2.26651509	30.25254714
3.50540653	41.48775923
3.74154872	42.00994109
4.43594686	47.737048
4.43865378	46.79376064
4.46142483	46.38948192
4.45992505	46.13683552
4.44015356	45.88414464
4.43591028	43.0206023
4.43836114	43.00375773
4.43453853	42.98691315
4.4355079	43.00375773
4.97504461	49.97732768
5.87085223	57.422568
6.49907715	61.73472608
7.15056695	67.36077888
8.76003208	79.53926944
9.16702116	80.97103616
9.16912451	80.24672384
8.54060695	69.14629504
7.55801328	57.1025344
6.74654085	47.55174432
6.05002107	39.58434438
5.31651891	33.09924934
4.69282991	27.72588298
4.22451446	23.29580842
3.83793702	19.55635258
3.40649421	16.22115766
3.12671208	13.25654342
2.73025804	10.4940641
2.43920927	7.798958624
2.11569575	5.23860976
1.62510308	0.235819616
0.97972214	-6.35032064
0.60755722	-9.2980992
-0.4943787	-19.42161376
-1.9908665	-32.8802832
-2.5086564	-36.13123744
-3.2852498	-41.7909616
-3.9477136	-46.2885568
-4.4259971	-49.4212832
-4.4916582	-49.57296
-4.5156181	-49.4719904
-4.5567706	-49.3879232
-4.5403096	-49.3034112
-4.5443334	-49.219344
-4.5812792	-49.1521792
-4.5730487	-49.0676672
-4.5803647	-48.9666976
-4.59079	-48.9328928
-4.6048733	-48.8319232
-4.5876807	-48.6971488
-4.598106	-48.6802464
-4.5988376	-48.629984
-4.6034101	-48.5285696
-4.5968257	-48.4952096
-4.592619	-48.4445024
-4.5898755	-48.4106976
-4.6551708	-46.4735936
-4.6480377	-46.4735936
-4.658463	-46.490496
-4.6396243	-46.4566912
-4.6229804	-46.4402336
-4.0377004	-36.63657472
-3.3739563	-29.05660448
-2.858727	-24.45808416
-2.5701108	-21.34185984
-2.3266709	-19.30369728
-2.2061398	-17.6360976
-2.1007894	-16.49064864
-2.0102539	-15.3115728
-1.8919176	-14.35142752
-1.7093834	-12.43118144
-1.2684115	-8.55697344
-0.3354386	-0.74117024
0.64494198	6.923049568
1.6574398	15.37893776
2.68586821	24.30647408
3.74026842	32.32440774
4.78874267	41.45407453
5.65135394	48.04022368
5.66711992	47.46754368
5.69155536	47.11379424
5.66810758	46.87796128
5.66214504	46.72637344
5.65876139	46.59159904
5.67030238	46.42315328
5.65621908	46.33895264
5.67560648	46.20417824
5.59099694	43.55962429
4.79091918	34.80053373
4.22875774	28.5849519
3.68175871	23.64954006
3.21294943	19.45528512
2.74816395	15.78320314
2.39476457	12.83543347
2.0243372	9.870819232
1.63977166	6.350338432
0.98606877	0.656929568
0.1472345	-6.60301152
-1.380895	-17.80454336
-1.8677748	-21.35871776
-3.3148796	-35.54169952
-4.1831059	-43.13852768
-4.5639037	-47.0633984
-4.8969646	-50.5835456
-4.9613454	-50.836192
-4.9763432	-50.836192
-5.0120087	-50.836192
-5.0387121	-50.7521248
-5.0207879	-50.802832
-5.0410898	-50.6680576
-5.0317619	-50.6680576
-5.064501	-50.567088
-5.0597456	-50.5501856
-5.0537099	-50.5332832
-5.0317619	-50.5163808
-5.0643181	-50.4487712
-5.0447478	-50.4656736
-5.0515151	-50.4154112
-5.0602943	-50.3478016
-4.6659619	-42.71739104
-3.7452433	-32.50967584
-3.1563053	-26.51310464
-2.7136873	-22.38620576
-2.3451438	-18.78150208
-2.1192623	-16.12008576
-1.0081448	-5.91237056
-0.2869701	-0.75798368
0.59124254	5.79447632
1.92875366	17.41711366
3.57675582	30.9094767
4.85897627	42.06047037
6.3501051	54.34005952
6.46732571	54.45793152
6.46540526	54.08736864
6.74195006	57.30465152
7.69129251	65.81109568
7.67073455	65.25522912
8.56034186	74.43541184
8.57003556	73.6942416
8.58260079	73.42473728
8.5749007	73.22262016
8.5739862	73.02050304
8.5456367	72.801528
8.56778589	72.71728288
8.56676165	72.61622432
8.50839826	69.92113664
8.53146195	69.98847936
8.51339143	69.97166592
8.5251519	69.97166592
8.51593374	69.92113664
8.5192991	69.93795008
7.98391422	60.38720448
7.05619055	49.7415392
6.322853	41.35300707
5.66540066	34.66577712
5.04593665	29.47770554
4.51664234	25.19922771
4.06692782	21.62821318
3.78769439	18.66359894
3.41439549	16.0864055
3.1392956	13.96401117
2.86562233	12.14481475
2.64405727	10.4940641
2.4757344	9.23073424
2.26801487	7.933715232
2.14243573	6.821982112
1.94208707	5.743942592
1.83860225	4.514301888
1.6634755	3.099370848
1.45343314	1.448620192
1.01244295	-2.61088704
-0.4100618	-13.59344384
-2.4232421	-29.393496
-4.3248534	-46.254752
-6.4347878	-66.09728
-7.0484173	-69.1125792
-7.1234063	-68.826128
-7.153219	-68.708256
-7.1846778	-68.590384
-7.2049797	-68.4049024
-7.1963834	-68.2705728
-7.2084548	-68.2029632
-7.2139418	-68.034384
-7.2115641	-68.0174816
-7.209918	-67.9334144
-7.2009559	-67.8662496
-7.2027849	-67.7648352
-7.2218065	-67.7483776
-7.2293054	-67.6638656
-7.2324147	-67.6136032
-7.2240013	-67.5290912
-7.2042481	-67.4619264
-7.2223552	-65.069792
-7.2362556	-65.069792
-7.217234	-65.0528896
-7.2379017	-65.0528896
-7.2143076	-65.1204992
-7.2298541	-65.1035968
-6.633783	-55.5359488
-5.3030026	-41.48774144
-4.5423215	-32.71183744
-3.9403976	-27.10264256
-3.5071075	-23.26210592
-3.1744124	-20.56701824
-2.8504965	-18.0909056
-2.0545157	-11.4373648
-0.5044382	1.044354816
1.14504545	12.36378979
2.70461546	25.40135818
3.85891565	33.57089302
4.31075181	37.0408401
5.37758922	45.90100256
6.21325932	51.72917248
7.19268882	60.70723808
7.65246284	65.20469984
8.17579461	69.44947072
8.1941029	68.9778048
8.1845921	68.69148704
8.16589972	68.50618336
8.18098897	68.42198272
8.18283626	68.23667904
8.15488914	68.2029632
8.16498522	68.03456192
8.18064146	67.9503168
8.16974062	67.86611616
8.16132722	67.78187104
8.17286821	67.71448384
8.16952114	67.68081248
7.97599465	62.74540064
6.91667443	50.78588512
6.16932674	41.74042787
5.3251335	34.48049123
4.64856811	28.82077152
4.08163298	23.90220426
3.49818198	19.25315021
2.99026868	15.2441856
2.19986633	9.44970928
1.4562498	3.621548256
0.76298564	-1.65074176
0.50110942	-3.52045856
0.19325214	-5.356504
-0.6884356	-11.06675744
-1.9155117	-19.6405888
-3.1947143	-30.25253824
-5.3966474	-49.808704
-7.551941	-71.4709088
-8.660315	-83.1273376
-8.7652996	-83.1273376
-8.7616416	-82.9249536
-8.7821264	-82.7563744
-8.7927346	-82.5713376
-8.8059034	-82.4534656
-8.8113904	-82.352496
-8.821267	-82.2510816
-8.8470559	-82.150112
-8.8329726	-82.0994048
-8.8327897	-81.9481728
-8.8287659	-81.914368
-8.8443124	-81.8636608
-8.8252908	-81.7795936
-8.8349845	-81.7288864
-8.8360819	-81.678624
-8.8326068	-81.678624
-8.8284001	-81.560752
-7.550112	-61.5661024
-6.0468569	-45.58088
-5.1078483	-35.4574544
-4.3970989	-28.77024224
-3.9010741	-24.3570256
-3.4716249	-21.00496832
-2.9929756	-17.58556832
-2.6591831	-15.19365632
-2.1159701	-10.86464032
-1.5372745	-6.35032064
-0.8148195	-1.28017888
-0.7747644	-1.36437952
-0.7464149	-1.31385024
-0.7487926	-1.33070816
-0.762693	-1.31385024
-0.6886185	-1.14540448
-0.6754497	-1.1622624
-0.6646586	-1.12859104
-0.6875211	-1.14540448
-0.687704	-1.14540448
-0.6856921	-1.1622624
-0.6805709	-1.17912032
-0.3961614	0.94328736
0.53836615	7.445226976
1.36618984	13.76187626
2.69162956	25.23291242
4.44179966	38.87688109
6.01603825	51.05538944
7.27477434	62.24006336
8.73034741	76.11986944
10.11087661	87.48984704
10.20095486	86.79920608
10.32194321	87.57404768
10.89134749	92.20623936
10.90656477	91.54931424
10.90182766	91.21242272
10.90658306	90.97663424
10.91485014	90.7576592
10.87168574	86.76553472
10.87351474	86.76553472
10.85425537	86.73181888
10.86577807	86.7486768
10.83905638	86.76553472
10.83984285	86.39492736
9.66538708	70.71279168
8.57775394	58.56797248
7.69976078	49.06775616
6.94555434	41.68989859
6.26163637	35.65959821
5.64789713	30.69050166
5.08507725	26.41202384
4.62484598	22.75678643
4.24562112	19.55635258
3.92530835	16.89493626
3.56585498	14.57040701
3.25805257	12.41432352
3.0359571	10.62881626
2.7019817	8.624333952
2.33459047	5.912383904
1.6601833	1.111728672
0.77015532	-6.11453216
-1.2353066	-19.16892288
-3.3344499	-34.34572128
-5.5599771	-51.5269664
-7.7405109	-71.4709088
-9.3710644	-90.100912
-9.7591782	-91.71776
-9.8063664	-91.4651136
-9.8354475	-91.279632
-9.843678	-91.1448576
-9.8288631	-90.9767232
-9.8370936	-90.808144
-9.836362	-90.690272
-9.8259367	-90.6231072
-9.8295947	-90.5385952
-9.8376423	-90.3869184
-9.8325211	-90.3535584
-9.830875	-90.2356864
-9.8239248	-90.1680768
-9.8228274	-90.1173696
-9.8449583	-90.0502048
-9.8303263	-90.0164
-9.8208155	-89.9323328
-9.8281315	-89.9492352
-9.8328869	-89.8647232
-9.8369107	-89.8647232
-9.8160601	-88.0121312
-9.8160601	-87.9783264
-9.8268512	-87.961424
-9.7970385	-87.9783264
-9.8378252	-87.9445216
-9.7597269	-85.9905152
-7.936031	-61.280096
-6.5189218	-46.1199776
-5.397379	-36.26601184
-4.7233925	-29.74720096
-4.1501839	-24.98023488
-3.6702543	-20.93758112
-2.5593197	-13.02071936
-0.8453638	-0.909616
1.01140042	11.35312858
2.64416701	23.95273798
4.37171238	36.06386358
6.01781238	48.09075296
7.504387	60.11765568
8.34484908	66.73752512
8.91533247	72.24566144
9.85093913	80.17933664
10.04382547	81.42584416
10.95726465	90.43758112
10.98634575	89.94910176
11.38980486	93.77278048
11.59459799	94.76659712
11.60015815	94.39603424
11.58823307	94.109672
11.59693911	93.97494208
11.5843373	93.87383904
11.59417732	93.68857984
11.59503695	93.5874768
11.60123726	93.4696048
11.59077538	93.41903104
11.60167622	93.30115904
11.60143845	93.23377184
11.59061077	93.18324256
11.58777582	93.09899744
11.16337466	86.12542304
9.71608696	70.25798368
8.56663362	57.96157664
7.61288328	48.52870304
6.83109552	41.11718746
6.14011761	35.15426538
5.52365316	30.26939171
4.98678679	26.14251062
4.49963264	22.58834512
4.12724824	19.67426016
3.8312063	17.14760045
3.50511389	14.99151696
3.226356	13.10494669
2.97247251	10.79726202
2.71997906	9.971886688
2.53960308	8.50642192
2.27829385	6.889360416
1.90003836	4.345856128
1.16071998	-1.44862464
-0.4268886	-12.3974656
-2.5969971	-26.98472608
-4.9295208	-42.78477824
-7.1451714	-61.9370656
-9.0429418	-82.7901792
-10.9079731	-102.0433472
-11.2865761	-103.9132864
-11.3246193	-103.7278048
-11.328826	-103.4751584
-11.3372394	-103.3065792
-11.3427264	-103.1549024
-11.3558952	-103.0370304
-11.378209	-102.9191584
-11.3538833	-102.784384
-11.378209	-102.7003168
-11.3685153	-102.5824448
-11.3696127	-102.4983776
-11.3516885	-102.430768
-11.3679666	-102.3636032
-11.3780261	-102.312896
-11.3657718	-102.2457312
-11.3676008	-102.1612192
-11.3719904	-102.1443168
-11.268469	-99.8704992
-11.158729	-97.9502976
-11.1069683	-97.4281024
-10.7887223	-93.1664736
-10.4629774	-89.2584608
-10.1076027	-85.5697344
-9.5493919	-78.393776
-8.5593542	-67.327152
-7.8725647	-58.230992
-7.166022	-50.5163808
-6.4726481	-44.16601568
-5.7269648	-37.8493664
-4.9187297	-30.70734624
-4.3596044	-25.85613504
-3.9069269	-22.47045088
-3.5563076	-20.09535232
-3.3145138	-18.19196416
-3.0140091	-16.59175168
-2.7383788	-14.67146112
-2.0073275	-9.46654496
-1.315051	-4.76696608
0.3723844	6.350338432
2.0471997	18.49515318
3.73328164	30.9094767
5.37605286	42.98691315
7.0462225	54.82853888
8.5090567	67.46183744
10.01900594	80.83630624
11.6304281	95.64249728
12.37492255	101.2011629
12.38000717	100.6452963
13.27738773	109.1180246
13.31544922	108.2926538
13.31586989	107.8210323
14.25914006	117.8771152
14.39179743	117.456023
14.39322405	116.7148528
14.39324234	116.4116771
14.26369427	110.8866829
14.26980313	110.8530115
14.2747963	110.8193402
14.26356624	110.8024822
14.27390009	110.8530115
14.2832097	110.8193402
14.06954592	105.3617331
13.49359382	98.13546784
12.8659176	91.56617216
12.36158914	85.41796864
11.86009563	79.89301888
11.33969026	74.90707776
10.8798065	70.2748416
10.38882974	65.9458256
9.99941735	61.93688768
9.61384586	58.16373824
9.02454206	52.8409056
8.37063798	46.86114784
7.76313563	41.65620499
7.22882986	37.22613043
6.72369664	32.96449718
6.21708193	28.75339322
5.72632465	25.14869398
5.2768479	22.01563398
4.8750166	19.42159597
4.51530717	17.09706672
4.25518679	15.19365187
4.02797012	13.52605219
3.8081609	11.99321357
3.59789906	10.5951271
3.37549266	9.331797248
3.20420681	8.017933664
2.93821534	6.6535408
2.65700659	4.76696608
2.36420198	2.796172928
1.65577541	-2.40876992
0.20340309	-13.1723072
-2.0563447	-27.27108832
-4.2884563	-41.7909616
-6.5196534	-58.0628576
-8.5648412	-76.6421536
-8.960271	-80.3984896
-9.7538741	-89.6120768
-10.4790726	-96.4344192
-11.9345908	-111.1897696
-12.5730947	-117.8266304
-12.8289718	-118.6521792
-12.8436038	-118.2981184
-12.8415919	-113.9693248
-12.8328127	-113.9693248
-12.846896	-113.9693248
-12.8372023	-113.9524224
-12.8284231	-114.0195872
-12.8372023	-113.93552
-12.82129	-112.8070624
-12.6682027	-109.9772448
-12.4450647	-107.4165312
-12.2692978	-104.83936
-12.1381585	-102.3636032
-11.9956794	-100.0052736
-11.7862589	-97.6807488
-11.63244	-95.4909984
-11.1168449	-88.87104
-10.0993722	-78.6633248
-9.2763222	-69.6854816
-8.530456	-61.9370656
-7.9943761	-55.148528
-7.3785518	-49.2531488
-6.8832586	-44.1828736
-6.3309006	-39.76961248
-5.5202878	-33.2003168
-4.8305719	-27.79328352
-4.3080266	-24.00327616
-3.9444214	-21.24080128
-3.6442825	-19.15206496
-3.4158404	-17.46765184
-3.1762414	-15.85058144
-2.67034	-13.10496448
-1.3953441	-4.2616288
0.3416572	6.670385376
2.0545157	18.46146403
3.81681207	30.35361459
5.44334177	41.62251584
7.08212577	52.65560192
8.5692308	63.99186368
10.11910711	76.18721216
11.71801891	89.4606224
13.32900211	104.8395824
13.6331831	106.7092992
13.65046715	106.3386918
14.16659266	112.3353075
14.17451223	111.8468282
14.35013281	113.93552
14.67931623	116.8832986
14.67737749	116.5295936
14.66044095	116.3106186
14.68001125	116.1421728
14.67428648	116.0410698
14.67927965	115.8558106
14.65800838	115.7378941
14.65970935	115.6368355
14.67492663	115.5357325
14.65091186	115.5020611
14.65314324	115.4178605
14.65884972	115.3504733
14.57228315	111.8468282
14.07111886	105.8670704
13.6456203	100.5105664
13.18783989	95.45723808
12.77499801	90.63974272
12.38660986	86.15913888
11.98298614	82.04909792
11.58880006	78.14117408
11.22636542	74.57018624
10.41791084	67.108088
9.29528893	56.96776
8.3684066	48.46136032
7.60880461	41.45407453
6.9178267	35.74382109
6.27897529	30.8420984
5.58900333	26.20988893
4.99150561	22.03247856
4.35382476	17.51817667
3.23222709	9.466553856
2.16447518	3.116215424
0.88933296	-6.24926208
-1.2285393	-18.81521792
-3.4291921	-32.86342528
-5.7381217	-48.073984
-7.9398719	-65.8277312
-9.8255709	-85.4011552
-11.6757873	-104.014256
-11.8857565	-105.5470368
-11.9592823	-106.743104
-12.9760234	-117.809728
-13.027967	-117.8266304
-13.027967	-117.6580512
-13.0618035	-117.5401792
-13.0537559	-117.3716
-13.0592429	-117.253728
-13.0676563	-117.1865632
-13.0678392	-117.0855936
-13.0639983	-117.017984
-13.0703998	-116.9508192
-13.0738749	-116.8329472
-13.0508295	-116.7991424
-13.0636325	-116.7484352
-13.0802764	-116.7150752
-13.0702169	-116.6812704
-13.0592429	-116.5803008
-13.0555849	-116.546496
-13.0539388	-116.5126912
-13.0616206	-116.1421728
-12.9763892	-114.52488
-12.8792693	-112.9587392
-12.7878193	-111.5100256
-12.539624	-107.6696224
-11.674507	-96.6870656
-11.1468405	-89.8816256
-10.4317015	-82.7563744
-9.8001478	-76.1871232
-9.3010137	-70.2241344
-8.7720669	-64.6992736
-8.2998191	-59.7637728
-7.9369455	-55.2833024
-7.5157268	-51.1057408
-6.7733357	-44.31760352
-5.6613037	-35.37325376
-4.8622136	-29.1913344
-4.3226586	-24.76125984
-3.8930265	-21.74613856
-3.5436875	-19.35422656
-3.2814089	-17.46765184
-2.836779	-15.19365632
-1.8924663	-8.9106784
-0.455421	0.202134912
-0.1708286	1.398086464
-0.1249207	1.263329856
-0.1057162	1.24648528
0.00791957	0.960131936
-0.0106082	1.010665664
-0.0131688	1.02751024
0.000638321	1.010665664
0.00996805	0.960131936
0.43047344	4.531142016
2.13563185	16.97915914
3.91153598	29.56192397
5.63425279	41.35300707
7.26489774	52.60507264
8.70095538	63.95819232
9.08824613	65.54154688
9.45530814	68.6577712
11.02702271	81.94799488
11.60769363	86.14228096
11.59547591	85.73800224
11.60862642	85.48535584
11.60853497	85.28319424
11.89078625	88.33203136
12.95769682	98.80925088
13.92437819	109.5054454
14.51031663	114.2555981
14.50272628	113.9018486
15.7840871	126.703593
16.4816677	131.3526426
16.48854474	130.6788595
17.05948538	135.4121542
17.0782875	134.7215133
17.07044109	134.3846218
17.06674651	134.0814461
17.06910592	133.8456131
17.00446906	129.4829258
16.99005654	129.4323965
16.99148316	129.4155386
16.98460612	129.4155386
16.98398426	129.3481514
16.99234279	129.4155386
17.01271785	128.8765299
16.7293143	124.2274803
16.42220691	120.0500522
15.93971671	114.8788074
15.41825052	109.4717741
14.91077618	104.2668579
14.33453144	98.23657088
13.64071858	90.79133056
12.98291873	83.49772256
11.95787397	73.29000736
11.13956108	66.11427136
10.47009221	60.269288
9.88470247	54.94645536
9.17163024	48.94983968
8.33286913	42.02678566
7.65165808	36.45128438
7.0787787	31.95383152
6.53664481	27.99539619
6.04418656	24.52544912
5.62243745	21.5439903
5.21414978	19.03417517
4.84770963	16.81071338
4.50771682	14.8904495
4.24139613	13.2060097
4.01642913	11.74054938
3.85203861	10.40984122
3.63168069	9.163355936
3.44170246	7.849492352
3.15551883	6.384027584
2.7592294	4.12687664
2.07926207	-0.79169952
1.42855874	-5.4238912
0.9616882	-8.60750272
-0.8764568	-20.11221024
-3.0262634	-33.99201632
-5.3410458	-48.5623744
-7.5989463	-64.9688224
-9.4934245	-83.379984
-11.489778	-102.7003168
-12.3865367	-112.7225504
-12.6826518	-115.316624
-14.1057967	-129.2975776
-14.2925376	-129.2806752
-14.85148	-135.0248224
-14.9403694	-134.8562432
-14.9780468	-134.5528896
-15.0122491	-134.3171456
-14.9994461	-134.098304
-14.9798758	-133.8963648
-14.9840825	-133.744688
-14.984997	-133.6432736
-15.0071279	-133.4413344
-14.9764007	-133.3741696
-15.0107859	-133.2558528
-14.9829851	-133.1379808
-15.0018238	-133.1046208
-14.9899353	-132.9867488
-14.9882892	-132.9191392
-15.0010922	-132.8519744
-14.9893866	-132.75056
-15.0065792	-132.7341024
-14.9769494	-131.0327424
-14.9727427	-131.01584
-14.9939591	-130.9651328
-14.9639635	-130.9651328
-15.0029212	-130.9820352
-14.9857286	-130.931328
-14.9965197	-130.3250656
-14.6769934	-126.2658208
-14.4068501	-122.4080704
-14.1123811	-118.837216
-13.7268279	-115.316624
-13.4528437	-111.9477088
-13.1457546	-108.6971104
-12.8311666	-105.5639392
-12.5822397	-102.4814752
-12.3545292	-99.5337856
-12.0584141	-96.619456
-11.8424092	-93.8234432
-11.5962258	-91.0269856
-11.4050953	-88.3657472
-10.9108995	-82.4027584
-9.7096123	-71.437104
-8.8040744	-62.1390048
-8.1117979	-54.356784
-7.420253	-47.720368
-6.7685803	-42.1109952
-5.7673857	-34.41310848
-4.9875001	-28.6186544
-4.4194127	-24.55914272
-4.0067903	-21.66189344
-3.6440996	-19.52267232
-3.3867593	-17.80454336
-3.1663648	-16.38959008
-2.8852475	-14.94096544
-2.4653091	-12.49856864
-1.2885305	-4.6490496
0.46535247	6.01345136
2.17634539	17.48448752
3.88227198	28.85446067
5.55492906	39.68541184
7.24977191	50.5163808
8.69583418	61.2293888
10.28197956	72.64989568
11.89314566	85.23266496
13.54244641	99.83678336
15.21203077	115.8389526
16.75190245	130.0556502
16.79212216	129.7187587
17.45202536	136.7260045
17.5946142	137.6524784
17.61103862	137.281871
17.60599058	136.9618374
17.57818978	136.7260045
17.58890772	136.5238874
17.59816246	136.3554416
17.58486563	136.2206672
17.59840023	136.1196086
17.60075964	136.0690794
17.60917304	135.9511629
17.60652099	135.816433
17.59677242	133.4750502
17.31100946	129.1965635
16.97178483	125.221297
16.64527175	121.4481475
16.31910618	117.8434438
15.97492496	114.4239994
15.67081713	111.0888445
15.38185342	107.8547037
15.07909905	104.7384794
14.79158025	101.7570294
14.50373223	98.91030944
14.16558671	96.1141632
13.9437473	93.18324256
13.54550084	88.65210944
13.01302407	83.46400672
12.50988446	78.56231072
11.82733824	72.06035776
10.61359555	61.51575104
9.52685862	52.08287744
8.57658338	44.38499962
7.82085887	38.25364067
7.11819365	32.99818189
6.49637023	28.4501953
5.8884655	24.23909578
5.16414492	19.9269288
4.31852506	14.23351994
2.7222836	3.655237408
0.9263885	-8.203224
-1.1928738	-20.6680768
-2.2833236	-27.23741696
-4.5123259	-40.72975776
-6.7415111	-56.2600832
-8.8408373	-73.7785312
-10.8128651	-92.5766688
-12.6769819	-112.1838976
-14.6453517	-130.931328
-15.2584325	-136.0523104
-15.2994021	-135.7489568
-15.3191553	-135.5803776
-15.317875	-135.446048
-15.3195211	-135.3112736
-15.317875	-135.1764992
-15.3153144	-135.0248224
-15.3266542	-134.9403104
-15.2984876	-134.8562432
-15.341652	-134.7552736
-15.3176921	-134.6374016
-15.3242765	-134.569792
-15.303243	-134.5026272
-15.3061694	-134.45192
-15.3114735	-134.3847552
-15.3048891	-134.4016576
-15.3074497	-134.3002432
-15.3114735	-134.2499808
-15.3200698	-134.1823712
-15.3021456	-134.1992736
-15.2964757	-134.1152064
-15.317875	-134.0814016
-15.3090958	-134.0644992
-15.3129367	-134.0142368
-15.2983047	-133.9635296
-15.297756	-133.9635296
-15.3048891	-133.4582368
-15.0440737	-129.3482848
-14.7790516	-125.558144
-14.4717796	-121.9365824
-14.1785909	-118.4159904
-13.7694436	-115.0639776
-13.5303933	-111.8636416
-12.96761	-106.1199392
-12.3797694	-99.1294624
-11.8345445	-92.5264064
-11.2803575	-86.4455456
-10.7704323	-80.7013984
-10.1696058	-75.3451168
-8.8556522	-62.6442976
-7.7394135	-50.7859296
-6.4880117	-40.20760704
-5.4579189	-32.6781216
-4.7049196	-27.3890048
-4.1585973	-23.66638464
-3.7845668	-20.92076768
-3.4685156	-18.9836192
-3.2069686	-17.46765184
-2.9838306	-16.18747296
-2.7842867	-15.04206848
-2.5613316	-14.04825184
-2.3643483	-12.56591136
-1.7518162	-8.658032
-0.2957493	0.404265376
1.47905743	11.62263734
3.13247343	22.89154304
4.86140884	34.00884755
6.63753245	44.890328
8.15975428	55.72129696
9.7220495	66.82172576
11.31496218	78.91601568
12.94628386	92.66104736
14.59501762	108.0905366
16.3523574	124.6654304
17.84805873	138.9326128
18.48458731	145.5861536
20.25811374	159.3985725
20.68566078	160.762952
20.67613169	159.9881549
20.68725201	159.4659597
20.66691353	159.1290682
20.69012354	158.8763773
20.67726567	158.6237309
20.68641067	158.4047558
20.67073614	158.253168
20.61879254	155.0695565
20.6254501	155.0358851
20.6298397	155.0190272
20.64150872	155.0021693
20.62171894	154.9853558
20.61650629	154.9684979
20.62859598	154.9348266
20.44661048	150.1510026
19.92382741	144.575479
19.44783016	139.3874208
18.95346975	134.4857248
18.48363623	129.7187587
18.07368417	125.1370518
17.6920999	120.6901194
17.29132942	116.3948192
16.96357262	112.217391
16.57300796	108.2757958
16.2170114	104.4521171
15.74106902	99.81992544
15.25645718	95.38985088
14.80292005	91.27980992
14.39829038	87.32140128
13.92077506	83.514536
13.46228134	78.94973152
12.96808554	74.5364704
12.22225592	67.54603808
11.44868037	61.07780096
10.6910537	54.60956384
9.69823592	46.74323136
8.79736197	40.32549683
8.09639772	35.12058067
7.49975963	30.7747201
6.96424672	27.0015751
6.46333849	23.66638464
5.99906513	20.7691487
5.55812981	18.15826611
5.13689282	15.73267386
4.78343857	13.71134253
4.41573641	11.77423853
4.12161492	9.550776736
3.57435983	6.080829664
2.30090029	-1.88657472
0.66143956	-13.52605664
-1.6380524	-26.49624672
-3.9032689	-40.1738912
-6.1187366	-54.8287168
-8.3724304	-71.1844576
-10.3128165	-89.2077536
-12.1641303	-107.68608
-13.198064	-117.6749536
-15.140462	-135.9513408
-16.7086466	-151.7510816
-17.2736247	-155.4402528
-17.3231906	-154.9180576
-17.3489795	-154.5475392
-17.3539178	-154.2779904
-17.3378226	-154.058704
-17.3519059	-153.8060576
-17.3231906	-150.858368
-17.3412977	-150.8414656
-17.3330672	-150.8245632
-17.3380055	-150.8414656
-17.353552	-150.8414656
-17.3209958	-150.7912032
-17.342578	-150.7912032
-17.337091	-150.7235936
-16.3556496	-136.8774144
-15.5715573	-126.8044736
-14.9350653	-119.5279904
-14.3051577	-112.6891904
-13.6002611	-106.069232
-13.0233945	-99.8366944
-12.4351881	-94.00848
-11.8906948	-88.5005216
-11.4409437	-83.2616672
-11.0003376	-78.2928064
-10.5527813	-73.7447264
-10.0443193	-69.4159328
-9.582131	-65.3731456
-9.1161018	-61.3472608
-8.0978975	-51.038576
-7.2022362	-43.05428256
-6.3190121	-36.45127104
-5.3944526	-30.0335632
-4.7566803	-25.50243008
-4.272544	-22.31881856
-3.9308868	-19.9606224
-3.6179449	-18.17510624
-3.3971846	-16.7938688
-3.2232467	-15.64846432
-2.9728566	-14.68831904
-2.8298288	-13.71136032
-2.5999235	-12.58276928
-2.1924223	-10.25824448
-1.0792929	-3.31834144
0.59299838	7.024117024
2.25018212	18.04035408
4.0470283	28.87130525
5.73091544	39.09585613
7.44697469	49.40464768
8.9266174	59.62917632
10.56070087	70.35908672
12.18198134	81.98171072
13.79720782	95.50776736
15.52544821	110.6171786
17.29248169	126.4509466
18.90889702	142.6215616
20.37961421	155.187473
20.40545798	154.6484643
21.04121838	160.5776928
21.05775254	159.9375811
21.0658733	159.5670182
21.06523315	159.3311853
21.03520097	159.1459261
21.05513707	159.0280096
21.06285545	158.825848
21.05354584	158.707976
21.06483077	158.5395302
21.05524681	158.4552851
21.05831953	158.3542266
21.04193169	158.2868394
21.05555774	158.1689229
21.05555774	158.1183936
21.05663685	157.0235184
20.68106999	151.7175437
20.26272282	147.0011069
19.79587057	142.4699738
19.39356373	138.1240998
18.97000391	133.8961424
18.55450998	129.2807642
17.98424607	123.3683936
17.38534002	116.0073984
16.7413857	109.1180246
16.10719824	102.6161162
15.45914696	96.60264256
14.82088083	91.0776928
14.22987606	85.87277664
13.71995086	81.00470752
13.21465303	76.38937376
12.71670778	72.32986208
12.26882226	68.2029632
11.45488068	61.48207968
10.38045292	52.7061312
9.41684427	45.12616096
8.50291126	38.84318749
7.83536284	33.84040179
7.19303633	29.54507939
6.60309238	25.72140067
6.04071146	22.15039059
5.46252798	18.89941856
4.86673123	15.34524861
4.03588969	10.12348342
2.36637849	-0.11791648
0.61421478	-11.87531488
-1.6073252	-24.57600064
-3.9665523	-37.95042496
-6.1882386	-52.3694176
-8.4198015	-68.5232192
-10.4007914	-86.2938688
-12.4498201	-105.2103232
-14.4840339	-124.3958816
-16.2166456	-142.4698848
-17.774222	-157.5290336
-18.0293675	-158.0005216
-18.0544248	-157.6802656
-18.0531445	-157.4276192
-18.0794821	-157.1918752
-18.0626553	-157.0401984
-18.0780189	-156.8889664
-18.0732635	-156.7706496
-18.076007	-156.6865824
-18.0743609	-156.5856128
-18.0599118	-156.433936
-18.0533274	-156.3329664
-18.0783847	-156.2653568
-18.065033	-156.1812896
-18.0599118	-156.1141248
-18.0880784	-156.0634176
-18.1010643	-156.0634176
-18.0582657	-155.995808
-18.0847862	-155.8948384
-18.0875297	-155.8107712
-18.0767386	-155.7938688
-17.8830475	-152.1216
-16.770101	-139.4883904
-15.8058522	-128.1860224
-14.9548185	-117.8937952
-14.0719602	-108.3261472
-13.1183196	-99.4492736
-12.2793573	-91.364144
-11.5971403	-83.8176672
-10.974	-76.9450624
-10.289954	-70.6284576
-9.6214545	-64.95192
-9.0061789	-59.2415776
-7.9985828	-49.5396
-6.9979369	-41.25195296
-5.911328	-33.30137536
-5.1585116	-27.7764256
-4.4954991	-23.9696048
-4.0887295	-21.13974272
-3.7362812	-19.0510064
-3.4719907	-17.40026464
-3.2323917	-16.05269856
-2.995902	-14.8567648
-2.7906882	-13.57658592
-2.3809922	-11.47103616
-1.3624221	-5.23858752
0.28055031	4.665898624
2.00072481	15.6316064
3.72651434	26.51308685
5.42210708	36.70395302
7.22956146	46.92849056
8.71553251	57.20359296
10.36133987	67.73134176
11.98055357	79.01707424
13.60505308	92.13889664
15.3381769	106.9114163
17.1152333	122.6946106
18.70624382	138.9157994
20.50616272	155.170615
22.18019155	170.6337757
23.62345545	183.1828736
24.45727826	184.8504733
24.50501516	183.3850352
24.51533072	182.7112077
24.43183687	173.5478829
24.42139328	173.5478829
24.42419165	173.5478829
24.43064802	173.5478829
24.42883731	173.5815542
24.42773991	173.5478829
24.42150302	172.5372083
24.29874054	170.4316586
24.12632071	168.4608832
23.96019264	166.574264
23.79622279	164.755121
23.62021812	163.0706634
23.2720131	159.4322883
22.90549979	155.5075066
22.54888137	151.7006858
22.20866908	147.9780656
21.89064256	144.3059747
21.61428066	140.7686582
21.2467614	137.298729
20.8955934	133.1213008
20.34544849	127.731081
19.7996566	122.5261648
19.23345307	117.5570816
18.66820062	112.1500483
18.02669716	105.7828253
17.40798304	99.63462176
16.81535046	93.75596704
16.13093866	87.33821472
15.44692924	81.49323136
14.73850267	76.03562432
14.13160389	71.08339904
13.59248785	66.48487872
12.69203457	58.80380544
11.60789482	50.56691008
10.68534722	43.64384717
9.87702067	37.98412746
9.15754694	33.48667014
8.49877772	29.59561312
7.9760861	26.29411181
7.52918824	23.39687142
7.13737986	20.90390086
6.77231146	18.57937606
6.42553306	16.60857846
6.09066145	14.82307565
5.81671383	13.22285427
5.56592135	11.84161238
3.07140312	1.229640704
3.07017769	1.229640704
3.08980286	1.24648528
3.0644895	1.212796128
3.0747319	1.229640704
3.07705473	1.195951552
3.07202498	1.24648528
3.07628655	1.195951552
3.06642824	1.010665664
2.96625391	0.421109952
2.84585084	-0.3200336
2.65415335	-1.60021248
2.34940537	-4.11004096
1.80745438	-8.28742464
0.72347924	-16.0864144
-1.4944759	-28.78710016
-3.857361	-42.16152448
-6.1571456	-56.2098208
-8.4635146	-71.554976
-10.3790263	-88.432912
-12.3106332	-105.9851648
-14.3421035	-123.5369728
-16.0838602	-140.4825184
-17.6063198	-155.877936
-19.2472986	-169.1516576
-20.5511927	-180.4202208
-21.0249037	-183.553392
-21.0724577	-182.87952
-21.0742867	-182.4587392
-21.084712	-182.1215808
-21.0741038	-181.852032
-21.066422	-181.5993856
-21.0819685	-181.4477088
-21.1097693	-181.2795744
-21.0799566	-181.1278976
-21.0812369	-181.026928
-21.071909	-180.8583488
-21.0768473	-180.7907392
-21.0931254	-180.6564096
-21.0816027	-180.5888
-21.0711774	-180.4878304
-21.0869068	-180.4037632
-21.0717261	-175.7378112
-21.0616666	-175.7040064
-21.0691655	-175.6702016
-21.0505097	-175.6532992
-21.0874555	-175.6702016
-21.0547164	-175.6702016
-20.9996635	-173.6828352
-19.9278695	-159.0787168
-19.0729949	-148.3150016
-18.0963089	-138.208256
-17.0728005	-128.7415776
-16.2398739	-119.982576
-15.4742545	-111.6617024
-14.7446664	-103.8456768
-14.0238575	-96.501584
-13.1466691	-89.7134912
-12.4284208	-83.3123744
-11.842775	-77.366288
-11.2728586	-71.875232
-10.7525081	-66.8552192
-10.1807627	-62.1559072
-9.5920076	-57.8266688
-9.0850088	-53.8514912
-8.7391449	-50.1627648
-8.2875648	-46.8276544
-7.9082302	-43.74492352
-7.5693165	-40.8813456
-6.7773595	-35.01950432
-5.8981592	-29.41030944
-5.2759334	-25.48557216
-4.8036856	-22.50412224
-4.3714929	-20.280656
-4.0825109	-18.52885568
-3.8454725	-17.09708896
-3.6503182	-15.85058144
-3.4398003	-14.73884832
-3.2587293	-13.59344384
-2.9487138	-11.90898624
-2.0572592	-7.293608
-0.5567476	1.583372352
1.28134253	12.27956691
2.94575082	23.07682893
4.76836761	32.94764816
6.56204962	42.46474019
8.18382392	51.84708896
9.69267576	61.27991808
10.72273198	66.88911296
12.34858495	77.26527392
13.97443792	88.8205552
15.69014966	102.1781661
17.48052118	116.6811814
19.12497508	131.8243085
20.94934771	147.2706112
22.63886817	162.5316547
23.82246894	172.5708797
23.83135788	172.031871
24.52674368	178.6180246
24.57638274	178.079016
24.75811218	179.8813456
24.64405574	182.5259485
24.6309601	181.9700819
24.64127566	181.6668618
24.64537262	181.3636861
24.6346181	181.2120982
24.65517606	181.0267946
24.63293542	180.8078195
24.64076354	180.6730451
24.65203018	180.5214573
24.64169633	180.3698694
24.6580293	180.2182816
24.62962493	180.1003206
24.64187923	179.9824486
24.65934618	179.9150614
24.67390502	177.9442416
24.36738291	173.396295
24.01853774	169.1009504
23.61891953	165.1256838
23.25321098	161.3356765
22.84024107	157.579385
22.52087938	153.9746813
22.23347032	150.4710362
21.91701674	146.9337197
21.46141284	141.8972493
20.88310133	136.0859373
20.24048218	129.7187587
19.62103646	123.722143
18.86904311	117.018073
18.02958698	109.1685539
17.16417734	100.5779091
16.27166192	92.40840096
15.41309274	85.11474848
14.59141449	78.49492352
13.78376467	72.11088704
12.88428076	64.61511744
12.02556526	57.92790528
11.16776426	51.69545664
10.24475941	44.99138656
9.41613096	39.56749981
8.62678943	35.2047991
8.02334746	31.34743123
7.47515958	27.86063958
6.96230798	24.91286992
6.5022779	22.15039059
6.07222513	19.69110474
5.65257937	17.33289078
5.2355125	15.07573984
4.74151789	12.51539098
4.23161098	9.651844192
3.88324135	7.563139008
3.20210346	3.26781216
1.60765442	-6.38403648
-0.265205	-17.66976896
-2.4969508	-29.74720096
-4.735281	-42.38049952
-7.1914451	-56.4286624
-9.1649361	-72.0771712
-11.3913778	-89.1743936
-13.3403602	-106.9112384
-15.4524894	-124.7833024
-17.1655308	-141.8636224
-19.0009323	-157.7647776
-20.4392579	-172.133152
-20.7937181	-174.7943904
-20.8266401	-174.4910368
-21.4658756	-182.0206112
-21.5041017	-181.73416
-21.549278	-181.4312512
-21.5512899	-181.2288672
-21.5531189	-181.0438304
-21.5490951	-180.8921536
-21.5337315	-180.7573792
-21.5448884	-180.6395072
-21.5496438	-180.5718976
-21.5436081	-180.4371232
-21.5549479	-180.4037632
-21.5549479	-180.3023488
-21.5386698	-180.1844768
-21.5523873	-180.117312
-21.5714089	-180.0666048
-21.5551308	-179.99944
-21.5249523	-179.1738912
-21.4111885	-176.4112384
-21.221887	-173.6992928
-21.011552	-171.0887616
-20.8398089	-168.528048
-20.4368802	-163.2055712
-18.935637	-145.7880928
-18.9131403	-146.2262208
-18.9166154	-146.192416
-18.211353	-138.2923232
-17.3047177	-130.45984
-16.592688	-123.0481376
-15.3023285	-108.6295008
-13.8210214	-94.3456384
-12.3433723	-81.9481728
-11.2377418	-71.2516224
-10.1800311	-62.1728096
-9.1557911	-54.4577536
-8.4154119	-47.7875328
-7.7231354	-42.1783824
-6.9747086	-37.04085344
-5.9985713	-30.70734624
-5.2614843	-26.1593552
-4.7199174	-22.89154304
-4.2749217	-20.49963104
-3.9296065	-18.62991424
-3.6700714	-17.16443168
-3.4643089	-16.0190272
-3.2814089	-14.924152
-3.1016182	-14.03139392
-2.8901858	-13.10496448
-2.6952144	-12.0100448
-2.2822262	-9.8202944
-1.1947028	-3.92473728
0.3632394	5.373366368
2.12008535	15.86742602
3.82698131	26.12566605
5.57157296	35.74382109
7.43267191	45.17669024
8.90424873	54.69376448
10.59104398	64.36247104
12.2559461	74.57018624
13.86012542	85.80538944
15.58386647	98.87663808
17.35036954	113.1606784
19.00073111	128.2701341
20.82762776	143.4806038
22.51321587	158.6911181
24.18457436	173.8173872
25.54355794	187.8319232
27.24249775	196.9110474
27.44813222	195.2266342
28.08321589	200.1283302
28.16193605	198.1575549
29.10220666	201.6612
29.1387135	200.1451882
29.14262756	199.4208758
29.13287899	199.050313
29.13565907	198.7302349
29.1491388	198.3933434
29.15746075	198.1912262
29.1431031	198.005967
29.13937194	197.8375213
29.15179085	197.6353597
29.15396736	197.5006298
29.16296604	197.3658554
29.14818772	197.231081
29.1654169	197.1300224
29.14815114	197.0626797
29.05426857	191.5882592
29.02932101	191.6219306
29.04587346	191.5714013
29.04534305	191.5376854
29.05428686	191.5714013
28.79992783	185.9284906
28.08133202	177.3041744
27.32864365	169.3367834
26.56333518	161.7567686
25.85481716	154.5810771
25.13816009	147.7085613
24.46554534	141.156079
23.79708242	134.8057584
23.09712412	128.7922848
22.5334629	122.9473014
21.96424152	117.3886358
21.39156333	112.0321318
20.854258	106.8945584
20.29833345	101.9928624
19.70672511	97.31009696
19.19027038	92.79582176
18.6561658	88.50047712
18.19264233	84.30623552
17.74821362	80.51622816
17.25701738	76.38937376
16.5839088	71.10021248
16.00162836	66.35010432
15.40815444	62.0042304
14.81564989	57.89418944
14.07446593	52.43662688
13.38524386	47.4170144
12.66452641	42.43105104
11.84897531	37.27665971
11.17625082	33.2003168
10.53719822	29.56192397
9.99888694	26.44570854
9.46694058	23.63269549
8.99152861	21.17341408
8.58927664	19.01733059
8.27854783	17.08022214
7.95951536	15.2441856
7.69793178	13.57659037
7.41791188	12.02690272
7.16252861	10.4940641
6.85609795	8.708556832
6.41446761	6.18189712
5.51783694	0.85906448
3.89084999	-8.99492352
1.87366418	-20.06168096
-0.084134	-31.53271712
-2.2472923	-43.00375328
-4.7252215	-55.2664
-7.0979832	-68.3208352
-9.2759564	-82.4027584
-11.5578168	-97.8657856
-13.618734	-114.3905504
-15.6942832	-131.1844192
-17.4210421	-147.3213184
-19.1962695	-162.3969248
-20.6353267	-175.9059456
-21.9395866	-187.6464416
-23.3459047	-195.1257536
-24.812214	-200.4989376
-25.1015618	-199.6231264
-25.1193031	-198.9154496
-25.1500303	-198.4439616
-25.1659426	-198.140608
-25.1478355	-197.8038944
-25.1582608	-197.5681504
-25.1824036	-197.3826688
-25.198133	-197.1638272
-25.1906341	-197.0121504
-25.1931947	-196.8604736
-25.1888051	-196.759504
-25.2034371	-196.6247296
-25.1986817	-196.5406624
-25.1931947	-196.3889856
-25.1933776	-196.3382784
-25.1983159	-196.2711136
-25.2114847	-193.0200704
-25.2038029	-192.9693632
-25.1754534	-192.9524608
-25.2169717	-192.9191008
-25.22191	-192.885296
-25.2275799	-192.9191008
-25.2118505	-191.301808
-25.0016984	-188.5898624
-24.7787433	-185.9455264
-24.2816211	-180.6226048
-22.7242276	-163.710864
-21.9635465	-155.6083872
-21.595003	-151.6332096
-21.2462127	-147.7087392
-20.8826075	-143.8847936
-20.5577771	-140.1284576
-20.1883191	-136.5237984
-19.8623913	-132.868432
-19.5293304	-129.31448
-18.8557097	-121.9872896
-16.2618219	-100.1738528
-14.4322732	-82.385856
-12.5873609	-68.1019936
-11.2039053	-56.7151136
-9.9609169	-47.8044352
-8.6067253	-38.79265376
-7.6977123	-32.24017152
-6.8858192	-27.456392
-6.2586551	-23.80115904
-5.7262332	-21.07235552
-5.3308034	-18.9836192
-5.0441991	-17.29920608
-4.7455234	-15.8842528
-4.4680641	-14.63778976
-4.226819	-13.25655232
-3.8286457	-11.25206112
-2.9106706	-6.03028704
-1.1354432	2.728794624
0.71182851	12.76805517
2.54929678	22.48727766
4.4309354	31.51587699
6.20621767	39.93807603
8.04492966	48.41083104
9.57015105	56.7825008
11.35721208	65.4910176
13.0413187	74.89021984
14.69685634	85.31691008
16.51378494	97.22589632
18.24248258	110.4824486
20.00508988	124.3453968
21.86948103	138.3599328
23.55302066	152.3912822
25.3424411	166.3216176
26.80421448	179.8813456
28.50006328	192.5988893
29.98268726	203.5814461
30.24297225	204.389959
30.25572038	203.3287997
30.2730593	202.7897466
30.25089182	202.3855123
30.26782836	202.0485763
30.2675723	201.8127878
30.28196653	201.5095677
30.2470875	201.3579798
30.2487336	201.2400634
30.25647027	201.0379462
30.26493854	200.8695005
30.25884797	200.751584
30.2617195	200.6673834
30.25454982	200.4989376
30.29008729	198.8818672
30.00269652	194.2159597
29.65257105	189.8700858
29.28196078	185.8442899
28.92464734	181.953224
28.57560098	178.1295453
28.19599203	174.440641
27.8774351	170.8190794
27.5352292	167.2817629
27.22867051	163.8960342
26.84904327	160.4766342
26.56999274	157.2088221
26.23345674	153.9578234
25.90557191	150.841599
25.55334309	147.7422326
25.24230335	144.6933955
24.92365497	141.7119456
24.59783691	138.781025
24.2600389	135.6816586
23.6628704	130.2409094
22.98820717	124.2611517
22.35625109	118.4329818
21.76886774	112.8743162
21.17065671	107.6357286
20.60672114	102.5150131
19.64408186	94.69920992
18.42799805	84.87896
17.36090458	76.38937376
16.41926222	69.045192
15.49916548	62.50956768
14.679554	56.76564288
13.81165692	50.88694368
12.82909983	44.31762131
11.94669878	39.07901155
11.21149565	34.68262614
10.50091086	31.01054416
9.86824147	27.69219827
9.24199187	24.74442416
8.72151334	22.15039059
8.35095794	19.77532762
7.93482386	17.58555498
7.57977838	15.58107267
7.23457292	13.5934305
6.83811888	11.57210362
6.32025582	8.876998144
5.2722754	3.43625792
3.57761545	-6.4008944
1.74283581	-16.99598592
-0.4530433	-28.01225856
-2.6476604	-39.24746176
-5.0859003	-51.3583872
-7.6139441	-64.0761088
-9.8577613	-77.6358368
-12.1911995	-92.3240224
-14.3474076	-108.2251776
-16.3574786	-124.5644608
-18.3691957	-140.6337504
-20.1292424	-155.8614784
-21.7082181	-169.7917248
-23.1827579	-182.3239648
-24.5965749	-193.3736864
-25.9675933	-202.3519744
-26.4822739	-203.1770784
-26.5536049	-202.5032064
-26.5470205	-202.099328
-26.5464718	-201.7283648
-26.5733581	-201.5602304
-26.5841492	-201.2568768
-26.57537	-201.0549376
-26.5834176	-200.9704256
-26.6086578	-200.751584
-26.5836005	-200.7008768
-26.6103039	-200.5830048
-26.5793938	-200.3641632
-26.5715291	-200.3641632
-26.5700659	-200.2462912
-26.6095723	-200.1453216
-26.5889046	-200.077712
-26.5834176	-200.0274496
-26.5612867	-198.1575104
-25.9745435	-190.5607712
-25.3029347	-183.43552
-24.6291311	-176.6976896
-24.0195254	-170.2632128
-23.3566958	-164.0137728
-22.7935467	-157.9836192
-22.2439322	-152.1554048
-21.7030969	-146.4957696
-21.1456177	-140.937104
-20.6563602	-135.715152
-19.409348	-122.037552
-17.9470625	-108.6125984
-16.5436708	-96.5856512
-15.4444418	-85.8054784
-14.2777227	-76.2880928
-13.1673368	-67.9503168
-12.2243044	-60.6400288
-11.3538833	-54.1886496
-10.4684644	-47.8044352
-9.25474	-40.54445408
-8.2167825	-33.2003168
-7.37087	-27.96172928
-6.7202947	-24.154864
-6.1298935	-21.27447264
-5.7269648	-19.1183936
-5.3811009	-17.36659328
-5.1590603	-15.95164
-4.9039148	-14.80623552
-4.6654132	-13.7618896
-4.4797697	-12.73435712
-4.1712174	-11.33626176
-3.7101265	-8.69170336
-2.4031231	-2.34138272
-0.6299076	6.552473344
1.30433306	16.18746851
3.05746614	25.3845136
4.95448665	33.94146925
6.84175859	42.26260083
8.51329998	50.5163808
10.21406879	58.78694752
11.95997732	67.44497952
13.63362206	76.7431232
15.34161542	87.25401408
17.17996161	99.34825952
18.87392654	112.5206112
20.76139967	126.114055
22.48931084	139.8422288
24.2018767	153.5704026
26.00210653	167.1469885
27.29455109	180.4877859
28.88993292	188.7067558
30.44891765	195.5782042
32.14844274	199.3502416
32.96657273	204.8583779
43.37746021	221.3522736
43.98587706	218.8256317
45.12547209	221.5039059
46.10148136	224.3169101
46.79598924	224.4853558
48.60326072	224.6369437
48.65198528	222.5987811
48.65070498	221.6554938
48.67228718	221.1164406
48.64816267	220.6953485
48.63241498	213.502799
48.62839118	213.4691277
48.62734865	213.502799
48.64540088	213.4354118
48.62133124	213.4017405
48.62498924	213.4354118
48.63409766	211.4814499
48.43791912	209.2579837
48.10136483	206.562896
47.58278846	202.0991501
47.04100208	197.9722512
46.42998805	193.222143
45.75322147	187.3434438
45.11415058	181.6331904
44.10776162	174.2384794
43.14129973	167.264905
42.11524902	159.3649011
40.99041402	150.9089862
39.93751359	142.9752666
38.92558276	135.361625
37.78723145	128.1185462
36.82314726	121.1954566
35.89518582	114.609303
34.92680348	107.3493664
33.78697068	99.83678336
32.70678157	92.76210592
31.68716894	86.19281024
30.67315305	80.12880736
28.99325313	70.39275808
27.3369656	60.40401792
25.80841543	52.13340672
24.41599773	45.29460672
23.2963388	39.65172269
22.32051243	35.1374208
21.59450917	31.36427581
20.73233686	27.97855162
19.98257489	25.03078195
19.42043174	22.35252106
18.79716341	20.02799181
18.41559743	17.77084531
17.87532912	15.64845098
17.41689027	13.49236749
16.84386457	10.9488632
15.97022443	6.720914656
13.97315762	-1.6844576
11.87507514	-11.45417824
9.38172747	-21.40924704
6.8293031	-31.38112928
4.32896865	-41.48774144
1.66984042	-51.9143872
-0.8279883	-62.425456
-3.4761974	-72.9867872
-6.2089063	-83.7838624
-8.6890303	-94.5982848
-11.2673716	-105.6987136
-13.6741527	-117.2368256
-15.8954732	-129.3313824
-18.1080145	-141.8129152
-20.036695	-154.3451552
-21.7310806	-166.3049376
-23.4251004	-177.1696224
-25.190817	-185.4735936
-26.8188099	-192.8683936
-28.3343193	-199.2357056
-29.8737886	-203.5306944
-31.2896175	-208.617872
-32.788483	-212.5427872
-34.0865243	-216.2991232
-35.39115	-219.7013984
-36.6538916	-222.8852768
-37.0163994	-221.5375328
-37.0769393	-220.47624
-37.1109587	-219.9371424
-37.103094	-219.4656544
-37.0961438	-219.1289408
-37.1138851	-218.859392
-37.1239446	-218.6067456
-37.1272368	-218.421264
-37.148819	-218.2531296
-37.137845	-218.067648
-37.1424175	-217.8821664
-37.1603417	-217.831904
-37.1654629	-217.62952
-37.1742421	-217.5285504
-37.167109	-217.4444832
-37.1596101	-217.3097088
-37.1623536	-217.2087392
-37.1828384	-217.1411296
-37.1590614	-217.04016
-37.1683893	-216.9894528
-37.2024087	-213.5871776
-37.2196013	-213.5533728
-37.1843016	-213.5702752
-37.2099076	-213.5702752
-37.1987507	-213.5026656
-37.1837529	-213.5364704
-37.1861306	-213.4355008
-37.1184576	-211.7341408
-36.7489996	-207.708256
-36.4340458	-203.9016576
-36.0896451	-200.2124864
-35.0869873	-190.3250272
-33.6219583	-174.8112928
-32.1554661	-160.6786624
-30.7864596	-147.4894528
-29.477993	-135.0750848
-28.254392	-123.5538752
-27.0221947	-112.8911296
-25.8159692	-103.0370304
-24.6891223	-93.8403456
-23.7213984	-85.5359296
-22.7004506	-76.9619648
-21.2923035	-65.979408
-20.0059678	-56.6813088
-18.7552976	-48.9836
-17.6939289	-42.5658032
-16.795707	-36.55237408
-15.6930029	-30.53890048
-14.7925862	-26.12568384
-14.1092718	-22.80729792
-13.6564114	-20.36490112
-13.2567749	-18.44461056
-12.9652323	-16.9286432
-12.6928942	-15.66527776
-12.4933503	-14.63778976
-12.3250823	-13.74503168
-12.1109064	-12.9196608
-11.9042294	-12.077432
-11.6648133	-11.06675744
-11.37638	-9.56760352
-10.6681912	-6.23244864
-9.3833187	0.117912032
-7.2880163	8.641178528
-4.9681127	16.92862541
-2.5794387	24.94655907
-0.1882041	32.44231978
2.15829316	39.53381066
4.5682933	46.4400112
7.04314978	53.07669408
9.27970585	59.76395072
11.56121874	66.61960864
13.94345466	73.74477088
16.30972341	81.30792768
18.66957237	89.57853888
21.15668315	98.45554592
23.50636287	107.770503
26.03863166	117.4223072
28.40892421	127.5626352
30.64485842	137.8882669
33.05756548	148.4160157
35.42163943	158.926951
37.15507418	169.3873126
39.40666463	179.5781699
41.63228328	189.4153222
43.72775029	198.8818672
44.90077944	207.6409578
46.8507495	215.3893738
49.01540758	221.3859894
50.87714668	223.5420685
52.09301101	226.169769
53.77543495	225.9171226
53.86233074	223.777857
53.91912119	222.969344
53.91904803	222.3292768
53.92283406	221.8744688
53.92883318	221.5207194
53.91184177	221.251215
53.90737901	220.9817107
53.92316328	220.7122064
53.94020956	220.5100893
53.9172739	217.7475699
53.54044503	214.1597242
53.12109191	210.7234662
52.76816807	207.4893699
52.30404103	204.3394298
51.89118086	201.2737792
51.51343749	198.2417555
50.8935711	193.1378979
50.01274299	185.8442899
48.99687981	176.9167536
47.78529534	168.4776966
46.70768512	160.4597763
45.72926157	152.795561
44.62251538	145.4177078
43.35384782	137.3155869
41.88000304	127.1078717
40.52500668	117.6244688
39.14497131	108.797991
37.80897826	100.611625
36.640357	93.04846816
35.59674789	86.09175168
34.51611982	79.82563168
33.44077756	73.8964032
31.76566962	65.33942976
30.18096915	57.33832288
28.89317025	50.53319424
27.67072152	44.72188224
26.38065466	39.44959222
25.16455256	35.15426538
24.46772185	31.54956614
23.63995303	28.38281699
22.8279319	25.46873648
22.29278479	23.00945062
21.71196755	20.6343921
21.11075696	18.49515318
20.59717376	16.57488931
20.19733607	14.85676035
19.70831634	13.22285427
19.35061881	11.74054938
18.97572868	10.25824003
18.49239714	8.50642192
17.83042717	6.080829664
16.74954304	1.5496832
14.88784052	-6.77145728
12.48266894	-15.81691008
9.8594074	-25.08129344
7.25282634	-34.51416704
4.4878173	-44.21654496
2.0943879	-53.9862656
-0.4429838	-63.6548832
-3.2579977	-73.2056288
-6.0953254	-82.7563744
-8.6202599	-92.1220832
-11.3743681	-101.4708896
-14.1365239	-110.7854464
-16.6733469	-120.2352224
-19.3061924	-129.8873824
-21.5031872	-139.8424512
-23.6025134	-149.8815872
-25.7418947	-159.870016
-27.7280058	-169.437664
-29.5478608	-178.533824
-31.1828039	-187.0232768
-32.938461	-194.7716928
-34.4082454	-201.7452672
-35.8302929	-207.8092256
-37.2704475	-212.9471104
-38.5968383	-217.6126176
-39.9996813	-221.8408864
-41.1471959	-225.02432
-41.3136349	-222.9524416
-41.3193048	-222.1606976
-41.3622863	-221.6554048
-41.3858804	-221.3186912
-41.3867949	-221.0829472
-41.3897213	-220.8467584
-41.3873436	-220.6110144
-41.3995979	-220.4090752
-41.384783	-220.2743008
-41.4027072	-220.1733312
-41.4096574	-219.9878496
-41.4151444	-219.8699776
-41.3970373	-219.7352032
-41.40856	-219.684496
-41.4080113	-219.566624
-41.4050849	-219.4318496
-41.4149615	-219.3815872
-41.4014269	-219.2970752
-41.3877094	-219.1961056
-41.3392409	-216.7034464
-40.2358052	-204.9625056
-38.9697714	-192.8176864
-37.8389007	-181.616288
-36.720833	-171.1052192
-35.6603788	-161.0491808
-34.7039947	-151.5491424
-33.7128596	-142.4698848
-32.6688664	-133.7949504
-31.7188838	-125.558144
-30.8120656	-117.7087584
-29.9548133	-110.2467936
-29.1281053	-103.2394144
-28.2633541	-96.6532608
-27.4445108	-90.4714304
-26.686939	-84.6770208
-25.9180274	-79.3540992
-25.1610043	-74.283824
-24.4859204	-69.5507072
-23.8902151	-65.1712064
-23.2994481	-61.1284192
-22.7348358	-57.3382784
-22.2302147	-53.767424
-21.72852	-50.5332832
-21.243835	-47.400112
-20.7898772	-44.553392
-20.2450181	-41.925736
-19.6939404	-39.44957888
-19.2966816	-37.17558336
-18.8535149	-35.05322016
-18.5255752	-33.04872896
-18.2230586	-31.24635488
-17.8632943	-29.52822592
-17.6428998	-28.01225856
-17.3305066	-26.52991808
-17.0691425	-25.16553856
-16.8041204	-23.95274688
-16.565253	-22.82415584
-16.3159603	-21.762952
-15.9567447	-19.9606224
-15.4839482	-18.00666048
-15.1205259	-16.64228096
-14.891718	-15.48001856
-14.6872358	-14.68831904
-14.5237232	-13.9471488
-14.419836	-13.39128224
-14.3104618	-12.90280288
-14.1787738	-12.4648528
-14.0225772	-11.99323136
-13.9316759	-11.60581056
-13.84553	-11.20153184
-13.7654198	-10.81411104
-13.7164026	-10.47721952
-13.6024559	-10.02241152
-13.4832051	-9.56760352
-13.3601134	-8.89386496
-13.130391	-7.9505776
-12.9738286	-7.34413728
-12.9427356	-7.24307872
-12.9103623	-7.175736
-12.8639057	-7.09149088
-12.863357	-6.92304512
-12.8317153	-6.88937376
-12.7909286	-6.82198656
-12.7598356	-6.75459936
-12.7472155	-6.70407008
60.0778946	225.7655347
60.08435097	225.7318189
60.06412223	225.7318189
60.06851183	225.7318189
60.07090782	225.7318189
60.08029059	225.6981475
60.06560372	225.4791725
60.09550787	225.4959859
60.08237565	225.4286432
60.07802263	225.4286432
60.06798142	225.4623146
60.06514647	225.0075066
59.89954881	222.5482518
59.70942426	220.2405405
59.46839864	218.0507901
59.24888206	215.911569
59.00088795	213.8396906
58.73240904	210.9424413
58.27700633	207.3040662
57.71449738	202.1159635
57.07114663	197.0121059
56.53380472	192.0598806
55.9674	187.191856
55.4099208	182.4754192
54.79462691	177.3210323
54.02794669	170.3811293
53.27130768	163.7781178
52.31620388	156.5013232
51.31411307	148.5170742
50.4436371	140.9034326
49.54629312	133.643496
48.58636076	126.686735
47.70977593	120.0837235
46.88851835	113.6997315
45.98854061	107.7536451
45.15254129	101.9928624
44.43352481	96.5689712
43.67829413	91.43139776
43.03349847	86.5465152
42.3552504	81.81326496
41.65240228	77.50110688
40.99725448	73.29000736
39.74839499	65.20469984
38.30884396	57.3551808
37.02790381	49.97732768
35.95598178	43.91335149
34.84771752	38.75896906
33.91040989	34.48049123
33.18949125	30.99369958
32.466579	27.99539619
31.82015553	25.28344614
31.38187226	22.85785389
30.80231703	20.68492582
30.39166995	18.68044352
29.88081196	16.89493626
29.40662542	15.2441856
28.99493581	13.50921206
28.54651988	11.75739395
27.93378659	9.348641824
27.28023002	4.884878112
25.27745673	-2.84672
23.20957104	-10.8477824
21.04921111	-19.08472224
18.90099574	-27.1868432
16.59557782	-35.4574544
14.18129782	-43.7280656
12.16354502	-51.1226432
11.8350932	-51.2236128
11.08957451	-54.9634912
8.72162308	-63.1833952
6.39105641	-71.4202016
4.0876321	-79.4888736
1.62278025	-87.2372896
-0.6944713	-94.884736
-3.1078368	-102.1612192
-5.5310789	-109.2193056
-7.4142173	-116.0243008
-9.6980896	-122.3916128
-12.0788989	-128.7922848
-14.1762132	-134.9910176
-16.4641093	-140.937104
-18.4072389	-146.9338976
-20.373231	-152.8630816
-22.4118344	-158.8594304
-24.2905832	-164.856224
-25.9580825	-170.9539872
-27.7393456	-177.068208
-29.4031869	-182.997392
-30.8530352	-188.4719904
-32.4278042	-193.12104
-33.8928332	-197.9724736
-35.3214651	-202.5370112
-36.620238	-206.916512
-37.8998064	-211.2960128
-39.0610385	-215.1199584
-40.2595822	-218.6067456
-41.4747698	-221.7732768
-42.4957176	-225.0412224
-43.4886817	-228.2753632
-44.4287877	-231.2061504
-45.4678426	-233.7330592
-46.4319085	-236.1247488
-47.2551414	-238.1797248
-48.1061751	-240.049664
-49.0124446	-241.9191584
-49.8887185	-243.367872
-50.6446442	-244.8165856
-51.3014381	-245.3725856
-51.4044108	-243.603616
-51.4285536	-242.7447072
-51.4634875	-242.1215424
-51.4766563	-241.666512
-51.4812288	-241.2790912
-51.4691574	-241.077152
-51.4825091	-240.7737984
-51.502811	-240.4873472
-51.4965924	-240.3023104
-51.5088467	-240.0665664
-51.5732275	-236.7145536
-51.5525598	-236.6638464
-51.5553033	-236.6131392
-51.5679234	-236.5628768
-51.5532914	-236.5459744
-51.8640385	-239.729408
-52.6969651	-246.1976896
-53.7457137	-250.206672
-54.6741141	-251.0322208
-55.3801081	-251.79016
-56.1837707	-252.261648
-56.6849167	-251.6384832
-56.7452737	-250.0380928
-57.158079	-252.1944832
-57.9734472	-254.1146848
-58.6991944	-254.754752
-59.358366	-255.4455264
-60.0310722	-256.102496
-60.230799	-254.2494592
-60.2501864	-253.2050688
-60.2730489	-252.5142944
-60.2847545	-252.025904
-60.4577779	-243.4519392
-60.4665571	-243.4185792
-60.4687519	-243.3847744
-60.4570463	-243.4185792
-60.4601556	-243.367872
-60.4607043	-243.3847744
-60.4619846	-243.4016768
-59.8033617	-235.7204256
-59.1119997	-228.5280096
-58.4811776	-221.6385024
-57.9363185	-215.0692512
-56.8542821	-204.0528896
-55.8033387	-193.3229792
-54.875487	-183.1659712
-53.8464916	-173.4804512
-52.87639	-164.2664192
-51.9549398	-155.4402528
-51.1276831	-146.8324832
-50.1963563	-138.646384
-49.3961688	-130.780096
-48.5705582	-123.2505216
-47.7103795	-116.108368
-46.9004983	-109.2526656
-46.1796894	-102.430768
-44.9350549	-91.5491808
-43.7290123	-81.9481728
-42.6103959	-73.374208
-41.5453692	-65.743664
-40.6372707	-59.0058336
-39.758802	-53.0766496
-38.9633699	-47.7875328
-38.2131141	-43.13852768
-37.4668821	-39.02848672
-36.8664214	-35.4574544
-35.9548478	-30.33678336
-35.140577	-26.19302656
-34.5031705	-23.11051808
-34.0868901	-20.735464
-33.6600015	-18.88256064
-33.3671786	-17.433936
-33.0613698	-15.8842528
-32.8298184	-14.89043616
-32.6377734	-14.04825184
-32.4620065	-13.32393952
-32.2769117	-12.68382784
-32.1035225	-12.077432
-31.9566538	-11.47103616
-31.8427071	-10.89831168
-31.6802919	-10.25824448
-31.504525	-9.4328736
-31.2876056	-8.35481184
-30.8665698	-6.4008944
-30.0671139	-2.81300416
-28.7469417	2.543504288
-27.6864875	5.62603056
-27.5438255	5.54180768
-27.2802666	3.453102496
-27.2870339	3.486791648
-27.3067871	3.537325376
-27.295996	3.503636224
-27.2927038	3.486791648
-27.2890458	3.503636224
-26.1634792	9.14651136
-24.095246	16.10325008
-22.125413	22.50412224
-19.7389338	28.60179203
-17.6707006	34.41311293
-15.5183334	39.90439133
-13.3143884	45.36199392
-11.3794893	50.71849792
-9.1574372	56.04133056
-6.9196557	61.39783456
-4.92001	66.7880544
-2.6577199	72.17827424
-0.4438983	77.75375328
1.83113993	83.3292768
4.26433179	88.92161376
6.403329	94.51395072
8.67127071	99.83678336
10.95488695	105.0922288
13.16314839	110.1455571
15.35385143	115.0977824
17.67315146	119.8984643
19.78059842	124.5643718
22.11667038	129.1123629
24.27276874	133.6266381
26.45039443	138.0567126
28.7306636	142.4194
30.87763525	146.8831904
32.4137209	151.3637942
34.66395789	155.861256
36.68414326	160.4766342
38.79007215	165.3446589
40.80524606	170.3137421
42.9154731	175.3502125
44.78944821	180.6225158
46.81738854	185.9453485
48.7466909	191.3355683
50.10530868	196.7257437
51.60111975	202.1496794
53.62979168	207.4387962
55.36697588	212.5595117
57.20460876	217.4612077
58.97925088	222.0429146
60.79286899	226.4056019
62.47020831	230.481927
63.89968155	232.7727805
63.97854803	230.5156429
63.99711238	229.5554976
63.99478955	228.9491018
64.00772058	228.4774803
64.00609277	228.1405888
64.0363993	227.0962429
63.92642153	224.0810771
63.65465042	221.3691315
63.25920233	216.9895862
62.47686587	209.645449
61.62372882	202.2170666
60.5591045	193.8285389
59.55794648	185.6253149
58.53527942	177.1694
57.41562049	168.4271674
56.11256773	160.190272
55.05149167	152.3239395
54.07817103	144.912415
53.09976577	137.753537
51.77717929	128.505967
50.44683785	118.6182854
49.08251359	109.5896906
47.4107893	98.85978016
45.41710614	86.96765184
43.66631418	76.30512864
41.9799396	67.2428624
40.44606704	59.15755488
38.95718788	52.13340672
37.68202737	46.20417824
36.60147246	41.11718746
35.50879128	36.90608349
34.72327236	33.2676951
33.9208169	30.10094595
33.22797341	27.37215578
32.52170506	24.81180246
32.02829573	22.48727766
31.44034539	20.26381587
30.97506608	18.24248899
30.3575591	16.12009466
29.64088374	13.77872083
28.83733088	10.22455088
27.15384612	3.621548256
24.814043	-4.2616288
22.98773163	-11.06675744
20.46310806	-18.36040992
18.22336953	-25.75507648
15.80228565	-33.48667904
13.37944593	-41.3361536
11.15406505	-49.4212832
8.66046132	-57.4730528
6.48793854	-65.2552736
4.18455081	-72.93608
1.68721592	-80.3815872
-0.7127613	-87.5740032
-3.1241149	-94.3959008
-5.5852173	-101.0327616
-7.8603104	-107.2986592
-10.1807627	-113.34616
-12.7027708	-118.9888928
-14.9334192	-124.412784
-17.3083757	-129.6178336
-19.3932528	-134.5866944
-21.7122419	-139.353616
-23.9540472	-144.0364704
-26.0451429	-148.7024224
-28.1697093	-153.3345696
-30.275437	-158.0343264
-32.1669888	-162.801248
-34.1154225	-167.6691392
-35.9244864	-172.6549024
-37.7159919	-177.6913728
-39.3895269	-182.7785504
-41.0114841	-187.8826304
-42.6667291	-192.9021984
-44.1002993	-197.8376992
-45.4292507	-202.6215232
-46.8922678	-207.1860608
-48.1350733	-211.6331712
-49.3539189	-215.8778976
-50.6205014	-219.9371424
-51.7060129	-223.7272832
-52.8052419	-227.3488448
-53.9333691	-230.835632
-54.8738409	-234.035968
-55.7437133	-237.0174624
-56.700829	-239.7632128
-57.511076	-242.1718048
-58.3602807	-244.4963296
-58.6679185	-244.0920064
-59.1432756	-245.3725856
-59.1871716	-244.2103232
-59.2025352	-243.5533536
-59.2336282	-243.0814208
-59.2466141	-242.694
-59.2374691	-242.3572864
-59.2473457	-242.10464
-59.2555762	-241.902256
-59.2808164	-241.6834144
-59.2736833	-241.4983776
-59.2822796	-241.2959936
-59.318128	-241.1781216
-59.2866692	-241.0940544
-59.3047763	-240.9761824
-59.2890469	-240.874768
-59.3013012	-240.756896
-59.3098975	-240.6221216
-59.3115436	-240.4539872
-59.3100804	-240.3863776
-58.8680111	-233.1770592
-57.6124026	-220.1902336
-56.4765936	-208.2811584
-55.438819	-197.2478944
-54.4387218	-186.8885024
-53.3237634	-177.1020128
-52.3542105	-167.7198464
-51.41319	-158.8260704
-50.4044965	-150.2013984
-49.551268	-141.9476896
-48.7040752	-134.0814016
-47.8561508	-126.6194368
-46.9590263	-119.4603808
-46.1727392	-112.6553856
-45.4336403	-106.187104
-44.6912492	-100.022176
-43.908803	-94.244224
-43.1814097	-88.7869728
-42.5061429	-83.6326304
-41.8193534	-78.8488064
-41.1901774	-74.3678912
-40.5383218	-69.4159328
-39.4813427	-62.543328
-38.5255073	-56.41176
-37.3328164	-49.3879232
-36.1882282	-42.6331904
-34.9194509	-35.60908672
-33.878567	-30.21886688
-33.0955721	-26.07515456
-32.4673106	-22.89154304
-31.8096022	-20.12906816
-31.3035179	-18.07404768
-30.9702741	-16.52436448
-30.6975702	-15.26104352
-30.4521184	-14.19983968
-30.2110562	-13.22283648
-30.0462633	-12.41432352
-29.8231253	-11.58895264
-29.6433346	-10.6625232
-29.3812389	-9.70237792
-29.086587	-8.28742464
-28.5477636	-5.89555712
-27.4847488	-1.8697168
-25.8477938	3.183593728
-23.8324187	8.876998144
-21.8923984	14.73885277
-19.6432771	20.87021171
-17.5666305	26.79944464
-15.2988534	32.62760566
-13.1289278	38.25364067
-11.250179	43.76175475
-9.0359916	49.13509888
-6.8344243	54.52531872
-4.868798	59.9997392
-2.6664991	65.47420416
-0.5474197	71.0496832
1.67455924	76.65887808
4.02676298	82.43651872
6.19326835	88.1635856
8.41336342	93.80645184
10.67740936	99.39883328
12.9260917	104.704808
15.10020571	109.8760528
17.44258772	114.9293366
19.52998884	119.8142192
21.87134661	124.4632688
24.05883061	129.1965635
26.28540034	133.7276966
28.53708224	138.191487
30.71542124	142.5541744
32.71881639	146.967391
34.98114307	151.3974656
37.02870857	155.861256
38.53388412	160.4766342
40.5428943	165.310943
42.73036001	170.2463549
44.61854645	175.3839283
46.67747004	180.6730451
48.6718848	186.0127357
50.48890485	191.3692397
52.32101415	196.8605181
54.31111247	202.3181251
56.18086259	207.7420163
58.0811753	213.1490496
59.86307855	218.3202944
61.73304815	223.4072941
62.44447428	228.0900595
64.10584643	232.301159
65.79189179	236.1079798
67.52018705	239.375792
68.61967211	239.2747334
68.67684665	237.4218746
68.68237023	236.5122586
68.70669593	235.9226762
68.69325278	235.4173834
69.55072456	241.8350912
71.10332608	243.9911702
71.19794025	241.1275923
71.21348675	240.066433
71.22136974	239.4094634
71.22678358	238.9041706
71.24205573	238.4998918
71.23912933	238.1798582
71.23397155	237.893496
71.24640875	237.7081923
71.24799998	237.4892173
71.24163506	237.2533843
71.24734154	237.0512672
71.23947684	230.14508
71.21985167	230.0776928
71.23746494	230.0776928
71.23016723	230.0608349
71.22808217	230.0608349
71.23367891	230.0271635
71.21857137	229.9766342
71.14228378	228.207976
70.84666251	225.0243645
70.53203793	222.059728
70.26621107	219.1625232
69.98609972	216.4168618
69.6667929	213.7554454
69.38990059	211.1446029
69.0915724	208.5505293
68.79997493	205.9901715
68.52191206	203.4466717
68.20613521	201.0547597
67.92633479	198.6123629
67.6058757	196.186735
67.31217488	193.8622102
66.98154655	191.4871562
66.73128448	189.1458179
66.43478529	186.9223517
66.13932863	184.6988854
65.90318644	182.4417034
65.53564889	179.3760528
65.01718226	175.0975661
64.44454065	170.8190794
63.94665027	166.7090384
63.44980242	162.700056
62.68731061	156.7034848
61.92964736	150.7405405
61.11336466	144.9797578
60.33860026	139.4211366
59.56330545	134.0814461
58.82120699	128.9607306
58.10817134	123.9579315
57.44554293	119.2246813
56.73517762	114.5924896
55.96902781	109.825479
54.93699627	103.1719827
53.66701183	95.06981728
52.1775291	86.37811392
50.47734557	75.74926208
48.48805201	65.47420416
46.78068051	57.05200512
45.42058124	50.07843072
44.22190951	44.0481081
43.15750467	39.0116377
42.72039196	37.81568614
42.70998495	38.18625792
42.72567777	38.48945584
42.73303035	38.6579016
42.72339152	38.75896906
42.72006274	38.94425494
42.75322251	39.0116377
42.73317667	39.06216698
42.73540805	39.1127007
42.74327275	39.19692358
42.73776746	39.24745731
42.72152594	39.28114202
42.73811497	39.38220947
42.72992105	39.39905405
42.73292061	39.4327432
42.73434723	39.39905405
42.7570817	39.5001215
42.75300303	39.56749981
42.74563216	39.53381066
42.75883754	39.51696608
42.73290232	39.55065523
42.74497372	39.65172269
42.76121524	39.68541184
42.73043317	39.70225642
42.75446623	39.71909654
42.75002176	39.73594112
42.74338249	39.73594112
42.73822471	39.76963472
42.7477538	39.80332387
42.75055217	39.80332387
42.72542171	39.7864793
42.75682564	39.83700858
42.74753432	39.8875423
42.7387917	39.83700858
42.74067557	39.87069773
42.75468571	39.85385315
42.74707707	39.87069773
42.74279721	39.87069773
42.75858148	39.90439133
42.73363392	39.95492061
42.74535781	39.87069773
42.74036464	39.93807603
42.75408214	39.98860976
42.73657861	39.95492061
42.74927187	39.97176518
42.74671127	40.00545434
42.74971083	40.03914349
42.73654203	40.00545434
42.74217535	40.00545434
42.73213414	40.07283264
42.74603454	40.05598806
42.74105966	40.02229891
42.72189174	40.08967722
42.73946843	40.07283264
42.73343273	40.07283264
42.7371456	40.03914349
42.7413523	40.05598806
42.72741532	40.05598806
42.72865904	40.05598806
42.74334591	40.10652179
42.7223307	40.14021094
42.74645521	40.08967722
42.74394948	40.10652179
42.72456208	40.08967722
42.76030074	40.14021094
42.73959646	40.10652179
42.71417336	40.14021094
42.73228046	40.15705107
42.7495828	40.10652179
42.73017711	40.08967722
42.73383511	40.14021094
42.72977473	40.17389565
42.72057486	40.15705107
42.72501933	40.12336637
42.72896997	40.20758925
42.73125622	40.15705107
42.72684833	40.19074467
42.71865441	40.14021094
42.72335494	40.17389565
42.73317667	40.19074467
42.74654666	40.17389565
42.72189174	40.17389565
42.7285493	40.19074467
42.72236728	40.17389565
42.72313546	40.17389565
42.74005371	40.17389565
42.72624476	40.17389565
42.73118306	40.17389565
42.72776283	40.17389565
42.72533026	40.19074467
42.72447063	40.2412784
42.73890144	40.2412784
42.7258058	40.2412784
42.73231704	40.17389565
42.72714097	40.20758925
42.72951867	40.17389565
42.73065265	40.15705107
42.7301954	40.15705107
42.74543097	40.20758925
42.73365221	40.19074467
42.72044683	40.25811853
42.73648716	40.20758925
42.72198319	40.22443382
42.70652814	40.2412784
42.72161739	40.19074467
42.71605723	40.20758925
42.72587896	40.17389565
42.71624013	40.20758925
42.71838006	40.20758925
42.72611673	40.20758925
42.71902021	40.20758925
42.73059778	40.25811853
42.71168592	40.2749631
42.70786331	40.25811853
42.72055657	40.22443382
42.72849443	40.2412784
42.71664251	40.29180768
42.72915287	40.25811853
42.72677517	40.2749631
42.71241752	40.25811853
42.72547658	40.2412784
42.73859051	40.2749631
42.71896534	40.22443382
42.72988447	40.25811853
42.71461232	40.22443382
42.72278795	40.25811853
42.7250742	40.2749631
42.70932651	40.25811853
42.72512907	40.2749631
42.72297085	40.32549683
42.70938138	40.2749631
42.72600699	40.2749631
42.69815132	40.29180768
42.7316586	40.2412784
42.69833422	40.25811853
42.71726437	40.2749631
42.70563193	40.29180768
42.71016785	40.2412784
42.71146644	40.2749631
42.71580117	40.34234586
42.71095432	40.2749631
42.25052186	36.63657472
41.56698798	32.44231978
40.70958936	29.07343571
39.91176127	26.27726723
39.25855221	23.8348304
38.73055649	21.64505776
38.23475117	19.74163846
37.84147959	18.07404323
37.46971705	16.42329258
37.00405365	15.14311814
36.63922302	13.86294371
36.26585096	12.78489974
36.07210499	11.74054938
35.82692754	10.74672829
35.55830231	9.820285504
35.30917422	8.961221024
35.0723553	7.967399936
34.96890706	6.889360416
34.56660022	5.32283264
33.80955883	2.57719344
32.40565501	-2.22346624
30.50331211	-8.16955264
28.1168512	-14.469344
25.64214104	-21.15655616
23.24770569	-28.0964592
20.77581219	-35.32272448
18.48197184	-42.7005776
16.11215483	-50.1796672
13.9907526	-57.641632
11.66194177	-64.95192
9.1773733	-72.1950432
6.65053664	-79.2531296
4.30378332	-86.02432
1.88366881	-92.5766688
-0.5949737	-98.8932736
-2.9766975	-104.8900672
-5.4478594	-110.5835072
-7.7646537	-116.0745632
-10.1127239	-121.3472224
-12.6294279	-126.2822784
-14.842335	-131.0661024
-17.2357644	-135.56392
-19.3541122	-139.9434208
-21.6416425	-144.1712448
-23.8488797	-148.2642944
-25.9723487	-152.323984
-28.0859411	-156.3329664
-30.2280659	-160.308144
-32.1499791	-164.300224
-34.1370047	-168.410176
-36.0097178	-172.60464
-37.8050642	-176.832464
-39.5579778	-181.1617024
-41.227489	-185.5745632
-42.9511386	-190.0047712
-44.4553082	-194.4349792
-45.8894271	-198.81448
-47.4636474	-203.0592064
-48.772114	-207.2870304
-50.1720306	-211.3805248
-51.4580005	-215.3726048
-52.6892833	-219.1458432
-53.8945943	-222.7838624
-55.0234531	-226.1527776
-56.0268425	-229.370016
-57.0340728	-232.3684128
-58.0334384	-235.181328
-58.9492187	-237.792304
-59.8745098	-240.2013408
-60.7458454	-242.4413536
-61.5363392	-244.513232
-61.9162225	-243.3340672
-61.9421943	-242.340384
-62.8660222	-247.5285312
-63.1019632	-246.0629152
-63.1229967	-245.0523296
-63.149883	-244.4629696
-63.877825	-249.7520864
-64.7235546	-251.8911296
-65.5444098	-253.1543616
-66.1871204	-254.3335264
-66.8292823	-255.461984
-67.4911974	-256.5063744
-68.0541636	-257.365728
-68.6456622	-258.1405696
-69.0582846	-257.2981184
-69.0824274	-255.9508192
-69.1080334	-255.2431424
-69.1276037	-254.7209472
-69.1299814	-254.2325568
-69.1669272	-253.963008
-69.1705852	-253.609392
-69.1676588	-253.407008
-69.198386	-253.1374592
-69.1714997	-252.9017152
-69.0619426	-249.4487328
-68.7235776	-245.6421344
-68.3652765	-242.0708352
-68.0901949	-238.5168832
-67.7355518	-235.1141632
-67.3874931	-231.86312
-67.0601021	-228.5951744
-66.7574026	-225.3948384
-66.0583588	-217.62952
-64.8395132	-205.9059264
-63.6848655	-194.030656
-62.4691292	-182.8123552
-61.2956428	-172.2341216
-60.1885491	-162.2283456
-59.0617022	-152.6945024
-58.0418518	-143.5983424
-56.3068624	-127.8995712
-54.4615843	-113.6490688
-52.8877298	-101.049664
-51.2547986	-89.8647232
-49.8927423	-79.9265568
-48.4489297	-71.1675552
-47.283308	-63.452944
-45.8993037	-54.2727168
-44.075242	-44.3681328
-42.630332	-36.70396192
-41.5084234	-30.90946336
-40.5756334	-26.52991808
-39.8268408	-23.09366016
-39.2935044	-20.43224384
-38.7137114	-18.24249344
-38.2904808	-16.7264816
-37.9797337	-15.34524416
-37.7189183	-14.25036896
-37.4324969	-13.2396944
-37.2126511	-12.31326496
-36.9547621	-11.47103616
-36.7276003	-10.40983232
-36.417219	-9.06226624
-35.8504119	-6.95671648
-34.9278643	-3.28467008
-33.4149155	1.49915392
-31.3607656	6.687229952
-29.2261397	12.14481475
-26.9290986	17.60239955
-24.6187058	23.14420723
-22.615585	28.65233021
-20.270807	34.12675958
-18.1817232	39.44959222
-16.0015552	44.65449504
-13.7875507	49.84259776
-11.8093043	55.030656
-9.5645726	60.15137152
-7.2969784	65.44048832
-5.2684345	70.62859104
-2.9591391	75.91770784
-0.6577084	81.30792768
1.60240519	86.66443168
4.00146791	91.95359296
6.17741092	97.10797984
8.4653436	102.0096758
10.76039109	106.8945584
12.97637091	111.543608
15.20809842	116.0410698
17.51968007	120.3532723
19.6844296	124.5643718
22.08091343	128.6070256
24.17570371	132.5822922
26.43817671	136.3554416
28.76210411	140.263321
30.7540863	143.9690832
32.85332105	147.658032
35.12753623	151.2122064
37.19443426	154.8842973
39.46153463	158.5563437
41.48054944	162.2115766
43.67604446	166.001584
45.08938592	169.9768506
47.20581327	173.985833
49.35651608	178.2137904
51.32066089	182.643865
53.3522958	187.1076109
55.32898755	191.8072342
57.29037057	196.5573424
58.81213515	201.3579798
60.76643994	206.1586173
62.699949	211.0098285
64.49681347	215.7431232
66.34084785	220.3753149
68.16004441	224.8390608
69.91610389	229.1175475
71.57970742	233.109672
73.23850068	236.9165373
73.95936445	235.9732499
73.99318266	234.6256838
74.01684992	233.8508422
74.02729351	233.2107306
73.84936839	229.5554976
73.73061142	228.0732016
73.55135113	225.9507939
73.32362234	223.6768429
73.09516195	221.3859894
72.57236059	216.703224
71.91655435	210.6392656
71.0881088	204.0025382
70.35122299	197.6185462
69.45422652	190.1901194
68.38762688	182.2901155
67.40494176	174.8280618
66.48804577	167.6355123
65.52802196	160.6956093
64.67568967	154.1094557
63.76281748	147.7590906
62.93300018	141.7119456
62.1064385	135.816433
61.24529043	130.2240515
60.38668467	124.8170182
59.37169941	117.9276445
58.2284098	110.8866829
57.12499239	104.2163286
56.04432774	98.01755136
55.13339429	92.13889664
54.1248654	86.66443168
52.96105441	80.60047328
51.70897588	73.42473728
50.46190881	67.0407008
49.21749379	61.296776
48.16022205	56.17610496
47.06719336	51.56072672
46.18978548	47.40015648
45.17341018	42.5658032
43.89660357	37.66408496
42.92575208	33.53720387
41.98774943	30.05041222
41.01378864	27.06895341
40.22195967	24.44122624
39.50574156	22.08301229
38.91301753	19.96061795
38.37781555	18.0235095
37.93314907	16.25484682
37.43291757	14.73885277
36.97400318	13.22285427
36.55188827	11.75739395
36.16660942	10.40984122
35.76860073	8.876998144
35.62634111	7.276781216
34.9360948	4.85118896
33.56754555	0.134756608
31.42134208	-5.811312
29.04711718	-11.47103616
26.57151081	-17.73715616
24.06702453	-24.4748976
21.55339325	-31.54957504
19.15314168	-38.91057024
16.73050315	-46.3895264
14.45039859	-53.9021984
12.13354942	-61.431328
9.571157	-68.8092256
7.10720136	-75.9682816
4.65624991	-82.8911488
2.13250426	-89.6120768
-0.2809344	-96.030096
-2.807515	-102.077152
-5.0270065	-107.9222688
-7.3293517	-113.4809344
-9.7235127	-118.837216
-12.347579	-123.8229792
-14.6782737	-128.6068032
-17.1044422	-133.2393952
-19.2824154	-137.5850912
-21.6273763	-141.7795552
-23.9624606	-145.8218976
-26.1612844	-149.6961056
-28.36779	-153.6041184
-30.5219862	-157.4107168
-32.6048514	-161.1336928
-34.6977761	-164.9233888
-36.7799097	-168.7135296
-38.745536	-172.5708352
-40.6153227	-176.4450432
-42.5972271	-180.5718976
-44.3175845	-184.6484896
-45.9870957	-188.7922464
-47.8197537	-192.9862656
-49.4234209	-197.1300224
-51.0336725	-201.2906816
-52.5127848	-205.4513408
-53.9981157	-209.5612928
-55.4161394	-213.5533728
-56.6095619	-217.4613856
-57.8832775	-221.2177216
-59.1398005	-224.8223808
-60.2887783	-228.1574912
-61.4293427	-231.27376
-62.4129789	-234.2721568
-63.3589377	-237.1353344
-64.243625	-239.7632128
-65.123374	-242.3065792
-65.9764196	-244.631104
-66.7294189	-246.8208544
-67.5546637	-248.7245984
-68.2498666	-250.4762208
-69.0116451	-251.9751968
-69.743428	-253.4577152
-69.9378507	-252.0428064
-70.0051579	-251.0322208
-70.0183267	-250.4593184
-70.0276546	-249.9878304
-70.0309468	-249.6004096
-70.0205215	-249.2801536
-70.041555	-249.0106048
-70.0549067	-248.7748608
-70.0457617	-248.5560192
-70.0560041	-248.3705376
-70.0664294	-248.1685984
-70.0609424	-248.0507264
-70.0503342	-247.8821472
-70.0876458	-247.8149824
-70.0706361	-247.680208
-70.0664294	-247.5285312
-70.0808785	-247.4275616
-70.0713677	-247.3261472
-70.0933157	-247.2082752
-70.0660636	-247.1411104
-70.0719164	-247.0904032
-70.0918525	-247.006336
-70.0971566	-246.8377568
-70.0828904	-246.8043968
-70.0779521	-246.7367872
-70.0967908	-246.68608
-70.0911209	-246.5851104
-70.1057529	-246.5179456
-70.1141663	-246.4672384
-70.0885603	-246.3831712
-70.0816101	-246.3155616
-70.0938644	-246.2652992
-70.0978882	-246.2652992
-70.0889261	-246.1638848
-70.0940473	-246.0798176
-70.1086793	-246.0460128
-70.0944131	-245.9957504
-70.0713677	-245.978848
-70.098254	-245.8778784
-70.1017291	-245.8778784
-70.0953276	-245.7600064
-70.0958763	-245.7262016
-70.1039239	-245.6923968
-70.0991685	-245.6083296
-70.0999001	-245.5745248
-70.1132518	-245.5576224
-70.0995343	-245.50736
-70.1158124	-244.95136
-69.8078088	-240.639024
-69.0156689	-232.6041568
-67.7920679	-220.4259776
-66.6683303	-209.2579392
-65.5936099	-198.8651872
-64.571016	-189.0279904
-63.6299955	-179.6120192
-62.5516171	-170.6844384
-61.5795036	-162.1780832
-60.6357396	-154.058704
-59.7097169	-146.192416
-58.8186281	-138.679744
-57.9469267	-131.5211328
-57.1260715	-124.6147232
-56.3160074	-118.0961792
-55.3863267	-111.7964768
-54.5965645	-105.8165856
-53.8218001	-100.1231456
-53.1392173	-94.6992544
-52.3518328	-89.6458816
-51.5783487	-84.8282528
-50.9001555	-80.2637152
-50.2878063	-75.9344768
-49.6569842	-71.9254944
-48.916605	-68.118896
-47.875904	-61.6675168
-46.6844934	-54.0538752
-45.5753878	-47.5517888
-44.7333162	-43.64386496
-44.4271416	-42.27944096
-44.1432808	-40.8813456
-43.8875866	-39.51696608
-43.6642657	-38.21992928
-43.3152925	-36.95660832
-43.1270884	-35.659616
-42.7102593	-33.43614976
-42.1953958	-30.7410176
-41.2477909	-26.2267424
-40.5332006	-22.72309728
-39.9139012	-20.12906816
-39.4860981	-18.15824832
-36.1072035	-7.71474464
-36.1108615	-7.66421536
-36.1176288	-7.6810288
-36.1055574	-7.73160256
-36.1006191	-7.71474464
-36.0954979	-7.6810288
-36.0976927	-7.66421536
-36.0918399	-7.59682816
-36.0912912	-7.61368608
-36.0684287	-7.4957696
-36.0552599	-7.39471104
-36.0548941	-7.293608
-35.989233	-7.05781952
-35.963627	-6.7883152
-35.9323511	-6.5861536
-35.8990633	-6.38403648
-35.8167583	-5.9460864
-35.7009826	-5.40703328
-35.5036335	-4.59852032
-35.1958128	-3.28467008
-34.6277254	-1.11173312
-33.4352174	2.257150944
-31.7415634	6.31664928
-29.8580592	10.9825479
-27.6797202	15.98533805
-25.4744949	21.22394781
-23.4318677	26.51308685
-21.1995732	31.90329779
-19.0867124	37.29350429
-16.7962557	42.54895862
-14.6477294	47.72019008
-12.6480837	52.94196416
-10.4062784	58.18055168
-8.0693651	63.41918368
-6.0296643	68.7251584
-3.6832402	74.04799104
-1.4633829	79.48874016
0.84876574	84.87896
3.30465549	90.26913536
5.4868171	95.35613504
7.68628105	100.4094634
9.97157997	105.2438166
12.24897761	109.9433955
14.43980868	114.5082445
16.78380021	118.8541184
18.91045167	123.1157472
21.24008555	127.1920723
23.47956802	131.2179126
25.6888537	134.9910621
27.98360855	138.781025
30.21414721	142.4194
32.34125592	146.0578195
34.60497264	149.6119939
36.20445143	153.0987811
38.42359542	156.5687104
40.53994961	160.1228848
42.75790475	163.6938726
44.76920118	167.3154342
46.92968914	171.0549123
49.01524297	174.9459782
51.05240146	178.9043869
53.01424173	183.081815
55.12243858	187.410831
57.11915788	191.857719
59.12878992	196.3215094
61.06136619	200.970559
63.05863419	205.6364666
64.07987463	210.3360454
65.91871465	214.9682816
67.73642972	219.5668019
69.61124617	224.0474058
71.28154384	228.3595638
72.98223949	232.3685462
74.68000874	236.1416512
76.34441703	239.4768506
77.92141741	242.5256877
79.5197988	245.0355162
79.98774845	245.1029034
80.01772576	242.9131085
80.04773965	241.8687626
80.06926698	241.1781661
80.06164005	240.6896422
80.07643666	240.285408
80.08181392	239.9653299
80.06504199	239.6452963
80.09717752	239.4431792
80.08344173	239.1736749
80.06674296	238.9715133
80.0738029	238.8030675
80.07292498	238.6009504
80.08664248	238.4156912
80.0895323	238.2809168
80.08066165	238.129329
79.69829091	232.0990419
78.97848796	225.7823482
78.32670552	219.9541782
77.61606586	214.311312
76.97202009	208.954808
76.30555078	203.4298582
75.49918126	196.6078717
74.67157705	189.9543309
73.84025997	183.5029072
72.94249532	176.7819792
71.9993166	169.9768506
71.10387478	162.9022176
70.12481108	155.9454566
69.24317821	149.2245731
68.28778177	142.8236787
67.32349639	136.7597203
66.48259535	130.8641632
65.57846578	125.2718262
64.77462028	119.847935
63.92750064	114.6598323
63.15211438	109.7244205
62.43194563	104.940641
61.65279163	100.4094634
60.91049198	96.13102112
60.16352838	91.95359296
59.45373006	87.9783264
58.78731562	84.13778976
58.09917266	80.51622816
57.46524126	77.13049952
56.83463864	73.8964032
56.20485907	70.74650752
55.58890674	67.81558688
55.0898458	64.96886688
54.659665	62.25692128
54.05033365	59.6797056
53.49446397	57.27098016
52.94366062	54.87906816
52.64130863	52.73984704
52.22190064	50.58372352
51.77931922	48.59609024
51.35495464	46.6421728
51.14686931	44.77241152
50.65942252	43.00375773
50.22527279	41.3361625
49.83959156	39.71909654
49.45970826	38.16941334
49.24750768	36.67026387
48.8449082	35.33955571
48.48428427	34.00884755
47.8226801	31.53272157
47.0684005	28.56810733
46.40361387	25.85615728
45.69489466	23.39687142
45.11760739	21.29132166
44.50419737	19.30368394
44.11317546	17.53502125
43.71103323	16.0190272
43.28004767	14.60409616
42.84388604	13.37445546
42.4313368	12.27956691
42.32110297	11.30259485
42.02604869	10.32561834
41.74041376	9.500243008
41.47464177	8.691712256
41.22556855	7.866336928
40.95763834	7.024117024
40.71851488	6.114518816
40.37994869	4.76696608
39.77881126	2.728794624
38.61703046	-0.7748416
37.16019538	-5.60919488
35.08129911	-10.71305248
32.31627178	-16.37277664
29.81864425	-22.5377936
27.37914234	-29.05660448
24.97113581	-35.96279168
22.4890182	-43.03742464
20.08070074	-50.1458624
17.62627419	-57.4223456
15.10794238	-64.4973344
12.83974461	-71.4709088
10.23797382	-78.2420992
7.740328	-84.7272832
5.34825206	-90.9429184
2.76027193	-97.0068768
0.75067647	-102.7674816
-1.858264	-108.3261472
-4.4139257	-113.5142944
-6.7309029	-118.6352768
-9.1501212	-123.3514912
-11.7050513	-127.933376
-14.0575111	-132.3128768
-16.55245	-136.473536
-18.7256678	-140.465616
-21.0340487	-144.255312
-23.3976654	-147.9275808
-25.5977695	-151.4815328
-27.7700728	-155.0021248
-30.0148045	-158.3879424
-32.1048028	-161.7230528
-34.1891312	-165.0248032
-36.2976024	-168.3932736
-38.295602	-171.7457312
-40.2568387	-175.1142016
-42.2295981	-178.5676288
-44.0644509	-182.0206112
-45.8204738	-185.608368
-47.7153178	-189.2637344
-49.3626981	-192.9021984
-51.1249396	-196.6078272
-52.6794067	-200.3641632
-54.3116063	-204.1374016
-55.7848658	-207.8430304
-57.1551526	-211.6162688
-58.6013429	-215.2716352
-59.9151136	-218.8086848
-61.1906582	-222.2114048
-62.4448035	-225.5296128
-63.561408	-228.6965888
-64.5995484	-231.5935712
-65.529412	-234.3900288
-66.5675524	-237.0343648
-66.7963603	-235.4846816
-67.0030373	-236.6807488
-68.1238485	-241.430768
-69.0632229	-243.721488
-69.9760768	-245.860976
-70.7724234	-247.7304704
-71.4983535	-249.4656352
-72.2048962	-251.0824832
-72.9171088	-252.5480992
-73.7262584	-253.7944288
-74.4048174	-255.0581056
-75.0524663	-256.33824
-75.5883633	-257.399088
-75.7271844	-255.7991424
-75.7575458	-254.7378496
-75.7917481	-254.08088
-75.8202805	-253.609392
-75.8290597	-253.1543616
-75.8471668	-252.8848128
-75.8588724	-252.5480992
-75.8674687	-252.2785504
-75.8749676	-252.0597088
-75.892526	-251.8742272
-75.8769795	-251.7060928
-75.8967327	-251.5206112
-75.8965498	-251.352032
-75.8950866	-251.2510624
-75.8965498	-251.0824832
-75.9073409	-251.0153184
-75.8853929	-249.7854464
-75.442592	-243.6712256
-74.9363248	-237.792304
-74.3718954	-232.183376
-73.2982724	-222.6828928
-71.8487899	-208.0956768
-70.7212114	-197.7362848
-69.5921697	-188.0005024
-68.5505542	-178.8033728
-67.5568585	-169.993664
-66.3241125	-159.836656
-65.0022942	-148.2980992
-63.6737086	-137.4672192
-62.394506	-127.3266688
-61.10689	-117.8435328
-59.8915195	-108.915952
-58.7253491	-100.696048
-57.6745886	-93.0486016
-56.5662146	-85.8895456
-55.5220385	-79.3710016
-54.1394974	-70.6960672
-52.1416807	-59.7975776
-50.1636172	-48.5792768
-48.3847318	-39.87071552
-47.1049805	-33.11611616
-46.0297114	-28.06278784
-45.1025913	-24.20539328
-44.4126925	-21.24080128
-43.8305218	-18.96680576
-43.4142414	-17.1139024
-43.051002	-15.71580704
-42.7298296	-14.51987328
-42.3731746	-13.18916512
-42.1505853	-12.24587776
-41.9071454	-11.4373648
-41.6801665	-10.5277488
-41.3942938	-9.53393216
-41.0826322	-8.203224
-40.4635157	-6.14820352
-39.4963405	-2.96463648
-38.0457606	1.128573248
-36.0236182	5.474429376
-33.7929698	10.1740216
-31.5153161	15.07573984
-29.2193724	20.26381587
-26.8385631	25.43504733
-24.6558345	30.62312336
-22.5865039	35.72697651
-20.3227506	40.74660678
-18.1508131	45.6651696
-16.1191599	50.6342528
-13.8846706	55.72129696
-11.8056463	60.82515456
-9.5530499	65.89529632
-7.3181948	70.982296
-5.0491374	76.18721216
-2.8113559	81.37531488
-0.4548723	86.49598592
1.87905973	91.56617216
4.27296467	96.46786816
6.42377722	101.2516922
8.69722422	105.833399
11.05151302	110.297145
13.29704948	114.5756317
15.57091715	118.7362019
17.82100782	122.6440813
20.01604559	126.5182893
22.41680928	130.2240515
24.50545412	133.879329
26.88836677	137.3997875
29.14299336	140.8529034
31.09660313	144.1881027
33.25281123	147.439057
35.45906077	150.7068691
37.60356327	153.9072941
39.86773724	157.0235184
41.96141183	160.1397427
44.12021711	163.2896384
45.89988898	166.456392
48.08488554	169.7410176
50.27407051	173.076217
52.281965	176.4619456
54.50363301	179.9487328
56.43714207	183.654495
58.54837506	187.4613603
60.55345289	191.402911
62.58095426	195.4118934
64.21278806	199.5387923
66.11289958	203.6993626
68.05301133	207.9104621
69.21201205	208.4326128
70.16969474	212.3068653
71.99275049	216.8548118
73.75894263	221.0490979
74.53217067	221.9249981
76.35815282	226.8772234
78.01028852	230.7682893
79.79107608	234.4572381
80.79210607	237.893496
80.42979946	237.1523258
80.47499405	235.737417
80.48924196	234.9120461
80.51323844	234.3224637
80.48214544	233.918185
80.51067784	233.5308086
80.50392883	233.2444464
80.50327039	232.0147968
80.2501185	228.7638426
79.93485377	225.0243645
79.27604797	219.1625232
78.47108678	212.8626874
77.73632261	206.8324003
77.02025082	200.987417
76.26580661	195.4624672
75.65278068	190.0553894
74.97566659	184.580969
73.91085937	176.9672829
72.79524253	169.1009504
71.6055329	160.2913306
70.46191407	152.0544352
69.34695567	144.238632
68.2077996	136.7597203
66.912136	128.3375213
64.23746127	111.762583
61.87364338	97.63017504
59.60670762	85.45164
57.80891036	75.21025344
56.14106355	66.38377568
54.8092772	58.87119264
53.24176933	52.4534848
52.33539009	46.81057408
51.14385146	41.92571376
49.94137541	36.97346179
48.84651772	32.86342973
47.89777884	29.42717181
47.04879362	26.49624227
46.46718991	23.8348304
45.73588255	21.45976742
45.16501507	19.25315021
44.6546692	17.34973536
44.30428767	15.68214013
43.79973973	14.09876333
43.32447408	12.70067686
42.85935938	11.4036623
42.37264419	10.02242042
42.09309983	8.540111072
41.5042167	6.6535408
40.70615084	3.638392832
39.04059028	-1.28017888
37.05713123	-6.7883152
34.54291467	-11.6900112
31.8461822	-17.21496096
29.38314106	-23.26210592
26.70875897	-29.76405888
24.41777186	-36.687104
21.83087084	-43.6606784
19.49095798	-50.9038016
17.04424981	-58.0793152
14.57363661	-65.2383712
12.19304679	-72.1950432
9.59981743	-78.9328736
7.07153586	-85.3842528
4.69308597	-91.5829856
2.15476319	-97.5797792
-0.2953835	-103.3234816
-2.8073321	-108.79808
-5.2962353	-113.9186176
-7.6931398	-118.8879232
-10.0346256	-123.6041376
-12.610955	-128.051248
-14.9396378	-132.3128768
-17.3528204	-136.4228288
-19.6021246	-140.3642016
-21.975435	-144.1036352
-24.3141773	-147.7087392
-26.2262139	-151.2795936
-28.4385723	-154.6316064
-30.7111048	-158.0005216
-32.8115284	-161.3187296
-35.005231	-164.6035776
-37.0818776	-167.820816
-39.1773629	-171.0718592
-41.1497565	-174.2890976
-43.1889086	-177.5232384
-45.0839355	-180.8414464
-47.0049342	-184.1765568
-48.8304591	-187.6130816
-50.7134146	-191.0491616
-52.4546226	-194.5359488
-54.1634573	-198.0565408
-55.8770474	-201.5602304
-57.3479292	-205.2489568
-58.7935708	-208.7864512
-60.2013521	-212.3404032
-61.7307619	-215.8778976
-63.1513462	-219.3477824
-64.3339776	-222.6997952
-65.5619682	-225.933936
-66.7306992	-229.0840096
-67.8644963	-232.0147968
-68.9174516	-234.8784192
-69.975711	-237.5227552
-70.9161828	-240.049664
-71.7408789	-242.4751584
-72.5604538	-244.7325184
-73.5457361	-246.8377568
-74.3975014	-248.7415008
-74.8873076	-248.6738912
-74.9447382	-247.4106592
-74.9758312	-246.7029824
-74.9847933	-246.1638848
-75.0188127	-245.7933664
-75.0029004	-245.4566528
-75.0107651	-245.1702016
-75.0327131	-244.95136
-75.0319815	-244.7658784
-75.0376514	-244.5808416
-75.0294209	-244.3615552
-75.0394804	-244.2103232
-75.0617942	-244.0755488
-75.045699	-243.9407744
-75.0544782	-243.8229024
-75.0784381	-243.688128
-75.0645377	-242.7616096
-74.1911902	-233.4128032
-72.2498896	-215.5073792
-70.1809248	-195.9005952
-68.2626696	-179.0560192
-66.4552518	-163.6770592
-64.8016529	-149.6458432
-63.1500659	-136.6585728
-61.4995763	-124.5813632
-59.9654111	-113.497392
-58.4985531	-103.2896768
-57.1889891	-93.9413152
-55.7632836	-85.3673504
-54.5245019	-77.7368064
-53.4069829	-70.6791648
-52.1645432	-64.3456576
-51.2066959	-58.5850528
-50.2473854	-53.3800032
-49.1951617	-48.629984
-48.3969861	-44.30079008
-47.6926382	-40.46025344
-47.0003617	-36.92293696
-46.3567366	-33.80671264
-45.7806016	-30.99370848
-45.1997112	-28.48388
-44.6594246	-26.27727168
-44.2393033	-24.2896384
-43.7767492	-22.62203872
-43.4255812	-21.10602688
-43.1360505	-19.79217664
-42.7539724	-18.05718976
-42.3181217	-16.35591872
-41.9980467	-15.00835264
-41.7021145	-14.03139392
-41.4987297	-13.20602304
-41.2552898	-12.41432352
-41.0850099	-11.84159904
-40.9648446	-11.3025904
-40.8538243	-10.81411104
-40.6901288	-10.34244512
-40.5503932	-9.92135296
-40.3892583	-9.44973152
-40.27458	-9.02859488
-40.1028369	-8.43905696
-39.9790136	-7.76527392
-39.7061268	-6.85565792
-39.2742999	-5.52494976
-38.6220785	-3.31834144
-37.4551765	-0.20211712
-35.784385	3.402568768
-33.8013832	7.276781216
-31.5999988	11.60579277
-29.4747008	16.44013715
-27.023475	21.44292285
-24.7306406	26.58046515
-22.6925859	31.73485203
-20.3772548	36.72079315
-18.2512252	41.75727245
-16.1069056	46.69270208
-13.8605278	51.66178528
-11.9565388	56.66458432
-9.7081491	61.76844192
-7.4058039	66.87225504
-6.2564603	68.8599328
-6.2348781	68.017704
-6.2528023	67.562896
-6.2346952	67.25972032
-6.2498759	66.99017152
-6.2599354	66.75438304
-6.2529852	66.61960864
-6.2692633	66.48487872
-6.2886507	66.28271712
-6.2882849	66.1479872
-6.2787741	66.06374208
-6.2603012	65.96268352
-6.7248672	65.8784384
-6.107031	65.74370848
-6.1176392	65.67632128
-6.0292985	65.54154688
-6.2959667	65.44048832
-6.317366	65.44048832
-6.3098671	65.33942976
-6.308221	65.28890048
-6.2956009	65.20469984
-6.3111474	65.15417056
-6.3043801	65.12045472
-6.3159028	65.06992544
-6.3157199	64.9857248
-6.3067578	64.90147968
-6.3206582	64.90147968
-6.3162686	64.80042112
-6.3234017	64.74989184
-6.3149883	64.73303392
-6.3166344	64.73303392
-6.3193779	64.66564672
-6.3199266	64.598304
-6.32834	64.5309168
-6.3093184	64.5309168
-6.3391311	64.49720096
-6.3257794	64.3961424
-6.2710923	64.42985824
-6.2175026	64.34561312
-6.3058433	64.36247104
-6.3437036	64.31194176
-6.3378508	64.22769664
-6.3835758	64.2108832
-6.3757111	64.17716736
-6.3866851	64.12663808
-6.3760769	64.17716736
-6.3888799	64.0761088
-6.3938182	64.05925088
-6.3793691	64.05925088
-6.3791862	63.99186368
-6.3916234	63.99186368
-6.3967446	63.99186368
-6.3810152	63.9413344
-6.4036948	63.92452096
-6.3956472	63.89080512
-6.3903431	63.8234624
-6.3980249	63.80660448
-6.3947327	63.8234624
-6.3833929	63.80660448
-6.3954643	63.77288864
-6.4005855	63.70554592
-6.3961959	63.72235936
-6.3844903	63.72235936
-6.4084502	63.6213008
-6.4082673	63.6213008
-6.408816	63.57077152
-6.3683951	63.67183008
-4.1238463	73.45845312
-1.7638876	79.82563168
0.67923573	85.5190272
3.19573854	90.8755312
5.43650131	95.89518816
7.6313196	100.7126835
9.99806389	105.378591
12.23524182	109.7918077
14.37760439	114.1039658
16.80388263	118.2813939
18.92742479	122.2903763
21.28431077	126.1477264
23.55254512	129.8366752
25.76852494	133.5255795
27.96444063	137.0292246
30.1731959	140.3980954
32.29984736	143.8174954
34.57281882	147.0684941
36.67927812	150.285777
38.93152701	153.469344
41.08511964	156.5687104
42.8256692	159.6680768
44.84133694	162.7843011
47.00956157	165.8668096
49.11843515	168.9998918
51.25212826	172.2340326
53.29563338	175.5860454
55.43283817	178.9717741
57.50416238	182.4248899
59.5473017	186.1306522
61.59931167	189.8364144
63.65148625	193.7443382
65.57054621	197.6522176
67.52774082	201.6780134
69.50373755	205.8217702
71.40514766	209.9149533
73.21073646	214.1091949
74.99854738	218.2697651
76.86346894	222.3966195
78.55015445	226.3719306
80.37077763	230.2798099
82.10624257	233.9350429
81.39618819	237.3039136
83.06407158	240.3527952
84.81897879	243.014167
86.50185998	245.2713491
86.81624679	241.9192918
86.8626851	240.285408
86.88227369	239.4431792
86.88082878	238.8030675
86.90837352	238.3651174
86.90409366	237.9440253
86.91354959	237.657663
86.90915999	237.3544874
86.90923315	237.0849386
86.91717101	236.8659635
86.93818622	236.6975622
86.92313355	236.5459299
86.91861592	236.3438128
86.91431777	236.2090384
86.92938873	236.0405926
86.94899561	235.5857846
86.76433977	232.9749421
86.52801468	230.4482557
86.22359592	227.4499478
85.60522931	222.3629482
84.99030122	217.377007
84.21903021	211.0772157
83.27105951	203.497201
82.22212801	195.3782221
81.12710571	186.6191315
80.06176808	178.2643197
78.94843749	170.1789677
77.81039711	162.0431309
76.69622518	154.2947149
74.91097486	141.610887
73.19745792	130.6957174
71.65623278	120.8080358
70.16179346	111.5604659
68.71854785	103.1045955
67.30163984	95.18773376
66.00502516	88.01199776
64.8883475	81.2573984
63.78127209	75.22711136
62.73020066	69.61791648
61.82352878	64.42985824
60.77770658	59.71342144
60.09152065	55.45179264
59.12154708	51.2912224
57.97664795	46.55792768
56.86309788	40.83082966
55.63880186	35.96280058
54.55694836	31.90329779
53.7094995	28.5512583
53.03236712	25.65402682
52.14334509	23.04314422
51.46710892	20.68492582
50.82781855	18.62990979
50.30101168	16.7938688
49.79803668	15.07573984
49.40822191	13.57659037
48.95914754	12.21219306
48.56408354	10.91517405
48.39285256	9.584465888
47.94013848	8.152690272
47.29267248	6.249275424
46.34835978	3.149904576
44.78494887	-1.65074176
42.75532586	-6.93990304
40.13435057	-11.67315328
37.62706592	-16.82754016
34.99989032	-22.47045088
32.37831146	-28.5512672
29.95733732	-35.0026464
27.35033559	-41.75729024
25.06329912	-48.6130816
22.54884479	-55.468784
20.14623381	-62.3244864
17.69030748	-69.1294816
15.20085558	-75.6818304
12.8448841	-82.03224
10.2323405	-88.0961984
7.72913452	-93.9075104
5.35699468	-99.5337856
2.8215983	-104.8229024
0.36589145	-109.9772448
-2.1077396	-114.8958432
-4.6630355	-119.5613504
-6.9961079	-124.059168
-9.3692354	-128.3038944
-11.9578191	-132.4138464
-14.2660171	-136.3218592
-16.7091953	-140.0950976
-18.9482571	-143.6828544
-21.3168121	-147.2368064
-23.676405	-150.5888192
-25.529182	-153.907472
-27.8326246	-157.0740032
-30.0360209	-160.1395648
-32.1871078	-163.1717664
-34.4115376	-166.32184
-36.4779418	-169.286432
-38.5344694	-172.2003168
-40.5474668	-175.1818112
-42.5756449	-178.180208
-44.4726837	-181.1278976
-46.388927	-184.1431968
-48.3289473	-187.2256608
-50.2338508	-190.3419296
-52.0548032	-193.5084608
-53.7715026	-196.7087968
-55.554046	-199.9429376
-57.1213161	-203.2615904
-58.7249833	-206.5290912
-60.298472	-209.847744
-61.7858148	-213.1490496
-63.2630981	-216.48416
-64.5743082	-219.7013984
-65.8772878	-222.851472
-67.0743683	-225.8667712
-68.3102236	-228.5787168
-68.9505565	-230.1448576
-70.2057992	-233.4128032
-71.2675337	-235.973072
-72.1941051	-238.3821088
-73.2157845	-240.639024
-74.1908244	-242.778512
-75.0879489	-244.833488
-75.8749676	-246.7367872
-76.5493199	-248.471952
-77.3361557	-250.0888
-78.1105543	-251.554416
-78.857335	-252.9186176
-79.226793	-252.143776
-79.2650191	-250.9477088
-79.2930028	-250.1728672
-79.3100125	-249.6342144
-79.3370817	-249.2801536
-79.7153189	-252.1099712
-80.1317822	-253.1881664
-80.3554689	-254.165392
-81.2231465	-257.1971488
-81.2877102	-255.1590752
-81.3444092	-254.1818496
-81.3606873	-253.5586848
-81.3848301	-253.0871968
-81.4022056	-252.7500384
-81.4009253	-252.4471296
-81.4129967	-252.143776
-81.4108019	-251.8742272
-81.432567	-251.7060928
-81.4426265	-251.5206112
-81.4411633	-251.2848672
-81.4303722	-251.1500928
-81.4481135	-250.998416
-81.4482964	-250.8636416
-80.9727564	-244.1765184
-79.7105635	-231.8969248
-78.5357968	-220.7795936
-77.4226674	-210.4878112
-76.4999369	-200.869456
-75.5537952	-191.739936
-74.4690153	-183.0480992
-73.4279485	-174.7267808
-72.2818971	-164.502608
-71.0107421	-154.5137344
-69.7944571	-145.1146656
-68.6264577	-136.2208896
-67.4968673	-127.7140896
-66.401845	-119.7975392
-65.3979069	-112.2003552
-64.3356237	-105.0079392
-63.3849095	-98.1691392
-62.3295765	-91.8863392
-61.044704	-83.8007648
-59.7567222	-76.0523488
-58.6199987	-69.0454144
-56.9942006	-60.3873824
-55.5995881	-52.7901984
-54.3478205	-46.2885568
-53.0565465	-40.64555712
-52.082604	-35.8448752
-51.0159312	-30.58942976
-49.7875748	-25.92352224
-49.0559748	-22.40306368
-48.402656	-19.70793152
-47.9113866	-17.6360976
-47.5263821	-16.0190272
-47.1742996	-14.70517696
-46.8805622	-13.6945024
-46.6226732	-12.81860224
-46.4077657	-12.09428992
-46.1979794	-11.48789408
-45.9955091	-10.83096896
-45.818279	-10.32563168
-45.6635456	-9.7529072
-45.4852181	-9.18018272
-45.3059761	-8.43905696
-45.1025913	-7.5631568
-44.6479019	-6.23244864
-44.0446977	-4.12689888
-43.0054599	-0.96014528
-41.3963057	2.779328352
-39.3227684	6.451405888
-37.0663311	10.46037494
-34.8682389	14.8904495
-32.4863322	19.59003728
-30.2856794	24.27278493
-27.8737771	29.14081402
-25.6491644	33.95831382
-23.647141	38.7252799
-21.4091766	43.49224598
-19.3542951	48.25919872
-17.1247441	53.04302272
-14.9617687	57.89418944
-12.9207876	62.8464592
-10.5840572	67.71448384
-8.2641536	72.6667536
-6.1565969	77.73689536
-3.7613385	82.72288096
-1.496122	87.64143488
0.87012846	92.52631744
3.32596334	97.2090384
5.54858243	101.7065002
7.74513827	106.0691875
10.04527038	110.2466157
12.32738684	114.3061274
14.53925141	118.1129482
16.89013827	121.8692397
19.00047505	125.5413306
21.3526605	128.9775885
23.57996183	132.380175
25.72918315	135.7153299
28.0643589	138.9494707
30.28888015	142.0151658
32.37642759	145.047145
34.62565863	148.0454528
36.69725719	150.9763734
38.95256051	153.8399069
41.07694401	156.7371562
43.22411685	159.499631
45.25611756	162.2789638
47.42260464	165.091968
49.49107561	167.8544874
51.65021011	170.684305
52.88928445	173.4973536
55.0238189	176.377745
57.0640684	179.3086656
59.19240254	182.3237869
61.21474613	185.3894819
63.29214262	188.5393776
65.30759088	191.8072342
67.2062392	195.176105
69.20903078	198.5449757
71.24267759	202.0822922
73.0519061	205.5690794
74.93817209	209.1232538
76.83096761	212.7110995
78.61857734	216.3831904
80.45489334	219.9878941
82.28382018	223.6094557
83.848676	227.079385
85.64338225	230.4145843
87.51512598	233.6992099
88.26366252	232.7727805
88.29971211	231.3073424
88.33481062	230.5156429
88.33510326	229.926105
88.3445409	229.471297
88.34512618	229.1175475
88.36601336	228.8311853
88.30000475	221.487048
88.30432119	221.4365187
88.30953384	221.487048
88.30819867	221.4533766
88.29446288	221.3859894
87.84641275	216.8042826
87.23424645	211.1446029
86.54039701	206.0070294
85.76462666	199.9262131
84.76315771	192.3967722
83.82332606	185.0694483
82.99575843	178.1632166
82.101981	171.5433917
81.20063151	165.2436003
80.32697308	159.1290682
79.49576574	153.233511
78.66816153	147.5569734
77.85264701	142.1498957
77.06890222	136.843921
76.2731409	131.7905926
75.49936416	126.8888966
74.69206185	122.0376854
73.89951957	117.1528029
73.14458153	112.5037533
72.3868817	108.0231494
71.64657566	103.7278493
70.88889412	99.63462176
70.15231924	95.62568384
69.46331665	91.8525344
68.77943526	88.1635856
68.12532999	84.6094112
67.45394067	81.20686912
66.88951127	77.90534112
66.21188506	74.82283264
65.68087149	71.891912
65.08900709	69.06204992
64.52507152	66.24904576
63.90140081	63.65501664
63.34573232	61.12833024
62.81201183	58.73641824
62.27263973	56.44560928
61.76073921	54.2558144
61.29661217	52.13340672
60.82171232	50.17948928
60.34558704	48.191856
59.93989655	46.38948192
59.46589291	44.53662304
58.94364025	42.41420202
58.03546859	38.35470368
56.84742335	33.9077801
55.7212166	30.0672568
54.86630542	26.81628922
54.06310007	24.10433917
53.2222539	21.66190234
52.47777774	19.50581885
51.90065508	17.5687104
51.33139712	15.85058144
50.77565547	14.33458739
50.30962627	13.00387923
49.88292057	11.74054938
49.52974067	10.61197168
49.15457619	9.550776736
48.83380617	8.540111072
48.47543191	7.462071552
48.0251504	6.131363392
47.3623208	4.244788672
46.37215507	1.212796128
44.98747404	-3.0319792
42.61738268	-7.63049952
39.92915506	-12.31326496
37.4959632	-17.34973536
34.78633628	-22.82415584
32.12856151	-28.78710016
29.90978332	-35.1374208
27.27863879	-41.74043232
24.92460605	-48.4783072
22.42222312	-55.2664
20.05410708	-62.0380352
17.59940618	-68.7758656
15.13415195	-75.3451168
12.76973049	-81.6955264
10.18061638	-87.7425824
7.65149347	-93.5200896
5.29424169	-99.1294624
2.76919745	-104.5195488
0.26489407	-109.6569888
-2.1701085	-114.5417824
-4.7135159	-119.1739296
-7.0623177	-123.6886496
-9.4286779	-127.9164736
-11.9991545	-131.9085536
-14.3036945	-135.7827616
-16.7457753	-139.5052928
-18.999652	-143.0596896
-21.3126054	-146.4619648
-23.6963411	-149.8139776
-25.9538758	-153.0988256
-28.2095815	-156.2150944
-30.4257808	-159.2134912
-32.5869272	-162.1780832
-34.8477541	-165.1257728
-36.8905642	-167.9893952
-39.0416511	-170.8192128
-41.0440403	-173.6490304
-43.1508654	-176.4619456
-45.0806433	-179.2415008
-46.9968866	-182.054416
-48.8952057	-184.8842336
-50.8875354	-187.7140512
-52.6783093	-190.5438688
-54.5735191	-193.474656
-56.2924133	-196.405888
-57.8104833	-199.3873824
-59.5235247	-202.4698464
-61.1590165	-205.5523104
-62.718239	-208.6347744
-64.2008264	-211.7510432
-65.6433587	-214.9175744
-67.0077927	-218.0000384
-68.3590579	-221.03224
-69.688558	-224.0306368
-71.0025116	-226.9445216
-72.1039354	-229.8250464
-73.2380983	-232.5707968
-74.4521885	-235.2320352
-75.4610649	-237.7754016
-76.3219752	-240.049664
-77.1395382	-242.3234816
-78.0642806	-244.4122624
-78.9261054	-246.3831712
-79.788296	-248.2357632
-80.6164672	-249.8868608
-81.3894026	-251.469904
-82.1292331	-252.7166784
-82.5795329	-252.3626176
-82.5954452	-251.0660256
-82.6283672	-250.2742816
-82.6625695	-249.6844768
-82.6660446	-249.2632512
-82.6920164	-248.8593728
-82.696406	-248.6067264
-82.6976863	-248.3536352
-82.7139644	-248.0845312
-82.7159763	-247.915952
-82.7121354	-247.713568
-82.7377414	-247.4947264
-82.7404849	-247.3937568
-82.742131	-247.2927872
-82.7448745	-247.0904032
-82.4324813	-242.4413536
-81.8539686	-236.0068768
-81.2244268	-229.8250464
-79.791954	-216.4672576
-78.6504751	-206.6976704
-78.4555037	-204.9625056
-77.6212968	-199.0164192
-77.0166294	-193.2220096
-76.4099501	-187.5116672
-75.8806375	-182.0713184
-75.1953112	-176.7483968
-74.5227879	-171.695024
-73.8155136	-166.6416512
-73.2285875	-161.8578272
-72.6956169	-157.1749728
-72.0986313	-152.5090208
-71.5429811	-148.0792576
-70.9114274	-143.7166592
-70.3704092	-139.4883904
-69.8281107	-135.3784384
-69.2300277	-131.2853888
-68.7254066	-127.3266688
-68.2121892	-123.5872352
-67.6484914	-119.8144416
-67.1411268	-116.2093376
-66.6226053	-112.6215808
-66.1529181	-109.1685984
-65.6362256	-105.7996832
-65.1603198	-102.5148352
-64.6988631	-99.3144992
-64.2192993	-96.181328
-63.7834486	-93.2505408
-63.2501122	-90.2859488
-62.7308591	-87.4730336
-62.3224434	-84.7103808
-61.8648276	-82.0660448
-61.4414141	-79.4381664
-60.9704466	-76.9619648
-60.5569097	-74.5364704
-60.1761119	-72.1781408
-59.788181	-69.853616
-59.3773876	-67.6976704
-59.0318895	-65.50792
-58.6770635	-63.4360416
-58.350587	-61.4820352
-58.014051	-59.4777664
-57.5992338	-57.6247296
-57.2343483	-55.8054976
-56.8445884	-54.0200704
-56.4882992	-52.3187104
-55.8154101	-48.5285696
-54.3840347	-41.06664928
-52.7452507	-33.99201632
-51.6379741	-28.58493856
-50.5689236	-24.45808416
-49.7334364	-21.32500192
-49.1741282	-18.83203136
-48.7051726	-16.94545664
-48.3104744	-15.39577344
-48.0008247	-14.23351104
29.32086361	133.7614125
29.35956525	133.6940253
29.34632329	133.5929667
29.34138499	133.5255795
29.33492862	133.4413789
29.32260116	133.3908051
29.34839006	133.2897466
31.22938853	142.7900074
33.50497546	146.394711
35.88121226	149.4772195
38.14302682	152.3912822
40.40630458	155.2211443
42.5716211	158.0004771
44.76881709	160.7966678
46.8661131	163.609672
48.20309381	166.3890048
50.46611551	169.1178083
52.47989938	171.8970966
54.75598014	174.7270032
56.8202627	177.4389043
58.93546462	180.3866829
61.03969254	183.3007901
63.13625695	186.2990979
65.20245996	189.3310771
67.19773435	192.4809728
69.17250565	195.6477264
71.26274172	198.8481514
73.13265645	202.1833507
75.04293721	205.535408
77.00139383	208.9379501
78.81504852	212.2731494
80.6852376	215.7767946
82.54597075	219.2972531
84.23803352	222.6155946
86.11959898	226.035039
87.93806394	229.3028512
89.62103658	232.419031
91.22735583	235.282609
92.92223526	237.3207715
93.02636023	234.6424973
93.08369938	233.5308086
93.10639727	232.8401677
93.11654822	232.3516883
93.10630582	231.8968803
93.11053081	231.5768467
93.11426197	231.3241558
93.13010111	231.0546515
93.12276682	230.7851472
93.14839111	230.6504173
93.13039375	230.4145843
93.1273759	230.2292806
93.13897176	230.0776928
93.12437634	229.9429184
93.14252002	229.7913306
93.12439463	229.690272
93.13169234	229.5386397
93.13953875	229.471297
93.00013237	226.9614685
92.44343964	222.4471933
91.98013565	218.18552
91.4695703	214.1765821
91.02217861	210.3191875
90.32459801	204.6931792
89.49981046	198.4775885
88.7708808	192.5315021
88.0487916	186.8549645
87.20710409	181.2289117
86.46057945	175.906079
85.68063898	170.7180208
84.96317715	165.6815504
84.3088524	160.7798099
83.59087845	155.4738352
82.71826255	149.5446067
81.68357896	142.9921245
80.67479401	136.5238874
79.68590858	130.3588259
78.76659831	124.4295974
77.82625454	118.719344
76.91819262	113.3459821
76.00583255	108.0231494
75.07812717	102.7845619
74.18391078	97.84915008
73.30465561	93.09899744
72.54092008	88.60153568
71.72363143	84.32309344
70.8871017	80.2299104
70.03367201	76.37251584
69.10044305	71.3697168
67.46004953	63.45285504
65.95578848	56.66458432
64.57699683	50.8364144
63.28936254	45.63149824
62.17188012	41.06664928
61.09853147	37.09137382
59.92350871	32.91396346
58.98064092	29.42717181
58.01288044	26.46255312
57.08482755	23.80114125
56.42450368	21.49345658
55.81568445	19.42159597
55.17811334	17.60239955
54.59173594	15.88427059
54.03114744	14.43565485
53.5657401	13.15548042
53.17607165	11.90899069
52.81076548	10.76357286
52.39666159	9.769751776
52.02559407	8.67486768
51.56688087	7.563139008
51.11091117	6.047140512
50.43579069	3.789989568
49.30896208	0.151601184
47.46787239	-4.29530016
45.03173584	-8.658032
42.38447782	-13.29022368
39.49851701	-18.24249344
37.12913896	-23.59899744
34.39977713	-29.3261088
31.80382256	-35.55851296
29.39400532	-41.95940736
26.95638728	-48.663344
24.46497835	-55.4011744
22.01298437	-62.07184
19.56678832	-68.6072864
17.05966828	-75.0586656
14.62479374	-81.2912032
12.17814044	-87.287552
9.62560633	-93.065504
7.01361143	-98.674432
4.54135213	-104.0480608
2.0878035	-109.0507264
-0.4980367	-113.8848128
-3.0218738	-118.5005024
-5.4200586	-122.8969056
-7.9162778	-127.05712
-10.3001964	-130.9820352
-12.7870877	-134.8224384
-15.2562377	-138.4270976
-17.5823599	-141.9814944
-19.7819153	-145.3504096
-22.1855871	-148.6517152
-24.5186595	-151.8017888
-26.6779769	-154.7494784
-29.0008069	-157.7478752
-31.1197034	-160.6284
-33.3194417	-163.3737056
-35.4462029	-166.2035232
-37.5583321	-168.9323712
-39.6152255	-171.6274144
-41.6194437	-174.306
-43.6035429	-176.9165312
-45.4768047	-179.5782144
-47.5785086	-182.172288
-49.3166073	-184.816624
-51.3742323	-187.4614048
-53.185491	-190.1226432
-55.0788718	-192.767424
-56.7697823	-195.496272
-58.4894081	-198.2415776
-60.227141	-201.0042304
-61.7993494	-203.7837856
-63.442523	-206.6300608
-64.889262	-209.4434208
-66.4539715	-212.3070432
-67.9025395	-215.2040256
-69.2967862	-218.0507456
-70.7235891	-220.914368
-71.9682236	-223.7103808
-73.2218202	-226.489936
-74.5515032	-229.218784
-75.6805449	-231.8462176
-76.6855804	-234.4064864
-77.6845802	-236.8324256
-78.6510238	-239.0724384
-79.6300875	-241.2288288
-80.5731199	-243.3007072
-81.4795723	-245.1702016
-82.2938431	-246.9222688
-83.0618402	-248.5391168
-83.7409479	-250.0888
-84.5190045	-251.469904
-85.2231695	-252.6828736
-85.9401375	-253.9123008
-86.6702743	-254.8557216
-87.3919977	-255.6981728
-88.0509864	-256.5908864
-88.3209468	-255.546496
-88.3739878	-254.2325568
-88.4017886	-253.4577152
-88.4478794	-252.9186176
-88.4493426	-252.5311968
-88.4711077	-252.1606784
-88.4758631	-251.8239648
-88.4868371	-251.554416
-88.5043955	-251.318672
-88.508968	-251.0993856
-88.5065903	-250.9312512
-88.4915925	-250.7457696
-88.5168327	-250.6109952
-88.5102483	-250.4255136
-88.5232342	-250.3076416
-88.5261606	-250.1897696
-88.5159182	-250.0380928
-88.5552417	-249.9371232
-88.5250632	-249.8361536
-87.5125288	-237.4724928
-85.7221207	-220.7795936
-84.0712653	-206.3609568
-82.4436382	-192.9524608
-80.9433095	-180.4878304
-79.4934612	-168.9492736
-78.1259179	-158.1183936
-76.9068894	-148.011648
-75.57428	-138.41064
-74.1836913	-128.6744128
-72.50156	-116.4455264
-70.7559624	-105.3281952
-69.1768038	-95.1035776
-67.6572706	-85.8223808
-66.3881275	-77.3160256
-64.9653484	-69.7526464
-63.7005949	-62.9307488
-62.2141666	-55.1992352
-60.7720001	-48.073984
-59.4580465	-41.25195296
-58.1771978	-35.18795008
-56.9839582	-30.33678336
-56.0725675	-26.42885952
-55.3367608	-23.36316448
-54.6876487	-20.83652256
-54.0034198	-18.54566912
-53.5792747	-16.7938688
-53.1787237	-15.34524416
-52.9109581	-14.19983968
-52.6463018	-13.22283648
-52.4147504	-12.51538208
-52.1989284	-11.87531488
-52.0226128	-11.25206112
-51.8872668	-10.72986592
-51.6571786	-10.2077152
-51.4934831	-9.78657856
-51.2915615	-9.31495712
-51.1430467	-8.79276192
-50.9656337	-8.2706112
-50.7640779	-7.46205376
-50.5103956	-6.5861536
-50.1778834	-5.356504
-49.6853337	-3.4867872
-48.8193022	-0.87590016
-47.3785989	2.223461792
-45.4724151	5.423895648
-43.332668	8.860153568
-41.1182977	12.59961386
-38.7239538	16.7264905
-36.4179506	21.03865747
-33.9961717	25.41820275
-31.7468675	29.94934477
-29.4167215	34.54786954
-27.1449206	39.09585613
-25.1004644	43.67753632
-22.8932272	48.309728
-20.7412258	53.00935136
-18.4295527	57.64154304
-16.3071811	62.44218048
-14.1057967	67.19233312
-11.79705	71.90876992
-9.4683672	76.89471104
-7.156877	81.7122064
-4.786493	86.49598592
-2.525849	91.24613856
-0.0561503	95.7941296
2.28806071	100.2073462
4.64814744	104.485833
6.84572752	108.5453446
9.1680454	112.4700819
11.49162529	116.2600448
13.62661699	119.9489936
16.00903581	123.4694522
18.24820735	126.9057101
20.46718673	130.1903802
22.85324526	133.3908051
24.90168868	136.4733581
27.28171151	139.4379501
29.54648905	142.4194
31.67595717	145.1819194
33.86067938	147.9780656
36.03451904	150.7911142
38.22359427	153.4356726
40.43011816	156.0297018
42.57879078	158.6574022
44.79041758	161.2682893
46.84363469	163.8791763
49.09562752	166.4732499
51.34908355	168.9830339
53.35366755	171.5602496
55.6255599	174.1374208
57.65737771	176.7314499
59.77508536	179.3086656
61.92465419	181.9868954
63.085868	181.380544
63.11613795	179.8645322
63.15337639	179.1570778
64.79894598	185.6421283
66.82710579	188.5899069
68.84966886	191.3355683
71.00980931	194.2159597
72.93730096	197.0794931
74.86215885	200.060943
76.8679317	202.9918637
78.80003243	206.0238874
80.70398485	209.0895379
82.60395005	212.1720909
84.38135396	215.3556579
86.18478454	218.4718822
88.15551375	221.6386358
89.98257501	224.7380022
91.68756881	227.7363101
93.4626316	230.6840886
91.53287199	229.2186506
91.5599229	227.8878979
91.55010117	218.0170742
91.54057208	218.0170742
91.56848262	217.9834029
91.56972634	217.9834029
91.56337971	217.949687
91.5568136	217.9160157
91.45464566	217.2422326
91.29662006	215.7094074
91.11119604	214.1428662
90.99137825	212.6942416
90.74920036	211.1782742
90.63241871	209.7465075
90.36200106	207.590384
89.67651015	202.6550166
88.94048397	196.5741558
88.19417881	190.7965597
87.45145849	185.2884234
86.73278952	179.9487328
86.00887132	174.7606746
85.25651217	169.7242042
84.50850604	164.8898509
83.76320683	159.7859933
82.90282694	153.924152
82.02053563	147.7927619
81.1657159	141.8298621
80.19266961	136.15328
79.32780867	130.4936003
78.39977407	124.8506896
77.46371016	119.4436563
76.63420379	114.2218822
75.76824545	109.3369997
74.89738539	104.5532202
74.11541473	100.1062877
73.28700576	95.70988448
72.52502607	91.61670144
71.78343973	87.4561312
70.96578528	82.84075296
70.08162839	78.44439424
69.21916344	74.30068192
68.33806098	70.44328736
67.65280784	66.7206672
66.9657257	63.26759584
66.2674135	59.98292576
65.58344066	56.9003728
65.06135261	53.91892288
64.48766847	51.19011936
63.80305548	48.54556096
63.37252717	45.76622816
61.93198848	39.97176518
60.8067511	35.15426538
59.71792911	31.11161162
58.87318717	27.75957658
58.18641596	24.94655907
57.32824916	22.41989936
56.56074589	20.21328214
56.11209219	18.27617814
55.61890234	16.50751546
55.16013427	14.99151696
54.72841711	13.62711965
54.32204989	12.38063437
53.96307206	11.20152739
53.53440933	10.1066433
53.12209786	9.011754752
52.76222382	7.765269472
52.30294363	6.266115552
51.47486388	4.025813632
50.2413497	0.421109952
48.61877064	-3.85735008
46.17449504	-8.1358368
43.32090753	-12.44799488
40.62192539	-17.14761824
38.13508896	-22.18408864
35.51868617	-27.59112192
32.78248388	-33.40243392
30.41764175	-39.56749536
27.77832159	-45.901136
25.42372186	-52.4027776
22.89555003	-58.8879616
20.53608516	-65.4238528
18.04398121	-71.875232
15.54867651	-78.0908672
13.20680662	-84.1210208
10.60525531	-89.9154304
8.06561565	-95.5581632
5.56451302	-101.0158592
3.00056595	-106.1702016
0.48978791	-111.1564096
-2.0122658	-115.8054592
-4.5721342	-120.302832
-6.9395918	-124.5644608
-9.3469216	-128.640608
-11.9239826	-132.5486208
-14.214988	-136.2373472
-16.6874302	-139.7410368
-18.9257604	-143.227824
-21.2760254	-146.5464768
-23.5736152	-149.6961056
-25.8373685	-152.8292768
-28.0548481	-155.7938688
-30.3182356	-158.724656
-32.4449968	-161.538016
-34.6809493	-164.300224
-36.7751543	-166.9783648
-38.9262412	-169.5893408
-40.9105233	-172.2172192
-43.0486243	-174.8615552
-44.9237151	-177.4387264
-47.0283454	-179.99944
-48.8853291	-182.5597088
-50.9283221	-185.0861728
-52.7953653	-187.6130816
-54.7887924	-190.156448
-56.3125323	-192.6998144
-58.0930638	-195.2098208
-59.8946288	-197.786992
-61.6689417	-200.280096
-63.4207579	-202.8403648
-64.9247446	-205.4677984
-66.5659063	-207.9947072
-68.1042782	-210.6559456
-69.6033266	-213.3176288
-71.1570621	-215.9117024
-72.5086931	-218.6405504
-73.9823184	-221.3017888
-75.3751019	-223.9127648
-76.4734164	-226.489936
-77.699578	-229.100912
-78.8487387	-231.627376
-80.0233225	-234.0528704
-81.1594973	-236.293328
-82.2243411	-238.5168832
-83.1752382	-240.5887616
-83.9944473	-242.6268352
-84.9073012	-244.4629696
-85.7255958	-246.2314944
-86.5733373	-247.8990496
-87.4355279	-249.4825376
-88.2353496	-250.8974464
-88.6304136	-250.3076416
-88.6651646	-249.0444096
-88.6896732	-248.269568
-88.7026591	-247.7473728
-88.7277164	-247.3768544
-88.7483841	-247.006336
-88.74308	-246.7367872
-88.7679544	-246.450336
-88.7685031	-246.2314944
-88.7840496	-245.5745248
-88.258395	-238.786432
-87.5917245	-232.2002784
-86.8676234	-226.0015456
-86.2108295	-220.0385568
-85.5501947	-214.4122816
-84.9885088	-209.0221952
-84.3562235	-203.7668832
-83.8104499	-198.7304128
-83.2291937	-193.8118144
-82.5210049	-187.4276
-81.3189861	-177.7758848
-79.9927782	-167.702944
-78.7331459	-158.1855584
-77.6480002	-149.2246176
-76.5160321	-140.70136
-75.3096237	-132.5824256
-74.2016155	-124.9011744
-73.1530498	-117.5908864
-72.0792439	-110.6342144
-71.0160462	-104.0311584
-70.0011341	-97.7310112
-69.1272379	-91.8018272
-68.1567705	-86.2098016
-67.2940312	-80.8699776
-66.4700667	-75.9513792
-65.6861573	-71.2351648
-64.8459147	-66.8552192
-64.015	-62.6781024
-63.296203	-58.8376992
-62.5230847	-55.1654304
-61.869583	-51.7627104
-61.2449795	-48.4952096
-60.6344593	-45.5470752
-60.0705786	-42.75110688
-59.5752854	-40.106504
-59.0761513	-37.66406272
-58.5483019	-35.42378304
-58.0063692	-33.30137536
-57.5021139	-31.31374208
-57.1187555	-29.47769664
-56.7110714	-27.86062624
-56.3363093	-26.2941296
-56.00398	-24.87917632
-55.6906723	-23.56532608
-55.4183342	-22.38620576
-55.1856854	-21.30818848
-54.6316813	-19.55634368
-54.0467671	-17.45079392
-53.6447529	-15.90111072
-53.3541248	-14.67146112
-53.1209273	-13.7618896
-52.9360154	-13.02071936
-52.7311674	-12.41432352
-52.5488161	-11.87531488
-52.4003013	-11.40364896
-52.2512378	-10.88149824
-52.1164405	-10.49407744
-52.0319407	-10.15718592
-51.9147018	-9.78657856
-51.7555788	-9.4328736
-51.6074298	-9.06226624
-51.4563544	-8.658032
-51.3056448	-8.203224
-51.1582274	-7.8158032
-51.0104442	-7.20940736
-50.7856601	-6.48509504
-50.5100298	-5.50813632
-50.1065524	-3.99212448
-49.383	-1.76865824
-48.2598111	0.926442784
-46.5026908	3.874212448
-44.4821945	6.889360416
-42.3435448	10.14033245
-39.9945601	13.96401117
-37.5952779	18.00666493
-35.2989684	22.20091987
-32.8738973	26.44570854
-30.6372132	30.94316586
-28.2247622	35.50800147
-25.9622892	40.14021094
-23.9847744	44.65449504
-21.6191458	49.23620192
-19.40569	53.95263872
-17.2321064	58.61850176
-14.902692	63.43599712
-12.8531146	68.18614976
-10.4719395	73.03731648
-8.0518067	77.80428256
-5.8767599	82.68916512
-3.4811357	87.54037632
-1.1063621	92.2399552
1.24812789	96.78794624
3.7342693	101.1506336
5.99860788	105.4122624
8.25460622	109.4717741
10.58851996	113.4133693
12.84034818	117.1865187
15.07951972	120.8417517
17.43931381	124.3453968
19.5834688	127.7984682
22.00702183	131.0999962
24.21105828	134.2330339
26.45990523	137.3324003
28.81843731	140.3138947
30.97406013	143.2279574
33.14819243	146.0578195
35.3816392	148.8371523
37.50626047	151.5827693
38.71191898	151.077432
35.35981923	144.4070778
35.36082518	144.4070778
35.35614294	144.3733619
35.34893668	144.3733619
35.36483069	144.356504
35.35413104	144.3059747
37.42141316	154.9011107
39.70184694	158.7247894
41.90321305	161.3356765
44.21411797	163.9802349
46.41561211	166.5069213
48.63587179	169.067279
50.77086349	171.5265338
52.91613417	174.1205629
55.08552936	176.6809206
57.1822218	179.2749942
59.35556763	181.8353075
61.45818603	184.4630525
63.50275197	187.2255274
65.48355897	189.8532723
67.68549207	192.6494186
69.6316761	195.4118934
71.59203488	198.2417555
73.60558098	201.1390048
75.53526743	204.0699254
77.44143294	206.9671747
79.40305373	209.9149533
81.20911807	212.9469325
83.07341777	215.9957696
85.06406479	219.0446067
86.87974967	222.0934438
88.64268619	225.0580358
90.4619742	228.0563437
92.25905815	230.8020051
94.02369564	233.4128922
95.76980536	235.8384755
97.47922534	237.8598246
99.0615664	239.7800707
99.54008767	237.1355123
99.56280385	235.737417
99.60457821	234.8614723
99.6148389	234.356135
99.64262141	233.8508422
99.65513177	233.5139507
99.66173446	233.1602013
99.65750947	232.8401677
99.66215513	232.5875213
99.65714367	232.419031
99.67038563	232.1327133
99.6601981	231.9642675
99.67512274	231.8294931
99.67982327	231.627376
99.66870295	231.4757437
99.67314742	231.3578717
99.67375099	231.2230973
99.67956721	231.0883674
99.68834641	231.0209802
99.67497642	230.8188186
99.61913705	229.7408013
99.49118021	228.780656
99.40552814	227.8373686
99.30401864	226.8267386
99.01922505	224.6032723
98.56684019	220.4427021
98.15394344	216.5684941
97.64540828	212.2226202
96.97731116	206.9334589
96.09655621	200.3641632
95.26405028	193.9801267
94.40367039	187.8319232
93.62400427	182.0374691
92.59189957	174.9796496
91.46746695	167.1469885
90.31192304	159.7523219
89.24797545	152.5934438
88.25649284	145.8051286
87.24260498	139.3200336
86.20473893	133.0876294
85.16089205	127.158401
84.17571949	121.3976182
82.55798728	111.9647446
80.58723978	100.8474579
78.72758574	90.79133056
77.0994831	81.83012288
75.73607334	73.79534464
74.4269483	66.70385376
73.11910356	60.35348864
71.97336309	54.66009312
70.82989058	49.00036896
69.52147885	43.18904806
68.20522071	37.98412746
67.1484428	33.60458218
66.35749175	29.86512634
65.38885335	26.78260006
64.54334323	24.07065002
63.83087457	21.67874246
63.23826028	19.50581885
62.70613102	17.61924413
62.08957512	16.00218262
61.59307478	14.46933955
61.16338781	13.07125754
60.77300605	11.84161238
60.39983518	10.62881626
60.11553542	9.500243008
59.66302253	8.253757728
59.14177582	6.771448384
58.44004339	4.615364896
57.41712027	1.195951552
55.69592153	-3.25095424
53.37283547	-7.63049952
50.7777954	-11.87531488
47.98895449	-16.2716736
45.18842627	-20.88705184
42.65189591	-25.80560576
39.96350368	-30.90946336
37.51825871	-36.4344576
34.82139821	-42.26258304
32.41875065	-48.2590208
29.87885493	-54.441296
27.41467981	-60.6902912
24.96586829	-66.8721216
22.49516364	-72.93608
20.04377323	-78.8990688
17.49156834	-84.6094112
15.13444459	-90.0840096
12.69091888	-95.4233888
10.16166794	-100.611536
7.52148815	-105.5470368
5.04617442	-110.3139584
2.57038515	-114.8282336
0.03782372	-119.190832
-2.5210936	-123.3012288
-4.8837958	-127.3102112
-7.3908061	-131.0830048
-9.7743589	-134.7045664
-12.2592383	-138.1744512
-14.7042455	-141.5771712
-17.051767	-144.7775072
-19.2730875	-147.893776
-21.6902939	-150.94288
-24.0383641	-153.8736672
-26.2695612	-156.7372896
-28.6318976	-159.4994976
-30.7023256	-162.2621504
-32.9571168	-164.8900288
-35.1158855	-167.3995904
-37.2254541	-169.8926944
-39.3183788	-172.4360608
-41.4334344	-174.8615552
-43.4237522	-177.3043968
-45.344568	-179.7298912
-47.4834006	-182.1553856
-49.3809881	-184.58088
-51.4219692	-186.9899168
-53.2919388	-189.3308992
-55.2721971	-191.6389664
-57.0293174	-194.0644608
-58.8339917	-196.3382784
-60.6849397	-198.7304128
-62.4923575	-201.0882976
-64.1560159	-203.3794624
-65.7605976	-205.7880544
-67.3242097	-208.146384
-68.9373877	-210.5380736
-70.5589791	-212.963568
-72.0128512	-215.3557024
-73.478246	-217.7811968
-75.0343592	-220.2066912
-76.3486786	-222.6326304
-77.5739257	-225.0412224
-78.8780027	-227.4164544
-80.1508038	-229.808144
-81.4332986	-232.0819616
-82.5594139	-234.12048
-82.687261	-232.1326688
-83.6546191	-236.5797792
-84.8196921	-238.937664
-85.7972926	-240.7737984
-86.8381765	-242.5089632
-87.7967554	-244.1934208
-88.6889416	-245.8102688
-89.4649863	-247.2589824
-90.3085211	-248.6738912
-91.0796275	-249.9878304
-91.8602447	-251.2679648
-92.627876	-252.4133248
-93.3382596	-253.4746176
-94.1177794	-254.434496
-94.8415147	-255.2093376
-95.5041614	-256.017984
-96.145043	-256.7087584
-96.5702855	-256.1865632
-96.6119867	-254.6871424
-96.6374098	-253.8789408
-96.6725266	-253.2388736
-96.7021564	-252.8007456
-96.6953891	-252.4302272
-96.7076434	-252.0597088
-96.7237386	-251.8573248
-96.719349	-251.5375136
-96.743126	-251.3689344
-96.7445892	-251.116288
-96.7548316	-250.9646112
-96.7531855	-250.7964768
-96.7537342	-250.5940928
-96.7531855	-250.4593184
-96.7562948	-250.2907392
-96.7630621	-249.6342144
-96.1490668	-242.1384448
-95.0021009	-231.0544736
-93.672235	-219.5497216
-92.5210624	-208.8705184
-91.3119105	-198.9154496
-90.15141	-189.5501856
-89.1140012	-180.5888
-87.9478308	-172.1162496
-86.6007723	-161.6727904
-85.0256375	-150.033264
-83.5229311	-139.2526464
-82.0255288	-129.0111264
-80.6096999	-119.5613504
-79.2955634	-110.650672
-78.151341	-102.3297984
-76.816171	-94.6151872
-75.515752	-87.3382592
-74.2511814	-79.3874592
-72.7920052	-71.6897504
-71.5464562	-64.7668832
-70.308589	-58.230992
-68.8102722	-50.8868992
-67.6289211	-44.553392
-66.2458313	-38.2367872
-64.7164215	-31.86960864
-63.5195239	-26.83313824
-62.5603963	-22.95893024
-61.8306253	-20.06168096
-61.2394925	-17.80454336
-60.77767	-16.06955648
-60.426502	-14.67146112
-60.1128285	-13.559728
-59.817445	-12.68382784
-59.530292	-11.85845696
-59.3468433	-11.16786048
-59.054752	-10.56142016
-58.8563055	-9.8876816
-58.6587735	-9.26442784
-58.4758735	-8.57378688
-58.2567593	-7.79894528
-57.9143705	-6.63668288
-57.5255251	-5.27230336
-56.9171997	-3.30148352
-55.8342488	-0.72431232
-54.3412361	2.40874768
-52.362441	5.407051072
-50.1775176	8.455888192
-47.9839979	11.67317107
-45.5560004	15.2778703
-43.1475732	19.0847089
-40.697079	22.9589169
-38.2354279	26.91735667
-35.952653	31.04423331
-33.6278111	35.22164368
-31.4255122	39.4327432
-29.046349	43.7280656
-26.802166	48.0570816
-24.7986794	52.53768544
-22.3982998	56.95094656
-20.2265452	61.53260896
-17.915055	66.04688416
-15.6004555	70.64540448
-13.459611	75.27764064
-11.0054588	79.92669024
-8.539601	84.54206848
-6.3801007	89.10687296
-3.948811	93.50327616
-1.6117148	97.81543424
0.78747595	101.9760045
3.25000497	106.0186582
5.47344711	109.9097242
7.71596572	113.5480992
10.02796804	117.2707194
12.32350936	120.7238352
14.48244267	124.1432352
16.87528679	127.3605181
19.00466346	130.5946589
21.34452145	133.5592509
23.58872274	136.5575587
25.80265408	139.3874208
28.13461079	142.1836115
30.31004168	144.9460864
32.43866846	147.4559149
34.69035036	150.1510026
36.77914152	152.6776445
39.06862885	155.1200858
41.22878759	157.6299142
43.37376563	160.0049683
45.45278993	162.3126797
47.65371708	164.7214051
49.78942209	167.1133171
52.00256696	169.4378419
54.07817103	171.7623667
56.28028703	174.0532202
58.40467053	176.3440291
60.49805248	178.6180246
62.64012241	180.9594074
64.77244377	183.317648
66.80802932	185.608457
68.84756551	187.9329818
71.03155612	190.3080358
73.01177784	192.6325606
74.9248021	195.0076592
76.96792313	197.4332426
78.93660386	199.841968
80.88803712	202.2844093
82.86123548	204.7268506
84.72072491	207.236679
86.63438932	209.6959782
88.68614323	212.2057622
90.54949185	214.6819194
92.37024306	217.1748899
94.33738743	219.6510026
96.20241873	222.1271152
97.99531427	224.6200858
99.8531576	226.9614685
101.6367984	229.2017926
103.3603748	231.408401
104.0185222	229.7744726
104.0827567	228.1742602
104.0997847	227.3488893
104.1021075	226.7256355
104.1215132	226.2540141
104.1184771	225.933936
104.1265064	225.5633731
104.1499359	225.2938688
104.140169	225.0243645
104.1287926	224.8390608
104.1376267	224.6200858
104.1344076	224.4853558
104.1353039	224.215807
104.1417236	223.3230934
103.8371037	220.1731533
103.0431531	213.6881027
102.3261302	207.9609914
101.6041873	202.2844093
100.9034243	196.9615766
100.1892729	191.8409056
99.48765024	186.8717779
98.82330257	182.1048118
98.10611509	177.4389043
97.48476721	172.8740998
96.82907071	168.5114125
96.20095553	164.2665971
95.52943818	160.1060269
94.83670443	155.6759523
93.38171664	146.5968282
91.93920263	137.1134253
90.49281114	128.2532762
88.19533108	119.9489936
86.45236724	110.3476742
83.6846147	95.12034656
83.00429986	92.27362656
83.01474345	92.61051808
82.80162837	91.4651136
82.1332569	87.5235184
81.17711057	82.75655232
79.17031348	72.51516576
77.32380995	63.89080512
75.68312379	56.512952
74.02173335	49.00036896
72.38719263	42.75109354
70.98533729	37.5630175
69.72928983	33.09924934
68.66312915	29.51139024
67.68481534	26.36149011
66.77457691	23.70007379
65.92471377	21.20710323
65.1740373	19.11839805
64.53525905	17.1812896
63.94571748	15.44631606
63.354731	13.86294371
62.80288512	12.48170182
62.27216419	11.03308163
61.80951864	9.601310464
61.25770934	7.849492352
60.33582018	5.305988064
58.92021076	1.431775616
57.05697188	-3.21728288
54.49258585	-7.47891168
51.68532691	-11.47103616
48.78005186	-15.58107712
45.98932708	-19.8932352
43.30647672	-24.40755488
40.51224026	-29.27557952
38.01254596	-34.41310848
35.35610636	-39.87071552
32.74484306	-45.5639776
30.21721993	-51.4931616
27.64939538	-57.5740224
25.17702634	-63.6046208
22.62915618	-69.6854816
20.17383342	-75.6146656
17.74442759	-81.4593376
15.27626525	-87.051808
12.80996849	-92.4756992
10.30731121	-97.7310112
7.69630397	-102.7674816
5.26955019	-107.6358176
2.78898723	-112.3017696
0.26346745	-116.7484352
-2.2408908	-120.976704
-4.7144304	-125.0359488
-7.2165024	-128.960864
-9.5404298	-132.6833952
-12.1141986	-136.271152
-14.4920815	-139.7579392
-16.8741711	-143.0089824
-19.1446917	-146.1755136
-21.5787249	-149.24152
-23.9844086	-152.2230144
-26.2148741	-155.1538016
-28.6264106	-157.9164544
-30.8274292	-160.7124672
-33.084781	-163.3065408
-35.3150636	-165.8161024
-37.4758442	-168.3261088
-39.563099	-170.8361152
-41.7081502	-173.2616096
-43.7732741	-175.6532992
-45.7592023	-178.0454336
-47.972841	-180.470928
-49.9247498	-182.7447456
-51.9854841	-185.0528128
-53.9017274	-187.3435328
-55.9275278	-189.6173504
-57.823835	-191.8916128
-59.7135578	-194.1316256
-61.6142546	-196.3382784
-63.4106984	-198.5618336
-65.0895375	-200.8356512
-66.8450117	-202.9582368
-68.5158032	-205.1986944
-70.2078111	-207.3377376
-71.887016	-209.5612928
-73.3485699	-211.784848
-75.0963623	-214.0586656
-76.5485883	-216.3324832
-77.9256424	-218.623648
-79.3989019	-220.8974656
-80.9144113	-223.1712832
-82.2786624	-225.462448
-83.5984688	-227.753168
-84.8798662	-230.0269856
-86.0902984	-232.2336384
-87.395107	-234.474096
-88.5698737	-236.4783648
-89.5739947	-238.348304
-90.6377411	-240.2685056
-91.6400331	-241.986768
-92.5741034	-243.688128
-93.4897008	-245.2378112
-94.4413295	-246.6358176
-95.2844985	-247.915952
-96.1004154	-249.2298912
-96.8724363	-249.8699584
-96.9532781	-248.0000192
-96.9915042	-246.9556288
-97.0337541	-246.2483968
-97.0546047	-245.7092992
-97.0712486	-245.2880736
-97.0844174	-244.9175552
-97.0937453	-244.597744
-97.1025245	-244.3615552
-97.1061825	-244.1089088
-97.1354465	-243.9069696
-97.1314227	-243.688128
-97.1456889	-243.5026464
-97.1535536	-243.3509696
-97.1665395	-243.1828352
-97.1584919	-243.0311584
-97.1648934	-242.896384
-97.1456889	-242.7278048
-95.5760411	-225.7653568
-93.5072592	-208.382128
-91.4843852	-192.885296
-89.7477497	-178.7526656
-87.9626457	-165.7996448
-86.3028282	-153.8060576
-84.7767106	-142.638464
-83.2665053	-132.2119072
-81.5680959	-121.2293504
-79.8014648	-109.471952
-78.2605323	-98.674432
-76.4373851	-88.9217472
-74.9580899	-79.9941664
-73.1589026	-69.9883904
-71.1546844	-59.5956384
-69.4593843	-50.9878688
-68.0217903	-43.71120768
-66.7272241	-37.66406272
-65.4388765	-32.22335808
-64.141201	-26.91733888
-63.1529923	-22.9926016
-62.3648762	-20.01115168
-61.7241775	-17.7034848
-61.2314449	-15.91796864
-60.8649133	-14.57040256
-60.5675179	-13.42499808
-60.2970088	-12.43118144
-60.0237562	-11.65633984
-59.8108606	-10.96569888
-59.5542519	-10.35930304
-59.3676939	-9.73604928
-59.1387031	-9.14651136
-58.9135532	-8.5906448
-58.7061446	-7.86633248
-58.4550229	-7.02410368
-58.1290951	-5.82816992
-57.6241082	-4.329016
-56.850807	-2.05502048
-55.5569724	0.623244864
-54.5018223	2.341373824
-53.4978842	2.004482304
-53.4922143	2.122394336
-53.4984329	2.055016032
-53.4980671	2.071860608
-53.3330913	2.829857632
-51.4477581	6.01345136
-49.4517704	9.129666784
-47.1188809	12.21219306
-44.8589685	15.59791725
-42.5595497	18.96679686
-40.2513517	22.40305478
-37.8542643	26.14251062
-35.5085718	30.03356765
-33.1692808	34.12675958
-30.8572419	38.25364067
-28.426318	42.41420202
-26.2521857	46.74323136
-24.1139018	51.05538944
-21.7442494	55.485464
-19.4433674	59.96606784
-17.2802091	64.54773024
-14.8651975	69.12943712
-12.6526562	73.7616288
-10.2105754	78.39386496
-7.7909913	83.1271152
-5.4793182	87.65824832
-3.0796702	92.15571008
-0.6591716	96.5689712
1.72002818	100.8137421
4.17002855	104.8900672
6.39178801	108.8990496
8.72003185	112.7564442
11.08937332	116.4790198
13.34387188	120.1174394
15.69060691	123.6042266
17.99386661	126.9730973
20.28668272	130.2577674
22.72929393	133.3739917
24.86944341	136.4733581
27.29650812	139.454808
29.62658096	142.2846701
31.8125286	145.0976742
34.08710958	147.7927619
36.30879588	150.4878941
38.54628474	153.0650653
40.85408036	155.642281
43.02488388	158.1857808
45.19272442	160.6618934
47.41510574	163.1043347
49.6205871	165.4625754
51.86250214	167.8881587
54.01192465	170.2800707
56.22964202	172.6045955
58.38654514	174.9796496
60.52806637	177.2536451
62.71968391	179.6960864
64.90991141	182.0374691
66.94824046	184.2609354
69.00875528	186.6528029
71.21350504	188.9605142
73.24490218	191.2681811
75.19474421	193.6095638
77.30043533	196.0182893
79.28554048	198.3091427
81.2403391	200.6168096
83.30557274	202.907663
85.14402867	205.2659037
87.09741896	207.4893699
89.19151422	209.763321
91.05455191	211.9867872
92.93864139	214.2439693
94.80224607	216.5347782
96.75185033	218.6908573
98.65152289	220.813265
100.4589956	222.8682854
102.2156586	224.7885315
103.9725594	226.7088221
105.8342071	228.6290682
107.5062423	230.5325008
109.4075061	232.435889
111.2131863	234.13716
111.8270536	231.7452925
111.877534	230.0776928
111.9134739	229.0670182
111.9399761	228.3595638
111.9412015	227.8205552
111.9496149	227.3825606
111.9651614	227.0119978
111.972514	226.7088221
111.9648139	226.4224598
111.965198	226.1866269
111.9630946	225.933936
111.985445	225.7992061
111.9782022	225.580231
111.9579003	225.3949274
111.9724774	225.2096682
111.9710325	225.0243645
111.9782388	224.8896346
111.9763915	224.7885315
111.9689109	224.6369437
111.9971506	224.5190272
111.9985041	224.4853558
111.9836343	224.3169101
111.9893957	224.215807
111.9802507	224.0810771
112.0025462	224.0136899
111.9850609	223.9126314
111.9936024	223.7947149
112.0077222	223.7441856
111.9928525	223.6768429
111.9857194	223.5252106
111.9983212	223.5083526
111.9951204	223.424152
111.9960715	223.3736227
112.0054543	223.3062355
111.9939682	223.2220349
111.9791533	223.1041184
111.9936938	223.0535446
111.9785314	223.0198733
111.9776718	222.9862019
111.9737394	222.9019568
111.9806347	222.8682854
111.9746722	222.8177562
111.9964922	222.733511
111.9718738	222.6829818
111.9849878	222.5987811
111.9927793	222.5650653
111.9864693	222.4977226
111.9704106	222.514536
111.9772328	222.3798061
111.9849878	222.3629482
111.9836526	222.3798061
111.9826101	222.278703
111.9842745	222.2450317
112.0009732	222.1439731
112.0020889	222.1776445
111.9836526	222.059728
111.9936572	222.0429146
111.9893225	221.941856
111.9784582	221.8913267
111.9761537	221.8576109
111.9750746	221.8239395
111.9888652	221.7902237
112.0026742	221.7902237
111.9867619	221.6723517
111.9735016	221.6891651
111.989542	221.6554938
111.9867619	221.5544352
111.9917734	221.5544352
111.9899992	221.5039059
111.9846037	221.4533766
111.9912247	221.4365187
111.9846403	221.4196608
111.994023	221.3522736
111.9763	221.3186022
111.9865424	221.3017443
111.9927244	221.2175437
111.9891396	221.2175437
111.9978822	221.1164406
111.9738674	221.1501565
111.985317	221.0996272
111.9945169	221.1164406
111.9884263	221.0154266
111.9838538	220.9648528
111.9831953	220.9817107
111.9781107	220.9143235
111.9859937	220.8301229
111.9781473	220.813265
111.9745442	220.7795936
111.9830856	220.7458778
111.990804	220.7122064
111.9872923	220.7122064
111.9833782	220.6784906
111.9849695	220.6616771
111.9738674	220.6448192
111.9864144	220.5606186
111.9729529	220.5437606
111.9906028	220.5269027
111.9804336	220.4763734
111.9831953	220.4427021
111.9894688	220.4089862
111.992066	220.358457
111.9971872	220.3079277
111.993456	220.341599
111.8062213	218.6066566
111.4806044	215.4230451
110.7296902	209.6117331
109.777275	203.3287997
108.7173878	195.3276928
107.455579	186.972881
106.2593947	178.1126874
105.0217287	169.6904883
103.7486167	161.8073424
102.6007546	153.9746813
101.3368607	145.9230451
100.0791306	138.3094035
98.82615581	131.0494669
97.73585233	124.1937645
96.63216057	117.6749981
95.4478282	111.425736
93.4849454	100.9316586
91.14313038	90.45443904
89.54553546	82.50390592
87.95933521	75.26078272
86.64836288	68.80940352
85.3747936	62.9138464
84.13365249	57.60787168
82.99230162	52.75666048
81.77107832	47.63598944
80.41642947	42.04362579
79.1176017	36.95661722
77.93308643	32.66129482
76.92150311	29.15765859
76.0090333	26.14251062
75.16012124	23.54847261
74.3367786	21.27448154
73.58101751	19.21946106
72.97243605	17.40026909
72.39988589	15.81689229
71.89848383	14.4019657
71.48143525	13.10494669
70.99728066	11.90899069
70.63151724	10.83095117
70.22827761	9.803440928
69.91656114	8.843308992
69.52268599	7.765269472
69.09232229	6.535628768
68.45374523	4.85118896
67.53913549	2.240306368
66.16056332	-1.51601184
64.14974243	-5.72711136
61.58310673	-9.6181328
58.81133039	-13.79556096
55.87220055	-17.97298912
53.01252247	-22.1503728
50.2146463	-26.2267424
47.48817429	-30.420984
44.62547836	-34.91844576
41.88680692	-39.61802464
39.33494954	-44.6543616
36.67867455	-49.7584416
33.99628144	-55.1823328
31.44716756	-60.6733888
28.76380508	-66.2658592
26.24455877	-71.7066528
23.64437921	-77.2315136
21.10331293	-82.58824
18.55524158	-87.7928448
16.00934674	-92.7790528
13.54762248	-97.6976512
10.88242197	-102.4645728
8.28999737	-107.0126528
5.85940269	-111.3414464
3.24331083	-115.519008
0.70696337	-119.5782528
-1.7750445	-123.4191008
-4.3157084	-127.1585344
-6.7347438	-130.7124864
-9.1153702	-134.1654688
-11.7112699	-137.5174816
-14.0551334	-140.7351648
-16.5493407	-143.8678912
-18.7924263	-146.9338976
-21.1567746	-149.8815872
-23.601416	-152.6945024
-25.8648035	-155.4736128
-28.1305687	-158.1855584
-30.392493	-160.7631744
-32.5633331	-163.272736
-34.8130031	-165.7996448
-36.9139754	-168.2420416
-39.0506132	-170.7013408
-41.1482933	-173.0423232
-43.2205503	-175.4006528
-45.1786777	-177.74208
-47.3058047	-179.914928
-49.2339365	-182.2394528
-51.3286902	-184.463008
-53.2683447	-186.6189536
-55.3256039	-188.808704
-57.0805294	-190.9819968
-59.0296947	-193.0538752
-60.9018591	-195.2098208
-62.7418331	-197.315504
-64.4857846	-199.3535776
-66.2216885	-201.425456
-67.896138	-203.5475968
-69.5462618	-205.5692128
-71.2894817	-207.6579936
-72.8170625	-209.6622624
-74.5048637	-211.7341408
-76.1107257	-213.755312
-77.4927181	-215.7938304
-78.9467731	-217.7980992
-80.4811212	-219.769008
-81.9615138	-221.706112
-83.3308861	-223.5756064
-84.6280129	-225.4793504
-85.9642803	-227.4164544
-87.2946949	-229.1511744
-88.6701029	-230.9032416
-89.7841468	-232.536992
-90.9709849	-234.2214496
-92.1717234	-235.737328
-93.2663799	-236.4783648
-94.403835	-237.9439808
-95.5187934	-239.2748224
-96.4936504	-240.2347008
-96.6385072	-237.9270784
-96.7014248	-236.8324256
-96.7405654	-236.1585536
-96.7405654	-235.6025536
-96.7754993	-235.2151328
-96.7808034	-234.8615168
-96.7890339	-234.5248032
-96.8091529	-234.238352
-97.4950279	-239.6791456
-98.3226504	-241.1612192
-99.1839265	-243.9910368
-100.4581908	-245.6923968
-101.6464921	-246.6696224
-102.2568294	-245.6083296
-102.546543	-245.1199392
-103.5210342	-248.5729216
-104.4289498	-249.414928
-105.1446375	-249.297056
-105.2503537	-247.4275616
-105.2966274	-246.3662688
-105.319307	-245.7262016
-105.6871189	-248.4043424
-106.7415374	-251.9418368
-107.6929832	-252.7335808
-107.8407664	-250.3752512
-107.8994773	-249.1960864
-107.956725	-248.4212448
-107.9623949	-247.8821472
-107.9733689	-247.4609216
-108.0035474	-247.124208
-108.0183623	-246.7874944
-108.0227519	-246.534848
-108.0479921	-246.2822016
-108.0414077	-246.1305248
-108.0382984	-245.8778784
-108.0615267	-245.776464
-108.0611609	-245.5238176
-108.0551252	-245.3725856
-108.0600635	-245.2209088
-108.0750613	-245.1030368
-108.0640873	-245.0185248
-108.0671966	-244.8672928
-108.0946316	-244.7996832
-108.0896933	-244.6480064
-108.1072517	-244.5301344
-108.1087149	-244.4460672
-108.1061543	-244.3784576
-108.1068859	-244.277488
-108.1193231	-244.1765184
-108.1315774	-244.0920064
-108.124993	-244.0586464
-108.119506	-243.923872
-108.1215179	-243.8900672
-108.1308458	-243.7890976
-108.1156651	-243.7383904
-108.1227982	-243.6712256
-108.1310287	-243.570256
-108.1271878	-243.5026464
-108.134138	-243.4016768
-108.1233469	-243.3509696
-108.1416369	-243.3007072
-108.1301142	-243.2669024
-108.1394421	-243.1828352
-108.1295655	-243.1659328
-108.1467581	-243.014256
-108.1394421	-242.9635488
-108.1471239	-242.9466464
-108.1452949	-242.8794816
-108.1266391	-242.778512
-108.1334064	-242.7447072
-108.1443804	-242.694
-108.1441975	-242.6770976
-108.150599	-242.5592256
-108.1449291	-242.5089632
-108.1471239	-242.4751584
-108.1365157	-242.4079936
-108.1463923	-242.340384
-108.1529767	-242.2563168
-108.1485871	-242.2394144
-108.1478555	-242.2394144
-108.1374302	-242.1549024
-108.1570005	-242.1384448
-108.1473068	-242.0877376
-107.6776196	-236.2426208
-106.4840142	-225.6141248
-106.4735889	-225.7319968
-106.4745034	-225.7822592
-106.4534699	-225.6474848
-105.2018852	-213.957696
-103.7818496	-201.2061696
-102.2762168	-189.5501856
-100.8117365	-178.6855008
-99.4410839	-168.4439808
-98.0850633	-158.8260704
-96.7809863	-149.6623008
-95.464655	-140.6675552
-93.5815166	-127.933376
-91.7890966	-115.9735936
-89.7426285	-103.6268352
-87.6831745	-91.5660832
-85.8516139	-80.7859104
-84.1001635	-71.2351648
-82.4615624	-62.8128768
-81.0894466	-55.3340096
-79.8643824	-48.8319232
-78.2085887	-41.6561872
-76.8207435	-35.60908672
-75.7500469	-30.7410176
-74.4959016	-25.97405152
-73.604447	-22.45359296
-72.8580321	-19.67426016
-72.3016503	-17.5013232
-71.8239155	-15.8842528
-71.4120247	-14.57040256
-71.089572	-13.47552736
-70.7881528	-12.65015648
-70.5412378	-11.89212832
-70.3484612	-11.21838976
-70.1633664	-10.595136
-70.0497855	-10.05612736
-69.8643249	-9.53393216
-69.6942279	-9.0454528
-69.498342	-8.40534112
-69.315442	-7.69788672
-69.0456645	-6.7883152
-68.7023612	-5.67658208
-68.1615259	-4.05951168
-67.3262216	-1.75180032
-66.0075126	1.1622624
-64.2642927	4.07634736
-62.3145787	6.838826688
-59.9099924	9.7529072
-57.6603224	12.90281178
-55.0896629	16.05271635
-52.4511475	19.28683936
-50.1071011	22.48727766
-47.6123451	25.78877898
-45.1614851	29.2250369
-42.8183532	32.71182854
-40.3396924	36.28284307
-38.0757562	39.98860976
-35.6406256	43.74491018
-33.4238776	47.5348864
-31.0304482	51.51019744
-28.6898769	55.485464
-26.5649447	59.57864704
-24.2002306	63.70554592
-21.9467197	67.86611616
-19.4964084	71.97611264
-17.2052201	76.1535408
-14.8750741	80.3477824
-12.4620744	84.47468128
-10.046697	88.5510064
-7.6830803	92.5599888
-5.2358783	96.41733888
-2.9306067	100.2410176
-0.4753571	103.9804957
1.86550684	107.5683414
4.30332607	111.1056579
6.50189381	114.4913866
8.80707396	117.8265859
11.18907211	121.0270109
13.4296154	124.0590346
15.70736055	127.1246851
18.01550368	129.8872045
19.99951143	131.7400634
20.14694712	129.8198173
20.17842421	128.9944464
20.19634841	128.505967
20.19612893	128.1185462
20.2062433	127.832184
20.20134158	127.5626352
20.22334445	127.3436602
20.22623427	127.1920723
20.21860734	126.9394259
20.23283696	126.7878381
21.63090627	133.4413789
23.93765936	137.1639546
26.30034327	139.7411702
28.67734825	142.1836115
30.82569165	144.575479
33.01853462	146.8663325
35.33324386	149.1235146
37.4131095	151.4143235
39.74173743	153.5367312
41.89443385	155.6591389
44.12506396	157.7141149
46.2102337	159.8028512
48.48121155	161.7904845
50.76179165	163.7107306
52.83540211	165.6983638
55.06667237	167.6017965
57.22829431	169.4378419
59.46033275	171.2738874
61.63530639	173.076217
63.83213658	174.9459782
66.00208047	176.7651658
68.05752896	178.4832947
70.19645301	180.3698694
72.43194826	182.1385277
74.42519246	183.9577152
76.5024975	185.6589862
78.61775429	187.3771152
80.06207901	186.9223517
80.14065285	184.799944
80.16499684	183.8229853
80.18749354	183.199687
80.18990782	182.7112077
80.19495586	182.3406448
80.21315441	182.0374691
80.20305833	181.7679203
80.21534921	181.4816026
80.22047041	181.3468282
80.23625468	181.0941818
80.22456737	180.9088781
80.22498804	180.7572902
80.2349378	180.6056579
80.24817976	180.4877859
80.22612202	180.3698694
80.22566477	180.2182816
80.24168681	180.1677078
80.22996292	180.01612
80.24666169	179.9487328
80.23431594	179.8476742
80.22266521	179.7634736
80.24258302	179.6118413
80.22950567	179.5781699
80.2535936	179.5107827
80.24684459	179.4265821
80.22859117	179.3760528
81.63454347	188.000369
83.7550312	191.9756355
85.73861828	193.676951
87.971242	195.1929184
90.0908701	196.7257437
92.08287058	198.0733098
94.15121352	199.5893216
96.19724266	200.987417
98.21750119	202.452855
100.2661092	203.8340925
101.0697535	201.425367
101.1755246	199.724096
101.1936317	198.7639507
101.2131288	198.140697
101.2211582	197.6353597
101.2466361	197.1805517
101.2638836	196.8605181
102.9105506	205.1648006
104.9398261	207.1692918
106.9517444	206.6302832
107.5210572	203.362471
107.5676967	201.7117293
107.5858404	200.751584
107.5835358	200.1957174
107.6022099	199.6567088
107.6126352	199.2019008
107.6277976	198.8818672
107.6154702	198.5449757
107.6488311	198.3091427
107.6438928	198.1070256
107.6561837	197.8880506
107.6428686	197.669031
107.643271	197.5343011
107.6368878	197.332184
107.6602258	197.1468803
107.6525074	196.9784346
107.6673955	196.877376
107.6720594	196.7763174
107.657336	196.6078717
107.6608843	196.5404845
107.6624938	196.4394259
107.6705414	196.3215094
107.6749493	196.2372643
107.6586346	196.0856765
107.6630425	196.0856765
107.6689867	195.96776
107.6644691	195.8835594
107.6775282	195.8498435
107.6532573	195.7656429
107.6790096	195.6814422
107.6593113	195.614055
107.6790096	195.5466678
107.6732666	195.4118934
107.6621463	195.4118934
107.6826128	195.3782221
107.6730471	195.3108349
107.6725899	195.2771635
107.67323	195.2434477
107.6731386	195.1087178
107.6724252	195.0581885
107.6842223	195.0244726
107.6571165	194.9234141
107.6486848	194.940272
107.6506967	194.9066006
107.6717668	194.8728848
107.6599149	194.7549683
107.6731934	194.8054976
107.6703036	194.704439
107.6777842	194.6202384
107.6767417	194.6539098
107.6704499	194.5696646
107.6662066	194.5528512
107.6514466	194.5023219
107.5496993	192.5820314
107.0469804	188.438319
106.3595325	183.0480992
105.6311149	178.079016
104.8707813	173.2783786
104.2232605	168.629329
103.460915	163.7781178
102.7929642	159.061681
102.1831756	154.4463472
101.4363949	149.8983117
100.7600855	145.6198694
100.04277	141.391912
99.37801998	137.3492582
98.65097419	133.3739917
98.07465629	129.5839843
97.34986017	125.8445507
96.71991599	122.1892733
96.02806016	117.9950317
95.12791781	113.2785949
94.09392924	108.2757958
93.26830035	103.4751584
92.42330235	98.91030944
91.52776908	94.53076416
90.70755403	90.3702384
89.79122503	86.361256
88.92239516	82.45333216
88.02581936	78.78128576
87.28739719	75.26078272
85.88797442	68.472512
84.34590794	61.98741696
82.87317885	56.29397696
81.32158328	49.55623552
79.71643459	43.45855683
78.29976435	38.30416995
77.10740267	33.95831382
76.03308465	30.20201341
74.9685152	27.10264256
73.97478292	24.47491539
73.15672609	22.04932314
72.36259258	19.91008422
71.70815809	18.00666493
71.02359997	16.32222512
70.50434687	14.77254192
69.91915832	13.30707715
69.32134967	11.90899069
68.71953551	10.42668579
68.00494521	8.67486768
66.99996458	6.215586272
65.48729013	2.644571744
63.32100424	-1.70127104
60.70988726	-5.99661568
58.08128504	-9.58446144
55.0825298	-13.10496448
52.16463465	-16.59175168
49.23227211	-20.09535232
46.34643933	-23.75058528
43.52999881	-27.47320544
40.66284012	-31.29688416
38.0190572	-35.28900864
35.18401575	-39.55063744
32.45454418	-44.06495712
29.73893643	-48.629984
27.09487916	-53.2283264
24.40410923	-58.0628576
21.83379724	-62.8297792
19.17135852	-67.5967008
16.50731028	-72.34672
14.0386724	-76.9619648
11.32683239	-81.5100448
8.6809827	-85.9736128
6.11067071	-90.3028512
3.45624301	-94.4804128
1.01352206	-98.5903648
-1.6667677	-102.4645728
-4.3263166	-106.3725856
-6.792906	-110.1453792
-9.3103416	-113.8345504
-11.9587336	-117.4730144
-13.2743333	-117.4730144
-13.3533461	-116.4455264
-13.397425	-115.872624
-13.4202875	-115.4683008
-13.4261403	-115.1818496
-13.4166295	-114.9292032
-13.4378459	-114.727264
-15.5828971	-122.4418752
-18.0899074	-125.91176
-20.5043703	-129.0618336
-23.0561911	-132.2119072
-25.5646646	-135.1929568
-27.9908331	-138.1410912
-30.4769928	-140.9878112
-32.9241948	-143.665952
-35.3878578	-146.3271904
-37.7971995	-149.005776
-40.1553292	-151.7510816
-42.5536969	-154.4127648
-44.8079394	-157.0740032
-47.0868734	-159.6173696
-49.350078	-162.0602112
-51.698514	-164.502608
-53.8038759	-166.7764256
-56.2024265	-169.1347552
-58.1647606	-171.5095424
-60.3312111	-173.8171648
-62.5532632	-176.0745248
-64.6535039	-178.3149824
-66.6891809	-180.2520864
-68.6842541	-182.4418368
-70.6173242	-184.227264
-72.6978117	-185.8779168
-74.643319	-187.5285696
-76.7389872	-189.1796672
-78.5453076	-190.7965152
-80.424788	-192.5819424
-82.3253019	-194.148528
-84.2298396	-195.7151136
-86.0207964	-197.11312
-87.5719713	-196.6585344
-87.7530423	-194.1316256
-87.8218127	-193.0200704
-87.854186	-192.3461984
-89.5052243	-199.3197728
-91.479264	-200.8525536
-93.386911	-201.5935904
-95.1045249	-199.050224
-95.7022421	-197.786992
-97.4964911	-201.7283648
-99.3207357	-202.9582368
-101.1501015	-203.7499808
-102.51545	-201.8128768
-102.6828035	-199.606224
-102.7559635	-198.5111264
-102.7927264	-197.7700896
-102.8307696	-197.2647968
-102.8443042	-196.7933088
-102.8819816	-196.439248
-102.8627771	-196.1532416
-102.8936872	-195.9170528
-102.9158181	-195.6479488
-102.9125259	-195.4793696
-102.9271579	-195.2600832
-102.9220367	-195.0919488
-102.9472769	-194.9064672
-102.9386806	-194.8054976
-102.9421557	-194.6876256
-102.9399609	-194.4856864
-102.9556903	-194.384272
-102.9712368	-194.2664
-102.9695907	-194.1654304
-102.9527639	-194.030656
-102.9555074	-193.9968512
-102.9597141	-193.8620768
-102.9657498	-193.8118144
-102.989161	-193.7273024
-102.9831253	-193.6601376
-102.9864175	-193.592528
-103.2026053	-195.732016
-105.1459178	-205.65328
-106.9474828	-203.4973344
-107.144649	-200.8863584
-109.2222101	-206.4281216
-110.4525784	-204.154304
-110.5963378	-201.9979136
-110.6815692	-200.8187488
-110.7055291	-199.95984
-110.7435723	-199.37048
-110.7543634	-198.81448
-110.786188	-198.4270592
-110.8021003	-198.0396384
-110.8125256	-197.7193824
-110.8286208	-197.4836384
-110.8161836	-197.2478944
-110.8255115	-197.0290528
-110.6821179	-194.3002048
-109.396148	-182.87952
-108.0684769	-172.5539328
-106.8841994	-163.154864
-105.7286372	-154.5475392
-104.5792936	-146.4450624
-103.5054877	-138.8483232
-102.3676668	-131.6728096
-101.2691694	-124.8171072
-100.2286513	-118.2981184
-99.2312976	-112.1500928
-97.6525048	-102.666512
-96.0431677	-93.8065408
-94.5280241	-85.6538016
-93.1721864	-78.2087392
-91.7680631	-71.3530368
-90.4519147	-65.1204992
-89.2072802	-59.4439616
-88.1543249	-54.2558144
-87.131731	-49.5396
-86.0548158	-45.2779712
-85.1394013	-41.470928
-84.283978	-37.9841408
-83.4945816	-34.8847744
-82.8266308	-32.05491232
-82.2254385	-29.59561312
-81.6346715	-27.37214688
-81.086886	-25.3845136
-80.5718396	-23.73377184
-80.0948364	-22.13355936
-79.5722911	-20.75232192
-79.023774	-18.93308992
-78.422033	-17.19814752
-77.957467	-15.91796864
-77.606299	-14.70517696
-77.2873214	-13.8292768
-77.0204703	-13.08810656
-76.7980639	-12.51538208
-76.5794984	-11.99323136
-76.3417284	-11.48789408
-76.1937623	-11.10047328
-75.9914749	-10.64566528
-75.8515564	-10.2751024
-75.7143814	-9.93821088
-75.5494056	-9.55079008
-75.3253531	-9.24756992
-75.2053707	-8.87700704
-75.0093019	-8.4558704
-74.82439	-7.91686176
-74.5933873	-7.293608
-74.2742268	-6.48509504
-73.8853814	-5.32283264
-73.1684134	-3.8068208
-72.3951122	-2.22346624
-72.1055815	-2.10554976
-72.0911324	-2.15607904
-72.0293122	-2.17293696
-71.8162337	-1.49915392
-70.8534481	0.252664192
-70.6950567	0.353731648
-70.6678046	0.235819616
-70.6169584	0.252664192
-70.582939	0.286353344
-70.5608081	0.286353344
-70.5474564	0.30319792
-70.5203872	0.320042496
-70.4902087	0.320042496
-70.4629566	0.370576224
-70.4468614	0.353731648
-70.4046115	0.3874208
-70.3941862	0.353731648
-70.3729698	0.454799104
-70.3502902	0.421109952
