"Pujol 2002, No. 10-2-2.25S"	
28376	
-5.61472E-05	0.077269702
0.065703715	0.099556293
0.02077616	0.077269702
-0.022116868	0.099556293
-0.026513643	0.054983111
-0.037834457	0.077269702
-0.020709571	0.077269702
0.00045208	0.077269702
0.014629339	0.054983111
0.01741149	0.077269702
-0.044880352	0.077269702
-0.036294127	0.121842862
0.04847486	0.077269702
-0.005186518	0.054983111
0.002709112	0.054983111
-0.030611908	0.077269702
-0.025333321	0.054983111
-0.011394222	0.054983111
0.044928443	0.032696542
0.009454724	0.099556293
0.013461805	0.054983111
0.017993386	0.054983111
-0.002465501	0.099556293
-0.039766256	0.054983111
0.008182853	0.077269702
-0.019499202	0.121842862
-0.216114658	-0.034163209
-0.083435711	0.054983111
0.00872093	0.010409951
-0.01475889	0.054983111
0.03492275	0.010409951
-0.000574691	0.124628694
-0.010506091	0.080055534
-0.023623897	0.035482352
0.01713209	0.102342103
-0.046817996	0.146915285
0.01434957	0.080055534
0.028856795	0.057768943
0.00124866	0.080055534
0.040612531	0.057768943
0.006453322	0.080055534
-0.060761539	0.0742053
-0.000787867	0.11877846
0.022361989	0.0742053
0.047621904	0.051918709
0.044839383	0.02963214
0.011158099	0.007345549
-0.038614109	0.02963214
0.025652367	0.096491891
-0.146471537	-0.059514203
0.046948823	0.051918709
-0.036788525	1.299967479
-0.003975729	1.277680799
-0.026886808	1.299967479
-0.037969463	1.299967479
-0.028085005	1.25539423
-0.040793002	2.659448938
-0.102589407	2.659448938
-0.040463038	2.659448938
-0.100332747	2.637162525
-0.031654942	2.637162525
0.015005402	2.592589409
0.000198689	2.548016027
-0.043605214	2.592589409
-0.068431192	2.637162525
-0.086228796	2.637162525
0.000817602	3.929784433
0.010597099	3.862924637
0.000144522	3.929784433
0.009715901	3.929784433
-0.008754773	3.929784433
0.04203765	4.642955082
-0.035208509	4.642955082
-0.005252514	4.62066838
-0.03420608	4.642955082
0.011199661	4.62066838
-0.052720389	4.709814611
-0.008629772	4.732101314
-0.055337429	4.687527931
0.025259982	4.687527931
0.000434009	4.732101314
0.085343435	6.693320489
0.087049217	6.737893871
0.053607351	6.693320489
0.073783839	6.737893871
0.016427814	6.715607169
0.128486342	7.696216757
0.057117578	7.696216757
0.080627818	7.696216757
0.039827594	7.696216757
0.073552511	7.651643908
0.116327343	7.718503459
0.101550685	7.718503459
0.121293256	7.740790139
0.081496052	7.740790139
0.064266828	7.718503459
0.096925361	9.323137176
0.042186642	9.323137176
0.108276826	9.34542439
0.064112554	9.34542439
0.110221449	9.367710558
0.076203646	11.39579033
0.10746217	11.44036267
0.069891941	11.37350312
0.139198229	11.44036267
0.12667921	11.4180765
0.193919671	11.39579033
0.169766764	11.44036267
0.19475728	11.39579033
0.196268564	11.39579033
0.192604542	11.44036267
0.190151706	11.4180765
0.157308884	11.39579033
0.223233578	11.4180765
0.178157859	11.44036267
0.186488463	11.46264988
0.184549457	13.49072858
0.179344146	13.49072858
0.216285516	13.49072858
0.190665576	13.46844244
0.253061753	13.49072858
0.146888087	13.40158289
0.181736611	13.42386906
0.148367699	13.35700951
0.211962084	13.42386906
0.183442394	13.46844244
0.176784754	15.76396037
0.175126274	15.80853375
0.145451928	15.74167422
0.211216448	15.91996666
0.166570367	15.80853375
0.221070286	15.83081992
0.194703932	15.83081992
0.255901552	15.80853375
0.228189445	15.80853375
0.246764083	15.83081992
0.172374377	15.83081992
0.224973017	15.76396037
0.222146605	15.80853375
0.250592917	15.78624654
0.21297909	15.78624654
0.192482364	17.94804539
0.230261263	17.94804539
0.197687256	17.94804539
0.253067978	17.90347307
0.216322763	17.94804539
0.271642995	17.92575922
0.239906936	17.92575922
0.287691558	17.94804539
0.291863084	17.90347307
0.284144767	17.90347307
0.212507576	17.88118691
0.252304745	17.88118691
0.237453721	17.90347307
0.260022744	17.88118691
0.268743324	17.99261984
0.287388786	20.19898994
0.249371138	20.22127822
0.303510588	20.19898994
0.248099162	20.19898994
0.294538071	20.22127822
0.290019083	20.10984531
0.271070849	20.15441762
0.313051939	20.15441762
0.263713399	20.19898994
0.269126237	20.13213148
0.292159931	22.65051419
0.333272807	22.60594187
0.257567374	22.65051419
0.316716719	22.5836557
0.286013686	22.62822802
0.256386733	22.65051419
0.296948173	22.67280247
0.251824412	22.60594187
0.307835276	22.62822802
0.275977359	22.56136956
0.325884174	22.60594187
0.362825543	22.60594187
0.285970074	22.69508861
0.34932137	22.62822802
0.282080949	22.65051419
0.334127733	22.65051419
0.318439839	22.67280247
0.325467783	22.62822802
0.281975968	22.62822802
0.334965223	22.65051419
0.372488095	22.62822802
0.350293447	22.5836557
0.359895108	22.62822802
0.332855778	22.62822802
0.338807404	22.60594187
0.388429762	24.36658242
0.36364803	24.34429627
0.366430152	24.36658242
0.317929201	24.41115475
0.336399836	24.41115475
0.309122095	24.4334409
0.375211841	24.45572918
0.310467329	24.4334409
0.371756663	24.4334409
0.330717943	24.45572918
0.381254142	24.45572918
0.439926287	24.4334409
0.393773191	24.47801535
0.422727008	24.45572918
0.406079806	24.41115475
0.433719312	26.90725343
0.366987015	26.92953957
0.422636672	26.90725343
0.370681042	26.92953957
0.44571282	26.88496515
0.523653806	26.86267898
0.500412187	26.88496515
0.544381282	26.84039281
0.516655907	26.95182574
0.522382031	26.84039281
0.504032476	26.90725343
0.534497118	26.88496515
0.528576117	26.95182574
0.487671885	26.92953957
0.51017924	26.92953957
0.534350521	29.5147829
0.529505858	29.55935522
0.509329421	29.5147829
0.502180056	29.49249673
0.478700345	29.53706905
0.51408243	29.4479223
0.585737676	29.5147829
0.560790712	29.49249673
0.572350373	29.4479223
0.566429771	29.5147829
0.470534693	29.5147829
0.518827459	29.53706905
0.447337484	29.47021059
0.503707719	29.53706905
0.442927108	29.53706905
0.482589251	29.47021059
0.493823197	29.5816435
0.434162536	29.49249673
0.496558474	29.5147829
0.501403097	29.47021059
0.568404728	29.47021059
0.553554323	29.49249673
0.53162853	29.47021059
0.509389831	29.49249673
0.493866849	29.5147829
0.519799455	29.49249673
0.455145939	29.49249673
0.48389187	29.53706905
0.436706088	29.53706905
0.509750579	29.53706905
0.52885	29.60392967
0.555694472	29.55935522
0.558117043	29.53706905
0.530434682	29.5816435
0.557039706	29.55935522
0.522861645	31.16399053
0.546372479	31.16399053
0.488942224	31.16399053
0.510268778	31.16399053
0.451419552	31.1862767
0.587016394	33.8383806
0.662200476	33.90523909
0.635711924	33.8383806
0.63412812	33.86066677
0.628758276	33.86066677
0.67498866	33.8383806
0.702627528	33.86066677
0.686865776	33.90523909
0.672132202	33.8383806
0.64610874	33.8383806
0.695019298	35.82188701
0.689619209	35.7773147
0.715673355	35.82188701
0.713172657	35.71045408
0.661099438	35.82188701
0.756295644	38.29569529
0.726938703	38.34027184
0.779927778	38.36255589
0.721824467	38.36255589
0.787554762	38.34027184
0.825125156	38.29569529
0.767651569	38.36255589
0.830690038	38.34027184
0.791161684	38.36255589
0.844029539	38.31798358
0.866855666	40.2123432
0.812042939	40.23463148
0.832771293	40.2123432
0.794917918	40.23463148
0.832532363	40.23463148
0.922553803	40.2792038
0.918260816	40.25691552
0.902811013	40.25691552
0.91960613	40.25691552
0.866469181	40.2792038
0.865618724	40.2792038
0.799289191	40.2792038
0.8651107	40.2792038
0.824115253	40.23463148
0.891043226	40.25691552
0.890944271	42.28499635
0.951634466	42.26270807
0.926375474	42.28499635
0.953431783	42.32956869
0.939640758	42.28499635
0.943621237	42.24042404
0.966311141	42.28499635
0.949142228	42.35185695
0.999557905	42.28499635
1.003356194	42.30728041
1.034810988	44.75880464
0.995925046	44.7365206
1.075011919	44.7365206
1.021037281	44.75880464
1.084388657	44.69194829
1.110090235	44.78109292
1.15576595	44.78109292
1.094684961	44.71423232
1.193618208	44.75880464
1.147270314	44.75880464
1.232790163	44.7365206
1.214588762	44.75880464
1.246924418	44.78109292
1.209548663	44.75880464
1.222814186	44.75880464
1.222142008	44.75880464
1.257572094	44.75880464
1.223817067	44.75880464
1.254520598	44.71423232
1.226239398	44.7365206
1.208563738	44.8033812
1.2396271	44.8033812
1.209162418	44.82566523
1.200546279	44.7365206
1.172699126	44.78109292
1.18898614	44.78109292
1.153794584	44.75880464
1.212973875	44.7365206
1.160180317	44.75880464
1.228019397	44.75880464
1.242782818	44.87023755
1.280444187	44.95938645
1.23404905	44.87023755
1.281563819	44.87023755
1.255540557	44.87023755
1.266383909	44.89252583
1.237981807	44.84795351
1.271228571	44.84795351
1.224716523	44.84795351
1.266861448	44.84795351
1.219137995	44.8033812
1.185486951	44.82566523
1.224941487	44.82566523
1.175168621	44.84795351
1.236457336	44.84795351
1.283283168	44.8033812
1.268311543	44.75880464
1.27248307	44.71423232
1.279228632	44.75880464
1.270807692	44.71423232
1.199391295	44.62508767
1.225654045	44.60279939
1.197685432	44.58051535
1.24194074	44.60279939
1.192168751	44.62508767
1.313344049	47.74520943
1.256751483	47.74520943
1.295710684	47.74520943
1.244158856	47.74520943
1.289191361	47.78978176
1.308356539	47.41091067
1.288852599	47.36633836
1.272805233	47.34405007
1.317567846	47.36633836
1.274749626	47.36633836
1.401981869	49.79557432
1.368570392	49.79557432
1.391811174	49.77328604
1.376080146	49.86243492
1.402776384	49.86243492
1.4385987	51.73450626
1.458071837	51.73450626
1.421595777	51.80136688
1.447228086	51.71222223
1.414250736	51.73450626
1.498795156	51.02133643
1.456453917	50.97676412
1.496012117	50.99904815
1.470917838	51.02133643
1.492049274	50.97676412
1.512308627	50.73160999
1.538406345	50.70932596
1.529103425	50.73160999
1.512547237	50.70932596
1.526680934	50.75389827
1.607686104	53.82944772
1.594090756	53.82944772
1.590727232	53.82944772
1.594090756	53.82944772
1.592671864	53.85173175
1.637778906	53.18313422
1.609571044	53.18313422
1.648573977	53.11627362
1.637613554	53.18313422
1.634757096	53.18313422
1.639523712	53.00484071
1.617046642	53.04941727
1.640526672	53.00484071
1.62820306	53.02712899
1.638611727	53.02712899
1.627196588	52.18023795
1.650915388	52.11337735
1.647299368	52.24709855
1.630651886	52.20252623
1.648883452	52.22481027
1.699189001	56.08039015
1.692503928	56.12496247
1.753285498	56.12496247
1.717421046	56.10267841
1.750741387	56.08039015
1.756919394	55.45636494
1.702853541	55.45636494
1.728877043	55.45636494
1.678939544	55.47865322
1.700835011	55.45636494
1.763704219	55.27807568
1.778914455	55.30035971
1.70932554	55.32264799
1.722995424	55.30035971
1.682195654	55.30035971
1.776766007	58.33133682
1.810685667	58.33133682
1.747482564	58.35362087
1.802459604	58.33133682
1.768136302	58.35362087
1.949170011	60.33712937
1.982222216	60.29255706
1.962241055	60.29255706
1.973830961	60.29255706
1.956241807	60.22569646
1.954516951	58.01932209
1.969892698	58.04161038
1.940847387	58.04161038
1.995182653	58.06389866
1.987360233	58.04161038
1.959587934	57.37301286
1.966346745	57.30615227
1.941925362	57.32844055
1.981483721	57.35072458
1.978818311	57.23929167
2.224809026	62.38749425
2.172180101	62.40978253
2.213292858	62.36520596
2.140414156	62.36520596
2.209090447	62.36520596
2.171321424	61.40688626
2.202745813	61.45145858
2.21497861	61.40688626
2.189792398	61.40688626
2.218941453	61.42917029
2.216220819	60.8051451
2.238263443	60.73828875
2.164021392	60.69371219
2.193934797	60.73828875
2.150082733	60.69371219
2.229948001	60.02511465
2.192259738	60.04740293
2.200321088	60.04740293
2.14232176	60.06969121
2.179905322	60.02511465
2.206398064	63.18981297
2.30326466	63.14523641
2.267326151	63.14523641
2.329483518	63.18981297
2.291957255	63.05609178
2.375811382	65.24017785
2.417670772	65.17331725
2.393010141	65.21788956
2.423669861	65.24017785
2.432568501	65.24017785
2.487712647	66.88938337
2.49927175	66.84481105
2.451847557	66.86709933
2.46901663	66.80023874
2.430521082	66.86709933
2.547049788	65.86420304
2.512292359	65.86420304
2.545178574	65.8196265
2.563366089	65.90877538
2.577349118	65.84191478
2.544988963	65.35161078
2.494152247	65.28475018
2.560602202	65.35161078
2.52632327	65.30703846
2.565568803	65.37389481
2.486812473	64.79444618
2.544841806	64.81673021
2.539875525	64.79444618
2.586193013	64.74987386
2.54440752	64.79444618
2.587560672	64.37099852
2.54867473	64.34871449
2.603921503	64.34871449
2.578258231	64.3932868
2.603921503	64.34871449
2.605563843	63.2563936
2.55790088	63.30096591
2.564017279	63.27867763
2.511388832	63.30096591
2.589637777	63.30096591
2.655088124	67.51312859
2.691428519	67.49084456
2.653802342	67.60227747
2.691264125	67.49084456
2.645424495	67.49084456
2.742470647	69.69721466
2.775088246	69.63035406
2.72121791	69.67492638
2.791136889	69.65264234
2.789027544	69.63035406
2.923040543	71.61385834
2.97999254	71.6584349
2.9432169	71.6584349
2.942256395	71.59157855
2.936380043	71.59157855
3.104664791	73.08477458
3.146762952	72.99562995
3.103032347	73.01791823
3.170634175	73.04020651
3.153435415	73.06248629
3.22714183	70.63325035
3.269018778	70.6109663
3.249232815	70.65553863
3.229490584	70.63325035
3.232946998	70.65553863
3.281452039	70.18751866
3.294717483	70.18751866
3.251898863	70.18751866
3.280644116	70.23209098
3.227220995	70.18751866
3.274380562	69.71950294
3.234822362	69.69721466
3.309737628	69.74178699
3.297651668	69.74178699
3.346110104	69.76407528
3.249017028	69.14005006
3.276386802	69.14005006
3.229274797	69.11776178
3.286197108	69.11776178
3.26211744	69.14005006
3.327952755	71.97044537
3.296889393	71.97044537
3.333799739	71.92587731
3.270284449	71.99273366
3.333157806	71.97044537
3.46222176	74.66712375
3.492013386	74.64483547
3.497021485	74.60026738
3.477475249	74.62254718
3.475126496	74.62254718
3.48254719	76.33861755
3.552809639	76.31632927
3.488381406	76.4054739
3.500106019	76.36090581
3.471538885	76.31632927
3.629705289	78.25526546
3.677966453	78.23297717
3.648817398	78.21068889
3.704376679	78.16612083
3.681018108	78.27755374
3.840295366	80.39477921
3.806015636	80.35020266
3.836479839	80.32791438
3.757753834	80.37249092
3.843194758	80.32791438
4.031069793	83.00230445
4.0429422	82.9131598
4.009980811	82.98001617
4.017638998	83.00230445
3.970019129	82.98001617
4.022180729	81.46453184
4.00994889	81.50910841
4.019996689	81.46453184
3.998505821	81.46453184
4.01172849	81.53138821
4.220138038	84.87437582
4.189075314	84.87437582
4.196029322	84.85209601
4.179503459	84.87437582
4.164054294	84.87437582
4.374514771	87.1030342
4.3675298	87.08075441
4.335554772	87.1030342
4.345963598	87.1030342
4.308423768	87.08075441
4.508670456	89.35398088
4.511617411	89.37626916
4.501520773	89.3316926
4.50235902	89.3316926
4.502597471	89.30941282
4.572692335	87.16989904
4.52141016	87.19218732
4.546399578	87.14761076
4.48785025	87.23675541
4.535513213	87.19218732
4.560477733	86.67959081
4.53286919	86.70187909
4.557023234	86.65730253
4.492040212	86.65730253
4.514607458	86.63502272
4.637084497	84.87437582
4.602057176	84.85209601
4.653175595	84.82980773
4.622307271	84.87437582
4.69038568	84.85209601
4.549125	84.65150997
4.60362482	84.67379825
4.575582789	84.67379825
4.614394993	84.71837482
4.565099267	84.69608654
4.640131365	84.65150997
4.629886613	84.65150997
4.627702572	84.65150997
4.620389133	84.62923017
4.608754857	84.69608654
4.854524199	88.72884
4.812541274	88.72884
4.801146406	88.77341657
4.799440224	88.72884
4.841856318	88.75112829
4.909274919	91.55923955
4.930602032	91.55923955
4.902797812	91.53695127
4.927550057	91.51466299
4.892479642	91.55923955
4.998372721	93.98847551
5.067124027	93.96618723
4.991822196	93.98847551
5.04008336	93.96618723
5.035625262	93.94390742
5.185678284	96.21713392
5.211416571	96.15027755
5.15747154	96.21713392
5.205300492	96.17256583
5.143336885	96.17256583
5.160204623	93.34216628
5.235822792	93.43131091
5.201947183	93.36445454
5.225024209	93.34216628
5.215647392	93.38674282
5.301119917	96.21713392
5.323719085	96.2394222
5.285235987	96.19484563
5.288526412	96.21713392
5.271493323	96.2394222
5.331438241	94.38963911
5.374380075	94.45649546
5.342674142	94.50107203
5.337677855	94.43420718
5.359241822	94.4119189
5.541215606	98.04463719
5.551460997	98.04463719
5.517974506	98.06692547
5.506145191	98.08920526
5.473137517	98.06692547
5.634312163	100.5853061
5.579064433	100.5853061
5.635657956	100.5853061
5.59549932	100.5407295
5.653497371	100.5184497
5.725382369	98.13378182
5.756207919	98.1560701
5.744928924	98.11149354
5.727132283	98.11149354
5.712159381	98.06692547
5.868087478	101.0310377
5.880771639	101.053326
5.898838971	101.0756143
5.860882252	101.0756143
5.857459035	101.0978941
5.892442625	102.858541
5.920722149	102.8362528
5.87663339	102.8139645
5.924850184	102.858541
5.868646736	102.7916762
6.015470941	103.9728702
6.005538377	103.9282937
6.032906874	103.9282937
6.021422307	103.9505819
6.057330332	103.9060054
6.175724984	105.7335087
6.148759331	105.7112204
6.12047853	105.7335087
6.09378293	105.7335087
6.132711327	105.6889321
6.170254349	106.9146942
6.246080962	106.9369825
6.186945244	106.8924059
6.217305384	106.8478379
6.205145367	106.8701261
6.210052914	104.9534782
6.172514361	104.9311899
6.243538767	104.9311899
6.22204758	104.9311899
6.284173665	104.9311899
6.449853015	108.2518893
6.463924466	108.2073212
6.389804353	108.229601
6.404073715	108.229601
6.391554906	108.2073212
6.543001283	109.410795
6.494305036	109.410795
6.532685028	109.4330833
6.51651317	109.3439302
6.563119864	109.3662185
6.80987876	109.7896618
6.795579392	109.7450938
6.84010547	109.7896618
6.834103669	109.7228055
6.89582691	109.7450938
6.899470382	107.3827142
6.892796322	107.3158578
6.94132658	107.3158578
6.894503462	107.3604259
6.901023023	107.3158578
7.023107114	102.4590488
6.998325502	102.4367605
6.992209422	102.4590488
6.984297463	102.4144807
6.993822714	102.4813371
7.375784626	109.3010335
7.360574869	109.2787452
7.32439807	109.3010335
7.296506067	109.2564569
7.329481183	109.2341687
7.455483267	106.6266434
7.44102174	106.5820669
7.44917183	106.6043551
7.429191149	106.6043551
7.409303038	106.6266434
7.922846201	111.2845378
7.921978586	111.2399612
7.966952198	111.1953931
7.920842196	111.1731049
7.926240689	111.2176814
7.985985462	107.7409726
7.950554977	107.7409726
8.005729289	107.7632609
7.97804605	107.807829
8.023017108	107.7632609
8.444304516	111.0393837
8.416738747	110.9948156
8.457208932	110.9948156
8.462010501	111.0170954
8.470354672	110.9279507
8.897346376	112.9783198
8.9461901	112.9337433
8.931143779	112.911455
8.985283209	112.8891752
8.948148777	112.8445987
8.974757552	109.0113028
9.008513457	109.0113028
8.980978971	109.0113028
8.997265107	109.0113028
8.937725267	108.989023
9.425059307	112.2428575
9.455572031	112.3097223
9.418001556	112.2428575
9.484495084	112.2428575
9.449945621	112.1760011
9.921042684	113.6692057
9.902645288	113.6469174
9.907252138	113.6246291
9.856009865	113.5800525
9.900702571	113.6246291
9.982846366	110.7050849
9.984628201	110.7273732
9.970328833	110.6827966
9.954475547	110.7050849
9.95531188	110.7050849
10.02378324	109.5016111
10.05662811	109.5238993
9.980966214	109.5016111
10.01504899	109.5016111
9.967699813	109.5016111
10.16309194	111.8639907
10.20864588	111.7971258
10.12098931	111.7971258
10.20535609	111.774846
10.15709461	111.7971258
10.29668933	109.7690535
10.30172903	109.7690535
10.32917286	109.7467652
10.311901	109.7913333
10.31197378	109.7690535
10.32077059	109.1673123
10.30165753	109.2118889
10.31516206	109.1896006
10.2449759	109.1896006
10.29787296	109.1896006
10.7433374	113.3571867
10.6505492	113.3349069
10.69313001	113.3571867
10.6571741	113.3126186
10.71131162	113.2903303
10.88332921	113.8252067
10.8985096	113.8029184
10.85005085	113.7806386
10.8751638	113.8029184
10.85018492	113.736062
10.99106031	110.7273732
11.00576444	110.7496615
11.00674761	110.7050849
11.01255214	110.7273732
10.98383593	110.7273732
11.42123391	113.7806386
11.39350343	113.736062
11.40744145	113.736062
11.34286255	113.7137737
11.39625502	113.7137737
11.66302333	114.4938042
11.64980034	114.4269478
11.6369387	114.4046595
11.64996761	114.4269478
11.67109809	114.3823713
11.69046652	111.0839602
11.69840849	111.0170954
11.68137284	111.0393837
11.66818305	111.0170954
11.65591642	111.0170954
12.24414789	114.8949678
12.19585513	114.8726795
12.18433928	114.8503912
12.17722215	114.8726795
12.24903948	114.7835349
12.49378351	115.1401134
12.55218505	115.0955453
12.53616833	115.1178336
12.5760301	115.0955453
12.56394094	115.0955453
12.61869709	111.8639907
12.65305183	111.886279
12.63465252	111.8639907
12.62551799	111.886279
12.62813807	111.9085587
13.14184786	115.4075558
13.11773978	115.3852675
13.17624474	115.3629793
13.1619441	115.3184112
13.19610604	115.2961229
13.56609691	115.8087109
13.58245838	115.7864311
13.58178676	115.7864311
13.50811162	115.7195663
13.54421564	115.7195663
13.60444689	111.8194141
13.60547858	111.8639907
13.62486106	111.8417024
13.59789541	111.8194141
13.60226221	111.8194141
13.78979857	113.9589279
13.75679217	113.9366396
13.82832731	113.9366396
13.79035144	113.8920715
13.82896701	113.8920715
13.90529798	112.4880116
13.89056704	112.4211552
13.89445758	112.4657233
13.86312257	112.4434435
13.8446492	112.4434435
13.85891664	112.2874341
13.82475981	112.3097223
13.91440315	112.2651458
13.86654578	112.2651458
13.92020512	112.2874341
13.78326624	111.9977119
13.88445351	112.0199916
13.86555112	111.9977119
13.90947581	112.0199916
13.9358107	111.9754236
13.89912955	111.418259
13.90611005	111.4405473
13.9623601	111.4405473
13.93472283	111.418259
13.95044077	111.4405473
14.01428676	107.1372801
14.01296778	107.1818566
13.93392608	107.1150003
13.95863683	107.1595683
13.88189599	107.1595683
13.96539388	106.9367025
13.93219085	107.0258472
13.98942662	106.9812791
14.00420098	106.9812791
13.97841768	106.9589908
13.92030344	102.2788082
13.97134908	102.2788082
13.96470822	102.2565199
13.92570321	102.3233847
13.91565445	102.3679528
13.74071543	97.68777016
13.67858807	97.68777016
13.76263883	97.71005844
13.7820992	97.66548188
13.80124291	97.66548188
13.54016933	94.18878158
13.63542439	94.27792621
13.60527684	94.25563793
13.59875728	94.30021449
13.58981044	94.21106136
13.37063263	89.24115654
13.4026099	89.21886826
13.4210041	89.24115654
13.38497797	89.21886826
13.31217109	89.19657998
13.39947269	90.57835157
13.35147615	90.62292813
13.33754069	90.62292813
13.3162838	90.60063985
13.39402568	90.60063985
13.33038909	90.75664085
13.41912586	90.73436106
13.38329126	90.75664085
13.34860964	90.73436106
13.36802021	90.75664085
13.1250229	85.25185971
13.13992366	85.31871606
13.08682741	85.27414799
13.13672516	85.31871606
13.16937277	85.29642778
12.7886462	79.81393492
12.88361525	79.83621471
12.89850963	79.74707008
12.90930917	79.83621471
12.89981073	79.81393492
12.71252464	76.58238023
12.76114428	76.60466004
12.7335402	76.62694832
12.62160702	76.60466004
12.69686926	76.6492366
12.46392581	71.47874572
12.53521708	71.501034
12.50472478	71.47874572
12.44974647	71.501034
12.4190103	71.501034
12.23569519	67.40030423
12.16447287	67.35573192
12.24325793	67.40030423
12.23241753	67.37801595
12.32439621	67.44487657
12.15830317	68.9826534
12.16878605	68.96036512
12.24675393	69.04950975
12.23523808	69.02722572
12.13824524	69.00493744
12.22278503	69.25009156
12.14421958	69.29466388
12.22311318	69.25009156
12.19742054	69.25009156
12.19230678	69.2723756
12.18346336	69.60751006
12.14917374	69.67437066
12.18699639	69.60751006
12.14663026	69.62979834
12.20872571	69.58522603
12.11902108	67.75772698
12.11282967	67.80229932
12.07970197	67.71315042
12.08577336	67.75772698
12.06502849	67.7354387
11.8637316	61.85178224
11.8418797	61.80720568
11.8676962	61.87406627
11.80791695	61.87406627
11.82218695	61.87406627
11.59559962	57.86248116
11.56823049	57.86248116
11.63405303	57.86248116
11.60415703	57.86248116
11.65321334	57.90705347
11.42858214	53.18229853
11.38380836	53.27144741
11.39667127	53.29373144
11.36131293	53.27144741
11.40698689	53.27144741
11.20532355	50.44104784
11.17490148	50.39647553
11.12865805	50.41876381
11.19220526	50.39647553
11.11868462	50.44104784
11.15178423	51.91196408
11.12381498	51.8896758
11.19454188	51.93425236
11.17301941	51.8896758
11.21432784	51.8896758
10.84225572	44.6019637
10.81219372	44.6019637
10.80060382	44.6019637
10.73931534	44.6019637
10.75857908	44.6688243
10.7468385	45.24827718
10.72416304	45.24827718
10.79462181	45.27056121
10.76002829	45.27056121
10.82007695	45.29284949
10.52579395	40.34522871
10.53644091	40.32294042
10.51670027	40.30065214
10.52956192	40.32294042
10.54239164	40.30065214
10.27059895	35.8879119
10.19529648	35.91019593
10.25260376	35.84333534
10.22519121	35.91019593
10.24752065	35.91019593
10.20671721	37.60397802
10.18215904	37.67083861
10.22108872	37.62626205
10.19885058	37.64855033
10.21577833	37.60397802
9.870982767	31.34144622
9.800001136	31.27458776
9.838170449	31.3637345
9.814763359	31.38602067
9.863699653	31.3637345
9.55098925	27.0401368
9.609182019	27.06242294
9.554131561	27.10699528
9.598024963	27.08470911
9.580870574	27.0401368
9.302348287	22.27080741
9.243768634	22.31537972
9.284164124	22.337668
9.265022967	22.337668
9.232537521	22.35995417
9.216036875	23.54114183
9.149110498	23.51885569
9.170601685	23.51885569
9.141690762	23.47428335
9.198613711	23.47428335
9.167171446	23.96458735
9.133446185	24.0091618
9.200689219	23.98687352
9.180631927	24.0091618
9.24684008	23.94230121
8.856283098	17.8134906
8.809726201	17.8803512
8.886941381	17.83577677
8.843766842	17.94720968
8.910139069	17.8803512
8.455132785	13.42303335
8.497206047	13.44531952
8.453984264	13.46760673
8.52928418	13.44531952
8.517364848	13.44531952
8.182100285	9.255441937
8.11291198	9.255441937
8.164826511	9.30001532
8.094533098	9.277729151
8.165198711	9.233155769
8.116607164	10.52577743
8.085109357	10.50349126
8.138263703	10.52577743
8.082251143	10.50349126
8.137903633	10.48120405
7.888389948	6.558765699
7.873643047	6.603338548
7.922745331	6.581051868
7.871865042	6.581051868
7.914369239	6.625625228
7.685591488	4.508399759
7.659255319	4.552973142
7.661678768	4.530686462
7.645150032	4.552973142
7.684350397	4.530686462
7.65618515	3.527790172
7.667912317	3.483216789
7.616597263	3.460930376
7.618109684	3.460930376
7.625331509	3.460930376
7.537281037	4.486113079
7.564410764	4.508399759
7.547451094	4.508399759
7.591809905	4.552973142
7.581475136	4.530686462
7.580320231	5.509903022
7.597922154	5.465330173
7.582547046	5.443043493
7.593317219	5.487616342
7.559800083	5.465330173
7.474774453	3.125238593
7.464334982	3.080665477
7.434977164	3.125238593
7.460162259	3.125238593
7.416867058	3.169811708
7.451931727	4.819018808
7.444903982	4.86359219
7.418102404	4.84130551
7.39680785	4.885878892
7.422425795	4.908165573
7.450458888	5.755055547
7.429369268	5.732768867
7.429638682	5.755055547
7.428396314	5.777342249
7.445521336	5.777342249
7.409890386	3.57097026
7.456971427	3.548683847
7.433296838	3.548683847
7.437993068	3.548683847
7.45462459	3.548683847
7.443976355	3.57097026
7.48437376	3.593256962
7.47823789	3.57097026
7.489320251	3.57097026
7.497380963	3.57097026
7.445963762	3.526397144
7.452409905	3.504110464
7.448984773	3.526397144
7.442598003	3.526397144
7.445124237	3.526397144
7.428312681	3.481824051
7.454845483	3.481824051
7.466436028	3.481824051
7.490275968	3.481824051
7.472642763	3.481824051
7.465688436	3.504110464
7.508580155	3.481824051
7.466959534	3.526397144
7.50497818	3.504110464
7.445963762	3.526397144
6.996273614	3.094315935
6.98492567	3.0720295
7.033379318	3.094315935
7.068886413	3.0720295
7.076274867	3.0720295
7.081233487	1.511968498
7.028002531	1.511968498
7.03814705	1.489681951
7.082247939	1.511968498
7.003583542	1.534255178
7.021497014	2.247425694
6.995936528	2.202852712
6.979994501	2.202852712
6.973772444	2.202852712
6.968569308	2.202852712
6.873660911	0.642791755
6.951311495	0.620505208
6.883232766	0.642791755
6.868860619	0.620505208
6.955349511	0.620505208
6.897207177	-0.270958171
6.897207177	-0.270958171
6.898660863	-0.248671602
6.897207177	-0.270958171
6.897207177	-0.270958171
6.462593995	-6.934646587
6.435945638	-6.867787058
6.33483689	-6.956933289
6.40932601	-6.91236044
6.448576171	-6.890073738
6.400837556	-6.132329995
6.399505808	-6.132329995
6.396676962	-6.154616141
6.400837556	-6.132329995
6.348486983	-6.154616141
6.233515548	-8.516994157
6.215387566	-8.516994157
6.202147978	-8.539280837
6.208366843	-8.539280837
6.164546221	-8.539280837
6.18697908	-7.982116259
6.211591511	-7.937542877
6.196181289	-7.959829557
6.232119958	-7.959829557
6.167165027	-7.982116259
5.90722847	-11.1245247
5.996255727	-11.14681084
6.017556026	-11.1245247
5.937947403	-11.1245247
5.992192812	-11.1245247
5.94543162	-10.34449425
5.921743624	-10.34449425
5.99045822	-10.36678042
5.950088267	-10.32220704
5.9916393	-10.36678042
5.961275968	-10.07705503
5.970022344	-10.07705503
5.892433049	-10.07705503
5.986130998	-10.07705503
5.958088329	-10.07705503
5.680069756	-13.04117049
5.73195109	-13.04117049
5.764828526	-13.01888432
5.693461288	-13.01888432
5.750686849	-12.99659711
5.747111688	-12.2388539
5.734089802	-12.28342728
5.742377792	-12.21656666
5.692030585	-12.2388539
5.656805672	-12.26114005
5.500773512	-15.67098718
5.393224366	-15.62641486
5.44847082	-15.62641486
5.441615449	-15.64870103
5.473426083	-15.58184148
5.441627579	-14.71266429
5.42495839	-14.69037812
5.435711326	-14.69037812
5.369342929	-14.66809091
5.480079075	-14.71266429
5.385387103	-14.6235186
5.483160736	-14.64580474
5.37934508	-14.6235186
5.384014496	-14.60123136
5.445369368	-14.64580474
5.137611201	-17.69906697
5.142281574	-17.67677974
5.19016575	-17.69906697
5.173014553	-17.67677974
5.175185187	-17.67677974
5.118260642	-16.42873148
5.177913162	-16.45101762
5.11797016	-16.45101762
5.126156321	-16.42873148
5.200038621	-16.42873148
5.204384676	-16.20586563
5.110343256	-16.20586563
5.145786509	-16.20586563
5.145937815	-16.20586563
5.150484015	-16.20586563
4.831634869	-19.97229769
4.840038732	-19.97229769
4.885596818	-19.90543921
4.876914603	-19.92772537
4.886472414	-19.92772537
4.886302274	-19.50427985
4.854084965	-19.526566
4.794853484	-19.54885428
4.861104092	-19.50427985
4.894832864	-19.48199368
4.835613512	-18.90254292
4.889730918	-18.92482908
4.778057568	-18.92482908
4.870244374	-18.92482908
4.824999114	-18.88025677
4.627673843	-22.00037853
4.619065047	-21.97809025
4.608695165	-22.00037853
4.553243458	-21.97809025
4.668268521	-21.97809025
4.578732761	-20.39574321
4.59334304	-20.39574321
4.560182144	-20.35117087
4.572142015	-20.37345704
4.551197955	-20.39574321
4.501750604	-20.35117087
4.583059025	-20.37345704
4.586384244	-20.35117087
4.603384135	-20.37345704
4.555690528	-20.37345704
4.50415905	-22.62440159
4.444710186	-22.62440159
4.470568496	-22.62440159
4.409115307	-22.62440159
4.51981251	-22.64668776
4.288905623	-24.25132308
4.324805029	-24.22903691
4.238496171	-24.22903691
4.330227143	-24.25132308
4.313215122	-24.22903691
4.273329093	-23.02556096
4.30351654	-23.0032748
4.211267808	-23.07013328
4.316008217	-23.04784711
4.280413019	-23.04784711
4.261142582	-22.13409761
4.197591859	-22.08952316
4.295288243	-22.06723701
4.22391909	-22.06723701
4.312999336	-22.11181144
4.025015321	-26.59141439
3.959767673	-26.63598671
4.044032944	-26.61370056
4.020812592	-26.59141439
4.017627506	-26.59141439
3.734927707	-29.04293864
3.775332773	-28.99836419
3.673026346	-28.97607804
3.73200629	-28.99836419
3.724743605	-28.97607804
3.678450057	-28.17376143
3.739396978	-28.17376143
3.710226217	-28.1960476
3.723579124	-28.15147528
3.652757737	-28.17376143
3.72749233	-27.34915867
3.619691008	-27.34915867
3.710863042	-27.34915867
3.673084124	-27.34915867
3.691554619	-27.34915867
3.429194294	-31.0487312
3.41148384	-31.00415675
3.346539443	-31.02644503
3.4092998	-31.00415675
3.461703362	-31.00415675
3.368150334	-29.64467555
3.387661776	-29.66696172
3.362983907	-29.66696172
3.409496114	-29.66696172
3.382887339	-29.62238938
3.174392244	-33.09909607
3.06453297	-33.0768099
3.175229534	-33.09909607
3.099085944	-33.05452375
3.173147002	-33.05452375
3.160247055	-31.51674903
3.098614789	-31.51674903
3.063388918	-31.5390352
3.099491661	-31.5390352
3.115205452	-31.49446286
2.785933753	-34.94888338
2.860528531	-34.97116955
2.818303964	-34.92659723
2.900628751	-34.94888338
2.802220208	-34.94888338
2.832445003	-33.70083512
2.733463795	-33.65626067
2.870197108	-33.67854684
2.776954991	-33.65626067
2.867037559	-33.70083512
2.818603703	-32.720225
2.802256278	-32.78708346
2.744991774	-32.78708346
2.844198345	-32.76479731
2.770645789	-32.76479731
2.64667628	-35.79577231
2.625145351	-35.77348827
2.698367843	-35.77348827
2.645799089	-35.77348827
2.632837534	-35.75119999
2.574424349	-34.72601755
2.678571346	-34.7483037
2.604306791	-34.72601755
2.677286522	-34.6814431
2.575692255	-34.6814431
2.422095194	-37.75699255
2.474789557	-37.73470427
2.424708254	-37.71242023
2.408664399	-37.75699255
2.400993923	-37.69013195
2.41181102	-36.79866857
2.406619056	-36.79866857
2.455096963	-36.77638454
2.395826219	-36.77638454
2.4218502	-36.77638454
2.319268932	-35.63976706
2.426866917	-35.61747878
2.400308896	-35.59519474
2.342027865	-35.59519474
2.361045647	-35.61747878
2.150837028	-39.69592451
2.138448775	-39.71821279
2.096645246	-39.71821279
2.099019856	-39.74049682
2.12548722	-39.69592451
2.052892297	-38.62616762
2.105750575	-38.60388359
2.052258185	-38.64845591
2.148200346	-38.58159531
2.058261742	-38.62616762
1.815738614	-42.23659761
1.769873447	-42.21430933
1.845555617	-42.19202105
1.783389631	-42.16973702
1.765084966	-42.16973702
1.776798885	-40.58738787
1.800855251	-40.60967615
1.725285123	-40.60967615
1.833733326	-40.58738787
1.74036544	-40.58738787
1.4432504	-44.0863807
1.536172189	-44.01952433
1.456068789	-44.01952433
1.550822529	-44.04180838
1.442981784	-44.01952433
1.482007221	-41.99144349
1.396752078	-42.01373177
1.472981855	-42.01373177
1.439063152	-42.01373177
1.449511082	-42.03601582
1.441653069	-41.43427891
1.434998322	-41.36741829
1.379079291	-41.36741829
1.49075248	-41.36741829
1.42795302	-41.36741829
1.39546119	-43.57379266
1.377194511	-43.59607669
1.298437462	-43.59607669
1.369906289	-43.55150438
1.362213788	-43.57379266
1.175531963	-46.53790492
1.129223491	-46.5601932
1.14144743	-46.53790492
1.170835494	-46.53790492
1.15681775	-46.49333261
0.849952655	-48.74427929
0.899789682	-48.72199101
0.81109233	-48.69970698
0.942707975	-48.67741869
0.914666024	-48.67741869
0.844963151	-45.7578745
0.806550997	-45.78016278
0.889292595	-45.7578745
0.858307998	-45.80245106
0.857265376	-45.78016278
0.546859076	-51.01751001
0.552571393	-51.01751001
0.540981088	-51.01751001
0.477443572	-50.97293769
0.580243898	-50.99522173
0.163559042	-53.53589485
0.099638782	-53.46903425
0.104677964	-53.46903425
0.112944506	-53.49132251
0.089355087	-53.44674597
0.160227648	-52.51071028
0.038778375	-52.48842625
0.133149404	-52.48842625
0.099190441	-52.46613796
0.057287662	-52.51071028
-0.013062633	-51.06208232
0.117371212	-51.03979829
0.088200381	-51.06208232
0.043858827	-51.06208232
0.090879169	-51.06208232
0.067225503	-50.97293769
0.01879322	-50.92836538
0.078269534	-50.95064941
0.063262017	-50.9060771
0.077734177	-50.92836538
-0.130282043	-54.62793577
-0.067851515	-54.60565171
-0.126956335	-54.60565171
-0.07322092	-54.60565171
-0.093775079	-54.56107515
-0.238987928	-56.61144427
-0.243900862	-56.58915599
-0.246618423	-56.56686771
-0.234493939	-56.58915599
-0.197211053	-56.58915599
-0.354478859	-54.87308987
-0.241763167	-54.89537393
-0.272294085	-54.91766221
-0.305375956	-54.91766221
-0.257047799	-54.89537393
-0.47793376	-58.10464457
-0.46479221	-58.1269286
-0.518225467	-58.10464457
-0.449891051	-58.10464457
-0.490425317	-58.06007223
-0.509201617	-57.14632059
-0.560020497	-57.07946
-0.465571963	-57.12403231
-0.512427202	-57.12403231
-0.494629204	-57.12403231
-0.694960483	-60.06586479
-0.67030879	-60.04357651
-0.761696531	-60.02128822
-0.64693773	-60.06586479
-0.688309487	-60.02128822
-0.942482772	-62.27223491
-0.968201507	-62.24994663
-0.889689294	-62.20537431
-0.954137239	-62.22766259
-0.919709634	-62.22766259
-1.1972051	-64.67918684
-1.163898245	-64.61232622
-1.209916074	-64.61232622
-1.162854904	-64.6346145
-1.267409692	-64.56775391
-1.407911529	-66.90784522
-1.407257146	-66.79641231
-1.46944452	-66.86327291
-1.430398813	-66.81869634
-1.411788504	-66.79641231
-1.461932053	-65.90494895
-1.419912419	-65.92723299
-1.502362497	-65.92723299
-1.378360268	-65.97180955
-1.433750846	-65.88266067
-1.489560228	-62.94305956
-1.507218332	-62.92077552
-1.500425685	-62.96534784
-1.476993377	-62.92077552
-1.520787504	-62.94305956
-1.520787504	-62.94305956
-1.526196372	-62.92077552
-1.515339853	-62.98763612
-1.54778843	-62.96534784
-1.51944219	-62.94305956
-1.734668165	-67.26665939
-1.637177832	-67.22208708
-1.701322446	-67.22208708
-1.720466157	-67.22208708
-1.623975911	-67.17751052
-1.774198594	-69.04958613
-1.829366522	-69.09415844
-1.837037477	-69.02729785
-1.786119841	-69.04958613
-1.798632586	-69.09415844
-1.919419723	-70.89937344
-1.880217602	-70.94394575
-1.905746008	-70.94394575
-1.934051867	-70.98851807
-1.899915304	-71.01080635
-1.968340855	-70.94394575
-1.964559962	-70.89937344
-1.936518409	-70.89937344
-2.010564944	-70.89937344
-1.983538162	-70.89937344
-2.001950242	-70.20848764
-2.003829755	-70.18619936
-1.977970327	-70.18619936
-2.003030611	-70.16391531
-1.978135679	-70.18619936
-2.169362746	-73.46232635
-2.131978532	-73.41775828
-2.213387823	-73.44003807
-2.169770059	-73.41775828
-2.193406184	-73.44003807
-2.250614507	-71.18909988
-2.215223604	-71.1668116
-2.231880024	-71.14452332
-2.306104359	-71.14452332
-2.242223412	-71.18909988
-2.630260066	-75.44583062
-2.639528671	-75.42355084
-2.576933665	-75.40126256
-2.649138992	-75.40126256
-2.593588968	-75.37897428
-2.824112962	-77.60763266
-2.841274693	-77.58534438
-2.819251062	-77.60763266
-2.8522332	-77.56305612
-2.860252733	-77.58534438
-2.847253511	-74.93324259
-2.836869903	-74.91095431
-2.950892644	-74.91095431
-2.830398861	-74.86638624
-2.846771503	-74.91095431
-3.034109625	-78.63281723
-3.041496483	-78.63281723
-3.074605028	-78.61052895
-2.988929166	-78.63281723
-3.02121287	-78.61052895
-3.192984039	-80.54946516
-3.067208914	-80.54946516
-3.105494739	-80.54946516
-3.165517225	-80.50488859
-3.085388927	-80.52717687
-3.24981697	-82.93412454
-3.336206269	-82.88955647
-3.263095183	-82.93412454
-3.261078089	-82.93412454
-3.354548761	-82.86726819
-3.242408407	-82.53296943
-3.318103824	-82.55525771
-3.264750929	-82.53296943
-3.287790927	-82.51068115
-3.326408413	-82.51068115
-3.411090253	-84.91762881
-3.425563591	-84.89534903
-3.473382009	-84.91762881
-3.459559542	-84.85077246
-3.449114007	-84.87306075
-3.568175171	-85.65309117
-3.565485181	-85.65309117
-3.539526639	-85.60851461
-3.555277777	-85.63080289
-3.583730314	-85.58622635
-3.592325703	-83.49128914
-3.602999155	-83.5358657
-3.565754595	-83.51357742
-3.558531174	-83.51357742
-3.595143377	-83.51357742
-3.830725745	-87.07943087
-3.744249301	-87.07943087
-3.734169901	-87.07943087
-3.860481619	-87.05714259
-3.780517076	-87.07943087
-3.935454024	-89.12979997
-3.952819092	-89.0852234
-3.892344604	-89.10751168
-3.932917256	-89.04064686
-4.004003908	-89.10751168
-3.936106172	-88.41662589
-3.949245527	-88.39433761
-3.969859523	-88.41662589
-3.942921004	-88.46120245
-3.975409322	-88.41662589
-4.02125023	-85.9205251
-3.94027315	-85.94281338
-4.003110756	-85.9205251
-4.028944487	-85.94281338
-3.973265503	-85.89824529
-4.116587965	-89.41952218
-4.15336552	-89.41952218
-4.157935661	-89.3972339
-4.078708176	-89.37494562
-4.092304322	-89.37494562
-4.208879153	-91.69275712
-4.194980714	-91.67046884
-4.278571492	-91.69275712
-4.260307207	-91.67046884
-4.24481846	-91.69275712
-4.289271119	-89.642388
-4.29951619	-89.642388
-4.314840544	-89.62009972
-4.295392625	-89.59781144
-4.310168894	-89.59781144
-4.296087866	-89.68696457
-4.328556713	-89.75382094
-4.272494676	-89.84296557
-4.288703562	-89.88754213
-4.311805487	-89.93211022
-4.355440967	-91.84875812
-4.37848288	-91.82646984
-4.451136219	-91.75961349
-4.39158393	-91.82646984
-4.388500673	-91.75961349
-4.509460822	-93.96598361
-4.553889222	-94.01056018
-4.520872609	-93.96598361
-4.47348321	-93.9882719
-4.548116294	-93.94369533
-4.635957364	-96.0609208
-4.686164756	-96.0609208
-4.719477596	-96.01635274
-4.663064427	-96.01635274
-4.682001608	-96.03864102
-4.904678602	-98.04443357
-4.839285075	-98.08900164
-4.825781819	-98.02214529
-4.859536128	-98.02214529
-4.842326516	-97.97756873
-4.870600933	-95.74891033
-4.905292445	-95.79348689
-4.937068285	-95.77119861
-4.914803969	-95.72662205
-4.908759712	-95.72662205
-5.234085008	-100.0502261
-5.228130769	-100.0947942
-5.159063444	-100.0279379
-5.196004435	-100.0279379
-5.245029789	-100.0279379
-5.551377364	-101.8777209
-5.491474901	-101.8554326
-5.505948558	-101.8331528
-5.538319088	-101.8554326
-5.512968003	-101.8554326
-5.611095322	-100.3622366
-5.573644871	-100.3622366
-5.525914555	-100.3845249
-5.576706741	-100.3399483
-5.590604542	-100.3622366
-5.940730921	-103.8612252
-5.997565768	-103.8166571
-6.000118178	-103.7943688
-5.927140202	-103.7497923
-5.950853735	-103.7275125
-6.023386731	-100.2062271
-6.041720285	-100.1839388
-6.070942119	-100.1839388
-5.991387762	-100.161659
-5.98731144	-100.1839388
-6.093069174	-99.27019569
-6.0196941	-99.27019569
-6.042393819	-99.24790741
-6.135090086	-99.24790741
-6.051635611	-99.24790741
-6.078336957	-98.824464
-6.001473547	-98.80217572
-6.094537544	-98.77988743
-6.084926107	-98.80217572
-6.029615172	-98.84674381
-6.104476492	-96.64121362
-6.112334824	-96.6635019
-6.063804565	-96.6635019
-6.138497342	-96.68578171
-6.170602927	-96.6635019
-6.13148045	-96.35148295
-6.053559814	-96.35148295
-6.069603988	-96.39605952
-6.136439709	-96.39605952
-6.117171506	-96.37377123
-6.339907873	-102.2574277
-6.307373907	-102.2351479
-6.332396843	-102.2351479
-6.382601042	-102.2351479
-6.326252673	-102.1905713
-6.569262757	-104.4860861
-6.566077671	-104.4860861
-6.509484787	-104.4860861
-6.55136716	-104.441518
-6.568656256	-104.441518
-6.638331677	-101.2322516
-6.596554643	-101.2099633
-6.593826667	-101.2322516
-6.568148073	-101.1208187
-6.582149297	-101.1876751
-6.984035072	-104.2632203
-7.018627309	-104.2632203
-6.926340271	-104.2186522
-6.945689554	-104.1963639
-6.966645744	-104.2186522
-7.414759628	-106.5141669
-7.394779585	-106.5141669
-7.355857572	-106.4918787
-7.382925372	-106.4695989
-7.450801082	-106.4473106
-7.414910934	-103.5054781
-7.488668423	-103.4831898
-7.465093427	-103.5277664
-7.482727271	-103.5277664
-7.424700491	-103.4831898
-7.872737765	-107.2719091
-7.879023664	-107.227341
-7.890602079	-107.227341
-7.918378527	-107.1827644
-7.843658298	-107.1827644
-7.938378999	-104.3746532
-7.956213946	-104.3523734
-7.992991501	-104.3523734
-7.973136588	-104.3746532
-7.908560241	-104.3300851
-8.344466227	-108.0519395
-8.275152152	-108.0296597
-8.319990418	-108.0296597
-8.345012716	-108.0296597
-8.36781139	-108.0519395
-8.797904547	-109.656577
-8.747529889	-109.656577
-8.80841169	-109.7011535
-8.83241379	-109.7011535
-8.782579875	-109.6788653
-8.865650658	-106.3804457
-8.93322248	-106.3358777
-8.883016365	-106.3358777
-8.880366276	-106.3135894
-8.856896621	-106.2913011
-8.909759208	-105.065539
-8.937330723	-105.0432507
-8.868778924	-105.065539
-8.905554563	-105.065539
-8.844736604	-105.0878273
-9.236498288	-108.0073715
-9.190212721	-108.0742278
-9.178456825	-108.0742278
-9.131740322	-108.0965161
-9.179500006	-108.0519395
-9.580290249	-109.7234333
-9.63825191	-109.7011535
-9.58363877	-109.7234333
-9.550315715	-109.7680099
-9.55488426	-109.7457216
-9.736916141	-109.5897206
-9.820039914	-109.5897206
-9.838715661	-109.5674323
-9.804324527	-109.5451441
-9.76946926	-109.5005675
-9.931584301	-106.3135894
-9.91189091	-106.3358777
-9.906261946	-106.2913011
-9.950179608	-106.3358777
-10.00193773	-106.3135894
-9.935077106	-105.3998377
-9.953751577	-105.3775495
-9.978363369	-105.422126
-9.989650025	-105.3998377
-9.986121469	-105.3998377
-9.966765802	-104.8440646
-10.01932386	-104.8440646
-9.955177811	-104.8440646
-9.929913552	-104.8886411
-9.932504267	-104.8440646
-10.36382256	-110.1482766
-10.38827602	-110.0814118
-10.43693396	-110.1037001
-10.3605615	-110.0814118
-10.39701026	-110.0814118
-10.44450117	-108.2316287
-10.52714038	-108.3207734
-10.44023524	-108.2762053
-10.44170808	-108.2984851
-10.42297104	-108.253917
-10.48550763	-106.96129
-10.47714048	-106.9390102
-10.42891347	-106.96129
-10.4563241	-106.9390102
-10.46858691	-106.9390102
-10.47651036	-106.6047115
-10.52285785	-106.6047115
-10.46211459	-106.5824232
-10.48189161	-106.6047115
-10.46358551	-106.6047115
-10.53348885	-105.2229399
-10.49134472	-105.2229399
-10.51007793	-105.2675164
-10.47095481	-105.2675164
-10.50850677	-105.2006516
-11.0595604	-110.1705649
-10.99770628	-110.1037001
-11.00395132	-110.0814118
-10.98249908	-110.059132
-11.02427611	-110.0814118
-11.35539987	-111.1511729
-11.31672046	-111.0843081
-11.31974402	-111.0843081
-11.24039332	-111.03974
-11.27249955	-111.0174517
-11.37701555	-107.8527534
-11.30262539	-107.8527534
-11.33066869	-107.8527534
-11.3800787	-107.8304736
-11.3866289	-107.8304736
-11.80154933	-110.7277295
-11.74428419	-110.7277295
-11.78616337	-110.6831529
-11.83791893	-110.6608647
-11.80975433	-110.6385764
-12.1205533	-111.396327
-12.08902037	-111.3740388
-12.10879868	-111.396327
-12.07928444	-111.3740388
-12.08301921	-111.3517505
-12.19478258	-108.2762053
-12.13614866	-108.2984851
-12.16694484	-108.253917
-12.15948042	-108.2984851
-12.14527553	-108.253917
-12.58464113	-111.50776
-12.58447769	-111.50776
-12.61033504	-111.50776
-12.53645306	-111.50776
-12.53619131	-111.4631834
-12.832184	-112.0426363
-12.86436556	-111.9757714
-12.77230644	-111.9980597
-12.83820943	-111.9534916
-12.82846967	-111.9534916
-12.86220642	-109.0562357
-12.8823882	-109.0339475
-12.92000273	-109.0339475
-12.90320841	-109.0339475
-12.9283967	-109.0339475
-13.25223479	-111.5746163
-13.26284536	-111.552328
-13.26217374	-111.552328
-13.2847496	-111.50776
-13.30842483	-111.50776
-13.57740718	-112.4660797
-13.5581626	-112.532936
-13.56596028	-112.488368
-13.59998305	-112.4215031
-13.6061668	-112.4437914
-13.73602431	-105.9366654
-13.68635894	-105.9143772
-13.69999818	-105.8920974
-13.69744449	-105.9143772
-13.73073052	-105.8920974
-13.75348259	-102.2370908
-13.69952064	-102.1702345
-13.71799401	-102.1702345
-13.65582579	-102.1925227
-13.69713167	-102.1925227
-13.48847122	-97.35633061
-13.50979961	-97.35633061
-13.45522478	-97.35633061
-13.4875902	-97.37861889
-13.49565346	-97.37861889
-13.48638741	-97.91349521
-13.48873425	-97.91349521
-13.4314091	-97.95807177
-13.47198079	-97.89120693
-13.44944451	-97.91349521
-13.25266381	-93.6121879
-13.25874669	-93.58989962
-13.25907612	-93.58989962
-13.27859139	-93.56761134
-13.30932245	-93.56761134
-13.08082369	-89.1548711
-13.02910643	-89.1548711
-13.03538978	-89.11029456
-13.00624966	-89.06572647
-13.03665768	-88.95429356
-13.07338225	-88.88742871
-13.10381325	-88.86514043
-13.06297215	-88.88742871
-13.06427708	-88.90971699
-13.04554323	-88.86514043
-13.07413559	-89.97946963
-13.08048277	-90.00175791
-13.08017888	-89.97946963
-12.99698872	-90.0240462
-13.02997085	-89.97946963
-13.01766464	-90.11319083
-13.03176737	-90.11319083
-13.07652328	-90.15776739
-13.0265221	-90.13547911
-13.04654428	-90.11319083
-12.77820035	-85.32157526
-12.84385563	-85.32157526
-12.78625978	-85.32157526
-12.79495764	-85.34386355
-12.72752755	-85.29928698
-12.60269824	-80.03965997
-12.5270606	-80.08422804
-12.56185969	-80.06193976
-12.50620209	-80.10651632
-12.50899966	-80.03965997
-12.25370379	-75.29261248
-12.22764086	-75.31490076
-12.26807338	-75.33718904
-12.28372365	-75.31490076
-12.26256252	-75.31490076
-11.97825805	-71.45932514
-11.9953818	-71.45932514
-11.96512189	-71.48160492
-11.9836259	-71.45932514
-11.97779328	-71.43703686
-11.98487338	-70.61242985
-11.97395509	-70.61242985
-12.02134513	-70.59014582
-11.9817515	-70.56785753
-11.9998533	-70.59014582
-11.89415622	-71.57075805
-11.91215588	-71.54846977
-11.91954369	-71.54846977
-11.93878827	-71.59303786
-11.98785353	-71.57075805
-11.74130021	-66.91285946
-11.69143692	-66.91285946
-11.70403043	-66.91285946
-11.67349855	-66.89057117
-11.68631806	-66.95743177
-11.71613618	-67.82660685
-11.62660393	-67.84889513
-11.69448219	-67.82660685
-11.63923319	-67.82660685
-11.65368322	-67.82660685
-11.67288822	-68.44979636
-11.64079094	-68.3606517
-11.67625653	-68.33836342
-11.70403681	-68.29379111
-11.65121508	-68.24921879
-11.34294809	-62.52156756
-11.33774368	-62.52156756
-11.35927637	-62.49927928
-11.38576703	-62.52156756
-11.3873184	-62.49927928
-11.12332978	-58.24254004
-11.1283299	-58.26482832
-11.11879699	-58.24254004
-11.14986003	-58.24254004
-11.10700278	-58.26482832
-10.82855264	-54.43153673
-10.87371842	-54.43153673
-10.81512152	-54.43153673
-10.81779779	-54.43153673
-10.81175449	-54.43153673
-10.83905723	-55.72415944
-10.86571516	-55.74644348
-10.82948473	-55.72415944
-10.81809785	-55.70187116
-10.77554577	-55.74644348
-10.48551465	-49.86278702
-10.45549479	-49.84049874
-10.48686045	-49.86278702
-10.4781677	-49.84049874
-10.51078019	-49.8182147
-10.15039757	-44.55857917
-10.09800677	-44.55857917
-10.11459807	-44.58086745
-10.05200275	-44.55857917
-10.1063752	-44.58086745
-10.04994895	-45.40547021
-10.07235499	-45.3608979
-10.07480589	-45.40547021
-10.10539842	-45.38318193
-10.10620794	-45.40547021
-9.739393855	-40.36870055
-9.776577446	-40.32412823
-9.725061928	-40.30183995
-9.737084684	-40.34641649
-9.748263447	-40.39098883
-9.75083884	-41.70589557
-9.694755415	-41.70589557
-9.723468428	-41.70589557
-9.699957275	-41.70589557
-9.734243708	-41.68361154
-9.380789237	-35.6885179
-9.322824384	-35.71080618
-9.345826076	-35.71080618
-9.332661822	-35.75537852
-9.355232581	-35.71080618
-8.954501072	-31.20891495
-8.98323643	-31.29806171
-8.960602468	-31.27577554
-8.949217495	-31.2534894
-8.990525289	-31.2534894
-8.581005269	-26.79617259
-8.589902951	-26.79617259
-8.56884206	-26.84074491
-8.626436629	-26.84074491
-8.579923145	-26.84074491
-8.528876867	-28.08879319
-8.528938155	-28.15565381
-8.57451316	-28.11107936
-8.572631731	-28.13336764
-8.620022407	-28.11107936
-8.098021434	-22.40571429
-8.049834008	-22.40571429
-8.087651552	-22.38342812
-8.108061253	-22.42800044
-8.128754413	-22.40571429
-8.047752115	-23.27489148
-8.044016072	-23.29717765
-8.100101412	-23.29717765
-8.117734617	-23.29717765
-8.133311466	-23.3194638
-7.594057788	-17.90382517
-7.622897846	-17.92611132
-7.59901577	-17.94839749
-7.617487223	-17.94839749
-7.628939868	-17.92611132
-7.138087487	-13.42422116
-7.177642814	-13.46879454
-7.175766493	-13.49108068
-7.181172009	-13.46879454
-7.247299721	-13.49108068
-7.169354186	-14.96199588
-7.212846021	-14.96199588
-7.140738213	-15.00656926
-7.152658822	-15.00656926
-7.118904194	-15.00656926
-7.183825289	-15.25172125
-7.124312902	-15.29629463
-7.148660387	-15.29629463
-7.101516142	-15.27400742
-7.11910785	-15.29629463
-7.004836764	-13.11220961
-6.965204826	-13.11220961
-6.972390261	-13.13449578
-6.991698685	-13.13449578
-6.990859799	-13.13449578
-6.581069726	-9.056051115
-6.586500141	-9.122910666
-6.604338918	-9.100624498
-6.595008386	-9.056051115
-6.655460529	-9.056051115
-6.343096151	-6.871965562
-6.295706113	-6.894252264
-6.343096151	-6.871965562
-6.288394909	-6.849679415
-6.329763353	-6.916538944
-6.290118009	-7.250837722
-6.314505077	-7.22855102
-6.348628712	-7.20626434
-6.272096005	-7.183978171
-6.338691041	-7.22855102
-6.217944444	-6.225654752
-6.227145377	-6.247941432
-6.220594532	-6.247941432
-6.213677234	-6.270228112
-6.22647248	-6.247941432
-5.357793243	-0.007697892
-5.360895972	-0.029984483
-5.351588423	0.036875268
-5.360895972	-0.029984483
-5.360895972	-0.029984483
-4.907941575	3.223856756
-4.953382511	3.17928364
-4.891221313	3.15699696
-4.954619772	3.223856756
-4.879227605	3.223856756
-4.858561897	2.265533581
-4.899230312	2.287820284
-4.879084599	2.287820284
-4.875589879	2.310106697
-4.888182745	2.310106697
-4.846995612	3.313002987
-4.826814466	3.290716551
-4.867684623	3.335289667
-4.786214682	3.313002987
-4.840314211	3.335289667
-4.756245574	3.134710525
-4.795444024	3.067850729
-4.771899992	3.045564027
-4.763365252	3.067850729
-4.804981724	3.045564027
-4.749962867	2.733551951
-4.767252602	2.733551951
-4.762686291	2.711265271
-4.769909074	2.711265271
-4.809638052	2.666692155
-4.816399575	2.220960488
-4.770559306	2.220960488
-4.79752879	2.176387372
-4.755783038	2.220960488
-4.77623679	2.198673919
-4.8228288	2.02038119
-4.810401285	2.02038119
-4.826049637	2.042667892
-4.782866479	2.02038119
-4.788744108	2.02038119
-4.768984001	2.064954439
-4.758574217	2.064954439
-4.795879747	2.087241008
-4.770494187	2.064954439
-4.817914869	2.109527555
-4.854212011	2.243247168
-4.822676217	2.265533581
-4.845547672	2.287820284
-4.777035136	2.287820284
-4.805750703	2.287820284
-4.797456329	2.243247168
-4.739353257	2.243247168
-4.744157699	2.198673919
-4.725249247	2.243247168
-4.746739796	2.243247168
-4.778238242	2.778125066
-4.787976087	2.778125066
-4.798055807	2.778125066
-4.816491189	2.755838386
-4.799731663	2.778125066
-4.801635437	2.934131115
-4.794720373	2.91184468
-4.787297764	2.889558
-4.830316209	2.91184468
-4.7987785	2.934131115
-4.64523363	3.24502909
-4.61416963	3.24502909
-4.658299886	3.222742387
-4.635296917	3.222742387
-4.651619123	3.24502909
-4.630778488	3.222742387
-4.601026125	3.200455974
-4.647065581	3.222742387
-4.578353538	3.200455974
-4.619187305	3.222742387
-4.61471165	1.840974248
-4.557790297	1.840974248
-4.629324483	1.840974248
-4.575257832	1.840974248
-4.623445896	1.840974248
-4.423120363	4.515364318
-4.421335336	4.5599377
-4.429835281	4.515364318
-4.400990435	4.537650998
-4.439840944	4.582223869
-4.111917273	6.833168951
-4.124309994	6.810882249
-4.09266503	6.877742334
-4.1255131	6.833168951
-4.08940908	6.833168951
-3.752883635	8.816674806
-3.817228873	8.838961509
-3.757923973	8.816674806
-3.810204639	8.861248189
-3.771861994	8.816674806
-3.40569974	11.08990659
-3.365229555	11.08990659
-3.408247681	11.11219276
-3.364791278	11.13447997
-3.419803112	11.08990659
-2.896488268	13.25170544
-2.969167782	13.22941823
-2.931388544	13.22941823
-2.926987903	13.20713206
-2.947476449	13.20713206
-2.625647949	15.36893093
-2.585052792	15.27978417
-2.621389517	15.32435755
-2.568018746	15.3466437
-2.604012478	15.39121708
-2.122482648	17.66444886
-2.118988248	17.68673503
-2.156910333	17.66444886
-2.126918562	17.70902225
-2.185025942	17.59758931
-1.704744386	20.16054543
-1.754078258	20.13825926
-1.69950502	20.13825926
-1.755862487	20.09368694
-1.718483379	20.13825926
-1.376295932	22.2777709
-1.420933255	22.25548473
-1.389596489	22.30005918
-1.407194422	22.2777709
-1.38963639	22.21091241
-1.332786541	20.96286413
-1.36902016	20.94057585
-1.301853736	20.94057585
-1.37009223	20.9851503
-1.319486064	20.94057585
-1.011835311	24.46185698
-0.946618547	24.41728465
-1.010963546	24.43957081
-0.967615197	24.41728465
-1.000154589	24.39499636
-0.643354469	26.77966213
-0.703771021	26.75737598
-0.640498011	26.77966213
-0.70572084	26.71280153
-0.65336504	26.7350877
-0.231348954	28.830027
-0.240647366	28.87460145
-0.245287414	28.830027
-0.253149616	28.80774085
-0.222758333	28.80774085
0.085752992	31.03639926
0.131956812	31.01411309
0.102404125	31.01411309
0.111228399	30.94725249
0.067742545	31.0586854
0.422444467	33.26505764
0.437784621	33.22048532
0.3858337	33.26505764
0.431838602	33.26505764
0.387269869	33.19819704
0.839074749	35.49371604
0.770088264	35.47142987
0.827176485	35.47142987
0.770926432	35.47142987
0.826337998	35.47142987
1.209441807	37.54408305
1.215519661	37.52179477
1.219487212	37.56636708
1.205309064	37.49951071
1.210006172	37.49951071
1.560947736	39.99560727
1.58358489	40.01789131
1.576470479	40.06246787
1.582946628	39.99560727
1.573739471	39.97331899
2.003642538	42.09054448
1.945540105	42.09054448
1.959574368	42.1351168
1.966050198	42.06826043
1.957750717	42.00139983
2.333906184	44.3637752
2.304080243	44.31920286
2.343643391	44.3637752
2.281208469	44.34149114
2.322242062	44.29691883
2.280283556	43.09344075
2.343556725	43.11572903
2.268729242	43.07115672
2.350472108	43.09344075
2.28250255	43.07115672
2.360693558	42.15740508
2.334834928	42.15740508
2.359217048	42.1351168
2.310960034	42.17969336
2.345786892	42.1351168
2.494791785	44.9878004
2.520285557	45.01008868
2.461545022	44.9878004
2.496536911	44.94322808
2.456574111	44.94322808
2.70549167	46.72615479
2.719525774	46.77072711
2.689972918	46.77072711
2.699818017	46.81529942
2.668008022	46.74844308
3.045625475	48.79880795
2.994506098	48.73194735
3.057141324	48.73194735
3.054428351	48.75423563
3.084181353	48.73194735
3.397632325	51.13889926
3.369699464	51.18347158
3.435115974	51.11661098
3.37251618	51.09432695
3.463592132	51.04975038
3.743917003	53.25612473
3.715545865	53.25612473
3.774525489	53.34526938
3.764002386	53.18926413
3.81924852	53.18926413
4.144968679	55.70764898
4.197285416	55.64078838
4.161181716	55.64078838
4.183038399	55.6185001
4.181841359	55.75222129
4.416242966	57.66886922
4.495603562	57.71344154
4.454056359	57.64658094
4.500767435	57.62429266
4.447978266	57.66886922
4.879541708	59.91981166
4.883070265	59.91981166
4.913695669	59.87523934
4.867147072	59.89752762
4.88962079	59.91981166
5.213457605	62.48276881
5.155987529	62.39362416
5.220064312	62.4381965
5.159014286	62.5050571
5.207635839	62.4381965
5.538232901	64.48856137
5.598649293	64.51084965
5.561161175	64.42170078
5.575230072	64.44398906
5.556595183	64.44398906
5.541516303	62.63877404
5.534600282	62.66106232
5.598073436	62.66106232
5.548505105	62.6833506
5.605700021	62.72792294
5.803388554	64.77828781
5.733125785	64.71142722
5.746996772	64.75599953
5.72197639	64.75599953
5.781280013	64.7337155
6.038954642	66.73950806
6.003723345	66.71721977
6.038988478	66.71721977
6.035094107	66.73950806
6.064010137	66.71721977
6.052811584	63.37172506
6.06906516	63.39401335
6.027484759	63.34943678
6.063752215	63.34943678
6.016491777	63.28258041
5.985423627	63.1711475
6.033009022	63.12657094
5.989516548	63.12657094
6.053661323	63.12657094
6.031732178	63.08199862
6.193571422	67.29416553
6.159927241	67.33873784
6.233478519	67.33873784
6.182995968	67.29416553
6.257190137	67.31644956
6.39408114	69.36681446
6.343332367	69.38910274
6.381146079	69.36681446
6.350921284	69.36681446
6.370866853	69.38910274
6.617040955	71.32803892
6.624993773	71.28346236
6.640243112	71.30575064
6.659621123	71.26117408
6.646120421	71.30575064
6.932712357	73.62355368
6.961625834	73.60126539
6.896806248	73.60126539
6.930418509	73.57897711
6.860759687	73.55669733
6.947503948	71.35031873
6.92584741	71.35031873
6.97323234	71.32803892
6.908722388	71.35031873
6.980055152	71.37260701
7.181639333	74.20300656
7.142912039	74.15842999
7.152649884	74.15842999
7.107846093	74.13614171
7.164437701	74.13614171
7.390861591	75.45105695
7.399397288	75.47333676
7.38434586	75.42876869
7.375577139	75.45105695
7.385748473	75.38419213
7.754925992	77.92486101
7.700786561	77.85800464
7.724967419	77.85800464
7.682185509	77.83571635
7.787035407	77.79114829
8.044913693	80.77754883
8.077688344	80.75526055
8.037218159	80.75526055
8.085440059	80.73297227
8.056799188	80.79983711
8.312778169	82.20388851
8.378068272	82.22617679
8.335142079	82.18160023
8.396902987	82.20388851
8.354558396	82.22617679
8.396134966	80.73297227
8.435222968	80.75526055
8.36540071	80.73297227
8.396064101	80.77754883
8.343838658	80.77754883
8.75249234	84.25425763
8.712258371	84.20968106
8.742718105	84.1651045
8.730360816	84.12053643
8.788264381	84.14282472
9.0860753	86.46062775
9.099032706	86.43833947
9.086165318	86.3937629
9.12211867	86.26005019
9.084346455	86.37148312
9.469436633	88.95672006
9.479101059	88.88986371
9.452094548	88.86757543
9.480501757	88.84528715
9.41417358	88.84528715
9.460775167	86.88407116
9.400800562	86.90635944
9.461449978	86.88407116
9.421014268	86.86178287
9.453390544	86.88407116
9.475034314	86.41605119
9.477526073	86.43833947
9.474904714	86.3937629
9.50298122	86.37148312
9.499561196	86.41605119
9.564210323	89.42474003
9.605009296	89.42474003
9.57538334	89.35788366
9.615453235	89.40245175
9.553491862	89.40245175
9.834805967	90.96251262
9.879611035	90.9848009
9.854622575	90.96251262
9.91070983	90.96251262
9.866743647	90.94023283
9.987644743	92.29970767
9.977834756	92.2328513
9.987570686	92.2328513
9.9578196	92.25513958
9.99956599	92.29970767
10.16660709	93.23574759
10.1174748	93.19117102
10.16808504	93.25803587
10.12169668	93.16889121
10.15578265	93.16889121
10.24438408	91.78711963
10.20284071	91.83169619
10.22298674	91.83169619
10.21321634	91.85397598
10.18772161	91.83169619
10.38957201	93.54775806
10.39239384	93.57004634
10.36720619	93.57004634
10.35783608	93.54775806
10.37630561	93.54775806
10.62120479	95.77641646
10.64471594	95.77641646
10.62779011	95.75412818
10.67120788	95.68727181
10.65571914	95.59812718
10.92618007	97.6484878
10.90214095	97.67077609
10.94384903	97.62620802
10.90889034	97.6484878
10.95580411	97.60391974
11.00408794	95.75412818
11.05358349	95.66498353
11.00960007	95.77641646
11.036567	95.70956009
11.04204594	95.75412818
11.20848884	98.02736312
11.23149117	98.02736312
11.22064949	98.09421949
11.22248432	97.98278658
11.1992828	98.00507484
11.49972146	100.0108674
11.52318984	99.92172277
11.54381086	99.94401105
11.54137337	100.0108674
11.54694168	99.98857912
11.9278253	102.0835248
11.94820627	102.0389482
11.90582657	102.0835248
11.92647951	102.0835248
11.89998373	102.0612365
11.99151679	99.56513573
11.96149055	99.54284745
12.0084771	99.56513573
11.96585863	99.54284745
11.99168278	99.56513573
12.62149976	104.5796171
12.64251915	104.5573288
12.61420132	104.5127608
12.65789362	104.4904725
12.63898613	104.4458959
12.95703629	105.8499558
13.00610155	105.8276675
12.94575793	105.8722441
12.99699893	105.8499558
12.9258328	105.8276675
13.1184446	103.6881538
13.09254894	103.5990091
13.11089207	103.6881538
13.10461256	103.6212974
13.13722058	103.5990091
13.70892459	106.8751404
13.67732017	106.8974202
13.69313004	106.8751404
13.71771566	106.8305638
13.68859852	106.8751404
13.71782419	104.7356266
13.67547768	104.7579149
13.72016975	104.7356266
13.69878773	104.7801947
13.69851449	104.7356266
13.80686868	100.5000557
13.75618567	100.4777759
13.77680669	100.5000557
13.73808003	100.4554876
13.7300589	100.5446323
13.74766019	97.62508809
13.71891844	97.64737637
13.75578602	97.58052
13.73258322	97.60279981
13.75305868	97.60279981
13.53737815	93.45750198
13.58028902	93.39063713
13.50160611	93.45750198
13.56135088	93.47978176
13.52484593	93.41292541
13.53552672	94.88384165
13.55666997	94.77240874
13.4932364	94.86155337
13.53982458	94.92840974
13.4721455	94.81697681
13.28797746	88.62130985
13.27394751	88.68816622
13.32983238	88.7104545
13.28348425	88.7104545
13.28989017	88.68816622
13.30596052	88.8441757
13.31073209	88.91103207
13.30521995	88.88875226
13.319195	88.86646398
13.28778849	88.86646398
13.33304237	88.93332035
13.32985664	88.93332035
13.3544014	88.91103207
13.33989902	88.95560861
13.34244632	88.93332035
13.11260815	84.11941651
13.11865145	84.11941651
13.1262027	84.11941651
13.09903275	84.0971367
13.12599968	84.14170479
12.95507123	80.30841743
12.98660926	80.33069724
12.94415294	80.30841743
12.95802712	80.35298552
12.92212101	80.33069724
12.7875711	81.66789226
12.84499968	81.66789226
12.78807801	81.66789226
12.84570833	81.64561247
12.81353188	81.60103591
12.65329188	76.05167819
12.61587782	76.0293899
12.65360215	76.07396647
12.61225669	76.09624628
12.65480494	76.05167819
12.33395083	72.307527
12.37713622	72.2852472
12.30825564	72.307527
12.40421168	72.37439185
12.3378452	72.2852472
11.99459143	66.5130194
12.0471131	66.53530768
11.97419514	66.44615881
12.02396521	66.5130194
11.94484562	66.53530768
12.08026506	67.60422461
12.04591287	67.67108521
12.07300748	67.62651289
12.0492965	67.64880117
12.03918263	67.67108521
11.98437796	68.42883162
11.99854965	68.38425506
11.9767667	68.47340394
12.02558808	68.38425506
12.00145957	68.47340394
11.74112272	62.92404198
11.72107245	62.96861855
11.7131739	62.85718564
11.7433074	62.92404198
11.7085147	62.94633027
11.4463941	58.19928702
11.49936778	58.26614764
11.50322129	58.15471471
11.49674259	58.2215753
11.49163011	58.15471471
11.17000989	53.34081089
11.14868406	53.34081089
11.17225075	53.29623855
11.12685004	53.34081089
11.15334581	53.36309917
11.10454103	54.74486651
11.09275066	54.76715479
11.08781821	54.81172712
11.11999083	54.74486651
11.11267708	54.81172712
10.79377398	49.03950356
10.77737676	48.99492699
10.7638767	49.03950356
10.75756782	49.10635993
10.71268933	49.01721527
10.42275909	44.93876956
10.45640901	45.00563016
10.4359559	44.98334188
10.43850384	44.96105784
10.4318285	45.0502025
10.35121181	45.65193941
10.43167911	45.62965536
10.37845007	45.62965536
10.42146884	45.6073671
10.37526499	45.62965536
10.11245298	40.21401462
10.10626603	40.19172634
10.07600613	40.21401462
10.08395958	40.16944228
10.04685707	40.28087522
10.02260726	41.28377148
9.980295871	41.28377148
10.00202583	41.3506321
9.97105408	41.28377148
10.01733071	41.32834382
9.586479746	35.6452649
9.625169374	35.7121255
9.601803142	35.73440953
9.639850517	35.66755319
9.575869179	35.66755319
9.295683804	31.47767454
9.335448533	31.49996071
9.286752285	31.49996071
9.303203772	31.49996071
9.294378231	31.56681919
8.810561256	26.6637707
8.829100382	26.61919838
8.851539625	26.6637707
8.843039041	26.61919838
8.882602667	26.6637707
8.800693811	27.82267435
8.759767155	27.91182111
8.792832287	27.80038818
8.748177887	27.91182111
8.762811149	27.88953283
8.360609994	22.38474742
8.354897398	22.38474742
8.360211619	22.42931976
8.376368794	22.40703359
8.343048292	22.34017511
8.346075688	23.16477787
8.355680102	23.14249172
8.377770768	23.0756311
8.376971464	23.16477787
8.370896243	23.18706404
7.851922028	18.08343589
7.850045068	18.10572415
7.900419727	18.10572415
7.866841303	18.10572415
7.905128724	18.10572415
7.343977184	13.84898597
7.395256486	13.80441261
7.365702672	13.80441261
7.395765308	13.80441261
7.34499419	13.84898597
6.808506792	9.168803347
6.823136862	9.146516133
6.776428659	9.168803347
6.78159732	9.191089515
6.755066433	9.191089515
6.708434202	8.366486221
6.66279344	8.344199519
6.682741562	8.366486221
6.641597842	8.366486221
6.6989945	8.38877239
6.598261782	9.569961654
6.641752979	9.569961654
6.595076697	9.569961654
6.634764816	9.525388271
6.619060282	9.5922478
6.434445986	6.650419037
6.412645802	6.628132357
6.402840923	6.672705739
6.404349513	6.672705739
6.415032222	6.717278588
6.135215855	4.600053097
6.124971103	4.600053097
6.157649991	4.533193568
6.134777898	4.555480248
6.148955965	4.622339799
5.854056248	2.25996205
5.826054437	2.349108281
5.849763501	2.326821868
5.846777603	2.304535166
5.86222613	2.304535166
5.746201299	3.822808706
5.801574798	3.733662475
5.764947273	3.867381822
5.781234047	3.867381822
5.71315468	3.800522004
5.181131126	0.346101623
5.1845636	0.368388214
5.181131126	0.346101623
5.1845636	0.368388214
5.181131126	0.346101623
4.11021971	-6.607312389
4.124158369	-6.607312389
4.078483132	-6.607312389
4.108201659	-6.607312389
4.056444179	-6.58502622
4.08621346	-5.983288237
4.033658592	-5.983288237
4.058336142	-5.983288237
4.032516775	-6.00557494
4.051950968	-5.983288237
3.536935924	-8.813684623
3.516994824	-8.835970791
3.543525712	-8.835970791
3.523749006	-8.858257472
3.53760882	-8.813684623
3.010938751	-10.99776911
2.988404383	-10.97548296
3.006367333	-10.97548296
2.948264581	-10.97548296
3.009553057	-10.97548296
2.536288233	-13.1818552
2.52255355	-13.20414134
2.559290884	-13.1818552
2.527554466	-13.1818552
2.563454191	-13.15956796
2.114711461	-15.56651883
2.137713952	-15.56651883
2.112588869	-15.4996593
2.113756542	-15.4996593
2.092264397	-15.4996593
1.650887138	-17.70603153
1.605681141	-17.68374429
1.652436747	-17.72831768
1.651230609	-17.70603153
1.658883369	-17.66145815
1.235724348	-19.93468886
1.280154424	-19.89011655
1.208621276	-19.89011655
1.283605013	-19.84554421
1.207500686	-19.82325593
0.900161244	-21.9627697
0.892403942	-21.94048142
0.932162527	-21.91819525
0.903282886	-21.91819525
0.93367391	-21.91819525
0.920058771	-20.87072667
0.913508246	-20.87072667
0.936648396	-20.8484405
0.942526983	-20.8484405
0.921403686	-20.87072667
0.436355315	-24.52572686
0.491601849	-24.52572686
0.443210527	-24.50343858
0.488720253	-24.50343858
0.455229492	-24.45886627
0.179904381	-26.57609173
0.165927067	-26.55380557
0.149475261	-26.55380557
0.153841985	-26.55380557
0.181884406	-26.55380557
-0.228785133	-28.7601778
-0.218337542	-28.78246397
-0.196745225	-28.73788954
-0.227236222	-28.78246397
-0.181257176	-28.7601778
-0.543078902	-30.96654792
-0.551178397	-30.94426177
-0.549464474	-30.96654792
-0.53989206	-30.96654792
-0.56158834	-30.94426177
-0.887635412	-33.15063401
-0.902082973	-33.15063401
-0.925962415	-33.12834784
-0.897042873	-33.15063401
-0.915249381	-33.10606169
-1.2300325	-35.42386473
-1.264320689	-35.40157856
-1.234095655	-35.40157856
-1.280977748	-35.37929241
-1.238666754	-35.37929241
-1.572223698	-37.71938584
-1.62575583	-37.74166987
-1.604263686	-37.74166987
-1.605509725	-37.69709756
-1.591242278	-37.69709756
-1.977273011	-39.88118364
-2.000987023	-39.85889536
-1.948597506	-39.85889536
-1.956988441	-39.85889536
-1.918701339	-39.85889536
-2.316824256	-42.4441408
-2.30470031	-42.46642484
-2.305312716	-42.39956846
-2.337557318	-42.39956846
-2.298861785	-42.4441408
-2.625305755	-44.62822687
-2.603180455	-44.60593859
-2.638406805	-44.62822687
-2.617956724	-44.60593859
-2.661613112	-44.60593859
-2.670450144	-42.77843956
-2.638448621	-42.73386724
-2.682370593	-42.77843956
-2.617082725	-42.75615128
-2.650086409	-42.80072359
-2.717513788	-44.67279918
-2.736696443	-44.6505109
-2.781368719	-44.6505109
-2.740733502	-44.6505109
-2.782002352	-44.67279918
-2.977585052	-46.7008758
-2.949951929	-46.65630346
-2.958850888	-46.65630346
-2.983033342	-46.65630346
-2.943275954	-46.63401942
-3.296065191	-48.72895663
-3.307554545	-48.6843843
-3.289552971	-48.70666835
-3.282166433	-48.70666835
-3.269940978	-48.6843843
-3.287145164	-47.70377206
-3.291083906	-47.65919975
-3.297429498	-47.68148803
-3.253634413	-47.65919975
-3.307000715	-47.68148803
-3.600664767	-51.11362026
-3.635789447	-51.09133623
-3.585010668	-51.13590854
-3.66505246	-51.06904795
-3.629152097	-51.04675967
-3.88536889	-53.25313401
-3.849633878	-53.23084573
-3.882043671	-53.23084573
-3.865960234	-53.2085617
-3.901860278	-53.23084573
-4.290458264	-55.39264354
-4.220025675	-55.4372201
-4.286967694	-55.3703595
-4.235922374	-55.3703595
-4.2701472	-55.39264354
-4.597550557	-57.71045082
-4.602246468	-57.71045082
-4.553613424	-57.6658785
-4.575106526	-57.6658785
-4.529227633	-57.68816254
-4.866442573	-59.96139325
-4.894182632	-59.93910922
-4.847671382	-59.93910922
-4.862446693	-59.93910922
-4.846263981	-59.87224862
-5.218647973	-62.100907
-5.183316763	-62.14547934
-5.192117086	-62.100907
-5.181034086	-62.100907
-5.166502333	-62.05633469
-5.240036374	-60.60770673
-5.256794304	-60.62999077
-5.217833028	-60.62999077
-5.268244076	-60.60770673
-5.231302128	-60.60770673
-5.553867208	-64.44099832
-5.536703242	-64.4632866
-5.538174804	-64.48557066
-5.55255972	-64.41871004
-5.552152407	-64.4632866
-5.816684323	-66.62508441
-5.835399653	-66.58051209
-5.838052933	-66.60279612
-5.823010443	-66.55822381
-5.828214856	-66.55822381
-5.833482473	-66.00105921
-5.827807543	-65.97877093
-5.803828427	-65.95648689
-5.819036268	-66.00105921
-5.782095278	-66.00105921
-5.889157307	-64.59700357
-5.87219636	-64.59700357
-5.922200095	-64.61929185
-5.867829556	-64.59700357
-5.913670144	-64.59700357
-5.939736261	-66.20163677
-5.940333185	-66.24621333
-5.946756983	-66.22392505
-6.008231878	-66.31306968
-5.965249504	-66.31306968
-6.01547158	-66.80337794
-6.035923416	-66.82566197
-5.98343239	-66.78108965
-6.057946409	-66.80337794
-6.019330838	-66.80337794
-6.055758538	-64.93158232
-6.101128609	-64.90929403
-6.060027663	-64.88701
-6.102396514	-64.95386635
-6.048395621	-64.90929403
-6.286690323	-69.16603328
-6.351038754	-69.14374499
-6.327832766	-69.16603328
-6.36410086	-69.16603328
-6.339667188	-69.12146094
-6.565368385	-71.01582058
-6.546362573	-71.03810462
-6.576654403	-70.9935323
-6.536817532	-71.01582058
-6.569799031	-70.97124402
-6.647351298	-72.10785726
-6.688113242	-72.13014554
-6.655741435	-72.10785726
-6.657073821	-72.10785726
-6.62035947	-72.1747221
-6.808513815	-73.42277249
-6.839147199	-73.37819593
-6.81520575	-73.33361937
-6.886536598	-73.35590765
-6.831798967	-73.35590765
-6.870555628	-71.50612459
-6.888596146	-71.46154803
-6.830759616	-71.50612459
-6.793309165	-71.50612459
-6.816820318	-71.50612459
-7.001222659	-73.51191715
-6.946912131	-73.55648521
-6.970080452	-73.55648521
-6.953528095	-73.51191715
-7.013942571	-73.53420543
-7.029628591	-72.97704083
-6.977648302	-72.93246426
-7.020690688	-72.99932061
-7.002855103	-73.02160889
-7.04341339	-73.06618546
-7.487546716	-77.61264689
-7.42991065	-77.63493517
-7.484650197	-77.63493517
-7.461384198	-77.59035861
-7.504266978	-77.54579054
-7.738657094	-79.86359358
-7.784966283	-79.88588186
-7.735595862	-79.88588186
-7.775127567	-79.84130529
-7.753229067	-79.88588186
-8.020381065	-82.29282952
-8.012852159	-82.27054124
-8.022258025	-82.27054124
-8.057729369	-82.24825296
-8.076503433	-82.27054124
-8.130693938	-80.22018061
-8.096533912	-80.26474868
-8.078062459	-80.26474868
-8.07461179	-80.22018061
-8.109507278	-80.2424604
-8.505449347	-84.58834429
-8.486852125	-84.56606448
-8.545487959	-84.5437762
-8.502669021	-84.5437762
-8.523653939	-84.5437762
-8.787940063	-86.54956876
-8.737898022	-86.54956876
-8.7906591	-86.52728048
-8.753513176	-86.54956876
-8.806945236	-86.52728048
-9.062968906	-88.75593888
-9.107601601	-88.77822716
-9.058806397	-88.7336506
-9.100912219	-88.75593888
-9.03801492	-88.71136232
-9.103956852	-86.46042413
-9.131668181	-86.46042413
-9.117771019	-86.43813585
-9.12391072	-86.48270392
-9.112057145	-86.43813585
-9.144062498	-85.54667249
-9.185572034	-85.52438421
-9.127165393	-85.50209593
-9.13314485	-85.54667249
-9.120716058	-85.54667249
-9.416918793	-89.51368105
-9.352876166	-89.55825761
-9.439592337	-89.51368105
-9.416591921	-89.51368105
-9.447693269	-89.49139276
-9.599366287	-91.27431948
-9.607040115	-91.29660776
-9.567918914	-91.29660776
-9.606205698	-91.29660776
-9.584652584	-91.22975139
-9.859159837	-92.94581328
-9.846401619	-92.94581328
-9.89140396	-92.94581328
-9.872299192	-92.92353347
-9.888383587	-92.94581328
-10.19571401	-95.62020335
-10.22697943	-95.59792356
-10.19389642	-95.59792356
-10.25102431	-95.57563528
-10.18610704	-95.53105872
-10.24892135	-92.72294743
-10.24224729	-92.70066763
-10.26118415	-92.72294743
-10.22897897	-92.70066763
-10.23633167	-92.72294743
-10.50569963	-95.84306919
-10.52255652	-95.7985011
-10.4869626	-95.7985011
-10.52209111	-95.77621282
-10.47559614	-95.86535747
-10.73852242	-97.69286075
-10.7721366	-97.67057247
-10.74211674	-97.64828419
-10.78056887	-97.64828419
-10.74409584	-97.67057247
-11.06563689	-99.87694259
-11.06739	-99.8323745
-11.04689922	-99.8323745
-11.05075912	-99.8323745
-11.01196351	-99.8323745
-11.11788915	-97.78200538
-11.11596878	-97.82658194
-11.10274324	-97.80429366
-11.08994671	-97.82658194
-11.09635519	-97.80429366
-11.58719672	-101.7044459
-11.54499194	-101.637581
-11.6075879	-101.6598693
-11.60221367	-101.6598693
-11.62236098	-101.6598693
-11.85517675	-103.7102384
-11.8115866	-103.6656619
-11.85658894	-103.6656619
-11.84226148	-103.5988055
-11.91254531	-103.6433736
-11.89816295	-101.2141376
-11.90169087	-101.2141376
-11.90828321	-101.1918494
-11.91765141	-101.2141376
-11.87546706	-101.2364259
-12.24550262	-104.2896913
-12.2221964	-104.267403
-12.22803668	-104.2896913
-12.19721241	-104.2451147
-12.22878619	-104.2451147
-12.59378205	-106.4514849
-12.5740063	-106.4291966
-12.57206677	-106.3846285
-12.56998297	-106.4291966
-12.55167686	-106.4291966
-12.6101665	-103.7993831
-12.63494875	-103.8439596
-12.6055954	-103.8216713
-12.66178927	-103.7548065
-12.60810951	-103.8216713
-12.93052264	-106.7412155
-12.89962687	-106.7412155
-12.92383198	-106.7189272
-12.86997601	-106.696639
-12.95628168	-106.696639
-13.2051729	-108.657855
-13.22741934	-108.6132869
-13.20394713	-108.5909986
-13.22190976	-108.5909986
-13.20613053	-108.5909986
-13.45725623	-109.3041727
-13.50797117	-109.3041727
-13.4761931	-109.3264525
-13.47854249	-109.3264525
-13.42088791	-109.2595961
-13.46556338	-107.6995353
-13.49579264	-107.6995353
-13.42182639	-107.7441118
-13.49007621	-107.6995353
-13.46082629	-107.7218235
-13.51881668	-105.9166085
-13.50605974	-105.9166085
-13.53195156	-105.8943203
-13.46478705	-105.8943203
-13.50693182	-105.8943203
-13.53252742	-105.5377332
-13.52060936	-105.5377332
-13.50932462	-105.5600215
-13.49236432	-105.5600215
-13.50646577	-105.5600215
-13.59635043	-103.2859551
-13.55238999	-103.2636668
-13.59167974	-103.2636668
-13.57270329	-103.2636668
-13.57437468	-103.2636668
-13.50986218	-98.56120436
-13.49098532	-98.60577245
-13.47426889	-98.56120436
-13.48463814	-98.58348417
-13.44837068	-98.58348417
-13.24363653	-93.50214642
-13.24235458	-93.56900277
-13.24074065	-93.5244347
-13.22408806	-93.54672298
-13.24104837	-93.54672298
-12.99696956	-88.59909795
-13.0151084	-88.59909795
-13.00016678	-88.59909795
-12.99802168	-88.57680966
-12.97430943	-88.59909795
-13.02822796	-89.93629297
-13.01375495	-89.95858125
-13.02020811	-89.91400469
-12.98073833	-89.91400469
-12.98338906	-89.93629297
-12.89428711	-90.00314934
-12.9766984	-90.02543762
-12.94361539	-90.02543762
-13.02875913	-90.02543762
-12.98875818	-90.0477259
-12.68637489	-84.40922355
-12.70551605	-84.40922355
-12.7337279	-84.40922355
-12.74225593	-84.43150333
-12.73553846	-84.43150333
-12.51712421	-80.53135115
-12.48185908	-80.53135115
-12.52114499	-80.53135115
-12.45277386	-80.55363943
-12.49932757	-80.53135115
-12.25181661	-75.65059096
-12.19828368	-75.62830268
-12.23565305	-75.67287922
-12.19442378	-75.62830268
-12.17554693	-75.67287922
-11.83275666	-71.03726891
-11.90588147	-70.99269659
-11.8957344	-71.03726891
-11.94610842	-71.03726891
-11.87759556	-71.03726891
-11.85964825	-72.99848915
-11.79923314	-72.97620087
-11.82089095	-72.97620087
-11.81434075	-72.97620087
-11.85779811	-72.99848915
-11.80068874	-72.59733405
-11.87742446	-72.59733405
-11.8295671	-72.59733405
-11.88275656	-72.61961383
-11.83728434	-72.59733405
-11.56534227	-66.73595735
-11.54995886	-66.80281797
-11.57716201	-66.80281797
-11.53336373	-66.78053392
-11.59096085	-66.78053392
-11.50343452	-67.741085
-11.54923234	-67.76336906
-11.52488804	-67.76336906
-11.58662469	-67.69651269
-11.56045834	-67.78565734
-11.20970312	-62.37001658
-11.25356013	-62.34773255
-11.26474272	-62.39230486
-11.29003188	-62.32544427
-11.265279	-62.37001658
-11.17591529	-63.43977347
-11.19954838	-63.46206173
-11.18867351	-63.43977347
-11.21755315	-63.43977347
-11.21500074	-63.46206173
-10.93532355	-58.02413271
-10.86268777	-57.97956037
-10.86009705	-58.02413271
-10.84401266	-58.00184866
-10.83813279	-58.00184866
-10.54018589	-53.27708947
-10.51428576	-53.29937775
-10.53573865	-53.32166603
-10.4824713	-53.34395006
-10.47502092	-53.27708947
-10.14978596	-49.02035447
-10.09709	-48.99806619
-10.15448347	-49.02035447
-10.14215554	-49.06492679
-10.20180838	-49.04263851
-9.807318086	-44.31788356
-9.789011984	-44.31788356
-9.784906933	-44.36245588
-9.746825722	-44.34017185
-9.774192941	-44.34017185
-9.72057957	-45.72193921
-9.764830488	-45.76651152
-9.737867389	-45.72193921
-9.784848837	-45.74422749
-9.744685094	-45.76651152
-9.712843177	-46.14538259
-9.707899878	-46.18995915
-9.747393917	-46.16767087
-9.698698946	-46.16767087
-9.736806971	-46.16767087
-9.319800819	-40.2171538
-9.295492915	-40.19486552
-9.349654052	-40.23943785
-9.365182382	-40.19486552
-9.412368124	-40.19486552
-8.963082736	-35.91584226
-8.969796378	-35.91584226
-8.948534384	-35.87126993
-8.985068061	-35.91584226
-8.947593989	-35.93813052
-8.487710163	-30.96821934
-8.473812363	-30.94593317
-8.520590792	-30.99050762
-8.491075284	-30.96821934
-8.502500477	-30.96821934
-8.426725576	-32.2385559
-8.461012648	-32.21626973
-8.413155925	-32.21626973
-8.468403017	-32.21626973
-8.458565578	-32.17169531
-8.058627628	-26.88977574
-8.101384639	-26.82291515
-8.061852934	-26.86748957
-8.065077601	-26.84520129
-8.022485303	-26.91206191
-7.521043422	-22.20959311
-7.549819	-22.2764516
-7.553084526	-22.23187926
-7.527186315	-22.25416543
-7.559963519	-22.23187926
-7.539878136	-22.92276294
-7.552635077	-22.92276294
-7.536045053	-22.90047679
-7.595315478	-22.90047679
-7.533188755	-22.90047679
-7.121233794	-18.39858768
-7.160153253	-18.42087382
-7.13946137	-18.44315999
-7.160483956	-18.42087382
-7.138318595	-18.42087382
-7.107172558	-19.51291688
-7.186092963	-19.51291688
-7.137971294	-19.46834243
-7.159767008	-19.49062859
-7.08819356	-19.51291688
-6.539242257	-13.78526458
-6.607550179	-13.80755075
-6.600670547	-13.80755075
-6.641977703	-13.80755075
-6.581118885	-13.85212413
-5.991314982	-9.105081949
-5.962473647	-9.082794713
-6.025905943	-9.105081949
-5.987495944	-9.082794713
-6.012741689	-9.149654264
-5.650886227	-6.854136333
-5.618742337	-6.898709716
-5.641275428	-6.876423013
-5.607722541	-6.854136333
-5.701052121	-6.876423013
-5.601926949	-7.634166756
-5.605866011	-7.589593907
-5.6185955	-7.61188061
-5.590328105	-7.545020525
-5.635126789	-7.567307227
-5.603652603	-6.497551409
-5.561302905	-6.519837577
-5.580039302	-6.564410937
-5.541485659	-6.519837577
-5.525629181	-6.564410937
-5.042790268	-3.600295228
-5.050051037	-3.644868343
-5.042790268	-3.600295228
-5.046420652	-3.622581908
-5.042790268	-3.600295228
-4.458301225	-0.01215521
-4.461931609	-0.034441802
-4.461931609	-0.034441802
-4.45467084	0.010131359
-4.45467084	0.010131359
-4.088003595	2.261076419
-4.041765589	2.21650317
-4.014360703	2.194216601
-4.028630703	2.194216601
-4.005827559	2.21650317
-3.692148989	3.263972686
-3.676535112	3.263972686
-3.641069833	3.241686006
-3.682542659	3.241686006
-3.673882789	3.174826188
-3.69376643	2.751381201
-3.643047663	2.862814135
-3.714420966	2.751381201
-3.691457579	2.66223497
-3.732561717	2.751381201
-3.644397605	2.751381201
-3.648400509	2.729094521
-3.691383841	2.729094521
-3.689947712	2.66223497
-3.744556063	2.684521406
-3.651639222	2.63994829
-3.658064297	2.550802059
-3.624743477	2.617661588
-3.682070227	2.550802059
-3.6342799	2.595375175
-3.638258862	2.327936214
-3.594766389	2.327936214
-3.683698521	2.283362832
-3.652305415	2.283362832
-3.72622219	2.305649534
-3.724549525	1.726198365
-3.70333254	1.681625116
-3.737178143	1.748484934
-3.670614709	1.703911818
-3.671252173	1.681625116
-3.728922075	1.614765454
-3.697694	1.614765454
-3.665415084	1.592478885
-3.627692346	1.637052
-3.632298558	1.570192205
-3.739856322	1.748484934
-3.659298366	1.659338569
-3.651874161	1.637052
-3.659498511	1.681625116
-3.66870519	1.659338569
-3.671413374	1.793058049
-3.72214906	1.815344729
-3.686752731	1.837631298
-3.721909971	1.882204414
-3.688572551	1.815344729
-3.648301873	1.837631298
-3.692466285	1.837631298
-3.625864226	1.882204414
-3.649977091	1.837631298
-3.661767462	1.859917845
-3.645844588	1.882204414
-3.650011247	1.859917845
-3.70109168	1.882204414
-3.66616906	1.882204414
-3.730643898	1.882204414
-3.72508548	2.105070236
-3.700373775	2.08278369
-3.706614985	2.105070236
-3.656409189	2.105070236
-3.651568996	2.127356805
-3.694193215	2.461655561
-3.649191513	2.461655561
-3.691009087	2.461655561
-3.649534984	2.461655561
-3.686584506	2.417082446
-3.685684013	2.729094521
-3.672053073	2.706808086
-3.727664704	2.729094521
-3.689577746	2.751381201
-3.67453366	2.684521406
-3.62482296	2.90738725
-3.621768751	2.885100815
-3.640602827	2.90738725
-3.607281687	2.974247046
-3.649975814	2.885100815
-3.607350956	3.018820162
-3.667364185	3.063393277
-3.630057698	3.041106842
-3.667672543	3.041106842
-3.638392612	2.996533748
-3.662735947	3.10796666
-3.601081975	3.085679957
-3.637659384	3.063393277
-3.58372361	3.041106842
-3.605249911	3.063393277
-3.558607146	3.085679957
-3.57287555	3.085679957
-3.558229839	3.063393277
-3.605106904	3.085679957
-3.573678365	3.063393277
-3.602098981	3.085679957
-3.629467158	3.085679957
-3.57351461	3.063393277
-3.548019242	3.085679957
-3.53979318	3.085679957
-3.378414558	3.139167709
-3.331029628	3.116881274
-3.356359006	3.094594594
-3.443342037	3.094594594
-3.451671843	3.161454389
-3.454389604	3.072307891
-3.382017809	3.072307891
-3.380872481	3.094594594
-3.350446902	3.072307891
-3.354341274	3.094594594
-3.210819943	2.938588545
-3.229015598	2.98316166
-3.224814464	2.98316166
-3.197176554	2.916301865
-3.264906385	2.96087498
-3.102453299	2.98316166
-3.124344138	3.027734776
-3.166290673	3.005448363
-3.136463934	3.050021478
-3.140123367	3.027734776
-3.025423899	2.98316166
-2.992451657	2.938588545
-3.000073773	2.98316166
-2.995576411	3.005448363
-2.995286568	2.916301865
-2.936906103	2.916301865
-2.851433896	2.916301865
-2.844374868	2.916301865
-2.822519462	2.894015451
-2.828926023	2.916301865
-2.757105186	3.139167709
-2.804255815	3.116881274
-2.704007659	3.116881274
-2.747863714	3.139167709
-2.711429949	3.139167709
-2.692817405	2.916301865
-2.737945195	3.005448363
-2.674981022	3.005448363
-2.702823706	2.98316166
-2.657655855	2.98316166
-2.681786437	3.161454389
-2.65146955	3.094594594
-2.693142362	3.116881274
-2.645593198	3.094594594
-2.671251523	3.072307891
-2.617692098	3.317460439
-2.599221603	3.317460439
-2.632303813	3.317460439
-2.617692098	3.317460439
-2.634088521	3.272887323
-2.635727509	3.495753145
-2.652522626	3.495753145
-2.655708829	3.495753145
-2.689429302	3.473466465
-2.673375871	3.518039581
-2.696320744	3.71861899
-2.692899442	3.674045875
-2.681618213	3.651759194
-2.754862092	3.674045875
-2.705328234	3.674045875
-2.72143242	3.785478808
-2.683509856	3.807765221
-2.709841875	3.785478808
-2.669645892	3.740905426
-2.697014708	3.740905426
-2.661445686	3.651759194
-2.68845092	3.629472492
-2.717873219	3.651759194
-2.734325345	3.651759194
-2.695599966	3.69633231
-2.729336718	3.807765221
-2.776522141	3.807765221
-2.760599587	3.830051924
-2.793646844	3.807765221
-2.750629356	3.785478808
-2.781162828	3.763192106
-2.75654146	3.807765221
-2.786567386	3.785478808
-2.757652313	3.763192106
-2.832406697	3.785478808
-2.733490928	3.785478808
-2.739333762	3.763192106
-2.701754989	3.785478808
-2.766772805	3.807765221
-2.693693639	3.785478808
-2.755929213	3.740905426
-2.763716361	3.785478808
-2.775436824	3.763192106
-2.762206175	3.785478808
-2.771942424	3.785478808
-2.714058012	3.69633231
-2.717950788	3.71861899
-2.741262115	3.69633231
-2.734746384	3.71861899
-2.735617829	3.740905426
-2.690076661	4.654655462
-2.702635053	4.632368782
-2.646550511	4.632368782
-2.670026072	4.61008208
-2.660125111	4.61008208
-2.907603827	2.292277468
-2.941414955	2.336850851
-2.931039965	2.359137264
-2.951494356	2.336850851
-2.930367708	2.359137264
-2.945110459	2.804868953
-2.882710491	2.849442069
-2.907187895	2.827155634
-2.863093071	2.871728749
-2.922108447	2.804868953
-2.902087864	2.894015451
-2.896010729	2.871728749
-2.911658762	2.894015451
-2.891952282	2.849442069
-2.897828953	2.849442069
-2.89787875	2.537429993
-2.866884657	2.582003109
-2.913836418	2.537429993
-2.889722595	2.582003109
-2.948098911	2.537429993
-2.782941151	4.788375076
-2.795533699	4.788375076
-2.733063824	4.788375076
-2.818262147	4.832947924
-2.74720199	4.810661778
-2.537768254	6.816454336
-2.501226756	6.861027184
-2.540859173	6.861027184
-2.503918182	6.861027184
-2.550904099	6.838740482
-2.550686078	6.214716353
-2.519218435	6.281575881
-2.554848746	6.303862584
-2.512777559	6.237003033
-2.553720655	6.214716353
-2.52202366	6.125570122
-2.580291923	6.125570122
-2.537472984	6.125570122
-2.577908535	6.103283419
-2.526555815	6.125570122
-2.208226982	8.777673511
-2.221019994	8.799960191
-2.211083919	8.777673511
-2.217833312	8.799960191
-2.213301796	8.799960191
-1.910141701	11.22919774
-1.910649246	11.22919774
-1.927683931	11.16233821
-1.890070204	11.16233821
-1.914252817	11.16233821
-1.599417267	13.41328276
-1.519258325	13.36870937
-1.575199701	13.39099659
-1.54111437	13.39099659
-1.575308232	13.34642323
-1.145486564	15.50822208
-1.169196506	15.53050822
-1.122341147	15.53050822
-1.126069848	15.55279546
-1.110421575	15.53050822
-0.809997038	17.75916663
-0.856509724	17.75916663
-0.823097529	17.75916663
-0.86702772	17.71459324
-0.840730655	17.75916663
-0.492812815	20.01011224
-0.449121713	19.9878261
-0.512867952	19.94325165
-0.477602978	19.94325165
-0.473400767	19.94325165
-0.138315242	22.12733773
-0.115751427	22.08276328
-0.112456553	22.12733773
-0.075390092	22.03819097
-0.093222356	22.06047714
-0.110574436	21.03529468
-0.154773363	21.05758085
-0.102856427	21.03529468
-0.131901549	21.03529468
-0.073434043	21.01300853
-0.112824154	21.6593199
-0.053609616	21.70389221
-0.059252739	21.6593199
-0.029261561	21.70389221
-0.043199687	21.70389221
0.065748205	22.52849497
0.06221932	22.52849497
0.059961487	22.46163649
0.064966637	22.48392264
0.051865677	22.48392264
0.266586516	24.44514288
0.218836289	24.48971519
0.262692344	24.46742905
0.238817609	24.48971519
0.240020096	24.46742905
0.588254174	26.62922683
0.581464481	26.56236837
0.616331239	26.60694069
0.551547046	26.58465452
0.590437935	26.62922683
0.958964903	28.67959384
0.992884324	28.67959384
0.934890502	28.72416615
0.94522599	28.65730556
0.931087983	28.67959384
1.274889201	30.75224488
1.338361558	30.75224488
1.334468383	30.77453103
1.333795167	30.77453103
1.324822391	30.70767257
1.717284104	33.27062972
1.689750097	33.27062972
1.742813149	33.27062972
1.705906314	33.24834356
1.765610227	33.18148296
2.095717301	35.43242751
2.130110191	35.45471368
2.106634789	35.43242751
2.160336103	35.45471368
2.109491407	35.43242751
2.512182071	37.66108591
2.485411776	37.59422531
2.526684776	37.6165136
2.517820132	37.59422531
2.566825695	37.6165136
2.985614161	40.0903261
2.920720838	40.02346551
2.931369391	40.0903261
2.89519323	40.02346551
2.939048646	40.00117722
3.302492181	42.09611866
3.288463504	42.16297503
3.274649656	42.07383038
3.3071683	42.11840269
3.273213846	42.14069097
3.592338791	44.45849403
3.642106629	44.41392169
3.622161061	44.39163341
3.633880886	44.41392169
3.616921854	44.41392169
3.688990398	43.32188079
3.687205691	43.27730423
3.68227548	43.32188079
3.722471463	43.27730423
3.669552694	43.29959251
3.742760502	42.58642266
3.693282826	42.54185035
3.70054583	42.63099498
3.690028153	42.58642266
3.712864494	42.58642266
3.651657098	42.29669622
3.709759531	42.29669622
3.672853334	42.27440794
3.741130931	42.3189845
3.700934948	42.36355682
3.876118799	44.99337457
3.814190944	44.97108629
3.880011894	44.97108629
3.853954077	44.99337457
3.871477474	44.94879801
4.017478754	46.15227609
4.024301247	46.19684843
4.010288849	46.12998781
4.034837119	46.10770377
4.04793753	46.10770377
4.046055783	45.06023094
4.07850005	45.03794691
4.066579761	45.03794691
4.085484383	44.97108629
4.066250016	45.03794691
4.415470156	48.84895021
4.423496712	48.8712385
4.392998673	48.82666618
4.395146962	48.84895021
4.412340933	48.8043779
4.799829023	50.98846397
4.80819873	51.01075225
4.819007847	50.96617568
4.824994007	51.01075225
4.816095367	51.01075225
5.083792896	53.23941065
5.1144914	53.26169468
5.104118007	53.23941065
5.161512111	53.26169468
5.118056027	53.23941065
5.453763335	55.57950196
5.477711169	55.62407428
5.446540233	55.57950196
5.51934392	55.51264137
5.464008726	55.57950196
5.831076262	57.71901149
5.879774425	57.71901149
5.855700184	57.7635838
5.894150403	57.7635838
5.873456604	57.67443917
6.251067035	60.08139108
6.263785671	59.9922422
6.210558544	59.9922422
6.23721967	60.01453049
6.199133989	59.9922422
6.617208859	62.2877612
6.57844709	62.26547717
6.572062236	62.26547717
6.532972318	62.24318889
6.585329914	62.26547717
6.982016383	64.49413555
6.993429446	64.49413555
6.962165939	64.51641961
6.955978995	64.49413555
6.927430057	64.49413555
7.247876854	66.49992811
7.213648517	66.47763983
7.237764255	66.52221216
7.164843099	66.43306751
7.215016654	66.45535154
7.339626341	63.14774354
7.258120967	63.19232008
7.258759389	63.21460414
7.189572999	63.21460414
7.268022248	63.19232008
7.580992489	67.73878151
7.520502679	67.64963688
7.602912696	67.56048801
7.522266638	67.71649323
7.586609323	67.6942092
7.644110681	69.25427009
7.682485567	69.18740947
7.646183637	69.20969775
7.698739782	69.20969775
7.672605992	69.16512121
7.684497872	67.40448276
7.70649852	67.40448276
7.665390551	67.38219448
7.728804971	67.42677104
7.679547551	67.47134335
7.710062189	67.38219448
7.680475177	67.40448276
7.723294116	67.40448276
7.70347687	67.40448276
7.716908623	67.40448276
7.974603042	71.61664969
7.932656826	71.5943614
7.957621027	71.39378384
7.943124387	71.54978484
7.982994456	71.61664969
8.219052767	73.24356692
8.223106745	73.10984571
8.252534789	73.19899036
8.245311049	73.19899036
8.207755897	73.15442227
8.517199497	75.67280287
8.552900034	75.60594652
8.575338	75.65051459
8.569790755	75.65051459
8.528846222	75.6282348
8.915166001	77.94603783
8.879496746	77.87917299
8.887247185	77.8568932
8.803451154	77.8568932
8.817320226	77.90146127
8.805372165	76.14082284
8.849571371	76.11853456
8.842998182	76.14082284
8.871787805	76.20767919
8.889071794	76.09624628
9.235672171	80.10783139
9.158297385	80.08555158
9.189690492	80.08555158
9.13495286	80.08555158
9.207357533	80.0632633
9.536809267	82.33648979
9.537572819	82.26963342
9.499030029	82.33648979
9.559242764	82.26963342
9.495039894	82.31420999
9.849470512	84.72115767
9.861026582	84.74344595
9.844374631	84.76573423
9.87147116	84.72115767
9.786124403	84.63201302
9.880730188	83.16109678
9.878381435	83.16109678
9.846678056	83.1388085
9.858506732	83.20567334
9.848698022	83.1388085
10.29892125	86.90523951
10.25996285	86.90523951
10.21270879	86.94981605
10.1575862	86.86067142
10.19234378	86.86067142
10.47047344	88.97789689
10.50140688	88.95560861
10.53146824	88.95560861
10.59175312	88.95560861
10.55735943	88.93332035
10.56933941	87.70755821
10.58072949	87.7298465
10.57548933	87.75213478
10.49525697	87.7298465
10.48057519	87.77442306
10.59686752	86.16978563
10.5845696	86.19207391
10.52395402	86.19207391
10.54511451	86.19207391
10.51361351	86.14749735
10.6842585	89.60191786
10.75999254	89.60191786
10.73531499	89.60191786
10.77933672	89.57962958
10.7551533	89.57962958
10.92626562	91.29569994
10.94541061	91.29569994
10.93348872	91.29569994
10.9420806	91.27341166
10.85271562	91.29569994
10.86053246	89.69106249
10.91161002	89.6687827
10.89384657	89.64649442
10.91208372	89.69106249
10.93746992	89.6687827
11.27026507	93.47978176
11.22237196	93.50207004
11.25436454	93.43521369
11.24073424	93.45750198
11.29903618	93.43521369
11.5579187	95.61929553
11.58771001	95.68616038
11.56308609	95.64158381
11.59955528	95.61929553
11.58275841	95.61929553
11.72992226	96.9342023
11.79590696	96.9342023
11.7458994	96.91192249
11.83156919	96.88963421
11.82421713	96.86734593
11.75128767	94.88384165
11.84052242	94.83926509
11.81983245	94.86155337
11.89593486	94.83926509
11.86805627	94.83926509
12.13953357	97.98167513
12.14271802	97.98167513
12.12921795	98.02625169
12.16262911	98.02625169
12.15551071	97.95938685
12.49955485	100.6783535
12.56608604	100.7674981
12.58670068	100.6783535
12.6102878	100.7452098
12.60762814	100.7229216
12.60737277	98.65027264
12.58027432	98.58341629
12.60120434	98.62798436
12.57030473	98.62798436
12.62513366	98.56112801
12.98015737	102.7732907
13.04318618	102.7287141
13.01816516	102.7287141
13.02910899	102.7064343
13.05365247	102.684146
13.04198723	100.6114886
13.05712676	100.5892088
12.98519579	100.6337769
13.03297782	100.5669206
13.00678977	100.5669206
13.73701514	105.3808244
13.67021453	105.3585361
13.67510995	105.3362478
13.57693475	105.2916713
13.65546061	105.3362478
13.70296684	103.6870423
13.73437335	103.6870423
13.77225857	103.7316104
13.75644614	103.7538987
13.7311506	103.7093306
13.70669522	103.0630129
13.63856414	103.0407331
13.72280005	103.0853012
13.69848512	103.0630129
13.7379383	103.0630129
13.7968161	99.43030309
13.73178009	99.47487965
13.78171487	99.43030309
13.72992739	99.47487965
13.73733563	99.45259137
13.78617872	99.47487965
13.77207215	99.47487965
13.7120618	99.51944772
13.70889395	99.49715943
13.72902083	99.51944772
13.6080744	93.45750198
13.69493039	93.43521369
13.65842927	93.47978176
13.56978571	93.45750198
13.58147521	93.50207004
13.35248869	88.93332035
13.41505529	88.97789689
13.41756939	88.97789689
13.41622488	88.97789689
13.42730532	88.97789689
13.34418027	89.22305102
13.40117855	89.28990739
13.37168092	89.24533082
13.3914273	89.28990739
13.41315407	89.24533082
13.09346189	84.92173523
13.19152983	84.92173523
13.23429259	84.96631177
13.20292055	84.94402349
13.20519844	84.98860005
12.97077257	80.13011967
12.93345172	80.15240795
12.84781384	80.15240795
12.91196117	80.15240795
12.8804972	80.19698452
12.64471149	75.80652408
12.67396908	75.7842358
12.7625654	75.82881236
12.76111491	75.7842358
12.67238707	75.82881236
12.63227249	77.47801786
12.70602168	77.45572958
12.7268189	77.47801786
12.661253	77.41116151
12.65769061	77.43344132
12.60360097	75.36079239
12.59372076	75.33850411
12.60362012	75.33850411
12.51072467	75.36079239
12.52346118	75.38308067
12.35177429	71.37149556
12.34814039	71.326919
12.28181094	71.326919
12.29404054	71.34920728
12.27356253	71.34920728
12.133632	66.86960644
12.11918452	66.86960644
12.04237601	66.91417875
12.04059226	66.86960644
11.97258504	66.86960644
11.98186769	67.78558521
12.0593874	67.83015753
12.07621747	67.80786925
12.14443537	67.78558521
12.07856303	67.80786925
11.79652878	62.30308386
11.78204938	62.32537214
11.76290822	62.32537214
11.7532821	62.36994446
11.68026838	62.34765617
11.56197268	58.937808
11.54232206	58.937808
11.4385096	58.96009626
11.5004365	58.98238454
11.5042351	58.91552394
11.32518848	55.7062533
11.30997745	55.7731139
11.29234424	55.7731139
11.31750827	55.79540218
11.25108433	55.75082987
11.29278475	57.24403014
11.27269363	57.19945782
11.30146218	57.28860248
11.26197325	57.31089076
11.24577777	57.24403014
11.06597143	53.96790315
11.0480637	53.92332659
11.03044454	53.92332659
11.09462507	53.90104256
11.08498235	53.94561487
10.82111503	49.71116391
10.76996213	49.6665916
10.76142771	49.64430332
10.72359229	49.68887563
10.82784399	49.71116391
10.39645228	44.40695609
10.39836819	44.47381668
10.39662338	44.518389
10.37001844	44.4515284
10.31387564	44.49610497
10.38002378	45.09784188
10.39933157	45.09784188
10.35656945	45.05326957
10.312549	45.0755536
10.35228947	45.12012591
9.999155485	40.26165401
9.984618624	40.32851038
10.0716706	40.28393804
10.0924889	40.28393804
10.00943918	40.35079866
10.04348429	41.68799368
9.992404176	41.71028196
9.984981886	41.732566
9.930807981	41.68799368
10.01511219	41.68799368
9.60927076	35.78204894
9.566518217	35.7374766
9.576565058	35.75976066
9.528871771	35.75976066
9.585118631	35.75976066
9.207416268	31.65903089
9.253257494	31.65903089
9.242307287	31.68131706
9.170770228	31.68131706
9.22672533	31.65903089
8.80477971	26.82284302
8.776242902	26.82284302
8.771766928	26.77826859
8.673831135	26.80055474
8.722893198	26.77826859
8.283078795	22.45467086
8.348500413	22.49924531
8.307791458	22.43238472
8.247942623	22.47695915
8.274620347	22.49924531
8.196962102	23.50214158
8.276957609	23.45756715
8.309034465	23.45756715
8.339535058	23.50214158
8.297210258	23.50214158
8.318629942	23.68043298
8.307149844	23.72500743
8.245351908	23.72500743
8.224993919	23.7472936
8.228412667	23.70272126
7.768239636	17.88592115
7.733991508	17.88592115
7.785212714	17.88592115
7.74616174	17.95278174
7.754281186	17.90820943
7.366923972	14.00805618
7.276919292	14.00805618
7.312246352	14.07491571
7.296722492	14.00805618
7.333099756	14.05262956
6.747446871	9.127293855
6.676056011	9.149581091
6.678060655	9.149581091
6.6123709	9.171867237
6.691292582	9.171867237
6.62335686	10.30848367
6.655054493	10.21933691
6.720451851	10.28619644
6.66611451	10.24162306
6.662658733	10.30848367
6.274584572	6.764916395
6.216986812	6.764916395
6.255947768	6.764916395
6.222062902	6.742629693
6.300512151	6.720343013
5.910185639	4.736837135
5.944034753	4.781410517
5.966365465	4.781410517
6.011910464	4.759123837
6.048629922	4.80369722
5.605202052	2.508178733
5.65293173	2.485892319
5.638862194	2.463605639
5.562362684	2.530465435
5.571955608	2.508178733
4.999527945	0.099556293
4.999527945	0.099556293
5.010120956	0.144129453
5.004824291	0.121842862
5.004824291	0.121842862
3.42114699	-6.541845865
3.40704266	-6.541845865
3.400592367	-6.497272483
3.368716933	-6.519559185
3.448820014	-6.519559185
3.424713532	-5.940107882
3.413922611	-5.917821202
3.404224029	-5.940107882
3.366367861	-5.895535034
3.382594623	-5.962394585
2.765912212	-8.815077116
2.787199743	-8.792790948
2.687788558	-8.792790948
2.744215772	-8.792790948
2.783215353	-8.815077116
2.215782702	-11.02144882
2.211911313	-11.02144882
2.245461168	-10.99916267
2.252420283	-11.04373603
2.215400766	-10.99916267
1.778186814	-13.16096152
1.771597345	-13.13867431
1.756491491	-13.13867431
1.732511577	-13.16096152
1.753330506	-13.16096152
1.356617703	-15.45647945
1.272022927	-15.47876562
1.321478338	-15.43419224
1.370048817	-15.45647945
1.285718428	-15.43419224
0.913973336	-17.707424
0.936467484	-17.707424
0.935512485	-17.64056447
0.932326282	-17.64056447
0.916917098	-17.66285064
0.465946556	-19.95836857
0.527235671	-19.95836857
0.557170822	-19.98065685
0.542519963	-19.95836857
0.488480286	-19.98065685
0.147081659	-22.14245464
0.184557158	-22.16474081
0.198291462	-22.14245464
0.139732957	-22.16474081
0.196655387	-22.16474081
0.167878193	-20.98355312
0.157633741	-20.98355312
0.149064397	-20.98355312
0.174923116	-20.98355312
0.128284092	-21.00583929
0.172548507	-20.64925437
0.186308727	-20.64925437
0.117327859	-20.67154053
0.152897151	-20.64925437
0.161083153	-20.62696608
0.005908843	-22.43218108
0.027730419	-22.43218108
0.052039881	-22.4098928
-0.03845987	-22.4098928
0.022895149	-22.45446725
-0.2966378	-24.4602598
-0.23051328	-24.43797364
-0.173413309	-24.43797364
-0.255230731	-24.41568535
-0.241634964	-24.41568535
-0.497578193	-26.46605236
-0.646827164	-26.48833853
-0.571598592	-26.48833853
-0.50745294	-26.48833853
-0.608579244	-26.46605236
-0.878685538	-28.89529044
-0.878547081	-28.87300216
-0.928245252	-28.87300216
-0.904953715	-28.85071599
-0.893461488	-28.89529044
-1.254941238	-31.10166056
-1.238184905	-31.07937439
-1.227510256	-31.03480208
-1.222189411	-31.10166056
-1.252822477	-31.05708822
-1.577459394	-33.3080328
-1.63652728	-33.33031894
-1.62178804	-33.3080328
-1.554748981	-33.33031894
-1.600996403	-33.28574663
-1.885358971	-35.42525826
-1.952933666	-35.38068595
-1.921501137	-35.40297212
-1.901585893	-35.35839978
-1.902219208	-35.38068595
-2.304493781	-37.69848898
-2.284902696	-37.76534958
-2.300291211	-37.69848898
-2.285350549	-37.69848898
-2.254147213	-37.67620495
-2.552345335	-39.88257507
-2.62306681	-39.86028679
-2.589654536	-39.86028679
-2.522449168	-39.88257507
-2.569027133	-39.83800275
-2.94240004	-42.06666113
-2.872923807	-42.04437285
-2.905841783	-42.04437285
-2.939951693	-42.02208882
-2.892027935	-42.06666113
-3.26251358	-44.4290365
-3.247130173	-44.38446419
-3.255699068	-44.38446419
-3.215393276	-44.38446419
-3.19876367	-44.38446419
-3.24486218	-43.09184146
-3.215513938	-43.06955742
-3.270172725	-43.11412974
-3.224437476	-43.04726914
-3.238554255	-43.04726914
-3.240395144	-42.73525867
-3.222498909	-42.69068633
-3.255455191	-42.66839807
-3.255844309	-42.73525867
-3.275397248	-42.69068633
-3.611493674	-46.76912782
-3.583550917	-46.81370438
-3.601963316	-46.74684378
-3.604475505	-46.74684378
-3.615902295	-46.74684378
-3.921689973	-48.93092985
-3.916260517	-48.86406925
-3.908199167	-48.86406925
-3.867690676	-48.88635329
-3.857484549	-48.86406925
-4.245733637	-51.13729997
-4.203091223	-51.13729997
-4.169543124	-51.11501169
-4.25346205	-51.13729997
-4.212196711	-51.11501169
-4.514493819	-53.27681372
-4.501901272	-53.27681372
-4.456558014	-53.27681372
-4.48833194	-53.25452544
-4.519127164	-53.32138606
-4.506007281	-51.98419101
-4.51474025	-51.98419101
-4.558357854	-52.00647505
-4.501765288	-52.00647505
-4.479945314	-52.00647505
-4.817770905	-55.750622
-4.852362823	-55.750622
-4.890880076	-55.70604969
-4.807425921	-55.70604969
-4.828628222	-55.6837614
-5.165606947	-57.89013577
-5.18368609	-57.82327516
-5.131294338	-57.82327516
-5.156111702	-57.84556344
-5.163070498	-57.80098687
-5.452777612	-59.96278893
-5.42124533	-59.94050065
-5.475349009	-59.91821237
-5.43530912	-59.96278893
-5.440453521	-59.89592833
-5.830772373	-62.14687077
-5.7589742	-62.10229843
-5.711584801	-62.12458671
-5.792017627	-62.12458671
-5.722569484	-62.0800144
-6.101592741	-64.55382268
-6.059585237	-64.57611096
-6.081914672	-64.57611096
-6.146059446	-64.57611096
-6.065868583	-64.53153864
-6.342986342	-66.69333643
-6.416866408	-66.69333643
-6.388188508	-66.67104815
-6.32417078	-66.69333643
-6.387048287	-66.64876411
-6.384435228	-65.15555959
-6.371069232	-65.11098728
-6.456337463	-65.13327556
-6.394539527	-65.13327556
-6.330724816	-65.13327556
-6.428359912	-63.57237898
-6.396115151	-63.57237898
-6.428994503	-63.59466301
-6.439112209	-63.57237898
-6.382074344	-63.63923958
-6.631754658	-67.00451121
-6.57516305	-67.00451121
-6.635204688	-67.04908353
-6.652244161	-67.00451121
-6.596285229	-67.0267995
-6.821612949	-69.05487609
-6.812383926	-69.05487609
-6.77718455	-69.01030377
-6.84496322	-68.94344315
-6.828878188	-69.03259205
-7.102123281	-71.90755969
-7.170306073	-71.90755969
-7.149679308	-71.88527141
-7.086840106	-71.90755969
-7.165512165	-71.8629916
-7.486177301	-74.09165
-7.409501588	-74.04707344
-7.402598334	-74.06936172
-7.466564989	-74.06936172
-7.450951112	-74.06936172
-7.606229934	-75.49570139
-7.582416169	-75.47341311
-7.620536325	-75.47341311
-7.615206142	-75.45112483
-7.59155709	-75.42884505
-7.653315444	-73.6904864
-7.646765877	-73.6904864
-7.653987702	-73.6904864
-7.626642189	-73.66819812
-7.664891305	-73.6904864
-7.807659618	-75.89685652
-7.813253468	-75.96372137
-7.830965838	-75.9191448
-7.799269481	-75.89685652
-7.887456575	-75.87457671
-8.064026759	-77.83579271
-8.024268414	-77.81350443
-7.978759806	-77.81350443
-8.032620884	-77.83579271
-8.049495645	-77.79121614
-8.28768373	-80.04216283
-8.298639046	-80.01987455
-8.276929518	-80.04216283
-8.293052218	-80.04216283
-8.301698362	-79.99759476
-8.513153819	-81.95881076
-8.588460119	-81.91423419
-8.590846539	-81.89195439
-8.55470549	-81.91423419
-8.588460119	-81.91423419
-8.592013573	-79.81929698
-8.612706733	-79.7970087
-8.605610039	-79.81929698
-8.640035648	-79.81929698
-8.625300238	-79.7970087
-8.843467422	-82.40454242
-8.826410073	-82.35996586
-8.791942328	-82.38225414
-8.827289179	-82.33768608
-8.858147289	-82.35996586
-9.064193399	-84.56634448
-9.002474627	-84.52176791
-9.131973985	-84.49947963
-9.018889085	-84.5440562
-9.014598892	-84.49947963
-9.383220346	-86.77271458
-9.367216393	-86.70584975
-9.313072493	-86.7504263
-9.367849069	-86.72813801
-9.324692405	-86.72813801
-9.613635649	-88.95679642
-9.638183598	-88.93450813
-9.665759582	-88.91222835
-9.615677959	-88.93450813
-9.639063343	-88.91222835
-9.770178546	-89.29109517
-9.897262755	-89.31338345
-9.842424891	-89.26880689
-9.773237224	-89.26880689
-9.882653114	-89.31338345
-9.988338707	-90.87344434
-10.03623693	-90.85115606
-10.02450785	-90.82886778
-9.973725236	-90.87344434
-9.994763782	-90.85115606
-10.10893911	-91.96548526
-10.07706463	-91.94319698
-10.10883887	-91.92091717
-10.12422356	-91.96548526
-10.09171513	-91.92091717
-10.15333111	-89.84825977
-10.18406729	-89.84825977
-10.13792472	-89.82597149
-10.14884237	-89.82597149
-10.19157768	-89.87054805
-10.47806427	-93.50325785
-10.46755458	-93.45868978
-10.42010134	-93.41411322
-10.45781865	-93.45868978
-10.44610233	-93.4364015
-10.67330574	-95.53133869
-10.72763733	-95.46448234
-10.71165381	-95.48677062
-10.68130708	-95.46448234
-10.74255469	-95.48677062
-11.07443307	-97.93829485
-11.05180102	-97.91600657
-11.03080078	-97.91600657
-11.09808659	-97.84914172
-11.0637561	-97.89371828
-11.0994809	-95.53133869
-11.1117437	-95.53133869
-11.16019224	-95.57591525
-11.07242204	-95.64277162
-11.08743772	-95.70963645
-11.46622476	-98.94119114
-11.49854804	-98.89661457
-11.51381909	-98.89661457
-11.47302012	-98.89661457
-11.46999911	-98.89661457
-11.59308169	-100.1000884
-11.65181648	-100.1223767
-11.61444583	-100.0778001
-11.5816948	-100.0778001
-11.66226489	-100.1000884
-11.92015147	-102.2173139
-11.91376342	-102.2173139
-11.90325373	-102.1727458
-11.90352186	-102.2173139
-11.90362273	-102.1504575
-11.96444389	-99.43149089
-11.97830402	-99.47606746
-11.98976879	-99.45377918
-11.92229912	-99.43149089
-12.03161095	-99.43149089
-12.20284712	-102.2841787
-12.18766928	-102.2173139
-12.19909448	-102.2173139
-12.23784795	-102.2396022
-12.18646267	-102.2396022
-12.52374464	-104.1785384
-12.46298861	-104.1562501
-12.44113288	-104.1785384
-12.50933674	-104.1562501
-12.46944178	-104.1116735
-12.87904288	-106.3626202
-12.85458877	-106.4294766
-12.83995615	-106.3403319
-12.86131008	-106.3180436
-12.8534677	-106.2957638
-12.8977997	-104.1116735
-12.84053711	-104.1116735
-12.89612448	-104.1116735
-12.8975737	-104.0448172
-12.88540922	-104.0893852
-13.36249531	-108.1901235
-13.34066002	-108.1901235
-13.32594567	-108.1455469
-13.37965608	-108.1678352
-13.34782438	-108.1232586
-13.41988814	-106.0283214
-13.38986445	-106.0060332
-13.3304159	-106.0060332
-13.41816951	-106.0506097
-13.41492377	-105.9837449
-13.45921236	-103.2177073
-13.45342953	-103.2622754
-13.39651042	-103.2622754
-13.48121109	-103.2177073
-13.41698715	-103.2622754
-13.29078907	-97.98036006
-13.28225848	-97.95807177
-13.36399943	-97.98036006
-13.25262806	-98.00263986
-13.31627614	-98.00263986
-13.1331283	-93.47846671
-13.07787929	-93.47846671
-13.09997762	-93.52304327
-13.12288163	-93.47846671
-13.12302208	-93.50075499
-13.11405992	-94.36993007
-13.06850981	-94.39221835
-13.10314291	-94.36993007
-13.06081811	-94.36993007
-13.08083391	-94.34764179
-12.81652097	-89.1548711
-12.77689158	-89.1548711
-12.87801757	-89.13258284
-12.82931877	-89.13258284
-12.82566189	-89.11029456
-12.88732448	-89.40002522
-12.84256346	-89.35544866
-12.78035949	-89.40002522
-12.85622186	-89.42230503
-12.84319422	-89.37773694
-12.58355581	-84.40782363
-12.56058285	-84.38554384
-12.60333284	-84.43011191
-12.54996462	-84.40782363
-12.58368222	-84.43011191
-12.31135454	-79.92822704
-12.28520223	-79.90593876
-12.34400214	-79.88365047
-12.29967525	-79.88365047
-12.29506457	-79.92822704
-12.27104076	-81.28770187
-12.25112329	-81.2431338
-12.28426758	-81.30999015
-12.25781267	-81.26542208
-12.27333142	-81.22084552
-12.00067048	-75.49319004
-11.97187767	-75.5377666
-11.96687627	-75.51547832
-11.98397703	-75.5377666
-11.98279468	-75.5377666
-11.69006176	-70.79072338
-11.69757726	-70.81301166
-11.67255624	-70.81301166
-11.70832828	-70.81301166
-11.6830021	-70.79072338
-11.40047882	-66.5785607
-11.39432188	-66.6454213
-11.4098483	-66.60084473
-11.41858318	-66.60084473
-11.42962405	-66.62313302
-11.39174394	-67.7174053
-11.39503947	-67.76197763
-11.43121116	-67.7174053
-11.4153898	-67.73968935
-11.34843086	-67.7174053
-11.37083691	-68.49743574
-11.37399965	-68.51971977
-11.38567765	-68.56429634
-11.38134788	-68.54200806
-11.35783736	-68.54200806
-11.03527611	-62.52463038
-11.05807543	-62.54691866
-11.00068515	-62.52463038
-11.08599105	-62.52463038
-11.06831826	-62.54691866
-10.74044535	-58.24560711
-10.76093485	-58.24560711
-10.74585406	-58.22331883
-10.73876885	-58.24560711
-10.74863247	-58.26789116
-10.38934091	-53.27569804
-10.37409795	-53.25340976
-10.35840619	-53.29798632
-10.37660823	-53.25340976
-10.37305477	-53.27569804
-10.31484796	-54.79118659
-10.32589265	-54.81347065
-10.35689121	-54.85804721
-10.27770395	-54.81347065
-10.35750346	-54.79118659
-9.929319181	-49.19725233
-9.95619354	-49.19725233
-9.998932037	-49.24182464
-9.974866734	-49.17496829
-9.977138876	-49.21954061
-9.534858889	-44.04905398
-9.566660585	-44.00447742
-9.526410656	-43.98219338
-9.535471774	-43.98219338
-9.542696791	-43.98219338
-9.534157264	-45.00737368
-9.508031774	-44.96280137
-9.573488505	-44.98508965
-9.476120269	-44.96280137
-9.548975668	-44.98508965
-9.157676201	-40.34947934
-9.202934548	-40.39405165
-9.193310342	-40.32719106
-9.147391867	-40.37176762
-9.229805714	-40.39405165
-8.809080118	-36.20417303
-8.823054529	-36.18188897
-8.777886837	-36.18188897
-8.839566666	-36.24874959
-8.80744129	-36.18188897
-8.772091884	-37.58594462
-8.74632008	-37.63051695
-8.817992484	-37.65280099
-8.774072268	-37.60822867
-8.770173427	-37.63051695
-8.339269475	-31.56856483
-8.314247816	-31.56856483
-8.368288291	-31.590851
-8.288249372	-31.54627866
-8.347229315	-31.52399252
-7.879976189	-26.75466312
-7.810995371	-26.73237695
-7.860172989	-26.75466312
-7.887872188	-26.75466312
-7.834177099	-26.73237695
-7.371901107	-22.8099386
-7.458046529	-22.8099386
-7.430229861	-22.87679709
-7.390713478	-22.8099386
-7.458375955	-22.8099386
-7.332470911	-21.98533373
-7.344265112	-21.96304756
-7.360856413	-21.98533373
-7.316487387	-22.00761988
-7.366938656	-21.96304756
-7.318550128	-22.69850567
-7.367796056	-22.67621739
-7.306565677	-22.74307801
-7.349142653	-22.78765032
-7.358141845	-22.83222475
-7.339033247	-23.74597428
-7.313710253	-23.72368813
-7.315260341	-23.70140196
-7.326467194	-23.72368813
-7.29154617	-23.72368813
-7.232654967	-22.27506015
-7.221941614	-22.252774
-7.201796858	-22.252774
-7.191804282	-22.29734632
-7.224797274	-22.56478448
-6.804746489	-17.66173707
-6.825461355	-17.7285966
-6.80726187	-17.66173707
-6.793588155	-17.70631046
-6.828930538	-17.66173707
-6.319345589	-13.42728611
-6.356094415	-13.44957226
-6.277094846	-13.49414564
-6.357302947	-13.42728611
-6.310077623	-13.44957226
-5.749056959	-9.170547939
-5.78415738	-9.170547939
-5.742506114	-9.170547939
-5.748180406	-9.192835153
-5.75695168	-9.170547939
-5.390295926	-6.941890071
-5.397913573	-6.897316688
-5.430931463	-6.941890071
-5.379622794	-6.897316688
-5.484666773	-6.941890071
-5.47764605	-7.54362752
-5.40023679	-7.54362752
-5.367660688	-7.54362752
-5.44573263	-7.54362752
-5.406317117	-7.521341351
-5.350659201	-8.501950939
-5.414667034	-8.479664259
-5.401415316	-8.479664259
-5.346964974	-8.501950939
-5.443355148	-8.501950939
-5.225142636	-6.629877995
-5.244629499	-6.629877995
-5.242609533	-6.629877995
-5.249628979	-6.652164163
-5.171711534	-6.652164163
-3.935426572	0.056097457
-3.935426572	0.056097457
-3.931319606	0.078384026
-3.931319606	0.078384026
-3.935426572	0.056097457
-3.516486322	2.329328975
-3.48276553	2.351615655
-3.584416617	2.396188771
-3.507842731	2.396188771
-3.496435414	2.284755859
-3.492422934	1.816737623
-3.551659203	1.794451054
-3.522723062	1.749877805
-3.492245133	1.816737623
-3.505146677	1.794451054
-3.429206105	1.703911818
-3.461283281	1.703911818
-3.494695715	1.703911818
-3.473951162	1.637052
-3.391391435	1.681625116
-3.032291082	3.37540562
-3.036548715	3.419978736
-3.071250123	3.37540562
-3.043247673	3.286259122
-3.097781649	3.37540562
-3.055898317	3.085679957
-2.996319853	3.10796666
-3.084709327	3.041106842
-3.03245739	3.130253073
-3.025798014	3.174826188
-3.012246877	2.974247046
-3.099503472	2.929673931
-3.02893841	2.90738725
-3.033244245	2.974247046
-3.099902166	2.974247046
-3.053914422	3.10796666
-3.049491756	3.063393277
-3.098352078	3.063393277
-3.051366481	3.085679957
-2.999978648	3.085679957
-3.081718003	1.659338569
-3.115946659	1.637052
-3.075441041	1.614765454
-3.082060516	1.659338569
-3.120973272	1.637052
-3.060990049	1.726198365
-3.097435624	1.726198365
-3.107736557	1.77077148
-3.131828674	1.703911818
-3.04224599	1.77077148
-3.092595431	1.748484934
-3.052798461	1.748484934
-3.163656226	1.77077148
-3.070356652	1.815344729
-3.079220817	1.793058049
-3.030011916	1.904490961
-3.144798209	1.971350778
-3.093354514	1.926777663
-3.089825	1.926777663
-3.133151803	1.926777663
-3.090539075	2.305649534
-3.028411712	2.305649534
-3.150117857	2.283362832
-3.052417004	2.305649534
-3.054635519	2.327936214
-3.055737116	2.506228677
-3.071207668	2.528515379
-3.06063349	2.528515379
-3.046728987	2.550802059
-3.119972865	2.573088472
-3.039142942	2.996533748
-3.009864287	2.951960366
-3.09506293	2.996533748
-3.035084176	2.974247046
-3.050932993	3.018820162
-3.07924795	2.974247046
-3.028404051	2.996533748
-3.068861468	2.996533748
-3.03475507	2.974247046
-3.02658455	3.018820162
-3.033843084	3.041106842
-3.082538694	3.041106842
-3.02729224	3.041106842
-3.038065605	3.063393277
-3.052148548	3.041106842
-3.051127392	3.152539775
-3.024904224	3.130253073
-3.074403287	3.10796666
-3.022212639	3.130253073
-3.036932726	3.085679957
-3.030816647	3.152539775
-3.052911781	3.10796666
-3.021209359	3.130253073
-2.990675887	3.152539775
-3.118601855	3.130253073
-3.054114248	3.130253073
-3.054964626	3.130253073
-3.03578644	3.10796666
-3.022994386	3.085679957
-3.040847847	3.130253073
-3.077567624	3.085679957
-3.01549772	3.130253073
-2.998138078	3.085679957
-3.096911161	3.10796666
-3.026614556	3.152539775
-2.862700442	3.313281646
-2.962076194	3.29099521
-2.868110107	3.224135415
-2.905010558	3.313281646
-2.85595041	3.29099521
-2.920666572	2.26581224
-2.879901116	2.288098942
-2.853829893	2.26581224
-2.864417158	2.26581224
-2.888057591	2.24352556
-2.886705733	2.600111018
-2.841669237	2.577824316
-2.951558837	2.622397698
-2.910779974	2.644684134
-2.890035421	2.577824316
-2.690551328	4.516757345
-2.658086471	4.472183962
-2.721580215	4.494470643
-2.675958126	4.405324411
-2.700561779	4.472183962
-2.181887621	6.678555662
-2.153918848	6.611696134
-2.211570236	6.656269494
-2.164562933	6.656269494
-2.171277852	6.656269494
-1.662856267	8.884927896
-1.783889036	8.862641216
-1.730695427	8.884927896
-1.728312519	8.862641216
-1.653050589	8.840354514
-1.283948723	11.15815968
-1.304711551	11.1135863
-1.333647692	11.15815968
-1.291559586	10.95758001
-1.294666705	11.13587247
-0.872636893	13.31995746
-0.856714577	13.3422447
-0.929724075	13.31995746
-0.819670083	13.27538515
-0.87240331	13.27538515
-0.473123972	15.52632972
-0.460010313	15.52632972
-0.504426901	15.45947017
-0.446722644	15.50404355
-0.464863354	15.50404355
-0.098328412	17.64355519
-0.02195428	17.66584136
-0.140907613	17.71041474
-0.040116564	17.68812857
-0.102530064	17.64355519
0.311463885	19.82764021
0.293701001	19.80535404
0.316030156	19.80535404
0.277414306	19.80535404
0.31202829	19.78306789
0.619003991	22.25687829
0.613435478	22.27916443
0.645027932	22.25687829
0.688697328	22.25687829
0.622464077	22.3014506
0.644806998	21.58828078
0.668173709	21.56599461
0.629213989	21.56599461
0.680271519	21.56599461
0.605738308	21.54370633
0.702515326	21.03111618
0.619296069	20.98654173
0.704499141	21.05340232
0.644577406	21.03111618
0.724789138	21.07568849
1.054030033	24.41867607
0.950720326	24.32952933
1.035450766	24.37410376
1.020943034	24.30724316
1.06134403	24.35181761
1.417609792	26.64733447
1.337671663	26.64733447
1.407222672	26.62504833
1.27967864	26.69190892
1.393227512	26.66962064
1.751540691	28.92056733
1.756121207	28.89827905
1.783476776	28.89827905
1.769607545	28.85370671
1.742443183	28.94285347
2.131751254	31.14922571
2.08889784	31.17151188
2.098339298	31.14922571
2.107020236	31.06007896
2.102728128	31.12693743
2.405587366	33.42245642
2.496299259	33.40017028
2.450715157	33.33330968
2.544994868	33.40017028
2.398399377	33.40017028
2.876730076	35.58425423
2.762069233	35.56196806
2.89526984	35.53968192
2.815257735	35.47282132
2.884989656	35.56196806
3.191395008	37.72376798
3.165097463	37.67919567
3.27113323	37.74605204
3.195928439	37.72376798
3.216251634	37.72376798
3.530193872	40.01928698
3.582961654	39.9969987
3.555887151	40.01928698
3.640664754	40.04157101
3.531938998	39.97471042
3.997889105	42.13651247
3.934403501	42.13651247
3.912980625	42.09193591
3.955330643	42.18108479
3.992774391	42.06965185
4.247088049	44.49888782
4.364403768	44.54346013
4.308904819	44.47660378
4.377925857	44.47660378
4.237241991	44.4543155
4.745175024	46.95041206
4.700064152	46.90583973
4.766097059	46.88355145
4.743954362	46.86126741
4.752324389	46.88355145
5.125005247	48.86705997
5.043556054	48.86705997
5.108374683	48.86705997
5.004467094	48.84477169
5.130134965	48.80019937
5.082738862	47.64129786
5.125102606	47.73044249
5.058464476	47.70815845
5.066162245	47.73044249
5.064831455	47.59672554
5.140078381	46.99498438
5.105246417	46.92812801
5.140585927	46.99498438
5.0535282	46.92812801
5.153104098	46.92812801
5.524292964	51.25172362
5.390290819	51.25172362
5.490978847	51.29629594
5.439020265	51.22943534
5.50924409	51.20715128
5.456926715	49.84766798
5.479985865	49.80309564
5.504222265	49.89224029
5.525461914	49.82538392
5.458637046	49.82538392
5.787095396	53.50267028
5.837398551	53.5472426
5.823967437	53.5472426
5.869972738	53.5472426
5.816209976	53.45809372
6.151104254	55.55303516
6.11614237	55.46388628
6.17981982	55.55303516
6.191312048	55.50846284
6.149319865	55.50846284
6.533107025	57.71483296
6.486381585	57.73712124
6.503340617	57.73712124
6.47365848	57.71483296
6.504721523	57.71483296
6.894355348	60.05492428
6.810854907	60.07721256
6.879560565	59.94349136
6.865112445	59.94349136
6.868259226	59.98806368
7.214037954	62.21672208
7.211869874	62.21672208
7.226631459	62.21672208
7.132201878	62.14986148
7.179007759	62.17214977
7.569156152	64.62367399
7.442340719	64.64596227
7.576248378	64.60138571
7.487708875	64.62367399
7.570226785	64.57910168
7.566460098	63.0859014
7.475253907	63.10818544
7.558363635	63.10818544
7.571643443	63.10818544
7.569645183	63.0859014
7.826770769	66.74089948
7.918079107	66.65175483
7.855284594	66.76318776
7.920810275	66.74089948
7.824621842	66.7186112
7.971084701	63.79572841
7.925865297	63.81801245
7.944009878	63.81801245
7.868072818	63.84030073
7.968190097	63.81801245
8.024170097	67.13871602
8.142352793	67.04956714
8.091770648	67.07185542
8.148288838	67.0049948
8.052536447	67.02728308
8.270391442	69.0553597
8.294347575	68.98850333
8.227136462	69.01078736
8.273242633	68.94392676
8.294369282	68.96621505
8.568572008	71.37316698
8.570268933	71.3508787
8.495253753	71.32859042
8.578326452	71.23944576
8.568299402	71.32859042
8.754816833	73.40124782
8.824533113	73.37895954
8.803876982	73.37895954
8.843530626	73.35667125
8.78225428	73.35667125
9.100720054	75.67447429
9.105521623	75.60761792
9.130068296	75.58532963
9.090415929	75.60761792
9.102899625	75.56304135
9.137155415	73.78011464
9.115841709	73.78011464
9.153643291	73.75783485
9.130982516	73.75783485
9.161704641	73.75783485
9.509965553	78.0145656
9.454568432	78.0145656
9.502214476	78.03685388
9.510544601	77.96999751
9.54126545	77.96999751
9.808993304	79.97579007
9.738552416	79.90892525
9.792725044	79.95350181
9.701280723	79.90892525
9.796854994	79.88664544
10.05481053	82.24901656
10.10689488	82.22673675
10.05903624	82.22673675
10.12819901	82.24901656
10.01376066	82.18216019
10.44013884	84.32167396
10.38038194	84.29938568
10.38121827	84.29938568
10.33020646	84.16566447
10.40624056	84.29938568
10.36326841	82.62789188
10.4376043	82.67246844
10.39584259	82.62789188
10.4257386	82.62789188
10.37566208	82.65018016
10.75456851	86.72862162
10.83856309	86.70633334
10.76192057	86.75090991
10.84595218	86.70633334
10.70190383	86.68405356
11.11010041	88.73441418
10.99897035	88.7121259
11.106478	88.68984612
11.04837397	88.68984612
11.10600557	88.66755783
11.13374499	86.86234284
11.01183838	86.86234284
11.1364353	86.86234284
11.06173869	86.84005456
11.11540569	86.88463112
11.21778554	89.35844363
11.25465694	89.40301172
11.23472541	89.38072343
11.2409181	89.38072343
11.22508525	89.4253
11.52477313	91.27508306
11.45484681	91.20822671
11.50179506	91.25280327
11.43107709	91.27508306
11.4991737	91.20822671
11.47923962	89.51444463
11.56045579	89.55902119
11.43256589	89.62587754
11.55128167	89.51444463
11.43920675	89.55902119
11.84282329	93.28087562
11.78078531	93.34774046
11.83677999	93.28087562
11.80575142	93.25859583
11.84154772	93.23630755
12.11549955	95.68783177
12.15216793	95.64325521
12.10126658	95.66554349
12.09810511	95.64325521
12.13373542	95.62096693
12.44833556	97.58219142
12.38587494	97.58219142
12.4895444	97.53761486
12.42973323	97.55990314
12.49880917	97.51532658
12.59966063	97.8942019
12.44762819	97.93877846
12.58353793	97.8942019
12.47710539	97.87191361
12.59815396	97.8942019
12.56374431	95.15295546
12.54590936	95.17523526
12.61818635	95.13066717
12.54929428	95.15295546
12.56894617	95.15295546
12.8029111	98.22850065
12.7940281	98.22850065
12.77856936	98.22850065
12.79522705	98.20621237
12.81630518	98.13935602
13.00509539	100.2788698
13.12490032	100.2342932
12.952266	100.2342932
13.07924551	100.2120049
13.02554276	100.1897166
13.38914175	102.3069421
13.35946919	102.262374
13.29029621	102.262374
13.37464703	102.2177975
13.34812572	102.2177975
13.63553675	103.711002
13.64014105	103.6664254
13.57316934	103.6441372
13.64123275	103.5995691
13.66737228	103.6441372
13.7030958	102.1286529
13.60301172	102.1286529
13.68687862	102.0840763
13.63088904	102.1286529
13.68764728	102.1286529
13.78837233	98.34021356
13.62763947	98.36250184
13.75268584	98.40706993
13.68677775	98.34021356
13.74286564	98.34021356
13.75830778	98.22878064
13.68368268	98.27334871
13.6966503	98.25106893
13.7412798	98.27334871
13.73188223	98.27334871
13.60283935	93.39258852
13.6565753	93.39258852
13.6448194	93.39258852
13.62247975	93.39258852
13.60217794	93.39258852
13.42477462	88.77927074
13.38925028	88.84612709
13.4638639	88.80155052
13.44688444	88.82383881
13.45715026	88.80155052
13.48882874	89.55930116
13.40234048	89.55930116
13.42161443	89.58158097
13.38872295	89.58158097
13.43927956	89.55930116
13.38909323	89.67073409
13.43952088	89.62615753
13.42122755	89.62615753
13.46020957	89.60386925
13.31022646	89.62615753
13.39233514	89.62615753
13.46519054	89.64844581
13.39335278	89.62615753
13.38155986	89.64844581
13.45038171	89.67073409
13.20515886	84.47795493
13.1838177	84.47795493
13.10087524	84.47795493
13.2283259	84.47795493
13.18631137	84.50024322
12.95233368	80.71152394
12.99511559	80.73381223
13.00415308	80.64466757
12.98971071	80.75610051
12.99918872	80.71152394
12.67756978	75.98676473
12.76052884	75.98676473
12.71212626	76.00905301
12.72992418	76.00905301
12.76385885	76.00905301
12.62743708	76.76679518
12.77019326	76.74451539
12.68654599	76.76679518
12.78108091	76.76679518
12.65295479	76.76679518
12.68874088	77.34624806
12.73863991	77.32395978
12.6517801	77.36853634
12.74113104	77.34624806
12.67293101	77.36853634
12.5696944	75.36274378
12.61880434	75.31816722
12.62164532	75.31816722
12.60686841	75.31816722
12.66833437	75.31816722
12.34757347	70.92771103
12.43775436	70.92771103
12.35106691	70.94999932
12.39573855	70.94999932
12.28524437	70.94999932
12.16242865	67.29500124
12.18707172	67.31728527
12.06382187	67.31728527
12.19591514	67.36185759
12.1309851	67.31728527
12.13020112	67.87444987
12.1962535	67.82987756
12.11193205	67.85216584
12.08629048	67.80758928
12.21896343	67.80758928
12.00880014	66.24752838
12.06581119	66.18067204
12.07048827	66.20295607
12.06255524	66.22524435
12.08718938	66.26981667
11.81204881	62.61481861
11.8631634	62.57024205
11.81876629	62.61481861
11.8655843	62.63710264
11.8400934	62.61481861
11.55466786	58.53637288
11.53626727	58.49180056
11.63746093	58.53637288
11.51077509	58.46951228
11.56227529	58.62551753
11.48312505	56.70887385
11.41605248	56.75344616
11.47217229	56.73115788
11.39667	56.68658557
11.41696031	56.70887385
11.35571653	58.33579109
11.39100337	58.31350705
11.44407791	58.31350705
11.39799281	58.35807937
11.3111879	58.35807937
11.12911516	53.52189149
11.08014822	53.58875209
11.15144459	53.52189149
11.08324584	53.65560846
11.1859449	53.58875209
10.87162184	49.06457469
10.74615284	49.08685874
10.82148659	49.13143531
10.81026314	49.10914703
10.82201903	49.10914703
10.50068802	45.72158711
10.5468708	45.72158711
10.54031996	45.72158711
10.50389034	45.72158711
10.53901119	45.69929883
10.45627558	44.62954194
10.431983	44.58496962
10.44730767	44.6741185
10.48237043	44.58496962
10.40099465	44.65183022
10.49498947	44.91926838
10.36145848	44.94155666
10.4542122	44.89698435
10.44156443	44.94155666
10.48265389	44.85240778
10.40503139	45.11985019
10.45117906	45.14213423
10.50354687	45.16442251
10.43855044	45.16442251
10.41057864	45.11985019
10.30126362	47.27942084
10.32329874	47.25713256
10.27556907	47.27942084
10.26939744	47.25713256
10.33713334	47.32399318
10.08852047	44.02557789
10.12007765	44.02557789
10.11940475	44.02557789
10.1938977	43.95871729
10.10784932	44.00328961
9.90155614	40.37057981
9.882908483	40.37057981
9.869276266	40.39286384
9.845074979	40.41515213
9.882037038	40.39286384
9.602682249	36.09155231
9.526330214	36.04697997
9.517776642	36.04697997
9.579737375	36.04697997
9.534500096	36.09155231
9.129793136	31.16621767
9.092164566	31.16621767
9.183913414	31.12164535
9.134419778	31.2107921
9.189392349	31.16621767
8.729349556	26.88719439
8.726515603	26.86490823
8.756101976	26.84262208
8.738653913	26.95405499
8.76110784	26.86490823
8.420441592	24.79225507
8.525637515	24.85911567
8.432906774	24.88140184
8.485099657	24.90368798
8.42938971	24.88140184
8.482983928	25.57228552
8.429962374	25.66143228
8.467156818	25.59457166
8.39396114	25.59457166
8.448521929	25.59457166
8.219625432	22.38530527
8.153297255	22.38530527
8.177822222	22.38530527
8.202829835	22.38530527
8.156553844	22.34073085
8.142641998	22.6750296
8.25673305	22.63045727
8.110432989	22.65274343
8.205983638	22.65274343
8.168371028	22.65274343
8.208485613	22.89789542
8.119533051	22.87560928
8.204189035	22.85332311
8.156094819	22.89789542
8.21664911	22.83103696
7.780738655	17.99484695
7.682754342	18.17314048
7.733008339	18.15085431
7.762548746	18.15085431
7.71532406	18.06170757
7.171308395	13.47067062
7.216005569	13.55981738
7.194714208	13.53753017
7.196390703	13.53753017
7.227831692	13.515244
7.189864119	14.47356691
7.203654026	14.58499982
7.205952344	14.49585412
7.111051608	14.51814029
7.199469172	14.45128074
6.536424264	9.258506896
6.60113851	9.325366424
6.638328485	9.280793042
6.636695403	9.236219682
6.568202339	9.347652593
6.254265527	7.029847959
6.211483617	7.007561813
6.27111922	6.985275111
6.263742896	6.985275111
6.303835136	7.007561813
5.89318894	4.801189557
5.914328995	4.823476259
5.922816172	4.868049642
5.898501885	4.845762939
5.987776211	4.890336322
5.434210396	2.260519101
5.455668386	2.282805781
5.509000851	2.215945986
5.444386837	2.305092484
5.472628056	2.282805781
5.3818611	3.062836226
5.478540479	2.973689995
5.471899617	3.040549546
5.455776917	3.040549546
5.447990089	3.085122929
5.430799948	3.38125581
5.448798331	3.358969107
5.453980399	3.38125581
5.482517207	3.38125581
5.379413391	3.38125581
4.673516027	0.28342062
4.673516027	0.28342062
4.673516027	0.28342062
4.673516027	0.28342062
4.678594352	0.305707211
3.109369001	-6.580847183
3.158712289	-6.558560481
3.146183903	-6.603133863
3.107184961	-6.580847183
3.099606258	-6.558560481
3.091287305	-5.889962969
3.142979027	-5.8676768
3.114937315	-5.8676768
3.142674819	-5.889962969
3.061200728	-5.8676768
2.687533189	-4.953926764
2.745128396	-4.953926764
2.689142969	-4.976213444
2.747886058	-4.931640061
2.706102321	-4.976213444
2.901453273	-6.692280094
2.865377025	-6.714566774
2.873029785	-6.669993414
2.819306286	-6.669993414
2.866517884	-6.692280094
2.881050595	-6.335694636
2.795348556	-6.291121787
2.840593816	-6.335694636
2.865068028	-6.31340849
2.861881666	-6.31340849
2.348429319	-8.876365648
2.267298539	-8.854078946
2.297940542	-8.809505563
2.310672425	-8.787218883
2.332915354	-8.831792266
1.814608608	-11.01587782
1.843705631	-11.03816397
1.867367611	-11.03816397
1.830526853	-10.99359058
1.905997706	-11.03816397
1.865939303	-10.57014613
1.803686491	-10.5924323
1.862079884	-10.57014613
1.821610657	-10.57014613
1.897015433	-10.57014613
1.443948993	-13.13310329
1.433717648	-13.13310329
1.435988194	-13.08852991
1.392839671	-13.08852991
1.442577823	-13.11081607
0.983195158	-15.49548077
0.931477181	-15.49548077
1.002134415	-15.4731946
0.985517656	-15.4731946
0.994542145	-15.45090739
0.591148459	-17.67956579
0.633723321	-17.63499241
0.574822262	-17.65727962
0.56316616	-17.61270624
0.574374489	-17.59042007
0.200125408	-20.0865177
0.163388483	-20.10880387
0.21624725	-20.0865177
0.178430365	-20.06423153
0.132793763	-20.0865177
-0.182353985	-22.18145702
-0.186621474	-22.13688257
-0.145109644	-22.15916874
-0.182966311	-22.11459643
-0.127884879	-22.11459643
-0.176766399	-20.75511521
-0.143744669	-20.8219737
-0.246419734	-20.77740138
-0.162583603	-20.79968753
-0.172702785	-20.77740138
-0.591521177	-24.47697389
-0.581607048	-24.47697389
-0.563176454	-24.45468774
-0.566499997	-24.47697389
-0.629364976	-24.43240157
-0.844096174	-26.63877381
-0.940728629	-26.59419938
-0.907317551	-26.59419938
-0.853402925	-26.59419938
-0.915134944	-26.63877381
-0.890502483	-25.56901694
-0.905912545	-25.59130309
-0.961323392	-25.59130309
-0.893991936	-25.59130309
-0.903893856	-25.59130309
-0.937831152	-25.16785757
-0.890503122	-25.25700433
-0.926545294	-25.19014585
-0.851238676	-25.23471816
-0.949481549	-25.23471816
-1.273318843	-29.00115129
-1.280871291	-29.00115129
-1.26089061	-29.00115129
-1.276643105	-29.02343746
-1.340484629	-29.00115129
-1.567105951	-31.02923001
-1.567209216	-30.9623694
-1.548673761	-31.00694385
-1.609660104	-30.98465768
-1.581248586	-31.00694385
-1.92019349	-33.23560225
-1.943321271	-33.25788839
-1.918417879	-33.1910278
-1.967114287	-33.1910278
-1.93519943	-33.1910278
-2.283767582	-35.39740003
-2.216358558	-35.44197448
-2.24362794	-35.39740003
-2.247031046	-35.37511389
-2.271505259	-35.39740003
-2.619631942	-37.55919784
-2.583871393	-37.55919784
-2.58874654	-37.55919784
-2.56350718	-37.58148612
-2.556336747	-37.55919784
-2.900735368	-39.94386147
-2.923076613	-39.94386147
-2.903160412	-39.89928915
-2.945367104	-39.96614975
-2.895568302	-39.92157743
-3.22973861	-42.19480815
-3.275960655	-42.17251987
-3.219407352	-42.15023583
-3.225409473	-42.17251987
-3.238854314	-42.17251987
-3.541580122	-44.17831243
-3.487006245	-44.17831243
-3.470172025	-44.20060071
-3.579028019	-44.17831243
-3.508537653	-44.15602839
-3.526480812	-42.81883335
-3.495682076	-42.86340566
-3.532496021	-42.84111738
-3.599585515	-42.88569394
-3.536786214	-42.88569394
-3.866636642	-46.67441324
-3.935822074	-46.67441324
-3.841146701	-46.65212495
-3.900556302	-46.67441324
-3.929983389	-46.65212495
-4.157376723	-48.72477811
-4.217789284	-48.74706214
-4.185571656	-48.72477811
-4.165234735	-48.74706214
-4.1857884	-48.70248983
-4.472333413	-51.15401405
-4.546381064	-51.15401405
-4.447974117	-51.15401405
-4.489459392	-51.15401405
-4.472867133	-51.13173002
-4.786885024	-53.31581186
-4.854089434	-53.29352782
-4.776335426	-53.29352782
-4.804416721	-53.27123954
-4.791251828	-53.31581186
-5.090411094	-55.54447026
-5.057065694	-55.49989795
-5.16171864	-55.47761389
-5.092534485	-55.47761389
-5.093739505	-55.45532561
-5.076627252	-53.14030543
-5.131505337	-53.16259371
-5.218651804	-53.16259371
-5.110039367	-53.14030543
-5.150015095	-53.14030543
-5.324139805	-55.88155612
-5.279606385	-55.9038444
-5.29848547	-55.85927208
-5.349832764	-55.88155612
-5.307054046	-55.85927208
-5.321181997	-54.70036632
-5.346063203	-54.67808226
-5.339934037	-54.63350995
-5.351648754	-54.65579398
-5.309795429	-54.67808226
-5.623787144	-58.33308034
-5.610355392	-58.33308034
-5.618212447	-58.35536862
-5.540498021	-58.33308034
-5.62513166	-58.33308034
-5.857236226	-60.11600708
-5.780826095	-60.11600708
-5.791441132	-60.09372302
-5.800477352	-60.11600708
-5.76541779	-60.09372302
-6.095437719	-62.34466546
-6.161273033	-62.34466546
-6.123493795	-62.34466546
-6.111598724	-62.32238142
-6.131756886	-62.32238142
-6.338184773	-64.59561214
-6.360209681	-64.57332386
-6.367142939	-64.55103983
-6.384063666	-64.57332386
-6.370354839	-64.52875154
-6.61294548	-66.55683238
-6.679869303	-66.6014047
-6.689914229	-66.51225582
-6.632292847	-66.5345441
-6.666581834	-66.51225582
-6.676951078	-64.77390567
-6.715830317	-64.81847799
-6.693770934	-64.75161739
-6.706767283	-64.81847799
-6.704954804	-64.7961897
-6.678201108	-64.3058857
-6.680930999	-64.28359742
-6.77989465	-64.35045801
-6.703347897	-64.32817398
-6.713136178	-64.3058857
-6.924286469	-67.20314161
-6.879957025	-67.20314161
-6.843001989	-67.20314161
-6.967736168	-67.22542989
-6.902588433	-67.22542989
-7.039077231	-69.05292895
-7.11820193	-69.03064066
-7.093814224	-69.05292895
-7.079546139	-69.05292895
-7.126731881	-69.05292895
-7.340548221	-71.01414917
-7.328337131	-70.99186088
-7.349993669	-70.99186088
-7.263177266	-70.99186088
-7.335927964	-70.9695726
-7.612870796	-73.24280332
-7.661099719	-73.22051504
-7.622470742	-73.22051504
-7.640446141	-73.22051504
-7.625405566	-73.17594697
-7.908521935	-75.67203929
-7.992383723	-75.62747122
-7.918119966	-75.64975948
-7.947052596	-75.62747122
-7.977645122	-75.60518294
-8.237925787	-77.78926475
-8.297032138	-77.78926475
-8.266601133	-77.81155304
-8.260764044	-77.78926475
-8.265130848	-77.78926475
-8.259109255	-76.00633804
-8.3239697	-75.98405826
-8.315029244	-76.00633804
-8.264315584	-76.00633804
-8.324564071	-76.02862632
-8.334337029	-75.18173953
-8.316869175	-75.18173953
-8.299869284	-75.20402781
-8.277578793	-75.18173953
-8.343771624	-75.15945125
-8.479277252	-78.21271664
-8.463524199	-78.19042835
-8.459130581	-78.21271664
-8.517300367	-78.16814007
-8.521160264	-78.16814007
-8.719378049	-80.04021144
-8.689113033	-80.06249972
-8.68742377	-80.06249972
-8.672828175	-80.06249972
-8.675848547	-80.06249972
-8.89051718	-82.22430175
-8.937745058	-82.20201347
-8.971321567	-82.20201347
-8.951846515	-82.20201347
-8.974215532	-82.17972519
-9.257239969	-84.1186614
-9.226722776	-84.09637312
-9.242170664	-84.09637312
-9.205725728	-84.09637312
-9.210642851	-84.07408484
-9.545491163	-86.45875271
-9.53228605	-86.52560908
-9.502391319	-86.52560908
-9.598348643	-86.48103252
-9.564798948	-86.45875271
-9.653662769	-84.36380703
-9.60072421	-84.38609531
-9.58414823	-84.36380703
-9.579270051	-84.36380703
-9.519861088	-84.34152724
-9.747437329	-86.94905247
-9.841833713	-86.92676419
-9.82485042	-86.94905247
-9.793052555	-86.88219612
-9.777691492	-86.92676419
-10.05320298	-88.8657004
-9.985993146	-88.88798868
-10.02172816	-88.91027696
-9.992049213	-88.88798868
-9.967854311	-88.88798868
-10.03509607	-87.39478416
-10.02334081	-87.39478416
-10.01897337	-87.39478416
-10.00689124	-87.39478416
-10.0778384	-87.43936072
-10.32131325	-91.0943588
-10.27180365	-91.07207052
-10.33088383	-91.0943588
-10.2735325	-91.04978224
-10.34229562	-91.0943588
-10.61098813	-93.38987355
-10.56709089	-93.43445011
-10.61025522	-93.32301718
-10.60497356	-93.36759374
-10.56588619	-93.34530546
-10.70044376	-91.02750243
-10.64968861	-91.04978224
-10.63919679	-91.00521415
-10.6399929	-91.02750243
-10.59246432	-91.02750243
-11.06632639	-95.3733863
-11.089699	-95.35109802
-11.05581797	-95.32880974
-11.0756333	-95.32880974
-10.9953671	-95.32880974
-11.34504212	-97.78033398
-11.46232528	-97.73575742
-11.39042496	-97.7580457
-11.38201822	-97.7580457
-11.38193267	-97.71347761
-11.42012561	-95.48481923
-11.42143182	-95.50709902
-11.45794443	-95.46253095
-11.38163389	-95.50709902
-11.4253313	-95.48481923
-11.92012721	-100.0535689
-11.87220856	-99.9867041
-11.90747242	-99.9867041
-11.90663353	-99.9867041
-11.82518625	-99.9867041
-12.24998179	-102.3045071
-12.19440463	-102.3045071
-12.21902089	-102.2376508
-12.25714232	-102.2376508
-12.20636099	-102.2822273
-12.3705592	-102.9731046
-12.36553099	-102.9731046
-12.4231511	-102.9508249
-12.39541168	-102.9731046
-12.37231486	-102.9285366
-12.44400961	-100.8558792
-12.39166031	-100.8335994
-12.4101605	-100.8113111
-12.46574787	-100.8113111
-12.42158569	-100.8113111
-12.79533814	-104.2434433
-12.86927885	-104.3102997
-12.81789357	-104.3102997
-12.80070599	-104.2434433
-12.82988696	-104.2657316
-13.1829686	-106.0486583
-13.26777014	-106.0486583
-13.28845883	-106.0263701
-13.18401178	-106.0263701
-13.25762434	-106.0932264
-13.24937594	-105.3800608
-13.25642284	-105.3800608
-13.26385279	-105.3577725
-13.22690988	-105.3577725
-13.25440032	-105.3800608
-13.27325929	-105.0457621
-13.22758022	-105.0457621
-13.2613655	-105.0234738
-13.31779175	-105.0234738
-13.2784586	-105.0457621
-13.26774844	-104.7114633
-13.32424236	-104.6668867
-13.23721911	-104.689175
-13.26366509	-104.6445984
-13.26560462	-104.689175
-13.32132605	-102.727959
-13.30621845	-102.727959
-13.31428171	-102.727959
-13.28283689	-102.7502388
-13.28477003	-102.7056707
-13.34856878	-100.098417
-13.35904528	-100.0538489
-13.38185609	-100.0761287
-13.37030704	-100.0538489
-13.3281495	-100.0538489
-13.41396614	-97.26802592
-13.28919046	-97.26802592
-13.33853535	-97.29030572
-13.31975809	-97.26802592
-13.28600346	-97.26802592
-13.15687886	-93.18957596
-13.07973071	-93.23415252
-13.08697808	-93.21186424
-13.1866957	-93.23415252
-13.12583114	-93.27872061
-12.84664425	-88.86598037
-12.86803904	-88.8214038
-12.91228677	-88.86598037
-12.90226355	-88.84369209
-12.8724416	-88.79912402
-12.87226156	-88.91055693
-12.86263033	-88.84369209
-12.87652622	-88.86598037
-12.82527884	-88.88826865
-12.90856988	-88.88826865
-12.85570856	-89.17799084
-12.86930439	-89.17799084
-12.87838147	-89.17799084
-12.86158843	-89.17799084
-12.88592123	-89.17799084
-12.63458102	-84.27494237
-12.57662255	-84.18579774
-12.55370577	-84.2303743
-12.66713414	-84.18579774
-12.64711196	-84.20808602
-12.58231216	-85.85729154
-12.54086711	-85.83500326
-12.5982676	-85.85729154
-12.52596635	-85.81271498
-12.59637659	-85.87957982
-12.30290056	-79.83991387
-12.24157633	-79.86220215
-12.25622427	-79.83991387
-12.27401964	-79.83991387
-12.19892083	-79.86220215
-11.99313838	-75.53860656
-11.97138353	-75.49403
-11.97077064	-75.56088635
-12.0525499	-75.56088635
-12.00200095	-75.56088635
-11.69923844	-71.7053107
-11.80311474	-71.74988727
-11.76274862	-71.68302242
-11.70871134	-71.66073414
-11.77652065	-71.68302242
-11.44246143	-67.15884504
-11.40252305	-67.13656101
-11.42517425	-67.15884504
-11.48027769	-67.13656101
-11.44363102	-67.15884504
-11.39488625	-68.54061663
-11.3469893	-68.56290069
-11.39761614	-68.51832835
-11.45929661	-68.58518897
-11.38934092	-68.54061663
-11.42072189	-68.76348248
-11.41496972	-68.78576651
-11.3925177	-68.76348248
-11.40439618	-68.78576651
-11.3330283	-68.78576651
-11.04201402	-62.79067712
-11.02403989	-62.79067712
-11.06136202	-62.76838884
-11.02370664	-62.79067712
-11.02602028	-62.81296117
-10.70580076	-58.1550668
-10.66763847	-58.17735509
-10.73820959	-58.1550668
-10.67688026	-58.17735509
-10.686274	-58.17735509
-10.33080211	-53.31887893
-10.27832768	-53.36345127
-10.29298074	-53.34116298
-10.34184106	-53.34116298
-10.32202637	-53.34116298
-10.29692044	-54.7452186
-10.31092422	-54.70064629
-10.30699984	-54.7452186
-10.30736821	-54.72293457
-10.2538972	-54.76750689
-9.884795657	-48.88384618
-9.901053702	-48.90613446
-9.847930001	-48.83927387
-9.913774253	-48.92842274
-9.954485762	-48.88384618
-9.527762194	-44.76082815
-9.575332905	-44.7385441
-9.507695964	-44.71625582
-9.516983722	-44.78311643
-9.604845221	-44.76082815
-9.546659474	-45.54085858
-9.49635185	-45.49628626
-9.588434593	-45.56314686
-9.550011188	-45.54085858
-9.538269337	-45.54085858
-9.547142759	-45.87710874
-9.512217266	-45.87710874
-9.478691193	-45.94396934
-9.561511077	-45.92168106
-9.556770796	-45.94396934
-9.061178772	-39.90430339
-9.045551488	-39.90430339
-9.132835854	-39.92659167
-9.077425326	-39.92659167
-9.050552244	-39.92659167
-9.074339834	-41.10778147
-9.071281156	-41.1300655
-9.006463485	-41.1300655
-9.063627119	-41.08549318
-9.086221499	-41.1300655
-8.687149249	-35.51384718
-8.712843804	-35.51384718
-8.630722353	-35.51384718
-8.675188419	-35.53613335
-8.643122416	-35.53613335
-8.25011581	-31.14567716
-8.228507792	-31.21253776
-8.23829671	-31.19024948
-8.243361309	-31.16796331
-8.209911208	-31.19024948
-7.741485301	-26.82207944
-7.816139134	-26.86665389
-7.846571416	-26.8443656
-7.768447123	-26.86665389
-7.771507078	-26.8443656
-7.716975657	-28.27070739
-7.781870577	-28.22613508
-7.793547308	-28.27070739
-7.724403692	-28.24842125
-7.780625016	-28.27070739
-7.298301947	-22.34247648
-7.240647367	-22.27561589
-7.254316613	-22.34247648
-7.25948272	-22.36476265
-7.222442136	-22.32019032
-7.247909413	-22.87735492
-7.245421484	-22.85506877
-7.205253911	-22.87735492
-7.290258473	-22.85506877
-7.282769788	-22.81049432
-6.771332778	-17.9520203
-6.740103745	-17.9520203
-6.807272085	-17.9520203
-6.793067842	-17.90744585
-6.786004345	-18.01887876
-6.215225406	-13.62842257
-6.253221708	-13.60613536
-6.247138827	-13.62842257
-6.193937237	-13.60613536
-6.281489102	-13.67299596
-5.92646156	-11.1100388
-5.924520758	-11.06546542
-5.886155449	-11.1100388
-5.964074808	-11.1100388
-5.930359762	-11.08775158
-5.893808847	-11.46662372
-5.904014017	-11.48890987
-5.909358244	-11.5111971
-5.885075239	-11.46662372
-5.938771605	-11.48890987
-5.875499554	-11.57805663
-5.878341807	-11.57805663
-5.984339587	-11.55577049
-5.914623308	-11.57805663
-5.877465254	-11.6003428
-5.941131212	-12.42494661
-5.929909675	-12.40266046
-5.826969295	-12.40266046
-5.909130966	-12.38037322
-5.882091257	-12.38037322
-5.542058323	-8.859093181
-5.594917718	-8.881379861
-5.495571652	-8.836806479
-5.557507488	-8.859093181
-5.634207462	-8.881379861
-5.295543304	-6.875587304
-5.292383436	-6.853300623
-5.289970522	-6.897874006
-5.269684994	-6.875587304
-5.24042262	-6.897874006
-5.248969808	-7.432751904
-5.226032596	-7.388178522
-5.330913458	-7.432751904
-5.288337439	-7.388178522
-5.220584306	-7.432751904
-5.243216353	-7.455038607
-5.314995373	-7.410465224
-5.258338326	-7.455038607
-5.222931463	-7.432751904
-5.280706066	-7.432751904
-3.337487901	0.389839029
-3.337487901	0.389839029
-3.337487901	0.389839029
-3.337487901	0.389839029
-3.337487901	0.389839029
-2.81735878	2.483663605
-2.749209826	2.505950285
-2.801435268	2.505950285
-2.854663671	2.505950285
-2.785039963	2.5505234
-2.846391004	2.238511058
-2.766197587	2.171651395
-2.791089327	2.193937942
-2.768068481	2.305370875
-2.747688148	2.26079776
-2.29034556	4.511742576
-2.337735437	4.422596344
-2.355572778	4.333450113
-2.325849623	4.444883047
-2.347341767	4.444883047
-1.794127244	6.562108516
-1.785153909	6.628968067
-1.806103396	6.606681898
-1.848461872	6.628968067
-1.760223704	6.695828129
-1.303914721	8.835340301
-1.3399624	8.790766918
-1.324656002	8.768480216
-1.279606817	8.746193536
-1.305438952	8.835340301
-0.830484706	11.10857206
-0.843715994	11.08628485
-0.818929115	11.13085823
-0.853596047	11.06399868
-0.910244156	11.10857206
-0.461409813	13.33723047
-0.385343991	13.33723047
-0.435186724	13.31494325
-0.421053506	13.18122417
-0.367586493	13.2480837
0.056776501	15.90018762
0.035779694	15.90018762
0.107582214	15.83332703
0.0538119	15.85561424
0.088169827	15.90018762
0.394515636	17.52710804
0.362797612	17.63854095
0.338809319	17.50482083
0.371080215	17.59396759
0.390401288	17.59396759
0.388958335	17.3042422
0.409138324	17.28195498
0.356054124	17.3042422
0.334748678	17.28195498
0.364301375	17.28195498
0.761730048	20.02320565
0.705372502	19.97863122
0.749337247	20.0009195
0.782947991	19.97863122
0.735563381	20.0009195
0.735266275	19.02030938
0.822592298	19.02030938
0.761832435	18.99802321
0.800575052	18.90887647
0.815602858	18.97573493
1.18476721	22.22957791
1.113289605	22.18500346
1.177435736	22.18500346
1.184458773	22.20728963
1.060699703	22.20728963
1.145589749	21.42725918
1.177139588	21.44954746
1.139547647	21.42725918
1.189663665	21.49411978
1.092630441	21.3604007
1.282916395	22.60844898
1.188203275	22.60844898
1.24499431	22.58616281
1.271326888	22.60844898
1.193910445	22.49701607
1.481166899	24.45823629
1.492049593	24.48052246
1.501951513	24.48052246
1.440002749	24.48052246
1.471999803	24.52509477
1.872610968	26.68689469
1.857031725	26.66460641
1.843166325	26.731467
1.86347308	26.62003409
1.804954237	26.79832762
2.23866916	28.93783926
2.222217832	28.93783926
2.26066869	28.93783926
2.260504296	28.93783926
2.182819078	28.89326481
2.54561685	31.0773509
2.620983481	30.98820413
2.543742125	31.09963704
2.583430563	31.05506473
2.548412339	31.01049028
2.951725145	33.39515604
2.966832755	33.39515604
2.917992224	33.3728699
2.997964428	33.35058161
2.904995236	33.30600928
2.973996484	32.48140652
2.98777043	32.48140652
2.951866875	32.45911824
3.008589679	32.48140652
2.932997685	32.50369269
3.342794461	35.42323477
3.270279341	35.4009486
3.327688129	35.42323477
3.328656934	35.44552092
3.201915557	35.53466768
3.699767594	37.69646549
3.695132653	37.76332608
3.562873079	37.71875377
3.694272699	37.78561436
3.659832087	37.78561436
4.029830935	39.99198448
3.998568705	40.01427277
4.083876518	40.01427277
3.972800412	39.94741215
3.980970932	39.99198448
4.404727116	42.17607055
4.43072971	42.19835458
4.346296216	42.17607055
4.386896	42.19835458
4.432001446	42.13149824
4.776927562	44.2487237
4.738859119	44.33786836
4.779020947	44.31558007
4.822711011	44.29329604
4.759473115	44.2487237
4.791112971	43.24582744
4.795548406	43.20125087
4.803032942	43.24582744
4.81028988	43.22353915
4.788655367	43.20125087
4.94565729	44.93960527
4.888226796	44.93960527
4.944182217	44.91732124
4.967149435	44.93960527
4.859313319	44.96189355
5.139394632	46.90082551
5.202701797	46.90082551
5.218351746	46.87853723
5.088549138	46.87853723
5.201425273	46.8562532
5.576606509	49.08491158
5.490188481	49.04033926
5.476736938	49.0626233
5.517957907	48.9957627
5.482800028	49.04033926
5.795870501	51.02384354
5.881374309	51.00155526
5.848402386	51.04613182
5.796609793	50.97927123
5.848327691	50.97927123
6.164375762	53.34164657
6.189508507	53.25250194
6.208452391	53.27479022
6.209976304	53.27479022
6.23827945	53.31936254
6.591522604	55.61488154
6.559635359	55.61488154
6.531420315	55.72631445
6.600696723	55.65945385
6.572195666	55.63716557
6.603814135	53.29568283
6.616896033	53.18424992
6.623900156	53.22882224
6.638058433	53.18424992
6.593131426	53.25111052
7.038000852	58.06501011
6.939424722	57.95357718
7.00871709	57.99814952
7.003773153	58.04272608
6.990490153	58.17644302
7.284877217	60.42738971
7.310440896	60.40510143
7.304363122	60.42738971
7.306711875	60.42738971
7.246131409	60.40510143
7.273937863	59.02333406
7.330091514	58.97876175
7.349762561	58.95647347
7.311587501	59.00104578
7.384465883	59.00104578
7.569764568	62.1657441
7.648006969	62.05431119
7.615439805	62.1657441
7.517061586	62.14345582
7.660982888	62.14345582
7.923712539	64.43897482
7.951005064	64.50583542
7.938837386	64.55040773
7.937796759	64.46125886
7.89386569	64.41668654
8.240205591	66.62306091
8.220931642	66.60077263
8.285638866	66.55620029
8.219220672	66.62306091
8.200311262	66.57848435
8.25909138	65.26357758
8.282329288	65.21900527
8.185499242	65.17443293
8.271081576	65.21900527
8.277289588	65.21900527
8.64014418	69.03000857
8.562079899	69.00772454
8.578985942	69.05229685
8.660723701	68.96315222
8.503848185	68.98543626
8.955629802	71.21409466
8.833605085	71.16952232
8.794114877	71.19180638
8.928552425	71.12495001
8.848814203	71.10266173
9.187860137	73.59876254
9.177650498	73.57647425
9.180163964	73.57647425
9.197539886	73.6433306
9.094760388	73.53189769
9.234698578	71.34781585
9.228486097	71.23638294
9.166797969	71.2809595
9.195642496	71.30323929
9.240116224	71.32552757
9.435974402	73.93306129
9.390664342	73.91077301
9.460829433	73.93306129
9.444	73.95534957
9.320914226	73.95534957
9.590609696	75.78284437
9.625291312	75.715988
9.531557611	75.73827629
9.608235878	75.67141144
9.598051138	75.73827629
9.794792892	77.8332135
9.867894083	77.78863693
9.832121404	77.78863693
9.880027286	77.76634865
9.860472432	77.81092521
10.15723953	80.03958359
10.14655491	80.12872825
10.16511829	80.17330481
10.12605136	80.12872825
10.12566001	80.06187188
10.42531341	82.37967493
10.47831964	82.42425147
10.43881284	82.33509837
10.48628842	82.24595372
10.41588009	82.29053028
10.77238175	84.54147696
10.73612323	84.54147696
10.71800483	84.51918868
10.78302041	84.4969004
10.77883364	84.4969004
11.04206509	86.81470343
11.02516096	86.77013536
11.05274461	86.74784708
11.08246696	86.85927999
11.02714518	86.79241515
11.0798788	84.65290987
11.11874336	84.60833331
11.0787322	84.63062159
11.08149784	84.69747796
11.04875447	84.58604503
11.4468742	88.95421718
11.4863759	88.9319289
11.50372054	88.88736083
11.42832933	88.88736083
11.47946179	88.95421718
11.52129756	87.50558922
11.49670939	87.43873288
11.55195712	87.43873288
11.47692853	87.41644459
11.43001731	87.46101266
11.64983226	89.42223715
11.58949376	89.57823815
11.68829717	89.42223715
11.6239366	89.44452543
11.56097291	89.44452543
11.79739065	91.40574143
11.81162362	91.42802971
11.86823119	91.42802971
11.71957983	91.45031799
11.83917152	91.42802971
12.09893379	93.47839033
12.04754467	93.47839033
12.05542152	93.50067862
12.10061028	93.47839033
12.06898032	93.5229669
12.38272752	95.61790411
12.42779498	95.57333602
12.31464751	95.55104774
12.34581909	95.59561583
12.42597931	95.55104774
12.41159567	92.54235891
12.524618	92.54235891
12.39595051	92.56464719
12.39138324	92.58692698
12.49244538	92.60921526
12.47603412	92.45321426
12.41348412	92.52007063
12.41787518	92.49778235
12.46243957	92.45321426
12.41609143	92.45321426
12.61176511	95.66248067
12.67763362	95.64019239
12.62630452	95.59561583
12.57788024	95.64019239
12.68367692	95.64019239
12.84528569	98.00257198
12.80994906	98.04714005
12.91436291	97.95799542
12.8525969	97.93570714
12.86508698	98.00257198
13.14657346	100.0083645
13.14140607	99.98607626
13.10996508	100.0083645
13.20682641	99.91921989
13.0905277	99.98607626
13.19802386	97.46769566
13.1481261	97.48997545
13.24837745	97.48997545
13.13220131	97.46769566
13.12230194	97.46769566
13.63232549	102.5713217
13.78194343	102.5713217
13.737508	102.5267451
13.72256766	102.5267451
13.77917906	102.5044569
13.75968039	100.8552513
13.77694969	100.8775396
13.76391568	100.8329631
13.81627646	100.8552513
13.75394736	100.8775396
13.67289463	100.7215301
13.77992729	100.6769621
13.82684234	100.7438184
13.74395223	100.6992503
13.86046673	100.7215301
13.75354388	97.40250224
13.821546	97.40250224
13.84038454	97.38021396
13.81939962	97.38021396
13.84622227	97.40250224
13.76633019	97.26878102
13.80813531	97.26878102
13.87755217	97.22421296
13.80598383	97.24650124
13.81585	97.26878102
13.77750767	93.90351364
13.8060132	93.92579344
13.77347157	93.90351364
13.72742988	93.92579344
13.78626426	93.88122535
13.56868379	89.42390857
13.62916785	89.40162029
13.56478431	89.44619683
13.60713465	89.42390857
13.59437388	89.42390857
13.40355859	90.89482481
13.51723722	90.89482481
13.47660169	90.89482481
13.50225985	90.9171046
13.48808817	90.96168116
13.37769868	88.44330056
13.40331471	88.48786863
13.38507628	88.44330056
13.43629813	88.44330056
13.43306644	88.46558035
13.16696464	85.0557364
13.31656215	85.07802468
13.24286659	85.0557364
13.28501519	85.0557364
13.29412036	85.03344812
13.00475065	79.84067745
13.01743608	79.88524554
12.92164986	79.81838917
13.00069412	79.86296573
12.9954016	79.90753382
12.72159533	75.45021702
12.81714918	75.45021702
12.71881437	75.51708186
12.80495915	75.51708186
12.76341195	75.45021702
12.56383369	71.57235309
12.48773511	71.59464137
12.57209614	71.55006481
12.45985651	71.59464137
12.52585654	71.59464137
12.50288996	72.86497158
12.52403321	72.88725986
12.4909004	72.79811523
12.51722891	72.82040351
12.455016	72.88725986
12.42653857	70.97061618
12.42269271	70.97061618
12.41390675	70.8814673
12.40699265	70.90375558
12.37923535	70.9483279
12.19381856	66.55787171
12.12983978	66.55787171
12.17191431	66.60244403
12.1886499	66.53558343
12.06731276	66.60244403
12.19810109	66.73616522
12.08466251	66.80302159
12.11736502	66.82530987
12.20750632	66.73616522
12.11911046	66.78073755
12.08689443	67.36018619
12.16172128	67.40476275
12.16732662	67.36018619
12.10593472	67.42704679
12.22875938	67.38247447
12.14520914	67.56076798
12.1210934	67.51619566
12.18605663	67.5384797
12.11044963	67.56076798
12.07421793	67.5384797
11.88365929	62.52399831
11.78421618	62.54628659
11.88460543	62.56857063
11.87905755	62.56857063
11.83072648	62.54628659
11.54873692	57.62094984
11.4963672	57.59866581
11.55836815	57.68781044
11.52311068	57.57637753
11.48639633	57.64323812
11.19805831	53.27506597
11.18006503	53.40878716
11.28873971	53.38649888
11.17264274	53.4310712
11.26855921	53.40878716
11.1858619	54.43369174
11.21967271	54.38911943
11.19290114	54.32225883
11.14435428	54.45597577
11.22460516	54.34454286
10.86975765	49.50835499
10.921277	49.53064327
10.8789522	49.53064327
10.84099037	49.5529273
10.89803973	49.57521558
10.88972237	50.82326598
10.80997968	50.68954479
10.94165286	50.8009777
10.84028044	50.75640538
10.76250537	50.77868941
10.40487945	44.27100776
10.37678251	44.31558007
10.45504981	44.29329604
10.44271232	44.36015664
10.43013988	44.33786836
10.35008244	44.78360002
10.4054751	44.8058883
10.44513257	44.89503296
10.3886495	44.93960527
10.49880787	44.82817236
10.13575601	40.43771615
10.09857752	40.37085556
10.15143947	40.39314384
10.12034259	40.41542787
10.03823327	40.41542787
9.697378051	35.80210584
9.700217112	35.69067293
9.69903284	35.82439412
9.738576037	35.75753352
9.644840421	35.66838887
9.636653302	37.1838732
9.709058614	37.16158917
9.678713795	37.36216673
9.69959912	37.31759439
9.725950611	37.20616148
9.242170664	31.4339358
9.295432904	31.41164965
9.293541899	31.56765488
9.197557123	31.63451548
9.30455531	31.61222933
8.811375244	26.90976053
8.847680366	26.88747225
8.732453562	26.90976053
8.791229849	26.90976053
8.812851274	26.9320467
8.359315275	22.45244373
8.337858563	22.43015545
8.300588785	22.43015545
8.374399901	22.4747299
8.352070467	22.4747299
8.341168779	23.05418067
8.351465881	23.14332741
8.381844536	23.14332741
8.278171248	23.07646681
8.323754552	23.14332741
8.372553586	23.54448465
8.301891804	23.5221985
8.363341162	23.41076557
8.371988583	23.5890591
8.25649045	23.56677293
7.763368479	18.01741309
7.7942949	17.88369401
7.809292701	17.83911959
7.78989426	17.90598018
7.791770581	17.88369401
7.368349568	14.07268753
7.347803245	14.11726091
7.374899774	14.07268753
7.315122442	14.07268753
7.271596771	14.0949737
6.659554089	9.191925203
6.684022875	9.236498585
6.671782417	9.214212439
6.684210571	9.214212439
6.691071688	9.236498585
6.654070686	10.46226072
6.648324891	10.48454687
6.723250691	10.35082779
6.578170654	10.46226072
6.651887284	10.46226072
6.262709292	6.762687658
6.280848765	6.762687658
6.25193465	6.78497436
6.258305459	6.78497436
6.267728562	6.78497436
5.629292892	3.397413641
5.697332039	3.375126961
5.697771273	3.419700077
5.730523579	3.419700077
5.736730314	3.419700077
5.660686637	4.110584269
5.744427125	4.155157384
5.633899104	4.177444087
5.650550417	4.155157384
5.749666013	4.132870704
5.642998528	4.555480248
5.744263689	4.555480248
5.665327962	4.555480248
5.621308153	4.577766951
5.681794133	4.555480248
5.61775789	3.329718136
5.509579261	3.352004571
5.511158716	3.307431456
5.622798229	3.329718136
5.550050085	3.352004571
5.580524503	5.068071466
5.580888403	5.045784786
5.565474351	5.023498618
5.625890743	5.045784786
5.580085269	5.023498618
5.568095072	3.307431456
5.571588515	3.329718136
5.531591401	3.352004571
5.610040011	3.329718136
5.522857154	3.352004571
5.5325784	3.485724163
5.480024171	3.485724163
5.549901971	3.463437483
5.533251297	3.485724163
5.528684028	3.508010598
5.51804154	3.552583981
5.60196717	3.574870394
5.502391911	3.574870394
5.483283951	3.552583981
5.566064253	3.552583981
5.130139753	3.825873131
5.195048399	3.759013313
5.144916021	3.825873131
5.222692374	3.803586428
5.090979928	3.848159811
5.202909284	3.781300015
5.191428548	3.825873131
5.126775271	3.825873131
5.206713	3.825873131
5.132887839	3.781300015
5.187699527	3.848159811
5.136017062	3.825873131
5.174598158	3.848159811
5.218503371	3.803586428
5.116058406	3.803586428
5.160130566	3.870446246
5.210736652	3.825873131
5.096385125	3.825873131
5.211279311	3.803586428
5.133998373	3.825873131
5.17896145	3.7367269
5.155415503	3.759013313
5.168824273	3.781300015
5.181782955	3.759013313
5.141621127	3.781300015
5.148779749	3.760127681
5.180076773	3.715554566
5.203696458	3.760127681
5.116913572	3.737841001
5.198184326	3.737841001
5.152674121	3.737841001
5.221095682	3.804700797
5.089309498	3.782414384
5.150125542	3.760127681
5.226402881	3.737841001
5.1345455	4.205859371
5.217343039	4.317292282
5.142424262	4.339578962
5.183235045	4.094426437
5.208017295	4.027566642
5.21348793	2.668085182
5.114642068	2.6235118
5.188631304	2.668085182
5.108091862	2.6235118
5.165060777	2.601225365
4.578763724	0.060554775
4.578763724	0.060554775
4.578763724	0.060554775
4.58390653	0.082841344
4.578763724	0.060554775
3.786748071	-3.371579193
3.797034001	-3.327006077
3.791891196	-3.349292491
3.797034001	-3.327006077
3.786748071	-3.371579193
3.051305193	-6.558560481
3.142555115	-6.603133863
3.112633251	-6.580847183
3.146210079	-6.580847183
3.096840934	-6.580847183
3.055145618	-6.135115494
3.169207941	-6.157402196
3.085245602	-6.157402196
3.10334677	-6.135115494
3.128902149	-6.157402196
2.422966799	-8.742646034
2.410361164	-8.742646034
2.396725755	-8.720359332
2.459235372	-8.742646034
2.340172931	-8.742646034
1.847465296	-11.03816397
1.852084277	-10.99359058
1.820855883	-10.99359058
1.789957393	-10.99359058
1.882487989	-10.99359058
1.346540696	-13.26682237
1.325456902	-13.31139575
1.355847287	-13.31139575
1.285632959	-13.28910854
1.330926499	-13.26682237
0.897007361	-15.60691368
0.890582845	-15.58462754
0.8118649	-15.60691368
0.903314089	-15.5623403
0.871235557	-15.5623403
0.493079595	-17.81328487
0.427957198	-17.83557315
0.48410215	-17.76871253
0.433835186	-17.83557315
0.401729481	-17.81328487
0.099838229	-19.99737094
0.063123399	-19.93051034
0.012118035	-19.95279862
0.06900016	-19.93051034
0.061243956	-19.90822417
-0.312255189	-22.15916874
-0.288910145	-22.15916874
-0.337935599	-22.15916874
-0.294521891	-22.11459643
-0.322321422	-22.15916874
-0.342911776	-21.26770538
-0.28127981	-21.26770538
-0.380057301	-21.24541922
-0.291016398	-21.26770538
-0.333340639	-21.26770538
-0.719872573	-24.47697389
-0.623482319	-24.47697389
-0.755137547	-24.47697389
-0.72101439	-24.49926005
-0.675569384	-24.45468774
-0.977244191	-26.68334612
-1.05285398	-26.66105997
-1.019974868	-26.63877381
-1.069635052	-26.66105997
-1.025180079	-26.63877381
-1.018957303	-25.81416893
-1.114352417	-25.9033157
-1.052099366	-25.88102953
-1.072957398	-25.85874338
-0.985630657	-25.85874338
-1.400297872	-29.02343746
-1.352847025	-28.97886512
-1.397380125	-28.95657684
-1.420153263	-29.00115129
-1.358255733	-28.95657684
-1.397647624	-27.75310301
-1.417806266	-27.75310301
-1.439792549	-27.75310301
-1.419316612	-27.75310301
-1.456422953	-27.75310301
-1.441707335	-27.50794888
-1.440791679	-27.55252333
-1.417156193	-27.53023716
-1.437427516	-27.55252333
-1.454974375	-27.50794888
-1.780780402	-31.20752352
-1.717677212	-31.18523524
-1.75008509	-31.18523524
-1.820945581	-31.18523524
-1.741351482	-31.18523524
-2.064062122	-33.39160747
-2.113288739	-33.48075424
-2.009613855	-33.41389364
-2.141268684	-33.41389364
-2.11057401	-33.39160747
-2.393553917	-35.55340739
-2.370512163	-35.57569356
-2.418370004	-35.57569356
-2.417063155	-35.55340739
-2.392958429	-35.50883296
-2.750230343	-37.826636
-2.716983898	-37.826636
-2.749088845	-37.80435196
-2.749926454	-37.80435196
-2.748759419	-37.80435196
-3.044963432	-39.98843803
-3.124927017	-39.96614975
-3.015946849	-39.96614975
-3.092393689	-39.94386147
-3.031025411	-39.98843803
-3.431484632	-42.5959675
-3.366297315	-42.61825156
-3.419360686	-42.61825156
-3.4163052	-42.52910691
-3.411239325	-42.55139519
-3.749029802	-44.46803887
-3.673867467	-44.42346655
-3.742312968	-44.46803887
-3.661783103	-44.42346655
-3.731297961	-44.42346655
-3.741156148	-43.30913735
-3.737212299	-43.26456504
-3.719703586	-43.28684907
-3.698924877	-43.26456504
-3.75140122	-43.30913735
-3.880097124	-45.09206406
-3.873625124	-45.04749175
-3.837178591	-45.04749175
-3.875340244	-45.02520347
-3.823582126	-45.04749175
-3.903667969	-44.22288899
-3.887217121	-44.22288899
-3.84895747	-44.20060071
-3.844194207	-44.24517302
-3.870217549	-44.24517302
-4.07348461	-46.80813018
-4.092172807	-46.78584615
-4.091968193	-46.80813018
-4.11415909	-46.78584615
-4.123236488	-46.78584615
-4.064829209	-46.45154739
-4.097213465	-46.47383142
-4.139219373	-46.45154739
-4.07756189	-46.47383142
-4.131461912	-46.47383142
-4.336890669	-48.94764395
-4.31656524	-48.94764395
-4.417118242	-48.96992799
-4.377525886	-48.94764395
-4.376218718	-48.92535567
-4.627351121	-51.26544699
-4.653823593	-51.19858639
-4.664633987	-51.26544699
-4.636453418	-51.24316295
-4.720617817	-51.22087467
-4.977143926	-53.33810014
-4.947348469	-53.38267245
-4.967000044	-53.38267245
-5.017537181	-53.38267245
-4.954141914	-53.33810014
-5.292687325	-55.72276377
-5.229381437	-55.72276377
-5.279155659	-55.67819145
-5.321341922	-55.65590317
-5.217055111	-55.65590317
-5.322470971	-53.65568481
-5.301347834	-53.63339653
-5.292409292	-53.65568481
-5.322675585	-53.63339653
-5.350005138	-53.65568481
-5.278493297	-52.80879377
-5.348187871	-52.80879377
-5.310611331	-52.78650549
-5.329070654	-52.78650549
-5.37773945	-52.80879377
-5.53862936	-56.04034844
-5.544380901	-56.01806016
-5.561340571	-56.01806016
-5.471197992	-55.99577613
-5.586156658	-56.04034844
-5.753070077	-57.95699637
-5.716560021	-58.00156869
-5.6638647	-57.9792804
-5.744842737	-57.95699637
-5.683454029	-57.91241981
-5.962392567	-60.20793881
-5.921794059	-60.18565475
-5.964349329	-60.14107821
-5.946004284	-60.16336649
-5.951630055	-60.11879415
-6.176210823	-62.36973659
-6.282844471	-62.36973659
-6.237333947	-62.36973659
-6.191824062	-62.36973659
-6.237616768	-62.30288024
-6.499636495	-64.15266333
-6.532414976	-64.13037927
-6.421210228	-64.15266333
-6.520699301	-64.10809099
-6.451449707	-64.15266333
-6.776183505	-66.55961524
-6.788205623	-66.49275464
-6.817898612	-66.51504292
-6.811119852	-66.44818232
-6.797066276	-66.51504292
-6.84212799	-65.13327556
-6.847293459	-65.15555959
-6.791920598	-65.13327556
-6.821638486	-65.13327556
-6.789940853	-65.11098728
-6.864189288	-64.26409624
-6.808356763	-64.3086728
-6.835639711	-64.26409624
-6.909990932	-64.28638452
-6.820355259	-64.26409624
-7.073052753	-67.11677984
-7.020638337	-67.13906812
-7.048172824	-67.13906812
-6.977805992	-67.13906812
-7.047206892	-67.11677984
-7.231519215	-69.16714471
-7.285584589	-69.16714471
-7.224926873	-69.18943299
-7.21899019	-69.12257239
-7.211663664	-69.18943299
-7.504756009	-71.15065323
-7.440980881	-71.12836495
-7.503232097	-71.15065323
-7.503183577	-71.08379264
-7.460960924	-71.12836495
-7.762175908	-73.44617223
-7.780976786	-73.44617223
-7.806913942	-73.40159567
-7.782664135	-73.44617223
-7.778588451	-73.46846051
-8.025791688	-75.65254235
-8.065285088	-75.63025407
-8.088836462	-75.60796579
-8.036570799	-75.63025407
-8.095756953	-75.58568598
-8.101228864	-73.75818271
-8.074900995	-73.73589442
-8.166717516	-73.75818271
-8.111208033	-73.71360614
-8.11863543	-73.69132636
-8.490140635	-77.99263367
-8.459179101	-78.03721023
-8.479694142	-78.01492195
-8.452667839	-78.01492195
-8.526752838	-77.99263367
-8.798984757	-80.06528257
-8.749487928	-80.04300279
-8.734105797	-79.99842622
-8.713629062	-79.99842622
-8.787167572	-79.99842622
-9.032903078	-82.36080582
-9.105439905	-82.36080582
-9.053520905	-82.3830941
-9.073109596	-82.31622926
-8.984780772	-82.31622926
-9.26806313	-83.60885621
-9.208247493	-83.63113602
-9.258163765	-83.60885621
-9.193977493	-83.63113602
-9.293921121	-83.60885621
-9.319007899	-81.80364122
-9.237639148	-81.75906466
-9.276393256	-81.78135294
-9.242083201	-81.71449657
-9.295602086	-81.73677637
-9.259272703	-81.04589905
-9.324396816	-81.06817886
-9.255416636	-81.04589905
-9.293333774	-81.06817886
-9.304785781	-81.04589905
-9.612248997	-84.79004176
-9.655435028	-84.76775348
-9.596633842	-84.79004176
-9.612108544	-84.76775348
-9.569431335	-84.79004176
-9.856401856	-86.79583432
-9.851895237	-86.77354604
-9.808621743	-86.75125776
-9.890219049	-86.75125776
-9.854323793	-86.72897797
-10.10715472	-88.86848325
-10.15919757	-88.86848325
-10.09089348	-88.84620344
-10.13374689	-88.82391516
-10.05852167	-88.82391516
-10.14654469	-87.35299892
-10.18518261	-87.44214357
-10.12362855	-87.39757548
-10.16766751	-87.3752872
-10.10167131	-87.3752872
-10.27303134	-89.7599466
-10.30078161	-89.7376668
-10.2466358	-89.78223489
-10.27182153	-89.78223489
-10.3546395	-89.7599466
-10.51133243	-91.45372869
-10.49555192	-91.45372869
-10.48984124	-91.45372869
-10.44030866	-91.45372869
-10.4831908	-91.4091606
-10.71862793	-93.30352025
-10.7506269	-93.34808831
-10.72983606	-93.32580003
-10.73475063	-93.30352025
-10.74885336	-93.30352025
-11.02754994	-95.22015968
-10.97012391	-95.22015968
-11.06251629	-95.19787989
-11.04055331	-95.17559161
-11.0190219	-95.19787989
-11.08053765	-92.56805789
-11.14178655	-92.59034617
-11.08902611	-92.61263445
-11.09070388	-92.61263445
-11.04272011	-92.59034617
-11.30777872	-95.77732428
-11.39278329	-95.75504447
-11.30596816	-95.75504447
-11.36374021	-95.75504447
-11.31604756	-95.75504447
-11.57424825	-97.89454975
-11.54236803	-97.87226996
-11.67033198	-97.87226996
-11.59349411	-97.8276934
-11.60255842	-97.8276934
-11.6666036	-95.91104547
-11.64596343	-95.91104547
-11.63978606	-95.88875719
-11.60586417	-95.88875719
-11.64290666	-95.93333375
-12.04365158	-100.1009284
-12.05944741	-100.1009284
-12.0886552	-100.1009284
-12.04742465	-100.0563518
-12.07542838	-100.0786401
-12.40223768	-102.2404336
-12.48008171	-102.2850102
-12.37902212	-102.2627219
-12.42985197	-102.1958656
-12.37591173	-102.2181538
-12.47206313	-99.76662959
-12.40885556	-99.81119767
-12.46484131	-99.76662959
-12.46406627	-99.83348596
-12.45406092	-99.78890939
-13.18672124	-105.5834212
-13.08592596	-105.6057095
-13.18453784	-105.5834212
-13.09218632	-105.5834212
-13.1102511	-105.5165649
-13.32035565	-106.9874811
-13.35935811	-106.9651928
-13.39205423	-106.9874811
-13.36056089	-106.9429045
-13.37251981	-106.9206163
-13.38129811	-105.3382756
-13.34754348	-105.3382756
-13.44585275	-105.293699
-13.40819609	-105.3159873
-13.40819609	-105.3159873
-13.48315189	-102.3281868
-13.44594851	-102.2836188
-13.48080505	-102.3281868
-13.44453632	-102.3281868
-13.43633643	-102.305907
-13.32787754	-97.46971493
-13.37216868	-97.49200322
-13.35353187	-97.49200322
-13.33463459	-97.44742665
-13.34106605	-97.5142915
-13.14116475	-93.68099566
-13.14288083	-93.65870738
-13.22425022	-93.70328392
-13.18710812	-93.7255722
-13.17749222	-93.74785201
-12.96702631	-89.20139058
-12.94603118	-89.20139058
-12.97759985	-89.20139058
-12.90758032	-89.20139058
-12.92802897	-89.22367886
-12.91108653	-89.93685293
-12.95122793	-89.93685293
-12.91075583	-89.93685293
-12.95297338	-89.89227637
-12.98488552	-89.89227637
-12.90632518	-89.35740005
-12.9217801	-89.35740005
-12.99676016	-89.40196814
-12.92898788	-89.35740005
-12.92392392	-89.37968833
-12.58323149	-83.76346579
-12.65921133	-83.71888922
-12.66890384	-83.74117751
-12.63249849	-83.71888922
-12.66055457	-83.71888922
-12.43671245	-80.46505475
-12.44355633	-80.48733455
-12.45152894	-80.44276646
-12.41014134	-80.48733455
-12.47012233	-80.46505475
-12.10054516	-75.58428608
-12.07821573	-75.58428608
-12.16203666	-75.56200627
-12.12946438	-75.56200627
-12.12603606	-75.60657436
-12.10915619	-76.69861526
-12.02576811	-76.65404719
-12.1296457	-76.69861526
-12.13117918	-76.67633548
-12.06573203	-76.65404719
-11.8527533	-71.39441168
-11.77118089	-71.3721234
-11.80203836	-71.39441168
-11.75193503	-71.43898825
-11.76926435	-71.41669997
-11.39682194	-66.44679088
-11.47853097	-66.49136321
-11.44165702	-66.44679088
-11.3985942	-66.49136321
-11.48931008	-66.46907916
-11.4147999	-66.95938316
-11.43959236	-66.89252257
-11.41701905	-66.93709488
-11.42561476	-66.91481085
-11.46759609	-66.91481085
-11.39795706	-67.71712533
-11.39577365	-67.71712533
-11.4577363	-67.71712533
-11.36869564	-67.73941361
-11.44259294	-67.73941361
-11.12224063	-62.52435041
-11.06692012	-62.56892698
-11.14134604	-62.54663869
-11.12307952	-62.52435041
-11.12250877	-62.56892698
-10.76808517	-58.57962589
-10.83996379	-58.57962589
-10.75189863	-58.62419821
-10.7928355	-58.64648649
-10.85486582	-58.60191417
-10.54256529	-55.74923058
-10.64117653	-55.72694229
-10.58874935	-55.74923058
-10.54891056	-55.77151886
-10.61272399	-55.77151886
-10.52660156	-56.75296255
-10.60280548	-56.77525083
-10.54713064	-56.73067427
-10.53496679	-56.77525083
-10.62903631	-56.75296255
-10.54514962	-57.33241543
-10.59652213	-57.33241543
-10.54733302	-57.33241543
-10.55716982	-57.37698777
-10.53523365	-57.33241543
-10.451866	-55.14832937
-10.45354058	-55.14832937
-10.40484561	-55.14832937
-10.49031814	-55.14832937
-10.43137842	-55.14832937
-10.33787135	-53.29854204
-10.3114573	-53.23168144
-10.30704964	-53.25396972
-10.31443809	-53.25396972
-10.27078218	-53.25396972
-10.00625218	-49.24238461
-9.988784325	-49.24238461
-10.02166432	-49.26466864
-9.920947559	-49.24238461
-10.02717262	-49.28695692
-9.519423131	-44.20561494
-9.594054619	-44.16104263
-9.608588926	-44.20561494
-9.550524479	-44.18333089
-9.591423045	-44.22790322
-9.496561891	-45.67653118
-9.51976724	-45.6542429
-9.605912024	-45.6542429
-9.52732296	-45.6542429
-9.546463479	-45.6542429
-9.531729985	-45.83253641
-9.546990815	-45.85482469
-9.572603652	-45.89939703
-9.487238382	-45.83253641
-9.525624759	-45.87710874
-9.198647547	-40.41689565
-9.219974021	-40.41689565
-9.154814157	-40.41689565
-9.172993212	-40.39461162
-9.2364287	-40.41689565
-8.725443693	-35.5807078
-8.702034049	-35.62528011
-8.756204762	-35.55842163
-8.744890654	-35.60299608
-8.741994774	-35.62528011
-8.322278521	-31.54683651
-8.359054161	-31.54683651
-8.32721799	-31.50226206
-8.322115086	-31.54683651
-8.292969862	-31.50226206
-8.376482433	-32.19314574
-8.326236097	-32.21543402
-8.329462042	-32.19314574
-8.289499402	-32.19314574
-8.294032834	-32.19314574
-8.287049778	-32.77259863
-8.28288663	-32.75031034
-8.364501174	-32.75031034
-8.285440317	-32.7280242
-8.303542762	-32.75031034
-7.768994251	-26.82207944
-7.826768854	-26.82207944
-7.836464563	-26.8443656
-7.798421657	-26.79979327
-7.831728113	-26.86665389
-7.331024886	-22.43162325
-7.263885276	-22.40933708
-7.377537732	-22.43162325
-7.369884334	-22.3870488
-7.297395389	-22.4539094
-7.312354246	-22.96650168
-7.34080359	-22.92192723
-7.296778035	-22.9442134
-7.3487596	-22.98878785
-7.351681018	-22.9442134
-7.257573201	-21.87445865
-7.278960964	-21.94131713
-7.20577614	-21.91903096
-7.307041939	-21.91903096
-7.293432067	-21.91903096
-6.82266443	-18.06345321
-6.756295395	-18.08573938
-6.886808566	-18.06345321
-6.872604323	-18.01887876
-6.81254417	-18.08573938
-6.780657564	-19.22235473
-6.779069809	-19.26692704
-6.871132761	-19.24464089
-6.804762449	-19.26692704
-6.814031693	-19.24464089
-6.257584043	-13.69528212
-6.291442095	-13.62842257
-6.19850259	-13.67299596
-6.291668735	-13.69528212
-6.306748892	-13.71756827
-5.644772063	-9.059672857
-5.611854406	-9.059672857
-5.696082647	-9.10424624
-5.639897714	-9.059672857
-5.641281812	-9.037385643
-5.279460506	-6.831013921
-5.314726916	-6.831013921
-5.263174051	-6.831013921
-5.293028881	-6.853300623
-5.380012231	-6.853300623
-5.262459019	-7.477325287
-5.313516788	-7.477325287
-5.334259426	-7.521898135
-5.27364257	-7.521898135
-5.291681492	-7.477325287
-5.309248301	-7.009306917
-5.310146241	-7.076166468
-5.221757725	-7.009306917
-5.282308505	-7.053879766
-5.234733644	-6.987020237
-5.28711965	-7.611044366
-5.231036864	-7.611044366
-5.248492269	-7.611044366
-5.219916198	-7.633331069
-5.262099587	-7.611044366
-3.465388012	0.055540273
-3.465388012	0.055540273
-3.460164766	0.077826864
-3.460164766	0.077826864
-3.465388012	0.055540273
-2.963979968	2.19505231
-2.95589755	2.172765764
-2.941711502	2.128192648
-3.024266122	2.19505231
-2.933789647	2.217338879
-2.465487435	3.376241307
-2.503905095	3.353954627
-2.510325062	3.376241307
-2.49154589	3.39852801
-2.501755689	3.376241307
-2.476885176	2.997369436
-2.463927611	2.975082756
-2.437491849	2.93050964
-2.454630118	2.93050964
-2.482562979	2.975082756
-2.442470899	2.660563306
-2.434410187	2.660563306
-2.4582289	2.638276871
-2.389099489	2.682849987
-2.511730228	2.593703489
-2.361886927	3.462880432
-2.289680165	3.462880432
-2.426271269	3.396020636
-2.352115246	3.440593752
-2.305932304	3.440593752
-2.143896108	4.198337762
-2.206531015	4.198337762
-2.094362251	4.198337762
-2.178323792	4.198337762
-2.075583557	4.220624175
-1.822962993	5.357240078
-1.809402918	5.379526758
-1.851734262	5.401813461
-1.855880651	5.357240078
-1.813860218	5.446386309
-1.78940468	5.245807145
-1.830803609	5.312666696
-1.746134218	5.290380527
-1.824088371	5.312666696
-1.869055758	5.290380527
-1.905051565	3.574313343
-1.820178358	3.641173161
-1.870254873	3.663459574
-1.799654539	3.618886459
-1.828313605	3.574313343
-1.84725749	3.552026663
-1.876797099	3.552026663
-1.8252578	3.552026663
-1.856993899	3.552026663
-1.793378376	3.574313343
-1.890728576	3.195441472
-1.846113438	3.240014587
-1.852807608	3.217727907
-1.843509317	3.173154791
-1.916409884	3.195441472
-1.894713125	3.284587703
-1.871511766	3.262301023
-1.863671948	3.306874405
-1.923229025	3.262301023
-1.86680213	3.262301023
-1.838142425	3.306874405
-1.960768536	3.329160818
-1.884394635	3.351447521
-1.885197929	3.329160818
-1.86384943	3.306874405
-1.852619593	3.440593752
-1.823869712	3.418307316
-1.944572577	3.396020636
-1.84441412	3.462880432
-1.868033645	3.418307316
-1.832364071	3.485166867
-1.90862912	3.507453547
-1.920349743	3.485166867
-1.854693825	3.485166867
-1.900732643	3.507453547
-1.867446137	3.596599778
-1.876055253	3.507453547
-1.850087773	3.552026663
-1.93898543	3.485166867
-1.906953264	3.507453547
-1.871423504	3.488788587
-1.925944392	3.577934818
-1.881993053	3.600221521
-1.89891777	3.577934818
-1.890692505	3.577934818
-1.883016443	4.424825081
-1.852113325	4.536257993
-1.907490176	4.51397129
-1.850603138	4.536257993
-1.891073164	4.536257993
-1.941408559	2.530465435
-1.97740309	2.57503855
-1.948961566	2.530465435
-1.874463189	2.57503855
-2.008500767	2.597325231
-1.963942608	2.441319204
-1.913085303	2.463605639
-1.908167382	2.419032524
-2.007325273	2.485892319
-1.93031343	2.530465435
-1.750243259	4.915130131
-1.805867658	4.9374163
-1.867012968	4.95970298
-1.780537642	4.95970298
-1.777846695	4.95970298
-1.563882879	6.720343013
-1.506852037	6.764916395
-1.588595223	6.742629693
-1.498522391	6.698056844
-1.515152636	6.698056844
-1.161783792	8.74842225
-1.124842961	8.74842225
-1.150028694	8.74842225
-1.115271266	8.74842225
-1.200543327	8.72613557
-0.668184282	11.24451935
-0.700085892	11.24451935
-0.712513806	11.24451935
-0.665823319	11.24451935
-0.697737059	11.24451935
-0.651679607	10.62049519
-0.719588715	10.66506858
-0.644969437	10.50906228
-0.725705273	10.59820905
-0.656719467	10.62049519
-0.350927718	13.3171725
-0.293806081	13.29488529
-0.265928523	13.29488529
-0.320832304	13.29488529
-0.323433293	13.22802574
0.113157101	15.56811705
0.160472792	15.59040322
0.100507494	15.61269043
0.130555068	15.61269043
0.132174773	15.65726381
0.523874102	17.81906267
0.420660996	17.7744893
0.549676869	17.863635
0.498853321	17.81906267
0.456872351	17.81906267
0.905555348	20.04772107
0.829902226	20.00314664
0.886646177	20.00314664
0.885808408	20.00314664
0.883425659	20.02543492
1.263281658	22.03122748
1.164235411	22.0089392
1.214042912	22.05351363
1.226471225	22.05351363
1.220224269	21.96436686
1.232777634	21.16205027
1.214328924	21.13976412
1.253453237	21.13976412
1.14111992	21.13976412
1.275288055	21.13976412
1.56071152	24.34903051
1.626437026	24.3044582
1.591974388	24.32674434
1.645071436	24.3044582
1.531392166	24.3044582
1.931610543	26.62226334
1.967040549	26.62226334
1.895941129	26.55540274
1.971606541	26.59997719
2.008052754	26.59997719
2.335487076	28.96235465
2.377233466	29.00692699
2.270304068	28.98464082
2.373739065	28.98464082
2.372679604	29.02921314
2.73127337	31.43616505
2.786589093	31.39159273
2.790269912	31.39159273
2.691710382	31.39159273
2.742246561	31.39159273
2.812354513	30.50012938
2.718491531	30.50012938
2.839064796	30.50012938
2.767586792	30.45555495
2.789351862	30.50012938
3.083920877	33.33052469
3.005377141	33.30823853
3.080260806	33.30823853
3.10887997	33.2636641
3.070997946	33.33052469
3.368652772	35.62604369
3.473063436	35.53689693
3.421133902	35.5591831
3.429064376	35.53689693
3.414418345	35.5591831
3.824579979	37.74326916
3.784308662	37.72098088
3.807619351	37.74326916
3.816730904	37.72098088
3.782290931	37.72098088
4.202041657	40.01649988
4.216852081	39.9942116
4.126306338	40.01649988
4.190321194	39.9942116
4.128854279	39.9942116
4.597408509	42.08915306
4.620850074	42.13372537
4.503133426	42.13372537
4.572556989	42.20058597
4.52778895	42.15601365
4.942119158	44.36238377
4.926361954	44.34009549
4.868909115	44.36238377
4.980040445	44.38467205
4.895935737	44.36238377
5.005983026	43.00290045
5.015932189	42.98061641
5.005907693	42.9360441
4.946877314	43.00290045
5.010877486	42.98061641
4.996895095	44.76354313
5.132208877	44.78582716
5.076414339	44.69668253
5.143326032	44.76354313
5.046536845	44.80811544
5.370388025	46.90305265
5.283166543	46.83619628
5.365218725	46.88076859
5.362704621	46.88076859
5.365513037	46.90305265
5.690211722	48.9757058
5.644914431	48.95342175
5.69497754	48.93113349
5.706039471	48.95342175
5.710224963	48.95342175
6.06975657	51.09293127
6.057712746	51.04835896
5.992982539	51.11521955
6.056312049	51.09293127
6.074722214	51.02607068
6.360944504	53.34387796
6.386151305	53.32158968
6.409933149	53.36616199
6.371209047	53.32158968
6.392877715	53.32158968
6.424068442	53.23244502
6.394680618	53.23244502
6.399378124	53.23244502
6.35027584	53.16558443
6.420903148	53.21015674
6.44424895	52.49698692
6.403106506	52.49698692
6.417840639	52.40784229
6.363616298	52.5192752
6.41609711	52.4524146
6.753807466	55.63939696
6.801158559	55.63939696
6.712369433	55.61710867
6.808648522	55.57253636
6.733317323	55.63939696
6.812432447	53.0708656
6.729962418	53.09315388
6.780058724	53.04858156
6.831523168	53.11543791
6.809390367	53.09315388
7.007742859	55.96812151
6.948186421	55.9235492
6.935701448	55.96812151
6.971532223	55.9235492
6.961452822	55.9235492
7.157568923	57.99620235
7.248589332	57.99620235
7.105485848	58.01848641
7.214160531	57.99620235
7.14080844	57.97391407
7.491488331	60.09113956
7.391341046	60.02427896
7.506675105	60.04656725
7.431142804	60.13571188
7.43745424	60.06885553
7.71841019	62.31979796
7.757062151	62.29751391
7.796311674	62.20836503
7.728958192	62.23065331
7.757152168	62.23065331
8.093756778	64.54845634
8.015324766	64.57074462
8.104345639	64.54845634
8.063039121	64.54845634
8.070262223	64.54845634
8.361205642	66.6211095
8.400637115	66.64339778
8.31734863	66.64339778
8.410209609	66.64339778
8.43529894	66.59882122
8.461830466	65.17248154
8.342128965	65.15019326
8.439356748	65.15019326
8.388369205	65.10562094
8.441408635	65.12790922
8.709775549	69.13949434
8.754400583	69.16177837
8.738819903	69.13949434
8.702099806	69.09492203
8.710668063	69.09492203
9.047169887	71.1452869
9.025972373	71.16757093
9.051996354	71.16757093
8.964118894	71.21214327
9.016929769	71.1452869
9.028767383	69.67437066
9.08638302	69.65208663
9.016526925	69.65208663
9.046422295	69.65208663
9.038251136	69.60751006
9.381725801	73.35165702
9.326717479	73.41851337
9.373192019	73.32936874
9.452764891	73.35165702
9.319762514	73.35165702
9.641023936	75.6026037
9.62726212	75.6026037
9.698596798	75.62489198
9.605793277	75.58031542
9.687605093	75.55802714
9.938972755	77.83126211
9.938643968	77.83126211
9.922578088	77.78668554
10.01914638	77.78668554
9.935184999	77.78668554
10.2825534	80.32735442
10.18095881	80.32735442
10.29923855	80.28278633
10.23105576	80.28278633
10.28080157	80.26049805
10.62160508	82.46686817
10.46210756	82.44457989
10.55802531	82.42230008
10.54794527	82.42230008
10.54102988	82.44457989
10.63178279	80.61708509
10.6025948	80.5947968
10.5218185	80.5947968
10.61841042	80.57250852
10.52551241	80.5947968
10.86266223	84.40580436
10.95353899	84.38351608
10.98477952	84.38351608
10.85927732	84.42809264
10.97875793	84.36122782
11.2711346	86.50074157
11.1592959	86.50074157
11.25416152	86.50074157
11.24893413	86.52302985
11.19911426	86.47845328
11.47213782	88.88540944
11.5043679	88.88540944
11.57624268	88.88540944
11.50592564	88.86312116
11.54268852	88.86312116
11.68628997	88.57339047
11.5490689	88.59567875
11.66407034	88.61796704
11.6795227	88.61796704
11.55712834	88.59567875
11.71986711	87.28077201
11.58904686	87.28077201
11.68678411	87.28077201
11.63452291	87.30306029
11.66323529	87.30306029
11.75909429	89.28656457
11.82847796	89.26427629
11.71147059	89.24198801
11.82078242	89.24198801
11.82646948	89.26427629
12.00651587	91.18092419
12.00669718	91.18092419
11.92004422	91.18092419
11.97037865	91.20321247
11.96051249	91.18092419
12.22284759	93.29814968
12.27181836	93.34272625
12.23077934	93.2758614
12.25041847	93.2758614
12.34425879	93.29814968
12.48905664	95.41537515
12.58219214	95.45995172
12.53183855	95.43766344
12.55538737	95.41537515
12.57094188	95.45995172
12.6351224	93.29814968
12.62824532	93.29814968
12.56173967	93.29814968
12.6307556	93.29814968
12.57130833	93.29814968
12.90166471	96.70799364
12.91062176	96.66342555
12.85455174	96.66342555
12.9432068	96.66342555
12.88710997	96.66342555
13.12462835	98.20119816
13.10662869	98.22348644
13.08604343	98.17890988
13.10000698	98.15662159
13.1278626	98.17890988
13.34186791	99.80583559
13.41909267	99.8281154
13.35866223	99.80583559
13.40033201	99.78354731
13.34486594	99.8281154
13.38553978	97.77775475
13.42668605	97.77775475
13.40828802	97.84461112
13.39927989	97.80004303
13.49097128	97.80004303
13.81130444	101.8561962
13.83551977	101.833908
13.76380842	101.833908
13.87057295	101.8561962
13.73277858	101.8116281
13.83825987	96.4845763
13.91725306	96.43999974
13.88176575	96.4845763
13.86697608	96.4845763
13.91971098	96.4845763
13.84390225	96.66286558
13.93154349	96.66286558
13.88250505	96.66286558
13.82437931	96.68515386
13.88028206	96.68515386
13.89356506	93.74332139
13.82896956	93.69875332
13.78796757	93.7210416
13.84032453	93.74332139
13.82773103	93.74332139
13.51007413	88.7065602
13.64320675	88.72884
13.67262777	88.7065602
13.50050164	88.7065602
13.64324122	88.7065602
13.64870356	88.88484948
13.57162053	88.88484948
13.57782982	88.88484948
13.64768591	88.88484948
13.5095136	88.8625612
13.3530173	84.56125389
13.41936591	84.53896561
13.42300619	84.58354217
13.36277494	84.53896561
13.43106562	84.58354217
13.12135325	80.10393708
13.20450384	80.0816488
13.19808131	80.10393708
13.12688964	80.10393708
13.18883825	80.10393708
12.95148585	75.86948612
12.93624035	75.84719784
12.88324624	75.8026213
12.9422862	75.84719784
12.92681341	75.86948612
12.9073607	77.38497045
12.97379741	77.3181141
12.83841372	77.34040236
12.90541352	77.34040236
12.93389351	77.38497045
12.63265043	71.1224429
12.52057552	71.16701522
12.60875814	71.14472693
12.60691949	71.14472693
12.53833768	71.1893035
12.36062153	67.06628547
12.31906539	67.11085778
12.33418322	67.11085778
12.31262372	67.1554301
12.31520677	67.11085778
12.33079575	67.60116179
12.3112294	67.55658947
12.33723743	67.55658947
12.31323277	67.55658947
12.30147688	67.55658947
12.00306456	62.58668038
12.05680179	62.58668038
11.98825318	62.60896867
12.06170997	62.5643921
12.09556037	62.60896867
11.74861907	57.88420948
11.68897006	57.90649776
11.69576542	57.86192544
11.72645307	57.88420948
11.69155184	57.86192544
11.5621093	56.12357104
11.63346569	56.12357104
11.56495411	56.12357104
11.54937407	56.10128276
11.59097745	56.12357104
11.58787983	57.08273071
11.49703754	57.08273071
11.61035227	57.10501474
11.53430732	57.08273071
11.58564152	57.12730302
11.57447808	58.13019929
11.54240889	58.13019929
11.53222351	58.08562697
11.4780994	58.13019929
11.5992016	58.10791101
11.18369637	53.62831019
11.32821715	53.67288251
11.24159739	53.65059422
11.30705603	53.67288251
11.27636966	53.65059422
11.01093693	49.79501858
11.00233356	49.81730264
11.06360033	49.8395909
11.01191882	49.81730264
11.02349596	49.81730264
10.56394603	44.49081076
10.63146167	44.46852248
10.59204296	44.44623844
10.61000496	44.44623844
10.54143784	44.49081076
10.61291744	45.11483596
10.54461909	45.09254767
10.63216776	45.04797536
10.56358468	45.09254767
10.66168519	45.07025939
10.29057644	41.25925609
10.37608089	41.23696781
10.28272769	41.23696781
10.37215587	41.28154012
10.32134326	41.23696781
10.32226131	42.84160099
10.28120952	42.77474464
10.35160955	42.75245636
10.27843494	42.73016808
10.32151308	42.77474464
10.13716181	40.21178748
10.18149125	40.21178748
10.07671158	40.21178748
10.19127698	40.1894992
10.12675171	40.21178748
9.79816312	35.46474424
9.705809686	35.46474424
9.767902573	35.48703041
9.821891336	35.55388889
9.786714943	35.48703041
9.342869546	31.0297136
9.435201273	31.05199977
9.298539463	31.0297136
9.411821635	31.07428594
9.359793465	31.05199977
8.919863507	26.79526266
9.021764536	26.81754881
8.898936685	26.75068821
8.986499403	26.81754881
9.004840618	26.79526266
8.511993807	22.33794586
8.486807435	22.33794586
8.444318561	22.33794586
8.474887465	22.33794586
8.453291577	22.40480434
8.537847967	22.93968278
8.411540079	22.96196894
8.450652342	22.96196894
8.456507945	22.98425723
8.4615336	22.98425723
8.273370956	21.66934835
8.378167866	21.78078126
8.312809452	21.80306743
8.399775246	21.93678651
8.296409677	21.89221419
8.289669222	22.85053601
8.355104246	22.89511046
8.384183713	22.87282429
8.262300725	22.85053601
8.323299358	22.93968278
8.016696095	18.43779366
7.938304304	18.41550751
7.948549056	18.41550751
7.901835746	18.43779366
7.956066471	18.43779366
7.403401469	13.55703135
7.450387385	13.57931752
7.334453849	13.62389088
7.425530439	13.57931752
7.368739005	13.60160473
6.711678023	8.832275876
6.795805394	8.832275876
6.70430936	8.809989174
6.786705332	8.854562022
6.687021541	8.809989174
6.436328691	6.781909936
6.34306806	6.826483318
6.418990436	6.804196616
6.381047762	6.804196616
6.382687868	6.826483318
5.933000912	3.795507791
5.881979533	3.773221088
5.880997641	3.750934408
5.851281668	3.750934408
5.859237039	3.817794204
5.235460807	0.78681881
5.261628751	0.809105378
5.251473059	0.742245627
5.243026422	0.78681881
5.296927721	0.78681881
5.259832233	1.722855282
5.162075198	1.745141984
5.25214819	1.700568735
5.186223177	1.767428531
5.247074334	1.722855282
5.223541794	1.745141984
5.175462581	1.7897151
5.1496247	1.767428531
5.20719852	1.7897151
5.186600804	1.745141984
5.150729169	1.834288215
5.095516871	1.812001646
5.188343056	1.834288215
5.117186816	1.812001646
5.133095645	1.834288215
5.068644109	2.057154038
5.197607831	2.057154038
5.078908971	2.034867491
5.165163244	2.07944074
5.035726771	2.057154038
5.078129777	2.2354469
5.108863075	2.2354469
5.13972693	2.257733336
5.13901924	2.280020016
5.092506075	2.280020016
5.097985328	2.324593131
5.09530715	2.324593131
5.152866924	2.346879834
5.065575855	2.324593131
5.11629143	2.324593131
5.102915539	2.280020016
5.071831429	2.302306451
5.111217574	2.346879834
5.082844521	2.346879834
5.107922042	2.302306451
5.039643168	2.257733336
5.084185526	2.2354469
5.086828591	2.257733336
5.1001649	2.21316022
5.085991301	2.257733336
5.04109877	2.302306451
5.146021768	2.324593131
5.013693883	2.324593131
5.103225174	2.302306451
5.061716915	2.324593131
5.098797082	2.2354469
5.016003692	2.2354469
5.071393152	2.257733336
5.065406354	2.21316022
5.063331803	2.257733336
4.986299849	2.48059918
5.019416056	2.458312745
5.041512148	2.50288586
5.009315587	2.48059918
4.979584931	2.48059918
4.942861323	2.569745656
5.053518943	2.569745656
4.98140954	2.614318772
5.058619932	2.636605207
4.947324209	2.614318772
4.970344735	2.725751705
5.026724068	2.748038118
5.039802454	2.770324821
5.056385137	2.792611501
4.970384317	2.814897936
5.042464353	2.904044434
5.001886275	2.859471052
5.056334382	2.94861755
4.980159829	2.904044434
5.045121145	2.926330847
5.0413535	2.859471052
4.983381305	2.881757732
5.01276881	2.881757732
4.920746717	2.881757732
5.033093282	2.881757732
4.997393064	2.94861755
5.019250066	2.926330847
4.984432147	2.859471052
4.983221061	2.993190665
4.983489517	2.926330847
5.019177286	3.104623577
5.018560252	3.060050461
4.942165762	3.060050461
5.027859501	3.015477345
5.031330919	3.060050461
5.050006028	3.149196692
4.958821863	3.149196692
4.98653415	3.149196692
5.001076118	3.193769808
5.04638107	3.104623577
4.979549818	3.216056488
5.072912915	3.104623577
4.930306123	3.126910257
5.009336974	3.171483372
4.962680803	3.149196692
4.988049763	3.260629603
5.039511334	3.327489421
4.979423729	3.305202719
5.022380886	3.216056488
4.986772601	3.216056488
5.041096535	3.394349217
5.00763207	3.305202719
4.959078828	3.327489421
5.014017882	3.305202719
5.024240608	3.327489421
5.00508381	3.327489421
5.047338383	3.372062537
4.975330808	3.349776101
5.015437093	3.372062537
5.016509641	3.327489421
5.010711177	3.505782128
4.975115979	3.505782128
5.061026781	3.550355244
4.917685166	3.505782128
5.017061557	3.528068564
4.991806236	3.572641946
4.926527944	3.550355244
4.98441874	3.572641946
5.027484428	3.528068564
5.012095914	3.594928359
4.979157827	3.617215062
4.999708619	3.684074857
4.940341792	3.639501475
5.025470847	3.639501475
4.977378226	3.684074857
4.970901439	3.750934408
5.009821856	3.661788177
5.032219282	3.617215062
4.967406719	3.728647973
4.958104597	3.661788177
5.03485756	3.685746276
4.979308494	3.774892508
5.044559653	3.70803269
4.945622816	3.730319392
5.06817838	3.752606072
5.025421369	3.819465623
4.992346979	3.70803269
4.978977473	3.774892508
4.989387256	3.774892508
4.997539262	3.70803269
4.303913319	0.342758651
4.303913319	0.342758651
4.299319876	0.32047206
4.303913319	0.342758651
4.308507082	0.365045242
2.87072604	-6.610655739
2.834062125	-6.566082357
2.823944419	-6.543795654
2.831437573	-6.610655739
2.866662806	-6.588369037
2.767346426	-5.808338614
2.822210466	-5.786051911
2.858999831	-5.786051911
2.828088413	-5.786051911
2.760631189	-5.808338614
2.625032191	-6.744374819
2.665640914	-6.72208865
2.658015127	-6.788948201
2.620335164	-6.744374819
2.630276346	-6.766661499
2.064428895	-8.90617367
2.030317709	-8.88388699
2.08865125	-8.928459839
2.089727789	-8.861600288
2.088507765	-8.839314142
1.534064599	-11.06797252
1.467188338	-11.04568531
1.541821262	-11.09025869
1.449391058	-11.04568531
1.519287852	-11.06797252
1.001507565	-13.36349048
1.011243813	-13.36349048
1.031528144	-13.34120431
1.007650138	-13.31891709
1.000768911	-13.31891709
0.552711527	-15.43614256
0.554717208	-15.43614256
0.563451015	-15.43614256
0.548635484	-15.41385642
0.543812807	-15.43614256
0.113072071	-17.88766681
0.17760744	-17.82080833
0.136503302	-17.84309447
0.161220374	-17.86538064
0.147928475	-17.84309447
-0.240260103	-20.02717845
-0.341484266	-20.04946673
-0.232745242	-20.00489228
-0.290175517	-20.00489228
-0.160195767	-20.00489228
-0.252727619	-19.38086919
-0.250504675	-19.40315536
-0.327117066	-19.38086919
-0.2510528	-19.38086919
-0.317380837	-19.38086919
-0.665957548	-21.98839867
-0.550931926	-21.98839867
-0.607055931	-21.96611252
-0.532118718	-21.98839867
-0.670489384	-21.98839867
-0.612201369	-21.27522884
-0.559342094	-21.25294056
-0.610893682	-21.25294056
-0.617406182	-21.27522884
-0.603506266	-21.25294056
-0.960755197	-24.3953506
-1.002610039	-24.37306232
-0.923041397	-24.35077615
-1.00546538	-24.37306232
-1.038409452	-24.35077615
-1.364557912	-26.60172072
-1.33214788	-26.60172072
-1.332070072	-26.64629515
-1.384460547	-26.64629515
-1.317740938	-26.57943455
-1.717792128	-28.91952586
-1.680851457	-28.91952586
-1.674835291	-28.89723972
-1.663093281	-28.89723972
-1.719467506	-28.91952586
-1.985590368	-31.01446519
-2.000483947	-30.94760459
-2.021733332	-30.99217902
-2.060857724	-30.99217902
-1.983776453	-30.99217902
-2.117533444	-29.58812338
-2.020432069	-29.61040955
-2.058632665	-29.56583723
-2.045328118	-29.58812338
-2.020385624	-29.54355106
-2.46514572	-33.39912882
-2.401798813	-33.4214171
-2.458325621	-33.46598941
-2.378835585	-33.39912882
-2.454531162	-33.4214171
-2.454489665	-32.61909839
-2.467717282	-32.64138667
-2.405715529	-32.66367282
-2.46412217	-32.68595899
-2.402898494	-32.64138667
-2.76699721	-35.62778722
-2.707628468	-35.5832149
-2.735808717	-35.60550318
-2.683483362	-35.56092873
-2.708543326	-35.53864259
-3.009682656	-37.78958502
-3.055523883	-37.78958502
-3.025805995	-37.78958502
-3.038969929	-37.74501269
-2.98859974	-37.74501269
-3.394998517	-39.79537758
-3.354237531	-39.77309353
-3.374178949	-39.79537758
-3.355787618	-39.75080524
-3.355609179	-39.75080524
-3.676130352	-42.06861253
-3.68915575	-42.11318486
-3.67274161	-42.09089658
-3.664033859	-42.06861253
-3.710519891	-42.09089658
-3.99936354	-44.25269436
-4.009072656	-44.27498265
-3.991070763	-44.29727093
-4.00537843	-44.27498265
-4.044365242	-44.25269436
-4.056563245	-43.36123101
-4.001686118	-43.33894697
-4.04585053	-43.33894697
-3.946604377	-43.33894697
-4.08913807	-43.36123101
-4.144625528	-44.83214725
-4.114400094	-44.83214725
-4.140853414	-44.87671956
-4.191936401	-44.85443553
-4.140258405	-44.83214725
-4.176098118	-43.85153926
-4.199200362	-43.89611158
-4.149363574	-43.87382329
-4.141668359	-43.85153926
-4.122667335	-43.87382329
-4.35324352	-46.88251212
-4.456488427	-46.9048004
-4.440061519	-46.88251212
-4.430630116	-46.9048004
-4.376753715	-46.88251212
-4.664768374	-48.86602064
-4.606625721	-48.88830468
-4.729916428	-48.86602064
-4.653380848	-48.84373236
-4.676462982	-48.79916005
-4.977439196	-51.05010248
-4.934810188	-51.02781845
-5.019076096	-51.05010248
-4.956745078	-51.07239076
-5.016298962	-51.00553017
-5.265836269	-53.18961623
-5.215143358	-53.27876089
-5.337965464	-53.23418855
-5.232843597	-53.23418855
-5.31194276	-53.23418855
-5.25823171	-52.07528703
-5.269945789	-52.09757531
-5.274226406	-52.05299875
-5.314109882	-52.09757531
-5.308311098	-52.05299875
-5.631357548	-55.59656817
-5.671609393	-55.6188522
-5.604522772	-55.57427988
-5.646503462	-55.57427988
-5.591295314	-55.55199583
-5.895447037	-57.71379363
-5.934231789	-57.71379363
-5.933734459	-57.71379363
-5.922143276	-57.71379363
-5.913957434	-57.69150535
-5.977721709	-55.50797923
-5.963592161	-55.53026329
-5.9693686	-55.48569097
-5.960366855	-55.55255157
-5.902590975	-55.55255157
-6.144283995	-58.16008104
-6.129572208	-58.11550873
-6.118630938	-58.13779701
-6.157285452	-58.11550873
-6.07261223	-58.13779701
-6.356513858	-60.99047636
-6.366630925	-60.96819232
-6.412880103	-60.92361999
-6.349369281	-60.94590404
-6.404312485	-60.92361999
-6.568502397	-62.34995966
-6.581630261	-62.32767138
-6.545031464	-62.32767138
-6.552213069	-62.34995966
-6.539866633	-62.30538735
-6.814031693	-64.53404575
-6.805160186	-64.51175747
-6.795967553	-64.48947344
-6.817198264	-64.44489687
-6.786093724	-64.46718515
-6.844917892	-62.77340307
-6.859099152	-62.72883076
-6.765691046	-62.75111904
-6.908262086	-62.75111904
-6.877100088	-62.70654672
-7.199172306	-66.74041587
-7.185312811	-66.69584356
-7.186110838	-66.71813184
-7.231357056	-66.67355528
-7.19206795	-66.67355528
-7.288910127	-65.55922607
-7.209073587	-65.60380264
-7.230945274	-65.58151436
-7.211294018	-65.58151436
-7.201354431	-65.60380264
-7.505656184	-69.01364659
-7.533574361	-68.99136256
-7.492087809	-68.99136256
-7.474835103	-68.96907427
-7.53524958	-68.99136256
-7.861087209	-71.04172743
-7.794759032	-71.04172743
-7.801816783	-71.04172743
-7.808940292	-70.99715511
-7.747332605	-71.08629974
-8.045016479	-73.40410702
-8.141446873	-73.38181874
-8.140976356	-73.35953046
-8.072161528	-73.33724218
-8.12297542	-73.38181874
-8.438330804	-75.67733349
-8.390880117	-75.63276543
-8.397635895	-75.61047714
-8.399984648	-75.61047714
-8.331597562	-75.63276543
-8.41116788	-74.09499282
-8.387718653	-74.16184919
-8.445050192	-74.11727262
-8.472049681	-74.13956091
-8.415595334	-74.16184919
-8.795751151	-77.79455896
-8.787234607	-77.77227918
-8.77299142	-77.74999089
-8.766950036	-77.74999089
-8.69772598	-77.77227918
-9.075592417	-80.24608321
-9.125497197	-80.22380342
-9.093227538	-80.24608321
-9.073781215	-80.22380342
-9.057356542	-80.20151514
-9.350212033	-82.29645233
-9.366003392	-82.29645233
-9.331247719	-82.29645233
-9.356517723	-82.34102889
-9.365333049	-82.29645233
-9.441895124	-82.18501942
-9.393388487	-82.27416405
-9.396054536	-82.18501942
-9.373080296	-82.16273114
-9.405031383	-82.14044285
-9.436182527	-80.42438096
-9.413406197	-80.49123733
-9.466865709	-80.44666925
-9.475141569	-80.42438096
-9.42865426	-80.40209268
-9.62293809	-82.63075108
-9.590303892	-82.56389474
-9.600139415	-82.6084628
-9.655284998	-82.56389474
-9.623101526	-82.63075108
-9.84697556	-84.52511073
-9.767482492	-84.45825436
-9.847012589	-84.50282245
-9.795157431	-84.48053417
-9.796972463	-84.50282245
-10.03071458	-86.50861501
-10.09012546	-86.53090329
-10.0510298	-86.50861501
-10.05943079	-86.50861501
-10.03827222	-86.50861501
-10.35523642	-88.84870632
-10.33723357	-88.8709946
-10.28181283	-88.8709946
-10.42397656	-88.91557117
-10.35879179	-88.82641804
-10.33125986	-87.26635717
-10.38717985	-87.26635717
-10.3077902	-87.24407736
-10.38070625	-87.22178908
-10.37377555	-87.24407736
-10.38042471	-86.35261401
-10.42469286	-86.39718207
-10.36070961	-86.39718207
-10.39577109	-86.41947036
-10.4310624	-86.39718207
-10.76570514	-91.27794229
-10.79142587	-91.25566248
-10.78292848	-91.32251883
-10.75583131	-91.25566248
-10.78168994	-91.25566248
-11.08093603	-93.55117723
-11.02277454	-93.48432088
-11.0086335	-93.50660067
-11.09820661	-93.4620326
-11.06206046	-93.48432088
-11.09102437	-90.94364351
-11.09924979	-90.94364351
-11.06932825	-90.96593179
-11.10022785	-90.96593179
-11.17175917	-90.96593179
-11.2991728	-93.6180336
-11.30039474	-93.59575379
-11.25904928	-93.6180336
-11.33833486	-93.59575379
-11.30868656	-93.55117723
-11.53076918	-95.40096031
-11.52660667	-95.37868051
-11.49974572	-95.37868051
-11.53385531	-95.35639222
-11.53954365	-95.37868051
-11.81518219	-97.83020475
-11.84514714	-97.78562819
-11.8040047	-97.78562819
-11.81242931	-97.76333991
-11.86441343	-97.80791647
-11.92674254	-96.02498976
-11.87506614	-96.00270148
-11.81661991	-96.00270148
-11.88161506	-96.00270148
-11.81951324	-95.9804132
-12.28625818	-99.94743022
-12.27846305	-99.99199831
-12.30352238	-99.96971003
-12.22244156	-99.94743022
-12.33562733	-99.94743022
-12.29955012	-98.16450351
-12.35379425	-98.16450351
-12.2879334	-98.18678332
-12.27238145	-98.14221523
-12.3728971	-98.18678332
-12.72020102	-102.2875215
-12.6594501	-102.2652333
-12.7749827	-102.2652333
-12.73602366	-102.2652333
-12.70163317	-102.242945
-12.95104917	-103.691573
-12.95229793	-103.6469964
-12.92913088	-103.6469964
-13.00046045	-103.6692847
-12.96264546	-103.58014
-13.0245315	-102.1760886
-13.02907579	-102.1760886
-12.96895179	-102.1760886
-12.99511814	-102.1983684
-12.94870744	-102.1315121
-13.23576096	-104.9173351
-13.1818603	-104.9173351
-13.21950802	-104.8950468
-13.2573179	-104.8727585
-13.21971615	-104.8727585
-13.29672001	-103.6692847
-13.24460437	-103.6024283
-13.26300624	-103.6469964
-13.2468197	-103.58014
-13.23802225	-103.6247166
-13.24918952	-103.1566966
-13.30029262	-103.223553
-13.25643816	-103.1344084
-13.24924698	-103.223553
-13.26762203	-103.1789849
-13.20953587	-103.067552
-13.27025105	-103.1121201
-13.30688879	-103.0898318
-13.27649736	-103.0898318
-13.24052231	-103.1121201
-13.36822706	-100.4357786
-13.39693944	-100.4357786
-13.3769977	-100.4134988
-13.38542742	-100.3912105
-13.41141245	-100.4134988
-13.35871202	-100.5026434
-13.39971785	-100.4803552
-13.33281637	-100.5249317
-13.38310101	-100.4803552
-13.3844468	-100.4803552
-13.36399177	-97.98425436
-13.3686165	-98.02883093
-13.38041198	-98.00654264
-13.36663611	-98.00654264
-13.37046154	-98.02883093
-13.15541943	-92.99206124
-13.10369961	-92.99206124
-13.10651378	-93.01434952
-13.12902325	-93.01434952
-13.15290277	-92.99206124
-12.95527935	-88.80218684
-12.88227457	-88.77989856
-12.92421759	-88.80218684
-12.86086829	-88.82447512
-12.91258427	-88.82447512
-12.90219332	-89.02505269
-12.91556825	-88.95818784
-12.87964044	-88.95818784
-12.90344207	-88.98047612
-12.91438207	-88.95818784
-12.63611706	-84.90203466
-12.71738814	-84.90203466
-12.67351452	-84.92432294
-12.66688005	-84.87974638
-12.7008594	-84.94660273
-12.36835282	-79.97669791
-12.44300857	-80.02127447
-12.3448423	-79.97669791
-12.39437488	-79.97669791
-12.41314831	-79.99898619
-12.36951602	-81.64819171
-12.35104265	-81.64819171
-12.4166941	-81.64819171
-12.35104265	-81.64819171
-12.3236965	-81.62590343
-11.97027523	-75.38565991
-12.04496417	-75.40794819
-12.03622929	-75.40794819
-12.02545401	-75.43023647
-12.03333852	-75.43023647
-11.78078275	-71.57465236
-11.81638242	-71.57465236
-11.74505157	-71.55237255
-11.77927352	-71.57465236
-11.81050256	-71.57465236
-11.4100743	-66.67160811
-11.42321685	-66.64931983
-11.37645885	-66.69389217
-11.45154744	-66.67160811
-11.39148218	-66.64931983
-11.40258178	-67.0504792
-11.34544688	-67.07276324
-11.4468742	-67.07276324
-11.3812585	-67.0504792
-11.40274905	-67.0504792
-11.11443912	-62.48172949
-11.08773139	-62.48172949
-11.07927358	-62.5263018
-11.10083308	-62.48172949
-11.09757968	-62.5263018
-10.80807718	-58.26956256
-10.71543582	-58.24727853
-10.76468749	-58.31413912
-10.82131932	-58.29185084
-10.72529688	-58.26956256
-10.743271	-59.82962345
-10.70023692	-59.85191173
-10.75364025	-59.85191173
-10.73974181	-59.82962345
-10.7391302	-59.89648405
-10.45680803	-55.35002261
-10.43605741	-55.3054503
-10.4963442	-55.3054503
-10.40162925	-55.3054503
-10.44807378	-55.35002261
-10.3902181	-56.13005306
-10.4167509	-56.13005306
-10.36868541	-56.15233709
-10.40609564	-56.17462537
-10.40009256	-56.15233709
-10.33725145	-53.32194177
-10.28610813	-53.27736946
-10.31586432	-53.25508118
-10.26306622	-53.29965774
-10.27569803	-53.27736946
-10.00334289	-49.73380429
-10.02479258	-49.75608833
-9.96750254	-49.77837661
-10.01466785	-49.68922773
-9.963848215	-49.75608833
-9.580993789	-44.49645706
-9.515810941	-44.5187411
-9.545155991	-44.54102938
-9.553178397	-44.56331341
-9.536423022	-44.54102938
-9.549324246	-45.0759057
-9.541202885	-45.0090451
-9.577442888	-45.03133338
-9.611998097	-45.05362167
-9.535932076	-45.05362167
-9.509195616	-46.01194137
-9.509992367	-46.03422965
-9.4839952	-46.01194137
-9.532997251	-46.03422965
-9.569138938	-46.01194137
-9.158847066	-40.2620061
-9.08437263	-40.21742954
-9.141596275	-40.23971782
-9.149864474	-40.21742954
-9.140925294	-40.23971782
-8.702538402	-35.47038843
-8.698337588	-35.47038843
-8.725805678	-35.51496288
-8.667780813	-35.47038843
-8.668783135	-35.47038843
-8.2815236	-31.16907901
-8.229134722	-31.16907901
-8.271073915	-31.19136516
-8.338076265	-31.19136516
-8.280482335	-31.19136516
-8.217238373	-32.39484112
-8.279543216	-32.39484112
-8.199110391	-32.39484112
-8.205151775	-32.39484112
-8.270136712	-32.39484112
-7.779129194	-26.73404837
-7.752092038	-26.73404837
-7.775273127	-26.73404837
-7.816171694	-26.77862069
-7.820665543	-26.80090683
-7.3459365	-22.29901774
-7.282247559	-22.32130388
-7.257570009	-22.32130388
-7.300691559	-22.34359005
-7.351940217	-22.32130388
-7.284388186	-22.96761525
-7.259978136	-23.01218756
-7.307202822	-22.98990142
-7.364124494	-22.98990142
-7.267568969	-22.98990142
-6.855257769	-18.19828586
-6.839505354	-18.17599969
-6.851095899	-18.17599969
-6.81129861	-18.17599969
-6.850726891	-18.19828586
-6.318752496	-13.60724997
-6.213667019	-13.58496383
-6.273787184	-13.58496383
-6.280504018	-13.58496383
-6.294977036	-13.56267659
-6.213232893	-14.89987164
-6.246215031	-14.85529825
-6.227580142	-14.85529825
-6.259768722	-14.87758547
-6.193250296	-14.89987164
-5.661663422	-9.551091475
-5.679929303	-9.573378711
-5.637276993	-9.573378711
-5.715788808	-9.617951026
-5.660621518	-9.573378711
-5.243574507	-6.854415237
-5.266387865	-6.876701405
-5.303939825	-6.809841876
-5.226081116	-6.876701405
-5.254366705	-6.832128557
-5.239549259	-7.478439388
-5.298490897	-7.478439388
-5.245922622	-7.478439388
-5.223059467	-7.500726068
-5.280857372	-7.478439388
-3.244111077	-0.012433803
-3.262350464	-0.079293554
-3.244111077	-0.012433803
-3.244111077	-0.012433803
-3.244111077	-0.012433803
-2.338215051	3.308267143
-2.403467168	3.375126961
-2.365019981	3.263694028
-2.317669846	3.263694028
-2.359924419	3.219120912
-2.311460397	2.795675658
-2.371781505	2.817962361
-2.413220176	2.795675658
-2.35081925	2.840249041
-2.314317174	2.795675658
-2.331916224	3.330553846
-2.260183649	3.308267143
-2.225152178	3.352840259
-2.235521901	3.441986757
-2.253559067	3.375126961
-2.169694566	3.085401321
-2.262493618	3.152261116
-2.244188315	3.152261116
-2.210763591	3.152261116
-2.304712919	3.085401321
-2.266984276	2.773389245
-2.215358471	2.840249041
-2.218287868	2.773389245
-2.287130468	2.773389245
-2.291132574	2.751102543
-2.211782352	2.572809836
-2.2629702	2.5505234
-2.308719174	2.483663605
-2.230331533	2.394517373
-2.223755152	2.483663605
-2.281485225	2.349943991
-2.260852396	2.372230671
-2.280282918	2.327657556
-2.250421704	2.349943991
-2.238997149	2.349943991
-2.303346856	2.26079776
-2.222623709	2.171651395
-2.262455632	2.193937942
-2.280708904	2.28308444
-2.228740905	2.104791733
-2.293386043	1.9933588
-2.268969129	1.948785551
-2.306093187	1.837352639
-2.284247995	2.060218484
-2.286532267	1.904212435
-2.316866871	1.859639186
-2.295395475	1.881925888
-2.37351482	1.904212435
-2.317395803	1.881925888
-2.276960891	1.904212435
-2.412968159	1.347047835
-2.383050604	1.324761288
-2.374516503	1.347047835
-2.446249078	1.369334403
-2.407598554	1.347047835
-2.442826021	1.101895376
-2.505152251	1.12418199
-2.467868269	1.12418199
-2.41081572	1.146468559
-2.4693925	1.12418199
-2.478851515	0.94588935
-2.473469301	0.94588935
-2.492117437	0.94588935
-2.520997397	0.94588935
-2.503694894	0.94588935
-2.459261547	0.879029532
-2.571842891	0.923602714
-2.521800851	0.923602714
-2.435421447	0.879029532
-2.511830461	0.879029532
-2.532175202	0.901316167
-2.454929058	0.901316167
-2.527842713	0.923602714
-2.526099184	0.879029532
-2.473035494	0.879029532
-2.490867567	0.901316167
-2.550645378	0.901316167
-2.516548875	0.901316167
-2.470886886	0.901316167
-2.48022444	0.856742985
-2.482189821	0.94588935
-2.551119406	0.879029532
-2.500838436	0.94588935
-2.517221612	0.901316167
-2.553901488	0.94588935
-2.532609169	0.968175896
-2.487573152	0.94588935
-2.502644212	0.923602714
-2.526931526	0.990462465
-2.465806965	0.990462465
-2.498943122	1.369334403
-2.531043759	1.39162095
-2.461351261	1.39162095
-2.462202277	1.39162095
-2.483658989	1.369334403
-2.358288783	2.327657556
-2.351807527	2.372230671
-2.393081006	2.349943991
-2.365546679	2.349943991
-2.421795455	2.349943991
-2.323324505	2.751102543
-2.308005579	2.728816129
-2.361850218	2.684242747
-2.347672789	2.751102543
-2.366637582	2.751102543
-2.276310339	3.196834232
-2.201034524	3.174547797
-2.314527694	3.152261116
-2.298605139	3.174547797
-2.213662504	3.196834232
-2.224383199	3.397413641
-2.291151088	3.352840259
-2.23510134	3.375126961
-2.221162681	3.375126961
-2.261398087	3.330553846
-2.215115232	3.486559872
-2.194673131	3.508846575
-2.19769494	3.508846575
-2.212567451	3.464273192
-2.179189492	3.486559872
-2.168011846	3.531132988
-2.148903249	3.55341969
-2.226987001	3.55341969
-2.232357245	3.55341969
-2.153634272	3.575706103
-1.891011078	3.620000827
-1.894774733	3.664573943
-1.888606782	3.575427712
-1.91843384	3.530854596
-1.924128082	3.642287529
-1.875870111	3.597714147
-1.861528448	3.664573943
-1.879469213	3.642287529
-1.912481676	3.597714147
-1.928191955	3.553141031
-1.550727883	4.021159401
-1.510257378	4.021159401
-1.510930594	4.021159401
-1.570852209	3.998872699
-1.544107769	3.976586285
-1.801682166	1.948507025
-1.829798893	1.88164723
-1.798990421	1.948507025
-1.821793405	1.926220479
-1.87542545	1.859360661
-1.59670206	4.600610415
-1.59670206	4.600610415
-1.531940411	4.645183797
-1.573083333	4.645183797
-1.603947507	4.622897117
-1.236943734	6.673263035
-1.286382067	6.717835906
-1.292897878	6.695549204
-1.280852218	6.606402972
-1.203566493	6.695549204
-0.749880464	8.790488526
-0.761635163	8.790488526
-0.783908417	8.745915144
-0.827347502	8.835061375
-0.806368249	8.723628464
-0.320579549	11.04143361
-0.338103464	11.08600592
-0.366783638	11.06371978
-0.399722283	11.08600592
-0.390568075	11.01914639
0.094904577	13.33695154
0.110496898	13.35923771
0.061657833	13.33695154
0.051413355	13.33695154
0.119560689	13.35923771
0.511286422	15.61018332
0.500699237	15.61018332
0.51301854	15.56560994
0.527374248	15.63246949
0.479277039	15.56560994
0.847670936	17.81655556
0.902478395	17.77198113
0.868689133	17.79426728
0.843503479	17.79426728
0.866409888	17.74969496
1.185126402	19.97835336
1.241957339	20.04521396
1.245907892	19.97835336
1.25897311	20.00063951
1.292632294	19.9560672
1.602793241	22.1847256
1.616258351	22.16243943
1.622934166	22.07329269
1.611651979	22.09557883
1.596147112	22.14015115
1.557204032	21.29326224
1.621857149	21.29326224
1.629245762	21.29326224
1.641673277	21.29326224
1.604554327	21.29326224
1.978814161	24.50253074
2.013241686	24.50253074
2.051876568	24.61396368
1.964676155	24.52481691
1.939051347	24.48024248
2.305899585	26.66432855
2.329939511	26.64204238
2.334238004	26.68661472
2.32822918	26.66432855
2.298746071	26.61975623
2.68189465	28.89298695
2.716179487	28.87070078
2.69612411	28.80384019
2.679801584	28.82612636
2.708659838	28.84841464
3.086179612	31.07707302
3.076029347	31.12164535
3.061817762	31.07707302
3.072947686	31.05478474
2.989589613	31.09935919
3.4017278	33.41716435
3.384272076	33.41716435
3.379526688	33.4394505
3.430372821	33.46173667
3.465034327	33.41716435
3.797146363	35.57896214
3.75838651	35.55667599
3.773575837	35.51210154
3.741769033	35.55667599
3.788845925	35.51210154
4.207034753	37.71847377
4.14738734	37.74076206
4.070174713	37.71847377
4.108096	37.74076206
4.138720766	37.69618974
4.515577221	40.14771397
4.523706882	40.10313742
4.528073686	40.10313742
4.529784017	40.08085337
4.558156113	40.08085337
4.933326177	42.30951177
4.896988814	42.35408409
4.91681787	42.35408409
4.857096081	42.30951177
4.834697377	42.35408409
5.157632742	44.35987664
5.217679807	44.29301605
5.28106071	44.35987664
5.248873087	44.31530433
5.227380304	44.31530433
5.242238291	43.31240806
5.201328871	43.26783572
5.219600179	43.29011978
5.291949948	43.31240806
5.267589056	43.31240806
5.66217416	46.76682858
5.637992025	46.76682858
5.610753128	46.78911261
5.661501263	46.76682858
5.721621428	46.76682858
6.053301253	48.99548696
6.0674391	48.97319868
5.991867855	48.97319868
5.936018093	48.92862636
5.973503019	48.90633808
6.390233373	51.20185708
6.353477525	51.17957304
6.345217626	51.20185708
6.370958786	51.17957304
6.307341986	51.15728476
6.685347599	53.40823145
6.623351114	53.43051548
6.672447652	53.38594316
6.67425247	53.40823145
6.742162017	53.36365488
7.048472882	55.72603448
7.079062216	55.7037462
7.059680373	55.63688985
7.069867667	55.68146216
7.035262023	55.68146216
7.127511394	52.82599146
7.114844471	52.75913087
7.032735789	52.75913087
7.055916878	52.75913087
7.055139919	52.82599146
7.22392902	55.94611322
7.195378167	55.94611322
7.257066295	55.90154091
7.273483307	55.92382919
7.305090284	55.90154091
7.515611731	57.88504518
7.503913931	57.84047287
7.439678501	57.90733347
7.462209038	57.88504518
7.464281355	57.84047287
7.717238687	59.95769834
7.68228191	59.97998662
7.700820398	59.93541431
7.717380416	59.97998662
7.727372353	59.91312602
8.066376151	62.20864502
8.054216773	62.1417844
8.034271204	62.11949612
8.029525178	62.1417844
8.034531042	62.16407269
8.38947559	64.45958746
8.331134706	64.39273109
8.364997866	64.4373034
8.37495469	64.39273109
8.367092527	64.37044281
8.721682113	66.79967877
8.697023716	66.77739474
8.714383038	66.7328224
8.711141772	66.77739474
8.666560151	66.71053412
8.734273702	65.3733391
8.744957688	65.41791141
8.715711594	65.44019969
8.701678448	65.39562738
8.662375297	65.39562738
9.050589273	69.09519777
9.013871091	69.05062546
8.984153203	69.05062546
9.042633901	69.02833717
9.034393155	69.02833717
9.080941114	67.57970922
9.058337158	67.53513688
9.029931226	67.55742516
9.013267145	67.57970922
9.047860659	67.57970922
8.991327147	67.31227106
9.009419377	67.33455934
9.040009988	67.31227106
9.068867284	67.33455934
9.059969602	67.33455934
9.335478539	71.16785092
9.36483125	71.19013496
9.3417555	71.12327861
9.357054636	71.23471152
9.308911261	71.19013496
9.660485581	73.50794649
9.656118777	73.50794649
9.60647575	73.46336992
9.58609414	73.50794649
9.634862529	73.46336992
9.932428295	75.60288367
9.906097233	75.58059539
9.88915097	75.58059539
9.835139223	75.53601883
9.85810708	75.55830711
10.22716841	77.85383036
10.21221338	77.85383036
10.2001504	77.83154208
10.20237083	77.80925379
10.18726514	77.80925379
10.24851339	76.29376949
10.24418107	76.27148121
10.20205737	76.24919293
10.20991762	76.27148121
10.25899309	76.24919293
10.55931173	79.97105583
10.57674574	79.99333563
10.61741575	79.97105583
10.61668795	80.01562392
10.54917678	80.01562392
10.78347113	82.37800351
10.8260296	82.33342695
10.84837946	82.31114716
10.84871272	82.31114716
10.88415406	82.31114716
11.15480652	84.60666191
11.12273222	84.60666191
11.13213617	84.60666191
11.15433409	84.58437363
11.20084693	84.58437363
11.13363263	82.84602348
11.14000408	82.84602348
11.19534629	82.89059155
11.16666584	82.86831174
11.18195221	82.86831174
11.44640943	86.90217666
11.53298578	86.83532032
11.57857164	86.90217666
11.5255303	86.87989686
11.46992122	86.90217666
11.82391452	89.04169041
11.83277836	89.0639787
11.82173239	89.04169041
11.81861562	88.99712235
11.75576429	89.01940213
12.04098298	91.33721366
12.10494261	91.35949347
12.09777569	91.31492538
12.14925929	91.35949347
12.1459995	91.2926371
12.15012754	89.3314211
12.06296511	89.3314211
12.10189351	89.35370091
12.23207023	89.3314211
12.20066499	89.3314211
12.15685012	88.72967994
12.20963993	88.68510338
12.18021635	88.70739166
12.17723109	88.68510338
12.18705385	88.75196822
12.3372719	91.58235929
12.29897043	91.58235929
12.32963638	91.62693585
12.38921261	91.53779122
12.3661426	91.58235929
12.54332631	93.49900722
12.53695614	93.49900722
12.55932005	93.47671894
12.5744251	93.47671894
12.58721907	93.45443913
12.83015127	95.52708806
12.8233291	95.4825115
12.84115511	95.46023169
12.89704509	95.4825115
12.90735815	95.43794341
13.16242291	97.7111699
13.19372217	97.66660181
13.16873307	97.64431353
13.08426351	97.64431353
13.06075299	97.64431353
13.20573216	95.70537734
13.13432853	95.72766562
13.12257263	95.72766562
13.21346472	95.70537734
13.21463048	95.70537734
13.39836695	98.33519934
13.4386156	98.37976741
13.35014441	98.35748762
13.27226208	98.33519934
13.29315123	98.29062278
13.79624024	100.8981565
13.72019146	100.8758682
13.66877426	100.8981565
13.72137381	100.8758682
13.78389955	100.8312917
13.70795802	99.31580733
13.80049085	99.31580733
13.78033077	99.31580733
13.74355769	99.31580733
13.72459146	99.31580733
13.82690618	96.01850774
13.80894355	96.01850774
13.73293435	95.97393118
13.69444902	95.99621946
13.76541724	96.04079602
13.68201767	93.05438698
13.67763044	93.07667527
13.71151786	93.09896355
13.79265486	93.07667527
13.76244731	93.05438698
13.59877899	89.06509015
13.63929194	89.15423478
13.62303773	89.13195499
13.53977095	89.10966671
13.48765532	89.15423478
13.63221313	89.287956
13.63574232	89.287956
13.57380393	89.26566771
13.5231988	89.31024428
13.51733554	89.31024428
13.30951398	84.60777335
13.36513327	84.58548506
13.38997681	84.58548506
13.37704239	84.58548506
13.33389275	84.58548506
13.09283751	80.35103413
13.09756438	80.32875432
13.16857219	80.35103413
13.16790057	80.35103413
13.12018366	80.37332241
12.88958449	75.64857169
12.86791774	75.64857169
12.84003914	75.64857169
12.82607942	75.67085148
12.84975464	75.67085148
12.84314953	77.25320065
12.85691646	77.25320065
12.83669765	77.29777721
12.79911632	77.27548893
12.79764412	77.25320065
12.52552839	71.39183245
12.5116108	71.36954417
12.50204086	71.36954417
12.51290169	71.41412073
12.48912048	71.36954417
12.24649984	67.06823261
12.17593637	67.09052089
12.15111582	67.06823261
12.19125466	67.06823261
12.23017795	67.09052089
12.29862824	67.49168025
12.23903796	67.46939196
12.21536274	67.46939196
12.23095299	67.49168025
12.22964423	67.46939196
11.87459881	62.41033827
11.88329667	62.43262655
11.95235346	62.41033827
11.9640736	62.43262655
11.97817506	62.43262655
11.74182882	58.91134541
11.69601185	58.88905713
11.63670631	58.91134541
11.64342123	58.91134541
11.7261096	58.97820603
11.68012665	60.38225743
11.69897541	60.35997339
11.6319373	60.38225743
11.57084929	60.35997339
11.58357304	60.38225743
11.38969716	55.81350771
11.38597005	55.83579599
11.38627905	55.85808427
11.36764224	55.85808427
11.37156981	55.81350771
11.32820183	56.52277901
11.37287219	56.52277901
11.42375184	56.52277901
11.35021461	56.52277901
11.27239101	56.56735132
11.13148625	53.33579665
11.16775499	53.33579665
11.18911785	53.31351262
11.14677134	53.33579665
11.13686942	53.33579665
10.85208358	48.94534046
10.87037309	48.94534046
10.9002359	48.96762875
10.83900105	48.92305641
10.8493754	48.94534046
10.59599096	45.15662117
10.55481277	45.17890945
10.563713	45.17890945
10.56225549	45.13433714
10.50208106	45.17890945
10.58379519	46.29323865
10.5149178	46.31552269
10.45870286	46.29323865
10.49650381	46.27095037
10.53304642	46.31552269
10.55557249	46.42695562
10.54954898	46.40467159
10.5333369	46.47153218
10.43130436	46.42695562
10.47523351	46.47153218
10.04677025	40.40957795
10.13373157	40.43186623
10.13795984	40.52101086
10.11421247	40.45415451
10.07155697	40.45415451
9.723267325	36.10827064
9.729507897	36.08598236
9.762554515	36.10827064
9.739753925	36.08598236
9.712599938	36.17512699
9.208573088	31.18293389
9.229426492	31.16064772
9.337571923	31.16064772
9.295756584	31.16064772
9.283360989	31.13835944
8.932078428	27.92909305
8.879761691	27.99595153
8.963010594	27.90680477
8.999097377	28.04052596
8.924164554	28.06281213
8.911937503	29.46686563
8.954535547	29.51144008
8.871102779	29.48915392
8.920799433	29.48915392
8.938502865	29.44457949
8.27801675	22.46887997
8.300306603	22.37973321
8.338997507	22.44659169
8.262932124	22.44659169
8.287693307	22.40201936
8.370523405	22.95918396
8.27255633	23.00375629
8.225803438	22.93689781
8.297939974	22.98147013
8.316411427	22.98147013
7.816909709	17.78869628
7.757185366	17.7441229
7.793968028	17.85555581
7.802900823	17.83326966
7.710309897	17.76641011
7.281127767	13.64339208
7.350656351	13.64339208
7.257486376	13.62110485
7.322907994	13.66567823
7.298760972	13.64339208
6.568895026	8.940922221
6.600630965	8.940922221
6.616092898	8.940922221
6.628544035	8.918636053
6.604557258	8.896349373
6.255747304	6.779123904
6.293339484	6.801410584
6.246519558	6.779123904
6.297000194	6.823697264
6.273347311	6.801410584
5.88754657	4.617325564
5.949617112	4.661898412
5.879924454	4.661898412
5.796669805	4.639612266
5.851044813	4.661898412
5.498767591	2.299520686
5.396534583	2.27723425
5.417353512	2.27723425
5.480990741	2.27723425
5.455405994	2.321807366
5.361081115	3.480709682
5.453885274	3.525282798
5.396876777	3.45842298
5.360373743	3.502996363
5.429120899	3.45842298
5.292801922	4.403095697
5.370412285	4.380808994
5.422946085	4.403095697
5.364877808	4.380808994
5.38354781	4.358522581
5.362244319	4.581388159
5.378626218	4.625961541
5.38315965	4.625961541
5.325707449	4.648248221
5.346795154	4.581388159
5.238492033	2.152150614
5.156040837	2.152150614
5.089074878	2.129864045
5.179187771	2.174437294
5.253047726	2.196723863
4.715934037	0.369223946
4.715934037	0.369223946
4.715934037	0.369223946
4.715934037	0.369223946
4.715934037	0.369223946
2.672282095	-6.584189999
2.607095097	-6.561903831
2.656133699	-6.561903831
2.715074698	-6.561903831
2.683972393	-6.539617151
2.619926254	-6.183031692
2.660587328	-6.205318372
2.683259276	-6.205318372
2.701296283	-6.13845831
2.68607695	-6.183031692
1.991743955	-8.768275531
1.895824138	-8.745988851
1.880374973	-8.745988851
1.979481312	-8.768275531
1.945600915	-8.790562233
1.312804582	-10.95236108
1.27753905	-10.95236108
1.337950733	-10.93007387
1.383295906	-10.93007387
1.332073982	-10.93007387
0.866656957	-13.20330566
0.801343791	-13.20330566
0.805710914	-13.20330566
0.843286097	-13.18101949
0.820856909	-13.2255918
0.343594369	-15.4542502
0.419428962	-15.40967789
0.398965833	-15.43196404
0.368067304	-15.43196404
0.424369667	-15.4542502
-0.036225547	-17.72748199
-0.007332506	-17.72748199
0.026674006	-17.68290861
0.012775466	-17.70519582
-0.084821944	-17.68290861
-0.047209738	-16.43486033
0.016527738	-16.39028694
-0.030289675	-16.41257416
-0.081803247	-16.43486033
-0.017821494	-16.43486033
-0.488818769	-20.04528607
-0.42026725	-20.06757435
-0.471958573	-20.08986052
-0.479550962	-20.06757435
-0.435755638	-20.04528607
-0.775856404	-21.98422016
-0.760380665	-22.00650631
-0.764747867	-22.00650631
-0.745261165	-22.00650631
-0.716256154	-21.98422016
-0.794688325	-21.24876203
-0.709280759	-21.20418972
-0.772053885	-21.22647589
-0.849630731	-21.22647589
-0.749077888	-21.20418972
-1.201569829	-24.43574439
-1.170506467	-24.43574439
-1.133058809	-24.43574439
-1.177526152	-24.45803056
-1.145117477	-24.45803056
-1.497288481	-26.70897511
-1.462696563	-26.70897511
-1.490104801	-26.68668896
-1.489266713	-26.68668896
-1.485163737	-26.73126127
-1.851700426	-28.8262006
-1.797369149	-28.78162826
-1.816677733	-28.78162826
-1.800656063	-28.8262006
-1.76361484	-28.78162826
-2.154290889	-31.01028666
-2.194192879	-30.94342607
-2.128089746	-31.01028666
-2.125984072	-30.96571223
-2.170478548	-30.96571223
-2.464950682	-33.28351738
-2.459032992	-33.30580355
-2.440437366	-33.28351738
-2.47700887	-33.30580355
-2.486342754	-33.23894506
-2.818255763	-35.46760347
-2.773926319	-35.46760347
-2.766360065	-35.46760347
-2.852239584	-35.42302902
-2.808848939	-35.46760347
-3.104381651	-37.65168953
-3.088437391	-37.65168953
-3.124236245	-37.62940125
-3.129301801	-37.60711722
-3.134010799	-37.60711722
-3.412522552	-40.03635318
-3.492688836	-39.99178085
-3.48291492	-40.0140649
-3.404157633	-40.0140649
-3.44681122	-40.0140649
-3.731937659	-42.39873278
-3.759853922	-42.3764445
-3.744504031	-42.42101681
-3.762203952	-42.3764445
-3.828960509	-42.42101681
-4.067011972	-44.33766474
-4.088971123	-44.35994877
-4.0439292	-44.38223705
-4.062945865	-44.35994877
-4.117053055	-44.33766474
-4.146751791	-43.31248017
-4.080461601	-43.29019613
-4.107031113	-43.26790785
-4.090703799	-43.29019613
-4.03713384	-43.29019613
-4.363870686	-46.63318372
-4.419585103	-46.65546777
-4.468954247	-46.65546777
-4.362017987	-46.63318372
-4.434869555	-46.65546777
-4.474527668	-45.18455576
-4.434056844	-45.18455576
-4.430653419	-45.20683981
-4.404056135	-45.25141213
-4.411279238	-45.25141213
-4.751857703	-49.06241968
-4.751431237	-49.01784737
-4.745169598	-49.0401314
-4.80029124	-49.01784737
-4.738797831	-49.0401314
-4.981488385	-51.11278455
-4.960405468	-51.06821224
-4.982122337	-51.13507283
-5.067836186	-51.09050052
-5.006450351	-51.04592396
-5.304106453	-53.0740048
-5.281228615	-53.09629308
-5.262620859	-53.0740048
-5.244452975	-53.09629308
-5.311026944	-53.05171651
-5.682071846	-55.68153427
-5.59723455	-55.70382255
-5.609219001	-55.65925024
-5.620683777	-55.63696195
-5.589008488	-55.70382255
-5.677344334	-53.50218667
-5.655053843	-53.47989841
-5.667810784	-53.47989841
-5.619814246	-53.45761436
-5.639973048	-53.45761436
-5.968576319	-57.71434935
-5.93716789	-57.71434935
-6.026372629	-57.69206532
-6.021802168	-57.71434935
-5.938453672	-57.64748875
-6.465645012	-61.904228
-6.447809427	-61.92651628
-6.499794185	-61.85965568
-6.525159953	-61.85965568
-6.465546057	-61.85965568
-7.18336371	-66.56212234
-7.102462283	-66.53983831
-7.082645676	-66.53983831
-7.135584874	-66.51755003
-7.104314983	-66.53983831
-7.158711697	-64.46718515
-7.182358196	-64.48947344
-7.131419811	-64.42261284
-7.129364094	-64.44489687
-7.17591333	-64.42261284
-7.170300965	-64.15517468
-7.164015704	-64.19974699
-7.143056961	-64.17745871
-7.128115979	-64.17745871
-7.134032871	-64.15517468
-7.318363708	-66.91870938
-7.351689956	-66.87413706
-7.320626913	-66.87413706
-7.32948629	-66.8964211
-7.388181497	-66.94099766
-7.819301236	-71.22001671
-7.843077973	-71.26459325
-7.775686186	-71.1977369
-7.763890708	-71.22001671
-7.801339244	-71.22001671
-8.179943697	-73.73840578
-8.155292323	-73.7161175
-8.138711236	-73.69382922
-8.162350074	-73.7161175
-8.209866519	-73.7161175
-8.382094797	-75.65505371
-8.395017728	-75.65505371
-8.401111462	-75.63276543
-8.392075881	-75.61047714
-8.413731142	-75.61047714
-8.644313711	-76.79166269
-8.564719134	-76.79166269
-8.540863871	-76.79166269
-8.617821767	-76.76938289
-8.553512919	-76.76938289
-8.613680965	-74.96416789
-8.64243739	-74.94187961
-8.596252693	-74.94187961
-8.578660985	-74.91959133
-8.651334434	-74.94187961
-8.89294829	-77.88371209
-8.833801718	-77.90599189
-8.84539354	-77.90599189
-8.880824025	-77.90599189
-8.907783932	-77.95056846
-9.116217739	-79.93407273
-9.069399728	-79.91178445
-9.036787874	-79.93407273
-9.134421693	-79.88950464
-9.114402068	-79.91178445
-9.383210131	-82.22959598
-9.357677735	-82.22959598
-9.420695057	-82.2073077
-9.35537048	-82.2073077
-9.347208898	-82.16273114
-9.666351399	-84.4136778
-9.73674249	-84.39138952
-9.681764812	-84.32453317
-9.655266484	-84.4136778
-9.706086122	-84.34682145
-9.756275	-82.07358648
-9.761684346	-82.0512982
-9.683766902	-82.0512982
-9.721887058	-82.0512982
-9.729783056	-82.0512982
-9.966250596	-84.85940949
-9.993492685	-84.83712121
-9.935389294	-84.83712121
-9.927593528	-84.88169777
-9.927494572	-84.83712121
-10.12732437	-86.6423362
-10.12128618	-86.6423362
-10.14436704	-86.59775964
-10.0897922	-86.59775964
-10.07685459	-86.59775964
-10.4585324	-88.80413823
-10.40161137	-88.80413823
-10.39691322	-88.80413823
-10.41289611	-88.78184995
-10.35298024	-88.75956169
-10.42555282	-87.28864543
-10.41897644	-87.31093371
-10.39005849	-87.33322199
-10.44381998	-87.31093371
-10.48332551	-87.28864543
-10.70809014	-90.87678716
-10.66245321	-90.85449888
-10.71665776	-90.87678716
-10.74678232	-90.8322106
-10.70866153	-90.8322106
-10.75458128	-88.71498513
-10.77938524	-88.73727341
-10.77872255	-88.73727341
-10.75609051	-88.71498513
-10.7688117	-88.73727341
-11.21185588	-92.92715628
-11.11915833	-92.92715628
-11.15309172	-92.92715628
-11.1718894	-92.92715628
-11.1205054	-92.92715628
-11.42908777	-95.66840272
-11.41583414	-95.66840272
-11.44293769	-95.62382616
-11.46300839	-95.66840272
-11.46349359	-95.57925807
-11.57345533	-93.41745604
-11.53923593	-93.39516776
-11.45372446	-93.41745604
-11.51686564	-93.41745604
-11.51364161	-93.43974432
-11.93260708	-97.56276235
-11.96454603	-97.54047406
-11.91181241	-97.54047406
-11.8894817	-97.54047406
-11.95803413	-97.51818578
-12.21543296	-99.92514194
-12.24508892	-99.96971003
-12.21892896	-99.94743022
-12.20149494	-99.92514194
-12.17362018	-99.92514194
-12.24127372	-97.96391747
-12.24866153	-97.96391747
-12.26637646	-97.91934938
-12.271171	-97.96391747
-12.22405166	-97.91934938
-12.62989373	-102.0646557
-12.64909873	-102.0200791
-12.73730306	-101.9977909
-12.70418047	-102.0200791
-12.63020017	-101.9755026
-12.8617442	-102.9783989
-12.84629185	-102.9783989
-12.8099465	-103.0229754
-12.80162021	-102.9783989
-12.91547632	-102.9783989
-12.91913065	-101.2400487
-12.95117558	-101.1509041
-12.88174723	-101.1954721
-12.86794838	-101.2177604
-12.88943893	-101.2177604
-13.04530191	-103.5132837
-13.10525992	-103.5132837
-13.14626191	-103.4909954
-13.12543021	-103.4909954
-13.10428058	-103.4909954
-13.17065217	-102.2206567
-13.17161618	-102.242945
-13.13165482	-102.242945
-13.12796219	-102.242945
-13.1469348	-102.242945
-13.10998168	-101.1063275
-13.14961107	-101.1063275
-13.12120258	-101.1286158
-13.11485539	-101.1063275
-13.17463464	-101.1063275
-13.13495163	-99.74545276
-13.19033598	-99.76774104
-13.16447735	-99.76774104
-13.15151739	-99.79002932
-13.17012738	-99.70088469
-13.18658079	-99.70088469
-13.15904566	-99.70088469
-13.13507165	-99.67859641
-13.15682268	-99.72316448
-13.17062152	-99.70088469
-13.17658055	-99.65630813
-13.10547315	-99.70088469
-13.17823023	-99.67859641
-13.21449896	-99.67859641
-13.20202804	-99.70088469
-13.16457695	-97.7396602
-13.16089708	-97.7396602
-13.11340745	-97.71737192
-13.14930846	-97.7396602
-13.20222978	-97.71737192
-12.96295957	-93.72807509
-12.93410674	-93.7057868
-13.01081948	-93.72807509
-13.04074103	-93.7057868
-13.00624583	-93.75036337
-12.76885769	-88.82502661
-12.76391886	-88.86960318
-12.68028435	-88.86960318
-12.73858884	-88.8473149
-12.79161614	-88.86960318
-12.70607786	-89.85021116
-12.73516052	-89.82792288
-12.7309214	-89.85021116
-12.74277433	-89.89478773
-12.72726324	-89.82792288
-12.74710155	-89.91706753
-12.77249158	-89.89478773
-12.69528853	-89.87249944
-12.72656736	-89.85021116
-12.74042366	-89.89478773
-12.45602981	-84.6574405
-12.45723388	-84.63515222
-12.45506197	-84.63515222
-12.41647321	-84.61286394
-12.45364467	-84.67972031
-12.21801091	-80.2224035
-12.23774835	-80.26698006
-12.22767917	-80.26698006
-12.22529275	-80.28926835
-12.20920963	-80.26698006
-11.8606161	-75.0742094
-11.94823308	-75.09648918
-11.94806965	-75.09648918
-11.91743562	-75.14106575
-11.84257686	-75.11877747
-11.68642531	-71.75350158
-11.69717889	-71.75350158
-11.67011492	-71.77578986
-11.69080489	-71.75350158
-11.68478968	-71.7312218
-11.62765988	-73.001552
-11.63733835	-72.93469563
-11.68358051	-73.001552
-11.67005108	-72.95698391
-11.61623596	-73.001552
-11.35432221	-67.18475611
-11.29444337	-67.1401838
-11.29575214	-67.16246783
-11.29336444	-67.18475611
-11.31019962	-67.16246783
-11.27044894	-67.54133892
-11.29728307	-67.56362721
-11.29385603	-67.60819952
-11.27952346	-67.54133892
-11.25799333	-67.56362721
-10.94445553	-62.50457349
-11.03184268	-62.57143408
-10.95329256	-62.5491458
-10.9201687	-62.57143408
-10.93602709	-62.52685752
-10.96771834	-62.97258921
-10.9418214	-62.99487749
-10.95529082	-62.97258921
-10.93849778	-62.97258921
-10.89932934	-62.99487749
-10.62038888	-58.24783424
-10.63173427	-58.29240656
-10.6027161	-58.27012253
-10.6188388	-58.27012253
-10.58134685	-58.29240656
-10.36591147	-55.66259305
-10.37124229	-55.68487709
-10.44483124	-55.66259305
-10.44395724	-55.68487709
-10.4457678	-55.70716537
-10.39407416	-57.24493798
-10.37813214	-57.24493798
-10.40899089	-57.26722626
-10.38238019	-57.31179857
-10.3417453	-57.31179857
-10.37899911	-57.69401246
-10.31303867	-57.67172843
-10.3440749	-57.69401246
-10.36832343	-57.64944014
-10.41812031	-57.69401246
-10.1135134	-53.52642212
-10.06494036	-53.5487104
-10.10544885	-53.52642212
-10.1735512	-53.57099443
-10.18433223	-53.5487104
-9.824469921	-50.00514101
-9.894998912	-50.00514101
-9.916083424	-50.04971332
-9.902857882	-50.02742929
-9.848487343	-50.00514101
-9.376031719	-44.61178853
-9.333072966	-44.58950025
-9.401930569	-44.58950025
-9.48064604	-44.61178853
-9.458547714	-44.56721619
-9.379111465	-44.9906596
-9.380620693	-44.9906596
-9.437543004	-44.9906596
-9.42044735	-44.96837557
-9.407521865	-44.96837557
-8.982309442	-40.04303881
-9.034149277	-40.0653271
-9.054171456	-40.04303881
-8.999126744	-40.02075053
-8.995573928	-40.04303881
-8.974554534	-41.51395505
-8.95499968	-41.55852737
-8.97808309	-41.51395505
-8.984798009	-41.51395505
-8.933369955	-41.53623909
-8.564505901	-35.42971678
-8.526424051	-35.4074285
-8.4854061	-35.42971678
-8.519200949	-35.4074285
-8.490585614	-35.45200293
-8.107701183	-31.23983814
-8.104768274	-31.28441045
-8.092174769	-31.28441045
-8.063295128	-31.28441045
-8.103764675	-31.28441045
-7.734979785	-27.18368071
-7.667607151	-27.20596685
-7.646610102	-27.20596685
-7.688162412	-27.16139243
-7.683591952	-27.18368071
-7.177674097	-22.34749072
-7.153285752	-22.36977687
-7.179185879	-22.34749072
-7.175451751	-22.36977687
-7.160345418	-22.36977687
-7.173675023	-22.94922975
-7.173841652	-22.94922975
-7.166822206	-22.92694147
-7.139793988	-22.92694147
-7.167877517	-22.9046553
-7.154547912	-21.72346764
-7.119282778	-21.72346764
-7.058753385	-21.76803995
-7.082973825	-21.74575378
-7.103423746	-21.76803995
-7.040280017	-23.01608823
-7.071687169	-23.01608823
-7.090158622	-23.01608823
-7.028399629	-22.99380206
-7.008214653	-23.01608823
-6.65399216	-17.91246008
-6.687175401	-17.95703451
-6.637338293	-17.93474837
-6.610807406	-17.93474837
-6.642543345	-17.93474837
-6.087957332	-13.41057096
-6.057426733	-13.3882848
-6.009997114	-13.43285711
-6.06193399	-13.41057096
-6.089426341	-13.43285711
-5.481230149	-8.953254159
-5.46574204	-8.975540328
-5.421374291	-8.997827542
-5.415700638	-8.975540328
-5.518640379	-8.975540328
-5.415269065	-10.17901629
-5.468127184	-10.20130244
-5.50708814	-10.20130244
-5.441898908	-10.22358965
-5.382615076	-10.22358965
-5.024897863	-6.746882459
-5.068936825	-6.724595779
-5.071120227	-6.724595779
-5.013018114	-6.724595779
-5.041489484	-6.769169139
-4.992124808	-7.281760358
-5.054097672	-7.281760358
-5.03209894	-7.281760358
-4.988141057	-7.259473678
-5.022264374	-7.237186997
-3.072648266	-0.038620528
-3.096792095	-0.12776687
-3.078684223	-0.060907119
-3.084720181	-0.08319371
-3.096792095	-0.12776687
-2.16725388	3.304367009
-2.138635035	3.259793894
-2.150967266	3.304367009
-2.144615769	3.326653712
-2.191606633	3.192934098
-2.138771976	2.880922022
-2.218035851	2.880922022
-2.230794388	2.880922022
-2.154858446	2.858635342
-2.137044886	2.724915995
-2.122428223	2.504000229
-2.19450395	2.526286642
-2.202564821	2.526286642
-2.182419107	2.526286642
-2.167368796	2.570859758
-2.089145388	3.373176883
-2.050984534	3.462323114
-2.00551455	3.373176883
-2.02751392	3.373176883
-2.043458341	3.373176883
-1.979712899	3.172597741
-2.013576538	3.128024358
-2.032081508	3.150311061
-1.976019151	3.172597741
-1.975289914	3.128024358
-2.104537574	2.058268406
-2.116423868	2.035981859
-2.118476393	2.058268406
-2.073947921	2.035981859
-2.059410742	1.969122041
-2.023163237	1.991408744
-2.108305698	1.991408744
-2.095549077	1.991408744
-2.086340802	2.01369529
-2.071764679	2.035981859
-2.030985976	2.058268406
-2.062192983	2.035981859
-2.085559374	2.058268406
-2.132050195	2.035981859
-2.082408125	2.080554975
-2.153061289	1.946835495
-2.119540482	1.991408744
-2.097671509	1.969122041
-2.130753401	1.969122041
-2.132736498	1.946835495
-2.074140725	2.414853731
-2.076688665	2.437140411
-2.121964729	2.392567295
-2.115106006	2.414853731
-2.083513233	2.392567295
-2.013181674	3.217170856
-1.967272616	3.172597741
-2.061985656	3.172597741
-2.117431935	3.194884176
-2.078129423	3.194884176
-1.946012537	3.551469612
-2.012484997	3.529182932
-2.029974397	3.551469612
-2.006155525	3.573756048
-1.996892187	3.551469612
-1.959156202	3.685188959
-1.954316168	3.707475639
-1.922475687	3.640615843
-1.941454207	3.640615843
-1.914085072	3.640615843
-1.821620233	3.399920748
-1.819944696	3.399920748
-1.748377472	3.377634335
-1.770741701	3.399920748
-1.873207414	3.42220745
-1.767320399	3.355347655
-1.804934765	3.355347655
-1.872101189	3.355347655
-1.837508632	3.355347655
-1.782331607	3.399920748
-1.865420585	3.377634335
-1.85590507	3.42220745
-1.789884613	3.399920748
-1.80147452	3.399920748
-1.819472423	3.42220745
-1.821585599	3.377634335
-1.864144061	3.42220745
-1.796977637	3.42220745
-1.788504505	3.377634335
-1.81155408	3.399920748
-1.690445338	3.110195108
-1.718179171	3.13248181
-1.75311472	3.13248181
-1.674323436	3.110195108
-1.682041634	3.110195108
-1.57009536	3.087908694
-1.476561804	3.087908694
-1.565198666	3.065621992
-1.613056507	3.065621992
-1.528079716	3.065621992
-1.419718179	2.998762196
-1.502204009	3.021048876
-1.477690693	3.021048876
-1.397918155	3.021048876
-1.513320844	3.043335579
-1.440124528	3.043335579
-1.405332465	3.021048876
-1.437941286	3.043335579
-1.451042176	3.043335579
-1.39563085	3.043335579
-1.319860179	3.110195108
-1.335960693	3.087908694
-1.376087966	3.087908694
-1.369832711	3.065621992
-1.36047361	3.087908694
-1.254408475	3.110195108
-1.281139428	3.13248181
-1.326649633	3.13248181
-1.294040972	3.110195108
-1.259009899	3.15476849
-1.270413466	3.13248181
-1.214728177	3.177054925
-1.216985796	3.110195108
-1.217150588	3.110195108
-1.165832423	3.15476849
-1.116962843	3.13248181
-1.240556801	3.13248181
-1.202235623	3.110195108
-1.135997304	3.177054925
-1.162706391	3.177054925
-1.147674914	3.110195108
-1.104964906	3.065621992
-1.060966005	3.065621992
-1.159230026	3.087908694
-1.172496427	3.087908694
-1.112113951	3.13248181
-1.135954929	3.13248181
-1.145703947	3.13248181
-1.078867188	3.13248181
-1.093973361	3.13248181
-1.129980659	3.177054925
-1.100737039	3.15476849
-1.073875289	3.15476849
-1.058521967	3.110195108
-1.094824776	3.13248181
-1.088850825	3.177054925
-1.065670933	3.177054925
-1.087106577	3.13248181
-1.056003155	3.221628041
-1.071548322	3.177054925
-1.045160202	3.15476849
-1.062415541	3.13248181
-1.148429528	3.15476849
-1.081263423	3.15476849
-1.024328664	3.15476849
-1.036968694	3.177054925
-1.009834019	3.221628041
-1.086047595	3.087908694
-1.101079871	3.15476849
-1.052857013	3.13248181
-1.074891098	3.15476849
-1.054909937	3.15476849
-0.98676186	3.177054925
-1.082348102	3.199341606
-1.110994319	3.15476849
-0.87771817	3.333060952
-0.930286126	3.333060952
-1.001984785	3.333060952
-0.915497169	3.333060952
-0.91074404	3.288487837
-0.912419418	3.288487837
-0.88524955	3.310774539
-0.992213981	3.310774539
-0.969376123	3.310774539
-0.940860463	3.333060952
-0.958150995	3.333060952
-0.963060378	3.355347655
-0.906542029	3.288487837
-0.914494288	3.333060952
-0.960312132	3.310774539
-0.996780052	3.333060952
-0.905396142	3.310774539
-0.931762635	3.310774539
-0.94502792	3.310774539
-0.885414981	3.310774539
-0.959690948	3.466780566
-0.899239602	3.466780566
-0.878134022	3.511353681
-0.943933106	3.489067246
-0.876966508	3.511353681
-0.897758783	3.600500179
-0.878650026	3.622786593
-0.839655632	3.600500179
-0.925128158	3.600500179
-0.94474446	3.578213477
-0.845391851	3.377634335
-0.861609276	3.333060952
-0.949498866	3.377634335
-0.922403534	3.333060952
-0.85120037	3.333060952
-0.907809056	3.466780566
-0.868215583	3.377634335
-0.941129797	3.399920748
-0.923166608	3.399920748
-0.839027266	3.399920748
-0.943580777	3.711933091
-0.872685492	3.68964641
-0.878562722	3.68964641
-0.93431712	3.68964641
-0.87637932	3.68964641
-0.967293273	3.867939117
-0.900635112	3.867939117
-0.881691068	3.890225553
-0.895959472	3.890225553
-0.929988063	3.845652437
-0.890828956	3.823366024
-0.881964631	3.845652437
-0.904932248	3.823366024
-0.926788852	3.845652437
-0.925821085	3.867939117
-0.973279912	3.823366024
-0.969950224	3.845652437
-0.874398537	3.845652437
-0.894392546	3.845652437
-0.951788166	3.823366024
-0.964219831	3.957085348
-0.917233356	3.979372051
-0.907462553	3.957085348
-0.963251665	3.979372051
-0.949243657	3.934798935
-0.995030298	4.023945166
-0.925845425	4.023945166
-0.93838235	3.979372051
-0.979251389	4.023945166
-0.905322005	4.001658464
-0.978908716	4.023945166
-0.913548068	4.001658464
-0.931393548	4.023945166
-0.972866215	4.023945166
-0.985481027	4.046231846
-0.917425122	3.890225553
-0.951619064	3.845652437
-0.968777922	3.867939117
-0.950416597	3.823366024
-0.923103484	3.867939117
-0.966937273	3.867939117
-0.963243206	3.867939117
-0.891257816	3.912512233
-0.925320802	3.890225553
-0.969924208	3.845652437
-0.962844272	3.823366024
-1.004955201	3.801079322
-1.000314514	3.845652437
-0.963030771	3.845652437
-0.949235677	3.823366024
-1.025136028	3.823366024
-0.976240113	3.801079322
-0.941847143	3.823366024
-0.894627246	3.801079322
-0.976748217	3.801079322
-0.944413439	3.734219526
-0.909183099	3.756506206
-0.930674127	3.756506206
-0.952001319	3.756506206
-0.96337911	3.734219526
-1.119324285	3.845652437
-1.111771757	3.845652437
-1.011744176	3.890225553
-1.160358037	3.890225553
-1.064585696	3.845652437
-0.990270306	3.778792642
-0.992522738	3.823366024
-0.970488493	3.801079322
-1.041618239	3.867939117
-1.08347332	3.778792642
-1.012201127	3.707754298
-1.034507818	3.930620142
-1.06051512	3.796900529
-0.974425959	3.841473644
-0.996733687	3.819187231
-1.076089335	3.886047027
-1.059260222	3.863760347
-0.979938969	3.819187231
-0.988872642	3.841473644
-1.021480904	3.863760347
-0.929456098	5.000376228
-0.896682644	4.978089548
-0.945778145	5.02266293
-0.974714046	5.067235779
-0.997660037	5.02266293
-0.752146861	6.805589643
-0.746742542	6.783302941
-0.701775315	6.805589643
-0.686833695	6.805589643
-0.65626523	6.805589643
-0.3913671	8.98967413
-0.358758399	8.967387961
-0.363928935	8.945101815
-0.399228584	8.967387961
-0.381157022	9.011961343
-0.02543082	11.19604636
-0.027848116	11.24061975
0.003614293	11.19604636
-0.041895781	11.19604636
-0.079475113	11.17376019
0.235616962	13.35784521
0.317868192	13.38013138
0.312155296	13.38013138
0.290794087	13.4024186
0.289951211	13.29098569
0.345956449	12.39952233
0.367612868	12.39952233
0.387503811	12.46638186
0.320427684	12.39952233
0.30011638	12.39952233
0.717282257	15.76479608
0.749856763	15.76479608
0.738444338	15.76479608
0.654243867	15.69793653
0.671347502	15.7202227
1.024629759	17.85973433
1.039514959	17.90430878
1.046793843	17.85973433
1.051360313	17.83744817
1.033636771	17.90430878
1.418874026	20.13296716
1.371110831	20.1775395
1.430052469	20.1775395
1.42282825	20.1775395
1.359521244	20.1775395
1.707845679	22.2724788
1.692870223	22.29476497
1.743180241	22.22790649
1.778775598	22.22790649
1.751276225	22.20561821
1.746217691	21.38101545
1.786284075	21.31415485
1.753367056	21.31415485
1.7097461	21.29186868
1.673846535	21.38101545
2.124975845	24.61257012
2.112342119	24.52342337
2.069125125	24.5679978
2.073635893	24.59028397
2.092470129	24.5679978
2.434257764	26.66293501
2.413426386	26.66293501
2.463672562	26.75208175
2.41779303	26.66293501
2.366040658	26.68522329
2.861519043	29.09217309
2.777922519	29.06988692
2.808621342	29.09217309
2.796922904	29.04760075
2.823454749	29.04760075
3.138393883	31.23168473
3.1082773	31.27625915
3.158483734	31.27625915
3.205374526	31.25397301
3.207654329	31.29854532
3.483958101	33.37119848
3.547669707	33.43805696
3.585882114	33.37119848
3.572286925	33.37119848
3.541389234	33.37119848
3.970403139	35.64442919
3.901981578	35.5775686
3.887548462	35.5775686
3.884547561	35.55528243
3.946202172	35.53299628
4.248679953	37.98452051
4.296499329	37.89537588
4.337044529	37.96223223
4.292206582	37.96223223
4.27478629	37.93994819
4.64719135	40.101746
4.693230168	40.07945772
4.622898769	40.05717366
4.567247875	39.99031307
4.590325221	40.05717366
4.999888015	42.3081161
4.951726445	42.39726498
5.014599484	42.46412559
5.048006492	42.35269266
5.015198323	42.39726498
5.402062037	44.55906278
5.33473122	44.55906278
5.295167593	44.51449047
5.368355929	44.5367745
5.405352462	44.49220219
5.372732309	43.33330067
5.356045883	43.37787298
5.463353705	43.37787298
5.412873069	43.33330067
5.392727036	43.33330067
5.691581775	46.78772118
5.762786216	46.78772118
5.785514664	46.74314887
5.819103302	46.74314887
5.786626156	46.78772118
6.087671958	49.08324018
6.099260587	49.08324018
6.108854787	49.0609519
6.087327849	49.08324018
6.060194291	49.03866787
6.456347039	51.26732625
6.391837088	51.2896103
6.448497646	51.24503797
6.512609222	51.26732625
6.517649561	51.26732625
6.814073829	53.49598465
6.821168608	53.47369637
6.810779573	53.45140809
6.849538788	53.47369637
6.779848045	53.47369637
7.142128696	55.68006649
7.181322676	55.63549417
7.180072647	55.68006649
7.181781701	55.65778246
7.10222096	55.63549417
7.24859827	53.24971484
7.213264825	53.29428716
7.174503695	53.27200312
7.171957031	53.29428716
7.188642818	53.24971484
7.434535376	56.68185132
7.456991218	56.59270245
7.390606223	56.63727476
7.351680379	56.61499073
7.4342749	56.63727476
7.631728494	58.01904637
7.5739341	58.0413304
7.554151967	58.01904637
7.51384841	58.01904637
7.539634898	58.06361869
7.846129628	60.20312819
7.80331069	60.20312819
7.795990548	60.15855587
7.786220143	60.18084415
7.851038452	60.18084415
8.164555821	62.43178659
8.139278155	62.49864719
8.091182023	62.43178659
8.151103	62.45407487
8.152633935	62.43178659
8.505805586	64.90559912
8.480750729	64.9278874
8.509665483	64.90559912
8.581576018	64.88331084
8.520216677	64.9278874
8.588628662	63.10038412
8.500134487	63.10038412
8.468908008	63.10038412
8.497915972	63.12267238
8.528707047	63.07810007
8.686618082	65.35133079
8.685495098	65.30675847
8.683749653	65.35133079
8.67865058	65.28447019
8.638089739	65.35133079
8.861136379	66.91139168
8.799010294	66.91139168
8.837804622	66.91139168
8.880953624	66.91139168
8.908522585	66.8891034
8.889316309	65.86392307
8.94439805	65.86392307
8.885963957	65.86392307
8.859501381	65.81935076
8.850301087	65.90849539
9.153258323	69.11776178
9.059887884	69.11776178
9.067914759	69.14005006
9.161210503	69.07318946
9.187706277	69.09547774
9.405338463	71.48014562
9.420312643	71.45785734
9.462163734	71.43556906
9.472571922	71.43556906
9.423639458	71.36871271
9.750050389	73.53050627
9.711872138	73.57508283
9.710774691	73.53050627
9.677857672	73.53050627
9.746534601	73.53050627
10.04863444	75.67002002
10.04048179	75.73687639
10.00784568	75.67002002
9.940536249	75.64773173
10.00048021	75.64773173
10.07948808	74.04310278
10.07837467	73.99852621
10.04292439	74.0208145
9.979308872	73.99852621
10.01903785	74.04310278
10.35147229	77.98782305
10.41333726	77.94325498
10.42972171	77.98782305
10.37971478	77.96553477
10.29786083	77.89867842
10.65372662	80.37249092
10.69373395	80.35020266
10.71407981	80.32791438
10.73195051	80.39477921
10.66671659	80.32791438
10.91666376	82.19998573
10.97196512	82.15541766
10.95800539	82.17770594
10.91575337	82.13312938
10.98813506	82.13312938
11.24475246	84.60694188
11.18937705	84.5846536
11.21883255	84.54007704
11.22688304	84.54007704
11.25142908	84.51779725
11.46918831	86.59044616
11.40826373	86.56815788
11.46531564	86.59044616
11.52869304	86.5458696
11.53446181	86.50130153
11.51222942	84.65150997
11.54567633	84.62923017
11.54009397	84.65150997
11.53066704	84.67379825
11.50753191	84.65150997
11.70442625	87.23675541
11.71820339	87.23675541
11.6545502	87.23675541
11.74606922	87.23675541
11.74690172	87.23675541
11.91001972	89.01968213
11.97624192	88.97511404
11.96901754	88.97511404
11.95005131	88.97511404
11.91199883	88.93053747
11.86942504	87.68248708
11.94899408	87.70477536
11.97394998	87.74935192
12.0194554	87.74935192
11.97196449	87.72706364
12.08515792	89.68827964
12.12184163	89.75514448
12.11487645	89.68827964
12.08501492	89.66599136
12.063721	89.64371157
12.24895776	91.47120635
12.27213885	91.47120635
12.25651029	91.47120635
12.2649349	91.44891807
12.25274105	91.40435
12.50344028	93.45471063
12.52859026	93.47699891
12.55579596	93.47699891
12.50600929	93.41014256
12.47323655	93.43243084
12.49299698	91.33748516
12.57420421	91.27062881
12.58068547	91.31520537
12.61393191	91.31520537
12.54793316	91.31520537
12.79392595	93.6330084
12.7584961	93.6330084
12.70006776	93.6330084
12.65528376	93.58843184
12.72479893	93.58843184
12.88534537	95.75023387
12.95469584	95.75023387
13.01145407	95.75023387
13.02271583	95.75023387
12.94496118	95.75023387
13.31729506	98.09032519
13.30724758	98.06803691
13.26339057	98.09032519
13.33462948	98.06803691
13.31910945	98.11261347
13.64272793	100.3412719
13.64319015	100.3635517
13.65813049	100.3635517
13.65907408	100.2966953
13.64043727	100.2966953
13.6413183	98.60291323
13.63709705	98.62520151
13.6965673	98.60291323
13.72091543	98.60291323
13.67815395	98.55834516
13.68814269	96.48568776
13.73718113	96.48568776
13.70631472	96.46339947
13.72469105	96.41883139
13.72689871	96.50797604
13.74821689	95.46050318
13.71498832	95.4382234
13.75494968	95.4382234
13.70256208	95.4382234
13.65500989	95.46050318
14.09989783	101.099014
14.09032661	101.099014
13.99561038	101.099014
13.99695617	101.099014
14.04418149	101.0767258
14.49612655	103.9516934
14.54149151	103.9294051
14.50469289	103.9516934
14.51503021	103.884837
14.5652127	103.9071253
14.52965007	101.5001691
14.56107956	101.4778809
14.58305914	101.5001691
14.54735477	101.4556011
14.56609883	101.5001691
15.04243159	105.1774555
14.9934953	105.1105992
14.98708044	105.1328874
15.01202357	105.0660226
15.08790636	105.0883109
15.5091344	106.8935259
15.42312241	106.9158141
15.3982993	106.8935259
15.51048019	106.8935259
15.48320171	106.826661
15.52917445	104.2414241
15.50002412	104.1968475
15.47695029	104.2414241
15.52580869	104.2414241
15.53972756	104.2637039
15.94990069	107.3392576
16.02506973	107.2723927
15.9741556	107.294681
15.94695246	107.294681
15.96917081	107.2501129
16.43732028	108.6541643
16.39157354	108.5873079
16.41692526	108.5873079
16.50773946	108.4981548
16.44181093	108.5650197
16.41960535	105.6231872
16.53652334	105.6008989
16.52156639	105.6008989
16.45980293	105.5786191
16.46091889	105.6231872
16.95335137	108.6095877
17.00941628	108.631876
16.91109424	108.5650197
16.9147907	108.5650197
16.96376147	108.6095877
17.39628318	110.2810815
17.37865126	110.2810815
17.38769386	110.3033698
17.32356951	110.2810815
17.40722445	110.2588017
17.46440022	106.8712376
17.48721868	106.8935259
17.4064775	106.8712376
17.38733379	106.8712376
17.41805464	106.8712376
17.51207882	105.5786191
17.47160672	105.5786191
17.49831701	105.5786191
17.47701288	105.5563308
17.52889485	105.5563308
17.81691749	110.0136476
17.90783	109.9690711
17.91150859	109.9690711
17.85464565	109.924503
17.84481396	109.8799264
18.41677717	110.8828227
18.38491355	110.8605344
18.34516925	110.8159663
18.39284913	110.8159663
18.45686622	110.7936781
18.46724695	107.6066915
18.50216989	107.6066915
18.52001122	107.5844117
18.44455106	107.6289797
18.39521767	107.6066915
18.98095674	110.7491015
18.83790816	110.7268132
18.8900289	110.6822451
18.95615279	110.7045334
18.9846315	110.6376686
19.31943129	111.5959968
19.36127089	111.5737085
19.41839303	111.5514202
19.37606823	111.5514202
19.32804487	111.5514202
19.50851007	108.3867219
19.41836238	108.3644421
19.38071721	108.3867219
19.48277529	108.2975773
19.49430008	108.3421538
19.46739444	108.0078551
19.41346058	108.0301433
19.46404528	108.0078551
19.50165725	108.0078551
19.49712446	108.0078551
19.49100965	107.6958446
19.46447685	107.6958446
19.43681277	107.6735563
19.4813797	107.7404127
19.51100247	107.6958446
19.89021597	111.417699
19.87999867	111.3954107
19.93036886	111.3954107
19.93751663	111.3285544
19.89755655	111.3285544
20.3820279	112.1085848
20.28547685	112.1085848
20.34703601	112.0417285
20.40681526	112.0417285
20.46911627	112.0417285
20.47087832	109.612484
20.48907078	109.5679159
20.4889099	109.5679159
20.41329907	109.5902042
20.41350209	109.5679159
20.51411989	108.475875
20.48977049	108.475875
20.48037931	108.475875
20.45541575	108.4312985
20.53322657	108.4981548
20.82140882	111.7965743
20.74221134	111.7519978
20.77484362	111.7074297
20.85833002	111.6851414
20.90673514	111.6628531
20.86523008	109.6570606
20.82126326	109.6347723
20.8896114	109.6347723
20.94418623	109.6347723
20.90221767	109.6347723
20.93050997	104.4403302
21.05721623	104.3734654
21.01414192	104.4403302
20.96503964	104.3734654
21.05393857	104.4403302
20.86945004	104.7523407
20.96169175	104.7077641
20.99413634	104.6854843
20.90857635	104.7523407
21.00866043	104.7523407
20.83834997	102.5459706
20.83751236	102.5459706
20.9095774	102.5236823
20.82595566	102.5236823
20.88045643	102.4568259
20.59666781	97.57605726
20.7036328	97.57605726
20.63078506	97.55377747
20.67760818	97.57605726
20.62930903	97.53148919
20.49030676	93.09646067
20.43271347	93.09646067
20.50166812	93.14102876
20.44514099	93.09646067
20.51311246	93.11874047
20.24157898	89.06258727
20.23106162	89.01801071
20.28587394	89.08487555
20.21250015	89.08487555
20.26219999	89.08487555
20.1520978	89.39688603
20.1621772	89.39688603
20.25380092	89.44145411
20.19596503	89.37459774
20.22632325	89.39688603
19.90650083	84.7167034
20.02887732	84.73899168
20.00822438	84.73899168
19.95874798	84.69441512
19.9947805	84.73899168
19.7281935	80.63825344
19.71583621	80.59368537
19.78045087	80.61597365
19.68887056	80.66054172
19.63973125	80.61597365
19.46428149	75.73520497
19.32467273	75.77978153
19.33158811	75.75749325
19.42894997	75.77978153
19.41666163	75.80206981
19.33037894	77.80786237
19.35039729	77.78557409
19.42662994	77.78557409
19.37675389	77.78557409
19.34648887	77.80786237
19.07144662	71.07731062
18.9714698	71.12188294
18.89391945	71.0995989
18.98506435	71.12188294
19.02607017	71.0995989
18.73357219	66.93200854
18.77742665	66.90972026
18.79629967	66.97658085
18.75481376	66.97658085
18.66786584	66.95429257
18.68796846	67.46688486
18.68696614	67.46688486
18.68314072	67.44459658
18.72552553	67.51145717
18.76605381	67.46688486
18.34756333	62.27410994
18.33651608	62.25182591
18.41662267	62.36325882
18.44411949	62.27410994
18.42863138	62.29639823
18.17100527	58.6413959
18.08076438	58.68597246
18.07525224	58.66368418
18.07763483	58.6413959
18.15817555	58.68597246
17.66601632	53.13661051
17.7449712	53.11432648
17.81322741	53.18118283
17.7575762	53.11432648
17.72818965	53.11432648
17.68960217	54.62981078
17.70368064	54.65209907
17.69410815	54.65209907
17.68201517	54.65209907
17.67411917	54.65209907
17.54794535	55.27445287
17.63530569	55.25216458
17.64601329	55.27445287
17.64117278	55.25216458
17.66951998	55.27445287
17.25433397	49.1902146
17.29128326	49.1902146
17.27585516	49.16792632
17.31542453	49.21250288
17.37097232	49.23478691
16.91296482	44.57689257
16.90436145	44.5991766
16.97977053	44.5991766
17.00146027	44.57689257
16.91409738	44.5991766
16.88419371	45.08948483
16.87545882	45.08948483
16.8962586	45.11176889
16.86739939	45.08948483
16.92699094	45.11176889
16.89416841	46.00323224
16.83262201	45.93637165
16.81288457	46.00323224
16.81156814	45.98094821
16.81725137	46.00323224
16.50735385	39.94128225
16.50311729	39.96357054
16.4856539	40.07500345
16.51181387	39.98585457
16.51536732	39.96357054
16.05631791	34.99366144
16.08478002	35.06051993
16.07302541	35.06051993
16.02887727	35.03823376
16.0468565	35.03823376
15.60996543	31.22722834
15.63516266	31.22722834
15.58256182	31.24951449
15.58776751	31.24951449
15.6036923	31.27180066
15.63073201	32.09640553
15.60503809	32.09640553
15.6883087	32.1186917
15.64276243	32.14097785
15.63402882	32.14097785
15.20649573	26.74762537
15.18264813	26.8590583
15.19054413	26.8590583
15.21671048	26.88134445
15.16481574	26.88134445
14.72060453	22.35716707
14.74212955	22.3348809
14.69138142	22.35716707
14.76943612	22.26802031
14.72600685	22.3348809
14.66091721	23.00347841
14.69032547	23.11491135
14.70353058	22.91433167
14.67688924	22.86975933
14.71579849	23.02576458
14.1588152	18.54616163
14.2051761	18.54616163
14.20308591	18.59073395
14.22088128	18.59073395
14.24915952	18.54616163
14.22149672	19.70506315
14.23060444	19.68277698
14.18086118	19.70506315
14.18102461	19.70506315
14.200153	19.83878434
13.60573778	13.865979
13.57794984	13.79911945
13.62480488	13.79911945
13.65926688	13.77683331
13.61512896	13.865979
12.91449315	9.274943119
12.86928779	9.297229287
12.90788676	9.319516501
12.94533658	9.319516501
12.95103257	9.319516501
12.50526617	6.912565103
12.56891808	6.912565103
12.57541976	6.934851805
12.62751497	6.912565103
12.5541284	6.912565103
12.26627942	4.572473789
12.23137818	4.550187109
12.20498966	4.572473789
12.11316676	4.550187109
12.20667765	4.572473789
11.78178891	2.366101822
11.82111312	2.343815409
11.81754818	2.366101822
11.80482443	2.343815409
11.76734142	2.366101822
11.7849542	3.101559152
11.68802137	3.123845832
11.73951901	3.168418948
11.76455918	3.146132268
11.83237616	3.168418948
11.74251576	3.658723753
11.70453733	3.681010433
11.71088835	3.703296868
11.77778089	3.658723753
11.75141408	3.658723753
11.66768125	4.215888353
11.71825191	4.193601651
11.66888404	4.193601651
11.72949962	4.193601651
11.6447351	4.171315238
11.65325037	4.176329718
11.74023404	4.176329718
11.69987175	4.220902834
11.67958143	4.198616153
11.69217494	4.198616153
11.72118609	4.466055114
11.67030772	4.466055114
11.70184447	4.488341794
11.66593964	4.466055114
11.7355659	4.510628474
11.51473586	2.215110276
11.5088228	2.237396978
11.55278707	2.259683391
11.46754757	2.215110276
11.53586123	2.237396978
11.37275472	0.588189656
11.29185138	0.565903043
11.2780768	0.565903043
11.35075727	0.588189656
11.30575493	0.588189656
8.678992135	-6.521230582
8.786326133	-6.543517285
8.758119388	-6.543517285
8.703810138	-6.498943902
8.790488003	-6.521230582
8.730284206	-6.053212213
8.657203444	-6.030926044
8.759126818	-6.030926044
8.701773573	-6.075498915
8.653937917	-5.986352684
7.596516349	-8.772175665
7.56763607	-8.772175665
7.491365754	-8.749888985
7.610455009	-8.772175665
7.579391966	-8.772175665
7.530459502	-7.969858539
7.518705522	-7.969858539
7.429578671	-7.992145242
7.531132399	-7.969858539
7.501745213	-7.969858539
6.524648577	-10.95626068
6.552321601	-10.93397454
6.548996062	-10.95626068
6.554466059	-10.9116873
6.550343132	-10.95626068
5.795565974	-13.1403457
5.833484388	-13.11805954
5.806279327	-13.11805954
5.848730535	-13.09577339
5.811484379	-13.11805954
5.024152825	-15.4358647
5.107342036	-15.48043702
5.110423059	-15.41357749
5.053296453	-15.39129132
5.049338239	-15.4358647
4.501875735	-17.61994972
4.50126317	-17.55309017
4.484507794	-17.57537634
4.462567477	-17.50851679
4.502938388	-17.55309017
3.930470824	-19.84860706
3.938697206	-19.84860706
3.946719293	-19.82632089
3.946757918	-19.84860706
3.922675058	-19.80403474
3.465280119	-22.05497929
3.432034313	-22.05497929
3.340519127	-22.05497929
3.405502787	-22.05497929
3.43052285	-22.05497929
3.359699547	-21.14122977
3.451010438	-21.11894362
3.448357796	-21.14122977
3.360576738	-21.16351594
3.43539656	-21.11894362
2.940177375	-24.37278446
2.903461747	-24.30592386
2.984505861	-24.37278446
2.953034229	-24.32821212
2.910684211	-24.30592386
2.859157521	-23.39217434
2.908486764	-23.36988817
2.906467756	-23.36988817
2.896527531	-23.34760202
2.88917866	-23.36988817
2.46284804	-26.24485794
2.526993134	-26.24485794
2.467214844	-26.24485794
2.41700857	-26.24485794
2.507137902	-26.22257177
1.990864689	-28.71866833
1.987374757	-28.74095448
2.009070079	-28.76324065
2.056520288	-28.71866833
1.988212685	-28.74095448
1.503969404	-31.01418733
1.504945231	-30.99189905
1.478618798	-31.01418733
1.539803212	-30.94732673
1.50927373	-30.96961288
1.066521231	-33.35427864
1.052886859	-33.33199036
1.108666554	-33.35427864
1.059931842	-33.33199036
1.007846213	-33.30970419
0.667184953	-35.49379028
0.651532331	-35.47150411
0.639104417	-35.47150411
0.683065252	-35.44921583
0.628187247	-35.47150411
0.171230625	-37.58872747
0.204312876	-37.58872747
0.214965938	-37.6332998
0.259090708	-37.61101575
0.238067224	-37.58872747
-0.169156353	-39.63909236
-0.227220182	-39.66138064
-0.185239271	-39.66138064
-0.19615686	-39.66138064
-0.19313525	-39.66138064
-0.68743062	-42.24662606
-0.655020787	-42.24662606
-0.666143368	-42.22433778
-0.63548724	-42.17976547
-0.662692141	-42.17976547
-1.105927007	-44.27470267
-1.050554465	-44.25241862
-0.998962656	-44.27470267
-1.081783258	-44.25241862
-1.046087749	-44.20784208
-1.09627112	-42.67006947
-1.134393589	-42.67006947
-1.068941726	-42.64778119
-1.100678384	-42.64778119
-1.145232951	-42.71464178
-1.08076322	-41.97918368
-1.132050183	-41.93461136
-1.140071631	-41.95689964
-1.039822279	-41.95689964
-1.089356375	-41.95689964
-1.35980199	-45.143882
-1.408827823	-45.143882
-1.336534315	-45.09930544
-1.304086775	-45.12159372
-1.394520156	-45.16616603
-1.640741182	-46.61479399
-1.544021583	-46.61479399
-1.554635821	-46.59250996
-1.59094238	-46.57022167
-1.599307459	-46.59250996
-2.032899805	-48.84345239
-1.945753019	-48.84345239
-1.928997483	-48.82116834
-1.965061123	-48.84345239
-1.976551435	-48.79888005
-2.428319645	-51.11668311
-2.333110551	-51.11668311
-2.324581877	-51.09439905
-2.40064726	-51.09439905
-2.371134465	-51.07211077
-2.758567171	-53.41220211
-2.794835585	-53.41220211
-2.857369302	-53.36762977
-2.756586788	-53.38991805
-2.770526404	-53.38991805
-3.163675379	-55.61857645
-3.173821175	-55.57399989
-3.2525392	-55.59628817
-3.214250821	-55.59628817
-3.208821683	-55.52942758
-3.202197421	-51.96301841
-3.212605928	-51.96301841
-3.291200418	-51.96301841
-3.25270934	-51.98530669
-3.272093735	-51.94073013
-3.527830435	-55.8854589
-3.509156284	-55.90774293
-3.550707955	-55.86317062
-3.587179067	-55.84088233
-3.556623889	-55.84088233
-3.80773299	-57.89125145
-3.842526969	-57.86896317
-3.829098089	-57.86896317
-3.878669294	-57.84667489
-3.786316498	-57.84667489
-4.132638204	-60.07533329
-4.135493545	-60.07533329
-4.169822752	-60.03076096
-4.165290597	-60.03076096
-4.199843253	-60.05304924
-4.561214471	-62.10341413
-4.626136524	-62.03655351
-4.586437552	-62.08112585
-4.577744803	-62.0588418
-4.574088882	-62.03655351
-5.033158401	-64.30978423
-4.950951082	-64.26521192
-4.964178221	-64.2875002
-4.962198475	-64.26521192
-4.981038936	-64.24292788
-5.408463491	-66.47158629
-5.427098379	-66.47158629
-5.451651437	-66.449298
-5.381462725	-66.449298
-5.358993476	-66.42700972
-5.436509991	-64.9115254
-5.467573034	-64.9115254
-5.424549162	-64.93380945
-5.399325124	-64.95609773
-5.402548514	-64.93380945
-5.846098322	-68.90082223
-5.810275208	-68.83396163
-5.804768822	-68.8116776
-5.795032892	-68.8116776
-5.819584672	-68.78938932
-6.226743171	-71.196337
-6.238887866	-71.26320182
-6.162822483	-71.26320182
-6.221231039	-71.17405719
-6.285340061	-71.196337
-6.644825064	-73.06841684
-6.607087323	-73.04612856
-6.63535344	-73.11298491
-6.667195996	-73.04612856
-6.622192379	-73.04612856
-6.590767351	-71.39692304
-6.655381365	-71.41920282
-6.699280513	-71.37463476
-6.652745961	-71.28549011
-6.631070908	-71.39692304
-7.158950467	-75.34164331
-7.137927881	-75.36393159
-7.117887827	-75.29707522
-7.099924557	-75.29707522
-7.144456381	-75.27478694
-7.458554713	-77.90460047
-7.48877887	-77.90460047
-7.555173442	-77.86003238
-7.504470635	-77.86003238
-7.466819719	-77.88231219
-7.985716048	-79.93268131
-7.885301902	-79.93268131
-7.891752515	-79.88810474
-7.896322975	-79.86582494
-7.902631219	-79.91039303
-8.373513772	-82.04990678
-8.337408476	-82.04990678
-8.35302363	-82.04990678
-8.295631441	-82.0276185
-8.328081774	-82.00533021
-8.783684982	-83.72140058
-8.688679545	-83.6991123
-8.727805853	-83.6991123
-8.748460069	-83.6991123
-8.777478247	-83.72140058
-8.758134072	-81.8716175
-8.774252941	-81.8716175
-8.8279525	-81.8938973
-8.783255325	-81.91618558
-8.791313482	-81.91618558
-8.966735784	-84.88030634
-9.012843233	-84.92487441
-8.953307862	-84.88030634
-9.005901036	-84.85801806
-9.055434893	-84.85801806
-9.282804286	-86.55180014
-9.311683926	-86.55180014
-9.224068219	-86.52951186
-9.27213243	-86.50722358
-9.267561331	-86.52951186
-9.650878612	-88.93645952
-9.604872035	-88.93645952
-9.621940237	-88.86960318
-9.6583424	-88.89189146
-9.657875713	-88.86960318
-9.622203905	-86.84152234
-9.635391781	-86.8860989
-9.705657742	-86.84152234
-9.658064686	-86.8860989
-9.675224821	-86.86381062
-10.02444017	-90.9199638
-10.08287427	-90.9199638
-10.10805745	-90.9199638
-10.05158522	-90.85310745
-10.04348429	-90.87539573
-10.12250684	-88.73588198
-10.13136622	-88.75817024
-10.09977009	-88.78045852
-10.08270955	-88.73588198
-10.06887368	-88.78045852
-10.60007878	-93.26005511
-10.60028116	-93.23777533
-10.6258991	-93.2823434
-10.6152215	-93.23777533
-10.64263405	-93.21548705
-10.97160888	-95.26584767
-10.95542234	-95.19899132
-11.00438417	-95.24356789
-10.99907889	-95.19899132
-11.03648912	-95.22127961
-11.52305705	-97.51679436
-11.46072412	-97.53908264
-11.44266445	-97.49450607
-11.44417367	-97.49450607
-11.4579074	-97.51679436
-11.5354054	-95.17670304
-11.55136466	-95.17670304
-11.4743608	-95.13213498
-11.50438194	-95.15441476
-11.50290974	-95.13213498
-12.02901896	-100.0351834
-12.04202233	-99.99060688
-12.06482164	-100.0128952
-12.12728737	-100.0128952
-12.04618484	-100.0128952
-12.72357827	-103.0438723
-12.69077872	-102.9770074
-12.68712057	-102.9547191
-12.65336594	-102.9547191
-12.68291975	-102.9547191
-12.75753719	-100.3249056
-12.74041345	-100.3249056
-12.77755682	-100.3026174
-12.82580362	-100.3694822
-12.79939212	-100.3026174
-13.22791986	-104.3142025
-13.28400648	-104.3142025
-13.21851464	-104.3142025
-13.23827123	-104.2473461
-13.19330464	-104.2250578
-13.21980425	-102.0632558
-13.25100136	-102.0855441
-13.244658	-102.0632558
-13.2854608	-102.0632558
-13.29456087	-102.040976
-13.30571026	-100.235761
-13.32599292	-100.2580493
-13.32542472	-100.1911844
-13.23527703	-100.2803291
-13.26066451	-100.2580493
-13.70814827	-105.7405422
-13.69143312	-105.6959741
-13.71833237	-105.6736858
-13.66208487	-105.6736858
-13.70218669	-105.6959741
-13.70516812	-103.645605
-13.7282062	-103.6233167
-13.74476303	-103.6678932
-13.74035536	-103.6901815
-13.76359902	-103.645605
-14.17317841	-106.9217362
-14.19675532	-106.8771596
-14.19797726	-106.8548714
-14.18592131	-106.8325915
-14.15402066	-106.8325915
-14.66950398	-108.6823746
-14.6875062	-108.6600863
-14.6470341	-108.6600863
-14.64589515	-108.6377981
-14.62897442	-108.6155183
-14.71361764	-105.4953965
-14.70572164	-105.4953965
-14.68714613	-105.45082
-14.72872525	-105.4953965
-14.73672212	-105.4285317
-15.38161989	-109.2395392
-15.33082196	-109.1949627
-15.36604879	-109.2172509
-15.37766423	-109.1949627
-15.35742116	-109.1503946
-15.64339191	-109.7967038
-15.58512445	-109.7967038
-15.60947385	-109.7967038
-15.63745459	-109.7298475
-15.61457867	-109.7521273
-15.70743837	-107.0554574
-15.70307157	-107.0554574
-15.64739609	-107.0108808
-15.68719274	-107.0108808
-15.70364614	-107.0108808
-16.1866785	-109.930425
-16.11971956	-109.9081367
-16.12233326	-109.9527133
-16.11555833	-109.8858485
-16.15582231	-109.9081367
-16.58695098	-111.6019188
-16.5853013	-111.5796305
-16.52757905	-111.5573423
-16.53596919	-111.5573423
-16.56131963	-111.5573423
-16.63450829	-107.8354878
-16.651226	-107.8800559
-16.66855914	-107.8577676
-16.68837192	-107.8577676
-16.63057306	-107.8800559
-16.64335298	-106.5205726
-16.6609249	-106.4537162
-16.69997076	-106.4982928
-16.65023389	-106.5205726
-16.64166372	-106.5205726
-16.66678433	-106.2531387
-16.62463701	-106.2531387
-16.64566024	-106.2308504
-16.70023507	-106.2308504
-16.67592525	-106.2085621
-17.12669305	-111.1116106
-17.10175247	-111.0670425
-17.15892058	-111.0224659
-17.08336082	-111.0224659
-17.1219815	-111.0224659
-17.29610206	-111.6910635
-17.3398365	-111.6464869
-17.2652829	-111.6464869
-17.32657265	-111.6464869
-17.32963069	-111.6242071
-17.34194457	-109.1949627
-17.39517361	-109.1949627
-17.36176373	-109.1949627
-17.40170083	-109.2172509
-17.31730915	-109.1726829
-17.77014544	-112.5825268
-17.8094786	-112.5602386
-17.82549404	-112.5156705
-17.8420879	-112.5379503
-17.86428837	-112.5156705
-17.92744359	-109.0835298
-17.88781038	-109.0835298
-17.89562593	-109.1281063
-17.85200897	-109.105818
-17.86148059	-109.0612499
-18.2786687	-112.3150844
-18.3141394	-112.2928046
-18.35565213	-112.2705163
-18.29566986	-112.2928046
-18.30471119	-112.2036515
-18.74461178	-113.2288361
-18.78461656	-113.2065478
-18.83079998	-113.2065478
-18.83120474	-113.1619797
-18.8396983	-113.2065478
-18.86620812	-109.9972814
-18.85802355	-109.9749931
-18.87796401	-109.9972814
-18.93710995	-109.9749931
-18.88800511	-110.0195697
-19.31020227	-113.0728351
-19.348897	-113.0282585
-19.32609896	-113.0059702
-19.34503966	-113.0282585
-19.30588909	-112.9391139
-19.59302688	-113.7860007
-19.64760043	-113.7860007
-19.60898614	-113.7860007
-19.64076166	-113.7637124
-19.5696964	-113.7860007
-19.67029632	-111.4904859
-19.67466313	-111.4904859
-19.61878336	-111.4681976
-19.68396876	-111.4459093
-19.71738247	-111.4459093
-19.89625161	-113.9420101
-19.85930871	-113.9420101
-19.90665788	-113.9420101
-19.93137374	-113.9197219
-19.8795339	-113.8974336
-19.92340368	-110.7550236
-19.95580996	-110.7550236
-19.99513546	-110.7327437
-20.00799327	-110.7773118
-19.9982599	-110.7773118
-20.02306258	-107.7254463
-20.04446758	-107.6808698
-20.0184021	-107.7031581
-20.04926212	-107.7254463
-20.04241058	-107.7031581
-19.95294856	-102.4435225
-19.87308967	-102.3989545
-19.8935396	-102.4212343
-19.87935642	-102.4658108
-19.93111326	-102.4435225
-19.86861945	-102.7778213
-19.90014598	-102.8001096
-19.88574319	-102.7778213
-19.88929537	-102.755533
-19.93019521	-102.8001096
-19.60273089	-97.40675287
-19.63514355	-97.40675287
-19.61144151	-97.42904115
-19.61274772	-97.45132943
-19.62591453	-97.40675287
-19.39177595	-93.26145504
-19.418047	-93.21687847
-19.48463948	-93.26145504
-19.43182031	-93.21687847
-19.38959255	-93.26145504
-19.16237063	-89.0047158
-19.14322564	-89.0047158
-19.14114694	-88.93785095
-19.09436468	-89.0047158
-19.15059431	-89.02700408
-19.19478202	-89.31672627
-19.12983794	-89.29443799
-19.15565571	-89.31672627
-19.1316766	-89.29443799
-19.133777	-89.33901455
-18.90055903	-84.34682145
-18.77747517	-84.34682145
-18.83325662	-84.32453317
-18.84224815	-84.36910123
-18.86965942	-84.34682145
-18.79705939	-85.84001747
-18.79655121	-85.84001747
-18.81877722	-85.90688232
-18.81327147	-85.88459404
-18.85800312	-85.84001747
-18.45842141	-80.00093758
-18.46500865	-79.9786493
-18.52509178	-80.00093758
-18.55052267	-79.95636102
-18.49074342	-79.95636102
-18.16609964	-75.52133249
-18.1790979	-75.47675593
-18.17550487	-75.52133249
-18.21164719	-75.49904421
-18.14619238	-75.47675593
-17.8946466	-71.01943915
-17.82862103	-71.04172743
-17.86539412	-71.04172743
-17.83537426	-71.01943915
-17.83788836	-71.01943915
-17.51304284	-66.71813184
-17.51737389	-66.74041587
-17.48433046	-66.71813184
-17.5078014	-66.74041587
-17.44701983	-66.74041587
-17.48088043	-67.49816226
-17.44169539	-67.43130166
-17.46594009	-67.49816226
-17.48478374	-67.47587398
-17.51904528	-67.47587398
-17.17222528	-62.23852675
-17.18066011	-62.21623847
-17.11265289	-62.21623847
-17.11979938	-62.26081503
-17.10048712	-62.26081503
-17.06634433	-63.75401531
-17.07493877	-63.73172702
-17.08732925	-63.75401531
-17.08816686	-63.75401531
-17.109614	-63.77629934
-16.74087827	-57.98178751
-16.67246884	-58.02636407
-16.73530612	-58.00407579
-16.68220477	-58.02636407
-16.72959353	-58.00407579
-16.38040499	-54.01477896
-16.39585351	-54.01477896
-16.39023796	-54.05935127
-16.43154384	-54.05935127
-16.3407041	-54.05935127
-16.35276899	-55.32940573
-16.37450087	-55.28483341
-16.36489262	-55.3071217
-16.4026693	-55.3071217
-16.3083374	-55.28483341
-16.35919662	-55.19568878
-16.40432409	-55.21797282
-16.35223783	-55.2402611
-16.35093162	-55.21797282
-16.30970362	-55.1734005
-15.89891123	-49.02230161
-15.92134026	-49.06687818
-15.88817042	-49.02230161
-15.88927489	-49.06687818
-15.896867	-49.0445899
-15.59297831	-45.67931403
-15.57122345	-45.63474172
-15.59305875	-45.63474172
-15.55527696	-45.63474172
-15.57266884	-45.67931403
-15.57891771	-46.16962226
-15.55034196	-46.19190632
-15.56313976	-46.16962226
-15.54235914	-46.14733398
-15.56176715	-46.19190632
-15.06531773	-40.88769847
-15.11750104	-40.90998675
-15.09872761	-40.88769847
-15.1176683	-40.90998675
-15.10493434	-40.88769847
-15.08415244	-42.42547531
-15.11787132	-42.44775936
-15.12680795	-42.42547531
-15.13717847	-42.44775936
-15.02933118	-42.47004764
-14.59039205	-36.49724229
-14.63955435	-36.51953057
-14.65437211	-36.49724229
-14.68090492	-36.49724229
-14.6213887	-36.5418146
-14.09171581	-31.23760889
-14.03311892	-31.23760889
-14.05226263	-31.23760889
-14.05693333	-31.25989504
-14.07358719	-31.23760889
-13.54378279	-26.93629945
-13.58441705	-26.93629945
-13.59549878	-26.93629945
-13.55650271	-26.95858562
-13.60119733	-26.93629945
-13.07252293	-22.36754973
-13.06040058	-22.3898359
-13.1000338	-22.3898359
-13.00878419	-22.43440821
-13.03219128	-22.3898359
-13.00482726	-23.83846386
-13.05503401	-23.83846386
-12.96687692	-23.83846386
-13.02051583	-23.79388941
-13.01779871	-23.81617769
-12.98041401	-24.08361585
-12.95690605	-24.08361585
-12.97386381	-24.08361585
-13.00412627	-24.0613297
-13.00396283	-24.0613297
-12.43988541	-17.93251909
-12.41876514	-17.91023295
-12.46037491	-17.93251909
-12.38565532	-17.93251909
-12.42196364	-17.91023295
-11.81544649	-13.31919602
-11.86740763	-13.27462264
-11.77975234	-13.27462264
-11.81342908	-13.31919602
-11.74525714	-13.31919602
-11.29639567	-9.842489335
-11.29127042	-9.797915953
-11.26937256	-9.842489335
-11.27447355	-9.797915953
-11.29429271	-9.797915953
-11.1124881	-9.084745058
-11.15440687	-9.017885507
-11.09724132	-9.06245889
-11.14573455	-9.084745058
-11.17528453	-9.084745058
-10.70480929	-6.900659505
-10.72331905	-6.878373336
-10.72768713	-6.878373336
-10.7527107	-6.878373336
-10.68668514	-6.900659505
-10.72962793	-7.54697087
-10.70309513	-7.54697087
-10.72593147	-7.54697087
-10.69252159	-7.54697087
-10.67136111	-7.54697087
-8.690634392	0.253333716
-8.690634392	0.253333716
-8.690634392	0.253333716
-8.684974784	0.275620307
-8.690634392	0.253333716
-8.186963781	2.236839661
-8.214332916	2.236839661
-8.267396607	2.236839661
-8.270418256	2.236839661
-8.278404272	2.303699456
-8.166819025	1.991687269
-8.165108055	1.9694007
-8.113791725	2.013973816
-8.15439151	1.991687269
-8.168090123	2.058547065
-8.195524377	1.746534856
-8.173702487	1.746534856
-8.154448329	1.791107971
-8.142729462	1.81339454
-8.16462094	1.857967789
-7.426120979	3.172876133
-7.44327856	3.195162813
-7.388979524	3.150589697
-7.447248266	3.150589697
-7.461183733	3.150589697
-7.443791213	3.083729901
-7.430439902	2.905437172
-7.39755225	3.039156786
-7.404706403	2.99458367
-7.433622433	3.016870106
-7.483678519	2.43741907
-7.4265251	2.392845687
-7.454765042	2.41513239
-7.434947158	2.41513239
-7.450562313	2.41513239
-7.450872586	2.058547065
-7.476058957	2.058547065
-7.512669884	2.058547065
-7.538892413	2.080833634
-7.470889657	2.080833634
-7.573833229	1.323089735
-7.598581005	1.367662851
-7.60473092	1.323089735
-7.603620705	1.367662851
-7.689257944	1.367662851
-7.726868	1.144797006
-7.775364422	1.122510459
-7.717770492	1.122510459
-7.705374897	1.144797006
-7.73139824	1.144797006
-7.820218648	0.92193125
-7.864986688	0.877358068
-7.771016132	0.92193125
-7.793654563	0.899644615
-7.742974101	0.92193125
-7.881389016	0.632205654
-7.887500627	0.67677877
-7.948522242	0.609919041
-7.873526854	0.654492223
-7.909830061	0.67677877
-7.82055382	1.523669033
-7.84160705	1.568242149
-7.832709367	1.568242149
-7.873817336	1.54595558
-7.797552765	1.523669033
-7.664958978	2.325986159
-7.60249006	2.325986159
-7.629859196	2.325986159
-7.580724352	2.370559274
-7.562927711	2.370559274
-7.386452652	3.239735928
-7.369835814	3.239735928
-7.383466115	3.262022631
-7.323723258	3.284309044
-7.330874857	3.239735928
-7.324594065	3.306595746
-7.351124953	3.306595746
-7.385849343	3.284309044
-7.355856295	3.328882426
-7.37846089	3.284309044
-7.30108355	3.306595746
-7.33785919	3.306595746
-7.301720695	3.284309044
-7.328452685	3.306595746
-7.37715021	3.306595746
-7.316897254	3.328882426
-7.363717819	3.306595746
-7.27673415	3.306595746
-7.291746634	3.351168862
-7.283958529	3.306595746
-7.11037105	3.507174889
-7.158084767	3.529461591
-7.110568323	3.529461591
-7.097104649	3.507174889
-7.067045844	3.507174889
-7.046376305	3.596321387
-7.082279222	3.574034706
-7.045538058	3.596321387
-7.034022208	3.529461591
-7.058535045	3.529461591
-6.897419133	3.774614116
-6.857488414	3.796900529
-6.835891249	3.841473644
-6.799221588	3.796900529
-6.841642151	3.752327413
-6.370628722	3.644237585
-6.362133245	3.57737779
-6.369623207	3.644237585
-6.361129008	3.57737779
-6.353467948	3.621950905
-5.928832019	3.844816728
-5.879049178	3.911676546
-5.883563457	3.777956932
-5.854065186	3.822530048
-5.854446962	3.733383816
-6.21438652	2.039603468
-6.170987895	2.10646313
-6.215658256	2.10646313
-6.210255294	2.084176584
-6.206560748	2.084176584
-6.275890145	1.97274365
-6.250360941	1.97274365
-6.293719984	1.995030219
-6.308099154	1.950457103
-6.338083264	2.017316899
-6.258568489	1.948507025
-6.270265012	1.903933776
-6.294614412	1.903933776
-6.305895322	1.926220479
-6.368696219	1.926220479
-6.283719747	1.926220479
-6.307098747	1.948507025
-6.300987137	1.903933776
-6.318655455	1.926220479
-6.274454334	1.903933776
-6.433772451	1.413628994
-6.438339719	1.43591554
-6.445562821	1.43591554
-6.402578532	1.43591554
-6.393315672	1.413628994
-6.392448057	1.279909513
-6.381894948	1.30219606
-6.391411899	1.257622945
-6.394523566	1.324482629
-6.39332078	1.30219606
-6.385608647	1.190763149
-6.380603421	1.213049696
-6.371669349	1.190763149
-6.38946599	1.190763149
-6.428083476	1.190763149
-6.35998751	1.123903353
-6.378058672	1.079330238
-6.361153906	1.123903353
-6.411507497	1.101616784
-6.419766757	1.123903353
-6.415184805	0.967897304
-6.386833139	0.990183873
-6.39187284	0.990183873
-6.337154999	1.012470486
-6.408158975	0.990183873
-6.371348861	0.967897304
-6.38381149	0.990183873
-6.396844229	0.945610758
-6.421864611	0.945610758
-6.415382077	0.990183873
-6.404289502	0.74503146
-6.402743245	0.722744913
-6.447106525	0.74503146
-6.4778976	0.789604642
-6.475280071	0.722744913
-6.406348411	0.655885117
-6.405731696	0.700458299
-6.456826494	0.611312002
-6.420451145	0.655885117
-6.392209288	0.633598548
-6.385569064	0.566738819
-6.393993676	0.589025366
-6.427548478	0.566738819
-6.443127881	0.544452228
-6.390430007	0.566738819
-6.184505835	0.767318028
-6.18269974	0.789604642
-6.163959512	0.722744913
-6.202680422	0.789604642
-6.227467141	0.74503146
-6.161345175	1.123903353
-6.164002924	1.101616784
-6.165511515	1.101616784
-6.121711322	1.123903353
-6.143334024	1.101616784
-6.221577702	1.213049696
-6.209856919	1.235336264
-6.165727301	1.257622945
-6.15337065	1.30219606
-6.148677613	1.190763149
-6.108385548	1.43591554
-6.136404596	1.413628994
-6.156310582	1.480488789
-6.216053439	1.458202109
-6.198115068	1.480488789
-6.136530365	1.502775358
-6.166082902	1.502775358
-6.174805018	1.502775358
-6.173167467	1.413628994
-6.17594907	1.480488789
-6.139676507	1.591921723
-6.099372311	1.591921723
-6.140719049	1.502775358
-6.116462858	1.56963502
-6.158711047	1.636494838
-6.199796671	1.837074114
-6.144753874	1.747927749
-6.148080689	1.837074114
-6.128302387	1.747927749
-6.146238843	1.837074114
-6.195065967	1.814787545
-6.163328113	1.814787545
-6.110355717	1.88164723
-6.1133231	1.837074114
-6.07254775	1.747927749
-6.095870568	1.970793594
-6.119581548	1.993080141
-6.147456313	1.993080141
-6.155988818	1.970793594
-6.131410862	1.926220479
-6.110069704	1.926220479
-6.077768762	1.88164723
-6.094815257	2.059939959
-6.136978537	1.948507025
-6.162602866	1.903933776
-6.136695716	1.88164723
-6.151012321	1.903933776
-6.125086019	1.859360661
-6.16038435	1.88164723
-6.164551328	1.859360661
-6.171906584	1.837074114
-6.126435642	1.747927749
-6.168774487	1.88164723
-6.114532271	1.88164723
-6.109272315	1.837074114
-6.103072603	2.416525395
-6.101727448	2.416525395
-6.109043122	2.483384946
-6.103745499	2.416525395
-6.060749718	2.416525395
-5.601845231	4.600610415
-5.639060105	4.556037566
-5.65534624	4.556037566
-5.701859725	4.556037566
-5.660043747	4.556037566
-5.697628266	4.177165428
-5.688530758	4.154878748
-5.637817098	4.154878748
-5.635940777	4.132592312
-5.592233155	4.221738543
-4.978568244	6.650976355
-4.91589982	6.628689675
-4.928761462	6.695549204
-4.940681432	6.695549204
-4.987337923	6.673263035
-4.355735279	8.790488526
-4.34374604	8.745915144
-4.365450141	8.768201824
-4.329820788	8.745915144
-4.343559302	8.723628464
-3.728638296	11.08600592
-3.684804268	11.08600592
-3.663859569	10.99686023
-3.66014619	11.10829316
-3.702744554	11.06371978
-3.179763604	13.29237816
-3.12475177	13.33695154
-3.089924274	13.29237816
-3.131610334	13.31466433
-3.132921332	13.29237816
-2.535954179	15.45417703
-2.562190914	15.47646318
-2.586504244	15.45417703
-2.599262143	15.45417703
-2.630125998	15.43188979
-2.05880073	17.68283541
-2.142597399	17.68283541
-2.134062978	17.70512158
-2.086169226	17.68283541
-2.049063842	17.68283541
-1.581975429	19.91149277
-1.583582017	19.86692043
-1.60668873	19.93378105
-1.551152593	19.84463428
-1.531678498	19.84463428
-1.070768809	21.93957361
-1.036431621	22.00643207
-1.007751567	22.02871824
-0.985608153	22.05100652
-1.050644243	21.96185975
-1.018383043	21.11496871
-1.035069389	21.15954316
-1.04567868	21.18182931
-0.99966077	21.18182931
-1.026734715	21.20411548
-1.000864594	20.24579152
-0.998242118	20.29036595
-0.958540752	20.24579152
-1.008417521	20.24579152
-1.022920226	20.29036595
-0.859208252	22.47444993
-0.871328208	22.49673819
-0.813355295	22.47444993
-0.804656162	22.49673819
-0.797850348	22.42987759
-0.421158167	24.413384
-0.494305963	24.48024248
-0.519800134	24.45795632
-0.508518625	24.43567015
-0.479329909	24.45795632
-0.024757781	26.53060947
-0.008800754	26.53060947
0.005103632	26.55289564
-0.005042464	26.37460211
-0.021393476	26.53060947
0.4188638	28.87070078
0.423959561	28.82612636
0.471583899	28.87070078
0.534122524	28.82612636
0.516147205	28.82612636
1.023839713	31.09935919
0.986720762	31.09935919
0.952128924	31.09935919
0.93975352	31.18850595
0.917075746	31.07707302
1.513243755	33.23887082
1.452688985	33.30573142
1.455471067	33.23887082
1.502491298	33.23887082
1.504166995	33.23887082
1.466884928	32.05768103
1.424869603	32.07996931
1.461480689	32.07996931
1.538561641	32.07996931
1.539764108	32.05768103
2.045900144	35.31152398
1.975169093	35.33381015
1.947093066	35.35609629
1.935702028	35.33381015
1.959213021	35.33381015
2.526558528	37.69618974
2.454608411	37.62932914
2.505487582	37.62932914
2.554964779	37.67390146
2.554217986	37.60704086
3.032861192	39.76883865
3.025004456	39.85798755
3.022547491	39.81341521
3.010791595	39.81341521
3.018926682	39.88027158
3.522179446	42.08664593
3.5250134	42.10892998
3.455828287	42.10892998
3.470803424	42.08664593
3.478556735	42.06435765
3.579187625	40.72716262
3.538717759	40.72716262
3.532333223	40.72716262
3.532971645	40.7494509
3.61314176	40.70487857
3.739212793	42.55466165
3.708856802	42.53237762
3.685090281	42.59923821
3.688545738	42.53237762
3.722486146	42.51008933
4.087459979	44.71646368
4.127057761	44.73874774
4.06837213	44.67188712
4.027572519	44.67188712
4.051660486	44.6273148
4.157478551	42.46551702
4.156262677	42.4878053
4.114954883	42.4878053
4.118991623	42.4878053
4.116370583	42.44322874
4.710376258	46.72225624
4.649781107	46.69996796
4.607526534	46.65539564
4.615695777	46.69996796
4.658550467	46.67767968
5.132257397	48.77262113
5.089768204	48.77262113
5.137969356	48.77262113
5.172961245	48.7280488
5.162208629	48.7280488
5.662771084	51.17957304
5.689171733	51.15728476
5.69259112	51.11271245
5.645407293	51.11271245
5.588175348	51.09042417
6.187413845	53.22993792
6.176803916	53.25222195
6.211631093	53.20764964
6.201043508	53.20764964
6.195166837	53.20764964
6.209010372	51.73673764
6.174780758	51.71444936
6.240236212	51.73673764
6.287291716	51.71444936
6.236578056	51.71444936
6.756940839	55.34716341
6.803926117	55.36944744
6.760835211	55.32487513
6.755121976	55.32487513
6.765106251	55.28030279
6.878030268	52.35658007
6.804313639	52.35658007
6.757292609	52.35658007
6.755814025	52.33429603
6.845421607	52.37886835
7.06551427	55.8778612
7.068391636	55.85557292
7.087027802	55.85557292
7.127952544	55.90014948
7.091430358	55.83328886
7.415485513	57.77222083
7.453749313	57.79450911
7.395942789	57.81679314
7.363966165	57.74993254
7.463521633	57.77222083
7.849511348	60.04545154
7.817669431	60.00087923
7.812770183	60.02316751
7.769422632	60.04545154
7.742673404	59.95630691
8.363307326	62.0512441
8.322034006	62.02896007
8.240928284	62.02896007
8.239981505	61.9843835
8.289459819	62.02896007
8.75247638	64.19075787
8.80808418	64.16846959
8.895281721	64.14618554
8.846098357	64.12389725
8.817183604	64.14618554
9.320222177	66.28569506
9.326396353	66.30798334
9.340367571	66.28569506
9.389407929	66.28569506
9.275278572	66.24112275
9.340421837	63.27700623
9.38993335	63.29929452
9.397321803	63.29929452
9.415449147	63.29929452
9.393592782	63.32157855
9.608339941	67.04344147
9.656929573	66.99886491
9.630705766	67.02115319
9.621641456	67.02115319
9.551146301	66.99886491
9.881710804	69.09380634
9.893798041	69.09380634
9.897216788	69.04923403
9.879727228	69.07151806
9.877106507	69.02694575
10.31863252	70.96587769
10.26604318	70.98816597
10.28965775	70.92130537
10.25203237	70.92130537
10.32188847	70.92130537
10.80009691	73.14996802
10.79705547	73.17224781
10.75243746	73.12767974
10.83942113	73.12767974
10.91482638	73.12767974
11.34227137	75.51233912
11.30609201	75.44548277
11.30942202	75.46777106
11.30287182	75.46777106
11.33799394	75.44548277
11.37461636	73.77398897
11.35896609	73.79627725
11.36267532	73.79627725
11.28377535	73.77398897
11.30109956	73.75170069
11.8102025	77.62956461
11.92842669	77.62956461
11.92332187	77.67414118
11.87129562	77.65185289
11.87096364	77.65185289
12.35660714	79.85822299
12.32637149	79.85822299
12.38534888	79.83594321
12.43656945	79.83594321
12.36962455	79.79136665
12.81603577	81.95316868
12.79407023	81.9308804
12.80890332	81.88630383
12.90664057	81.88630383
12.88161699	81.88630383
13.45730731	84.27097173
13.4751729	84.22639517
13.40094745	84.22639517
13.37055858	84.22639517
13.37261046	84.20410689
13.91410947	86.56648648
13.85979511	86.49963011
13.81520392	86.56648648
13.84045988	86.52191839
13.88139292	86.5441982
14.39369563	88.66142367
14.39383736	88.68371195
14.29599286	88.63914388
14.32894435	88.6168556
14.4009864	88.6168556
14.43287939	86.25447601
14.32235201	86.27676429
14.32402851	86.27676429
14.41071339	86.25447601
14.43380766	86.29905257
14.56192611	89.53060724
14.59579055	89.4637424
14.60028376	89.48603068
14.6721496	89.48603068
14.67269098	89.4637424
14.7137134	87.52481468
14.72806257	87.48023812
14.63049259	87.48023812
14.57303209	87.5025264
14.7071798	87.52481468
15.08098332	91.15752448
15.15051126	91.15752448
15.0847449	91.11294792
14.97092709	91.09066811
15.06057681	91.11294792
15.55296587	92.94045119
15.55426442	92.96273947
15.60752283	92.94045119
15.5906353	92.89587463
15.52281705	92.87359482
16.03382121	95.19139788
16.00517779	95.14682131
16.06675738	95.16910959
16.10051201	95.16910959
16.07966116	95.19139788
16.10171735	93.25246167
16.16569997	93.25246167
16.09012872	93.25246167
16.08630202	93.23017339
16.14437158	93.25246167
16.71567721	97.62063382
16.739046	97.59834554
16.78552181	97.62063382
16.78055362	97.57605726
16.7349103	97.55377747
17.23779757	99.67100294
17.32555373	99.6041381
17.25296902	99.62642638
17.21877261	99.58184981
17.31117775	99.55957003
17.24545863	97.10804578
17.31100155	97.06346922
17.32174235	97.06346922
17.30741872	97.10804578
17.27056903	97.04118094
17.65035073	99.69328275
17.55880235	99.71557103
17.56806457	99.69328275
17.68312602	99.67100294
17.64651637	99.67100294
18.14742198	101.988806
18.19167609	101.9219411
18.19771939	101.9219411
18.13693782	101.9219411
18.06338654	101.9219411
18.74048375	104.4180419
18.71421908	104.3511856
18.76547923	104.3288973
18.76975793	104.2620325
18.762674	104.2843207
18.83162482	101.4762095
18.75102919	101.4762095
18.79469979	101.4762095
18.79222782	101.4316414
18.83283399	101.4539297
19.10851849	104.1060315
19.12565628	104.1060315
19.11126626	104.0614549
19.13732535	104.0391666
19.13781183	104.0614549
19.59844963	105.6438041
19.66201216	105.5769477
19.6689965	105.5100829
19.62796131	105.5546594
19.60481597	105.5323711
20.07347873	107.5158754
20.05460826	107.560452
20.1030849	107.4713073
20.14839751	107.4935871
20.14648097	107.4267308
20.15571765	104.2174644
20.20741193	104.2397527
20.24281241	104.2620325
20.2011937	104.2397527
20.16828817	104.2397527
20.70286541	107.6718849
20.76240334	107.60502
20.76976945	107.6273083
20.63626399	107.6273083
20.66568501	107.60502
21.03036422	108.6970695
21.03895099	108.6747812
21.17884321	108.6747812
21.12895567	108.6747812
21.10635554	108.6302046
21.25009617	106.0226794
21.16198632	105.9781028
21.09012431	105.9781028
21.15229764	105.9558145
21.16769892	105.9781028
21.19515488	101.6107706
21.20470439	101.5216175
21.16866038	101.5884823
21.21049998	101.566194
21.2723324	101.5439058
21.23958009	101.5439058
21.23971927	101.566194
21.1875334	101.5439058
21.19220665	101.566194
21.18003833	101.6107706
21.06682958	98.11177353
21.08705606	98.06719697
21.12228927	98.08948525
21.17111448	98.11177353
21.17076973	98.11177353
20.88524204	92.58470409
20.89752527	92.56241581
20.86877587	92.58470409
20.86061812	92.54012753
20.82886175	92.56241581
20.57940872	89.01885066
20.60916299	88.99656238
20.74747576	89.04113045
20.69396326	88.99656238
20.67223522	89.04113045
20.67456929	89.28628458
20.71938649	89.30857286
20.66632471	89.30857286
20.65138309	89.30857286
20.62904089	89.30857286
20.67861944	89.99945865
20.57450053	89.99945865
20.5484989	89.97717037
20.62081802	90.02174693
20.67340226	89.99945865
20.42072519	85.31927602
20.45908284	85.27469946
20.45838313	85.29698774
20.35843184	85.31927602
20.33662974	85.29698774
20.13966135	79.85906295
20.08303718	79.88135123
20.04387767	79.90363102
20.0545955	79.9259193
20.10654514	79.88135123
19.76840896	75.55774715
19.87172856	75.53546736
19.80649847	75.58003543
19.78688233	75.55774715
19.7700663	75.58003543
19.52092098	71.39016103
19.56693586	71.39016103
19.47480651	71.4570174
19.47322067	71.39016103
19.50795719	71.41244931
19.24780421	67.28942704
19.23869011	67.31171532
19.23301326	67.28942704
19.24088755	67.31171532
19.15589065	67.33399937
19.13731386	68.82720389
19.18923286	68.80491561
19.2044822	68.82720389
19.21490507	68.82720389
19.09684559	68.82720389
19.13316667	68.91634852
19.13127822	68.93863681
19.16337934	68.91634852
19.25255918	68.91634852
19.19045225	68.89406024
18.73338577	62.7429656
18.75254353	62.7429656
18.79267088	62.7429656
18.82302272	62.76524966
18.84824676	62.7429656
18.52625626	58.30793285
18.51336525	58.28564882
18.40031355	58.30793285
18.39665157	58.28564882
18.4627614	58.33022114
18.27336724	55.90098517
18.21408341	55.90098517
18.2296992	55.90098517
18.26445488	55.90098517
18.32947301	55.87869689
18.31776691	56.90193007
18.26852545	56.92421835
18.21804418	56.87964179
18.24270385	56.90193007
18.30933847	56.92421835
17.97003142	53.29150431
17.98215377	53.26921602
18.05503343	53.26921602
18.11027988	53.26921602
18.01973127	53.29150431
17.98893381	54.2944006
18.03171317	54.31668463
18.07995358	54.2944006
18.01828588	54.31668463
17.95084302	54.27211231
17.61015826	49.05705335
17.586446	49.0793374
17.63850673	49.0793374
17.71370259	49.10162568
17.68834065	49.10162568
17.32451821	44.57744828
17.30839806	44.57744828
17.26359236	44.55516425
17.26219038	44.59973656
17.29443578	44.59973656
17.27185353	45.24604579
17.2520382	45.24604579
17.22681799	45.26833408
17.25605898	45.24604579
17.28837716	45.31290639
17.3015146	45.29061811
17.27376752	45.31290639
17.25680721	45.31290639
17.30532215	45.33519467
17.25449996	45.29061811
16.87609469	40.16470381
16.90681809	40.16470381
16.89959244	40.16470381
16.89442505	40.14241976
16.84059462	40.20928038
16.40996263	35.90796882
16.47927351	35.81881992
16.45156857	35.93025285
16.47913562	35.90796882
16.51552182	35.95254114
16.41712828	37.13373093
16.37665618	37.13373093
16.34453846	37.04458206
16.40006071	37.08915862
16.45592005	37.13373093
15.93983661	31.18321174
16.03183572	31.20549789
16.0003577	31.25007234
15.95730766	31.29464466
15.90944774	31.18321174
15.44613368	26.97104695
15.50776945	26.97104695
15.51454438	27.03790755
15.51998629	26.99333523
15.50582354	27.03790755
14.93042052	22.31315258
14.98812617	22.3577249
15.02946525	22.33543875
14.96534346	22.31315258
14.92450746	22.33543875
14.9018486	23.04860858
14.9505142	23.07089475
14.99655206	23.04860858
14.9674145	22.98175012
14.96125117	23.07089475
14.36648737	18.0341272
14.33400959	18.07870162
14.42650794	18.10098779
14.44148149	18.07870162
14.48214894	18.05641334
14.29325658	18.99245115
14.37580833	18.92559055
14.40123666	18.99245115
14.4257827	18.970165
14.40303829	18.90330438
13.88063703	14.22312176
13.82451976	14.24540793
13.80573612	14.22312176
13.80352463	14.24540793
13.83223828	14.24540793
13.16001479	9.186354206
13.14076382	9.253213734
13.09461998	9.23092652
13.09083414	9.297787117
13.09083414	9.297787117
12.68841656	7.113701585
12.68172335	7.091414883
12.73602111	7.0468415
12.81368382	7.113701585
12.70825615	7.091414883
12.27144552	4.662177338
12.30607479	4.639890658
12.27500919	4.639890658
12.26578017	4.639890658
12.18497131	4.662177338
11.71574419	2.143793162
11.73485087	2.166079731
11.74092864	2.143793162
11.77450324	2.143793162
11.789321	2.232939527
11.73791529	3.079829768
11.69009368	3.057543087
11.69376589	3.079829768
11.69174592	3.079829768
11.70346734	3.102116203
11.75644867	3.391841843
11.80190302	3.436414959
11.75894235	3.414128523
11.76751124	3.414128523
11.72082092	3.414128523
11.79851427	3.506896497
11.72290856	3.529182932
11.74816324	3.484609816
11.70396531	3.506896497
11.71266317	3.529182932
11.4725413	1.478817259
11.48329232	1.478817259
11.46176474	1.501103805
11.51298914	1.501103805
11.51116836	1.478817259
11.36541032	1.85768913
11.33609655	1.924548926
11.34086173	1.87997581
11.32266416	1.924548926
11.32373671	1.87997581
10.76942969	0.342201466
10.77746359	0.364488058
10.76942969	0.342201466
10.78549621	0.386774649
10.76942969	0.342201466
8.287098936	-6.544352972
8.279077169	-6.566639674
8.286135558	-6.566639674
8.262787841	-6.566639674
8.304032431	-6.522066292
8.22471046	-6.054047922
8.229816556	-6.098621305
8.263036825	-6.076334603
8.221346616	-6.054047922
8.250708904	-6.031761754
6.856755506	-8.750724694
6.804756065	-8.683865143
6.821452706	-8.728437992
6.830653	-8.706151846
6.795428087	-8.728437992
5.771600903	-11.00166978
5.806398074	-11.02395592
5.804682635	-11.00166978
5.792519426	-10.95709639
5.787050068	-11.00166978
4.98314477	-13.0966091
4.985835717	-13.0966091
4.948551575	-13.0966091
4.951916057	-13.0966091
4.954021571	-13.05203572
4.970857707	-11.93770652
4.942511787	-11.95999266
4.990040042	-11.95999266
4.965349405	-11.95999266
4.982690213	-11.9822799
4.190334282	-15.52584611
4.197214552	-15.52584611
4.168968864	-15.50355994
4.160234617	-15.50355994
4.201174042	-15.48127273
4.180298932	-15.63727902
4.173914077	-15.63727902
4.20646145	-15.61499288
4.168014104	-15.72642579
4.174867879	-15.70413857
3.523952024	-17.48706529
3.570338462	-17.5093525
3.54401187	-17.53163867
3.585662178	-17.53163867
3.563623544	-17.5093525
2.922536189	-19.93858953
2.920556125	-19.96087568
2.942312895	-19.91630336
2.932576327	-19.91630336
2.936005928	-19.96087568
2.974885167	-18.98026769
2.981904612	-18.95797941
2.987478352	-18.98026769
2.961376484	-18.93569324
2.960030691	-18.93569324
2.525734964	-21.96666824
2.534469211	-21.96666824
2.548838007	-21.92209592
2.569774565	-21.98895652
2.564530091	-21.96666824
2.468812015	-21.03063257
2.496180991	-21.03063257
2.47797576	-20.98606025
2.495342903	-21.03063257
2.500587058	-21.05291871
1.915980705	-24.46276691
1.929285412	-24.48505308
1.923737368	-24.48505308
1.941205063	-24.48505308
1.889779403	-24.46276691
1.47760706	-26.55770623
1.491546038	-26.55770623
1.517036139	-26.53541795
1.509178765	-26.55770623
1.514014968	-26.53541795
1.101453188	-28.9869422
1.072659814	-28.94236986
1.08898649	-28.96465603
1.046761842	-28.92008372
1.041821735	-28.87550927
0.607247178	-31.01502304
0.639755926	-30.97044859
0.612208711	-30.97044859
0.646207137	-31.01502304
0.597128873	-30.99273476
0.154149944	-33.13224851
0.15055571	-33.08767406
0.192701084	-33.08767406
0.159554801	-33.04310174
0.174699429	-33.06538791
-0.268968387	-35.40547923
-0.314518932	-35.38319306
-0.309009034	-35.36090691
-0.3109887	-35.38319306
-0.311028282	-35.36090691
-0.784913851	-37.58956318
-0.747832966	-37.56727914
-0.741282601	-37.56727914
-0.713101473	-37.54499086
-0.750386254	-37.54499086
-1.292811132	-39.46163879
-1.290713758	-39.50621111
-1.278325026	-39.48392282
-1.225427246	-39.48392282
-1.28856906	-39.48392282
-1.720989823	-42.4257553
-1.729848242	-42.44803933
-1.735765931	-42.4257553
-1.729867554	-42.33660642
-1.731807558	-42.38117874
-2.057474249	-44.29782664
-2.091901614	-44.29782664
-2.079413449	-44.23096605
-2.102349544	-44.27553836
-2.108166522	-44.20868201
-2.172376735	-42.71547749
-2.128745086	-42.69319346
-2.152294544	-42.67090518
-2.153600755	-42.69319346
-2.179802376	-42.69319346
-2.544502805	-46.70477858
-2.601399897	-46.72706261
-2.564892874	-46.66020626
-2.58182605	-46.68249029
-2.574502875	-46.63791798
-2.99626463	-48.62142226
-3.004059758	-48.57684992
-3.03042689	-48.57684992
-3.047856758	-48.5991382
-3.029285712	-48.55456589
-3.465587838	-50.98380185
-3.48812093	-50.96151357
-3.493607844	-50.8946572
-3.479874118	-50.87236892
-3.513015862	-50.93922954
-3.844043539	-53.36846548
-3.876123268	-53.36846548
-3.865164123	-53.39075376
-3.864492184	-53.39075376
-3.874736936	-53.39075376
-4.302801508	-55.19596453
-4.303843093	-55.17368047
-4.281843722	-55.17368047
-4.283354547	-55.17368047
-4.322616519	-55.19596453
-4.36855702	-52.63328734
-4.36888868	-52.63328734
-4.357171409	-52.61099906
-4.318377719	-52.61099906
-4.36586735	-52.63328734
-4.34641592	-52.4104215
-4.370800753	-52.38813322
-4.335498591	-52.4104215
-4.326802969	-52.38813322
-4.355847961	-52.38813322
-4.659828906	-55.90941435
-4.66272351	-55.88713029
-4.632420827	-55.93170263
-4.664157724	-55.93170263
-4.63454326	-55.86484201
-4.904646043	-57.80377397
-4.896486695	-57.75920166
-4.911135918	-57.73691338
-4.887791073	-57.73691338
-4.915971962	-57.75920166
-5.230482714	-59.94328775
-5.240219601	-59.94328775
-5.243912871	-59.94328775
-5.243873927	-59.96557178
-5.237770935	-59.89871541
-5.582447429	-61.99365262
-5.601628168	-61.97136434
-5.572444	-61.9490803
-5.612282787	-61.92679202
-5.582894962	-61.92679202
-6.03791593	-64.40060453
-6.067568699	-64.44517684
-6.063854362	-64.35603221
-6.068016233	-64.37831625
-6.081077063	-64.40060453
-6.451004089	-66.4509694
-6.479389591	-66.4509694
-6.464308157	-66.42868112
-6.50159198	-66.42868112
-6.492390409	-66.40639709
-6.5065589	-64.60118209
-6.505787687	-64.55660978
-6.50528908	-64.55660978
-6.523722866	-64.57889806
-6.518351824	-64.57889806
-6.926064473	-68.59048317
-6.948531807	-68.61276721
-6.926022976	-68.61276721
-6.95155218	-68.61276721
-6.895125284	-68.61276721
-7.43683114	-70.9751468
-7.431057255	-70.90828621
-7.416587429	-70.93057449
-7.419383077	-70.86371389
-7.449445075	-70.86371389
-7.455305147	-69.10307121
-7.450345888	-69.05849887
-7.446775196	-69.08078716
-7.485367144	-69.10307121
-7.45252929	-69.05849887
-7.74051107	-71.46545081
-7.697351214	-71.46545081
-7.711123884	-71.46545081
-7.711490977	-71.44316253
-7.698492712	-71.48773909
-7.972809716	-73.40438699
-8.00048274	-73.4266668
-7.978648082	-73.4266668
-7.998543215	-73.38209871
-7.972809716	-73.40438699
-8.424093364	-75.52161249
-8.423318958	-75.47703592
-8.437767078	-75.47703592
-8.45472611	-75.47703592
-8.455132146	-75.43245936
-8.901644231	-77.4605402
-8.920155904	-77.43825192
-8.911119685	-77.41597211
-8.93564529	-77.41597211
-8.899707898	-77.41597211
-9.473120326	-79.88977614
-9.435203827	-79.86749636
-9.468916319	-79.88977614
-9.471304016	-79.86749636
-9.47416223	-79.86749636
-9.940225338	-82.16301111
-9.933881342	-82.14072283
-9.932836885	-82.16301111
-9.911207798	-82.14072283
-9.902143488	-82.14072283
-9.993152406	-80.26865148
-9.990599358	-80.29093974
-10.00121312	-80.26865148
-10.00524794	-80.26865148
-9.991437606	-80.29093974
-10.48224849	-84.50310242
-10.5042868	-84.48081414
-10.49639081	-84.48081414
-10.49512609	-84.43624607
-10.48924751	-84.43624607
-10.96249222	-86.55347154
-10.93440933	-86.57575135
-10.92940921	-86.55347154
-10.95090104	-86.55347154
-10.97730615	-86.53118326
-11.47291286	-88.42554291
-11.49101722	-88.44783119
-11.46807746	-88.40325463
-11.46370938	-88.40325463
-11.48201548	-88.40325463
-11.50181549	-86.13001966
-11.51705844	-86.15230794
-11.5029174	-86.17459622
-11.5133275	-86.17459622
-11.4819593	-86.15230794
-11.55733008	-85.43914234
-11.54145125	-85.39456578
-11.54951197	-85.39456578
-11.54773588	-85.34998921
-11.54888248	-85.3722775
-12.10905277	-90.7879225
-12.1461323	-90.81020229
-12.11227807	-90.76563422
-12.14133264	-90.76563422
-12.13149967	-90.72105766
-12.60488292	-93.15029362
-12.6382047	-93.10572553
-12.65290627	-93.15029362
-12.64253575	-93.12801382
-12.64353935	-93.12801382
-12.7326196	-90.58733646
-12.77396378	-90.56505666
-12.72429203	-90.54276838
-12.77043714	-90.56505666
-12.73850202	-90.58733646
-13.37074372	-95.55724978
-13.4089009	-95.5349615
-13.40231367	-95.55724978
-13.42606806	-95.51267322
-13.38664169	-95.49038494
-13.96572331	-97.78590816
-13.9312945	-97.78590816
-13.93721012	-97.7636199
-13.96062232	-97.71904334
-13.9262331	-97.69676353
-13.97146016	-94.75493105
-13.93572898	-94.73264277
-13.96427792	-94.73264277
-13.94597565	-94.73264277
-13.9665009	-94.71035449
-14.26991461	-97.83047625
-14.30403825	-97.80819644
-14.28905449	-97.83047625
-14.28120191	-97.80819644
-14.26612111	-97.78590816
-14.71820023	-99.92542193
-14.74601498	-99.85855709
-14.75185654	-99.88084537
-14.72379153	-99.79170072
-14.74138387	-99.813989
-15.18347297	-101.9757826
-15.1603736	-101.9312145
-15.20370072	-101.9312145
-15.17055643	-101.8643496
-15.22651408	-101.8420614
-15.20803178	-99.14539149
-15.26206906	-99.1676713
-15.22438175	-99.21224786
-15.23658071	-99.14539149
-15.24211711	-99.14539149
-15.61188964	-102.1540803
-15.62821535	-102.1317921
-15.61554396	-102.1763601
-15.6403377	-102.1095038
-15.62770717	-102.1317921
-16.11249774	-104.0707198
-16.07568124	-104.093008
-16.10074184	-104.0707198
-16.07659929	-104.04844
-16.10574324	-104.093008
-16.07609621	-101.5523392
-16.09923517	-101.5746275
-16.08352233	-101.5300509
-16.08570574	-101.5300509
-16.08482982	-101.5523392
-16.41245631	-104.561028
-16.40459989	-104.5387397
-16.41306919	-104.4941716
-16.4050072	-104.4941716
-16.42959665	-104.4495951
-16.99093525	-106.3885313
-16.98408371	-106.366243
-16.99735266	-106.366243
-16.99838946	-106.3439547
-17.00473665	-106.366243
-17.07574062	-103.8924305
-17.0899404	-103.937007
-17.07335293	-103.9147188
-17.07079924	-103.937007
-17.05508768	-103.8924305
-17.31949638	-106.834263
-17.34886378	-106.7451098
-17.31251588	-106.7896864
-17.36260006	-106.7673981
-17.31812761	-106.7451098
-17.93610059	-108.5503248
-17.91867679	-108.5280366
-17.95081748	-108.4834685
-17.93542897	-108.5503248
-17.96018568	-108.5057568
-17.94428898	-105.5639243
-17.97353636	-105.6530689
-17.96557779	-105.5862126
-17.95802526	-105.5862126
-17.95882201	-105.6085009
-18.32314753	-108.9514884
-18.36167755	-108.9069119
-18.34535311	-108.9292002
-18.37316659	-108.8623353
-18.36016449	-108.9069119
-19.03002072	-110.9795608
-19.00536743	-110.957281
-19.02387655	-110.9349927
-19.03735236	-110.9127044
-19.05535074	-110.8904161
-19.11052058	-108.2383144
-19.10404443	-108.1937378
-19.11592674	-108.2160261
-19.11472395	-108.2383144
-19.10722888	-108.1937378
-19.15724028	-106.3439547
-19.17927859	-106.3216664
-19.13487254	-106.366243
-19.15968926	-106.3885313
-19.14532094	-106.3439547
-19.67521345	-111.2024266
-19.71437806	-111.1801468
-19.69540289	-111.1801468
-19.70864503	-111.0909937
-19.68886545	-111.0687139
-19.76900907	-105.495668
-19.76749729	-105.495668
-19.74768196	-105.495668
-19.76364123	-105.495668
-19.74096832	-105.495668
-19.76315602	-105.4733882
-19.77894802	-105.4733882
-19.76336287	-105.4510999
-19.80242023	-105.495668
-19.79124147	-105.4510999
-19.66870027	-102.1304006
-19.70504561	-102.0858241
-19.68868287	-102.1304006
-19.71941521	-102.1304006
-19.69607068	-102.1304006
-19.45466559	-97.60621898
-19.49980455	-97.62850726
-19.45319211	-97.5839307
-19.4754194	-97.65079554
-19.44795067	-97.60621898
-19.50701233	-97.73994019
-19.51933898	-97.69536363
-19.54354409	-97.78451674
-19.51762673	-97.71765191
-19.55722036	-97.73994019
-19.20482567	-92.50259294
-19.21792991	-92.50259294
-19.19378864	-92.48030466
-19.20288998	-92.45801638
-19.2137674	-92.48030466
-19.03491869	-88.62472904
-19.02279251	-88.64701733
-19.04771522	-88.60244076
-19.02295595	-88.64701733
-19.03424324	-88.62472904
-18.97887804	-89.1150288
-18.97010357	-89.13731708
-18.9423284	-89.18189364
-18.92577541	-89.13731708
-18.95422475	-89.09274899
-18.98864972	-89.71676996
-19.01501526	-89.71676996
-19.02122199	-89.71676996
-19.00977637	-89.73905824
-18.94444796	-89.73905824
-18.94977112	-90.18478991
-18.94632109	-90.14021335
-18.95270786	-90.14021335
-18.922236	-90.18478991
-18.92966467	-90.16250163
-18.60515368	-84.41256637
-18.59037678	-84.41256637
-18.60774695	-84.3679898
-18.59319477	-84.43484615
-18.59927382	-84.41256637
-18.30285977	-80.06668249
-18.31300301	-80.02210593
-18.34020616	-80.02210593
-18.35040941	-80.04439421
-18.37324575	-80.04439421
-18.02010538	-75.58707741
-17.99924432	-75.60936569
-17.98716155	-75.60936569
-17.98471129	-75.56478913
-17.97736306	-75.54250084
-17.68710849	-71.64234866
-17.68324604	-71.64234866
-17.72345384	-71.59778057
-17.73134984	-71.59778057
-17.74323214	-71.62006038
-17.3567368	-66.62786726
-17.37826565	-66.60558322
-17.35959565	-66.62786726
-17.3474733	-66.65015554
-17.31395616	-66.60558322
-17.33093307	-66.80616079
-17.37013726	-66.76158845
-17.32309453	-66.67244382
-17.31168338	-66.67244382
-17.30033735	-66.62786726
-17.23573547	-66.31585678
-17.21948636	-66.2935685
-17.19567323	-66.27128447
-17.18946522	-66.27128447
-17.15114205	-66.2935685
-17.18462982	-66.87302138
-17.20007707	-66.87302138
-17.15632348	-66.82844907
-17.16334484	-66.8507331
-17.16958605	-66.82844907
-16.8832897	-62.46027692
-16.88184049	-62.52713751
-16.87250676	-62.48256518
-16.86394297	-62.48256518
-16.9207957	-62.52713751
-16.50038356	-58.1366813
-16.52291474	-58.11439302
-16.54938625	-58.15896536
-16.50970963	-58.18125364
-16.56197593	-58.15896536
-16.36752164	-55.84116231
-16.33517665	-55.79658999
-16.36197248	-55.84116231
-16.35824027	-55.86345059
-16.3835639	-55.88573464
-16.30927077	-57.02346781
-16.27941179	-57.00117952
-16.27531313	-57.04575184
-16.30120751	-57.02346781
-16.28925243	-57.04575184
-16.04427856	-53.36846548
-16.09052071	-53.43532608
-16.0923632	-53.43532608
-16.08981079	-53.45761436
-16.1033466	-53.39075376
-15.72886891	-49.06715392
-15.72407181	-49.02258161
-15.7124155	-49.06715392
-15.7005996	-49.00029757
-15.68390998	-49.04486989
-15.25597213	-44.45383189
-15.27636332	-44.40925958
-15.28001765	-44.43154786
-15.27762739	-44.45383189
-15.29130366	-44.40925958
-15.18550188	-46.08075338
-15.16860541	-46.03618104
-15.16850071	-46.10304166
-15.1423765	-46.0584651
-15.1837858	-46.10304166
-15.17227378	-46.25904689
-15.18671999	-46.25904689
-15.1630754	-46.23675861
-15.22017839	-46.23675861
-15.16723536	-46.25904689
-14.69554392	-39.88508218
-14.7159964	-39.90737046
-14.71465061	-39.90737046
-14.71948857	-39.92965449
-14.72224016	-39.88508218
-14.3647598	-36.25236813
-14.34433159	-36.31922875
-14.34463548	-36.34151703
-14.35071836	-36.31922875
-14.3330826	-36.31922875
-13.83331849	-31.41618028
-13.83492731	-31.46075471
-13.83462343	-31.43846642
-13.88123586	-31.48304087
-13.86464584	-31.46075471
-13.32293871	-27.24858991
-13.2955351	-27.27087608
-13.31295635	-27.29316223
-13.26396004	-27.27087608
-13.31538746	-27.24858991
-12.73176156	-22.30096699
-12.70955598	-22.32325527
-12.74284201	-22.30096699
-12.75888426	-22.34554144
-12.7533134	-22.36782759
-12.69714123	-24.08389373
-12.68693798	-24.06160756
-12.68673496	-24.08389373
-12.70759092	-24.06160756
-12.71107925	-24.08389373
-12.75920731	-24.32904783
-12.75547126	-24.351334
-12.7779437	-24.37362015
-12.72478233	-24.32904783
-12.71467229	-24.351334
-12.14367054	-17.84365021
-12.10923919	-17.84365021
-12.09779101	-17.86593849
-12.06940551	-17.86593849
-12.09950581	-17.84365021
-11.43460246	-13.43090786
-11.46049812	-13.40862062
-11.45478552	-13.40862062
-11.45921106	-13.47548017
-11.43829253	-13.43090786
-10.87305446	-9.486182269
-10.82572954	-9.463895055
-10.83103482	-9.508468437
-10.81626047	-9.508468437
-10.81219628	-9.530755651
-10.39892681	-6.967797959
-10.41582391	-7.012371342
-10.37831026	-6.945511279
-10.40565769	-6.967797959
-10.38616987	-6.967797959
-10.40167777	-7.658682173
-10.38102483	-7.658682173
-10.40147411	-7.680968876
-10.40361729	-7.703255556
-10.4262902	-7.703255556
-10.2546448	-6.611212523
-10.23213852	-6.611212523
-10.26489082	-6.611212523
-10.24493376	-6.588926354
-10.24268588	-6.633499203
-8.759649685	-0.214963134
-8.73905165	-0.125816792
-8.733902779	-0.103530201
-8.697856218	0.052475871
-8.697856218	0.052475871
-8.543373507	0.72107336
-8.565679958	0.698786813
-8.560169103	0.72107336
-8.579711189	0.765646542
-8.535784589	0.698786813
-7.635416017	2.191987886
-7.630177768	2.169701339
-7.63494167	2.214274566
-7.650996059	2.169701339
-7.63720679	2.035981859
-7.555910819	1.87997581
-7.531693571	1.85768913
-7.574893647	1.768542899
-7.519298615	1.87997581
-7.551743841	1.902262379
-7.547742214	1.924548926
-7.533295371	1.924548926
-7.522321542	1.87997581
-7.501996751	1.87997581
-7.544720565	1.924548926
-7.528860256	1.634823286
-7.528117133	1.59025017
-7.534137449	1.567963623
-7.531338609	1.612536739
-7.551537631	1.523390374
-6.664584213	3.261743972
-6.671099944	3.239457269
-6.689406046	3.239457269
-6.679799077	3.217170856
-6.67765015	3.239457269
-6.585982381	3.016591447
-6.597919588	2.905158514
-6.603054414	2.860585398
-6.651490824	2.905158514
-6.627837303	2.927445216
-6.636750307	2.59314646
-6.659024837	2.548573344
-6.635479209	2.526286642
-6.673525946	2.59314646
-6.648945437	2.548573344
-6.703362581	2.3257075
-6.701213654	2.347993913
-6.707255038	2.347993913
-6.688585674	2.3257075
-6.703054862	2.347993913
-6.819587876	2.125128224
-6.808464656	2.214274566
-6.767795283	2.191987886
-6.767233472	2.147414771
-6.751749194	2.125128224
-6.815247886	2.035981859
-6.828347659	2.035981859
-6.783910322	2.080554975
-6.805111027	1.991408744
-6.762895397	1.946835495
-6.809621476	1.87997581
-6.845834028	1.835402561
-6.815305982	1.746256197
-6.848706286	1.969122041
-6.835444354	1.85768913
-7.038678856	1.567963623
-7.014365845	1.59025017
-7.009999041	1.59025017
-6.996532814	1.567963623
-7.011982617	1.567963623
-7.037174096	1.367384325
-7.036679319	1.367384325
-7.000506988	1.32281121
-7.024523133	1.32281121
-7.010278031	1.345097779
-7.099470001	1.255951414
-7.108004421	1.233664845
-7.096413877	1.233664845
-7.088462974	1.189091618
-7.070555886	1.233664845
-7.140700547	1.099945321
-7.143249764	1.122231934
-7.182681237	1.099945321
-7.159645708	1.077658752
-7.167396785	1.099945321
-7.13697408	1.077658752
-7.121724102	1.099945321
-7.137373093	1.122231934
-7.133644072	1.099945321
-7.16692563	1.122231934
-7.12763461	1.122231934
-7.145267815	1.122231934
-7.125617197	1.122231934
-7.125087307	1.099945321
-7.12589108	1.077658752
-7.167324005	1.16680505
-7.168801951	1.144518503
-7.226738714	1.144518503
-7.210073356	1.122231934
-7.213327391	1.16680505
-7.147199679	1.189091618
-7.158789585	1.189091618
-7.128364326	1.16680505
-7.122721317	1.211378299
-7.137498862	1.211378299
-7.201608523	1.189091618
-7.205570568	1.255951414
-7.1889416	1.255951414
-7.191633185	1.255951414
-7.157678093	1.233664845
-7.158675946	1.345097779
-7.154946925	1.32281121
-7.166298062	1.389670894
-7.153943326	1.32281121
-7.14175075	1.367384325
-7.186746706	1.478817259
-7.163910365	1.478817259
-7.157051801	1.501103805
-7.176101664	1.434244143
-7.134048832	1.501103805
-6.891795916	2.414853731
-6.873656442	2.414853731
-6.869828466	2.437140411
-6.845778485	2.414853731
-6.850453646	2.392567295
-6.708195433	2.905158514
-6.729392946	2.927445216
-6.732744659	2.927445216
-6.715143375	2.949731896
-6.681357464	2.927445216
-6.518494831	3.350890203
-6.526756007	3.373176883
-6.502681127	3.328603767
-6.531123449	3.373176883
-6.516511255	3.373176883
-6.312680467	3.685188959
-6.327327136	3.707475639
-6.301597468	3.685188959
-6.309130205	3.662902546
-6.276612199	3.707475639
-6.211740901	3.640615843
-6.204552912	3.662902546
-6.239346891	3.685188959
-6.236181596	3.707475639
-6.261510974	3.685188959
-5.767525858	3.603842996
-5.724509009	3.58155656
-5.72800309	3.55926988
-5.696466977	3.58155656
-5.762122896	3.58155656
-5.747287892	3.536983178
-5.757248546	3.58155656
-5.754802753	3.626129676
-5.729911971	3.603842996
-5.717428274	3.55926988
-5.712820786	3.626129676
-5.700811436	3.55926988
-5.761119935	3.58155656
-5.702522406	3.58155656
-5.703017822	3.58155656
-5.726469602	3.536983178
-5.713474529	3.603842996
-5.699808476	3.55926988
-5.65358675	3.648416111
-5.747084874	3.626129676
-5.091643248	4.227867392
-5.126400517	4.227867392
-5.130238708	4.205580712
-5.088752794	4.205580712
-5.1234143	4.250154094
-5.284693009	3.068965075
-5.292247133	3.068965075
-5.351009056	3.068965075
-5.293887558	3.046678395
-5.349978005	2.935245462
-5.683379334	2.155215039
-5.598414354	2.155215039
-5.661688321	2.13292847
-5.562605285	2.13292847
-5.69799089	2.155215039
-5.643403287	2.155215039
-5.673499759	2.177501719
-5.651972182	2.155215039
-5.620070892	2.155215039
-5.61123386	2.088355354
-5.650078624	2.244361537
-5.61885023	2.244361537
-5.717554044	2.222074834
-5.64010967	2.199788288
-5.674900456	2.222074834
-5.642490344	2.222074834
-5.679830987	2.26664795
-5.639868985	2.26664795
-5.648425112	2.26664795
-5.682487459	2.244361537
-5.751573617	2.066068807
-5.750559165	2.066068807
-5.730886202	2.043782105
-5.705321885	2.021495558
-5.720477376	2.043782105
-5.774856215	1.910062647
-5.715714751	1.887776078
-5.811619724	1.910062647
-5.735827586	1.865489532
-5.780024238	1.887776078
-5.770277455	1.642623687
-5.803393662	1.664910234
-5.71404847	1.664910234
-5.802686929	1.642623687
-5.771787961	1.642623687
-5.845419042	1.464330958
-5.769828006	1.442044389
-5.790846123	1.464330958
-5.742857246	1.486617505
-5.798598477	1.486617505
-5.734767167	1.352898047
-5.817925415	1.375184593
-5.811812527	1.330611478
-5.765699972	1.375184593
-5.744646742	1.330611478
-5.801586928	1.219178566
-5.777130273	1.263751682
-5.741190966	1.263751682
-5.80608397	1.196891998
-5.778948497	1.241465113
-5.725287883	1.174605451
-5.815092099	1.152318749
-5.687604408	1.130032202
-5.768378789	1.130032202
-5.716462343	1.107745633
-5.73171232	1.08545902
-5.699398609	1.040885904
-5.739574482	1.063172451
-5.782522382	1.040885904
-5.682399357	1.130032202
-5.721033441	1.018599268
-5.686676143	1.063172451
-5.794991395	0.95173954
-5.66944642	0.996312722
-5.766784012	0.95173954
-5.711573948	0.63972733
-5.600807158	0.684300513
-5.634760335	0.706587148
-5.565267503	0.728873695
-5.701961234	0.728873695
-5.632337525	0.773446877
-5.555421764	0.773446877
-5.661217166	0.773446877
-5.598185799	0.728873695
-5.629315875	0.773446877
-5.566191299	0.907166357
-5.640011353	0.974026086
-5.588499027	0.884879811
-5.658412579	0.929452971
-5.588903787	0.818020059
-5.623724579	0.974026086
-5.616666828	0.974026086
-5.65153231	0.929452971
-5.591501524	0.996312722
-5.613718597	0.907166357
-5.594172042	0.974026086
-5.63093619	0.974026086
-5.635444085	0.95173954
-5.607732756	0.95173954
-5.598158346	1.063172451
-5.596479298	1.063172451
-5.649235269	1.08545902
-5.590025493	1.018599268
-5.612624342	1.08545902
-5.603999266	1.040885904
-5.595559332	1.018599268
-5.576759092	1.018599268
-5.543300692	0.996312722
-5.549190131	0.996312722
-5.640834278	0.974026086
-5.616971355	1.196891998
-5.560047129	1.308324931
-5.543387517	1.174605451
-5.534027617	1.196891998
-5.592664728	1.107745633
-5.570020552	1.241465113
-5.576063212	1.241465113
-5.52383777	1.241465113
-5.540833192	1.263751682
-5.527566791	1.263751682
-5.500363007	1.263751682
-5.607799151	1.241465113
-5.546186357	1.130032202
-5.546368307	1.263751682
-5.514644498	1.263751682
-5.540485252	1.375184593
-5.532533072	1.330611478
-5.57744348	1.263751682
-5.519159416	1.375184593
-5.543012763	1.375184593
-5.522488147	1.352898047
-5.496053661	1.308324931
-5.480183138	1.241465113
-5.534812876	1.286038362
-5.519432022	1.330611478
-5.565934653	1.798629714
-5.495274148	1.820916283
-5.481225042	1.865489532
-5.507061965	1.843202963
-5.538215663	1.910062647
-5.548983921	1.575763869
-5.472609542	1.598050438
-5.608996192	1.620337118
-5.511204683	1.575763869
-5.516973461	1.620337118
-5.511420469	1.731770052
-5.530234116	1.731770052
-5.553657806	1.798629714
-5.518679323	1.754056598
-5.53274822	1.731770052
-5.47958749	1.308324931
-5.53979448	1.486617505
-5.502819015	1.464330958
-5.596921724	1.397471273
-5.512867771	1.330611478
-5.485716338	1.486617505
-5.530387976	1.486617505
-5.490151453	1.531190754
-5.522581995	1.553477322
-5.549656817	1.575763869
-5.552283922	1.887776078
-5.488031893	1.932349194
-5.56917592	1.843202963
-5.486959345	1.887776078
-5.511306192	1.887776078
-5.493132882	1.865489532
-5.53834654	1.887776078
-5.495094113	1.820916283
-5.520171314	1.865489532
-5.519931268	1.932349194
-5.560947942	2.088355354
-5.468150167	2.021495558
-5.541241143	2.043782105
-5.459156083	2.066068807
-5.544119148	2.066068807
-5.538149906	1.99920899
-5.484345008	1.954635874
-5.510780771	1.99920899
-5.545031453	1.99920899
-5.555948462	1.99920899
-5.499225339	2.021495558
-5.556003367	2.043782105
-5.508288373	2.021495558
-5.540264997	1.954635874
-5.483741061	1.99920899
-5.535209336	1.860475029
-5.525142065	1.860475029
-5.466861194	1.860475029
-5.502778156	1.838188483
-5.601172973	1.838188483
-5.472527824	2.395353061
-5.463923816	2.373066381
-5.425942198	2.462212879
-5.480081629	2.395353061
-5.485417556	2.373066381
-5.085921713	3.84398104
-5.089306625	3.866267453
-5.0168662	3.821694338
-5.069360099	3.888554134
-5.014443709	3.888554134
-5.063636011	3.643401609
-4.997711317	3.57654208
-5.043621173	3.621115196
-5.091244873	3.57654208
-5.030154627	3.598828493
-4.823475841	4.490292117
-4.824347924	4.512578285
-4.836502515	4.557151668
-4.807223541	4.512578285
-4.888056018	4.557151668
-4.01395722	6.718950519
-4.019521384	6.852669599
-4.096698897	6.80809675
-4.024401479	6.741236688
-4.066617109	6.78581007
-3.254760588	8.791602628
-3.343288281	8.813889308
-3.303347028	8.836175988
-3.276121218	8.813889308
-3.311751848	8.836175988
-2.604529919	11.10940777
-2.665927884	11.06483439
-2.556437618	11.06483439
-2.617465937	11.10940777
-2.57989243	11.02026101
-2.001929812	13.18205988
-1.990043519	13.20434603
-1.94419096	13.20434603
-2.084979049	13.24891941
-1.995014589	13.15977265
-1.36180424	15.56672458
-1.481778028	15.49986398
-1.44463785	15.47757781
-1.428880806	15.49986398
-1.428076714	15.5221512
-0.988901291	17.77309574
-0.886543631	17.70623621
-0.901320298	17.70623621
-0.887415874	17.72852236
-0.903138842	17.68395005
-0.379214944	20.09089984
-0.37484822	20.09089984
-0.384180747	20.15776044
-0.400836608	20.06861367
-0.384089652	20.09089984
0.070586259	22.0966924
0.090072782	22.0966924
0.103833003	22.0966924
0.102157834	22.0966924
0.124686526	22.07440623
0.141943312	20.91550472
0.172169085	20.91550472
0.058888948	20.87093029
0.113063652	20.91550472
0.115975493	20.87093029
0.59366775	24.3922114
0.595720715	24.36992523
0.653714935	24.3253508
0.571538102	24.36992523
0.576343302	24.41449757
1.148734135	26.88830796
1.097402962	26.84373565
1.028161588	26.88830796
1.161052879	26.84373565
1.077148078	26.79916331
1.157979278	26.04141903
1.075706123	26.04141903
1.118689614	26.04141903
1.127293064	26.01913289
1.107807159	26.01913289
1.541080534	29.13925465
1.642145709	29.16154079
1.542790865	29.11696636
1.617379898	29.0946802
1.576580128	29.0946802
1.623463099	28.00263716
1.653745352	27.95806483
1.634506356	27.91349251
1.539227834	27.95806483
1.621844061	27.95806483
2.113512186	31.23419183
2.053095794	31.21190566
2.033444698	31.21190566
2.125775148	31.23419183
2.038140927	31.21190566
2.549119231	33.30684499
2.540233679	33.30684499
2.484210426	33.37370558
2.540858853	33.32913116
2.564272807	33.28455882
2.945807615	35.7137969
3.048633398	35.55778954
3.000233059	35.5800757
3.018903061	35.55778954
3.068614399	35.55778954
3.484649512	37.80873411
3.575161419	37.80873411
3.477022289	37.74187351
3.491234512	37.78645007
3.557967128	37.85330642
3.56899267	36.47153906
3.600581133	36.33782212
3.526574341	36.42696675
3.540244225	36.49382734
3.59293795	36.40467846
3.869587746	39.52480022
3.9676525	39.52480022
3.92436081	39.50251619
3.958714278	39.43565557
3.938664647	39.48022791
3.950647501	38.61105283
3.944023558	38.54419222
4.017575155	38.54419222
3.936874193	38.61105283
3.992211941	38.54419222
4.448499538	42.13233394
4.500710616	42.13233394
4.518344779	42.13233394
4.500710616	42.13233394
4.547896358	42.13233394
5.09779061	44.36099235
5.021582859	44.33870407
5.112767024	44.33870407
5.030716438	44.29413173
5.033008052	44.33870407
5.074275945	42.82321549
5.023761153	42.80093146
5.098046617	42.86778783
5.133724171	42.82321549
5.101502393	42.80093146
5.071174493	42.3997721
5.162558164	42.37748382
5.063786678	42.3997721
5.094662025	42.42205614
5.133100752	42.42205614
5.624580064	46.6565071
5.616154814	46.67879538
5.66457654	46.63422306
5.609274544	46.67879538
5.595096476	46.61193478
6.185130211	48.84059316
6.135487822	48.79602085
6.196646699	48.77373257
6.126281144	48.77373257
6.143892643	48.79602085
6.599082793	50.91324634
6.695944122	50.9355346
6.681697105	50.91324634
6.633639917	50.9355346
6.740980937	50.91324634
7.228018749	53.18647703
7.122766645	53.164193
7.211459369	53.14190472
7.206856987	53.18647703
7.191276946	53.164193
7.737212345	55.70486188
7.747711828	55.63800128
7.753697669	55.6825736
7.674135651	55.66028956
7.739318498	55.63800128
8.256011634	57.73294272
8.226346734	57.68836615
8.280757494	57.68836615
8.164696273	57.71065444
8.202838773	57.68836615
8.275657144	55.950016
8.28611449	55.92772772
8.310887164	55.97230004
8.232706691	55.92772772
8.236873669	55.950016
8.392850286	53.51771297
8.241887832	53.51771297
8.298810781	53.51771297
8.340989382	53.49542469
8.335585143	53.51771297
8.63617192	58.26475621
8.644384576	58.26475621
8.617157809	58.28704025
8.675955164	58.26475621
8.588313282	58.26475621
8.901459089	60.09225524
8.939292592	60.04768293
8.883316423	60.09225524
8.848217917	60.09225524
8.952704554	60.06996696
8.900328444	58.50990609
8.977278679	58.48762204
8.910739824	58.50990609
8.867899179	58.53219437
8.943820917	58.50990609
9.286839749	62.43234655
9.301745617	62.45463059
9.367849069	62.38777424
9.335427465	62.38777424
9.335899897	62.41005827
9.766592532	64.30441792
9.810639794	64.37127852
9.764231649	64.30441792
9.813091333	64.30441792
9.797785174	64.3267062
10.30428208	66.73365811
10.27446779	66.68908155
10.24608356	66.68908155
10.32687773	66.66679751
10.2690112	66.6222252
10.30176287	65.19588128
10.32489544	65.21816956
10.32880258	65.19588128
10.2688816	65.17359724
10.36285279	65.21816956
10.4030491	63.99240745
10.32515336	63.97011916
10.3815445	63.99240745
10.28042362	64.01469148
10.38490834	63.99240745
10.6327034	67.49140027
10.55805212	67.44682796
10.58904877	67.49140027
10.56375131	67.44682796
10.6452005	67.44682796
10.86623484	68.87316764
10.8251473	68.82859532
10.87328046	68.87316764
10.83421033	68.82859532
10.81054787	68.82859532
11.30727054	71.14639835
11.34488379	71.14639835
11.29871441	71.14639835
11.36624282	71.1241143
11.31247368	71.14639835
11.80765775	73.24133554
11.90730515	73.19676747
11.79714039	73.19676747
11.84372219	73.15219091
11.85641018	73.19676747
12.3877187	75.40313757
12.37391219	75.42542585
12.37672508	75.33628122
12.38502839	75.40313757
12.31829546	75.33628122
12.80105329	77.89923838
12.9633273	77.85466182
12.87815036	77.8769501
12.93370964	77.89923838
12.84919922	77.81008526
13.42415663	79.90503094
13.44013249	79.88274266
13.38055754	79.86045438
13.3674584	79.86045438
13.45699831	79.8381661
13.95790903	82.02225641
13.93905643	82.0668245
13.95723485	82.02225641
13.96564159	82.02225641
13.99938217	82.02225641
13.95783114	80.41761898
14.03152798	80.43990726
13.9057155	80.46219554
14.01167562	80.46219554
13.94393015	80.3953307
14.51796312	84.65206994
14.57808073	84.65206994
14.49217216	84.60749337
14.57078229	84.58521357
14.51970729	84.60749337
15.00152153	86.43499665
15.07199307	86.47957321
15.0000123	86.43499665
15.01076077	86.43499665
15.01535358	86.39042009
15.51386766	88.61907849
15.58711249	88.59679868
15.47161691	88.5745104
15.62943729	88.59679868
15.52786313	88.5745104
15.6154482	86.61328593
15.58071168	86.59100612
15.63180328	86.56871784
15.50996179	86.63557421
15.64254026	86.56871784
15.78967729	89.30996428
15.82747696	89.287676
15.80001589	89.35454085
15.85587906	89.26539622
15.78839789	89.26539622
16.16126166	91.11517928
16.0944636	91.092891
16.12508358	91.04832293
16.12790796	91.07060271
16.18385923	91.04832293
16.15248975	88.8865209
16.16431459	88.84194433
16.14718702	88.84194433
16.16055301	88.8865209
16.15320095	88.86423262
16.43617878	91.24890049
16.35876888	91.24890049
16.42533455	91.20432393
16.34846475	91.18203565
16.40803077	91.20432393
16.82855271	93.27698133
16.82686217	93.1655484
16.8258075	93.21011649
16.77916824	93.1655484
16.85540855	93.1655484
17.3099839	95.23819733
17.39529108	95.23819733
17.24603704	95.21590905
17.38475329	95.21590905
17.32015396	95.17134096
17.57773666	96.61996891
17.71252023	96.55310407
17.54421697	96.57539235
17.69021122	96.53081579
17.57265865	96.53081579
17.59390532	94.10157984
17.7261965	94.12386813
17.67225881	94.14615641
17.67430176	94.12386813
17.60458612	94.14615641
17.78403622	95.90679484
17.82266456	95.90679484
17.79884505	95.88450656
17.87914827	95.86221828
17.79501962	95.86221828
18.21360076	97.66743327
18.12898053	97.66743327
18.20033564	97.66743327
18.1553665	97.64514499
18.21228817	97.64514499
18.6773081	99.94066824
18.72458449	99.87380339
18.61765526	99.85152361
18.69233909	99.87380339
18.66003751	99.80694704
19.18922392	101.8127396
19.29908096	101.7904513
19.19348858	101.8795959
19.35399927	101.7904513
19.17948672	101.8127396
19.21920676	99.49493655
19.35603455	99.51722483
19.26655976	99.49493655
19.33117825	99.51722483
19.24181071	99.53950464
19.57484335	102.1247501
19.64035179	102.1024618
19.64640786	102.1024618
19.61249107	102.1024618
19.61198289	102.1024618
20.16647506	104.2642638
20.28257203	104.2196873
20.20834658	104.2196873
20.24872036	104.1751192
20.23793231	104.1974075
20.53191015	104.7545721
20.42230082	104.7322838
20.51555123	104.7991401
20.46981343	104.7322838
20.49311454	104.7545721
20.52299012	102.3921925
20.45428702	102.4144807
20.54879002	102.4367605
20.50268065	102.3921925
20.51940474	102.4367605
20.68299007	104.7099955
20.7645446	104.6431391
20.68251636	104.6877072
20.74088597	104.6208509
20.73967425	104.6431391
21.30180066	106.7826444
21.21944682	106.7157881
21.28641215	106.7380764
21.1732966	106.6934998
21.30360356	106.6934998
21.28299276	104.1751192
21.33537015	104.1751192
21.26701307	104.1974075
21.34544955	104.1751192
21.29638685	104.1974075
21.33736585	99.62753783
21.35711223	99.6721144
21.31621877	99.62753783
21.39365038	99.60524955
21.35114171	99.62753783
21.41845051	99.64982611
21.33172476	99.69440268
21.32138871	99.64982611
21.41474128	99.64982611
21.32508134	99.64982611
21.26904963	97.84461112
21.36358838	97.84461112
21.304302	97.84461112
21.36631572	97.82232284
21.33523863	97.82232284
21.12235183	93.61016016
21.11128926	93.58787188
21.16353003	93.58787188
21.15223252	93.61016016
21.05609516	93.677025
20.90335279	88.64025532
20.79427718	88.59567875
20.89250473	88.59567875
20.85203646	88.59567875
20.85824319	88.59567875
20.87198841	88.72939997
20.86845411	88.75168825
20.8843291	88.79625632
20.8333473	88.75168825
20.82518444	88.8185446
20.57797738	84.7846712
20.67522559	84.76239142
20.60083542	84.76239142
20.68430394	84.76239142
20.59193838	84.76239142
20.3617976	80.1936417
20.29225688	80.21592149
20.38446795	80.1936417
20.32902231	80.21592149
20.44169734	80.21592149
19.97516435	75.51345905
20.03850472	75.49117077
20.06029277	75.51345905
20.02651899	75.53573886
20.06157089	75.55802714
19.97922599	77.02894338
20.03732747	77.02894338
19.97282007	77.05123166
20.00073186	77.02894338
20.0057588	77.02894338
19.75552178	71.83617269
19.6777799	71.83617269
19.74542195	71.8584525
19.68715576	71.8584525
19.65038012	71.8584525
19.36779683	66.75483071
19.34425568	66.77711475
19.30363291	66.77711475
19.37531872	66.77711475
19.31806634	66.77711475
19.32317499	67.31199531
19.28621549	67.33427935
19.34379857	67.33427935
19.35738673	67.35656763
19.36246474	67.31199531
19.05322735	62.186081
19.00396546	62.23065331
19.03401469	62.23065331
18.98951925	62.23065331
18.9776395	62.20836503
18.70786423	58.46421807
18.68040699	58.53107867
18.7015911	58.50879464
18.71503371	58.50879464
18.64164586	58.50879464
18.53162667	56.45842552
18.56870875	56.4807138
18.45119448	56.45842552
18.6202996	56.45842552
18.49381295	56.4807138
18.51466763	57.32927626
18.5270811	57.32927626
18.47973448	57.32927626
18.4597123	57.35156029
18.58314346	57.35156029
18.50196304	57.99787377
18.50460866	58.0201578
18.40950682	58.06473437
18.5024559	57.99787377
18.46760958	58.06473437
18.15456081	53.80799512
18.31389042	53.83028341
18.21335561	53.78570684
18.26397989	53.85256746
18.19086274	53.78570684
17.92774237	49.0609519
17.77549158	49.01637959
17.89848479	49.08324018
17.81643229	49.03866787
17.96015121	49.0609519
17.4345489	45.1607997
17.51843878	45.0939391
17.47544236	45.0939391
17.54900768	45.0939391
17.45549296	45.07165507
17.49681927	45.6511037
17.43563294	45.58424735
17.50158445	45.60653139
17.4942426	45.58424735
17.53530588	45.62881967
17.01034837	40.25775123
17.07031021	40.23546719
17.07500261	40.25775123
17.08344893	40.32461182
16.97444354	40.23546719
16.57741041	35.68900151
16.67760175	35.73357382
16.54272752	35.75586211
16.65791538	35.64442919
16.60734855	35.77815039
16.13365758	31.07567948
16.15595127	31.09796565
16.17717879	31.05339331
16.13664284	31.09796565
16.09778595	31.03110716
16.11281567	32.74717328
16.02950165	32.76945943
16.13349926	32.72488711
16.12111898	32.70260097
16.1330996	32.76945943
15.85438771	29.62705152
15.89169579	29.60476535
15.87646433	29.69391212
15.90618157	29.69391212
15.8101336	29.69391212
15.66211554	26.88580083
15.56843994	26.86351469
15.64965483	26.90808911
15.56776193	26.86351469
15.58927036	26.86351469
15.02082868	22.31705114
15.14132948	22.36162557
15.02381011	22.3393394
15.15863326	22.36162557
14.97888566	22.40619788
15.00184968	23.14165601
15.09295883	23.07479542
15.0056534	23.07479542
15.09867526	23.07479542
15.05057785	23.00793693
14.4910064	17.90430878
14.46560999	17.92659493
14.53917276	17.92659493
14.46353384	17.97116725
14.54447549	17.97116725
13.82315993	13.49156429
13.96937635	13.64757059
13.84373115	13.66985676
13.9488179	13.69214397
13.8378117	13.58071106
13.17886482	9.212539974
13.1838892	9.212539974
13.20068224	9.212539974
13.1845289	9.234827188
13.24317431	9.212539974
13.11622417	10.39372977
13.23545324	10.39372977
13.08153745	10.34915639
13.22507761	10.37144254
13.14144948	10.37144254
12.76503482	6.805589643
12.70471164	6.82787579
12.77540917	6.82787579
12.65733054	6.850162492
12.77094788	6.783302941
12.35937278	4.554644561
12.21159477	4.554644561
12.31688199	4.554644561
12.26482254	4.554644561
12.32544961	4.554644561
12.09111184	3.507174889
12.04123324	3.507174889
12.05248095	3.507174889
12.06270719	3.529461591
12.01500943	3.529461591
11.98717042	4.288319702
11.9952656	4.266033267
11.9210542	4.266033267
11.9721956	4.310606382
12.01690044	4.288319702
11.82625242	3.307710092
11.85761169	3.329996528
11.8764464	3.307710092
11.86235516	3.307710092
11.89673544	3.329996528
11.8524392	4.488899112
11.83024	4.511185792
11.9482267	4.444325729
11.83830071	4.511185792
11.79151462	4.466612409
11.8777092	4.310606382
11.77491438	4.332892796
11.88813207	4.310606382
11.88590398	4.332892796
11.85255922	4.288319702
11.92703621	4.110026973
11.84645974	4.087740538
11.8108639	4.087740538
11.90106905	4.065453858
11.87366544	4.087740538
11.83584151	3.173990501
11.77684241	3.218563617
11.81802189	3.196277181
11.83480471	3.196277181
11.82815874	3.151704066
11.80185833	3.107130683
11.86214576	3.107130683
11.79601805	3.08484427
11.8533049	3.062557568
11.81301155	3.062557568
11.79689013	3.062557568
11.8431974	2.973411337
11.81741411	3.040271154
11.81377383	2.995697772
11.86768726	2.995697772
11.78620295	2.906551541
11.87407403	2.995697772
11.72753456	2.951124656
11.79826401	2.928838221
11.81304092	2.928838221
11.5638024	1.836795455
11.63684677	1.836795455
11.60703375	1.79222234
11.6280723	1.747649224
11.61800822	1.747649224
11.52645728	1.212771192
11.54150488	1.145911374
11.40209658	1.168197943
11.50849082	1.101338259
11.50519912	1.168197943
11.4586684	1.190484623
11.49306017	1.212771192
11.46132423	1.212771192
11.42334453	1.235057739
11.46991483	1.190484623
11.49761084	1.324204104
11.48456916	1.391063766
11.43406874	1.368777219
11.45005864	1.34649065
11.4760705	1.34649065
11.43795162	1.591643064
11.49778449	1.547069948
11.46669974	1.569356495
11.41749659	1.569356495
11.51501804	1.591643064
11.4709478	1.769935793
11.51540621	1.79222234
11.43329752	1.79222234
11.43349799	1.769935793
11.51753343	1.836795455
11.46503985	1.903655251
11.49681026	1.881368704
11.49446342	1.881368704
11.39871167	1.903655251
11.49497033	1.881368704
11.45128569	2.015088184
11.51523	2.037374731
11.44103902	2.015088184
11.46524414	1.992801615
11.52614573	2.037374731
11.4720561	2.282527145
11.51000005	2.282527145
11.47095674	2.237954029
11.42721847	2.282527145
11.4752431	2.282527145
11.47419992	2.661399016
11.51990708	2.639112581
11.44175533	2.683685696
11.55732369	2.661399016
11.47991252	2.661399016
11.52815804	2.861978425
11.41295486	2.861978425
11.50446877	2.861978425
11.52697568	2.861978425
11.46101268	2.839691723
11.48107317	3.017984452
11.4707933	3.040271154
11.58250049	3.017984452
11.44449544	2.995697772
11.42689798	2.973411337
11.47701536	3.040271154
11.54938556	3.040271154
11.47143045	3.062557568
11.44272956	3.062557568
11.51590545	3.08484427
11.49246899	3.151704066
11.53111904	3.129417386
11.52548178	3.196277181
11.45385215	3.151704066
11.4756402	3.173990501
11.56844372	3.218563617
11.52242501	3.218563617
11.50331833	3.196277181
11.57031813	3.196277181
11.49203487	3.218563617
11.51443963	3.285423412
11.45338354	3.240850297
11.52242501	3.218563617
11.55292369	3.263136977
11.51467074	3.240850297
11.39449426	3.627801095
11.41592735	3.672374211
11.33241797	3.716947326
11.40190122	3.739234006
11.39162264	3.761520709
11.44911761	3.716947326
11.40573814	3.761520709
11.3001764	3.716947326
11.39322124	3.694660891
11.39389414	3.694660891
11.33236179	3.516368162
11.34643132	3.538654864
11.36426499	3.516368162
11.39217551	3.494081481
11.35849366	3.560941277
11.23095873	3.048349792
11.33992836	3.048349792
11.32669771	3.026063379
11.26675375	3.026063379
11.34383678	3.026063379
10.36305645	0.106520851
10.35556904	0.08423426
10.35556904	0.08423426
10.35556904	0.08423426
10.34808227	0.061947669
8.116994048	-6.579454156
8.199978644	-6.601740858
8.192880034	-6.579454156
8.161079615	-6.534881307
8.143853723	-6.579454156
8.190154613	-6.334302165
8.199803717	-6.378875013
8.117391785	-6.401161693
8.150843801	-6.423448396
8.151540957	-6.445735076
6.618478042	-8.652106776
6.558572387	-8.674393478
6.645680549	-8.652106776
6.647561977	-8.674393478
6.535861814	-8.652106776
5.470447846	-10.94762473
5.451101117	-10.92533856
5.512185937	-10.90305135
5.492917095	-10.92533856
5.414299941	-10.90305135
5.451959156	-9.900155057
5.380629585	-9.922442293
5.468450225	-9.922442293
5.478959283	-9.877868911
5.441119395	-9.944728439
5.221612165	-11.19277672
5.21724568	-11.19277672
5.16387874	-11.21506393
5.198776142	-11.19277672
5.181815514	-11.19277672
4.579344369	-13.28771604
4.596507696	-13.31000219
4.516874494	-13.28771604
4.509282064	-13.26542987
4.499202345	-13.26542987
3.845278566	-15.2935086
3.820830529	-15.33808198
3.742707513	-15.31579475
3.772057351	-15.2935086
3.739647558	-15.2935086
3.151500998	-17.54445315
3.141295509	-17.56674036
3.121782471	-17.54445315
3.143617448	-17.54445315
3.240006984	-17.54445315
2.564309835	-19.86225832
2.602596459	-19.86225832
2.601251305	-19.86225832
2.579845985	-19.817686
2.470024857	-19.817686
2.034288372	-22.04634438
2.03240822	-22.0240561
2.018608737	-22.00176995
2.083795415	-22.0240561
2.045001566	-22.0240561
1.988729488	-21.17716719
1.970179988	-21.13259274
2.02465443	-21.17716719
1.990365762	-21.15488103
1.936503726	-21.17716719
1.46446547	-24.43100803
1.478607466	-24.45329418
1.444193349	-24.45329418
1.562504048	-24.40872186
1.534500801	-24.43100803
1.045439591	-26.52594733
1.055236251	-26.45908674
1.073238224	-26.48137291
1.008645996	-26.41451442
0.968115001	-26.48137291
0.559447074	-28.8437525
0.536444464	-28.8437525
0.543325213	-28.8437525
0.558266393	-28.8437525
0.519102977	-28.82146422
0.081797142	-30.62667921
0.092206128	-30.62667921
0.078775597	-30.62667921
0.067997365	-30.60439093
0.064263421	-30.58210479
-0.382152441	-33.07820346
-0.394501112	-33.12277578
-0.335560192	-33.12277578
-0.378254159	-33.10048961
-0.470011267	-33.05591518
-0.886024594	-35.26228741
-0.888677475	-35.28457358
-0.818857851	-35.26228741
-0.86267967	-35.26228741
-0.865561585	-35.24000124
-1.321210041	-37.64695104
-1.298412085	-37.62466701
-1.312719752	-37.60237873
-1.30596557	-37.62466701
-1.338070836	-37.60237873
-1.74663474	-39.7418925
-1.684673049	-39.7418925
-1.723798239	-39.7418925
-1.795800069	-39.76417653
-1.744629777	-39.7418925
-2.174867696	-41.76996909
-2.119252395	-41.79225737
-2.133903373	-41.76996909
-2.1698023	-41.79225737
-2.20443364	-41.76996909
-2.596457716	-42.70600901
-2.659969814	-42.68372073
-2.694153622	-42.72829304
-2.594780582	-42.70600901
-2.635619616	-42.68372073
-3.149939099	-46.69530584
-3.110550081	-46.65073353
-3.11814283	-46.62844525
-3.104671495	-46.65073353
-3.116591465	-46.65073353
-3.574538638	-49.07996947
-3.563250386	-49.10225775
-3.527391201	-49.05768544
-3.589860438	-49.05768544
-3.643762057	-49.05768544
-3.967176556	-51.10805031
-3.993377061	-51.10805031
-3.929067574	-51.10805031
-3.973473947	-51.063478
-4.035600352	-51.063478
-4.429730261	-53.20298752
-4.403403988	-53.18070347
-4.445384678	-53.18070347
-4.449283839	-53.15841518
-4.359444509	-53.15841518
-4.431019234	-51.57606603
-4.435080873	-51.553782
-4.4681642	-51.553782
-4.465815128	-51.553782
-4.457587789	-51.553782
-4.546973839	-49.84245013
-4.47459981	-49.84245013
-4.486355386	-49.84245013
-4.554155763	-49.86473841
-4.466744989	-49.82016184
-4.875157986	-53.74260231
-4.769842359	-53.76489059
-4.830050626	-53.80946293
-4.853256294	-53.78717465
-4.76013452	-53.74260231
-4.863813553	-52.4499796
-4.814785965	-52.4499796
-4.83262123	-52.42769557
-4.881281407	-52.4499796
-4.792686681	-52.40540728
-5.139587116	-55.94897243
-5.146631779	-55.94897243
-5.060564245	-55.90440011
-5.135181368	-55.97126071
-5.196548051	-55.9266884
-5.426698728	-57.64275451
-5.448598505	-57.5981822
-5.425048408	-57.62046623
-5.437514867	-57.5981822
-5.422575162	-57.5981822
-5.848279171	-59.93827351
-5.881118302	-59.98284583
-5.924344554	-59.93827351
-5.843581664	-59.93827351
-5.885933917	-59.91598523
-6.338298412	-61.9663501
-6.278861359	-61.9663501
-6.309923763	-61.9663501
-6.403927517	-61.98863838
-6.276285966	-61.89949375
-6.784716649	-64.37330203
-6.84294517	-64.39559029
-6.72782179	-64.35101798
-6.747762251	-64.37330203
-6.81766112	-64.35101798
-7.261772739	-66.42366691
-7.175929929	-66.44595519
-7.17969087	-66.40138285
-7.250140697	-66.44595519
-7.186787565	-66.37909459
-7.284241349	-64.68531673
-7.286753539	-64.68531673
-7.224283344	-64.68531673
-7.240100878	-64.66302845
-7.267062062	-64.70760079
-7.468162959	-66.86939857
-7.456776709	-66.84711454
-7.49422716	-66.84711454
-7.474244563	-66.84711454
-7.45426452	-66.84711454
-7.742983039	-68.89747941
-7.760986528	-68.87519113
-7.748860348	-68.89747941
-7.739495341	-68.87519113
-7.777475044	-68.8529071
-8.165973755	-70.94784429
-8.211444697	-70.97013257
-8.228811042	-70.92556025
-8.159930456	-70.94784429
-8.183038127	-70.88098369
-8.647828861	-73.24336328
-8.70664473	-73.221075
-8.624331114	-73.24336328
-8.677723592	-73.24336328
-8.676582094	-73.221075
-9.158778117	-75.31601221
-9.138493546	-75.29373241
-9.080592535	-75.27144412
-9.124210778	-75.29373241
-9.124082455	-75.27144412
-9.128089827	-73.31021965
-9.197988696	-73.28793985
-9.106982332	-73.28793985
-9.136494648	-73.31021965
-9.202315918	-73.31021965
-9.665801079	-77.70068009
-9.697333362	-77.72296837
-9.758190903	-77.67839181
-9.672011007	-77.70068009
-9.669397308	-77.65610353
-10.20977461	-79.59503974
-10.12803813	-79.57275145
-10.16918057	-79.57275145
-10.17857431	-79.57275145
-10.14503355	-79.55046317
-10.69410871	-82.11342033
-10.64185645	-82.13570861
-10.67947353	-82.13570861
-10.66825071	-82.11342033
-10.6394962	-82.13570861
-11.11305502	-84.27522236
-11.16615766	-84.25293408
-11.13142497	-84.2306458
-11.08340544	-84.2306458
-11.14728591	-84.18607771
-11.22779726	-81.95741933
-11.15983217	-81.93513105
-11.17477379	-81.93513105
-11.21234874	-81.95741933
-11.15932527	-81.93513105
-11.42137053	-84.69866575
-11.51345391	-84.76553059
-11.39216019	-84.69866575
-11.41622741	-84.76553059
-11.47124786	-84.69866575
-11.71186642	-86.28101492
-11.74984867	-86.25872664
-11.77830057	-86.21415855
-11.69988324	-86.21415855
-11.76866296	-86.25872664
-12.23511933	-88.8216838
-12.2633248	-88.8216838
-12.27457251	-88.8216838
-12.22544724	-88.77711571
-12.29489475	-88.8216838
-12.23884644	-86.61531368
-12.34906993	-86.57073711
-12.26941534	-86.61531368
-12.3124373	-86.5930254
-12.32371949	-86.57073711
-12.32163951	-85.99129273
-12.34655838	-85.94671616
-12.28486387	-85.99129273
-12.32288443	-85.94671616
-12.34729001	-86.01357251
-12.38507053	-85.38955156
-12.33167805	-85.38955156
-12.31316893	-85.41183985
-12.36546077	-85.36726328
-12.27969904	-85.344975
-12.64465404	-89.04454964
-12.60061699	-89.06683792
-12.61861793	-89.04454964
-12.64351126	-89.02226136
-12.61530579	-89.02226136
-12.97097687	-90.78290827
-12.92635502	-90.76061998
-12.9562804	-90.7383317
-13.00691745	-90.78290827
-12.90734155	-90.78290827
-13.44220225	-92.90013376
-13.39640061	-92.87784548
-13.48654702	-92.90013376
-13.48930372	-92.85555719
-13.40776707	-92.81098063
-13.49318149	-90.24802347
-13.47054817	-90.22574367
-13.51783478	-90.27031175
-13.49805648	-90.24802347
-13.48563024	-90.24802347
-13.86504166	-93.41272179
-13.79724256	-93.39043351
-13.8067742	-93.41272179
-13.87851236	-93.39043351
-13.79270849	-93.39043351
-14.20843844	-95.17336023
-14.18790808	-95.19564851
-14.18123146	-95.17336023
-14.19776148	-95.12879216
-14.2341298	-95.17336023
-14.98207138	-97.53573982
-14.91031024	-97.46888347
-15.01043135	-97.44659519
-14.97542924	-97.49116326
-14.94275865	-97.44659519
-14.98333162	-94.99507094
-14.98413348	-95.01735923
-15.00905235	-94.97278266
-14.99541822	-94.99507094
-15.012722	-94.99507094
-15.3541601	-97.66946101
-15.30374905	-97.6917493
-15.33042486	-97.60259619
-15.29381649	-97.60259619
-15.28592049	-97.60259619
-15.66997962	-99.54153238
-15.72547123	-99.49695582
-15.78743005	-99.49695582
-15.7118754	-99.49695582
-15.70652798	-99.47467603
-16.33061321	-101.7256142
-16.33645221	-101.7479025
-16.42233397	-101.7033344
-16.34916574	-101.6810461
-16.38046628	-101.6364696
-16.44964181	-98.93979122
-16.4159855	-98.98436778
-16.41145399	-98.98436778
-16.41916995	-98.98436778
-16.42706595	-98.98436778
-17.29586074	-103.9319928
-17.32433307	-103.9765609
-17.24337227	-103.8874163
-17.3230243	-103.9542726
-17.36041283	-103.8874163
-17.69472742	-105.2468996
-17.65633785	-105.202323
-17.64974806	-105.2246113
-17.63715711	-105.2246113
-17.67413449	-105.202323
-17.70824408	-102.5947978
-17.74118664	-102.5725095
-17.67845916	-102.5279329
-17.71305523	-102.5279329
-17.77719745	-102.5279329
-18.24430501	-106.02693
-18.27570003	-106.02693
-18.28392674	-106.02693
-18.22408748	-105.9600652
-18.29437387	-106.0046417
-18.85271827	-107.8098567
-18.80124872	-107.7652802
-18.87818874	-107.7429919
-18.88255554	-107.7429919
-18.81323955	-107.7207121
-18.90846269	-105.1131784
-18.85127033	-105.0686018
-18.90064075	-105.0686018
-18.92398783	-105.0686018
-18.87486511	-105.0240337
-19.36722736	-108.5007425
-19.30647261	-108.4784542
-19.29996198	-108.456166
-19.36260008	-108.456166
-19.3332927	-108.4115894
-19.44645166	-108.9018977
-19.46394696	-108.8796094
-19.50692934	-108.8796094
-19.43143343	-108.8350413
-19.48214836	-108.8350413
-19.60005334	-106.5395181
-19.48960257	-106.5172298
-19.52898936	-106.5618063
-19.57237904	-106.5172298
-19.52680595	-106.5618063
-19.59518602	-103.3517
-19.61735074	-103.3517
-19.63165777	-103.3294117
-19.63816839	-103.3517
-19.56945507	-103.3739883
-19.45323297	-97.84691883
-19.46407082	-97.89148692
-19.35714541	-97.86919864
-19.41272129	-97.86919864
-19.41386279	-97.89148692
-19.45659745	-98.47093981
-19.37767322	-98.47093981
-19.38803991	-98.49322809
-19.44500499	-98.47093981
-19.41036934	-98.49322809
-19.15341358	-93.12215964
-19.13272361	-93.14444793
-19.08214912	-93.16673621
-19.14978096	-93.18901599
-19.1690881	-93.18901599
-18.91594627	-88.8654204
-18.91208765	-88.8654204
-18.87531201	-88.8654204
-18.91272224	-88.88770868
-18.98086098	-88.90999697
-18.87144956	-89.17743088
-18.9164519	-89.17743088
-18.92800605	-89.19971916
-18.82883747	-89.15515109
-18.88757226	-89.17743088
-18.60130272	-84.47496846
-18.62013999	-84.45268018
-18.60567081	-84.47496846
-18.59395449	-84.45268018
-18.57423237	-84.49724825
-18.29865768	-80.2405175
-18.33939408	-80.28508557
-18.32398514	-80.26279729
-18.32247336	-80.26279729
-18.31357504	-80.26279729
-18.27047008	-81.57771255
-18.29129284	-81.57771255
-18.35990019	-81.62228062
-18.26073415	-81.57771255
-18.27621971	-81.55542427
-17.90647272	-75.64947951
-17.91798091	-75.69404757
-17.92608375	-75.67176779
-17.9532869	-75.67176779
-17.883773	-75.67176779
-17.61430928	-71.59331783
-17.58442348	-71.59331783
-17.60201583	-71.61560611
-17.66985451	-71.61560611
-17.61460933	-71.61560611
-17.22411492	-66.9131352
-17.28802092	-66.95771176
-17.20460603	-66.93542348
-17.20628252	-66.93542348
-17.21060975	-66.95771176
-17.24832642	-67.51487636
-17.21293615	-67.49258808
-17.2035654	-67.4702998
-17.16709621	-67.49258808
-17.22210134	-67.5371604
-16.8712146	-62.83469372
-16.86398894	-62.83469372
-16.88978117	-62.87926603
-16.90983017	-62.83469372
-16.83994598	-62.85697777
-16.50254909	-58.84539266
-16.4646294	-58.8231086
-16.52551056	-58.86768094
-16.53263535	-58.8231086
-16.47008152	-58.77853204
-16.4835254	-60.42774181
-16.49403255	-60.47231412
-16.50381189	-60.45002584
-16.4455457	-60.45002584
-16.47999876	-60.42774181
-16.33629261	-58.17679512
-16.34058535	-58.22136744
-16.35052175	-58.1990834
-16.25158172	-58.22136744
-16.28097337	-58.22136744
-16.26116954	-57.19618714
-16.26745926	-57.1516148
-16.28664	-57.12932652
-16.20141072	-57.0847542
-16.2429592	-57.04018189
-16.03359776	-53.78633894
-15.95228328	-53.80862722
-15.95443093	-53.83091125
-15.96282106	-53.83091125
-15.95408746	-53.83091125
-16.02061354	-54.90178382
-15.90673062	-54.92406785
-15.96130162	-54.92406785
-16.00509862	-54.94635613
-16.00618394	-54.90178382
-15.47879149	-48.99583906
-15.53554845	-48.99583906
-15.5635509	-49.01812311
-15.52886929	-48.97355077
-15.53823749	-48.99583906
-15.09076394	-44.53852227
-15.14719147	-44.53852227
-15.08096161	-44.58309459
-15.08392261	-44.51623399
-15.14147888	-44.53852227
-15.07851646	-45.05111456
-15.11445449	-45.05111456
-15.06210519	-45.02882628
-15.07402452	-45.02882628
-15.08927131	-45.05111456
-15.03367883	-45.16254747
-15.09302395	-45.11797091
-15.11713203	-45.16254747
-15.08190392	-45.14025919
-15.08310799	-45.11797091
-14.72226825	-40.46007656
-14.65404013	-40.39321594
-14.68485802	-40.43778828
-14.68569691	-40.43778828
-14.69245141	-40.41550422
-14.22090809	-35.71303332
-14.18917087	-35.71303332
-14.15816784	-35.668461
-14.14932953	-35.7353216
-14.16074068	-35.7353216
-14.1167164	-37.00565605
-14.15496424	-37.02794433
-14.17255914	-37.05022836
-14.09947264	-37.07251664
-14.11647636	-37.05022836
-13.63930727	-31.45629621
-13.64753014	-31.45629621
-13.69955256	-31.47858236
-13.65270901	-31.47858236
-13.67117855	-31.47858236
-13.20805729	-26.86526032
-13.13891112	-26.84297418
-13.14307235	-26.86526032
-13.14109452	-26.84297418
-13.16587677	-26.88754649
-12.60421386	-22.3633712
-12.57764403	-22.38565737
-12.53513025	-22.40794354
-12.5680345	-22.40794354
-12.59456731	-22.40794354
-12.60717741	-23.12111337
-12.54202904	-23.12111337
-12.58317276	-23.12111337
-12.58294548	-23.05425489
-12.61800887	-23.07654105
-11.97793118	-17.83919383
-12.01339933	-17.81690766
-11.99106862	-17.81690766
-11.97776775	-17.83919383
-11.93172478	-17.86147997
-11.39136088	-13.78303533
-11.35723469	-13.80532254
-11.39266582	-13.80532254
-11.45240548	-13.82760871
-11.37176772	-13.84989486
-11.38268346	-15.09794421
-11.38221741	-15.07565699
-11.38826071	-15.07565699
-11.30341958	-15.09794421
-11.33535854	-15.07565699
-11.349603	-15.09794421
-11.35056319	-15.12023037
-11.32423596	-15.09794421
-11.38280859	-15.12023037
-11.30107147	-15.09794421
-10.65245042	-9.459438671
-10.62216689	-9.392578074
-10.62004158	-9.459438671
-10.6753921	-9.392578074
-10.60379694	-9.437151457
-10.13172693	-6.807334747
-10.15456774	-6.807334747
-10.21242725	-6.851907596
-10.11809407	-6.82962145
-10.1455245	-6.896480979
-10.1998529	-7.565078513
-10.08150294	-7.54279181
-10.12999361	-7.565078513
-10.16387337	-7.587365193
-10.11568595	-7.587365193
-10.03241534	-6.673615134
-10.06065911	-6.651328454
-10.08370102	-6.629041774
-10.07569968	-6.695901836
-10.06716973	-6.673615134
-8.325052463	0.480378287
-8.303343575	0.569524652
-8.366127234	0.435805127
-8.406596142	0.435805127
-8.324489376	0.435805127
-6.954142895	2.196445204
-6.994375587	2.263305133
-6.998034381	2.241018453
-7.036122615	2.218731884
-6.960804186	2.151872089
-6.916829704	1.30303177
-6.932242479	1.280745223
-6.973443657	1.325318472
-6.873468108	1.280745223
-6.86060072	1.325318472
-6.868000665	0.857300169
-6.893819712	0.946446467
-6.986081852	0.879586716
-6.940754555	0.768153805
-6.935510559	0.857300169
-6.898176301	0.701294054
-6.959773773	0.679007507
-6.969269018	0.745867236
-6.959264951	0.679007507
-6.891297308	0.701294054
-6.949121709	0.277848955
-6.962154448	0.233275795
-6.895022498	0.255562386
-6.934147529	0.255562386
-6.972233848	0.233275795
-6.965284629	0.188702635
-6.972673082	0.188702635
-6.898318669	0.210989204
-6.932677244	0.166416044
-7.011159691	0.210989204
-6.950052527	0.099556293
-6.929529826	0.077269702
-6.955786192	0.121842862
-7.001826606	0.144129453
-6.89208129	0.077269702
-6.915663946	0.010409951
-6.921234814	0.032696542
-6.936208993	0.054983111
-6.937320485	0.010409951
-6.958139414	0.010409951
-6.985917777	-0.056449801
-6.922251181	0.032696542
-6.952004182	0.054983111
-6.988544882	0.010409951
-6.957880853	0.054983111
-6.933132439	0.010409951
-7.015913379	0.010409951
-6.959828678	0.010409951
-6.978807037	0.010409951
-6.937664594	0.010409951
-6.957481201	0.010409951
-6.912805094	-0.034163209
-6.986029501	0.010409951
-7.018097419	0.010409951
-6.937499243	0.010409951
-6.90743533	-0.034163209
-6.963453636	-0.011876641
-7.015170256	-0.011876641
-6.952782418	0.010409951
-6.983846099	0.010409951
-6.957070696	-0.123309552
-6.843689569	-0.167882734
-6.872240423	-0.167882734
-6.825287066	-0.190169303
-6.873683894	-0.145596143
-6.839786259	-0.212455894
-6.825683526	-0.212455894
-6.866892365	-0.234742485
-6.75126144	-0.257029054
-6.779976368	-0.257029054
-6.73481123	-0.368461988
-6.725439201	-0.435321739
-6.810204355	-0.368461988
-6.80893645	-0.279315623
-6.809609346	-0.279315623
-6.750555984	-0.301602214
-6.757106829	-0.301602214
-6.794047819	-0.301602214
-6.711333913	-0.323888805
-6.701828454	-0.346175396
-6.792472194	-0.390748556
-6.803796517	-0.301602214
-6.788512065	-0.301602214
-6.753656798	-0.323888805
-6.725912271	-0.368461988
-6.726010588	-0.346175396
-6.702335999	-0.346175396
-6.71885452	-0.368461988
-6.764529118	-0.368461988
-6.695852189	-0.368461988
-6.617423369	-0.257029054
-6.52929884	-0.435321739
-6.648254665	-0.234742485
-6.639597029	-0.145596143
-6.571880286	-0.301602214
-6.77954288	0.166416044
-6.668226408	0.300135524
-6.678477544	0.188702635
-6.731905773	0.210989204
-6.683247831	0.121842862
-6.697146908	0.210989204
-6.690034253	0.166416044
-6.736216396	0.166416044
-6.796431685	0.121842862
-6.72442028	0.255562386
-6.741540194	0.366995298
-6.713897815	0.411568458
-6.721999385	0.322422115
-6.76208524	0.411568458
-6.708389513	0.322422115
-6.724194917	0.567574573
-6.744972349	0.656720871
-6.766704221	0.589861142
-6.673043299	0.5007148
-6.696406339	0.634434325
-6.703625611	0.745867236
-6.716148889	0.701294054
-6.706388699	0.924159898
-6.72432324	0.54528796
-6.75006823	0.701294054
-6.719404201	0.745867236
-6.763932194	0.768153805
-6.688141332	0.723580622
-6.686289271	0.723580622
-6.701703961	0.701294054
-6.685816839	0.745867236
-6.672823682	0.701294054
-6.66703639	0.768153805
-6.717914125	0.768153805
-6.704284462	0.745867236
-6.675747653	0.745867236
-6.683974355	0.745867236
-6.741334622	0.701294054
-6.704779238	0.5007148
-6.720504201	0.456141618
-6.709398219	0.679007507
-6.701698854	0.812726987
-6.704430022	0.723580622
-6.767063652	0.723580622
-6.704029731	0.679007507
-6.680822467	0.612983465
-6.776665513	0.70212983
-6.690592872	0.635270034
-6.702184693	0.635270034
-6.718226952	0.813562741
-6.199912864	2.262190765
-6.23129001	2.128471174
-6.188863062	2.2844772
-6.212064581	2.306763881
-6.224568707	2.239904085
-6.23376517	1.972465125
-6.207397719	1.972465125
-6.22896424	1.905605329
-6.162391548	2.083898058
-6.188329342	1.905605329
-4.727355719	4.334842874
-4.722316019	4.334842874
-4.692729007	4.312556438
-4.639626373	4.401702669
-4.693436059	4.334842874
-3.321751446	6.630361072
-3.351270147	6.608074392
-3.342879052	6.608074392
-3.367462115	6.652647774
-3.324443351	6.630361072
-2.517955637	8.814446625
-2.427278858	8.814446625
-2.454626606	8.792159923
-2.523263954	8.881306154
-2.476152587	8.814446625
-1.646565343	11.28825702
-1.666182124	11.26597085
-1.618921686	11.3328304
-1.61972514	11.31054423
-1.676648089	11.31054423
-1.122126557	13.33862296
-1.108358596	13.22719003
-1.185479449	13.13804328
-1.12778824	13.18261667
-1.131847165	13.20490388
-0.522259055	15.79014718
-0.515982293	15.74557382
-0.520019232	15.74557382
-0.467863338	15.79014718
-0.549042398	15.72328766
-0.015167691	17.63993345
-0.08935785	17.6176473
-0.049105496	17.52850054
-0.001138087	17.57307392
-0.027869388	17.59536007
0.405550514	19.89087802
0.415191638	19.84630568
0.515075654	19.86859185
0.49808091	19.89087802
0.384258714	19.86859185
0.444772465	18.75426265
0.467723643	18.9102679
0.480186551	18.88798173
0.461680783	18.9102679
0.431146992	18.88798173
0.828599127	21.941245
0.925752135	21.87438441
0.886593268	21.89667058
0.875750076	21.96353117
0.881114493	21.85209824
0.896649925	20.96063488
0.90967636	20.89377429
0.881126144	20.89377429
0.913626194	20.8269158
0.882841184	20.98292105
0.837492021	20.3399525
0.953628656	20.38452695
0.934554693	20.3399525
0.865512746	20.36224078
0.920581479	20.36224078
1.075493528	22.36803334
1.086302007	22.32345891
1.071999128	22.34574506
1.055073772	22.32345891
1.13698191	22.34574506
1.424603381	24.3738259
1.387353873	24.35153762
1.47348126	24.24010471
1.448409006	24.39611207
1.400368737	24.52983115
1.934718858	26.71391721
1.901620528	26.84763629
1.90500113	26.71391721
1.880783563	26.73620338
1.88294877	26.62477045
2.345368566	28.63056301
2.307117215	28.60827686
2.295327483	28.63056301
2.354272473	28.74199594
2.345677083	28.65284917
2.786682302	31.05980108
2.847588683	30.97065434
2.819237336	30.94836817
2.835400576	31.0375128
2.829830985	31.05980108
3.315387979	33.19931272
3.316152169	33.13245213
3.30197889	33.17702658
3.322798138	33.17702658
3.330694137	33.17702658
3.766861238	35.33882436
3.71128472	35.33882436
3.808802665	35.24967762
3.816498519	35.27196376
3.782215597	35.29425204
4.344605675	37.94635385
4.310754645	37.90178152
4.286229679	37.90178152
4.260665681	37.9240698
4.325517826	37.90178152
4.819725433	39.75156885
4.76061972	39.75156885
4.740837907	39.72928057
4.792611347	39.68470825
4.792522287	39.75156885
5.304193598	41.824222
5.258952807	41.75736141
5.303317364	41.73507313
5.334613431	41.69050081
5.330212152	41.71278909
5.364667129	40.62074392
5.366356392	40.62074392
5.278935404	40.57617161
5.359805548	40.62074392
5.330874195	40.53159927
5.611106814	43.18370108
5.527379733	43.13912877
5.6151493	43.29513399
5.632781228	43.29513399
5.557081661	43.27284996
5.556328962	42.3813866
5.615963287	42.35909832
5.612070192	42.3813866
5.625917557	42.44824295
5.594266528	42.26995367
5.909732359	44.47632379
5.85197244	44.47632379
5.935117919	44.45403551
5.915830563	44.43175148
5.795202074	44.47632379
6.276596877	45.90266347
6.37174979	45.94724003
6.379172718	45.92495175
6.286986551	45.92495175
6.335812398	45.94724003
6.364053617	45.21178192
6.317507573	45.23406595
6.277378944	45.23406595
6.409563503	45.21178192
6.386217701	45.21178192
6.307188765	44.69918964
6.370227793	44.76605023
6.376703942	44.69918964
6.324444663	44.72147792
6.30986822	44.69918964
6.62101066	47.01699267
6.583925386	46.99470863
6.478163822	46.97242035
6.558287651	46.95013632
6.577938907	46.95013632
6.870087027	48.77763535
6.814527108	48.64391415
6.80510975	48.88906828
6.899239912	48.82220766
6.872578786	48.79991938
7.316449082	51.09543838
7.351952347	51.162299
7.316481003	51.07315435
7.314935384	51.09543838
7.296033635	51.162299
7.808435939	52.96751399
7.819704719	53.0789469
7.856731258	52.9006534
7.806991191	53.27952447
7.80763855	53.05665862
8.374898509	55.5973275
8.269879428	55.53047115
8.331642251	55.55275518
8.387630551	55.50818287
8.326342075	55.50818287
8.401841816	53.88126138
8.331487115	53.88126138
8.376907622	53.94812198
8.420399456	53.94812198
8.398087897	53.81440079
8.416843448	52.9006534
8.365293455	53.01208631
8.357199546	53.03437034
8.394011575	53.01208631
8.400594341	52.98979803
8.39155429	51.65065159
8.398304961	51.62836756
8.436212522	51.65065159
8.39510583	51.62836756
8.359380394	51.60607927
8.784945227	56.53141603
8.749531979	56.39769484
8.715723085	56.44226715
8.8274507	56.39769484
8.764419333	56.44226715
8.930255734	57.9577557
9.034363149	57.9577557
9.001485073	57.93547167
8.91695805	57.98004399
9.033999887	57.98004399
9.392665794	59.87440363
9.368991205	59.87440363
9.34501975	59.85211535
9.445193849	59.78525475
9.396319481	59.78525475
9.392897541	58.40348739
9.396609963	58.5149203
9.420665051	58.49263627
9.407458023	58.55949262
9.37994652	58.53720859
9.556554371	60.8772999
9.617080572	60.94416052
9.617540874	60.96644455
9.578547996	60.98873283
9.559113803	61.07787746
9.919588359	62.21449495
9.884539012	62.0584897
9.845345031	62.10306203
9.909201239	62.19220666
9.882029376	62.16992263
10.27750093	64.26485982
10.36175662	64.2871481
10.36077665	64.26485982
10.27027783	64.26485982
10.38796	64.2871481
10.85476623	66.49351822
10.84193268	66.42665762
10.85382009	66.44894591
10.8489783	66.42665762
10.88052782	66.44894591
10.82976181	65.17861146
10.9809592	65.13403489
10.94082036	65.13403489
10.7893842	65.11175086
10.91730984	65.13403489
10.94417718	64.06428225
10.95854933	63.99742166
10.83038874	64.01970569
10.91169429	63.99742166
10.97372716	63.95284934
11.08820765	67.09525514
11.08414984	67.11754342
11.1702959	67.11754342
11.13005747	67.0729711
11.07712593	67.09525514
11.40555683	68.92275419
11.38733883	68.85589782
11.39472792	68.85589782
11.38939327	68.83360953
11.37763865	68.83360953
11.89637537	71.2628455
11.8308848	71.2628455
11.81883524	71.24055722
11.94803134	71.19598913
11.90779546	71.15141257
12.45108971	73.06806049
12.37905149	73.06806049
12.35804997	73.06806049
12.38871591	73.11263706
12.39617779	73.06806049
12.90730069	75.2967189
12.95177187	75.31900718
12.8645507	75.25214233
12.90369489	75.22986253
12.89496	75.22986253
13.43499064	77.43623265
13.40604205	77.48080074
13.45157045	77.45852093
13.42098367	77.48080074
13.37426653	77.39165608
13.96785819	79.70945912
13.98901931	79.70945912
14.01582536	79.75403568
14.00110463	79.70945912
13.96973132	79.68717933
14.46474685	81.91583773
14.47395927	81.93811752
14.47211934	81.93811752
14.41501763	81.93811752
14.48160118	81.87126117
14.82153643	83.83247717
14.79930659	83.87705373
14.90071348	83.76562079
14.88644731	83.76562079
14.82711879	83.81019736
14.94157374	82.07183871
14.97572547	82.02727064
14.83077439	82.04955043
14.86620552	82.04955043
14.90680275	82.07183871
15.15527644	84.50107468
15.0679327	84.52336296
15.16163002	84.52336296
15.21016155	84.52336296
15.1460487	84.50107468
15.57985619	86.21714504
15.54483494	86.28400139
15.50670967	86.28400139
15.58701418	86.2617216
15.59561882	86.23943332
16.00301226	88.53494807
16.06914508	88.55723636
16.10340534	88.55723636
16.13061231	88.55723636
16.07969308	88.46809173
16.15998098	86.30628967
16.16361999	86.35086623
16.07865373	86.35086623
16.10786407	86.35086623
16.11827418	86.35086623
16.28800878	89.13668924
16.40494719	89.09211267
16.41337053	89.06982439
16.27963907	89.11440096
16.319437	89.11440096
16.79584254	91.56592518
16.81951521	91.56592518
16.828305	91.52134862
16.79673122	91.40991571
16.76299447	91.52134862
16.82391011	89.1812573
16.89211524	89.15897752
16.90368983	89.15897752
16.8136162	89.20354559
16.81802003	89.1812573
17.04433922	91.27620299
16.95087812	91.23162642
17.02388291	91.25391471
17.09357812	91.25391471
17.01804263	91.23162642
17.33830046	93.10369779
17.25616113	93.12598607
17.39842317	93.10369779
17.41149039	93.12598607
17.31462523	93.10369779
17.94266867	94.93120107
17.97290687	94.93120107
17.8500554	94.8866245
17.91620482	94.8866245
17.90387307	94.93120107
18.43430567	97.38272531
18.50192346	97.29358066
18.4601094	97.29358066
18.38720676	97.31586047
18.50119183	97.22671582
18.45249941	95.19863498
18.43570637	95.19863498
18.53464385	95.17635519
18.52776421	95.17635519
18.4484748	95.19863498
18.81094506	97.62787942
18.82807009	97.62787942
18.70727561	97.67244751
18.78727111	97.62787942
18.78186624	97.65015922
18.84079894	96.46897367
18.83193126	96.44668539
18.73739634	96.44668539
18.79730582	96.46897367
18.82574751	96.42439711
19.20449369	99.29937322
19.22096114	99.29937322
19.33047343	99.27708494
19.28560133	99.29937322
19.14064387	99.21022009
19.92170804	101.9291867
19.89395968	101.951475
19.82735315	101.9068985
19.82097021	101.9068985
19.92390804	101.9068985
19.85048955	99.32165303
19.90391522	99.29937322
19.92555389	99.32165303
19.90647657	99.27708494
19.87232229	99.32165303
20.49782482	102.2411972
20.42212589	102.2189089
20.39575652	102.2189089
20.45317105	102.2189089
20.43168051	102.2189089
20.77554972	103.6675369
20.69653099	103.6229688
20.84496785	103.6229688
20.80335425	103.6006805
20.71939287	103.6006805
20.85791377	101.951475
20.82621613	101.9291867
20.78476342	101.9068985
20.83311364	101.9068985
20.78878675	101.9068985
21.24607539	104.8264427
21.30403258	104.8041544
21.26429084	104.7595863
21.16924518	104.7595863
21.27680773	104.6927214
21.31279428	102.5309279
21.28139032	102.5309279
21.28121029	102.5309279
21.29822678	102.4863513
21.27005578	102.4640631
21.29359439	102.3303419
21.23172623	102.3749184
21.31577699	102.3080621
21.32495366	102.3526301
21.19573202	102.419495
21.30609085	98.40706993
21.38010052	98.31792527
21.34272732	98.38478164
21.28485695	98.34021356
21.31273555	98.34021356
21.36583307	98.31792527
21.33748077	98.29563699
21.24553401	98.36250184
21.3629423	98.34021356
21.3431972	98.40706993
21.28892625	98.78594525
21.33916748	98.76365696
21.37305107	98.78594525
21.36788368	98.76365696
21.26344557	98.76365696
21.1677334	93.14743439
21.14671656	93.16972268
21.08022239	93.16972268
21.13030018	93.14743439
21.16354663	93.14743439
20.93016905	89.40329169
20.90565621	89.40329169
20.88447466	89.42557997
21.01276804	89.42557997
21.00107343	89.38100341
20.95105437	89.60386925
21.00771174	89.67073409
20.94627898	89.64844581
20.85405898	89.67073409
20.89747675	89.60386925
20.76752859	84.61167613
20.74965661	84.54481978
20.62922986	84.56709956
20.62670299	84.56709956
20.67223267	84.54481978
20.4328884	80.31036882
20.32370936	80.33264863
20.36507015	80.28808054
20.40970859	80.31036882
20.41915084	80.28808054
20.1185347	75.91990838
20.09156777	75.98676473
20.06429057	75.91990838
20.03219073	75.94219667
20.14617963	75.96448495
19.80661211	71.59631279
19.76755858	71.55173623
19.72222937	71.55173623
19.84984347	71.55173623
19.83019285	71.55173623
19.75886072	72.9557961
19.82197126	72.97807591
19.77192921	72.97807591
19.66367461	72.93350784
19.73449855	72.9557961
19.35964036	67.09441943
19.33801574	67.07213539
19.45180291	67.11670771
19.46523402	67.11670771
19.3327411	67.11670771
19.33336931	67.38414587
19.34770698	67.33957355
19.41844027	67.31728527
19.43919791	67.36185759
19.38765047	67.36185759
19.42820046	67.65158403
19.30225775	67.65158403
19.34488005	67.67387231
19.37910967	67.69615636
19.43855821	67.69615636
19.12853684	62.63710264
19.04000947	62.65939093
18.98691194	62.68167496
18.98791809	62.68167496
19.04615108	62.70396324
18.70968501	58.17978584
18.72433168	58.15750181
18.60783122	58.13521352
18.67177426	58.15750181
18.71301374	58.20207412
18.47527063	55.88426684
18.50842387	55.83969453
18.56665814	55.86198281
18.51395898	55.83969453
18.38039224	55.88426684
18.49214795	56.7757302
18.48464905	56.73115788
18.47588224	56.75344616
18.44938647	56.73115788
18.39985006	56.73115788
18.2138523	53.56646381
18.21412682	53.61103612
18.22628237	53.56646381
18.28105639	53.54417553
18.28371095	53.56646381
17.83101128	49.17600762
17.88360318	49.15371934
17.8649319	49.17600762
17.9497692	49.15371934
17.96962028	49.13143531
17.87574293	50.55777498
17.88225994	50.58006326
17.79172409	50.6023473
17.90134747	50.62463558
17.88864288	50.58006326
17.90793598	50.71378021
17.80795915	50.75835252
17.83465667	50.75835252
17.83747977	50.78064081
17.90040261	50.69149618
17.86985413	50.80292909
17.88937962	50.89207374
17.84000664	50.78064081
17.90935838	50.78064081
17.95252079	50.78064081
17.42712661	44.62954194
17.410497	44.62954194
17.410497	44.62954194
17.47175483	44.65183022
17.44569574	44.6741185
17.45858547	45.18670654
17.47873151	45.18670654
17.5064671	45.16442251
17.41448458	45.25356714
17.3458964	45.18670654
16.96934638	40.28365807
17.02742105	40.41737926
17.07666378	40.50652391
17.08313355	40.32823463
17.0309413	40.30594635
16.62534821	36.33893355
16.62101461	36.31664952
16.64805432	36.31664952
16.72784936	36.29436123
16.75461582	36.24978892
16.21308617	31.65875303
16.19008895	31.65875303
16.10397481	31.63646475
16.15469358	31.74789769
16.18828349	31.74789769
15.62124251	26.93399596
15.69747516	26.93399596
15.67496569	26.93399596
15.61404112	26.91170981
15.61686294	26.93399596
15.16475573	22.65497268
15.1669021	22.56582592
15.10021258	22.699545
15.07539202	22.67725885
15.04301766	22.65497268
14.96769029	21.47378288
14.9837798	21.49606905
15.01318933	21.47378288
15.00930006	21.49606905
14.93426892	21.47378288
14.96591548	22.36524624
14.96464375	22.32067393
14.9195482	22.38753241
14.93758105	22.3429601
14.91843351	22.3429601
14.4781869	17.84107098
14.46858376	17.86335714
14.52062661	17.75192421
14.52077217	17.88564329
14.475005	17.95250389
13.99672506	13.6734785
13.9410381	13.62890618
13.93654488	13.71805188
13.87391062	13.71805188
13.95792818	13.6734785
13.30686325	9.305308459
13.2369497	9.349881841
13.24903247	9.349881841
13.26034913	9.305308459
13.33292618	9.394455224
12.75471409	6.408052545
12.7333857	6.408052545
12.68254053	6.385765865
12.73013614	6.452625393
12.73741031	6.408052545
12.75670469	7.254942519
12.74148983	7.21036967
12.67443257	7.254942519
12.69393891	7.232655839
12.68098278	7.254942519
12.35937661	4.66969868
12.3567578	4.736558743
12.42015818	4.66969868
12.39168074	4.736558743
12.34500446	4.736558743
11.8388804	2.195888154
11.8013361	2.151314905
11.83962224	2.151314905
11.80439031	2.129028336
11.88052975	2.195888154
11.86208958	2.530186776
11.86077826	2.507900363
11.83388283	2.530186776
11.83804917	2.552473456
11.7656777	2.552473456
11.73602174	2.932181037
11.79576395	2.95446774
11.815887	2.976754153
11.81951324	3.021327535
11.80842641	2.909894624
11.73917426	4.157943172
11.81940854	4.180229852
11.80261294	4.180229852
11.83911406	4.135656736
11.8195375	4.202516287
11.75281095	4.24708967
11.73053642	4.202516287
11.77117195	4.202516287
11.76929755	4.224802968
11.76207445	4.224802968
11.77634062	4.224802968
11.77987236	4.224802968
11.72207478	4.24708967
11.72140316	4.24708967
11.66706454	4.202516287
11.80903674	4.269376083
11.80601701	4.269376083
11.80682014	4.291662785
11.80752623	4.269376083
11.7823073	4.291662785
11.70455393	4.291662785
11.73212098	4.269376083
11.68446281	4.24708967
11.77215895	4.336235879
11.7646958	4.269376083
11.74425865	4.358522581
11.79268165	4.313949199
11.79217475	4.313949199
11.75268454	4.336235879
11.72833769	4.336235879
11.70446072	4.358522581
11.70577332	4.380808994
11.67800453	4.42538211
11.76753423	4.403095697
11.73834687	4.380808994
11.72742986	4.380808994
11.74200885	4.403095697
11.76901153	4.42538211
11.75574513	4.42538211
11.70553966	4.42538211
11.7298648	4.447668812
11.76025494	4.447668812
11.69006687	4.447668812
11.76677195	4.469955225
11.73892911	4.447668812
11.74208163	4.469955225
11.68039095	4.514528608
11.71467675	4.492241928
11.67054904	4.469955225
11.72643137	4.492241928
11.81144359	4.469955225
11.73879887	4.42538211
11.76778832	4.469955225
11.73537821	4.469955225
11.77987364	4.469955225
11.71554883	4.469955225
11.67169437	4.492241928
11.72226503	4.469955225
11.75148686	4.469955225
11.75705645	4.447668812
11.71569184	4.492241928
11.69618423	4.514528608
11.77983789	4.492241928
11.77614398	4.492241928
11.76240515	4.469955225
11.73505517	4.581388159
11.79093876	4.603674839
11.80924487	4.603674839
11.76793643	4.603674839
11.75960248	4.55910199
11.65879315	4.715107773
11.66903854	4.715107773
11.62558118	4.69282107
11.70161209	4.715107773
11.71487849	4.715107773
11.71868093	5.00483368
11.71220606	5.071693209
11.68492758	5.00483368
11.65473662	4.982546977
11.60842296	4.960260297
11.69511423	5.049406528
11.65142704	5.071693209
11.66176053	5.00483368
11.60531129	5.027119826
11.65531758	5.049406528
11.6005857	5.16083944
11.6677119	5.071693209
11.65794022	5.093979911
11.67454301	5.227699524
11.68169078	5.16083944
11.68014452	5.183126142
11.66442275	5.13855276
11.61270421	5.13855276
11.64189285	5.16083944
11.60078488	5.13855276
11.56872207	5.249985671
11.62056574	5.16083944
11.60340624	5.183126142
11.64706407	5.183126142
11.63021357	5.227699524
11.68156565	5.249985671
11.6582939	5.316845733
11.67863402	5.183126142
11.6608029	5.205412822
11.6751393	5.16083944
11.63401984	5.383705284
11.61400276	5.405991964
11.66794045	5.383705284
11.64765014	5.361418582
11.66087951	5.383705284
11.7213457	5.383705284
11.72161894	5.428278667
11.68229473	5.450565347
11.70640408	5.383705284
11.61012371	5.428278667
11.58674471	5.450565347
11.6603509	5.405991964
11.6575661	5.361418582
11.68413721	5.450565347
11.66579153	5.361418582
11.64779059	5.536925546
11.67019025	5.492352697
11.5923807	5.536925546
11.65927069	5.380919786
11.64103609	5.447779314
11.66333105	5.470066017
11.64227846	5.514638865
11.67314231	5.536925546
11.66178352	5.492352697
11.68887941	5.447779314
11.63121716	5.492352697
11.58907112	5.492352697
11.64781357	5.514638865
11.63434926	5.536925546
11.64626859	5.536925546
11.56227401	3.820858628
11.59743189	3.776285513
11.53883373	3.776285513
11.54507494	3.753998833
11.51440899	3.709425717
11.3639943	2.104791733
11.30616479	2.149364826
11.35828298	2.104791733
11.33893881	2.12707828
11.39284074	2.12707828
10.66079204	0.1212857
10.66892616	0.143572291
10.66892616	0.143572291
10.67705966	0.16585886
10.67705966	0.16585886
8.228763799	-6.542402649
8.234845403	-6.564689329
8.25029393	-6.564689329
8.228296474	-6.564689329
8.246358699	-6.520116481
8.123148432	-6.029811431
8.163580312	-6.007524729
8.112534673	-6.007524729
8.184233252	-6.007524729
8.136211177	-6.007524729
7.901201793	-6.921274788
7.939283004	-6.898988108
7.920384448	-6.943561468
7.951955035	-6.943561468
7.921525945	-6.921274788
6.632114089	-8.771061052
6.635399407	-8.726488203
6.616256334	-8.726488203
6.648197207	-8.748774883
6.627338057	-8.726488203
5.85369554	-9.952249782
5.811511831	-9.929963613
5.87212741	-9.929963613
5.844797858	-9.952249782
5.906290628	-9.974536996
5.840394025	-8.793347732
5.773899859	-8.793347732
5.837742022	-8.815634434
5.793208921	-8.793347732
5.828170166	-8.815634434
5.222412745	-10.97743329
5.190042535	-10.99971943
5.241759794	-10.99971943
5.205248461	-10.95514607
5.23135001	-10.99971943
5.112328428	-11.31173204
5.147984595	-11.24487251
5.101980252	-11.24487251
5.130126027	-11.31173204
5.092347108	-11.31173204
4.357261426	-13.20609169
4.316422553	-13.18380445
4.343791368	-13.18380445
4.292075067	-13.18380445
4.335934633	-13.20609169
3.592333045	-15.43475007
3.609128003	-15.43475007
3.579167195	-15.39017671
3.573024941	-15.43475007
3.584740616	-15.41246285
2.929349425	-17.59654894
2.887368734	-17.59654894
2.926901397	-17.64112126
2.892105503	-17.61883509
2.896063718	-17.57426171
2.226608258	-19.80292118
2.239609076	-19.84749349
2.213116813	-19.86977966
2.26815945	-19.84749349
2.221442469	-19.82520732
1.641774308	-22.03157958
1.67461312	-21.98700513
1.648424746	-21.98700513
1.713242895	-21.98700513
1.667402786	-21.98700513
1.607776441	-21.65270637
1.653146353	-21.67499252
1.582958917	-21.67499252
1.632657487	-21.67499252
1.585306713	-21.67499252
1.150399298	-24.32709644
1.160605106	-24.3048103
1.156238382	-24.3048103
1.141461794	-24.3048103
1.137563273	-24.28252413
0.664714501	-26.42203576
0.63257073	-26.37746345
0.666021709	-26.3997496
0.662631411	-26.37746345
0.68849008	-26.37746345
0.154287803	-28.78441325
0.119695466	-28.78441325
0.160799584	-28.76212708
0.107102549	-28.78441325
0.146227291	-28.78441325
-0.375621029	-30.94621317
-0.434930358	-30.92392488
-0.382580264	-30.90163872
-0.435234207	-30.94621317
-0.402396352	-30.90163872
-0.878034907	-33.0857248
-0.830011875	-33.0857248
-0.872195823	-33.06343863
-0.841564034	-33.10801095
-0.891504885	-33.06343863
-1.325654493	-35.35895552
-1.275447979	-35.35895552
-1.333411476	-35.33666935
-1.253651148	-35.33666935
-1.325349408	-35.33666935
-1.718750559	-37.60990007
-1.701117992	-37.60990007
-1.735446401	-37.56532775
-1.696321211	-37.56532775
-1.709587772	-37.56532775
-2.225453992	-39.79398616
-2.199390269	-39.81627444
-2.236233741	-39.77169787
-2.209739882	-39.74941382
-2.219272634	-39.77169787
-2.69179593	-42.13407747
-2.684407477	-42.13407747
-2.666305989	-42.11178919
-2.671549985	-42.08950515
-2.679611335	-42.08950515
-3.130000554	-44.00614881
-3.130469155	-44.02843709
-3.133324177	-44.02843709
-3.138695537	-44.02843709
-3.147430102	-44.02843709
-3.202798495	-42.60209742
-3.214984048	-42.64666976
-3.193694602	-42.62438147
-3.239574453	-42.60209742
-3.213043885	-42.60209742
-3.160570735	-42.44608794
-3.188614043	-42.44608794
-3.164226018	-42.46837623
-3.155023489	-42.44608794
-3.151737533	-42.40151563
-3.361883906	-44.67474635
-3.389518625	-44.71932291
-3.359700504	-44.67474635
-3.410415122	-44.67474635
-3.356678855	-44.67474635
-3.675918716	-46.7473995
-3.673224895	-46.7473995
-3.664835716	-46.7473995
-3.669571847	-46.72511547
-3.687875076	-46.72511547
-4.071958144	-48.75319206
-4.057180918	-48.75319206
-4.088918772	-48.75319206
-4.056673373	-48.75319206
-4.051264665	-48.77548034
-4.538497515	-51.16014397
-4.549949522	-51.13785569
-4.555193517	-51.11557165
-4.570563199	-51.16014397
-4.558215167	-51.11557165
-4.892970588	-53.0099313
-4.951608657	-52.98764302
-4.903214701	-53.0099313
-4.954668931	-52.96535896
-4.901234637	-52.98764302
-5.397721408	-55.17172908
-5.337308208	-55.1494408
-5.355271478	-55.1494408
-5.33747356	-55.1494408
-5.373373284	-55.17172908
-5.44226217	-52.62938881
-5.439075808	-52.62938881
-5.425339528	-52.60710053
-5.457582374	-52.60710053
-5.456707098	-52.62938881
-5.463446276	-52.40652297
-5.385399871	-52.38423468
-5.478729452	-52.40652297
-5.44807436	-52.3619464
-5.475912097	-52.38423468
-5.78163306	-55.86094348
-5.749936704	-55.8386552
-5.783349138	-55.8386552
-5.736835653	-55.8386552
-5.776428009	-55.86094348
-5.968869355	-58.04502532
-6.018706462	-58.0673136
-5.988988574	-58.0673136
-6.046788714	-58.04502532
-6.005050623	-58.000453
-6.046912568	-56.30667517
-6.031133977	-56.30667517
-6.065929871	-56.28438689
-6.028988242	-56.28438689
-6.087422335	-56.28438689
-6.489811186	-60.07310616
-6.446992247	-60.07310616
-6.469789007	-60.09539444
-6.444808845	-60.07310616
-6.4428291	-60.05081788
-6.821411208	-62.16804335
-6.820903025	-62.16804335
-6.782781593	-62.16804335
-6.775089889	-62.14575931
-6.76749714	-62.16804335
-7.290146749	-64.57499528
-7.321514958	-64.59728356
-7.282592306	-64.57499528
-7.336270797	-64.50813466
-7.294084534	-64.53042294
-7.717912221	-66.58078784
-7.782935464	-66.55850378
-7.739686229	-66.51392722
-7.760772019	-66.55850378
-7.724705666	-66.5362155
-7.711746345	-64.68642819
-7.723930622	-64.7310005
-7.702546051	-64.66414416
-7.728668349	-64.70871647
-7.697300779	-64.68642819
-7.967106696	-67.0265195
-8.008338518	-67.07109182
-7.969419059	-67.04880778
-8.006866318	-67.04880778
-7.979965784	-67.07109182
-8.271511234	-68.74258562
-8.259288013	-68.72030159
-8.302105037	-68.72030159
-8.238633159	-68.72030159
-8.271741066	-68.6980133
-8.649931183	-71.03810462
-8.701320932	-71.03810462
-8.696991795	-71.01582058
-8.707400621	-71.01582058
-8.671929915	-71.03810462
-9.204849813	-73.22218646
-9.192926651	-73.22218646
-9.22295162	-73.24447474
-9.202702163	-73.19990665
-9.230911461	-73.19990665
-9.209095317	-71.2163939
-9.17907354	-71.19411409
-9.215138616	-71.2163939
-9.198216612	-71.19411409
-9.22642208	-71.19411409
-9.492875644	-73.62335006
-9.460710686	-73.5787735
-9.47179177	-73.5787735
-9.465078129	-73.5787735
-9.488549061	-73.60106178
-9.829064642	-75.89657653
-9.86490244	-75.85200846
-9.815330916	-75.87429674
-9.856004757	-75.85200846
-9.82396493	-75.82972018
-10.24317364	-77.54579054
-10.1852107	-77.56807033
-10.25902948	-77.50121398
-10.20488558	-77.54579054
-10.21029492	-77.52350226
-10.69782943	-79.72987236
-10.736445	-79.72987236
-10.69383291	-79.70758408
-10.73628156	-79.72987236
-10.69064463	-79.70758408
-10.78846359	-78.61554318
-10.71501318	-78.66011974
-10.76475006	-78.63783146
-10.74178603	-78.61554318
-10.77936481	-78.63783146
-10.93864717	-80.17560405
-10.9180568	-80.2424604
-10.96477138	-80.22018061
-10.9038915	-80.17560405
-10.93760399	-80.19789233
-11.28810385	-82.04767542
-11.22483754	-82.02538713
-11.27521028	-82.02538713
-11.23655385	-82.04767542
-11.29217059	-82.02538713
-11.66802473	-84.1426126
-11.67234939	-84.16490088
-11.65667742	-84.09804454
-11.70255184	-84.07575625
-11.66083865	-84.12033282
-11.76268095	-81.26764497
-11.77145541	-81.24535669
-11.7701275	-81.33450981
-11.77688072	-81.31222153
-11.79608827	-81.37907788
-11.78476267	-81.42365444
-11.84494668	-81.37907788
-11.80498532	-81.37907788
-11.83641737	-81.3567896
-11.79823209	-81.40136616
-12.05554027	-84.81121011
-12.03052052	-84.81121011
-12.04368605	-84.76664205
-12.02064414	-84.78893033
-12.03721501	-84.72206548
-12.39957291	-86.5049922
-12.37007911	-86.57185704
-12.37653228	-86.52728048
-12.35920551	-86.54956876
-12.36649246	-86.5049922
-12.84850845	-88.59992941
-12.89324648	-88.55536132
-12.85697775	-88.55536132
-12.90463464	-88.5776496
-12.875755	-88.5776496
-12.82928812	-86.14840516
-12.84894002	-86.14840516
-12.84067757	-86.17069344
-12.85200572	-86.12612538
-12.85136985	-86.10383709
-12.86559772	-85.50209593
-12.81522625	-85.50209593
-12.84586155	-85.45752784
-12.81428777	-85.45752784
-12.85392098	-85.45752784
-13.0409466	-87.6193214
-13.04396378	-87.6193214
-13.01414949	-87.57475333
-13.03392779	-87.59703312
-13.04692861	-87.55246505
-13.18567295	-89.1348142
-13.1776531	-89.11252592
-13.19424312	-89.1348142
-13.1762358	-89.15709401
-13.16703998	-89.1348142
-13.49646171	-91.02917385
-13.50379334	-90.962309
-13.47819646	-91.00688557
-13.50164441	-90.94002072
-13.49509293	-90.94002072
-14.02930755	-93.14639932
-14.03757128	-93.12411103
-14.03455026	-93.12411103
-14.05514575	-93.05724619
-14.00057091	-93.05724619
-14.54901339	-94.66188364
-14.49729358	-94.66188364
-14.52856092	-94.63959536
-14.52366295	-94.66188364
-14.52964496	-94.59502727
-14.56217509	-92.03207011
-14.60366611	-92.12121477
-14.57654596	-92.0766382
-14.60515619	-92.03207011
-14.54497218	-92.0766382
-14.98212884	-95.35276944
-14.98887951	-95.33048116
-14.99451549	-95.37505772
-14.99384004	-95.37505772
-15.01386605	-95.35276944
-15.37188269	-97.40313006
-15.36008721	-97.42541834
-15.34753712	-97.40313006
-15.3814156	-97.42541834
-15.38296824	-97.40313006
-15.62265087	-98.42831463
-15.58965086	-98.38374654
-15.65401652	-98.45060291
-15.61966944	-98.40602635
-15.65614375	-98.38374654
-15.70149339	-96.08822332
-15.6571665	-96.08822332
-15.68500679	-96.1105116
-15.67151566	-96.04365523
-15.68473993	-96.06593504
-16.27196652	-99.94380743
-16.27737906	-99.92151915
-16.23580377	-99.87694259
-16.28097082	-99.87694259
-16.23845577	-99.89923087
-16.87711106	-101.9718798
-16.92278374	-101.9718798
-16.87096816	-101.9273117
-16.90145663	-101.9718798
-16.87445778	-101.9496
-16.91778745	-99.45349918
-16.94848021	-99.47578746
-16.92198827	-99.45349918
-16.97307477	-99.4312109
-16.93419106	-99.38664283
-16.94409681	-99.2752099
-16.97126676	-99.29748971
-16.94723912	-99.40892262
-16.97632178	-99.38664283
-16.95062786	-99.38664283
-17.19600521	-102.1724658
-17.24272491	-102.1501776
-17.21255949	-102.2170339
-17.25901104	-102.1501776
-17.20947846	-102.1501776
-17.65659194	-104.0222489
-17.70357339	-104.0445372
-17.66620274	-103.9999606
-17.69524709	-103.9999606
-17.6846327	-104.0222489
-17.73715181	-101.6598693
-17.74084444	-101.6598693
-17.73886406	-101.637581
-17.73651722	-101.637581
-17.73382691	-101.637581
-18.09738249	-104.5348369
-18.02501229	-104.5348369
-18.06715706	-104.5348369
-18.03811398	-104.5348369
-18.08150111	-104.4902689
-18.46160586	-106.072618
-18.47675305	-106.0503297
-18.42943707	-106.0280415
-18.4774617	-106.0280415
-18.4548322	-106.0057532
-18.54701773	-103.3090748
-18.59832768	-103.3536514
-18.58228414	-103.3090748
-18.62194417	-103.286795
-18.57630596	-103.2645067
-19.46201127	-107.521246
-19.43827347	-107.4543811
-19.43256088	-107.4543811
-19.43259663	-107.4320928
-19.44190865	-107.3875248
-19.40962494	-105.0251452
-19.46960721	-105.0028569
-19.43938177	-105.0028569
-19.46477308	-104.9805686
-19.42477213	-105.0028569
-19.58051254	-103.3982279
-19.52048941	-103.442796
-19.51128848	-103.4205077
-19.52455233	-103.4205077
-19.49063554	-103.4205077
-19.53214699	-101.7487424
-19.52610369	-101.7487424
-19.5433947	-101.7487424
-19.51870183	-101.7487424
-19.57725275	-101.6818776
-19.57972345	-101.3030108
-19.53055604	-101.2807225
-19.51523392	-101.3030108
-19.50049405	-101.2807225
-19.58949896	-101.2807225
-19.52371599	-97.96002316
-19.51969138	-97.96002316
-19.50907954	-97.98230297
-19.47075509	-98.00459125
-19.47579351	-98.00459125
-19.25820538	-93.70328392
-19.24561187	-93.70328392
-19.256059	-93.68099566
-19.20399572	-93.68099566
-19.25614838	-93.7255722
-19.03402746	-89.93685293
-19.02590418	-89.98142102
-19.03329199	-89.98142102
-18.99322848	-89.93685293
-19.03688503	-89.93685293
-18.96024379	-91.22947142
-19.03224754	-91.2517597
-19.00171821	-91.22947142
-19.01276163	-91.2517597
-18.99174096	-91.27404798
-18.85795332	-88.59965791
-18.78175004	-88.57736963
-18.83611931	-88.59965791
-18.85836447	-88.55508135
-18.9495464	-88.55508135
-18.83250839	-88.75565889
-18.87646628	-88.77794717
-18.88293221	-88.73337061
-18.8637885	-88.73337061
-18.83045906	-88.77794717
-18.63324296	-84.85550671
-18.64890089	-84.83321843
-18.66641535	-84.90008327
-18.61751736	-84.92237155
-18.63055137	-84.85550671
-18.30991433	-80.84392159
-18.40107583	-80.75477694
-18.38941952	-80.7993535
-18.36211679	-80.75477694
-18.36752549	-80.73248866
-17.97103119	-75.38370852
-18.00168692	-75.42828508
-17.96582678	-75.38370852
-17.96931384	-75.4059968
-17.91423209	-75.4059968
-17.67498742	-72.15215385
-17.74251838	-72.12986557
-17.69100542	-72.10758576
-17.72452	-72.15215385
-17.69714831	-72.15215385
-17.64073738	-73.60078181
-17.70300519	-73.62307009
-17.6930024	-73.57849352
-17.72533335	-73.62307009
-17.66910628	-73.60078181
-17.47570794	-71.23840219
-17.52501835	-71.17154584
-17.50378956	-71.2161224
-17.55081186	-71.2161224
-17.5173624	-71.23840219
-17.20327684	-66.71422904
-17.21529959	-66.75880137
-17.20088914	-66.73651732
-17.13909376	-66.73651732
-17.14493404	-66.75880137
-17.18346406	-67.33825425
-17.16183306	-67.31596597
-17.21287614	-67.31596597
-17.17593324	-67.31596597
-17.23303494	-67.31596597
-16.79916361	-62.63578332
-16.83287738	-62.6580716
-16.82898173	-62.68035989
-16.88459336	-62.6580716
-16.83653426	-62.68035989
-16.48744276	-57.82188373
-16.45742545	-57.79959545
-16.47397206	-57.84416779
-16.42698934	-57.82188373
-16.42796995	-57.84416779
-16.25536373	-55.81609117
-16.25166727	-55.81609117
-16.23538113	-55.81609117
-16.2117059	-55.81609117
-16.2245037	-55.79380289
-16.27488028	-56.90646069
-16.25667505	-56.95103301
-16.27888063	-56.92874898
-16.24106308	-56.95103301
-16.19475198	-56.92874898
-15.92224171	-53.16231374
-15.97220203	-53.20688605
-15.90846585	-53.16231374
-15.99063199	-53.22917433
-15.95279401	-53.16231374
-15.67794201	-49.70789322
-15.6575521	-49.75246554
-15.65171693	-49.73018151
-15.64113956	-49.73018151
-15.61007652	-49.73018151
-15.30352944	-46.25347271
-15.29816031	-46.25347271
-15.33359143	-46.25347271
-15.32234245	-46.25347271
-15.35820386	-46.29804502
-15.27921962	-47.79124954
-15.26709727	-47.81353358
-15.29379351	-47.81353358
-15.24378849	-47.79124954
-15.29520442	-47.76896126
-15.05373421	-44.42597366
-15.04382973	-44.42597366
-15.02146582	-44.44826194
-15.03207384	-44.42597366
-14.99509646	-44.44826194
-15.02048521	-44.73798413
-14.98962518	-44.7157001
-15.08010102	-44.73798413
-15.05662881	-44.7157001
-15.05070937	-44.73798413
-14.65434147	-40.03551747
-14.64224593	-40.03551747
-14.63209631	-40.08008979
-14.58461051	-40.05780151
-14.59502061	-40.05780151
-14.25712192	-35.55591452
-14.17094266	-35.57820067
-14.18467511	-35.60048472
-14.18367023	-35.60048472
-14.17940302	-35.64506126
-13.85041798	-31.74490695
-13.78960321	-31.76719523
-13.78678266	-31.74490695
-13.76064696	-31.81176757
-13.70107073	-31.7894814
-13.21493309	-26.88643293
-13.19423929	-26.90871909
-13.15377102	-26.90871909
-13.19809919	-26.90871909
-13.17224056	-26.90871909
-13.16691102	-28.33506088
-13.19885253	-28.31277471
-13.1862986	-28.29048643
-13.15493167	-28.26820029
-13.13866852	-28.35734705
-12.62511195	-22.54054905
-12.65517395	-22.54054905
-12.6339426	-22.58512137
-12.62441479	-22.5628352
-12.62336906	-22.58512137
-12.58980085	-23.29829333
-12.55171772	-23.27600505
-12.60833551	-23.25371888
-12.59819099	-23.29829333
-12.63950197	-23.29829333
-12.11930454	-18.86326269
-12.15359544	-18.84097653
-12.11857163	-18.7964021
-12.16478953	-18.77411593
-12.1192075	-18.81868824
-12.02835244	-18.03865782
-11.9801248	-18.0609461
-11.97458968	-18.0609461
-12.01257322	-18.03865782
-11.9923876	-18.0609461
-11.317115	-13.51448253
-11.35808124	-13.51448253
-11.34334392	-13.49219532
-11.40392119	-13.51448253
-11.37903935	-13.5367687
-10.68588711	-9.369177293
-10.64847816	-9.346891124
-10.64021507	-9.369177293
-10.62698697	-9.346891124
-10.66674787	-9.369177293
-10.20656271	-6.761647286
-10.17078875	-6.761647286
-10.14576837	-6.761647286
-10.15517168	-6.761647286
-10.14758085	-6.783933966
-10.13145177	-8.143415158
-10.13249367	-8.121129012
-10.13504417	-8.098842309
-10.18999184	-8.076555629
-10.1404184	-8.098842309
-10.14924713	-8.455427768
-10.13712287	-8.477713936
-10.13695943	-8.477713936
-10.15583884	-8.433141065
-10.13910389	-8.500000616
-9.941809901	-6.672501055
-9.939219186	-6.717073903
-9.95601542	-6.717073903
-9.942621334	-6.694787201
-9.973109798	-6.739360583
-6.93592298	0.526065793
-6.9918219	0.392346291
-6.954555953	0.481492611
-6.973188927	0.436919473
-6.973188927	0.436919473
-5.780674151	3.289602205
-5.825037431	3.311888885
-5.79830608	3.289602205
-5.819215665	3.356462001
-5.794946067	3.178169272
-5.812077472	2.821583836
-5.86544952	2.7992974
-5.820887052	2.754724285
-5.786892378	2.821583836
-5.788402883	2.821583836
-5.811075151	2.821583836
-5.802412407	2.866157218
-5.84018973	2.866157218
-5.797132022	2.933016747
-5.815099122	2.821583836
-5.778324121	2.576431556
-5.855700184	2.554144875
-5.811936381	2.598717991
-5.834107487	2.48728508
-5.763808329	2.53185844
-5.814338762	2.175273004
-5.797453787	2.108413186
-5.882137223	2.264419235
-5.844729546	2.175273004
-5.857321136	2.175273004
-5.863472329	1.907834044
-5.831192454	1.885547364
-5.844822756	1.907834044
-5.826822458	1.996980275
-5.919283147	1.952407159
-5.903021271	1.863260795
-5.918909032	1.818687679
-5.905713495	1.863260795
-5.938484954	1.885547364
-5.913031084	1.818687679
-6.003727175	1.618108403
-5.993716724	1.662681519
-6.056350993	1.662681519
-5.994623283	1.707254768
-5.961707541	1.707254768
-6.0575857	1.484388923
-6.088847292	1.506675492
-6.032089694	1.506675492
-6.014423291	1.484388923
-6.033259283	1.506675492
-6.176214653	1.328382763
-6.126810396	1.306096194
-6.194176645	1.328382763
-6.162547961	1.283809647
-6.209934168	1.306096194
-6.205559065	1.194663283
-6.262845914	1.21694983
-6.212912405	1.172376714
-6.188763469	1.194663283
-6.175806063	1.172376714
-6.221775612	1.150090167
-6.179288653	1.150090167
-6.187890746	1.172376714
-6.191550179	1.150090167
-6.173953364	1.172376714
-6.245985837	1.060943803
-6.208702653	1.060943803
-6.225354604	1.083230349
-6.21578211	1.083230349
-6.280601696	1.083230349
-6.223478283	1.060943803
-6.294304139	1.038657256
-6.2382188	1.038657256
-6.30105481	1.060943803
-6.229755883	1.105516985
-6.256417647	1.083230349
-6.277380221	1.060943803
-6.328623771	1.083230349
-6.269009236	1.083230349
-6.261622698	1.083230349
-6.244296574	1.060943803
-6.275396645	1.083230349
-6.229921234	1.105516985
-6.304914068	1.060943803
-6.272140056	1.038657256
-6.306160906	1.350669443
-6.223545955	1.350669443
-6.243728378	1.372956012
-6.224254603	1.372956012
-6.242869063	1.350669443
-6.157834494	1.64039495
-6.194266025	1.64039495
-6.156145231	1.64039495
-6.221800511	1.64039495
-6.190208217	1.618108403
-5.807113106	2.665577787
-5.89477031	2.665577787
-5.868471808	2.710150902
-5.86858034	2.665577787
-5.836405805	2.710150902
-5.75804402	3.178169272
-5.712913357	3.200455974
-5.715170816	3.133596156
-5.68161729	3.155882592
-5.639070958	3.111309476
-5.024519279	3.851502627
-5.015767795	3.71778328
-5.031871023	3.829216214
-4.968689308	3.918362445
-4.951171019	3.762356396
-4.994127856	3.851502627
-4.956114637	3.806929512
-4.995347241	3.762356396
-5.007666544	3.806929512
-5.05243618	3.762356396
-5.043843983	3.740069716
-5.002228788	3.762356396
-5.002901365	3.762356396
-4.981717259	3.740069716
-4.972038149	3.784642831
-4.235144776	4.096655174
-4.215767403	4.052082059
-4.241695301	4.096655174
-4.248120696	4.007508676
-4.347860668	4.007508676
-4.812719075	2.135435732
-4.829845373	2.135435732
-4.852955278	2.090862616
-4.923780816	2.068575914
-4.87139098	2.068575914
-4.881198413	2.024002799
-4.88492456	2.046289367
-4.927540161	2.135435732
-4.939005895	2.046289367
-4.962481296	2.024002799
-4.913310063	2.046289367
-4.976076485	2.024002799
-4.938297247	2.024002799
-4.889128248	2.046289367
-4.893694239	2.068575914
-4.895205064	2.068575914
-4.936383259	2.090862616
-4.994980787	2.090862616
-4.93953355	2.068575914
-4.909981013	2.068575914
-4.874848033	2.046289367
-4.950588778	1.934856434
-4.935207286	1.979429683
-4.944413964	1.957143003
-4.929129512	1.957143003
-5.000244254	1.818687679
-4.994218512	1.952407159
-5.028052943	1.77411443
-5.037149493	1.796401132
-4.968363394	1.840974248
-4.904515166	2.375852146
-4.96711496	2.353565733
-4.926880033	2.398138849
-4.879494146	2.375852146
-4.901516181	2.398138849
-4.305961057	4.5599377
-4.242617821	4.537650998
-4.246146696	4.537650998
-4.300173765	4.626797229
-4.198818586	4.5599377
-3.34857505	6.654876489
-3.245145639	6.543443555
-3.219685385	6.588016426
-3.323428899	6.565730258
-3.283830798	6.588016426
-2.249442365	8.92810774
-2.27728489	8.905821571
-2.257707212	8.838961509
-2.242293	8.861248189
-2.241203055	8.92810774
-2.200404242	7.969784832
-2.253320138	8.103504446
-2.221019036	8.058931063
-2.19294269	8.036644383
-2.249355859	8.036644383
-1.462618995	11.02304704
-1.469876891	11.04533321
-1.477812632	10.95618751
-1.472550282	11.15676612
-1.448419381	11.06762042
-0.818058866	13.20713206
-0.873140448	13.20713206
-0.80966857	13.20713206
-0.855781764	13.16255868
-0.905384411	13.20713206
-0.823720549	12.33795487
-0.808692184	12.40481547
-0.806960146	12.36024209
-0.821406829	12.36024209
-0.860153755	12.33795487
-0.284963063	15.50265001
-0.259269825	15.50265001
-0.2106697	15.45807663
-0.267295962	15.48036385
-0.299176164	15.45807663
0.243291169	17.68673503
0.256296316	17.6421627
0.336529316	17.66444886
0.246022437	17.77588178
0.219684931	17.6421627
0.769918125	19.84853493
0.778583182	19.89310727
0.814122438	19.93767958
0.762096343	19.91539341
0.805731344	19.93767958
1.27958551	22.01033274
1.29121029	21.98804657
1.332518404	21.98804657
1.286973644	22.01033274
1.286170031	21.98804657
1.577719551	23.16923425
1.605871072	23.2138087
1.489899549	23.16923425
1.609634407	23.16923425
1.634072708	23.10237577
1.577526907	22.12176565
1.605712424	22.14405182
1.624678015	22.14405182
1.557402261	22.0994795
1.561239495	22.12176565
1.85847376	24.48414313
1.932568495	24.46185698
1.865094192	24.43957081
1.884167996	24.48414313
1.906401827	24.43957081
2.323061476	26.62365477
2.327701684	26.66822922
2.23758895	26.62365477
2.362967456	26.66822922
2.341167273	26.64594305
2.816706633	28.85231317
2.825948424	28.85231317
2.800749923	28.85231317
2.826169637	28.80774085
2.794633205	28.78545469
3.333862624	31.08097157
3.33358906	31.03639926
3.268419619	31.0586854
3.299868268	31.01411309
3.340503485	31.01411309
3.851183327	33.30962997
3.783122794	33.3542044
3.770311268	33.26505764
3.846217365	33.37649057
3.837657408	33.26505764
3.866866793	31.83871585
3.868355273	31.86100199
3.806648631	31.79414353
3.859244039	31.88329028
3.888193267	31.83871585
4.243172609	35.47142987
4.289012878	35.47142987
4.368004785	35.42685544
4.296777681	35.44914372
4.292941086	35.42685544
4.818952623	37.70008827
4.767638528	37.76694887
4.768437512	37.67779999
4.799336161	37.67779999
4.791000928	37.63322768
5.266971064	39.90645839
5.307640436	39.88417436
5.235399518	39.90645839
5.277414365	39.88417436
5.332331073	39.88417436
5.810766793	42.17969336
5.795804744	42.20197739
5.807814731	42.1351168
5.788403522	42.20197739
5.768656502	42.15740508
6.266940112	44.09633704
6.21761055	44.18548592
6.257112888	44.16319764
6.299423642	44.16319764
6.244141437	44.18548592
6.226789776	42.44713152
6.291938787	42.44713152
6.324853253	42.44713152
6.21265129	42.46941555
6.29513728	42.44713152
6.431514992	44.6089293
6.549030537	44.63121758
6.539282477	44.63121758
6.415665537	44.65350164
6.50304822	44.6089293
6.506119666	43.73975423
6.520966799	43.69517767
6.48415477	43.71746595
6.554429669	43.78432654
6.490380658	43.82889888
6.831227579	46.70386651
6.887206941	46.77072711
6.875177801	46.72615479
6.785443811	46.6592942
6.868679307	46.57014955
7.277754347	48.79880795
7.256013537	48.73194735
7.21353807	48.73194735
7.307269217	48.70965907
7.261725496	48.73194735
7.751354023	50.84917282
7.737943338	50.82688454
7.817174654	50.84917282
7.765258207	50.8714611
7.735759936	50.82688454
8.252406467	53.18926413
8.3273029	53.18926413
8.183764012	53.16697585
8.258044368	53.12240354
8.352393508	53.14469182
8.801982785	55.41792254
8.706430858	55.41792254
8.788387596	55.41792254
8.834357784	55.44021082
8.725916763	55.41792254
8.796624512	53.74642873
8.771095308	53.74642873
8.867760642	53.79100105
8.753462741	53.74642873
8.807069728	53.72414045
8.917745224	51.359258
8.755591239	51.31468144
8.862792444	51.38154203
8.874382989	51.38154203
8.744074751	51.38154203
8.807851795	51.29239738
8.865006491	51.24782507
8.868323091	51.2701091
8.805633279	51.31468144
8.858585884	51.2701091
9.142151064	55.70514187
9.147974746	55.74971419
9.137913221	55.7274259
9.157764941	55.70514187
9.089959458	55.68285359
9.170364831	54.63538498
9.105039615	54.63538498
9.183121772	54.63538498
9.154786066	54.6130967
9.147052227	54.6130967
9.401164463	57.91151199
9.467114693	57.93380025
9.519176062	57.93380025
9.412136377	57.86693965
9.462816201	57.88922371
9.819374678	59.87273221
9.771482842	59.89501627
9.757920851	59.87273221
9.836004923	59.87273221
9.779071121	59.87273221
10.24881154	62.16825121
10.17916676	62.14596293
10.23943951	62.14596293
10.25203301	62.14596293
10.17150442	62.10139062
10.71763071	64.26318842
10.79067508	64.26318842
10.74822132	64.24090014
10.70722061	64.26318842
10.83621753	64.24090014
11.24265461	66.40270217
11.25162316	66.35812561
11.19617752	66.38041389
11.26787482	66.38041389
11.31281842	66.31355329
11.2305578	64.50834252
11.27032253	64.53062658
11.28407541	64.55291486
11.25206495	64.50834252
11.2808003	64.48605424
11.43625852	66.8038573
11.50225855	66.8038573
11.51685415	66.8038573
11.47263451	66.84843386
11.4923196	66.82614558
11.77504334	68.5422117
11.76782024	68.5422117
11.8261209	68.51992764
11.78954445	68.49763936
11.74601942	68.51992764
12.23254777	70.92687532
12.29735395	70.92687532
12.35565589	70.90459129
12.28298819	70.88230301
12.30091762	70.90459129
12.79794801	73.11096564
12.87112262	73.13324545
12.89079366	73.11096564
12.81883589	73.06638907
12.86971426	73.06638907
12.89833853	71.46175164
12.92997871	71.41718358
12.85697009	71.3948953
12.87569882	71.43947184
12.9255787	71.43947184
13.44316754	75.60705795
13.3643378	75.5402016
13.42261931	75.5402016
13.44038275	75.56248988
13.38784831	75.5402016
13.90269322	77.52370588
13.82795958	77.52370588
13.92800919	77.54599416
13.88306558	77.5014176
13.82550549	77.47912932
14.48245155	79.77465256
14.41880092	79.77465256
14.38504757	79.77465256
14.4257495	79.730076
14.44947708	79.68550791
14.43214138	78.41516924
14.48890983	78.41516924
14.43836088	78.41516924
14.40255309	78.43745752
14.45028021	78.41516924
14.89255318	81.93644612
15.02793814	81.91416631
14.99538502	81.89187803
14.85578009	81.93644612
14.97254358	81.89187803
15.54847905	84.12053643
15.43609641	84.14282472
15.45141725	84.12053643
15.52633731	84.09824815
15.48634019	84.12053643
16.12447836	86.5274841
16.00057349	86.50519582
16.01776746	86.46062775
16.0671366	86.46062775
16.01873658	86.48291603
16.62541461	88.46642031
16.5443772	88.42184374
16.56199891	88.42184374
16.61604003	88.44413202
16.49030033	88.42184374
16.55264604	86.48291603
16.61344293	86.48291603
16.64850504	86.50519582
16.55785045	86.48291603
16.5808298	86.50519582
16.82036942	89.09044126
16.7472727	89.13501782
16.88234484	89.09044126
16.86993903	89.06815297
16.72952713	89.09044126
17.11816502	90.8287999
17.11770663	90.80651162
17.18217955	90.80651162
17.11181528	90.80651162
17.0893505	90.78422334
17.35644567	91.49739741
17.3248055	91.5419655
17.25232549	91.49739741
17.30891518	91.49739741
17.29920096	91.47510913
17.33112587	89.09044126
17.322225	89.09044126
17.38690222	89.06815297
17.39675817	89.11272954
17.30526724	89.09044126
17.57132179	91.34138794
17.54330275	91.31909966
17.49207069	91.34138794
17.61817428	91.34138794
17.55421976	91.31909966
17.88517497	93.23574759
17.85175105	93.23574759
17.91418485	93.25803587
17.84603462	93.23574759
17.86981838	93.16889121
18.44066691	95.30839649
18.30333731	95.28611671
18.42105076	95.28611671
18.474313	95.26382842
18.30877538	95.24154014
18.46085507	92.7900159
18.49619299	92.85687227
18.39787733	92.7900159
18.45601201	92.76772761
18.44382709	92.83459246
18.76160784	95.77641646
18.70084415	95.75412818
18.62932305	95.75412818
18.7230791	95.70956009
18.72690069	95.73184837
19.19261139	97.55934318
19.08640995	97.4924868
19.15688148	97.53705489
19.15603238	97.53705489
19.10790178	97.4924868
19.62278371	99.89943449
19.65252394	99.87714621
19.74210599	99.83257814
19.62032834	99.85486642
19.68755286	99.81028986
19.78344762	96.95761051
19.79396114	96.89074566
19.62935434	96.91303394
19.79492899	96.91303394
19.76685121	96.93532223
20.22962772	100.4565991
20.14467806	100.4565991
20.20010711	100.4343108
20.24701833	100.3897427
20.11618148	100.412031
20.71487412	101.9943717
20.59968116	101.9943717
20.71921667	102.01666
20.72655469	101.9275153
20.59440524	101.9275153
21.49926958	104.3121832
21.53592775	104.2676066
21.51665507	104.2453184
21.43339979	104.2230301
21.53084591	104.178462
21.56001922	101.4817836
21.60489005	101.4594954
21.50648119	101.4594954
21.57175341	101.5040719
21.62638443	101.4594954
21.53843036	100.4788874
21.58277513	100.4788874
21.64358606	100.4565991
21.5483974	100.4343108
21.54837952	100.4565991
21.65236819	98.16108434
21.5473938	98.18337262
21.63843272	98.16108434
21.7299262	98.18337262
21.60363874	98.18337262
21.57521366	97.53872629
21.64312384	97.49415822
21.65446732	97.53872629
21.64325153	97.51644651
21.66459269	97.51644651
21.62889726	97.33814875
21.64650493	97.36043703
21.6225539	97.31586047
21.66304515	97.29358066
21.65397957	97.29358066
21.57936851	93.48257311
21.41910553	93.52714118
21.53032751	93.48257311
21.58426392	93.46028483
21.44216659	93.48257311
21.24365577	88.98067976
21.29861366	88.93611167
21.31182516	88.98067976
21.16341128	88.95839148
21.30718383	88.93611167
21.31039382	89.15897752
21.23731369	89.1812573
21.2456834	89.20354559
21.28231603	89.1812573
21.30970049	89.1812573
21.33481089	89.11440096
21.28657303	89.13668924
21.21955153	89.15897752
21.28382526	89.1812573
21.31999951	89.13668924
21.06574554	84.38964177
21.0194089	84.38964177
20.96633563	84.38964177
21.05799638	84.41193005
21.03918337	84.41193005
20.79688704	79.88775689
20.74258418	79.93232496
20.68886355	79.93232496
20.77562888	79.95461324
20.77518965	79.91004518
20.54043946	76.0990376
20.45658533	76.14360569
20.45812776	76.12132588
20.45301656	76.16589397
20.5238903	76.16589397
20.39378635	74.40525554
20.38501827	74.42754382
20.34512586	74.38296726
20.37109046	74.42754382
20.35646933	74.42754382
20.35524995	75.76473885
20.3128064	75.74245056
20.29594185	75.78702713
20.3833737	75.83159522
20.36412273	75.78702713
20.08933968	71.88687494
20.12074747	71.88687494
20.10900689	71.88687494
20.03491296	71.90915473
20.15779763	71.93144301
19.74258991	66.91696163
19.81493713	66.93924991
19.78172005	66.91696163
19.67402087	66.96153819
19.79861524	66.96153819
19.75014116	67.6301357
19.81260944	67.6301357
19.68673823	67.58555914
19.72515589	67.60784742
19.84035907	67.60784742
19.39504339	62.50422139
19.49023716	62.52650542
19.32660715	62.57107773
19.41382703	62.52650542
19.47445794	62.52650542
19.06478533	57.86861107
19.05018974	57.86861107
18.95947641	57.89089511
19.06576722	57.89089511
19.13378594	57.89089511
18.7469433	54.05760352
18.6295682	54.05760352
18.69559377	54.03531947
18.79098034	54.03531947
18.7320387	54.03531947
18.54364048	51.96266631
18.50632474	51.98495035
18.57063423	51.98495035
18.56462413	51.96266631
18.48230604	51.98495035
18.53811048	53.25528904
18.47168654	53.21071248
18.51492939	53.25528904
18.57957979	53.25528904
18.46117045	53.27757308
18.1819491	48.75339568
18.20027435	48.73111164
18.17996488	48.73111164
18.17140875	48.73111164
18.19201445	48.75339568
17.84348859	44.45208837
17.82247048	44.4743724
17.73243132	44.49666068
17.84617763	44.45208837
17.87869755	44.49666068
17.8178981	44.85324349
17.87337822	44.80867116
17.73420613	44.78638712
17.80097354	44.83095944
17.86720213	44.78638712
17.80136171	45.27669113
17.81766827	45.25440285
17.78962624	45.25440285
17.72548274	45.25440285
17.80930239	45.23211881
17.76695589	45.25440285
17.75971108	45.27669113
17.79580233	45.27669113
17.808166	45.20983053
17.79531841	45.27669113
17.76649239	45.70013454
17.77005734	45.67785048
17.804075	45.72242279
17.80666571	45.67785048
17.78153999	45.74470685
17.71441762	45.83385573
17.84945656	45.81156745
17.83626166	45.76699513
17.73661554	45.81156745
17.81819561	45.83385573
17.72298651	45.83385573
17.81795939	45.87842804
17.76993604	45.87842804
17.79533373	45.85613976
17.78840941	45.87842804
17.78633198	45.92300036
17.77228671	45.87842804
17.79379002	45.87842804
17.7979436	45.90071632
17.76083725	45.90071632
17.86985668	45.87842804
17.73128344	45.90071632
17.77944086	45.92300036
17.85702569	45.92300036
17.68672161	45.94528864
17.82820606	45.87842804
17.74189401	45.87842804
17.79983332	45.87842804
17.83693967	45.87842804
17.71337827	45.85613976
17.37266925	40.6633691
17.38002514	40.68565313
17.41865731	40.68565313
17.36353726	40.70794141
17.46401972	40.6633691
16.91328913	35.58202709
16.89562145	35.60431113
17.0025226	35.53745267
16.84514018	35.55974095
16.93814927	35.69346003
16.39988962	31.28071554
16.46529336	31.21385705
16.52650139	31.28071554
16.38086976	31.30300171
16.51285577	31.30300171
16.39067592	32.32818626
16.4973766	32.28361183
16.37951758	32.26132566
16.45441465	32.26132566
16.48746063	32.28361183
15.97996141	26.9125455
15.90524054	26.9125455
15.96588804	26.89025935
16.00084673	26.86797318
15.9157579	26.95711784
15.32730681	22.32150964
15.45170327	22.34379578
15.43812914	22.32150964
15.31114708	22.34379578
15.48179591	22.32150964
15.33261848	22.83409979
15.43814064	22.78952747
15.37390648	22.85638807
15.371612	22.81181364
15.41403256	22.85638807
15.40404637	23.1461124
15.38288524	23.1461124
15.34595766	23.1461124
15.3993744	23.12382623
15.38315594	23.07925391
14.80991716	18.02019808
14.80997206	18.10934484
14.83985913	18.10934484
14.72797574	18.02019808
14.8743173	18.08705868
14.22912968	13.56288128
14.23196172	13.58516851
14.23967896	13.58516851
14.19688428	13.56288128
14.32529513	13.60745466
14.26728431	14.25376602
14.15819338	14.20919264
14.28225913	14.23147881
14.18328335	14.27605219
14.24464461	14.23147881
13.55645291	9.172425089
13.45121804	9.127851706
13.52853856	9.194711257
13.47050476	9.150137875
13.52592103	9.261570786
13.01375239	6.698613628
13.02834799	6.698613628
13.07054127	6.676327482
13.06980326	6.72090033
12.96622062	6.698613628
12.66803559	4.55910199
12.55066305	4.55910199
12.66388074	4.53681531
12.59670091	4.53681531
12.61662605	4.581388159
12.1615272	2.397303139
12.14030861	2.441876255
12.18281983	2.419589552
12.10023872	2.397303139
12.18658397	2.375016437
12.20606221	2.731601895
12.12656467	2.77617501
12.10947285	2.75388833
12.16888692	2.77617501
12.11957523	2.731601895
12.0615376	3.288766496
12.14371779	3.355626291
12.11425718	3.288766496
12.10614029	3.333339611
12.12934181	3.311052931
12.01982441	5.361418582
11.98170298	5.361418582
12.0906292	5.405991964
11.93955693	5.361418582
12.0689701	5.16083944
11.98459375	5.339132436
12.07121224	5.361418582
12.01687362	5.316845733
12.04937695	5.361418582
11.96144713	5.316845733
12.04122175	5.316845733
11.9851977	5.383705284
12.10452764	5.316845733
11.94328532	5.339132436
12.06513574	5.383705284
12.04388013	5.339132436
11.98630344	5.316845733
11.98781522	5.316845733
12.07879924	5.339132436
11.9580967	5.316845733
11.95653767	5.496809615
12.03402163	5.563669677
11.99764564	5.519096295
12.01391007	5.541382997
12.05050823	5.541382997
11.89870306	4.159614836
11.96670901	4.159614836
11.88878837	4.159614836
11.99529497	4.137328156
11.89856133	4.137328156
11.67488903	2.33211474
11.71210391	2.376688123
11.70539027	2.376688123
11.66961567	2.376688123
11.76623951	2.33211474
10.8841298	0.1703162
10.89322347	0.192602769
10.8841298	0.1703162
10.8841298	0.1703162
10.9114121	0.237175929
8.146861327	-6.537945731
8.12971013	-6.515659051
8.123615119	-6.493372349
8.100142909	-6.515659051
8.171473757	-6.493372349
8.164207242	-6.047640682
8.055263146	-6.069927362
8.135146928	-6.047640682
8.166936495	-6.069927362
8.111675996	-6.069927362
8.109878201	-5.8916349
8.191405919	-5.936207748
8.03885571	-5.8916349
8.138593767	-5.8916349
8.11526201	-5.8916349
7.832229274	-6.805384425
7.81108092	-6.805384425
7.857225396	-6.783098256
7.78686048	-6.783098256
7.885596853	-6.783098256
6.530659317	-8.722030751
6.565581618	-8.722030751
6.527880906	-8.766604134
6.548786022	-8.722030751
6.547111442	-8.722030751
6.150212379	-9.390628797
6.238375213	-9.390628797
6.186111465	-9.368341583
6.253686479	-9.412914965
6.106985489	-9.346055414
6.104371152	-8.454592058
6.232864996	-8.476878227
6.188458303	-8.432305378
6.16304593	-8.499164907
6.151252368	-8.476878227
5.285951019	-10.995262
5.209073245	-11.01754922
5.227339126	-10.995262
5.26852147	-11.01754922
5.182705793	-11.01754922
4.314760741	-13.15706085
4.346456459	-13.13477469
4.286487282	-13.11248747
4.322108974	-13.13477469
4.315736569	-13.13477469
3.496529262	-15.43029264
3.47038015	-15.45257878
3.511978746	-15.43029264
3.415767649	-15.43029264
3.503956978	-15.45257878
2.816665135	-17.63666487
2.773174258	-17.63666487
2.790147016	-17.63666487
2.761174485	-17.59209149
2.774151043	-17.61437766
2.163301093	-19.7316042
2.127363222	-19.7316042
2.133813675	-19.77617651
2.123135115	-19.70931591
2.120304992	-19.7316042
2.180034283	-19.17443959
2.133812877	-19.15215131
2.084377815	-19.107579
2.132097757	-19.12986514
2.154136869	-19.15215131
1.534980734	-22.07169551
1.604594388	-22.02712106
1.492630876	-22.04940723
1.572858928	-22.02712106
1.590755961	-21.98254874
1.49383079	-21.02422479
1.558346008	-21.04651094
1.563081181	-21.06879922
1.54440671	-21.04651094
1.520896515	-21.04651094
1.001433587	-24.34492623
0.981539173	-24.30035391
0.990984301	-24.32264006
1.009543058	-24.27806563
0.943227251	-24.27806563
0.451216973	-26.30614647
0.526418691	-26.28385819
0.386967617	-26.23928585
0.478890355	-26.28385819
0.47939794	-26.28385819
-0.070048613	-28.71309627
-0.040951211	-28.73538241
-0.107215161	-28.77995686
-0.065438436	-28.75767069
-0.028865979	-28.73538241
-0.534713663	-31.03090141
-0.528710185	-31.00861526
-0.573369454	-31.00861526
-0.536362945	-31.05318758
-0.507080381	-30.9863291
-1.043638604	-33.19269922
-1.016209058	-33.12584073
-1.026250632	-33.1481269
-1.049721325	-33.17041305
-1.029601149	-33.1481269
-1.494414467	-35.28763854
-1.51704779	-35.30992469
-1.470803081	-35.2430662
-1.51892858	-35.28763854
-1.435208682	-35.2430662
-1.997669465	-37.62772985
-1.931954333	-37.56086926
-2.037242668	-37.56086926
-1.95499465	-37.5385852
-1.987200149	-37.56086926
-2.427122285	-39.92324885
-2.447853591	-39.87867651
-2.430096053	-39.85638823
-2.460777001	-39.87867651
-2.420690187	-39.85638823
-2.91626657	-42.17419129
-2.884708112	-42.17419129
-2.898712848	-42.12961895
-2.841447386	-42.12961895
-2.937875546	-42.10733492
-3.374503267	-44.33599332
-3.321808585	-44.31370504
-3.369959302	-44.33599332
-3.341625511	-44.31370504
-3.338932968	-44.31370504
-3.365220298	-42.9096494
-3.396714275	-42.95422171
-3.338015876	-42.9096494
-3.407999973	-42.93193768
-3.381507391	-42.9096494
-3.837493972	-46.65379635
-3.88223009	-46.60922404
-3.830552094	-46.58693576
-3.833534481	-46.60922404
-3.834040749	-46.60922404
-4.228272487	-48.79331012
-4.287784874	-48.74873356
-4.228045528	-48.72644951
-4.247352994	-48.72644951
-4.220823064	-48.72644951
-4.784257919	-50.93281963
-4.707190853	-50.93281963
-4.712763954	-50.91053559
-4.68556049	-50.91053559
-4.755990206	-50.86595903
-5.225786165	-53.139194
-5.16278257	-53.16147803
-5.210845503	-53.139194
-5.183437744	-53.16147803
-5.199888273	-53.16147803
-5.657984837	-55.30099178
-5.628636595	-55.2787035
-5.69123192	-55.30099178
-5.63690224	-55.25641946
-5.629437176	-55.30099178
-5.671492562	-52.67312542
-5.719641044	-52.69540945
-5.703494722	-52.71769773
-5.705881143	-52.69540945
-5.66540968	-52.69540945
-5.964460415	-56.03839705
-5.953443811	-55.99382474
-5.964561924	-56.08297361
-6.013936175	-55.9715407
-5.965443584	-55.94925242
-6.21908658	-57.79903973
-6.201862603	-57.75446742
-6.195272177	-57.77675145
-6.21949517	-57.75446742
-6.200350821	-57.75446742
-6.56885289	-59.87169289
-6.637773697	-59.82711632
-6.568042733	-59.8494046
-6.594117149	-59.82711632
-6.617918146	-59.8494046
-7.049007241	-62.18949592
-6.982539888	-62.16720764
-7.080109865	-62.16720764
-7.038496905	-62.1449236
-7.006622429	-62.12263532
-7.068458032	-60.02769813
-7.025397132	-60.07227045
-7.085913756	-60.02769813
-7.084538596	-60.04998217
-7.083193442	-60.04998217
-7.246727695	-62.27864057
-7.288036128	-62.27864057
-7.289217846	-62.27864057
-7.247565942	-62.27864057
-7.271787659	-62.25635654
-7.510236859	-64.35129372
-7.603758604	-64.35129372
-7.554137922	-64.30672141
-7.563836823	-64.32900969
-7.528140116	-64.28443313
-7.972205131	-66.29022569
-7.970098978	-66.24565337
-8.008004623	-66.26794165
-7.978323764	-66.24565337
-8.016817396	-66.22336931
-8.009960109	-64.4404426
-8.067556593	-64.4404426
-7.985370023	-64.48501492
-7.984064451	-64.46272664
-8.024737654	-64.4404426
-8.232541978	-67.11483269
-8.198828847	-67.09254441
-8.253360907	-67.11483269
-8.220992931	-67.09254441
-8.265360042	-67.07025613
-8.537860097	-69.07604869
-8.546254065	-69.07604869
-8.539919007	-69.05376463
-8.569497081	-69.03147635
-8.537432355	-69.03147635
-8.963415354	-71.10412953
-8.987128886	-71.08184125
-8.930005473	-71.10412953
-9.008481536	-71.05955719
-8.975452793	-71.03726891
-9.498173906	-73.28821134
-9.43318833	-73.28821134
-9.518356328	-73.26593156
-9.467047659	-73.221355
-9.426273585	-73.19906671
-9.89430814	-75.42772512
-9.998844573	-75.47230168
-9.920090797	-75.47230168
-9.970639744	-75.47230168
-9.914827011	-75.40543684
-9.938133869	-73.55565375
-10.02041939	-73.55565375
-10.01245636	-73.60023032
-9.963992498	-73.55565375
-9.986335978	-73.55565375
-9.989790478	-73.17677843
-9.99178363	-73.19906671
-10.05491523	-73.19906671
-9.988585138	-73.19906671
-10.01868353	-73.17677843
-10.61747257	-77.67867178
-10.56269791	-77.70096006
-10.61774135	-77.72324834
-10.57545549	-77.70096006
-10.61327304	-77.67867178
-11.10619454	-79.77360899
-11.06423875	-79.75132071
-11.0828896	-79.75132071
-11.13846548	-79.75132071
-11.07123841	-79.68446434
-11.67467069	-82.15827687
-11.63886801	-82.18056515
-11.72840664	-82.15827687
-11.65438549	-82.13598858
-11.6969133	-82.1137003
-12.15192278	-84.38693527
-12.2174491	-84.36464699
-12.14863363	-84.3423587
-12.14259033	-84.3423587
-12.20434996	-84.36464699
-12.63121526	-85.96928442
-12.7674455	-85.94699614
-12.72025976	-85.94699614
-12.68465115	-85.94699614
-12.70904907	-85.92470785
-12.73593556	-83.82977067
-12.74034067	-83.80748239
-12.73160834	-83.80748239
-12.73281368	-83.7851941
-12.78819675	-83.80748239
-13.06349437	-86.68245002
-13.02854845	-86.59330539
-13.01012488	-86.66016174
-12.99703724	-86.66016174
-13.09177901	-86.63788195
-13.40096788	-88.77738721
-13.41325749	-88.75510742
-13.42904949	-88.75510742
-13.40252052	-88.75510742
-13.37387071	-88.71053086
-13.44977138	-86.63788195
-13.43936128	-86.63788195
-13.44956453	-86.66016174
-13.37678829	-86.7047383
-13.47458427	-86.66016174
-13.65459619	-89.28998374
-13.61806187	-89.24540718
-13.67326874	-89.26769546
-13.68220665	-89.24540718
-13.61314986	-89.26769546
-13.69374293	-87.61848994
-13.70472122	-87.57391337
-13.68915012	-87.55162509
-13.76651788	-87.57391337
-13.6685789	-87.59620166
-14.05504232	-90.96147754
-14.10890595	-90.98376582
-14.07434947	-90.96147754
-14.10276178	-90.93918926
-14.06502085	-90.91690098
-14.58715653	-92.90040525
-14.57593819	-92.87812545
-14.59280912	-92.83354888
-14.64271326	-92.8112606
-14.57411996	-92.85583717
-14.61041168	-90.87233289
-14.63669167	-90.82775633
-14.65877339	-90.87233289
-14.60957151	-90.87233289
-14.62859137	-90.85004461
-14.96771966	-93.50214642
-14.92815412	-93.45756985
-14.97186557	-93.43529005
-14.89659694	-93.45756985
-14.93578709	-93.41300177
-15.30827419	-95.24049657
-15.37321571	-95.26278485
-15.34051959	-95.24049657
-15.38219192	-95.21821676
-15.30175973	-95.21821676
-15.92999853	-97.51373153
-15.95422408	-97.58058788
-15.9625708	-97.51373153
-15.90467235	-97.49144325
-15.92804241	-97.46915497
-15.97433564	-94.90619781
-15.99104058	-94.86162972
-15.97424753	-94.86162972
-15.98112844	-94.86162972
-16.00645335	-94.883918
-16.2924024	-97.91488664
-16.27920239	-97.87031857
-16.30842423	-97.87031857
-16.23273168	-97.84803029
-16.31316132	-97.84803029
-16.78036592	-99.85382285
-16.72633885	-99.83153457
-16.78306006	-99.85382285
-16.77577184	-99.78696648
-16.80260725	-99.80924628
-16.78252762	-98.00403976
-16.84326833	-98.02631957
-16.77677544	-98.02631957
-16.83696455	-97.98175148
-16.75381141	-98.00403976
-17.40296235	-101.8819037
-17.47549982	-101.8819037
-17.37192229	-101.8596154
-17.47147265	-101.8819037
-17.36306483	-101.8373271
-17.51524029	-98.69491708
-17.48405211	-98.67263728
-17.50315241	-98.69491708
-17.44739777	-98.69491708
-17.5305624	-98.67263728
-17.45352024	-98.65034902
-17.51752711	-98.62806073
-17.48462158	-98.62806073
-17.50305665	-98.65034902
-17.46229215	-98.62806073
-18.01796412	-102.9962329
-18.02532895	-103.0185212
-18.07439548	-102.9962329
-18.07939688	-103.0185212
-18.04608914	-102.9516563
-18.42315628	-104.2442833
-18.36639932	-104.2442833
-18.45684834	-104.1774184
-18.39707165	-104.1774184
-18.43384729	-104.1774184
-18.42979459	-101.592173
-18.48924058	-101.592173
-18.47231857	-101.5698932
-18.41736835	-101.592173
-18.47164312	-101.5698932
-18.97232273	-105.1803147
-19.02156674	-105.1580264
-18.94160188	-105.1803147
-19.03587249	-105.1357466
-18.9967896	-105.1134584
-19.2265652	-105.826624
-19.28529744	-105.8489122
-19.22008778	-105.7820559
-19.2934654	-105.7820559
-19.27470347	-105.7597676
-19.25469406	-103.7985516
-19.32271405	-103.7985516
-19.28864915	-103.7762633
-19.29436175	-103.7762633
-19.24530288	-103.7985516
-19.29453029	-101.904192
-19.35091952	-101.9264718
-19.33265683	-101.904192
-19.31992032	-101.8819037
-19.30840575	-101.94876
-19.32788144	-100.4998521
-19.32973797	-100.4998521
-19.39882285	-100.455284
-19.33994505	-100.5221404
-19.37645639	-100.4775723
-19.33804511	-100.3438511
-19.3782529	-100.2992745
-19.29610464	-100.3215628
-19.39729319	-100.3661394
-19.34463617	-100.3215628
-19.29383697	-97.49116326
-19.32877267	-97.49116326
-19.3004906	-97.53573982
-19.24030787	-97.46888347
-19.2976726	-97.51345154
-19.16398201	-94.05903103
-19.12449052	-94.08131931
-19.15350934	-94.10360759
-19.05728643	-94.10360759
-19.13627068	-94.05903103
-18.78326693	-88.99998155
-18.8601712	-88.99998155
-18.80912556	-88.99998155
-18.84112581	-89.04454964
-18.76932763	-88.99998155
-18.79683722	-89.33428031
-18.85933232	-89.31199203
-18.78732985	-89.28970375
-18.85177596	-89.31199203
-18.77373402	-89.28970375
-18.49853983	-84.38665527
-18.54821158	-84.40894356
-18.52016955	-84.40894356
-18.52672103	-84.40894356
-18.56056376	-84.45351164
-18.44599645	-85.52327276
-18.49776478	-85.59012913
-18.53492347	-85.56784085
-18.49881818	-85.56784085
-18.43675466	-85.52327276
-18.23480658	-80.70936891
-18.13552052	-80.7316572
-18.2843034	-80.7316572
-18.22617128	-80.75394548
-18.23379149	-80.70936891
-17.87454653	-75.58345462
-17.83773131	-75.6057429
-17.8678763	-75.65031097
-17.85589313	-75.69488753
-17.87409708	-75.65031097
-17.47214683	-70.85869966
-17.47732315	-70.88098369
-17.52853222	-70.88098369
-17.45592198	-70.92556025
-17.4897098	-70.90327197
-17.10332299	-66.75796566
-17.14291662	-66.78025394
-17.11709247	-66.75796566
-17.16024466	-66.75796566
-17.13552881	-66.78025394
-17.12734169	-67.27055795
-17.12640704	-67.22598561
-17.10672706	-67.24827389
-17.14891396	-67.22598561
-17.13426346	-67.24827389
-17.13263038	-68.05058837
-17.12919822	-68.09516071
-17.1311786	-68.11744899
-17.08268282	-68.09516071
-17.12201342	-68.07287665
-16.76434537	-62.5903753
-16.73560235	-62.61266358
-16.77124032	-62.5903753
-16.68515427	-62.6572359
-16.79075049	-62.56809127
-16.37335809	-58.0884862
-16.31039312	-58.0884862
-16.40774986	-58.11077448
-16.314585	-58.0884862
-16.36903087	-58.06619792
-16.16771993	-56.03812131
-16.16049938	-56.03812131
-16.10068183	-56.06040536
-16.16739306	-56.03812131
-16.16486619	-56.03812131
-16.12734742	-57.04268899
-16.16798296	-57.04268899
-16.10682217	-57.06497305
-16.1401465	-57.02040071
-16.1097155	-57.04268899
-15.86875091	-53.4991196
-15.92496394	-53.52140788
-15.84604098	-53.52140788
-15.9154655	-53.47683557
-15.82303993	-53.52140788
-15.47409399	-49.08637938
-15.4595201	-49.0640911
-15.49389783	-49.08637938
-15.47405313	-49.10866341
-15.49864641	-49.0640911
-15.0281003	-44.65134661
-15.02067801	-44.67363489
-15.03364946	-44.65134661
-14.99048705	-44.65134661
-14.9750015	-44.67363489
-15.02268904	-45.0970783
-14.97879117	-45.14165061
-15.0154902	-45.18622718
-15.00632502	-45.14165061
-15.00111933	-45.14165061
-14.4996085	-40.06031286
-14.57946355	-40.10488518
-14.53597299	-40.10488518
-14.56401502	-40.10488518
-14.50739724	-40.12716923
-14.50713293	-41.21921438
-14.53060387	-41.24149841
-14.53662035	-41.26378669
-14.50780711	-41.21921438
-14.4629682	-41.21921438
-14.07830896	-35.73671302
-14.0447216	-35.73671302
-14.04274504	-35.71442899
-14.11803283	-35.78128534
-14.03145647	-35.73671302
-13.5447085	-31.19024948
-13.54050514	-31.19024948
-13.57191293	-31.19024948
-13.55273219	-31.21253776
-13.56532186	-31.21253776
-12.98054298	-26.55464128
-12.99833834	-26.55464128
-13.06564075	-26.57692744
-13.01231722	-26.53235511
-12.99682911	-26.55464128
-12.45511942	-22.4539094
-12.47548252	-22.43162325
-12.4948318	-22.40933708
-12.5004895	-22.43162325
-12.48978955	-22.40933708
-12.44372871	-23.47909183
-12.45593022	-23.41223337
-12.49716077	-23.45680569
-12.43022226	-23.52366628
-12.50115728	-23.47909183
-12.51234499	-23.72424385
-12.46945965	-23.76881827
-12.47221763	-23.72424385
-12.41807309	-23.76881827
-12.48544828	-23.74653213
-11.85460089	-17.79601294
-11.81794783	-17.81829908
-11.86279823	-17.81829908
-11.90402877	-17.86287353
-11.82080285	-17.81829908
-11.13999131	-13.38326951
-11.26644348	-13.38326951
-11.17109265	-13.36098335
-11.20245831	-13.38326951
-11.15947849	-13.38326951
-10.8085394	-11.39976417
-10.9015038	-11.33290464
-10.82107161	-11.33290464
-10.85613245	-11.35519079
-10.80041867	-11.33290464
-10.46069218	-9.171105769
-10.43214325	-9.171105769
-10.47769463	-9.148818555
-10.48957182	-9.171105769
-10.4600212	-9.171105769
-9.973758434	-6.897874006
-10.07270229	-6.875587304
-9.99760029	-6.897874006
-10.01027296	-6.853300623
-9.993987462	-6.853300623
-9.99907249	-7.544184838
-9.980309917	-7.521898135
-9.978659597	-7.499611455
-10.02362044	-7.521898135
-10.01725282	-7.521898135
-9.885135936	-6.496715165
-9.904910407	-6.519001868
-9.839500281	-6.474429019
-9.919728173	-6.496715165
-9.889666176	-6.496715165
-7.355730526	0.211546388
-7.364148754	0.189259797
-7.364148754	0.189259797
-7.37256762	0.166973206
-7.364148754	0.189259797
-7.641956009	-0.546197466
-7.650374236	-0.568484057
-7.658792464	-0.590770692
-7.684047785	-0.657630421
-7.599864232	-0.434764554
-6.589657136	2.239625426
-6.593846458	2.239625426
-6.595484648	2.083619399
-6.660519382	2.239625426
-6.569101236	2.19505231
-6.605349539	1.92761335
-6.570921376	1.92761335
-6.597925973	1.905326804
-6.660721124	2.016759715
-6.556035299	1.972186466
-6.613010599	1.883040101
-6.576682493	1.949899919
-6.613585178	1.92761335
-6.502187627	1.883040101
-6.637536842	1.883040101
-6.568135304	1.727034074
-6.54173274	1.704747528
-6.576200485	1.615601163
-6.606516574	1.682460959
-6.565010231	1.660174279
-6.554271979	1.614208269
-6.589416451	1.658781385
-6.582040127	1.658781385
-6.580022077	1.658781385
-6.51393267	1.591921723
-6.3471048	2.305092484
-6.386137898	2.238232666
-6.347611068	2.305092484
-6.354292789	2.282805781
-6.36484526	2.260519101
-4.551543661	4.355458157
-4.54059058	4.333171454
-4.575457019	4.288598339
-4.559364326	4.422317952
-4.521282795	4.333171454
-4.134671896	4.756616708
-4.198717077	4.91262249
-4.136794329	4.823476259
-4.172082127	4.845762939
-4.188711414	4.845762939
-4.160290798	4.110305632
-4.131720154	4.088019197
-4.150099674	4.021159401
-4.125932862	4.154878748
-4.162943759	4.199452108
-2.890613512	6.606402972
-2.858876616	6.606402972
-2.917817296	6.606402972
-2.854509812	6.606402972
-2.879696183	6.606402972
-1.800894513	8.991067668
-1.786123352	8.879634757
-1.769871053	8.901920904
-1.852286975	8.879634757
-1.782064587	8.857348055
-1.046193487	11.13057931
-1.033765892	11.13057931
-0.949570369	11.08600592
-1.072999055	11.08600592
-1.018698822	11.04143361
-0.363946851	13.13637186
-0.313062673	13.2478048
-0.395513369	13.2478048
-0.318671466	13.18094525
-0.351314163	13.22551863
0.295316826	15.49875041
0.245417991	15.52103656
0.289837871	15.45417703
0.200273083	15.49875041
0.315002177	15.47646318
0.856068495	17.83884173
0.895761481	17.90570021
0.799276821	17.86112787
0.856342058	17.88341404
0.859254857	17.83884173
1.388264103	19.97835336
1.397293779	20.00063951
1.301811122	19.9560672
1.41805126	19.93378105
1.324374937	19.91149277
1.859135324	21.80585239
1.877879383	21.85042684
1.794681394	21.78356625
1.837409198	21.85042684
1.892052024	21.80585239
1.911775901	20.91438904
1.826742609	20.95896349
1.850960495	20.93667732
1.855127633	20.95896349
1.88870446	20.95896349
2.438042168	24.39109783
2.330062407	24.39109783
2.425436373	24.39109783
2.455475069	24.413384
2.389806541	24.413384
2.455708252	23.41048771
2.413448092	23.25448035
2.402296143	23.2990548
2.40367657	23.27676863
2.486202142	23.34362711
2.895536381	26.64204238
2.883925088	26.66432855
2.936349718	26.64204238
2.892007506	26.64204238
2.884016063	26.59746795
2.864969712	25.46085258
2.942853638	25.48313875
2.915136883	25.37170584
2.968803562	25.41628027
2.874375897	25.46085258
3.436109997	28.69240728
3.370272447	28.82612636
3.452649905	28.75926787
3.398365553	28.67012111
3.471922577	28.78155402
3.928228687	31.05478474
3.841388663	31.07707302
3.958359635	31.01021242
3.878929131	31.01021242
3.94868244	31.07707302
4.470674474	33.21658465
4.345877411	33.23887082
4.413409651	33.21658465
4.422650484	33.21658465
4.451530763	33.21658465
4.458811324	31.99082254
4.443822142	32.01310871
4.478614524	31.99082254
4.446582357	31.9685364
4.432101678	31.99082254
4.964167368	35.44524306
4.829965077	35.46752923
4.910996423	35.40066863
4.9069367	35.42295691
4.94861031	35.40066863
5.41785595	37.78533437
5.389483854	37.78533437
5.454171287	37.76304609
5.331580609	37.76304609
5.41736628	37.8967673
5.966021356	39.83569927
5.807088207	39.76883865
5.919655347	39.72426633
5.919942637	39.76883865
5.904515178	39.74655461
6.40392624	42.06435765
6.355196156	42.08664593
6.442686094	42.08664593
6.363124714	42.06435765
6.411753289	42.10892998
6.920872828	44.09243848
6.894649022	44.11472254
6.936224953	44.04786617
6.851755388	44.04786617
6.94377812	44.04786617
6.844687422	43.11182625
6.970265594	43.13411453
6.864269729	43.15640281
6.9408982	43.11182625
6.883083376	43.15640281
6.885138455	42.28722349
7.007331715	42.33179581
6.868926376	42.35408409
6.92688676	42.33179581
6.966532743	42.33179581
7.081569297	44.96161356
7.229542661	44.93932953
7.135778316	44.98390184
7.16969638	44.98390184
7.130640937	44.93932953
7.505748755	46.85597321
7.470479152	46.74454029
7.494771095	46.78911261
7.480453213	46.81140089
7.522743538	46.83368917
7.973303854	48.81719345
7.887085014	48.75033285
7.912600173	48.75033285
7.886557039	48.77262113
7.961331534	48.7280488
8.435847344	50.9567072
8.418159235	51.00127951
8.412841821	50.9567072
8.436700276	51.06814013
8.446872247	51.00127951
8.883478582	53.20764964
8.865516589	53.20764964
8.930841805	53.20764964
8.773859035	53.1853656
8.880491407	53.1853656
9.336431702	55.48088035
9.389969101	55.50316863
9.362138387	55.48088035
9.394735557	55.45859632
9.34099897	55.45859632
9.387967011	52.58474012
9.479057008	52.5401678
9.343674595	52.56245184
9.439720022	52.56245184
9.455347306	52.56245184
9.463180739	52.00528724
9.459864139	51.9830032
9.395937705	51.93843089
9.402763709	51.9830032
9.433256003	51.91614261
9.646926144	54.99169205
9.628442561	54.99169205
9.571995236	55.01397608
9.704121699	55.03626437
9.622564613	54.99169205
9.630243549	54.43452745
9.638071236	54.47909977
9.628864558	54.45681148
9.723777424	54.43452745
9.575672545	54.43452745
10.01067389	57.79979909
9.966984781	57.82208737
10.07888988	57.77751503
9.9282926	57.75522675
10.02390645	57.82208737
10.37925767	59.80559165
10.42096384	59.76101931
10.35006904	59.78330759
10.44038208	59.80559165
10.406826	59.78330759
10.81906186	62.01196599
10.929625	61.96739368
10.76754379	61.98967771
10.85230831	62.01196599
10.87246711	62.01196599
10.86661917	60.91992085
10.88871111	60.85306448
10.8434866	60.89763679
10.88938273	60.85306448
10.83890273	60.80848791
11.32953869	64.21833611
11.30670107	64.21833611
11.37376981	64.1737638
11.32140137	64.15147552
11.36147254	64.19605208
11.77002152	66.53614339
11.83856757	66.51385511
11.81187133	66.51385511
11.84040878	66.51385511
11.75293097	66.51385511
11.79117881	64.28519671
11.93525908	64.28519671
11.84997489	64.26290843
11.83480088	64.30748499
11.86762086	64.26290843
12.137271	67.4944631
12.1595251	67.42760675
12.14218047	67.47217906
12.15395551	67.44989078
12.15677734	67.47217906
12.3411369	68.83165814
12.40645127	68.83165814
12.34885542	68.83165814
12.43614553	68.85394643
12.32974874	68.80937411
12.80668928	70.88202726
12.82075881	70.9043113
12.85186654	70.88202726
12.85037902	70.85973898
12.87485994	70.88202726
13.37307523	73.1998303
13.48331277	73.26668667
13.31289506	73.24440686
13.41220154	73.1998303
13.39272458	73.1998303
13.89571016	75.47306526
13.97501106	75.45077698
13.85225408	75.45077698
13.9074303	75.49534505
14.00324973	75.4284887
14.0524848	76.05250965
14.14746151	76.09708621
14.10819475	76.07479793
14.06686589	76.09708621
14.13228623	76.14166277
14.4569747	77.61257054
14.44647139	77.56800245
14.50647025	77.52342589
14.40538513	77.52342589
14.51780096	77.47885782
14.99893465	79.75208429
15.02093593	79.75208429
15.05851726	79.77437257
14.92941947	79.75208429
15.05712806	79.68522794
15.51283724	82.02531925
15.5307986	82.02531925
15.56056181	82.00303097
15.54429994	81.98074269
15.56881277	81.98074269
16.15210797	83.98653525
16.01817222	83.94196716
16.10914858	83.96424697
16.11822055	83.96424697
16.05698825	83.9196789
16.63451339	86.66092532
16.61301774	86.66092532
16.71552271	86.61635725
16.55383988	86.59406897
16.67759792	86.59406897
17.22255717	88.51071688
17.25146745	88.48842859
17.11850721	88.46614031
17.25651098	88.48842859
17.17795576	88.46614031
17.15720833	86.39349141
17.24449078	86.41577121
17.29387142	86.41577121
17.19602437	86.37120313
17.22044399	86.4380595
17.21850958	85.43516321
17.24500535	85.45745149
17.2726656	85.50202805
17.28342429	85.47973977
17.19110469	85.45745149
17.59048721	88.97872835
17.44647334	88.93416028
17.62125786	88.95644857
17.51828173	88.97872835
17.53318249	88.88958372
17.92187272	90.93995284
17.9758666	90.98452091
17.82751784	90.91766456
18.00992511	90.89537628
17.89115698	90.91766456
18.50369572	93.36918881
18.41218181	93.36918881
18.48814249	93.32461224
18.51497791	93.34690053
18.45294375	93.28004415
18.53315888	91.18510697
18.51259149	91.11824212
18.58614404	91.11824212
18.4321593	91.11824212
18.56807799	91.18510697
19.28133156	95.62013547
19.13187834	95.62013547
19.30269443	95.59784719
19.20404807	95.53099084
19.23571251	95.57555891
19.64949144	96.82360932
19.79801257	96.77903276
19.64412231	96.82360932
19.73318213	96.77903276
19.75317749	96.77903276
19.7912121	94.81781676
19.78331227	94.81781676
19.65820845	94.81781676
19.82080039	94.79552848
19.70845351	94.79552848
20.46581819	98.8071136
20.45020239	98.8071136
20.36475349	98.78482532
20.45258754	98.78482532
20.42117975	98.78482532
20.90176822	100.5008957
21.0261251	100.4340393
20.96083627	100.411751
20.98246855	100.4340393
21.00181528	100.411751
21.48293109	102.01638
21.48062511	101.9718119
21.51942072	101.9718119
21.42944923	101.9495236
21.53745485	101.9272354
21.55547622	100.3448862
21.51228572	100.3671745
21.50117718	100.3894627
21.53011556	100.3448862
21.50507666	100.3671745
21.54862468	99.6094323
21.54630848	99.58714402
21.51406308	99.58714402
21.52762316	99.6094323
21.55602271	99.6094323
21.55097151	98.18309263
21.51972205	98.20538091
21.59057153	98.20538091
21.55282294	98.18309263
21.59984141	98.18309263
21.62808008	98.04937143
21.47580886	98.02708315
21.60624606	98.04937143
21.54064185	98.00479487
21.60265302	97.98251506
21.5715338	95.52875946
21.65236819	95.48418289
21.50671868	95.52875946
21.63302146	95.50647117
21.60263515	95.50647117
21.61727798	95.23903726
21.55481992	95.23903726
21.62810306	95.30589363
21.61322018	95.26131707
21.52526611	95.23903726
21.52906599	93.27781279
21.5854565	93.30010108
21.54060099	93.32238936
21.5797439	93.30010108
21.52941074	93.27781279
21.29424175	88.79820771
21.33507392	88.77592792
21.41068092	88.75363964
21.25151474	88.73135136
21.36090446	88.79820771
21.28457988	88.86507255
21.38872049	88.84278427
21.27802839	88.86507255
21.37693139	88.86507255
21.27413274	88.88736083
21.08279523	84.29632284
21.09838676	84.31861112
21.09118537	84.29632284
20.99914029	84.31861112
21.14411946	84.27403455
20.83803587	79.61614021
20.70108677	79.68299656
20.88436102	79.63842849
20.75625789	79.61614021
20.79061774	79.66070828
20.4453606	75.62684337
20.58652584	75.67141144
20.44972741	75.62684337
20.527408	75.67141144
20.54427382	75.62684337
20.16795619	71.12495001
20.27813883	71.10266173
20.13786866	71.14723404
20.24314694	71.14723404
20.19516062	71.12495001
20.06907362	72.5290014
20.27391248	72.55128968
20.16650187	72.50672162
20.13758265	72.5290014
20.18077953	72.50672162
19.80184948	67.24708186
19.86366785	67.22479782
19.93115412	67.24708186
19.82139029	67.20250954
19.86481701	67.24708186
19.90922179	67.67052949
19.81384926	67.67052949
19.88234807	67.67052949
19.84994944	67.67052949
19.80958205	67.71510181
19.52759377	62.32174935
19.43700812	62.36632167
19.54715118	62.38860995
19.46368393	62.38860995
19.461535	62.36632167
19.16532908	58.44388118
19.21339329	58.42159715
19.05265404	58.44388118
19.22195963	58.42159715
19.14182112	58.44388118
18.77969433	53.45168808
18.66888987	53.4293998
18.78724558	53.45168808
18.7124149	53.40711574
18.76155549	53.45168808
18.30540196	49.37324235
18.37572155	49.39553063
18.37425573	49.37324235
18.35812027	49.37324235
18.31914335	49.39553063
18.4222561	50.57672045
18.32303134	50.55443217
18.2999409	50.62129276
18.36210146	50.59900448
18.30914694	50.6435768
17.78754243	44.67077569
17.93766855	44.67077569
17.85460352	44.62619912
17.90578578	44.6484874
17.85807397	44.67077569
17.84015093	45.82744582
17.88420457	45.7828735
17.87762117	45.80516178
17.82792388	45.80516178
17.87762117	45.80516178
17.47379012	40.72381981
17.49843192	40.74610809
17.40450478	40.7906804
17.51946281	40.72381981
17.48886326	40.74610809
16.99690832	35.776199
16.99255556	35.776199
16.97427117	35.75391072
16.93517934	35.73162668
17.00880722	35.79848305
16.4945203	31.51946189
16.55071034	31.5640342
16.56710756	31.49717361
16.57673624	31.5640342
16.49617381	31.54174806
16.03314193	27.37415558
16.1111213	27.32958324
15.98799658	27.35186941
16.14014139	27.35186941
16.05768924	27.35186941
16.04295702	28.26561894
16.05059765	28.33247953
16.01380286	28.2210466
16.01074993	28.24333277
16.09706964	28.24333277
15.38924392	22.42653477
15.52962007	22.42653477
15.4232935	22.44882094
15.49295169	22.47110709
15.39202872	22.47110709
15.44373959	22.96141323
15.4191195	23.02827169
15.39228026	23.00598554
15.46275434	23.05055997
15.46750803	23.00598554
14.81632563	17.85778506
14.88626217	17.92464565
14.82044345	18.03607859
14.83976975	17.90235739
14.88958835	17.94693182
14.19246513	13.57876074
14.29638868	13.60104795
14.20778342	13.55647457
14.24687142	13.57876074
14.31385589	13.60104795
13.54684849	9.166017314
13.54444547	9.210590697
13.54563677	9.188303483
13.44385066	9.210590697
13.58373139	9.210590697
13.09097332	6.803639298
13.06514916	6.781352618
13.08560419	6.803639298
13.02682471	6.803639298
13.10911598	6.803639298
12.61819784	4.418974869
12.54952028	4.418974869
12.57940352	4.418974869
12.6193087	4.463547985
12.57084611	4.418974869
12.24937273	3.371505486
12.36035978	3.371505486
12.3503289	3.349218784
12.34307005	3.371505486
12.29736033	3.393791899
12.28962011	3.884096704
12.37354702	3.906383384
12.24005305	3.906383384
12.33811462	3.906383384
12.27531691	3.906383384
12.33185425	4.998425905
12.29240107	4.998425905
12.30015279	4.976139203
12.2977702	4.998425905
12.37840157	4.976139203
11.95842485	1.811444462
11.88380102	1.856017711
11.93921091	1.856017711
11.88232371	1.833731164
11.9172109	1.856017711
11.95772003	3.126352961
11.84776978	3.104066259
11.9314975	3.148639641
11.90516388	3.126352961
11.94579942	3.126352961
11.8694659	3.193212757
11.95995578	3.21549917
11.90198327	3.237785872
11.93035728	3.237785872
11.86121877	3.21549917
11.8343093	3.237785872
11.94023621	3.260072553
11.89106753	3.237785872
11.94742612	3.282358988
11.86786474	3.260072553
11.9511213	3.282358988
11.91914276	3.21549917
11.94793047	3.282358988
11.84852312	3.282358988
11.95400952	3.260072553
11.88570224	3.349218784
11.91787231	3.282358988
11.90060428	3.260072553
11.9482982	3.260072553
11.86662748	3.304645668
11.94616715	3.349218784
11.89325477	3.349218784
11.90548309	3.371505486
11.98347268	3.326932104
11.8385165	3.349218784
11.61784862	3.675159976
11.58096445	3.630586861
11.44514152	3.608300425
11.58314785	3.630586861
11.59089956	3.608300425
11.5021896	3.519153949
11.55595875	3.496867514
11.6427777	3.496867514
11.52992264	3.496867514
11.55978545	3.519153949
11.54533413	2.939702913
11.58351302	2.895129531
11.59388738	2.917416233
11.51648897	2.917416233
11.59437258	2.939702913
11.52009477	2.242968509
11.4670879	2.198395394
11.52952298	2.220681963
11.54131208	2.198395394
11.44293641	2.176108714
10.78361797	0.281749112
10.78361797	0.281749112
10.76810433	0.237175929
10.78361797	0.281749112
10.77586115	0.25946252
8.371288234	-6.649378643
8.35459287	-6.604805282
8.308206432	-6.58251858
8.37520942	-6.58251858
8.433819717	-6.58251858
8.373633157	-6.225933656
8.342429662	-6.248219824
8.297426044	-6.248219824
8.396672517	-6.248219824
8.402549826	-6.248219824
7.401511102	-7.719134461
7.385719105	-7.719134461
7.403290384	-7.785994546
7.419512677	-7.741421164
7.381570641	-7.741421164
6.645596915	-8.788890814
6.672636625	-8.788890814
6.612045944	-8.811176982
6.592659633	-8.766604134
6.615333177	-8.766604134
5.912953835	-9.925506184
5.897200143	-9.947793398
5.822013228	-9.970079566
5.854052417	-9.947793398
5.91060572	-9.925506184
5.830949216	-9.056330041
5.859295136	-9.034042827
5.900563987	-9.011756659
5.860996529	-9.056330041
5.811170914	-9.07861621
5.846949338	-8.878037045
5.838822231	-8.833463663
5.887176285	-8.833463663
5.836421766	-8.811176982
5.795230803	-8.878037045
5.127425503	-11.0621226
5.141568457	-11.08440877
5.106836725	-11.10669491
5.141615062	-11.01754922
5.137591729	-11.01754922
4.166354527	-13.24620762
4.20451586	-13.26849376
4.162125941	-13.2239204
4.215722714	-13.24620762
4.233659169	-13.2239204
3.335730007	-15.43029264
3.391307163	-15.43029264
3.390838242	-15.45257878
3.304198682	-15.45257878
3.413241096	-15.38571926
2.605038581	-17.65895104
2.648569679	-17.68123719
2.647691849	-17.65895104
2.630593482	-17.68123719
2.664612895	-17.63666487
1.973530903	-19.97675619
1.963959686	-19.97675619
1.944512087	-19.99904235
1.998552083	-19.97675619
2.006244744	-19.95447002
1.393271882	-22.02712106
1.341858991	-22.00483491
1.435860031	-21.98254874
1.396557679	-21.98254874
1.341046759	-22.02712106
1.343532454	-21.06879922
1.368883538	-21.06879922
1.356594081	-21.04651094
1.399083275	-21.04651094
1.363348263	-21.06879922
1.364434378	-20.91279186
1.309365644	-20.91279186
1.40877643	-20.91279186
1.415617278	-20.89050571
1.299451116	-20.91279186
1.081298856	-22.98544503
1.11975091	-22.98544503
1.080547912	-22.94087058
1.037972612	-22.98544503
1.0866687	-22.98544503
0.782548818	-24.43407299
0.758075563	-24.45635914
0.74534392	-24.47864531
0.732711312	-24.45635914
0.818323013	-24.43407299
0.287518526	-26.46215169
0.271396544	-26.46215169
0.258638925	-26.46215169
0.261252264	-26.41757938
0.296925808	-26.46215169
-0.21474249	-28.89138977
-0.298565853	-28.86910363
-0.25000928	-28.89138977
-0.208600575	-28.84681535
-0.234215946	-28.89138977
-0.759758922	-31.05318758
-0.783268638	-31.05318758
-0.723694245	-31.03090141
-0.690677712	-30.9863291
-0.791229756	-31.00861526
-1.302547301	-33.34870658
-1.214383749	-33.34870658
-1.219283795	-33.32642041
-1.292202397	-33.30413213
-1.26883034	-33.32642041
-1.7239596	-35.42135762
-1.665348984	-35.42135762
-1.745451426	-35.42135762
-1.763083993	-35.42135762
-1.731183501	-35.42135762
-2.205697715	-37.78373508
-2.253951218	-37.73916276
-2.187622084	-37.73916276
-2.178229465	-37.73916276
-2.260006487	-37.73916276
-2.673006384	-40.03468176
-2.671865844	-40.01239348
-2.709683547	-39.99010945
-2.660988097	-39.99010945
-2.665354103	-39.99010945
-3.179505362	-42.24105188
-3.120070544	-42.24105188
-3.105827038	-42.21876785
-3.147670787	-42.19647957
-3.143441244	-42.21876785
-3.563416376	-44.35827735
-3.568723256	-44.40284967
-3.605536562	-44.38056563
-3.62508982	-44.33599332
-3.58478339	-44.33599332
-3.606152958	-43.06565464
-3.568234544	-43.04337061
-3.606850753	-43.04337061
-3.612030587	-43.06565464
-3.592251966	-43.04337061
-3.781990234	-44.96001427
-3.772848356	-45.00459083
-3.772622035	-44.93773023
-3.840091709	-44.96001427
-3.755661088	-44.93773023
-4.124204974	-46.742941
-4.101366078	-46.742941
-4.082223644	-46.742941
-4.090691988	-46.69836867
-4.063691222	-46.67608463
-4.46018393	-48.81559416
-4.566943029	-48.83788244
-4.476509329	-48.79331012
-4.424614588	-48.79331012
-4.518985115	-48.79331012
-4.955760312	-51.13340144
-4.92902513	-51.15568547
-4.933306386	-51.11111316
-4.970880371	-51.13340144
-4.972124016	-51.08882487
-5.247256923	-52.71574634
-5.192009831	-52.71574634
-5.31744372	-52.71574634
-5.260991607	-52.73803462
-5.232236777	-52.76031868
-5.440144525	-53.11690571
-5.455426424	-53.11690571
-5.408775679	-53.09461743
-5.386242588	-53.11690571
-5.469024166	-53.11690571
-5.888938329	-55.50156934
-5.825696283	-55.45699703
-5.946269229	-55.45699703
-5.930655351	-55.45699703
-5.87251174	-55.47928531
-5.899029859	-53.09461743
-5.959357511	-53.0723334
-5.943906431	-53.0723334
-5.946255184	-53.0723334
-5.931946878	-53.09461743
-6.195350703	-55.85815638
-6.172739724	-55.92501698
-6.167105653	-55.88044041
-6.197167651	-55.88044041
-6.198803287	-55.90272869
-6.440593986	-57.90852125
-6.42497947	-57.90852125
-6.412795193	-57.86394894
-6.45620914	-57.90852125
-6.392226525	-57.90852125
-6.834749751	-60.04803503
-6.825978477	-60.07031906
-6.814389847	-60.07031906
-6.815812251	-60.02574674
-6.817790719	-60.04803503
-7.226395881	-62.16526049
-7.332763947	-62.12068393
-7.275677562	-62.12068393
-7.204270741	-62.14297221
-7.329947869	-62.0983999
-7.699772109	-64.41620293
-7.718572988	-64.41620293
-7.759677126	-64.43849121
-7.731447398	-64.34934233
-7.70977873	-64.34934233
-7.744313509	-62.72242509
-7.758699064	-62.6555645
-7.755512063	-62.6555645
-7.722392026	-62.67784853
-7.802658862	-62.67784853
-8.06040244	-65.39681516
-8.038276662	-65.37452688
-8.093345634	-65.37452688
-8.08089322	-65.39681516
-8.010767712	-65.35223862
-8.309223438	-66.60028902
-8.274671421	-66.57800074
-8.25052823	-66.5557167
-8.313795813	-66.57800074
-8.257142278	-66.51114437
-8.334102728	-65.75339798
-8.279733466	-65.73111394
-8.242449005	-65.73111394
-8.314696626	-65.70882566
-8.329650376	-65.70882566
-8.260834271	-64.75050169
-8.373980458	-64.77278997
-8.311207014	-64.75050169
-8.286818669	-64.77278997
-8.316549964	-64.77278997
-8.837084482	-68.89580802
-8.765122235	-68.8512357
-8.716812871	-68.91809205
-8.768941912	-68.87351973
-8.803878258	-68.87351973
-9.177886076	-70.9907452
-9.273173057	-70.94617289
-9.251010889	-70.94617289
-9.196233036	-70.96846117
-9.219682263	-70.90160057
-9.73716321	-73.37541308
-9.711671035	-73.3531248
-9.782836532	-73.37541308
-9.759531589	-73.3531248
-9.690204746	-73.33083652
-10.25263824	-75.53720664
-10.21253706	-75.51492685
-10.2399445	-75.49263857
-10.25906331	-75.51492685
-10.29170262	-75.47035029
-10.81262402	-77.89958623
-10.75039834	-77.85501817
-10.7349894	-77.83272988
-10.73531627	-77.83272988
-10.74005591	-77.8104416
-10.791468	-75.40349392
-10.79574926	-75.35891736
-10.78982981	-75.38120564
-10.80044293	-75.35891736
-10.82895612	-75.38120564
-11.03388691	-77.96645108
-11.03919219	-77.89958623
-11.07815123	-77.89958623
-11.01115016	-77.89958623
-10.9526401	-77.9441628
-11.38068264	-80.01681172
-11.35590167	-79.97224364
-11.40066524	-80.01681172
-11.35925338	-79.97224364
-11.37608856	-79.94995535
-11.82602131	-82.15632547
-11.79747237	-82.15632547
-11.87861576	-82.13403719
-11.84116467	-82.13403719
-11.81026889	-82.13403719
-12.35042977	-84.49641679
-12.33860748	-84.54099335
-12.4259576	-84.51870507
-12.35685101	-84.47412851
-12.35621642	-84.45184023
-12.8902293	-86.56906572
-12.8909405	-86.54678591
-12.86238773	-86.54678591
-12.90100586	-86.54678591
-12.88812506	-86.52449763
-12.90651926	-83.87239584
-12.96041865	-83.87239584
-12.95567901	-83.89467562
-12.91376407	-83.85010756
-12.90231845	-83.87239584
-13.26008354	-87.03708567
-13.23198023	-86.97022932
-13.29655913	-87.01479738
-13.2107808	-86.9925176
-13.19886146	-86.9925176
-13.59870621	-88.53029019
-13.64711006	-88.5080019
-13.60831445	-88.5080019
-13.56576365	-88.55257847
-13.6664172	-88.5080019
-13.65319549	-86.92565275
-13.62850134	-86.92565275
-13.63555973	-86.92565275
-13.62095009	-86.92565275
-13.61409727	-86.90336447
-13.92733757	-90.00120642
-13.90042299	-90.02348623
-13.89723854	-90.02348623
-13.87348415	-90.06806279
-13.89363146	-90.06806279
-14.08473659	-90.82580494
-14.17131294	-90.8703815
-14.14094706	-90.84809322
-14.12345303	-90.8703815
-14.11849122	-90.82580494
-14.37177989	-91.76184486
-14.37312696	-91.76184486
-14.32245033	-91.73955657
-14.31388015	-91.73955657
-14.33336734	-91.73955657
-14.36727519	-89.04287822
-14.37349852	-89.04287822
-14.4451971	-89.04287822
-14.39250178	-89.02058994
-14.35475957	-88.99831016
-14.66853231	-91.87327779
-14.61465718	-91.85098951
-14.61436606	-91.82870123
-14.61050616	-91.82870123
-14.70755647	-91.82870123
-14.90358766	-93.16589625
-14.86255119	-93.0990399
-14.92518291	-93.0990399
-14.90557059	-93.07675162
-14.82203568	-93.12132818
-15.39519018	-95.43913121
-15.39200446	-95.43913121
-15.42030186	-95.4836993
-15.45299032	-95.41684293
-15.40288316	-95.4614195
-15.7631381	-96.66489333
-15.77346138	-96.62031679
-15.77346138	-96.62031679
-15.74058139	-96.59802851
-15.82558468	-96.5757487
-15.79858582	-94.05735963
-15.86079618	-94.01279154
-15.79858582	-94.05735963
-15.76768622	-94.05735963
-15.88758946	-94.05735963
-16.28067332	-97.86836718
-16.25790848	-97.82379062
-16.30461923	-97.80151081
-16.32607914	-97.82379062
-16.28850675	-97.80151081
-16.78081409	-99.74043852
-16.89113846	-99.74043852
-16.84638127	-99.69587046
-16.77803313	-99.69587046
-16.84409828	-99.65129389
-16.91490434	-97.08833674
-16.85012242	-97.06604845
-16.85331836	-97.06604845
-16.91628333	-97.06604845
-16.90079778	-97.08833674
-17.75287741	-101.9022406
-17.68852962	-101.9245289
-17.71781402	-101.8799523
-17.72348959	-101.9022406
-17.70085627	-101.8799523
-18.16218484	-103.2840037
-18.16127062	-103.3285803
-18.10932991	-103.2617239
-18.15123208	-103.306292
-18.11724889	-103.2394356
-18.19923372	-99.89644802
-18.14315094	-99.89644802
-18.2071527	-99.87415974
-18.21833913	-99.9187363
-18.19647319	-99.94101609
-18.76891011	-104.2200436
-18.85479186	-104.175467
-18.75991347	-104.175467
-18.7676422	-104.175467
-18.86571015	-104.175467
-19.29758195	-105.6018152
-19.23693317	-105.5126621
-19.29248096	-105.5349504
-19.32023442	-105.5126621
-19.26829882	-105.5349504
-19.30864707	-103.0165698
-19.36942736	-103.0165698
-19.33232102	-103.0165698
-19.27958867	-103.0165698
-19.36724396	-103.0165698
-19.43149727	-100.3424597
-19.41163852	-100.3647395
-19.37500334	-100.3870277
-19.38963979	-100.3647395
-19.36982446	-100.3647395
-19.34563339	-97.28919427
-19.30459182	-97.33377083
-19.34745034	-97.31148255
-19.32561504	-97.31148255
-19.31759008	-97.28919427
-19.09810583	-93.12159968
-19.07308609	-93.12159968
-19.17266326	-93.12159968
-19.08953822	-93.12159968
-19.06267599	-93.12159968
-19.07355214	-93.76791741
-19.02175827	-93.81248547
-19.1353488	-93.76791741
-19.1175496	-93.76791741
-19.03308131	-93.76791741
-18.81740334	-89.13230285
-18.81193334	-89.08773478
-18.8735921	-89.0654465
-18.8614672	-89.08773478
-18.79467297	-89.0654465
-18.79156769	-89.22144748
-18.84767857	-89.19916769
-18.81524292	-89.22144748
-18.79270919	-89.24373576
-18.82232684	-89.19916769
-18.49896374	-84.38526385
-18.5130371	-84.40755213
-18.59847324	-84.42983194
-18.52012103	-84.38526385
-18.50850814	-84.40755213
-18.23786334	-79.81651413
-18.16820771	-79.79422585
-18.25380473	-79.81651413
-18.26045325	-79.86108222
-18.21283849	-79.81651413
-17.84148906	-75.40376542
-17.90547167	-75.40376542
-17.90214167	-75.38148563
-17.88057195	-75.4260537
-17.90161178	-75.40376542
-17.53546931	-71.19160274
-17.55262753	-71.28074739
-17.61281409	-71.2361793
-17.56522104	-71.28074739
-17.5351999	-71.25846758
-17.16868971	-66.66742958
-17.16450166	-66.66742958
-17.22524748	-66.68971364
-17.21567498	-66.68971364
-17.15425882	-66.66742958
-17.1701951	-68.02690866
-17.20277121	-68.02690866
-17.16938686	-68.00462463
-17.15844048	-68.02690866
-17.12556432	-68.00462463
-17.17246788	-68.3834957
-17.15933811	-68.40577976
-17.13986752	-68.29434682
-17.22120116	-68.36120744
-17.15641924	-68.33892339
-16.77316197	-62.18782452
-16.73071587	-62.16553624
-16.72567745	-62.16553624
-16.79855583	-62.16553624
-16.71283751	-62.2101128
-16.40512723	-57.81965237
-16.36871804	-57.79736833
-16.35642843	-57.81965237
-16.37843099	-57.81965237
-16.40041695	-57.81965237
-16.17577809	-55.79157578
-16.12781475	-55.74700344
-16.14806293	-55.79157578
-16.19592412	-55.79157578
-16.1583096	-55.79157578
-16.18680491	-56.88306096
-16.15467953	-56.81620036
-16.09263644	-56.86077268
-16.15492724	-56.86077268
-16.16504622	-56.83848864
-15.82071607	-52.3365953
-15.83297887	-52.3365953
-15.79354868	-52.31431124
-15.81571468	-52.31431124
-15.80930492	-52.3365953
-15.47456897	-48.94903538
-15.53091607	-48.99360769
-15.51600254	-48.97132366
-15.51059	-48.99360769
-15.48644872	-48.97132366
-15.10031728	-44.49171857
-15.01127151	-44.51400686
-14.99730923	-44.53629089
-15.07808616	-44.53629089
-15.07861988	-44.51400686
-14.99593917	-45.07117146
-15.03896496	-45.04888318
-15.07116695	-45.07117146
-15.03862149	-45.04888318
-15.03200489	-45.09345549
-15.05996137	-46.18550066
-15.03814012	-46.18550066
-14.99024318	-46.20778469
-15.04565562	-46.20778469
-15.02067163	-46.18550066
-14.46363727	-39.83382423
-14.55763975	-39.85610826
-14.51590357	-39.81153595
-14.46155601	-39.87839654
-14.57614759	-39.83382423
-14.06672161	-35.6885179
-14.09264791	-35.64394558
-14.06721575	-35.6885179
-14.02541573	-35.6885179
-14.1134413	-35.66623386
-13.58596714	-31.36492231
-13.58190933	-31.38720848
-13.61512641	-31.40949462
-13.58721206	-31.43178079
-13.57133579	-31.38720848
-13.05588056	-26.64016523
-13.01796214	-26.61787908
-13.01793533	-26.64016523
-12.99577316	-26.64016523
-13.07548776	-26.6624514
-12.4430507	-22.09370168
-12.50166164	-22.09370168
-12.45006568	-22.11598997
-12.41376247	-22.13827613
-12.54427373	-22.11598997
-12.49486372	-22.7622992
-12.43222946	-22.7622992
-12.42161761	-22.78458748
-12.50558027	-22.78458748
-12.43676353	-22.7622992
-12.41219068	-22.89602041
-12.41519126	-22.91830656
-12.50976321	-22.89602041
-12.43184385	-22.89602041
-12.41300786	-22.91830656
-11.82864139	-17.90382517
-11.91125826	-17.90382517
-11.89040102	-17.92611132
-11.82527819	-17.90382517
-11.86068377	-17.92611132
-11.22403313	-13.29050208
-11.1688901	-13.22364252
-11.16752132	-13.24592869
-11.13272096	-13.26821486
-11.22107724	-13.24592869
-10.9531419	-11.93101982
-10.96036372	-11.93101982
-10.93430335	-11.95330703
-10.89155209	-11.90873365
-10.90995778	-11.95330703
-10.886506	-13.26821486
-10.87311447	-13.24592869
-10.9338539	-13.26821486
-10.92197288	-13.24592869
-10.89103496	-13.26821486
-10.43807801	-9.011477733
-10.33383589	-8.989191586
-10.34052144	-9.011477733
-10.38707387	-8.989191586
-10.3482821	-8.989191586
-9.903624626	-6.827392713
-9.925014304	-6.894252264
-10.03570895	-6.871965562
-9.931094632	-6.871965562
-9.912153301	-6.849679415
-9.973014673	-7.429130162
-9.900297811	-7.429130162
-9.882503085	-7.429130162
-9.983424776	-7.429130162
-9.947523774	-7.406844016
-9.795039961	-6.515380659
-9.868921942	-6.515380659
-9.85965206	-6.537666806
-9.822876421	-6.537666806
-9.790329048	-6.515380659
-7.032585121	0.17059477
-7.032585121	0.17059477
-6.9774306	0.304314273
-7.041777754	0.148308179
-7.041777754	0.148308179
-6.168492305	2.265533581
-6.12237975	2.310106697
-6.108693267	2.243247168
-6.134551258	2.243247168
-6.098465752	2.376966515
-6.068030917	1.864375163
-6.153028456	1.88666171
-6.101516131	1.797515345
-6.085353211	1.88666171
-6.100273762	1.864375163
-6.053487672	1.70530469
-6.059892956	1.727591259
-6.063385761	1.816737623
-6.024460556	1.83902417
-6.07376522	1.683018143
-5.920137355	2.240182744
-5.882792244	2.307042539
-5.88874361	2.240182744
-5.923194756	2.262469157
-5.89458836	2.217896041
-4.071637976	4.468841146
-4.028728062	4.401981328
-3.971263412	4.379694648
-4.038594868	4.379694648
-4.043578387	4.335121533
-2.559084514	6.608353295
-2.479928372	6.563779935
-2.45354097	6.541493233
-2.534645096	6.541493233
-2.517576415	6.586066615
-1.351576566	8.814725017
-1.441958235	8.837011698
-1.381507527	8.837011698
-1.339293015	8.792438315
-1.454511679	8.926157395
-0.528380281	11.17710301
-0.541337447	11.19938918
-0.543087361	11.13252965
-0.611160742	11.17710301
-0.553874571	11.1548158
0.115254416	13.2943285
0.147533921	13.27204129
0.110249399	13.27204129
0.058897013	13.24975512
0.117364479	13.22746895
0.682353093	15.63441982
0.750721824	15.6121326
0.747391817	15.58984643
0.733466485	15.58984643
0.759524781	15.56756026
1.353397823	17.99679834
1.305717065	17.99679834
1.329722436	17.99679834
1.312653755	17.95222392
1.312289376	17.97451006
1.856586905	19.98030262
1.842084519	20.02487707
1.789933453	20.09173555
1.838932632	20.0025909
1.894783351	20.04716324
2.314182627	22.38725455
2.337149845	22.4095407
2.410936861	22.36496838
2.385551302	22.38725455
2.32039032	22.38725455
2.370688846	21.13920627
2.38146253	21.1169201
2.349002462	21.27292535
2.401770722	21.25063918
2.362137987	21.25063918
2.384524241	21.05089522
2.292192513	21.02860905
2.385526563	21.05089522
2.43607567	21.05089522
2.319232542	21.02860905
2.767222573	24.41616897
2.889745259	24.46074342
2.870219133	24.37159665
2.835535602	24.43845513
2.885920475	24.43845513
3.375611567	26.71168796
3.413476992	26.77854645
3.389328056	26.75626028
3.423270061	26.73397413
3.424980073	26.71168796
3.873493929	28.9180602
3.882356817	28.94034637
3.927668473	28.96263251
3.870540909	28.87348577
3.859281067	28.87348577
4.348719345	30.99071124
4.369915262	30.96842507
4.427346395	30.96842507
4.382165615	30.96842507
4.304115699	30.94613892
4.956717945	33.46452163
4.949984831	33.35308872
4.83932753	33.35308872
4.914914097	33.21936964
4.877030796	33.28623024
5.420332387	35.55946096
5.410252986	35.55946096
5.421130414	35.47031419
5.373416059	35.49260247
5.418149624	35.55946096
5.928086981	37.8995544
5.922859585	37.92183844
5.971502844	37.83269379
5.950142533	37.85497784
5.905558359	37.92183844
6.418890843	39.90534696
6.369344856	39.90534696
6.373581422	39.88305868
6.426535303	39.83848634
6.405409932	39.81619806
6.838834373	42.13400534
6.86216613	42.13400534
6.911719139	42.24543828
6.910260346	42.08942878
6.880071941	42.17857768
7.309812689	44.25123083
7.380679405	44.36266374
7.446474499	44.27351487
7.418233918	44.29580315
7.368919678	44.25123083
7.460891975	42.98089214
7.375745683	42.86945922
7.390396182	42.9586081
7.460909212	43.09232507
7.413832001	42.89174751
7.433140425	42.42372756
7.411778199	42.44601584
7.404880692	42.33458291
7.445356623	42.44601584
7.434673914	42.4014435
7.46338948	41.93342355
7.391279757	41.97799587
7.396922766	42.02257243
7.459793251	41.97799587
7.450618494	41.93342355
7.658607321	44.74153481
7.654783176	44.71924653
7.638861579	44.6969625
7.693091027	44.6969625
7.6959818	44.67467422
8.109829681	47.7725077
8.163662669	47.81708426
8.186190653	47.79479598
8.138001312	47.79479598
8.105285395	47.7725077
8.427537648	48.75311993
8.3480848	48.77540399
8.368230833	48.77540399
8.384575065	48.73083165
8.392614709	48.75311993
8.865765574	51.1154953
8.881656527	51.16007186
8.845277986	51.1154953
8.811227768	51.09321127
8.921721314	51.09321127
9.294203942	53.27729733
9.333397284	53.23272077
9.415009913	53.23272077
9.395159469	53.25500905
9.267232544	53.23272077
9.805825456	55.50595573
9.796996723	55.46137917
9.893924448	55.43909514
9.879047309	55.50595573
9.783695209	55.48366745
9.90277361	52.74241676
9.7859316	52.72013273
9.874623686	52.69784445
9.953015477	52.72013273
9.87442386	52.72013273
10.32583775	57.73461414
10.37853626	57.75689817
10.38208461	57.73461414
10.38510817	57.73461414
10.37906296	57.73461414
10.76017768	59.89641192
10.80486847	59.87412364
10.79893626	59.91869598
10.82942983	59.85183961
10.71993924	59.85183961
11.2692487	62.14735436
11.27952857	62.12507032
11.20075117	62.14735436
11.25057742	62.16964264
11.31610374	62.14735436
12.28645609	66.49323823
12.18388089	66.47095419
12.27559526	66.44866591
12.33591845	66.42638188
12.20846523	66.42638188
12.28279155	64.68802748
12.36888271	64.7325998
12.3383802	64.68802748
12.26428499	64.71031151
12.2236852	64.68802748
12.55663485	67.00583051
12.52422601	67.00583051
12.49219768	66.98354648
12.51381974	67.00583051
12.50461115	66.98354648
12.93527761	69.27906123
12.88394851	69.23448892
12.85539957	69.23448892
12.81641754	69.2567772
12.88887968	69.1899166
12.84243578	67.71900036
12.87517532	67.71900036
12.9410068	67.71900036
12.92115572	67.74128864
12.88692994	67.71900036
13.22422723	71.17342088
13.28800428	71.19570916
13.35020442	71.15113684
13.34488764	71.10656451
13.31785049	71.10656451
13.93530252	73.31293463
13.87335774	73.29064635
13.7582682	73.33522291
13.83490433	73.29064635
13.85254009	73.29064635
14.46536356	75.76445887
14.41353522	75.71988231
14.46614244	75.6976025
14.39282354	75.65302594
14.42135971	75.65302594
14.85237475	77.6588185
14.87016884	77.6588185
14.89351719	77.6588185
14.95734914	77.63653022
14.97420347	77.59196215
15.45769677	79.75375571
15.50062168	79.79833227
15.46071395	79.75375571
15.46508075	79.75375571
15.44547865	79.73146743
16.07270619	82.2498565
16.05613277	82.20527993
16.00720031	82.2498565
16.03098023	82.18299165
15.9552762	82.16071187
16.64108658	84.21107249
16.52525264	84.18878421
16.55733077	84.18878421
16.54309142	84.16650442
16.59987519	84.14421614
16.66447835	82.4058575
16.67941869	82.4058575
16.6120767	82.4058575
16.61405709	82.42814578
16.56546937	82.47272234
16.8680327	85.12482413
16.83032241	85.08024757
16.82692473	85.10253585
16.82104487	85.10253585
16.91791386	85.12482413
17.16807682	86.7071733
17.12163292	86.66259674
17.15774716	86.66259674
17.12281017	86.66259674
17.15893462	86.64030846
17.12075318	84.43393834
17.14275063	84.43393834
17.20354497	84.43393834
17.275919	84.43393834
17.22049251	84.43393834
17.38925672	86.84089449
17.40528621	86.90775086
17.40539346	86.84089449
17.47789262	86.8631743
17.44486962	86.81860621
17.76809738	88.60153292
17.8038541	88.60153292
17.76859152	88.60153292
17.86645645	88.62382121
17.90028003	88.57924464
17.88185263	86.64030846
17.89629883	86.64030846
17.85210218	86.66259674
17.79736391	86.66259674
17.84052121	86.66259674
18.11846828	89.29241874
18.09845632	89.31469853
18.03198003	89.29241874
17.98026404	89.29241874
18.06311202	89.24784218
18.46012855	90.98619233
18.35218167	90.96391254
18.40407896	90.96391254
18.39874559	90.94162426
18.4206958	90.96391254
19.05871905	93.08113801
18.95880479	93.08113801
18.97559655	93.08113801
18.96973329	93.08113801
18.99780086	93.05884973
19.4793891	94.59662232
19.35377582	94.59662232
19.34239021	94.57433403
19.34471406	94.59662232
19.3943373	94.52976597
19.44577748	92.23424272
19.49874605	92.18967465
19.42231293	92.21195444
19.41145211	92.16738637
19.37316724	92.16738637
19.96570039	95.4880857
19.95856539	95.42122932
19.88705579	95.39894104
19.93374484	95.39894104
19.79703195	95.42122932
20.51283666	97.38244532
20.52377283	97.36015704
20.58107244	97.33786876
20.45885939	97.31558897
20.44374029	97.31558897
21.34837863	100.3242778
21.33629203	100.3242778
21.29458011	100.257413
21.32744861	100.2797012
21.36959721	100.2797012
21.43867826	98.45219796
21.47253503	98.38534161
21.38566245	98.42991817
21.34057328	98.36305333
21.31582678	98.40762989
21.44592817	93.43604516
21.44656404	93.45833344
21.47193747	93.43604516
21.44860699	93.43604516
21.43933711	93.45833344
21.28462967	88.82272737
21.29174169	88.77815081
21.29588888	88.82272737
21.26530082	88.84501565
21.29634982	88.84501565
21.18909498	88.93416028
21.29736746	88.84501565
21.33001379	88.911872
21.23160493	88.911872
21.26133622	88.911872
21.2228062	89.2015942
21.25552275	89.22388248
21.31868691	89.2015942
21.25053796	89.17931441
21.29185916	89.17931441
20.96478172	84.05340009
21.0544059	84.07567988
21.03555969	84.09796816
20.95661503	84.12025644
20.98152624	84.07567988
20.7508262	79.8858055
20.73186252	79.8858055
20.75618511	79.90809379
20.75278998	79.93038207
20.74323409	79.90809379
20.4272754	75.47306526
20.44823989	75.49534505
20.4872334	75.47306526
20.4964637	75.47306526
20.42596791	75.45077698
20.15714005	71.17174946
20.11568734	71.14946542
20.15707111	71.21632602
20.19458987	71.17174946
20.16600135	71.19403774
19.80386945	66.75900924
19.77328139	66.78129327
19.8402697	66.78129327
19.87742839	66.75900924
19.76509427	66.75900924
19.79841477	68.11848832
19.84980005	68.11848832
19.72316657	68.1407766
19.79471831	68.11848832
19.82649511	68.09620426
19.83330196	68.38592648
19.80317357	68.31907011
19.73483564	68.31907011
19.79854884	68.38592648
19.81925669	68.34135414
19.4583429	62.3685488
19.41383342	62.3685488
19.33236443	62.39083708
19.47879665	62.39083708
19.44860569	62.3685488
19.08761784	57.84437565
19.13057723	57.86665968
19.01138264	57.84437565
19.01100853	57.86665968
19.08392138	57.84437565
18.73652681	53.45391519
18.70391879	53.47620348
18.5507691	53.47620348
18.72202059	53.49849176
18.76323582	53.45391519
18.69452122	54.48021545
18.64606502	54.54707182
18.62122403	54.54707182
18.6716504	54.50249948
18.66950148	54.48021545
18.28292441	49.75545626
18.32289982	49.75545626
18.35716391	49.75545626
18.35560489	49.77774454
18.31309622	49.80003282
17.97273833	45.29813945
17.90343894	45.27585542
17.99729969	45.27585542
17.95355631	45.20899482
17.88938983	45.2312831
17.89090928	44.65183022
17.93319832	44.6741185
17.77854196	44.6741185
17.83848209	44.6741185
17.93676327	44.65183022
17.80445039	45.2312831
17.91091741	45.2312831
17.88146447	45.27585542
17.76851236	45.2312831
17.8884488	45.20899482
17.49603146	40.48423986
17.37898962	40.48423986
17.45152325	40.48423986
17.48158397	40.48423986
17.36521631	40.48423986
16.94161973	35.73719663
16.94915311	35.75948491
16.99969056	35.75948491
16.99523055	35.82634126
16.93861532	35.73719663
16.9386549	37.11896399
16.94851724	37.16353631
16.92640487	37.11896399
16.94406106	37.09667996
16.93029796	37.09667996
16.49909778	31.21302137
16.44983972	31.25759368
16.38840058	31.23530751
16.48959679	31.16844692
16.46505076	31.302166
15.95525449	27.06771504
15.93366946	27.02314272
16.04798396	27.04542889
15.98624348	27.00085655
15.9092843	27.04542889
15.45603942	22.38753241
15.38170033	22.47667917
15.36869824	22.5212536
15.43955793	22.5212536
15.38847143	22.43210684
15.40437707	23.05612992
15.33012864	23.0784182
15.46178139	23.0784182
15.42352206	23.05612992
15.30319873	23.12299052
14.79560758	17.84107098
14.86930569	17.86335714
14.80954687	17.84107098
14.75494267	17.86335714
14.87518939	17.97479006
14.4107517	15.67927106
14.54956116	15.72384444
14.57394631	15.70155827
14.40137967	15.65698489
14.49212875	15.72384444
14.18397668	13.5843328
14.26650161	13.65119233
14.17444376	13.6734785
14.17078561	13.65119233
14.28349639	13.62890618
13.85126197	11.15509472
13.75403674	11.15509472
13.82606219	11.15509472
13.84857166	11.15509472
13.73418438	11.17738194
13.83585303	11.95741238
13.75507992	11.95741238
13.73120551	11.97969855
13.80146125	11.93512517
13.75726715	12.06884529
13.41109452	9.060156468
13.40615058	9.104728783
13.44998461	9.104728783
13.42758495	9.149302165
13.38656891	9.060156468
13.0779891	6.786924149
13.00301925	6.831497532
12.98509364	6.809210852
13.00618454	6.853784234
13.04201532	6.809210852
12.57436637	4.580552449
12.63667121	4.580552449
12.47895936	4.602839129
12.58222789	4.602839129
12.64655015	4.602839129
12.24074383	3.466223248
12.32219366	3.466223248
12.29780978	3.48850995
12.25457587	3.421650133
12.27601151	3.466223248
12.28351935	3.978814733
12.22135879	4.001101435
12.28445273	4.023387849
12.3145492	4.001101435
12.19002634	4.067961231
12.35362443	4.467726511
12.20604817	4.445440098
12.21578665	4.445440098
12.2789291	4.445440098
12.18925385	4.445440098
12.11298161	3.219677963
12.15109028	3.219677963
12.14724443	3.219677963
12.11281563	3.219677963
12.09849966	3.241964665
12.13840484	4.467726511
12.15705314	4.467726511
12.0794632	4.467726511
12.10103164	4.534586573
12.1532558	4.534586573
12.1345309	4.93574488
12.23794499	4.958031583
12.18655843	4.958031583
12.08126866	4.958031583
12.20304631	4.93574488
12.20967312	4.646019507
12.21688473	4.646019507
12.15464884	4.601446124
12.16583909	4.646019507
12.13245092	4.623732804
12.05216174	2.573367131
11.98183194	2.551080451
12.00235592	2.528794016
12.04074932	2.573367131
12.01118401	2.573367131
11.93198653	2.662513362
12.02471472	2.640226949
11.98259038	2.617940247
11.89631536	2.595653567
11.98846769	2.617940247
12.00299434	2.796232976
11.97111284	2.773946296
11.91104375	2.75165986
11.992454	2.773946296
11.99784355	2.75165986
11.98420304	3.019098821
12.02179713	3.041385234
11.88831977	3.019098821
11.99405005	3.063671936
12.02551274	3.019098821
11.75859122	3.811108304
11.76245111	3.811108304
11.73813874	3.788821624
11.80832554	3.788821624
11.72369254	3.788821624
11.86904454	4.279126407
11.8423483	4.279126407
11.77316255	4.279126407
11.87357861	4.279126407
11.81836536	4.256839994
11.7025927	2.83049845
11.67566408	2.875071832
11.71471122	2.808212037
11.63270213	2.852785152
11.66579536	2.852785152
10.68494927	0.222968243
10.66832477	0.178395083
10.68494927	0.222968243
10.66832477	0.178395083
10.66832477	0.178395083
10.55195328	-0.133617104
10.54364103	-0.155903673
10.56026553	-0.111330513
10.53532878	-0.178190264
10.53532878	-0.178190264
8.182961516	-6.485293711
8.174988268	-6.440720329
8.106859105	-6.463007009
8.156557675	-6.463007009
8.200290833	-6.507579858
8.182840854	-6.307000715
8.160206893	-6.329287395
8.096532635	-6.307000715
8.17859982	-6.284714013
8.197922288	-6.284714013
8.214638082	-6.240141164
8.168328892	-6.262427867
8.162109389	-6.262427867
8.221900766	-6.262427867
8.095654805	-6.284714013
7.23767743	-7.644195739
7.199986294	-7.59962289
7.221720081	-7.644195739
7.145412098	-7.59962289
7.167489356	-7.644195739
6.347386344	-8.580232478
6.398078936	-8.669378709
6.380039056	-8.624805326
6.301624282	-8.624805326
6.338895336	-8.624805326
5.028378857	-10.89803711
5.036097375	-10.89803711
5.041149205	-10.89803711
4.976358029	-10.92032328
5.050747555	-10.92032328
3.87605783	-13.14898168
3.94599245	-13.19355504
4.00059314	-13.21584228
3.98222192	-13.1712689
3.927344474	-13.19355504
3.927486203	-12.34666507
3.968094926	-12.32437892
3.903976008	-12.34666507
3.885440074	-12.30209169
3.917506077	-12.30209169
3.008119481	-15.489073
3.013120238	-15.46678683
2.973869757	-15.489073
2.968730463	-15.53364638
3.049427276	-15.489073
2.31821394	-17.71773138
2.36190991	-17.74001861
2.281007845	-17.76230476
2.275065736	-17.71773138
2.330173652	-17.74001861
1.622223922	-20.12468224
1.652792507	-20.12468224
1.606201295	-20.08010993
1.66322304	-20.03553761
1.597936448	-20.05782376
1.030474429	-22.1304748
1.038205556	-22.1304748
1.012940898	-22.08590248
1.030942712	-22.10818865
1.02218229	-22.08590248
0.999079328	-21.19443913
0.952691932	-21.17215296
1.029773522	-21.17215296
1.030472275	-21.19443913
0.965120724	-21.17215296
0.458393151	-24.24770029
0.396470203	-24.26998855
0.431900329	-24.26998855
0.478374112	-24.24770029
0.416412221	-24.24770029
-0.033706824	-26.52093312
-0.120992749	-26.54321927
-0.159180786	-26.49864695
-0.133217824	-26.56550543
-0.035178595	-26.54321927
-0.588020073	-28.83873826
-0.622144906	-28.81644998
-0.666512575	-28.79416384
-0.618983602	-28.79416384
-0.659795981	-28.79416384
-1.100474408	-31.00053607
-1.127540532	-30.9782499
-1.094089633	-31.00053607
-1.111291824	-30.95596376
-1.178458966	-30.95596376
-1.681718912	-33.18462216
-1.660392598	-33.18462216
-1.59900357	-33.14004771
-1.656533339	-33.18462216
-1.651492521	-33.18462216
-2.125214295	-35.41328054
-2.166951428	-35.45785288
-2.124619446	-35.36870611
-2.043601188	-35.41328054
-2.130683653	-35.45785288
-2.558136458	-37.64193683
-2.618256782	-37.64193683
-2.531273751	-37.64193683
-2.537189844	-37.61965279
-2.544236263	-37.61965279
-3.012956163	-39.82602289
-3.048056904	-39.82602289
-2.981647967	-39.87059523
-3.097894011	-39.84831117
-3.066262454	-39.78145058
-3.539852234	-42.09925361
-3.470323969	-42.09925361
-3.508116933	-42.09925361
-3.551264659	-42.09925361
-3.546771128	-42.07696958
-3.902542113	-44.14961851
-4.003971667	-44.14961851
-3.998218212	-44.17190676
-3.927398739	-44.14961851
-3.879703856	-44.14961851
-4.00315768	-42.99071697
-3.909341622	-43.05757759
-3.953584879	-43.01300525
-3.980077461	-43.0352893
-3.967951281	-43.05757759
-4.42382103	-46.86858514
-4.428595467	-46.82400857
-4.476823113	-46.80172454
-4.425066591	-46.82400857
-4.430309948	-46.80172454
-4.842599441	-48.82980113
-4.898682546	-48.82980113
-4.932707227	-48.76294476
-4.842335135	-48.78522882
-4.835784609	-48.78522882
-5.345682066	-51.08074782
-5.343459082	-51.1030361
-5.317743778	-51.0138872
-5.344030788	-51.05845953
-5.383031327	-51.03617548
-5.826993555	-53.28711791
-5.832540801	-53.28711791
-5.810810844	-53.22026157
-5.883994392	-53.2425456
-5.79546255	-53.26483388
-6.238601853	-55.51577632
-6.333681985	-55.49349228
-6.315885982	-55.49349228
-6.216007473	-55.471204
-6.253620083	-55.471204
-6.718481682	-57.67757835
-6.717009482	-57.65529009
-6.752566374	-57.67757835
-6.771418964	-57.65529009
-6.773728136	-57.67757835
-7.172599283	-59.9953814
-7.21431439	-59.95080907
-7.253782254	-59.95080907
-7.19752071	-59.95080907
-7.285213027	-59.92852079
-7.374302211	-58.50858677
-7.343976546	-58.46401446
-7.413466824	-58.48630274
-7.360489959	-58.53087505
-7.313585761	-58.46401446
-7.809885794	-62.31959432
-7.776929193	-62.34187836
-7.819661945	-62.29730604
-7.852868169	-62.31959432
-7.797292289	-62.31959432
-8.221522182	-64.43681981
-8.164269808	-64.43681981
-8.15339238	-64.41453153
-8.216864258	-64.41453153
-8.203434421	-64.41453153
-8.623049802	-66.48718469
-8.625436861	-66.46489641
-8.594206552	-66.46489641
-8.569086576	-66.42032409
-8.589232609	-66.42032409
-8.611008532	-64.48139213
-8.625110627	-64.48139213
-8.646313248	-64.45910385
-8.635318989	-64.50368041
-8.682237233	-64.45910385
-8.874852229	-67.0889216
-8.905444755	-67.06663757
-8.81003392	-67.0889216
-8.842975837	-67.06663757
-8.84117485	-67.04434929
-9.138779559	-68.8941366
-9.213575121	-68.84956428
-9.140124075	-68.8941366
-9.150203476	-68.8941366
-9.143046769	-68.84956428
-9.591185552	-70.83306856
-9.595374875	-70.83306856
-9.557430285	-70.83306856
-9.5744289	-70.81078028
-9.603145104	-70.81078028
-9.596717475	-68.7604154
-9.662167822	-68.78270369
-9.611289449	-68.78270369
-9.550742819	-68.73813137
-9.634331362	-68.7604154
-9.85646889	-71.18965135
-9.865673653	-71.21193963
-9.900389744	-71.23422791
-9.815756743	-71.23422791
-9.843304636	-71.23422791
-10.13634463	-73.19544391
-10.19189497	-73.21773219
-10.19293624	-73.19544391
-10.25556923	-73.19544391
-10.16140268	-73.17316412
-10.62608871	-75.29038959
-10.70766431	-75.3126694
-10.60586607	-75.33495768
-10.62488465	-75.3126694
-10.61648174	-75.3126694
-11.12913303	-77.56361608
-11.17246015	-77.56361608
-11.08078281	-77.56361608
-11.13296612	-77.58590434
-11.13182462	-77.56361608
-11.56482898	-79.94828396
-11.6207496	-79.94828396
-11.62683249	-79.92599568
-11.64487428	-79.88141911
-11.67891748	-79.90370739
-11.6409365	-77.42989487
-11.63523794	-77.42989487
-11.66163029	-77.40761508
-11.67301846	-77.42989487
-11.69420512	-77.40761508
-11.96312235	-80.39401562
-11.90720173	-80.39401562
-11.91778931	-80.39401562
-11.91886058	-80.34943906
-11.89111861	-80.37172734
-12.22975914	-82.3775199
-12.32051078	-82.33294334
-12.26324564	-82.33294334
-12.27537309	-82.31066355
-12.32457497	-82.31066355
-12.72999696	-84.31645611
-12.75181821	-84.31645611
-12.78389635	-84.31645611
-12.76864956	-84.29416783
-12.84236811	-84.29416783
-13.10481813	-85.65365113
-13.09675486	-85.65365113
-13.09628499	-85.63136285
-13.1686986	-85.60907457
-13.07381893	-85.60907457
-13.14567839	-83.33583963
-13.12398099	-83.35812791
-13.18349338	-83.31355982
-13.14000027	-83.31355982
-13.173617	-83.29127154
-13.47665787	-86.8348367
-13.5415547	-86.79026014
-13.57324978	-86.81254842
-13.560572	-86.76798033
-13.5940087	-86.74569205
-13.99904253	-88.59547514
-14.00021084	-88.59547514
-13.97919017	-88.61776342
-14.06070129	-88.57318685
-13.99374108	-88.55090707
-14.02870998	-86.65654742
-14.03209873	-86.63425914
-13.9840077	-86.67882721
-13.98870265	-86.67882721
-14.05725892	-86.65654742
-14.17550227	-89.06349511
-14.22901221	-88.99663874
-14.22611378	-89.01891854
-14.17789252	-89.04120683
-14.25685123	-89.01891854
-14.56246366	-91.09157592
-14.5458864	-91.06928766
-14.51233862	-91.04699938
-14.57286738	-91.00243129
-14.52946365	-91.04699938
-15.13793436	-93.00822385
-15.1361787	-93.05279194
-15.04856044	-93.03050366
-15.10401629	-93.00822385
-15.11327852	-92.98593557
-15.12742722	-90.4675465
-15.15530453	-90.4675465
-15.20399951	-90.4675465
-15.13640342	-90.42297841
-15.1257903	-90.44526669
-15.50677351	-93.47623533
-15.4909547	-93.49852361
-15.50916377	-93.45395554
-15.48795923	-93.47623533
-15.44337952	-93.43166726
-15.95900841	-95.61574908
-15.91914792	-95.54889273
-15.95588653	-95.57118101
-15.93794816	-95.54889273
-15.89635116	-95.52660445
-16.45186735	-97.33181944
-16.40438921	-97.30953116
-16.40153291	-97.30953116
-16.4443493	-97.30953116
-16.3622304	-97.30953116
-16.50527643	-94.21169768
-16.44562486	-94.23398596
-16.41372294	-94.23398596
-16.47984809	-94.25626577
-16.46480816	-94.21169768
-16.89493196	-97.77755113
-16.80969884	-97.73297457
-16.8151101	-97.71068629
-16.89168367	-97.71068629
-16.81980761	-97.71068629
-17.38821481	-99.93934469
-17.41401598	-99.87248832
-17.4240558	-99.8947766
-17.39836061	-99.8947766
-17.4536709	-99.85020004
-17.53124296	-99.91706488
-17.58615744	-99.91706488
-17.562306	-99.91706488
-17.56873236	-99.8947766
-17.60512494	-99.91706488
-17.68496084	-97.79983941
-17.5476338	-97.77755113
-17.60032401	-97.79983941
-17.64663639	-97.8221192
-17.61430672	-97.77755113
-17.83185017	-100.1399307
-17.84746085	-100.1399307
-17.85493294	-100.0953542
-17.85938402	-100.1399307
-17.82368986	-100.0953542
-18.34054835	-102.2348679
-18.34981312	-102.2125796
-18.31254335	-102.2125796
-18.29548472	-102.1680031
-18.33057365	-102.1680031
-18.41698402	-99.51590128
-18.38692585	-99.51590128
-18.39904565	-99.493613
-18.44586366	-99.51590128
-18.37281929	-99.51590128
-19.06924662	-104.1292276
-19.14233058	-104.1069393
-19.15825026	-104.1292276
-19.12557712	-104.084651
-19.19076507	-104.0623627
-19.2277233	-98.33693862
-19.27866935	-98.29237053
-19.16495241	-98.31465881
-19.24223335	-98.29237053
-19.21634152	-98.31465881
-19.20547814	-98.18093762
-19.2288482	-98.15864934
-19.23556312	-98.15864934
-19.25215697	-98.18093762
-19.2191493	-98.13636106
-19.09354878	-93.83505375
-19.06110036	-93.85734203
-19.11244606	-93.87962181
-19.03313494	-93.81276547
-19.0830991	-93.85734203
-18.76201898	-88.57541824
-18.83378013	-88.64227459
-18.72389755	-88.57541824
-18.77940959	-88.6199948
-18.75597569	-88.57541824
-18.77236525	-88.82057234
-18.79722155	-88.82057234
-18.73589605	-88.84286062
-18.72634781	-88.82057234
-18.78189943	-88.84286062
-18.50738452	-84.65297775
-18.54208401	-84.5861214
-18.47544939	-84.56383312
-18.56230921	-84.54154484
-18.48819612	-84.47468847
-18.19607737	-79.97279513
-18.17207527	-79.97279513
-18.21119774	-79.97279513
-18.20532171	-79.97279513
-18.23487297	-79.97279513
-17.88656162	-75.5377666
-17.81351853	-75.5377666
-17.84707269	-75.56005488
-17.89029767	-75.51547832
-17.8536229	-75.56005488
-17.82819074	-76.85267337
-17.84676114	-76.89724993
-17.79729113	-76.85267337
-17.79960222	-76.87496165
-17.89519181	-76.85267337
-17.41004117	-71.08044982
-17.50004585	-71.08044982
-17.45802366	-71.1027381
-17.45731501	-71.12502213
-17.41239184	-71.08044982
-17.13811952	-66.66770533
-17.04468269	-66.71227764
-17.12713484	-66.71227764
-17.12582608	-66.68999361
-17.10583071	-66.68999361
-17.09713669	-67.29173053
-17.04054572	-67.29173053
-17.14113798	-67.29173053
-17.05570312	-67.26944225
-17.10045903	-67.31401881
-16.66368671	-62.25496086
-16.75640213	-62.34410974
-16.70211203	-62.27724914
-16.71446421	-62.32182146
-16.74317786	-62.32182146
-16.33560567	-57.99822587
-16.27935561	-57.99822587
-16.33631814	-57.97593759
-16.32482911	-58.0205099
-16.29950165	-57.99822587
-16.11042159	-55.27926346
-16.00943733	-55.3238358
-16.06387044	-55.30154752
-16.07462529	-55.30154752
-16.06249911	-55.3238358
-16.04630108	-56.3261721
-16.03636213	-56.34846038
-16.03488993	-56.3261721
-16.09836181	-56.3261721
-16.01966613	-56.3930327
-16.03297211	-57.19535143
-16.01621737	-57.17306314
-16.02693009	-57.19535143
-16.08503284	-57.19535143
-15.9985216	-57.21763546
-15.76144118	-53.33977156
-15.78289214	-53.36205982
-15.81899744	-53.36205982
-15.72160495	-53.36205982
-15.80623667	-53.36205982
-15.37730033	-48.86016647
-15.38552703	-48.86016647
-15.37876998	-48.88245475
-15.33662138	-48.88245475
-15.41911823	-48.86016647
-14.90542886	-44.53657088
-14.94142691	-44.60343148
-14.98886036	-44.55885916
-14.9110789	-44.5811432
-14.96387636	-44.53657088
-14.94369713	-45.0714472
-14.91461064	-45.09373548
-14.92220531	-45.0714472
-14.97553139	-45.11602376
-14.92120426	-45.0714472
-14.51709231	-40.48041345
-14.48766874	-40.50269749
-14.55617904	-40.50269749
-14.51705528	-40.50269749
-14.53217311	-40.50269749
-14.01883232	-35.68879789
-14.06644581	-35.73337021
-13.9961326	-35.71108193
-14.03071207	-35.71108193
-14.01656976	-35.73337021
-13.5142443	-31.16462049
-13.47973123	-31.12004818
-13.54128656	-31.16462049
-13.49913669	-31.16462049
-13.51646729	-31.14233434
-13.46913343	-32.47952937
-13.48781365	-32.45724322
-13.45670719	-32.47952937
-13.45042257	-32.52410168
-13.46677382	-32.47952937
-12.96012114	-26.55129846
-12.85829417	-26.59587077
-12.92307098	-26.61815694
-12.9637461	-26.59587077
-12.89662245	-26.57358463
-12.33851299	-22.33913367
-12.41612719	-22.3168475
-12.36692531	-22.3168475
-12.37600366	-22.3168475
-12.40484372	-22.33913367
-12.4135403	-22.98544503
-12.34767817	-23.00773118
-12.34018821	-22.96315887
-12.38793193	-23.03001735
-12.28624924	-22.98544503
-11.79287829	-17.79267012
-11.72524262	-17.77038395
-11.79439135	-17.79267012
-11.76218553	-17.77038395
-11.71660989	-17.81495627
-11.1052101	-13.44678623
-11.05006324	-13.49135961
-11.07602274	-13.53593299
-11.15494569	-13.53593299
-11.05593927	-13.49135961
-10.28946559	-9.100902356
-10.26716105	-9.07861621
-10.28714365	-9.07861621
-10.25406	-9.07861621
-10.27820447	-9.100902356
-9.896111042	-6.89453119
-9.804353256	-6.939104038
-9.84821346	-6.916817336
-9.864464482	-6.939104038
-9.786886679	-6.939104038
-9.8246806	-7.763707844
-9.821991568	-7.763707844
-9.858194544	-7.808280692
-9.860275798	-7.763707844
-9.81416835	-7.830567395
-9.779680814	-8.588311138
-9.796478963	-8.588311138
-9.793788655	-8.588311138
-9.807722845	-8.588311138
-9.760700539	-8.07571992
-9.605477259	-6.827671105
-9.622868502	-6.872244487
-9.612563739	-6.805384425
-9.557579676	-6.849957807
-9.604725836	-6.872244487
-6.790925299	-0.030263075
-6.772594299	0.014310107
-6.809256299	-0.074836235
-6.745098118	0.081169858
-6.809256299	-0.074836235
-5.911039847	2.109249029
-5.90461541	2.198395394
-5.919632364	2.131535598
-5.965505511	2.153822145
-5.886857713	2.109249029
-5.815380028	2.242968509
-5.830464015	2.220681963
-5.877484406	2.220681963
-5.827985663	2.242968509
-5.827312766	2.242968509
-4.786063695	3.245864799
-4.701572104	3.223578097
-4.720041642	3.223578097
-4.706069784	3.201291684
-4.727527454	3.179004981
-4.73198683	3.000712252
-4.72741988	2.978425839
-4.727328905	2.911566021
-4.752639769	3.000712252
-4.745999227	2.933852723
-4.727842196	2.80013311
-4.713902899	2.80013311
-4.718600724	2.80013311
-4.651342687	2.733273314
-4.684007848	2.80013311
-4.756411245	2.688700199
-4.686263073	2.599553968
-4.674581872	2.53269415
-4.646465784	2.599553968
-4.690229906	2.554980585
-4.61517291	2.443547652
-4.641264882	2.488121034
-4.619338611	2.421261238
-4.656006357	2.465834354
-4.699702806	2.376688123
-4.690924827	2.33211474
-4.712218742	2.309828305
-4.634402488	2.376688123
-4.645923445	2.33211474
-4.61855431	2.33211474
-3.580746969	4.293334183
-3.548502847	4.293334183
-3.54719121	4.315620863
-3.633775546	4.271047769
-3.574869341	4.293334183
-1.934041812	6.655712198
-1.944052263	6.611138816
-1.945123694	6.655712198
-2.013606544	6.521992585
-1.923163427	6.566565967
-1.046383497	8.862083899
-0.982876506	8.839797218
-1.004168506	8.817510516
-0.943717479	8.817510516
-0.940257633	8.862083899
-0.176718817	11.02388275
-0.170043101	10.93473598
-0.214662608	11.02388275
-0.139269712	11.02388275
-0.166474244	11.02388275
0.530572501	13.34168685
0.515596207	13.36397406
0.488226913	13.36397406
0.536449851	13.34168685
0.538741664	13.38626023
1.089646378	15.43662617
1.12722579	15.45891234
1.112848216	15.41434
1.090194463	15.52577294
1.105021726	15.36976662
1.734450783	17.70985796
1.71900098	17.70985796
1.689682264	17.66528457
1.673560522	17.66528457
1.650084642	17.64299841
2.160108825	19.89394295
2.199033232	19.91622912
2.18505499	19.82708236
2.265561713	19.89394295
2.273896626	19.93851529
2.782616833	22.05574076
2.793061092	22.03345459
2.716322174	22.03345459
2.775553656	21.94430785
2.763872455	22.01116845
2.707735722	21.20885185
2.752429386	21.18656569
2.734431961	21.20885185
2.820816472	21.27571032
2.800088518	21.20885185
3.205067764	24.26211299
3.283390287	24.32897359
3.25336436	24.30668744
3.305246651	24.30668744
3.28888582	24.23982685
3.769434715	26.57991816
3.777536605	26.66906493
3.788976801	26.53534585
3.741318308	26.51305757
3.752035811	26.53534585
4.322471917	28.60799687
4.306856124	28.60799687
4.246206389	28.63028303
4.279453152	28.63028303
4.245094897	28.58571072
4.857335489	31.23781462
4.842594653	31.21552847
4.894276799	31.23781462
4.862506066	31.26010079
4.8835577	31.21552847
5.40783273	33.17674658
5.400443	33.17674658
5.339244541	33.1098881
5.323362526	33.17674658
5.27708462	33.13217427
5.891051504	35.53912406
5.87137918	35.56141235
5.878094099	35.56141235
5.805757737	35.53912406
5.86089502	35.49455175
6.303644886	37.85692923
6.320762885	37.7454963
6.297760554	37.7454963
6.354922273	37.81235689
6.349280541	37.76778458
6.792821411	39.92958239
6.813841443	39.9072941
6.763633413	39.9072941
6.823104302	39.88501007
6.802923795	39.9072941
6.858198978	38.34723321
6.819149919	38.41409383
6.881438802	38.41409383
6.858438386	38.41409383
6.911940672	38.45866615
7.345157626	42.3365343
7.38682932	42.31424601
7.365975916	42.3365343
7.339643578	42.31424601
7.33654851	42.24738542
7.827305128	44.40918745
7.776259489	44.40918745
7.798932394	44.40918745
7.742573172	44.36461089
7.804169367	44.38689917
7.765093495	42.69311711
7.858316459	42.67083305
7.835007685	42.64854477
7.869255813	42.64854477
7.861304272	42.69311711
8.099793054	45.07778498
8.039450081	45.1223573
8.088510229	45.10006902
8.05002362	45.1223573
8.148689766	45.0554967
8.318799124	46.61555757
8.25844019	46.54869697
8.348750674	46.57098526
8.324095469	46.54869697
8.36587825	46.57098526
8.800575703	48.59906185
8.79775388	48.57677781
8.756845099	48.5322055
8.761849686	48.55448953
8.723091109	48.5322055
9.221967812	50.76086388
9.224116101	50.78314793
9.245168054	50.73857562
9.262911706	50.78314793
9.251994058	50.78314793
9.687825349	53.16781156
9.72516663	53.12323925
9.758049812	53.14552753
9.742568088	53.16781156
9.736119391	53.10095521
10.14631933	55.21818068
10.21348703	55.21818068
10.20407861	55.21818068
10.17456246	55.1958924
10.16280401	55.1958924
10.27413325	52.47693002
10.27214968	52.45464174
10.24636383	52.52150233
10.1906807	52.47693002
10.27262211	52.47693002
10.4523378	55.90906225
10.42325833	55.93135053
10.53643006	55.93135053
10.52450945	55.93135053
10.43974621	55.90906225
10.79213069	57.75884956
10.82017527	57.75884956
10.75062434	57.78113784
10.77178547	57.78113784
10.75256897	57.71427725
11.10672826	59.94293565
11.13516867	59.89836331
11.17043508	59.89836331
11.15367396	59.87607503
11.05521147	59.92064737
11.69286188	62.21616636
11.6598159	62.19387808
11.58139985	62.19387808
11.65024341	62.19387808
11.6418737	62.17159403
12.06723487	64.2442472
12.10652334	64.2442472
12.14017071	64.19967064
12.13694924	64.22195892
12.10608538	64.19967064
12.62805507	66.36147267
12.58745657	66.33918439
12.56045005	66.31689611
12.53657564	66.33918439
12.61892054	66.29461208
12.61236012	64.04366539
12.57684217	64.11052599
12.67170779	64.11052599
12.6804746	64.08823771
12.59447282	64.11052599
12.79248567	66.85177668
12.92903895	66.8294884
12.91664463	66.80720434
12.85388013	66.78491606
12.9151354	66.80720434
13.71790974	71.06393933
13.74900215	71.0416553
13.6991095	71.06393933
13.72278345	71.06393933
13.75367922	71.06393933
14.08802318	73.04744361
14.16055554	73.04744361
14.18954882	73.09202017
14.1323871	73.02515535
14.18981568	73.02515535
14.72812003	75.49896786
14.75252178	75.45439979
14.62940344	75.47667958
14.65176735	75.45439979
14.68303597	75.43211151
15.20787217	77.46019235
15.14436582	77.48247213
15.21407763	77.46019235
15.16309328	77.41561578
15.14547412	77.41561578
15.76892348	79.51055297
15.75143328	79.53284125
15.70215352	79.46598491
15.76841657	79.51055297
15.69036825	79.48826469
16.03828633	80.93689265
16.07893336	80.93689265
16.11241347	80.89232458
16.03485545	80.8700363
16.03613357	80.91461286
16.2610227	82.09579841
16.38494927	82.09579841
16.38314254	82.07351013
16.29357582	82.11808669
16.36771317	82.05122185
16.91031154	84.21302388
16.8488941	84.1907356
16.92619419	84.14616753
16.89308054	84.16844732
16.79907551	84.14616753
17.35775189	86.21881644
17.44580427	86.17423988
17.39751151	86.12967181
17.39445347	86.15196009
17.40976154	86.12967181
17.52688893	84.05701441
17.38684476	84.05701441
17.42777652	84.07930269
17.45887404	84.05701441
17.38295422	84.07930269
17.73787451	86.86512569
17.78014951	86.88741397
17.65229281	86.8205576
17.74226557	86.84283741
17.75338177	86.8205576
18.15188582	88.91549481
18.16722582	88.87091825
18.07190947	88.82635016
18.12275592	88.84862997
18.18791706	88.84862997
18.13206028	86.30796109
18.21467587	86.30796109
18.18143836	86.30796109
18.20833506	86.28567281
18.1463954	86.263393
18.31824828	89.09378407
18.46416848	89.09378407
18.41478274	89.11607235
18.37181696	89.09378407
18.41309348	89.11607235
18.71019192	90.63155668
18.74474585	90.65384496
18.79082329	90.60927687
18.71990486	90.65384496
18.79068795	90.58698859
19.37529446	93.17223403
19.27522315	93.17223403
19.39188448	93.08308091
19.36206381	93.14994575
19.25295117	93.12765747
19.98456575	95.08887346
19.91705777	95.08887346
19.92930781	95.08887346
19.89343745	95.0443054
19.90217106	95.0443054
19.91166056	92.61506943
19.98670702	92.61506943
20.02566606	92.61506943
19.93771582	92.59278115
20.07370346	92.61506943
20.30334371	95.49003709
20.45870745	95.4677488
20.42948434	95.4677488
20.31784738	95.44546052
20.4159332	95.42317224
20.95971776	97.56268599
20.9759094	97.51811792
20.97641631	97.51811792
20.99994853	97.49582964
20.93231287	97.47354136
21.17042626	98.32042816
21.3186984	98.32042816
21.30657989	98.34271644
21.18663961	98.25357178
21.29340159	98.27586007
21.41163344	92.23591414
21.41521882	92.19134605
21.3980606	92.21362586
21.32488471	92.19134605
21.35051223	92.23591414
21.33328762	91.94619195
21.32502899	91.96848023
21.29262016	91.96848023
21.3708715	91.96848023
21.3878267	91.96848023
21.30333287	88.71463726
21.28986601	88.73692554
21.28029351	88.73692554
21.18747084	88.71463726
21.2442278	88.71463726
21.21578612	88.75920534
21.20943254	88.73692554
21.28026032	88.75920534
21.2757288	88.75920534
21.29296107	88.80378191
21.25652891	88.80378191
21.25824115	88.78149363
21.19960723	88.80378191
21.24377197	88.80378191
21.22100457	88.75920534
21.0135035	83.61101122
21.01636108	83.61101122
21.07331722	83.58872294
21.0726456	83.58872294
21.05401008	83.58872294
20.71128109	80.22344708
20.74550687	80.24573536
20.70782212	80.17887051
20.76504768	80.20115879
20.75376932	80.22344708
20.49209817	75.52097617
20.45670408	75.49868789
20.50738327	75.52097617
20.51496899	75.49868789
20.52184607	75.49868789
20.22850665	71.44253468
20.1879107	71.4202464
20.19839231	71.48710277
20.14627412	71.4202464
20.19826079	71.46482296
19.82546214	66.85149668
19.7628649	66.8292084
19.81112447	66.78463609
19.74808672	66.8292084
19.83288699	66.8292084
19.84714422	68.5007022
19.82478286	68.52299049
19.76016055	68.5007022
19.80166817	68.47841817
19.7482425	68.5007022
19.45106361	62.68390634
19.42164004	62.70619038
19.48058168	62.70619038
19.47319258	62.70619038
19.49754198	62.70619038
19.14878247	58.31573417
19.1160442	58.31573417
19.09603096	58.33802245
19.06496792	58.33802245
19.08948076	58.33802245
18.91050692	55.90878226
18.88707301	55.97564285
18.93868046	55.93107054
18.89754185	55.93107054
18.91950738	55.95335882
18.88054834	56.75400188
18.89330528	56.75400188
18.89441741	56.79857422
18.93058655	56.75400188
18.91239026	56.79857422
18.70623243	53.52244721
18.68974966	53.54473549
18.68386979	53.54473549
18.67278807	53.54473549
18.71897277	53.54473549
18.30571734	49.17656334
18.28391652	49.1542793
18.32553267	49.17656334
18.27109063	49.19885162
18.29412616	49.17656334
17.81365898	44.49638071
17.82286502	44.51866899
17.85880178	44.51866899
17.88198414	44.51866899
17.90982571	44.54095303
17.77567928	45.12040591
17.8169111	45.05354531
17.74279291	45.09811763
17.77183598	45.09811763
17.73831885	45.05354531
17.37915306	40.44022328
17.36068352	40.44022328
17.40884988	40.46251154
17.3849346	40.39565094
17.44565871	40.44022328
17.39901818	41.5991248
17.35368897	41.5991248
17.40476398	41.57684074
17.36445914	41.57684074
17.39616316	41.5991248
16.93916309	35.89376185
16.89793126	35.96061819
16.94675903	35.98290648
16.86954704	35.96061819
16.90346893	35.96061819
16.43526073	31.19129092
16.35972268	31.16900477
16.41093431	31.16900477
16.35504816	31.1467186
16.40687523	31.19129092
15.95300597	26.84540704
15.9865563	26.86769321
15.94945379	26.86769321
15.96745601	26.95683996
15.88809764	26.91226764
15.40022605	22.38809026
15.45356235	22.43266258
15.44990292	22.41037641
15.44939601	22.41037641
15.42910569	22.38809026
15.32892968	23.05668777
15.36824879	23.0344016
15.32556392	23.05668777
15.35413584	23.0344016
15.33029207	23.0344016
14.75251156	17.99763405
14.79277681	18.01992022
14.77414384	18.01992022
14.80500897	18.04220637
14.81890869	18.06449254
14.80194583	18.66623159
14.80997206	18.68851773
14.80180537	18.64394331
14.78171169	18.59937097
14.81237891	18.64394331
14.10878848	13.29516421
14.15553499	13.36202374
14.08045406	13.38430991
14.13677434	13.33973757
14.08061366	13.27287698
13.42022267	9.194432332
13.46200609	9.216719546
13.38618203	9.283579097
13.41576521	9.26129186
13.37441847	9.172146163
12.99524327	6.832054849
12.97489805	6.85434153
12.98745964	6.876627698
12.91306819	6.876627698
12.96018626	6.921201081
12.56078842	4.647969296
12.57489115	4.647969296
12.57640166	4.647969296
12.60138693	4.670255998
12.52688951	4.625683149
11.98863368	2.374738045
11.92448763	2.374738045
11.98765179	2.352451365
11.97970216	2.39702448
12.05062953	2.352451365
11.88722424	2.309828305
11.80127736	2.287541625
11.82324417	2.309828305
11.77811032	2.287541625
11.85647147	2.33211474
10.99879926	0.393182023
11.00865776	0.415468614
11.00865776	0.415468614
11.01851627	0.437755205
11.0283735	0.460041796
7.952583881	-6.493372349
7.890622508	-6.493372349
7.977235255	-6.471085669
7.967830666	-6.471085669
7.986768805	-6.4487995
7.977930496	-6.069927362
7.978298227	-6.092214064
7.943298677	-6.047640682
7.969500777	-6.047640682
7.909048633	-6.047640682
7.131609423	-7.496268639
7.132116329	-7.496268639
7.092825947	-7.496268639
7.05899407	-7.45169579
7.041604742	-7.496268639
7.068947702	-7.161969883
7.075280844	-7.139683181
7.039685647	-7.139683181
7.119991426	-7.161969883
7.114240524	-7.139683181
6.168021788	-8.766604134
6.126344986	-8.744317431
6.189488077	-8.744317431
6.180714887	-8.722030751
6.203920875	-8.744317431
6.181695503	-8.187152831
6.17520467	-8.120293302
6.172161953	-8.209439533
6.178937521	-8.142579471
6.116508186	-8.164866151
4.694848248	-10.95068969
4.775622628	-10.95068969
4.808197134	-10.95068969
4.761177382	-10.95068969
4.780154784	-10.95068969
3.702109643	-13.24620762
3.694453691	-13.17934807
3.764884046	-13.2239204
3.781601116	-13.17934807
3.732660353	-13.13477469
2.887856488	-15.56401172
2.816713655	-15.49715217
2.82379822	-15.5194394
2.788506273	-15.49715217
2.817551265	-15.49715217
2.863385149	-14.44968252
2.796521656	-14.42739635
2.818647434	-14.4051102
2.778546257	-14.42739635
2.804405206	-14.42739635
2.024633043	-17.74809778
1.981241281	-17.7035244
2.052140556	-17.72581057
2.090058172	-17.7035244
2.092407085	-17.7035244
1.225008362	-20.22190818
1.308005328	-20.24419435
1.279924991	-20.22190818
1.287213611	-20.26648051
1.305196911	-20.17733586
0.793757267	-22.02712106
0.73734314	-22.02712106
0.799431239	-22.00483491
0.774818649	-22.04940723
0.821899132	-21.98254874
0.812712085	-21.18023215
0.788694025	-21.18023215
0.811774483	-21.22480447
0.741443723	-21.1356577
0.76350901	-21.18023215
0.161434235	-24.56779207
0.197702658	-24.56779207
0.12600385	-24.56779207
0.165393696	-24.52321973
0.099066018	-24.52321973
-0.434989691	-26.50672401
-0.332088914	-26.48443786
-0.34082306	-26.48443786
-0.357149097	-26.46215169
-0.309720635	-26.50672401
-0.8683625	-28.84681535
-0.903297729	-28.84681535
-0.95807614	-28.82452918
-0.915891713	-28.84681535
-0.8801571	-28.82452918
-1.388504788	-31.12004818
-1.475690358	-31.09776201
-1.453018251	-31.09776201
-1.424303163	-31.09776201
-1.453769194	-31.05318758
-1.899669032	-33.1481269
-1.890402502	-33.17041305
-1.832135197	-33.17041305
-1.854793259	-33.17041305
-1.842608025	-33.12584073
-2.333974974	-35.35449914
-2.327893529	-35.37678528
-2.288464769	-35.35449914
-2.380653012	-35.35449914
-2.354589768	-35.37678528
-2.857250875	-37.67230217
-2.804861039	-37.67230217
-2.868576794	-37.62772985
-2.795329085	-37.65001813
-2.741249985	-37.65001813
-3.299158024	-39.65581069
-3.221950186	-39.63352241
-3.167338962	-39.65581069
-3.235036871	-39.63352241
-3.228462086	-39.65581069
-3.712461331	-42.26334017
-3.796652225	-42.21876785
-3.760753777	-42.19647957
-3.780034749	-42.21876785
-3.750687464	-42.19647957
-4.164472779	-44.22456041
-4.18337389	-44.26913272
-4.173881518	-44.22456041
-4.254846468	-44.20227213
-4.195905149	-44.20227213
-4.193986373	-42.79821648
-4.26907529	-42.77593245
-4.216479243	-42.79821648
-4.249396901	-42.79821648
-4.218499209	-42.79821648
-4.679784051	-46.38635819
-4.647440654	-46.34178588
-4.718234909	-46.38635819
-4.665416691	-46.34178588
-4.629642736	-46.34178588
-5.149628211	-48.72644951
-5.114237947	-48.70416122
-5.128314825	-48.72644951
-5.193627272	-48.72644951
-5.123340562	-48.68187719
-5.607201589	-50.97739194
-5.552020893	-50.93281963
-5.623985055	-50.97739194
-5.623488363	-50.97739194
-5.659327438	-50.93281963
-5.992007031	-53.27291094
-6.096252983	-53.29519922
-6.097968422	-53.27291094
-6.068111358	-53.25062691
-6.0659669	-53.22833863
-6.452413085	-55.43470875
-6.545479636	-55.41242471
-6.52251561	-55.39013643
-6.483187561	-55.41242471
-6.527046489	-55.39013643
-6.514564707	-52.93638505
-6.59720711	-52.91409677
-6.525002263	-52.91409677
-6.517118394	-52.91409677
-6.60675279	-52.93638505
-6.559835823	-52.86952445
-6.593220805	-52.89181273
-6.556445166	-52.89181273
-6.516139055	-52.89181273
-6.596673389	-52.93638505
-6.738662189	-55.81135268
-6.809318226	-55.83364096
-6.807300175	-55.83364096
-6.74786376	-55.83364096
-6.771071663	-55.81135268
-7.077641727	-57.83943352
-7.043584487	-57.81714524
-7.001971527	-57.79486121
-7.016253658	-57.79486121
-7.050212581	-57.77257292
-7.42394843	-60.06809192
-7.517344407	-60.04580364
-7.455037648	-60.04580364
-7.419746978	-60.06809192
-7.476914442	-60.02351961
-7.918903309	-62.16302913
-7.90496465	-62.16302913
-7.933702561	-62.14074508
-7.903822514	-62.14074508
-7.902451823	-62.16302913
-8.360794498	-64.14653763
-8.359751317	-64.16882169
-8.390856496	-64.14653763
-8.411916748	-64.10196532
-8.376917198	-64.14653763
-8.87947504	-66.508913
-8.833059873	-66.55348957
-8.91373466	-66.508913
-8.866206723	-66.508913
-8.872758844	-66.508913
-8.907208714	-65.14943392
-8.853676422	-65.12714564
-8.928863337	-65.14943392
-8.918289159	-65.14943392
-8.883190015	-65.14943392
-8.84486365	-64.54769701
-8.950827594	-64.54769701
-8.941557712	-64.56998104
-8.901492925	-64.52540873
-8.917580511	-64.54769701
-8.893984448	-64.39168751
-8.894110856	-64.41397579
-8.900399947	-64.36940348
-8.950538389	-64.41397579
-8.884044862	-64.41397579
-9.097805659	-67.04379357
-9.141131504	-67.04379357
-9.153458149	-66.99922123
-9.124950708	-66.97693295
-9.156990536	-66.99922123
-9.441147532	-68.96043723
-9.454860829	-68.89358088
-9.400919309	-68.91586491
-9.390207232	-68.89358088
-9.469434079	-68.91586491
-9.460334656	-66.75406713
-9.446599015	-66.73177885
-9.485861945	-66.75406713
-9.510577161	-66.73177885
-9.455536917	-66.70949479
-9.94540613	-70.98851807
-9.953974386	-70.98851807
-10.01996228	-70.98851807
-9.966567891	-70.98851807
-9.957608282	-70.92165747
-10.46901146	-73.32860516
-10.4278671	-73.32860516
-10.40516802	-73.35089344
-10.45417454	-73.26174879
-10.42276739	-73.26174879
-10.88987048	-75.33439771
-10.97769176	-75.33439771
-10.92546504	-75.33439771
-10.88785052	-75.33439771
-10.94619842	-75.28982962
-11.44306282	-77.74135387
-11.48088036	-77.71906559
-11.44733131	-77.69677731
-11.44347141	-77.69677731
-11.42607953	-77.65220922
-11.99186154	-79.85857934
-11.9446758	-79.85857934
-11.93275647	-79.85857934
-11.94608671	-79.81400278
-11.94021068	-79.81400278
-12.42092939	-81.97580483
-12.44860497	-81.99809311
-12.43217838	-81.97580483
-12.43885627	-81.99809311
-12.4130717	-81.95351655
-12.50246222	-79.94772399
-12.4645055	-79.94772399
-12.44365082	-79.97001227
-12.50662856	-79.97001227
-12.50007835	-79.97001227
-12.76649553	-82.62211406
-12.73986058	-82.5775375
-12.81900698	-82.64440234
-12.80759456	-82.64440234
-12.73092523	-82.59982578
-13.09861522	-83.78101983
-13.16392703	-83.78101983
-13.14445517	-83.78101983
-13.09071923	-83.78101983
-13.15492912	-83.73644326
-13.69081385	-86.25482386
-13.63245062	-86.21025577
-13.62687464	-86.23254405
-13.67006387	-86.21025577
-13.61502171	-86.18796749
-14.18929728	-88.63949173
-14.13358095	-88.61720345
-14.16519559	-88.59491517
-14.1742599	-88.59491517
-14.15366442	-88.55034711
-14.23060571	-85.94281338
-14.20695475	-85.9205251
-14.19697494	-85.96510167
-14.21380757	-85.94281338
-14.1759913	-85.96510167
-14.22397507	-84.73933953
-14.22628615	-84.76162781
-14.23926016	-84.73933953
-14.22281059	-84.73933953
-14.2796914	-84.76162781
-14.50203705	-89.10751168
-14.62659567	-89.12979997
-14.55724776	-89.12979997
-14.50169486	-89.10751168
-14.59267888	-89.12979997
-14.86909246	-90.97958305
-14.96668925	-90.95729477
-14.96488507	-90.93500649
-14.88810976	-90.95729477
-14.95215494	-90.9127267
-15.44821238	-93.23052973
-15.48456027	-93.18595317
-15.52166406	-93.18595317
-15.48909179	-93.18595317
-15.46447808	-93.14138508
-15.50460671	-90.7567172
-15.52563121	-90.73442892
-15.54268856	-90.77900549
-15.50825976	-90.77900549
-15.51934021	-90.77900549
-15.81993847	-93.58711677
-15.8525516	-93.56482849
-15.77383805	-93.54254021
-15.79914508	-93.56482849
-15.79330863	-93.54254021
-16.23483081	-95.3477552
-16.19439829	-95.32546692
-16.30593183	-95.30317864
-16.26297627	-95.28089036
-16.22519575	-95.28089036
-16.56997152	-96.81867144
-16.58414448	-96.77409488
-16.61340334	-96.7518066
-16.60303155	-96.72951831
-16.60971199	-96.7518066
-16.65196146	-94.50085993
-16.66410041	-94.47858013
-16.61238442	-94.47858013
-16.65083656	-94.47858013
-16.66279547	-94.45629184
-17.02923672	-97.50954876
-17.15346335	-97.53183704
-17.09123639	-97.48726897
-17.0544582	-97.48726897
-17.11037883	-97.48726897
-17.69138081	-99.69363907
-17.69152382	-99.71592735
-17.70855818	-99.67135079
-17.7316882	-99.69363907
-17.70103247	-99.64906251
-17.7153612	-97.019249
-17.7086067	-97.04153728
-17.74222088	-97.019249
-17.6926883	-97.019249
-17.74743934	-97.019249
-17.75928589	-96.43979612
-17.69920403	-96.41750784
-17.81218295	-96.43979612
-17.77993883	-96.43979612
-17.71361065	-96.43979612
-18.2069765	-100.5405259
-18.15542778	-100.5405259
-18.26612116	-100.5182376
-18.17244683	-100.4959578
-18.1515066	-100.4736695
-18.81129364	-102.8583289
-18.90972804	-102.8360491
-18.8375864	-102.7914726
-18.79161876	-102.7691843
-18.92062335	-102.746896
-18.87083284	-100.0947942
-18.89779722	-100.1393708
-18.91395439	-100.1170825
-18.89020383	-100.161659
-18.90351237	-100.1393708
-18.94485783	-97.24350627
-18.95140804	-97.24350627
-18.96329162	-97.26579456
-18.92332642	-97.26579456
-18.95603659	-97.28808284
-18.81825627	-93.0313436
-18.82880938	-93.05363188
-18.7796407	-93.0313436
-18.85221775	-93.00905531
-18.77876478	-93.05363188
-18.59364039	-88.61859488
-18.54182737	-88.57402681
-18.56013347	-88.57402681
-18.55878767	-88.57402681
-18.55790921	-88.59631509
-18.53064222	-88.84146072
-18.52988377	-88.79689264
-18.60174962	-88.79689264
-18.54768297	-88.79689264
-18.53390711	-88.79689264
-18.30112454	-84.2504312
-18.28788112	-84.22814292
-18.31139163	-84.22814292
-18.29239093	-84.2504312
-18.29463434	-84.20585464
-18.03599442	-80.48399174
-18.0641054	-80.43942365
-18.06514348	-80.41713537
-18.02108345	-80.46171193
-18.07010912	-80.46171193
-17.97844199	-81.91033989
-18.01799476	-81.95490798
-18.03297852	-81.93261969
-17.95562735	-81.99948454
-18.00351025	-81.97719626
-17.60009163	-75.62551981
-17.52871992	-75.62551981
-17.64946077	-75.62551981
-17.58208558	-75.64780809
-17.58904693	-75.60323155
-17.56301082	-75.91524202
-17.59126992	-75.89296221
-17.61174538	-75.89296221
-17.58027247	-75.9375303
-17.59286597	-75.9375303
-17.2976879	-71.14591474
-17.30474501	-71.14591474
-17.24641243	-71.19049131
-17.31525216	-71.19049131
-17.28808476	-71.16820302
-16.86676352	-66.62174159
-16.98099247	-66.59945331
-16.88480787	-66.57716503
-16.87190664	-66.6663139
-16.9363834	-66.6663139
-16.94229901	-67.26805082
-16.88076283	-67.31262316
-16.86821274	-67.2903391
-16.92983192	-67.2903391
-16.88386428	-67.26805082
-16.58306427	-62.94445523
-16.56512973	-62.92216695
-16.56865765	-62.92216695
-16.59955853	-62.92216695
-16.53872334	-62.94445523
-16.10341427	-57.84082495
-16.11735102	-57.84082495
-16.11255264	-57.79625263
-16.07714961	-57.77396435
-16.12625189	-57.84082495
-16.10928392	-59.40088584
-16.09501392	-59.40088584
-16.0731799	-59.40088584
-16.08258768	-59.40088584
-16.03526532	-59.3786018
-15.70746901	-54.11896627
-15.68822316	-54.07439396
-15.69920145	-54.14125455
-15.69733215	-54.05210568
-15.65938693	-54.05210568
-15.6251637	-53.42808048
-15.57575114	-53.45036876
-15.6688777	-53.49494108
-15.64961014	-53.47265704
-15.58714058	-53.47265704
-15.65105808	-54.41147981
-15.60623577	-54.41147981
-15.59800652	-54.41147981
-15.6583795	-54.45605213
-15.60535475	-54.43376385
-15.21220322	-48.99583906
-15.13832124	-48.99583906
-15.25914381	-49.04041139
-15.19873508	-49.01812311
-15.11489628	-49.04041139
-14.72844051	-44.36022874
-14.68901415	-44.33794046
-14.74342427	-44.33794046
-14.68829912	-44.36022874
-14.74405631	-44.36022874
-14.72211248	-44.85053275
-14.71517922	-44.87282103
-14.73446338	-44.89510506
-14.70816041	-44.85053275
-14.7207271	-44.87282103
-14.3257599	-40.03663315
-14.28428676	-40.03663315
-14.26359424	-40.05891719
-14.288817	-40.03663315
-14.2189226	-40.05891719
-13.80673334	-35.71303332
-13.77016072	-35.69074928
-13.81045151	-35.69074928
-13.80089306	-35.69074928
-13.78259079	-35.69074928
-13.30448322	-31.50087064
-13.31317724	-31.52315681
-13.35150169	-31.50087064
-13.29756272	-31.52315681
-13.37350425	-31.50087064
-13.32615508	-32.63748601
-13.27510944	-32.63748601
-13.30519697	-32.61519984
-13.28803364	-32.63748601
-13.28602645	-32.63748601
-13.16626621	-30.83227313
-13.16753795	-30.87684544
-13.15175744	-30.87684544
-13.17076325	-30.85455929
-13.17513006	-30.85455929
-12.72424223	-26.64239448
-12.73675657	-26.68696682
-12.75842843	-26.68696682
-12.71128227	-26.66468065
-12.7962447	-26.66468065
-12.18443887	-22.20736387
-12.1850824	-22.22965001
-12.12781726	-22.22965001
-12.22437214	-22.22965001
-12.14625232	-22.25193829
-12.17400451	-22.7422423
-12.10943327	-22.69766998
-12.20333232	-22.6753817
-12.14959509	-22.6753817
-12.09364382	-22.69766998
-12.19202843	-23.12111337
-12.15190107	-23.12111337
-12.12763978	-23.16568782
-12.14400508	-23.12111337
-12.16512917	-23.14340165
-12.04299528	-21.96221185
-12.08893993	-21.89535126
-12.03467154	-21.91763954
-12.0643224	-21.96221185
-12.05272994	-21.96221185
-11.57482028	-17.97291291
-11.57108934	-17.99519905
-11.59116642	-18.0397735
-11.50841293	-18.01748733
-11.59102852	-18.01748733
-10.92269046	-13.76074916
-10.83536587	-13.76074916
-10.95459239	-13.76074916
-10.9256438	-13.80532254
-10.89313665	-13.76074916
-10.08559841	-9.325718523
-10.08610596	-9.325718523
-10.1576411	-9.325718523
-10.09635262	-9.325718523
-10.15894476	-9.348005759
-9.686026915	-7.030200592
-9.62934912	-6.98562721
-9.610966408	-7.030200592
-9.662555344	-7.007913912
-9.657186856	-7.007913912
-9.582859257	-7.587365193
-9.598512079	-7.565078513
-9.650536418	-7.587365193
-9.59508567	-7.609651873
-9.617492992	-7.565078513
-9.599202851	-8.389682318
-9.62741151	-8.389682318
-9.615020385	-8.367395638
-9.58357812	-8.389682318
-9.622369895	-8.389682318
-9.336628974	-6.651328454
-9.455962106	-6.584468925
-9.40303823	-6.606755605
-9.35618319	-6.606755605
-9.452062627	-6.606755605
-6.556478364	0.235225873
-6.622501375	0.07921978
-6.584773849	0.168366122
-6.603637931	0.12379294
-6.565910405	0.212939282
-5.78306504	2.062725724
-5.657105092	2.174158635
-5.719643597	2.218731884
-5.694498723	2.12958552
-5.732200712	2.196445204
-4.552990005	3.355347655
-4.553372739	3.266201423
-4.481895692	3.310774539
-4.585638568	3.288487837
-4.532684047	3.243914721
-4.543818121	2.686750121
-4.499050719	2.731323236
-4.556033361	2.66446344
-4.525108856	2.753609938
-4.521014339	2.709036823
-4.498214387	2.530186776
-4.530183988	2.574759892
-4.508202813	2.46332698
-4.547144936	2.574759892
-4.549835564	2.574759892
-4.34241972	3.22107099
-4.45069475	3.198784288
-4.335999752	3.198784288
-4.377012595	3.22107099
-4.394411181	3.176497875
-4.353355244	3.109638057
-4.336360779	3.087351377
-4.391606914	3.087351377
-4.317148119	3.042778261
-4.37028012	3.087351377
-4.328938489	3.065064941
-4.413173435	3.020491581
-4.382658158	2.93134535
-4.31779899	3.020491581
-4.431678724	3.042778261
-4.357914851	2.775339301
-4.416786901	2.730766185
-4.38579185	2.775339301
-4.373495211	2.753052621
-4.378700263	2.753052621
-4.423701007	2.753052621
-4.3374362	2.552473456
-4.38945671	2.641619687
-4.408834402	2.686192803
-4.382781373	2.552473456
-4.416710929	2.329607634
-4.376201161	2.418753865
-4.396038837	2.441040545
-4.423021407	2.396467429
-4.343558664	2.374180749
-4.451397972	2.285034518
-4.389004069	2.2181747
-4.479173143	2.2181747
-4.385091502	2.307320931
-4.40139264	2.307320931
-4.466741797	1.995308878
-4.442921329	2.017595424
-4.523134218	1.973022309
-4.495457044	1.995308878
-4.512251363	1.995308878
-4.542390929	1.727869784
-4.534364373	1.750156464
-4.658762104	1.727869784
-4.547796126	1.750156464
-4.569157713	1.772443033
-4.576202377	1.772443033
-4.627355909	1.727869784
-4.540737417	1.750156464
-4.636454375	1.750156464
-4.60387955	1.750156464
-4.651559431	1.750156464
-4.606831931	1.705583215
-4.587723014	1.727869784
-4.657511755	1.683296669
-4.579154758	1.727869784
-4.625199321	1.638723553
-4.643396253	1.683296669
-4.66049861	1.6610101
-4.637119291	1.638723553
-4.625233796	1.6610101
-5.113126455	1.036985703
-5.224966113	1.036985703
-5.146207867	1.036985703
-5.205492976	1.036985703
-5.150067445	1.036985703
-4.596223598	2.396467429
-4.605429957	2.374180749
-4.61958983	2.418753865
-4.590380125	2.418753865
-4.628865777	2.441040545
-4.499657858	2.708479505
-4.479203787	2.730766185
-4.476950797	2.686192803
-4.512758589	2.708479505
-4.428124631	2.708479505
-4.369277479	3.087351377
-4.370952697	3.087351377
-4.353120304	3.065064941
-4.303643905	3.109638057
-4.357521902	3.087351377
-4.193322733	3.310217221
-4.198527785	3.310217221
-4.222546164	3.310217221
-4.261032773	3.332503901
-4.266875927	3.310217221
-4.108688775	3.399363719
-4.191868409	3.443936835
-4.117717972	3.377077017
-4.140967053	3.421650133
-4.21800124	3.399363719
-3.731356377	3.60690742
-3.74698398	3.60690742
-3.705805785	3.584620718
-3.748186447	3.6291941
-3.764837122	3.651480536
-3.040043116	3.963492878
-2.95681145	4.008065994
-3.088465162	4.008065994
-2.985999129	3.985779291
-3.013676941	3.963492878
-3.63445355	2.381145308
-3.739872283	2.358858605
-3.634219249	2.336572192
-3.689226934	2.403431988
-3.635400649	2.336572192
-3.214640577	3.651480536
-3.219644526	3.6291941
-3.208631753	3.673767216
-3.244521901	3.651480536
-3.238423379	3.60690742
-3.028306054	4.565230328
-3.016421516	4.587517008
-3.00104577	4.520657457
-3.021226277	4.542944159
-3.000628561	4.587517008
-2.520387385	5.389834133
-2.547462208	5.412120835
-2.519818392	5.456693684
-2.604054295	5.412120835
-2.517731871	5.412120835
-2.609149378	4.743523301
-2.513831434	4.78809615
-2.590714475	4.765810004
-2.490521383	4.810382852
-2.621742085	4.743523301
-1.766625796	6.660169628
-1.714743186	6.660169628
-1.74544185	6.637882948
-1.642467314	6.615596245
-1.782109436	6.682455796
-0.730934664	8.799681265
-0.685260305	8.799681265
-0.695448796	8.755108417
-0.713706218	8.732821737
-0.713810041	8.799681265
0.137735306	10.93919344
0.177710784	10.93919344
0.121647919	10.91690729
0.149325501	10.93919344
0.158828258	10.98376682
0.813997707	13.23471137
0.781553838	13.2569986
0.860379995	13.21242522
0.827393548	13.2569986
0.788503377	13.21242522
1.488623504	15.53023037
1.426175335	15.50794315
1.491974419	15.53023037
1.377114867	15.53023037
1.482272645	15.50794315
2.066004999	17.9594674
2.100255202	17.9594674
2.013779875	17.9594674
2.114427364	17.91489506
2.049609374	17.91489506
2.59942095	19.94297379
2.588468667	19.96525996
2.57303243	19.96525996
2.586957683	19.96525996
2.575072826	19.94297379
3.119352958	22.08248543
3.069915502	22.12705774
3.175780491	22.08248543
3.032700629	22.08248543
3.132145969	22.06019926
3.594493783	24.42257674
3.70664116	24.44486291
3.653126425	24.40029059
3.658475121	24.42257674
3.590161773	24.40029059
3.622519854	23.12995403
3.66986999	23.12995403
3.629473862	23.19681463
3.743058007	23.15224231
3.611403018	23.15224231
3.750667673	24.71230318
3.872551938	24.73458935
3.800037137	24.71230318
3.845004364	24.73458935
3.76591797	24.73458935
4.171335173	26.47294161
4.20307207	26.47294161
4.12163788	26.47294161
4.170320083	26.47294161
4.15308653	26.4283693
4.621356023	28.90217969
4.75841525	28.87989354
4.658462365	28.90217969
4.727847304	28.87989354
4.629748075	28.90217969
5.19961854	31.01940518
5.178057445	31.06397961
5.174375987	31.06397961
5.187828169	31.04169133
5.178799291	31.01940518
5.753566769	33.11434448
5.705817939	33.15891682
5.724143193	33.13663065
5.64989795	33.15891682
5.726835417	33.13663065
5.764135839	32.28974174
5.627385288	32.33431406
5.721646965	32.28974174
5.672551065	32.33431406
5.732873609	32.31202789
5.699505226	31.79943561
5.748675182	31.82172177
5.684022225	31.82172177
5.759626667	31.79943561
5.717543829	31.86629622
6.224613396	35.40986348
6.167526373	35.40986348
6.203685936	35.36528905
6.256635348	35.45443582
6.133498501	35.36528905
6.70422445	37.59394957
6.7535023	37.66080592
6.672761756	37.63852188
6.760487909	37.59394957
6.68908492	37.6162336
7.163763528	39.844892
7.22885572	39.88946432
7.244105697	39.9117526
7.208779275	39.844892
7.199868186	39.844892
7.766305857	42.25184391
7.722178155	42.22955563
7.724018724	42.22955563
7.769198546	42.22955563
7.786686191	42.2072716
8.227673375	44.41364172
8.151662896	44.36906941
8.226416322	44.34678112
8.13887148	44.39135769
8.268740484	44.34678112
8.135900266	42.80900852
8.24417402	42.8312968
8.218823574	42.8312968
8.208236628	42.8312968
8.162230689	42.8312968
8.658374947	46.62001607
8.681247041	46.59772779
8.733164764	46.57543953
8.664389518	46.53086719
8.688964281	46.59772779
9.176997393	48.89324678
9.131557095	48.84867447
9.178304242	48.80409791
9.079875588	48.82638619
9.182602735	48.84867447
9.633910642	50.98818399
9.654419937	50.96589996
9.579501798	50.98818399
9.655458011	50.94361168
9.643008151	50.96589996
10.14833227	53.26141471
10.05497588	53.26141471
10.11863481	53.23913068
10.08442116	53.2168424
10.12105316	53.19455834
10.12949181	51.74593038
10.12914834	51.74593038
10.21539719	51.67906979
10.05415423	51.70135382
10.13915369	51.67906979
10.18893525	51.38934335
10.1238405	51.34477103
10.14457069	51.41163163
10.09372424	51.38934335
10.17113542	51.38934335
10.39185693	54.19745463
10.43541835	54.15287807
10.34709144	54.15287807
10.45892503	54.15287807
10.38959883	54.13059403
10.65131147	55.7575155
10.64257723	55.7575155
10.70857534	55.7575155
10.60090553	55.77979955
10.66390498	55.7575155
10.69487162	54.28659926
10.74786508	54.3311716
10.63354803	54.30888754
10.71938382	54.28659926
10.69034074	54.28659926
11.09140231	57.76330806
11.13559897	57.74101978
11.06674647	57.74101978
11.18631518	57.74101978
11.05311745	57.76330806
11.15876729	54.90588599
11.1633486	54.88360193
11.12659084	54.86131365
11.1469501	54.83902962
11.13381522	54.86131365
11.1920929	54.61616377
11.14541789	54.61616377
11.14940675	54.63844783
11.15513211	54.63844783
11.17009544	54.61616377
11.29471662	56.6888127
11.23091531	56.6888127
11.28494621	56.71110098
11.25815421	56.66652867
11.30079439	56.66652867
11.42031458	58.4271671
11.37130806	58.40488307
11.46780804	58.44945538
11.3268139	58.40488307
11.44852005	58.4271671
11.65191862	59.98722797
11.59918628	59.98722797
11.64274961	60.05408857
11.51673285	59.98722797
11.64906233	59.98722797
11.63520092	58.73918182
11.69703333	58.71689354
11.60957723	58.69460526
11.7017104	58.73918182
11.62197154	58.71689354
12.02069266	62.0821694
12.0727968	62.03759284
12.0626957	62.05988112
12.06003731	62.03759284
12.0527925	62.05988112
12.44765755	64.33311184
12.54199201	64.35540012
12.51899223	64.35540012
12.5977492	64.35540012
12.45568379	64.35540012
13.01955309	66.22747149
13.0046319	66.20518745
13.01401414	66.22747149
12.93575514	66.22747149
13.02193568	66.20518745
12.9711901	64.44454477
13.11543763	64.44454477
13.01703005	64.44454477
13.08708916	64.42226074
12.95109769	64.39997246
13.1524929	67.00750193
13.30984213	67.00750193
13.20558915	66.9852179
13.29106359	66.9852179
13.16663266	66.9852179
13.6089184	68.90186156
13.58205489	68.90186156
13.61634196	68.87957752
13.52435179	68.85728924
13.6036029	68.85728924
14.03249072	70.95222645
14.05723594	70.90765411
14.05226902	70.97451473
14.05470907	70.90765411
14.0073369	70.9299424
14.59940401	73.24774968
14.68598675	73.29231776
14.52843706	73.20317311
14.64778871	73.22546139
14.61485254	73.24774968
15.05000327	75.27582204
15.15197963	75.25354223
15.11522442	75.23125395
15.09018425	75.25354223
15.07058854	75.20896567
15.75942632	77.8387792
15.70503663	77.81649939
15.72837988	77.81649939
15.7520551	77.81649939
15.80344421	77.81649939
16.28841099	79.66628248
16.2043066	79.64399419
16.26137128	79.66628248
16.18046538	79.64399419
16.29062886	79.64399419
16.7511709	81.98408551
16.82596072	81.93951744
16.72121871	81.91722916
16.83452834	81.93951744
16.74438576	81.91722916
17.34001015	84.21274391
17.36724011	84.19045563
17.33201966	84.16817582
17.39262503	84.16817582
17.36834458	84.12359926
17.87729302	86.55283522
17.96903038	86.50826716
17.97424628	86.50826716
17.91663894	86.50826716
17.92695201	86.46369059
17.98343445	84.27960875
18.02259395	84.25732047
17.91952461	84.23503219
18.0277026	84.21274391
17.96402004	84.23503219
18.23737175	86.88713398
18.1679217	86.84256591
18.23407878	86.84256591
18.21998626	86.84256591
18.24563038	86.8648457
18.61396646	88.44719487
18.6601869	88.42490659
18.58484805	88.3803385
18.66570031	88.44719487
18.62595857	88.40262678
18.63687685	86.26311303
18.72061223	86.3076811
18.60077156	86.26311303
18.67479654	86.28540131
18.63969868	86.28540131
18.58599848	86.26311303
18.71622883	86.19624819
18.63143112	86.19624819
18.72241641	86.21853647
18.59227289	86.21853647
18.96471147	89.22722529
18.86670098	89.18265723
18.89934731	89.13808066
18.85014032	89.13808066
18.93360884	89.13808066
19.26136301	90.80957446
19.24423799	90.80957446
19.21485144	90.80957446
19.21215986	90.80957446
19.2417839	90.7649979
19.97500986	92.85994359
19.85218392	92.79307874
19.93009945	92.79307874
19.79760909	92.79307874
19.9617077	92.77079046
19.93856492	90.6089969
19.96412604	90.58670862
19.8405008	90.6089969
19.955229	90.58670862
19.89947309	90.58670862
20.28265885	93.66225382
20.33594025	93.63997401
20.25751143	93.63997401
20.29122903	93.66225382
20.33461105	93.61768573
20.8272159	95.28917953
20.6809982	95.26689125
20.8189892	95.28917953
20.76737664	95.22231468
20.75997861	95.22231468
20.84765816	93.66225382
20.74586822	93.6845421
20.82498909	93.66225382
20.83372269	93.66225382
20.81273905	93.66225382
21.27229409	96.49265338
21.26856826	96.51494166
21.2454906	96.44807682
21.27151266	96.44807682
21.33127148	96.4703651
21.35527486	93.61768573
21.25825903	93.59539745
21.35765617	93.59539745
21.33856481	93.57310916
21.34201101	93.61768573
21.35057097	92.68164581
21.32540439	92.65935753
21.33719348	92.63707774
21.29839787	92.63707774
21.43842544	92.65935753
21.28956978	90.33933161
21.39049275	90.33933161
21.3544232	90.31704333
21.38390424	90.36161141
21.29289851	90.36161141
21.29663838	90.09417748
21.37569413	90.11646576
21.33656783	90.11646576
21.35789494	90.11646576
21.33143619	90.0718892
21.34175819	89.06899293
21.37029436	89.06899293
21.29813484	89.04670465
21.3988433	89.06899293
21.32469063	89.02441637
21.31125952	89.02441637
21.3876556	89.02441637
21.30505278	89.02441637
21.39569844	89.04670465
21.34181437	89.02441637
21.10280081	85.34713001
21.23476256	85.36941829
21.20261548	85.41399485
21.14365086	85.43628313
21.17997577	85.39170657
20.86528243	80.06521469
20.83154185	80.06521469
20.85097923	80.08750297
20.87319375	80.06521469
20.8870807	80.08750297
20.64525935	75.25131087
20.52333998	75.25131087
20.54211851	75.27359915
20.52044665	75.27359915
20.58964772	75.27359915
20.44534528	73.00036419
20.29720082	73.02265247
20.48008053	73.02265247
20.3724286	73.02265247
20.41007504	73.00036419
20.45541702	73.35695123
20.33329463	73.37923951
20.43086843	73.37923951
20.29770134	73.37923951
20.43990848	73.40152779
20.28672815	74.13698167
20.43503605	74.11469339
20.35859017	74.13698167
20.3884517	74.15926995
20.35970613	74.18155823
20.12175745	71.06143223
20.23230782	71.01685991
20.15922769	71.03914395
20.20906799	71.06143223
20.11455606	71.03914395
19.81389778	66.71554836
19.89014702	66.69326007
19.85167829	66.71554836
19.84514468	66.69326007
19.83622593	66.71554836
19.86542606	67.07213539
19.83232645	67.09441943
19.83480098	67.11670771
19.87532543	67.09441943
19.83618635	67.09441943
19.49264274	62.3473762
19.46079444	62.30280389
19.59712427	62.32509217
19.40414729	62.3473762
19.57509234	62.3473762
19.12528344	57.93463596
19.22584506	57.95691999
19.02876941	58.02378061
19.17889809	58.02378061
19.10070038	57.97920828
18.9185689	55.63911696
18.91739293	55.63911696
18.94890542	55.6836893
18.93261546	55.6836893
18.96302859	55.66140102
18.87999292	56.55509574
18.94877774	56.59966805
18.85114647	56.53280745
18.91609821	56.55509574
18.90330552	56.57737977
18.87296262	57.13454437
18.90244237	57.06768802
18.86160765	57.08997205
18.92871725	57.13454437
18.90240662	57.08997205
18.79700194	55.0841795
18.74644788	55.10646778
18.79556676	55.15104009
18.77461632	55.12875181
18.78504941	55.10646778
18.53713241	51.34003254
18.51927959	51.3846091
18.50718789	51.3846091
18.47482246	51.36232082
18.54768935	51.36232082
18.33856541	49.33423998
18.34622647	49.26738364
18.40389382	49.33423998
18.2670341	49.33423998
18.37752445	49.33423998
17.86368059	44.63177332
17.92631869	44.63177332
17.806049	44.65405736
17.93941783	44.63177332
17.90580621	44.65405736
17.81596113	45.01064439
17.94643408	45.01064439
17.85870984	45.05521671
17.92592159	45.03293268
17.88057834	45.03293268
17.89565147	45.30037083
17.87898739	45.32265487
17.95137419	45.32265487
17.82058969	45.30037083
17.9038769	45.30037083
17.83787559	45.30037083
17.94442305	45.36723143
17.79029147	45.34494315
17.96852858	45.30037083
17.87143614	45.32265487
17.49640812	39.95159067
17.45843481	39.97387473
17.4267908	40.01845127
17.42749434	39.99616299
17.4611813	40.04073533
17.0161644	35.71713974
17.01252667	35.6725674
16.99130936	35.71713974
17.02519423	35.73942377
17.06858903	35.69485145
16.51726088	31.25982293
16.51172832	31.25982293
16.54769954	31.23753465
16.4742785	31.25982293
16.54394052	31.2821091
16.41046954	32.32957768
16.50873412	32.30729154
16.47645552	32.32957768
16.50860643	32.28500537
16.47938332	32.28500537
16.01617141	27.40424306
16.11748509	27.24823782
15.95111241	27.33738245
16.13399084	27.33738245
16.00938371	27.33738245
15.45635864	22.47890842
15.44065346	22.43433397
15.45750652	22.50119457
15.43994482	22.45662225
15.48043352	22.43433397
15.45801342	22.85777949
15.4104408	22.90235394
15.44930918	22.83549335
15.4442465	22.85777949
15.45888168	22.83549335
15.37942245	23.21436442
15.47386799	23.1697921
15.43903953	23.21436442
15.42138335	23.2366527
15.42560714	23.21436442
14.86332496	18.13302455
14.84310615	18.17759687
14.92814263	18.13302455
14.8364972	18.11073838
14.86634725	18.13302455
14.12973893	13.4528419
14.17235996	13.47512807
14.17152235	13.47512807
14.1762339	13.47512807
14.16238781	13.51970145
13.49462433	9.329823876
13.48228747	9.374397258
13.41331623	9.352110045
13.4715173	9.396683405
13.48905091	9.352110045
13.4251781	10.10985432
13.45149767	10.13214047
13.49032903	10.10985432
13.44136337	10.17671385
13.48479136	10.10985432
12.97121691	6.766866718
12.98860113	6.811439566
12.95133136	6.811439566
13.00794531	6.789152886
12.93673448	6.811439566
12.49758595	4.605067866
12.53859944	4.582781164
12.52646559	4.605067866
12.56660572	4.605067866
12.47542251	4.605067866
12.01296521	2.198116735
11.89344246	2.175830188
11.9792093	2.198116735
11.93992083	2.198116735
11.98845237	2.198116735
11.90373382	3.089580091
11.96670901	3.089580091
11.93603285	3.045006976
11.89705082	3.067293411
11.92105675	3.067293411
11.88720891	3.245864799
11.91765269	3.201291684
11.95821289	3.268151479
11.90466208	3.245864799
11.86285951	3.245864799
10.71069937	0.482328343
10.69211619	0.437755205
10.71069937	0.482328343
10.70140778	0.460041796
10.71069937	0.482328343
7.783840746	-6.537945731
7.726781175	-6.560232434
7.82461482	-6.515659051
7.680776512	-6.560232434
7.79324725	-6.537945731
7.804147661	-6.114500744
7.737124882	-6.203646975
7.745779325	-6.159073593
7.796164837	-6.159073593
7.772107833	-6.136786913
6.692375983	-7.629988252
6.770638175	-7.629988252
6.759377694	-7.629988252
6.779272827	-7.674561613
6.735537754	-7.629988252
5.927541131	-8.788890814
5.94094607	-8.766604134
5.967642308	-8.766604134
6.01174192	-8.722030751
5.948599468	-8.722030751
5.694983924	-9.12318957
5.617586155	-9.12318957
5.663082634	-9.12318957
5.647937996	-9.100902356
5.672983915	-9.12318957
5.649103754	-8.476878227
5.661240787	-8.499164907
5.62643021	-8.476878227
5.614854349	-8.476878227
5.650284834	-8.476878227
4.53775535	-10.92840245
4.560137454	-10.95068969
4.493730433	-10.90611631
4.580244224	-10.92840245
4.546489277	-10.92840245
3.51437155	-13.17934807
3.510347898	-13.17934807
3.511310957	-13.15706085
3.569796123	-13.17934807
3.506984054	-13.17934807
3.517348829	-12.7336164
3.553147364	-12.75590255
3.498751926	-12.75590255
3.520370479	-12.7336164
3.533509196	-12.75590255
2.714367965	-15.38571926
2.593630625	-15.38571926
2.644549538	-15.40800647
2.626409426	-15.40800647
2.719916169	-15.38571926
1.922591242	-17.63666487
1.953159986	-17.63666487
1.974981876	-17.63666487
1.946101916	-17.63666487
1.956471639	-17.61437766
1.27615144	-19.84303711
1.215665859	-19.93218176
1.285154701	-19.90989559
1.191417808	-19.88760942
1.264804852	-19.88760942
1.219110303	-18.52812823
1.242520666	-18.57270054
1.132496519	-18.5504144
1.274638221	-18.59498671
1.202519082	-18.5504144
0.936274042	-20.17733586
0.99433785	-20.15504758
0.963643656	-20.17733586
0.992319959	-20.15504758
0.918945444	-20.15504758
0.560131861	-22.02712106
0.552842922	-21.98254874
0.582639256	-22.02712106
0.526186585	-22.00483491
0.552842922	-21.98254874
0.548938694	-21.22480447
0.527369181	-21.18023215
0.585814685	-21.18023215
0.539289151	-21.18023215
0.570695225	-21.18023215
0.021988106	-24.25577946
-0.045608098	-24.30035391
-0.028852321	-24.27806563
-0.045013528	-24.25577946
-0.009378975	-24.27806563
-0.564066494	-26.46215169
-0.604041383	-26.46215169
-0.544797572	-26.43986555
-0.578182036	-26.46215169
-0.535125644	-26.3952911
-1.190402159	-29.1811141
-1.263307035	-29.15882793
-1.201346381	-29.15882793
-1.205877738	-29.15882793
-1.182241774	-29.13654179
-1.624369817	-30.9863291
-1.593841133	-30.96404081
-1.59824736	-30.94175465
-1.597700711	-30.96404081
-1.654839447	-30.94175465
-2.136464082	-33.25955981
-2.076851463	-33.25955981
-2.173162632	-33.30413213
-2.066732161	-33.28184598
-2.121853803	-33.25955981
-2.522751461	-35.35449914
-2.567363885	-35.28763854
-2.518588154	-35.33221297
-2.631303247	-35.30992469
-2.553893189	-35.30992469
-3.071538689	-37.78373508
-3.010111357	-37.76145105
-3.114558731	-37.76145105
-3.06972238	-37.76145105
-3.062295621	-37.78373508
-3.502627465	-39.78952764
-3.557174528	-39.81181592
-3.537562215	-39.78952764
-3.503847169	-39.7672436
-3.50639926	-39.74495532
-3.946664389	-42.10733492
-4.00956456	-42.15190723
-3.971950673	-42.15190723
-4.005235742	-42.12961895
-3.917706222	-42.15190723
-4.479286782	-44.35827735
-4.49073847	-44.33599332
-4.443552728	-44.33599332
-4.466733178	-44.33599332
-4.447160129	-44.29141676
-4.476268963	-43.11023121
-4.433778812	-43.11023121
-4.564392854	-43.13251524
-4.472574417	-43.11023121
-4.48579964	-43.13251524
-4.646236271	-44.80400904
-4.689285042	-44.75943673
-4.660582882	-44.75943673
-4.663974816	-44.73714845
-4.595461323	-44.73714845
-4.912693986	-46.49779113
-4.984886703	-46.49779113
-4.953533498	-46.47550284
-4.926024548	-46.45321879
-4.88502192	-46.47550284
-5.286682331	-48.52586772
-5.392439746	-48.548156
-5.359661903	-48.57044428
-5.321908521	-48.548156
-5.317621201	-48.50358368
-5.84361167	-50.91053559
-5.86389624	-50.93281963
-5.786219481	-50.88824731
-5.842975802	-50.88824731
-5.862448939	-50.88824731
-6.312033746	-53.20605034
-6.255977136	-53.18376631
-6.32962737	-53.22833863
-6.299772221	-53.20605034
-6.271769133	-53.18376631
-6.779894012	-55.32327583
-6.792486878	-55.32327583
-6.769814611	-55.32327583
-6.776913221	-55.30099178
-6.79970998	-55.32327583
-6.840896475	-52.47310359
-6.897957961	-52.49538762
-6.831588287	-52.51767591
-6.845936175	-52.47310359
-6.786997091	-52.47310359
-7.099841563	-55.90523582
-7.08640981	-55.90523582
-7.149170486	-55.92752411
-7.104081321	-55.88295179
-7.130370246	-55.92752411
-7.38206478	-57.93331666
-7.418332874	-57.93331666
-7.356573243	-57.91102838
-7.411616678	-57.93331666
-7.326347809	-57.91102838
-7.770829075	-59.98368154
-7.690562877	-59.98368154
-7.796258046	-59.93910922
-7.766705509	-59.93910922
-7.711585463	-59.96139325
-8.265726496	-62.21233994
-8.212272091	-62.14547934
-8.235743662	-62.1677676
-8.133210596	-62.12319529
-8.214455493	-62.14547934
-8.675529337	-64.41871004
-8.616366166	-64.35185369
-8.67643398	-64.37413772
-8.704183614	-64.35185369
-8.658878024	-64.32956541
-9.137795113	-66.46907916
-9.129609909	-66.44679088
-9.15831143	-66.44679088
-9.145692389	-66.46907916
-9.152346657	-66.40221856
-9.16663964	-64.73072476
-9.170966224	-64.75300881
-9.124490406	-64.73072476
-9.212065893	-64.7752971
-9.182591882	-64.73072476
-9.451888338	-67.18224901
-9.348111626	-67.18224901
-9.426233365	-67.15996072
-9.345130197	-67.15996072
-9.443397969	-67.13767669
-9.68389714	-69.09889269
-9.763858811	-69.07660865
-9.662333173	-69.03203632
-9.726489439	-69.03203632
-9.662977341	-69.05432037
-10.16664412	-71.06011293
-10.11730945	-71.03782887
-10.12539953	-71.01554059
-10.18254018	-70.99325231
-10.11704834	-70.99325231
-10.62713892	-73.26648303
-10.6704654	-73.26648303
-10.63430073	-73.19962668
-10.65780869	-73.19962668
-10.59144157	-73.22191496
-10.71771115	-71.14926181
-10.66472727	-71.10468524
-10.68430063	-71.14926181
-10.60393421	-71.10468524
-10.736897	-71.12697353
-11.2446733	-75.42828508
-11.22263499	-75.45057336
-11.21263603	-75.4059968
-11.19304159	-75.47285315
-11.21132726	-75.38370852
-11.78729465	-77.52322227
-11.71680524	-77.50093399
-11.72394663	-77.54551055
-11.71966282	-77.50093399
-11.69480651	-77.50093399
-12.29236149	-79.88560186
-12.17750178	-79.88560186
-12.24346478	-79.90789015
-12.17321669	-79.8410253
-12.2565039	-79.8410253
-12.75662297	-82.24798146
-12.71576144	-82.18111664
-12.79266571	-82.18111664
-12.75085037	-82.18111664
-12.78380441	-82.15882836
-13.34782055	-84.29834211
-13.30865977	-84.32063039
-13.27111292	-84.27605382
-13.30047393	-84.29834211
-13.35927639	-84.27605382
-13.32064677	-81.26736498
-13.36662462	-81.28965326
-13.32766558	-81.28965326
-13.41330346	-81.28965326
-13.36162706	-81.26736498
-13.64012189	-84.4320633
-13.68633851	-84.40977502
-13.65594964	-84.40977502
-13.71353017	-84.40977502
-13.68462754	-84.4320633
-14.03234771	-86.41556757
-14.05845277	-86.37099951
-14.00435037	-86.39327929
-14.07780078	-86.34871123
-14.06096687	-86.37099951
-14.60071405	-88.77794717
-14.55579471	-88.73337061
-14.63447123	-88.77794717
-14.56040922	-88.77794717
-14.60298045	-88.73337061
-14.64331082	-86.01441247
-14.60660158	-85.96983591
-14.60657093	-85.99212419
-14.68931548	-86.01441247
-14.59204556	-86.03670075
-14.84771172	-89.0231013
-14.8160575	-88.97852473
-14.83620353	-88.97852473
-14.88775608	-88.97852473
-14.86954702	-89.0231013
-15.09908896	-91.00660557
-15.17505347	-90.96202901
-15.15584719	-91.00660557
-15.16703106	-90.93974922
-15.1327823	-90.93974922
-15.25699744	-88.8893801
-15.2163619	-88.8893801
-15.1814645	-88.86709182
-15.18466427	-88.86709182
-15.17391197	-88.86709182
-15.37516673	-91.22947142
-15.48676538	-91.27404798
-15.4310465	-91.2517597
-15.47104744	-91.22947142
-15.40933122	-91.18489485
-15.87034697	-93.0792545
-15.92042604	-93.05697469
-15.84032455	-93.05697469
-15.91820305	-93.0792545
-15.9024915	-93.03468641
-16.45260409	-95.04047897
-16.49743916	-95.04047897
-16.42372445	-95.04047897
-16.45985273	-95.01819069
-16.49596696	-95.01819069
-16.46603137	-92.65581109
-16.55519717	-92.65581109
-16.50313772	-92.65581109
-16.52358764	-92.67809937
-16.47846144	-92.65581109
-17.32259911	-97.06855981
-17.35805322	-97.04627153
-17.33109523	-97.00169496
-17.35662316	-97.00169496
-17.3348849	-97.04627153
-17.33837962	-95.19647997
-17.36417313	-95.24105653
-17.42599916	-95.21876825
-17.3804631	-95.24105653
-17.39577245	-95.21876825
-18.05835067	-99.07435237
-18.03231456	-99.07435237
-18.11400571	-99.0297758
-18.06329078	-99.0297758
-18.09103147	-99.00748752
-18.55922819	-100.612125
-18.53730989	-100.5675484
-18.5302515	-100.5675484
-18.48600378	-100.5229803
-18.5482933	-100.5229803
-18.55460218	-98.38346657
-18.57888519	-98.42803464
-18.55661832	-98.38346657
-18.5215562	-98.4726112
-18.58509448	-98.42803464
-18.62309333	-97.04627153
-18.53450339	-97.00169496
-18.60311456	-97.04627153
-18.582325	-97.02398325
-18.57309215	-97.02398325
-18.58937445	-95.19341712
-18.58382912	-95.19341712
-18.60470168	-95.17112884
-18.59119013	-95.21570541
-18.64209531	-95.19341712
-18.53849608	-92.83103753
-18.56015007	-92.83103753
-18.59746326	-92.80875774
-18.556294	-92.83103753
-18.59692571	-92.83103753
-18.36395799	-88.79717263
-18.3549205	-88.77488435
-18.33793465	-88.79717263
-18.35593303	-88.77488435
-18.35118828	-88.79717263
-18.31535879	-88.8417407
-18.31212199	-88.86402898
-18.41224437	-88.8417407
-18.33597597	-88.86402898
-18.33865479	-88.86402898
-18.05972583	-84.29527926
-18.15023869	-84.29527926
-18.08252259	-84.31756754
-18.11258459	-84.31756754
-18.06174196	-84.29527926
-18.07741777	-85.29817555
-18.09017471	-85.29817555
-18.00231385	-85.32046383
-18.0639458	-85.32046383
-18.12019202	-85.32046383
-17.70843178	-79.03564375
-17.69284663	-79.01335547
-17.66027053	-79.01335547
-17.69184558	-79.01335547
-17.64986425	-79.01335547
-17.3919815	-75.53665517
-17.40786288	-75.58122324
-17.40233031	-75.58122324
-17.42196944	-75.58122324
-17.44047601	-75.55893496
-17.06995908	-71.25762765
-17.12895817	-71.324484
-17.0701838	-71.324484
-17.104144	-71.30220421
-17.14759753	-71.324484
-16.71987803	-66.68887793
-16.70819108	-66.64430562
-16.68645665	-66.68887793
-16.67467394	-66.71116621
-16.74690624	-66.68887793
-16.70682486	-67.17918194
-16.68999862	-67.20147022
-16.68684226	-67.17918194
-16.75102151	-67.15689788
-16.69641475	-67.17918194
-16.33962261	-62.6995811
-16.32554797	-62.67729282
-16.31447902	-62.67729282
-16.3831119	-62.6995811
-16.32611617	-62.74415341
-16.30782666	-63.88077089
-16.34821577	-63.92534321
-16.27974122	-63.90305493
-16.3424189	-63.88077089
-16.33901356	-63.90305493
-15.8541566	-57.26165206
-15.82574811	-57.28394034
-15.87020141	-57.30622862
-15.82940371	-57.30622862
-15.82684747	-57.32851265
-15.68528769	-55.41186897
-15.67098194	-55.43415303
-15.62106503	-55.45644131
-15.67685797	-55.43415303
-15.61879353	-55.41186897
-15.64242917	-56.4158767
-15.66440237	-56.43816498
-15.68089407	-56.4158767
-15.5855075	-56.4158767
-15.67683244	-56.43816498
-15.40295467	-53.69691431
-15.46397245	-53.652342
-15.46458661	-53.69691431
-15.43119716	-53.67462603
-15.45289201	-53.652342
-15.1226531	-49.48475163
-15.04985388	-49.44017507
-15.05591633	-49.52932395
-15.05579248	-49.50703567
-15.03832399	-49.50703567
-14.56198101	-44.44798197
-14.49208534	-44.47027025
-14.56600307	-44.44798197
-14.5626156	-44.47027025
-14.53910381	-44.47027025
-14.57267713	-44.89371364
-14.51037101	-44.89371364
-14.56038496	-44.91600192
-14.49338389	-44.91600192
-14.55063626	-44.91600192
-14.0883475	-39.87923225
-14.04099449	-39.87923225
-14.10328784	-39.87923225
-14.11077908	-39.92380457
-14.05811824	-39.87923225
-13.62562717	-35.62249301
-13.65974953	-35.60020898
-13.55046962	-35.5779207
-13.64991783	-35.55563453
-13.64946966	-35.62249301
-13.53801657	-37.04883694
-13.57026069	-37.04883694
-13.6450786	-37.09340925
-13.56625906	-37.02654865
-13.60489123	-37.02654865
-13.05428195	-31.16517834
-13.08787187	-31.16517834
-13.11858761	-31.16517834
-13.06670819	-31.16517834
-13.10478876	-31.18746449
-12.53822277	-26.28441602
-12.53406281	-26.26212987
-12.48640975	-26.2398437
-12.51750982	-26.21755542
-12.43532452	-26.26212987
-11.99086816	-22.45112443
-12.01819899	-22.47341058
-11.98495254	-22.47341058
-12.00825493	-22.49569675
-12.04707863	-22.47341058
-12.06656198	-23.09743366
-12.00513305	-23.07514751
-12.00109695	-23.07514751
-11.97521278	-23.09743366
-11.99280385	-23.11972194
-11.38106697	-18.01609379
-11.37061984	-18.03837996
-11.38547719	-17.99380763
-11.37935473	-18.03837996
-11.4384598	-18.03837996
-10.67868189	-13.73706945
-10.73913531	-13.73706945
-10.69464115	-13.73706945
-10.71068213	-13.78164283
-10.66576087	-13.73706945
-9.87666855	-9.212893119
-9.854009051	-9.212893119
-9.943098874	-9.257466501
-9.884690956	-9.235179287
-9.9264399	-9.27975267
-9.424100398	-6.984234205
-9.409486927	-6.984234205
-9.469596877	-6.984234205
-9.432327099	-6.984234205
-9.433161516	-6.984234205
-9.406672765	-7.474539254
-9.453527804	-7.474539254
-9.441138594	-7.452252574
-9.375568863	-7.496825957
-9.522036829	-7.474539254
-9.369232528	-6.672222129
-9.258906249	-6.672222129
-9.353988297	-6.649935426
-9.37859945	-6.694508809
-9.273846592	-6.672222129
-6.015503501	-0.075393397
-5.938447926	0.080612696
-5.938447926	0.080612696
-5.960463895	0.036039514
-5.949455591	0.058326105
-6.323725162	-0.699417771
-6.312716858	-0.677131136
-6.345741131	-0.743990954
-6.334732827	-0.721704318
-6.345741131	-0.743990954
-4.342300016	3.312167277
-4.366926491	3.15616125
-4.411147084	3.200734366
-4.390032566	3.223021046
-4.386230127	3.267594162
-4.319693825	2.553866217
-4.344101641	2.487006688
-4.405968527	2.531579803
-4.34535199	2.531579803
-4.344028223	2.553866217
-4.104464019	3.333896662
-4.043663936	3.445329573
-4.050727752	3.333896662
-4.161658936	3.289323546
-4.064357415	3.356183342
-4.285148512	1.862982269
-4.318065531	1.862982269
-4.262948996	1.840695723
-4.356682697	1.862982269
-4.304291903	1.862982269
-4.320071451	1.862982269
-4.282600571	1.840695723
-4.28540803	1.81840902
-4.356612151	1.81840902
-4.30929681	1.840695723
-4.343338727	1.706976109
-4.387963441	1.68468954
-4.378295504	1.729262789
-4.354949702	1.729262789
-4.383464803	1.706976109
-4.360902026	1.662402994
-4.402870586	1.662402994
-4.392164256	1.68468954
-4.379537872	1.662402994
-4.3442721	1.662402994
-4.529477256	1.550970082
-4.426445901	1.484110264
-4.477489625	1.484110264
-4.432757656	1.550970082
-4.479873172	1.506396967
-4.688497868	1.149811508
-4.799156446	1.149811508
-4.730678704	1.172098189
-4.70525867	1.127524962
-4.753516322	1.172098189
-3.887547823	3.445329573
-3.982866725	3.400756458
-3.935750252	3.445329573
-3.936718099	3.42304316
-3.921777437	3.42304316
-3.877689636	3.579049187
-3.879000315	3.556762507
-3.890482328	3.601335889
-3.869935367	3.556762507
-3.919835678	3.579049187
-3.250354841	3.516089525
-3.229102742	3.449229974
-3.218988867	3.426943294
-3.197894778	3.471516409
-3.177131711	3.516089525
-2.185486723	3.939534779
-2.152239959	3.939534779
-2.154678411	4.006394575
-2.11908832	3.894961663
-2.072032976	3.872674961
-3.025226308	1.733162923
-3.09341261	1.621730012
-3.06198854	1.733162923
-3.103639805	1.733162923
-3.045102607	1.666303128
-3.179306175	1.599443443
-3.177470713	1.488010532
-3.165840586	1.577156763
-3.18017762	1.621730012
-3.180742624	1.666303128
-3.151559094	1.577156763
-3.148902622	1.599443443
-3.159915076	1.554870194
-3.189845239	1.577156763
-3.226951262	1.577156763
-3.00754969	2.401760324
-3.008895163	2.401760324
-2.969428258	2.401760324
-2.97172083	2.357187208
-3.008187792	2.379473888
-2.193586697	4.474412677
-2.208302954	4.541272228
-2.166811933	4.652705139
-2.204535309	4.608132291
-2.213940536	4.608132291
-1.490293934	6.792217311
-1.49557384	6.72535776
-1.441529375	6.747644462
-1.4515178	6.680784377
-1.434249772	6.70307108
-0.94404874	7.884259809
-0.917790938	7.839686961
-0.878358587	7.861973663
-0.907272064	7.884259809
-0.884929781	7.884259809
-0.88107962	7.28252236
-0.855749922	7.304809063
-0.867175196	7.304809063
-0.852199899	7.28252236
-0.873360703	7.28252236
-0.370811679	8.909443313
-0.395867653	8.931729482
-0.407622751	8.931729482
-0.418870024	8.931729482
-0.460690431	8.820296548
0.381478907	10.9820954
0.343796509	11.02666878
0.33234939	11.04895495
0.369689134	11.00438157
0.384266455	11.02666878
1.077865903	13.2998995
1.052302384	13.32218674
1.059052416	13.2998995
1.068116247	13.2998995
1.06442226	13.2998995
1.65626185	15.48398559
1.654642813	15.4394122
1.663507457	15.46169837
1.68365317	15.46169837
1.721939155	15.46169837
2.251062041	17.60121106
2.289548331	17.57892384
2.2675488	17.57892384
2.267349134	17.60121106
2.245562517	17.57892384
2.907786096	19.87444177
2.852122434	19.80758329
2.835071788	19.87444177
2.839438592	19.87444177
2.807229583	19.85215563
3.316449674	22.08081401
3.355443828	22.05852786
3.32299988	22.08081401
3.366765597	22.12538634
3.383945843	22.08081401
3.361753668	21.03334542
3.428116958	21.01105714
3.411122174	21.03334542
3.430100215	21.03334542
3.39281703	21.03334542
3.55642119	22.70483923
3.586572886	22.63797861
3.627112659	22.59340629
3.610756297	22.63797861
3.609987318	22.59340629
4.000430024	24.44319149
4.004432927	24.46547766
3.963488714	24.44319149
3.969675977	24.46547766
3.963854529	24.42090534
4.515601481	26.73871049
4.491637368	26.82785725
4.488940675	26.71642434
4.506882238	26.73871049
4.492669057	26.69413606
5.448830252	30.81715409
5.467444072	30.83944237
5.472648486	30.83944237
5.521577757	30.79486792
5.519177292	30.70572118
6.017348539	33.29096662
6.039273215	33.224106
6.023789575	33.24639217
6.03859968	33.224106
6.072190234	33.224106
6.534355139	35.3859038
6.536174641	35.40819208
6.511483685	35.40819208
6.527332501	35.36361763
6.559701116	35.27447089
7.030427256	37.79285571
7.066257393	37.7482834
7.108747544	37.7482834
7.081541845	37.7482834
7.083123854	37.70371108
7.529943019	39.79864827
7.538297405	39.82093655
7.576749539	39.82093655
7.594747921	39.79864827
7.587159642	39.82093655
7.606245895	38.43916497
7.554693349	38.43916497
7.516370175	38.46145325
7.502467906	38.43916497
7.536421722	38.41688091
7.702593933	40.17751936
7.757639284	40.19980764
7.772344049	40.13294703
7.802169192	40.17751936
7.821491661	40.17751936
8.180155653	42.31703311
8.119195964	42.31703311
8.145456161	42.2724608
8.089336346	42.29474483
8.038290707	42.29474483
8.497401404	44.16682042
8.500623518	44.14453214
8.552047103	44.12224386
8.554725281	44.12224386
8.574740438	44.09995983
8.487819972	42.2724608
8.455883569	42.29474483
8.490168725	42.2724608
8.543067064	42.2724608
8.532820397	42.2724608
8.746766337	45.01370724
8.771929087	45.03599552
8.740557686	45.01370724
8.790742734	45.03599552
8.818442571	45.03599552
9.079434439	46.68520102
9.087518133	46.66291699
9.098200842	46.7074893
9.124328247	46.6406287
9.107334102	46.66291699
9.578056411	48.98072002
9.552396331	48.95843598
9.498351387	48.9361477
9.506048836	48.95843598
9.49338319	48.89157539
10.08410195	51.12023379
10.03116914	51.14251782
9.999433198	51.14251782
9.966242935	51.09794551
9.978397205	51.05337319
10.50144774	53.39346451
10.51454879	53.39346451
10.51573051	53.39346451
10.47955244	53.32660389
10.46928789	53.34889217
10.96045182	55.77812814
10.95182547	55.82270045
11.01754842	55.77812814
11.01287518	55.7558441
11.05539661	55.73355582
11.02211952	52.51815952
11.00647308	52.54044355
10.99116501	52.56273183
10.95042094	52.51815952
11.00546693	52.54044355
11.25034376	55.97258003
11.1974135	55.99486406
11.23872066	55.99486406
11.25187597	55.95029175
11.29640588	55.92800769
11.45290856	57.73321846
11.50855466	57.68864615
11.50637254	57.68864615
11.56951627	57.68864615
11.58593264	57.71093443
11.92655101	59.89501627
11.92835902	59.91730455
11.9785645	59.91730455
11.97352479	59.91730455
11.97876496	59.89501627
12.42300171	62.27968414
12.45390004	62.27968414
12.42605975	62.25739586
12.39029792	62.25739586
12.38059775	62.23510758
12.97643026	64.2854767
12.90486192	64.30776074
12.92682107	64.21861608
12.89661862	64.1963278
12.90471892	64.2854767
13.39379074	66.31355329
13.43396151	66.29126926
13.39933607	66.31355329
13.46892275	66.26898098
13.41921014	66.26898098
13.45244381	64.61977546
13.44116418	64.64205949
13.36042299	64.61977546
13.36240721	64.64205949
13.4016944	64.64205949
13.64148939	66.93757849
13.69886179	66.98215081
13.71299006	66.95986677
13.72712727	66.93757849
13.64332932	66.93757849
13.9404367	68.80964986
13.95861001	68.7873658
13.91981696	68.7873658
13.98359911	68.80964986
13.95947444	68.76507752
14.43294962	71.0160242
14.43191027	71.03830824
14.43150679	70.97145189
14.42674161	71.0160242
14.51708976	71.0160242
15.01418654	73.40068785
15.0271797	73.35611129
15.06899376	73.35611129
15.04144459	73.35611129
15.00907278	73.33383148
15.60805911	75.40648041
15.5362903	75.45105695
15.49473927	75.38419213
15.43999078	75.38419213
15.46071395	75.33962404
16.07684444	77.63513879
16.07178559	77.65742707
15.99066391	77.65742707
15.9915743	77.61285051
16.02383885	77.59056223
16.62034682	79.9752301
16.63965396	79.9752301
16.69460419	79.95294185
16.66443749	79.90837376
16.67617041	79.93065356
17.27921198	82.07016731
17.21408914	82.04787903
17.24196774	82.04787903
17.22634173	82.04787903
17.22217156	82.02559923
17.79150958	84.38797035
17.81278307	84.29882572
17.83995429	84.321114
17.83323682	84.321114
17.80197331	84.34340228
18.30736319	86.43833947
18.37052991	86.41605119
18.39864727	86.48291603
18.42020166	86.43833947
18.46443917	86.3937629
18.95523857	88.35498739
18.97874525	88.35498739
18.96853689	88.33269911
18.92877471	88.31041083
18.91263031	88.33269911
18.97363277	84.96742323
18.96420328	84.98971151
18.93132329	84.96742323
18.97599876	84.96742323
18.99801409	84.94513495
19.3640327	89.00129663
19.40553904	88.97900834
19.41863946	88.97900834
19.43443911	88.97900834
19.37955018	88.95672006
19.79277113	90.8287999
19.78518668	90.85107971
19.77459654	90.85107971
19.78937345	90.85107971
19.85661074	90.80651162
20.54612907	92.81230418
20.54257945	92.83459246
20.54277736	92.81230418
20.52501519	92.7900159
20.45901772	92.7900159
20.79273858	93.94892166
20.79891978	93.97120147
20.74241819	93.9043451
20.80115936	93.92663338
20.80661787	93.85976853
20.9353109	91.92084082
20.87972225	91.92084082
20.8399256	91.92084082
20.77160938	91.89855254
20.7811308	91.9431291
21.2825165	95.0186743
21.30327925	95.06325086
21.21682419	95.04096258
21.17860444	94.99638602
21.19388953	94.99638602
21.22903209	92.94602539
21.21676928	92.94602539
21.25199994	92.96830518
21.30875435	92.96830518
21.3170168	92.94602539
21.33354554	88.91131204
21.33086544	88.91131204
21.28623083	88.88903225
21.30422539	88.86674397
21.33525906	88.88903225
21.42396136	88.62158984
21.43189056	88.59930156
21.3249128	88.59930156
21.33177456	88.62158984
21.33277943	88.62158984
21.23670464	84.32028254
21.22425542	84.34256232
21.1602728	84.34256232
21.17189846	84.32028254
21.17572388	84.34256232
20.9613419	80.13039964
20.96332484	80.15268792
20.93915164	80.15268792
20.89781001	80.17497621
20.92497996	80.08583158
20.60925748	75.00448533
20.58121545	75.00448533
20.58568951	75.04906189
20.57245503	75.02677361
20.59600385	75.00448533
20.26800325	71.10433314
20.23908402	71.12662143
20.21020438	71.12662143
20.20685778	71.12662143
20.26746953	71.12662143
19.96230399	66.78073755
19.95604873	66.80302159
19.94886138	66.78073755
19.94749388	66.80302159
19.93953787	66.84759815
19.99503714	67.38247447
19.96419755	67.33790216
19.95784908	67.31561387
19.91398952	67.33790216
19.8850754	67.36018619
19.62154645	62.32342075
19.62387669	62.34570478
19.59052299	62.30113247
19.59486808	62.32342075
19.52312226	62.34570478
19.50055023	63.46003398
19.52271495	63.46003398
19.56036267	63.43774995
19.59764905	63.43774995
19.55959784	63.50461055
19.18177226	57.84381569
19.17189205	57.82153163
19.19334685	57.84381569
19.15707939	57.84381569
19.12024885	57.888388
18.94735661	55.77116251
18.93076276	55.74887848
18.9757651	55.74887848
19.04576164	55.77116251
18.99941607	55.77116251
18.97631414	56.4155246
18.94890925	56.43781288
18.90934499	56.39324056
18.85988774	56.46009693
18.90674278	56.46009693
18.64746699	53.22854224
18.64628464	53.22854224
18.68067641	53.25083052
18.72742164	53.20625821
18.77218776	53.25083052
18.34499943	48.88265837
18.39050867	48.88265837
18.40928593	48.90494665
18.43339784	48.83808606
18.38530426	48.88265837
17.96135144	44.6036351
18.01508867	44.6036351
17.98468192	44.6036351
17.97575168	44.62592338
17.96486787	44.6036351
18.03204004	44.96022213
17.93192276	44.98250619
17.88759459	44.98250619
17.88239018	44.98250619
17.89128722	44.98250619
17.87717427	45.22766029
17.93540726	45.24994857
17.96086496	45.29452091
17.99028982	45.27223263
18.00204571	45.27223263
17.44242192	39.94574075
17.47028902	39.94574075
17.51257551	39.96802478
17.53124424	39.94574075
17.53994465	39.96802478
17.15800125	35.68900151
17.09415143	35.71128979
17.07101886	35.68900151
16.99823369	35.73357382
17.04478484	35.71128979
17.05932936	36.82561899
17.01332597	36.82561899
16.99585748	36.82561899
17.02894177	36.82561899
17.080313	36.82561899
16.52543906	31.00881888
16.50697591	31.12025179
16.52575316	31.14254007
16.56937013	31.05339331
16.59486358	31.07567948
16.11128346	26.84122852
16.12702566	26.86351469
16.16535011	26.84122852
16.07516923	26.84122852
16.07449378	26.84122852
15.524634	22.36162557
15.52407729	22.16104589
15.46050327	22.22790649
15.5366376	22.18333206
15.49720868	22.2724788
15.51380126	22.896504
15.48118302	22.80735726
15.48235389	22.80735726
15.53501729	22.85192957
15.4974283	22.8296434
14.84173482	17.90430878
14.86390081	17.90430878
14.90335399	17.90430878
14.92971953	17.90430878
14.96596911	17.92659493
14.27642907	13.335558
14.25661501	13.335558
14.20159967	13.29098569
14.18218527	13.35784521
14.18500964	13.38013138
13.51451627	8.98967413
13.52865603	8.967387961
13.51018649	8.967387961
13.53954495	8.98967413
13.48177545	8.98967413
13.17461932	7.117601697
13.19765102	7.095315017
13.14566945	7.162174568
13.09364064	7.139888399
13.0528072	7.162174568
12.99098245	7.786199231
12.98454333	7.83077208
13.00710898	7.786199231
13.11992446	7.808485911
13.13352029	7.808485911
12.52568161	4.420924947
12.50519339	4.420924947
12.54795614	4.46549833
12.55385644	4.443211627
12.563028	4.487784476
12.11608179	2.481992185
12.06475141	2.43741907
12.04194955	2.41513239
12.00581233	2.43741907
11.96235497	2.41513239
12.0065695	2.97229699
12.09040064	2.950010288
12.06662071	3.016870106
12.10706983	3.039156786
12.027059	2.97229699
12.01091077	3.421093082
12.03591263	3.443379517
11.99109671	3.421093082
12.05141734	3.398806402
12.02299609	3.421093082
11.82718707	2.306763881
11.86399718	2.2844772
11.85577303	2.2844772
11.90974009	2.239904085
11.90459824	2.306763881
10.94862826	0.278684709
10.94862826	0.278684709
10.94862826	0.278684709
10.95913412	0.300971301
10.94862826	0.278684709
7.786574467	-6.429577245
7.807227407	-6.429577245
7.854148204	-6.474150093
7.820466356	-6.407290542
7.787082012	-6.429577245
7.790977023	-6.139851337
7.873936721	-6.139851337
7.809448475	-6.139851337
7.800015158	-6.117564635
7.76293563	-6.139851337
7.657227692	-6.652443089
7.611884435	-6.652443089
7.55932829	-6.652443089
7.551939836	-6.652443089
7.583002879	-6.652443089
6.647424078	-7.699912206
6.670730298	-7.677625525
6.719095843	-7.677625525
6.733609082	-7.722198908
6.720176691	-7.722198908
6.744524815	-6.786162169
6.662833661	-6.74158932
6.644136207	-6.808448849
6.656828667	-6.763876
6.700220908	-6.808448849
5.682908817	-8.881101469
5.66119929	-8.858814789
5.682527041	-8.858814789
5.678363894	-8.881101469
5.668687337	-8.814241407
4.478830949	-11.06518649
4.447728324	-11.04290034
4.493073178	-11.04290034
4.467465767	-10.99832696
4.448322376	-10.99832696
3.366349027	-13.1378386
3.37843371	-13.1378386
3.416885206	-13.1378386
3.400229105	-13.11555243
3.344982332	-13.11555243
2.561562548	-15.41107036
2.544641342	-15.43335653
2.52549795	-15.43335653
2.534561941	-15.43335653
2.596029495	-15.43335653
1.811367501	-17.81802123
1.781406055	-17.77344784
1.758998094	-17.72887553
1.786974688	-17.68430215
1.780159696	-17.72887553
1.133529246	-19.93524669
1.11232878	-19.91296055
1.128450283	-19.91296055
1.133186414	-19.93524669
1.071693483	-19.91296055
0.480768871	-22.20847955
0.520566719	-22.20847955
0.534973501	-22.18619127
0.50276916	-22.20847955
0.518581427	-22.11933278
0.480823336	-21.09415035
0.435860578	-21.11643651
0.398537373	-21.09415035
0.456170885	-21.11643651
0.514908268	-21.09415035
-0.066928672	-24.23655825
-0.079317134	-24.25884442
-0.11924077	-24.28113059
-0.1593816	-24.28113059
-0.084991545	-24.28113059
-0.714706625	-26.6880825
-0.670542612	-26.6880825
-0.64317232	-26.6880825
-0.644378538	-26.66579633
-0.687502362	-26.6880825
-0.772364078	-25.19488009
-0.72917669	-25.21716837
-0.684174589	-25.21716837
-0.671238571	-25.21716837
-0.696932648	-25.21716837
-0.95158826	-26.86637389
-0.920667107	-26.77722926
-0.86560819	-26.86637389
-0.875891327	-26.84408775
-0.875917342	-26.82180158
-1.240807781	-28.78302182
-1.311113324	-28.71616122
-1.315072256	-28.76073354
-1.306846034	-28.76073354
-1.256638881	-28.76073354
-1.717033205	-30.92253346
-1.718443318	-30.87795901
-1.732520834	-30.90024729
-1.748339805	-30.87795901
-1.774403049	-30.85567286
-2.236212673	-33.17347801
-2.293867732	-33.2403386
-2.290378598	-33.21805032
-2.214807194	-33.21805032
-2.193354471	-33.19576417
-2.69932739	-35.51356932
-2.691141229	-35.49128317
-2.696345323	-35.49128317
-2.757167432	-35.46899701
-2.74041046	-35.44670872
-3.1735524	-37.54164805
-3.16145431	-37.54164805
-3.234373232	-37.51935976
-3.189166916	-37.54164805
-3.177490504	-37.49707573
-3.663824137	-39.81487876
-3.719744126	-39.81487876
-3.705845368	-39.79259473
-3.625235061	-39.79259473
-3.604719382	-39.81487876
-4.125635038	-42.13268604
-4.089570281	-42.11039776
-4.162078698	-42.13268604
-4.167185752	-42.08810948
-4.149817492	-42.13268604
-4.521114571	-44.16076263
-4.566525182	-44.11619032
-4.622608606	-44.11619032
-4.580324027	-44.09390204
-4.556015166	-44.07161801
-4.57383096	-43.0241494
-4.628874395	-43.04643343
-4.598470842	-43.04643343
-4.600530071	-43.0241494
-4.580344137	-43.04643343
-5.080303922	-46.79058039
-5.09907671	-46.81286867
-5.087486485	-46.81286867
-5.086522787	-46.79058039
-5.114360205	-46.81286867
-5.492343154	-48.66265175
-5.524450655	-48.64036772
-5.557365758	-48.64036772
-5.573777025	-48.66265175
-5.552529076	-48.61807944
-6.007493224	-51.02503135
-5.96904109	-51.02503135
-5.966263318	-50.98045903
-6.01065405	-51.04731963
-6.034494629	-51.04731963
-6.453825274	-53.1645451
-6.476826328	-53.1645451
-6.528582531	-53.14225682
-6.550417189	-53.14225682
-6.467556446	-53.18682913
-6.897843045	-55.59378107
-6.954905808	-55.61606935
-6.965986893	-55.61606935
-6.930924139	-55.59378107
-6.934211371	-55.63835338
-7.040332368	-53.12275564
-6.973291713	-53.14504392
-6.954022233	-53.12275564
-6.946837436	-53.1004716
-6.977531471	-53.12275564
-7.270778314	-55.90857864
-7.259634026	-55.95315095
-7.196565631	-55.90857864
-7.180485067	-55.88629461
-7.212955829	-55.95315095
-7.577364977	-58.11495299
-7.539285043	-58.09266471
-7.542484174	-58.09266471
-7.600751	-58.09266471
-7.595408049	-58.07037642
-7.899185658	-59.8310191
-7.825937629	-59.85330316
-7.890628254	-59.8310191
-7.921692573	-59.8310191
-7.892673119	-59.80873082
-8.345626877	-62.01510519
-8.382608088	-61.99281691
-8.422912922	-61.99281691
-8.384052198	-62.03738922
-8.304220127	-61.97052863
-8.905101922	-64.48891347
-8.892711435	-64.46662944
-8.828262134	-64.44434116
-8.808750054	-64.46662944
-8.819527888	-64.44434116
-9.292215259	-66.49470603
-9.312868198	-66.49470603
-9.37050618	-66.472422
-9.348404023	-66.42784543
-9.313442778	-66.45013371
-9.377408794	-64.48891347
-9.402836489	-64.44434116
-9.332940813	-64.46662944
-9.313426179	-64.48891347
-9.274874451	-64.44434116
-9.870097276	-68.99080259
-9.876589386	-68.92394622
-9.877931348	-68.92394622
-9.857914915	-68.94623025
-9.864285086	-68.94623025
-10.40628589	-71.30860985
-10.35040102	-71.28632157
-10.38681084	-71.30860985
-10.41750551	-71.33089813
-10.40665171	-71.28632157
-10.81243122	-73.29211413
-10.78698118	-73.24753758
-10.81885374	-73.26982584
-10.87473223	-73.29211413
-10.86308103	-73.22525778
-11.3465373	-75.45391618
-11.30573833	-75.45391618
-11.32915308	-75.40933962
-11.35933638	-75.4316279
-11.33511466	-75.45391618
-11.35764201	-73.47040341
-11.3725849	-73.47040341
-11.41544342	-73.44812362
-11.40674557	-73.42583534
-11.33769005	-73.44812362
-11.92325037	-77.72714265
-11.92694172	-77.72714265
-11.97916972	-77.72714265
-12.00455719	-77.70485437
-11.91484619	-77.72714265
-12.42556306	-79.82207984
-12.397853	-79.82207984
-12.45656992	-79.75522349
-12.47248577	-79.77751177
-12.43330328	-79.71064692
-13.11425655	-82.20674773
-13.06885329	-82.13989136
-13.00262215	-82.18445945
-12.97474738	-82.18445945
-13.04111131	-82.16217117
-13.08734453	-80.15637861
-13.05715485	-80.13409881
-13.09771633	-80.1786669
-13.13708013	-80.13409881
-13.11189312	-80.13409881
-13.6257906	-84.19025201
-13.66491308	-84.19025201
-13.62938364	-84.14568392
-13.58438385	-84.14568392
-13.56540486	-84.14568392
-14.07108075	-86.04004357
-14.03853146	-86.01775529
-14.11708541	-86.04004357
-14.10969632	-86.04004357
-14.08559207	-85.99546701
-14.71049959	-88.66985707
-14.70314625	-88.64756879
-14.64971419	-88.66985707
-14.695595	-88.64756879
-14.71453186	-88.66985707
-14.80223439	-88.17954884
-14.86163952	-88.20183713
-14.91407437	-88.17954884
-14.86282188	-88.20183713
-14.8487051	-88.20183713
-14.84287248	-86.61948795
-14.88095689	-86.64177624
-14.88880692	-86.66406452
-14.91282562	-86.66406452
-14.92478836	-86.64177624
-15.15048573	-89.44988752
-15.15099391	-89.44988752
-15.14172531	-89.4721758
-15.13034097	-89.44988752
-15.19620055	-89.42759924
-15.44693809	-90.67564963
-15.49055505	-90.69793791
-15.46490072	-90.67564963
-15.40847318	-90.67564963
-15.39205809	-90.65336135
-16.12261672	-93.1048856
-16.05775947	-93.12717388
-16.02798221	-93.06031751
-15.9881447	-93.08259732
-16.0110219	-93.06031751
-16.08728902	-90.65336135
-16.10596158	-90.63107307
-16.04949446	-90.65336135
-16.05524664	-90.63107307
-16.10477922	-90.63107307
-16.03439324	-90.34135088
-16.05504362	-90.34135088
-16.13098515	-90.3190626
-16.09904492	-90.34135088
-16.0854759	-90.3190626
-16.86151186	-95.22211107
-16.89147427	-95.177543
-16.83530976	-95.22211107
-16.82106658	-95.19982279
-16.87300473	-95.177543
-17.23339757	-96.29187218
-17.17321228	-96.33644027
-17.15023677	-96.31415199
-17.1835611	-96.2695839
-17.23984563	-96.24729564
-17.23268509	-94.24150308
-17.22995648	-94.26379134
-17.25215823	-94.24150308
-17.21101578	-94.24150308
-17.2383581	-94.26379134
-17.86142569	-97.76277994
-17.8328078	-97.80735651
-17.78130122	-97.67363531
-17.78878863	-97.71821188
-17.85754409	-97.67363531
-18.14449418	-98.74339643
-18.13962047	-98.74339643
-18.10102788	-98.72110814
-18.1504315	-98.69881986
-18.16604601	-98.69881986
-18.15676719	-96.33644027
-18.15092947	-96.31415199
-18.18572855	-96.29187218
-18.20554388	-96.29187218
-18.23119439	-96.31415199
-18.27702412	-92.58951471
-18.32810934	-92.56722643
-18.29288251	-92.54493815
-18.3528252	-92.54493815
-18.24525243	-92.61179449
-18.32676355	-92.56722643
-18.33461997	-92.58951471
-18.33986524	-92.56722643
-18.30069807	-92.58951471
-18.29805118	-92.56722643
-18.23244442	-89.24652711
-18.20138137	-89.24652711
-18.22022503	-89.22423882
-18.16548803	-89.22423882
-18.19091254	-89.17966226
-18.1821802	-89.29109517
-18.23289514	-89.29109517
-18.20548132	-89.31338345
-18.20652322	-89.29109517
-18.20891092	-89.26880689
-17.93610059	-84.1428926
-17.91128386	-84.12061279
-17.92303976	-84.12061279
-17.93328643	-84.12061279
-17.90634631	-84.16518088
-17.69081389	-80.15359576
-17.59980817	-80.15359576
-17.6525635	-80.13130748
-17.68712254	-80.15359576
-17.58213666	-80.17588404
-17.32963197	-75.38426848
-17.38614505	-75.42884505
-17.31112285	-75.40655676
-17.34134828	-75.40655676
-17.37022792	-75.40655676
-17.02171228	-71.10524521
-16.92452663	-71.08295693
-16.96650541	-71.08295693
-17.01191378	-71.03838461
-16.93628253	-71.08295693
-16.61175749	-66.69250072
-16.62279836	-66.71478477
-16.53783593	-66.71478477
-16.56282248	-66.73707306
-16.63763911	-66.78164537
-16.63732756	-68.43085512
-16.56055097	-68.45313917
-16.55232427	-68.45313917
-16.55840332	-68.43085512
-16.55789641	-68.43085512
-16.52681294	-68.65372096
-16.55959206	-68.63143268
-16.60657096	-68.65372096
-16.53285241	-68.65372096
-16.52432565	-68.63143268
-16.1568042	-62.30204453
-16.1020289	-62.32432857
-16.1522714	-62.30204453
-16.19472389	-62.32432857
-16.14102114	-62.30204453
-15.79259871	-58.55789758
-15.82130853	-58.55789758
-15.86745364	-58.58018161
-15.80767823	-58.58018161
-15.82769657	-58.55789758
-15.31558794	-53.38741094
-15.37277648	-53.43198326
-15.40581607	-53.45426729
-15.30238028	-53.45426729
-15.34385342	-53.45426729
-15.30470924	-54.59116477
-15.35985993	-54.54659245
-15.2959169	-54.52430417
-15.30877854	-54.56887649
-15.36745204	-54.52430417
-14.90449932	-48.95265817
-14.91255876	-48.95265817
-14.97213116	-48.97494645
-14.87629002	-48.95265817
-14.95194809	-48.99723048
-14.48231621	-44.33933614
-14.49739573	-44.36162017
-14.45125317	-44.33933614
-14.50347606	-44.33933614
-14.44063749	-44.36162017
-14.42767753	-44.89650074
-14.51815209	-44.91878477
-14.42230968	-44.89650074
-14.46180245	-44.87421245
-14.48816798	-44.87421245
-13.9603861	-39.63686523
-14.02163116	-39.65915351
-13.94052863	-39.65915351
-13.9653045	-39.70372582
-13.9816315	-39.68143754
-13.88819721	-40.66204978
-13.95012028	-40.68433381
-13.93367071	-40.68433381
-13.9790395	-40.66204978
-13.90146489	-40.66204978
-13.9565262	-41.08549318
-13.92079247	-41.06320915
-13.90685317	-41.06320915
-13.90403645	-41.04092087
-13.94687455	-41.1300655
-13.52644709	-35.64756839
-13.4951772	-35.66985243
-13.49014133	-35.66985243
-13.53081134	-35.64756839
-13.46042153	-35.66985243
-12.99318755	-31.10110482
-13.03080208	-31.10110482
-12.96639044	-31.0565304
-13.00430886	-31.07881654
-13.02716818	-31.16796331
-12.37109931	-26.66607419
-12.4325908	-26.64378804
-12.43363654	-26.62149976
-12.43342841	-26.64378804
-12.41475586	-26.66607419
-11.83100611	-22.2087574
-11.90274299	-22.18647124
-11.8466551	-22.18647124
-11.86916457	-22.18647124
-11.8621432	-22.16418295
-11.81887737	-22.85506877
-11.89628855	-22.85506877
-11.85192335	-22.87735492
-11.93198908	-22.89964109
-11.81841005	-22.83278049
-11.26376338	-17.92973202
-11.24751555	-17.90744585
-11.3227446	-17.90744585
-11.23102385	-17.92973202
-11.27451823	-17.92973202
-10.54351207	-13.69528212
-10.57604795	-13.71756827
-10.58192781	-13.71756827
-10.6024818	-13.67299596
-10.54618961	-13.69528212
-9.734151775	-9.148818555
-9.783358122	-9.148818555
-9.786542569	-9.148818555
-9.748865479	-9.193391937
-9.782683311	-9.148818555
-9.761272565	-9.928849
-9.738842259	-9.884276685
-9.772256609	-9.884276685
-9.700784669	-9.951136214
-9.722823622	-9.928849
-9.71192385	-10.33000835
-9.74776484	-10.28543497
-9.735470755	-10.30772114
-9.729636858	-10.28543497
-9.74521243	-10.30772114
-9.190544061	-6.741867712
-9.20750437	-6.741867712
-9.219055971	-6.764154392
-9.273588669	-6.786441072
-9.191010748	-6.764154392
-9.235285287	-7.521898135
-9.178260191	-7.58875822
-9.175682883	-7.521898135
-9.21933943	-7.521898135
-9.197300477	-7.544184838
-9.09467867	-6.652721481
-9.134439569	-6.675008161
-9.120536661	-6.652721481
-9.164029773	-6.652721481
-9.138376077	-6.630434779
-6.06901664	0.211546388
-6.089012005	0.166973206
-6.06901664	0.211546388
-6.079014322	0.189259797
-6.059018319	0.233832957
-5.179202135	2.19505231
-5.162639882	2.239625426
-5.225079433	2.105905946
-5.134198199	2.19505231
-5.191519523	2.239625426
-5.157187762	1.816180439
-5.233548415	1.79389387
-5.159225604	1.838466986
-5.146630822	1.838466986
-5.186902777	1.816180439
-5.185211598	1.92761335
-5.119428315	1.838466986
-5.18999976	1.749320643
-5.21105299	1.79389387
-5.157020495	1.816180439
-5.163420034	1.6610101
-5.095674561	1.616436851
-5.172231848	1.482717393
-5.195663518	1.6610101
-5.194372629	1.705583215
-3.948137547	3.332503901
-3.935508928	3.310217221
-4.010839488	3.377077017
-4.028039205	3.310217221
-4.00452869	3.310217221
-3.975097134	2.797625736
-3.983890434	2.730766185
-3.996517776	2.753052621
-4.050563358	2.730766185
-3.985835067	2.797625736
-4.098060331	2.039881993
-4.141717517	2.039881993
-4.119279232	2.08445522
-4.065707996	2.08445522
-4.087199183	2.08445522
-4.197545573	1.883875944
-4.190665303	1.883875944
-4.154870599	1.861589398
-4.139895143	1.839302695
-4.151341723	1.861589398
-4.258474618	1.750156464
-4.204773783	1.772443033
-4.169075161	1.705583215
-4.173642429	1.727869784
-4.217805564	1.727869784
-4.251435381	1.549577188
-4.302184793	1.571863735
-4.338088667	1.549577188
-4.34345907	1.549577188
-4.301642773	1.549577188
-4.337902248	1.438144277
-4.383686336	1.393571028
-4.367832092	1.460430824
-4.378516717	1.415857708
-4.343888089	1.393571028
-4.482299813	1.215278433
-4.46987134	1.215278433
-4.473600361	1.237564979
-4.466719133	1.237564979
-4.494054432	1.215278433
-4.999475595	0.61354065
-4.91638502	0.635827196
-4.893513566	0.61354065
-4.914038182	0.635827196
-4.939058245	0.635827196
-4.769031244	1.348997913
-4.78921239	1.371284459
-4.758985361	1.371284459
-4.750052565	1.348997913
-4.747868844	1.348997913
-4.248586424	2.374180749
-4.276361276	2.307320931
-4.276560464	2.329607634
-4.229717554	2.329607634
-4.22740551	2.351894047
-4.041003314	2.886772234
-4.024460852	2.819912416
-4.044202445	2.886772234
-4.08158235	2.842199119
-4.027716483	2.864485532
-3.775885327	3.421650133
-3.823674378	3.377077017
-3.792082403	3.354790337
-3.809441087	3.399363719
-3.869492302	3.354790337
-3.620403167	3.510796631
-3.654486902	3.510796631
-3.639256396	3.421650133
-3.657014413	3.510796631
-3.705675228	3.48850995
-3.027870012	3.468451963
-3.066178821	3.490738665
-3.104973787	3.490738665
-3.029853269	3.44616555
-3.006600038	3.513025078
-3.042613082	3.44616555
-3.030053414	3.468451963
-3.066178821	3.490738665
-3.04952655	3.468451963
-3.013128856	3.490738665
-2.98399672	3.646744692
-2.959869809	3.691317808
-2.953332372	3.691317808
-2.96330771	3.624458012
-2.976643061	3.669031394
-1.836600318	4.471348253
-1.900477753	4.404488457
-1.860584382	4.449061573
-1.808454543	4.404488457
-1.825922556	4.404488457
-2.939905088	1.774671614
-2.919923768	1.774671614
-2.936032742	1.774671614
-2.92294446	1.774671614
-2.884349	1.796958183
-2.968776749	1.663238703
-3.001350616	1.663238703
-2.96480832	1.707811952
-2.930454533	1.640952134
-2.954837451	1.663238703
-2.801343974	2.331836348
-2.820982781	2.331836348
-2.825891924	2.354122784
-2.859229663	2.42098258
-2.835264273	2.331836348
-2.853026439	2.309549668
-2.788413702	2.220403304
-2.878960083	2.24268985
-2.826934147	2.264976553
-2.818707446	2.264976553
-1.976460301	4.515921635
-2.043330337	4.538208315
-2.022841791	4.538208315
-1.989993722	4.582781164
-2.009940408	4.560494484
-1.231116939	6.633147104
-1.136347638	6.588573722
-1.222292915	6.566287042
-1.124922285	6.588573722
-1.269369168	6.610860424
-0.086074797	8.861805507
-0.160630312	8.861805507
-0.09843423	8.817232124
-0.190017339	8.861805507
-0.095207977	8.906378355
0.684383513	11.11275059
0.75040381	11.09046338
0.721120049	11.02360382
0.736664738	11.06817721
0.67426453	11.02360382
1.440907871	13.29683561
1.36886646	13.29683561
1.484234195	13.29683561
1.435902646	13.27454944
1.464109709	13.27454944
2.127041617	15.63692692
2.067571206	15.65921309
2.114647938	15.61464078
2.081166874	15.65921309
2.106752099	15.61464078
2.741623461	17.77643856
2.692248891	17.66500565
2.724788283	17.68729286
2.777904643	17.77643856
2.721094695	17.68729286
3.38975133	19.96052358
3.283316868	19.93823743
3.349172613	19.91595127
3.255747907	19.96052358
3.344784102	19.93823743
3.906785382	22.23375641
3.867153444	22.23375641
3.875284063	22.18918198
3.832629837	22.18918198
3.930695229	22.18918198
3.900075251	20.91884753
3.897163091	20.96341987
3.904955666	21.03028047
3.856871026	20.96341987
3.916163157	20.9411337
4.164802843	22.90235394
4.05374589	22.94692626
4.153898921	22.90235394
4.153720801	22.90235394
4.126949229	22.83549335
4.458481898	24.46241481
4.470383035	24.3509819
4.425764067	24.44012653
4.494805535	24.41784038
4.499077533	24.37326805
5.017574529	26.5796403
4.945971394	26.62421262
4.973649525	26.64649876
4.881153085	26.62421262
5.016735643	26.5796403
5.526958375	28.80829868
5.469728983	28.7860104
5.539929825	28.7860104
5.466633277	28.71915194
5.468759859	28.76372426
6.027380696	31.10381557
5.965289086	31.0815294
5.99231475	31.0815294
6.055800674	31.0815294
5.98099362	31.0146688
6.495129238	33.57762596
6.541203488	33.53305365
6.514816246	33.55533982
6.519781251	33.48848133
6.55315921	33.51076748
7.028545189	35.47198561
7.051239801	35.44969944
7.057019432	35.40512713
7.042306367	35.47198561
6.96610947	35.44969944
7.51714075	37.81207692
7.598790407	37.78979289
7.4695943	37.8343652
7.592404914	37.78979289
7.521908483	37.76750461
8.08179148	40.06302361
8.041554957	40.01845127
8.053001856	39.99616299
8.008577926	39.95159067
8.048869353	39.95159067
8.500902508	42.26939371
8.604550897	42.24710967
8.52410658	42.24710967
8.574382283	42.20253311
8.459829653	42.22482139
9.008968013	44.40890748
8.96971466	44.3866192
9.050241333	44.43119151
8.981126446	44.3866192
9.032479167	44.40890748
9.034503601	42.38082664
8.987462142	42.40311492
9.063381965	42.38082664
8.994671838	42.40311492
9.078700254	42.35854261
9.05173907	41.95738323
9.054108891	41.93509495
8.961318139	41.89052263
9.015456931	41.95738323
9.0665147	41.95738323
9.186887821	44.85463915
9.26835872	44.83235086
9.245156562	44.85463915
9.253779723	44.81006683
9.221338328	44.83235086
9.622924683	46.6821382
9.487378196	46.70442648
9.598071568	46.6821382
9.545137477	46.70442648
9.601800588	46.65984991
10.00783419	48.99994123
9.962192788	48.97765719
9.901434202	48.95536891
9.987544511	48.97765719
9.98375484	48.93308488
10.43724615	51.07259438
10.45258742	51.02802207
10.43331411	51.00573379
10.45278725	51.00573379
10.33577605	50.98344975
10.84550018	53.47954631
10.94661978	53.45725803
10.94125065	53.45725803
10.92680445	53.45725803
10.90181663	53.43497398
11.40752189	55.5744835
11.42128243	55.5744835
11.3887076	55.5744835
11.40069716	55.52991119
11.32765407	55.52991119
11.88967961	57.73628553
11.80038357	57.71399725
11.85206636	57.73628553
11.80882351	57.69170897
11.82677337	57.69170897
12.37447145	60.1655215
12.34035292	60.18780978
12.33349117	60.1655215
12.30717415	60.14323322
12.3553852	60.12094918
12.81908998	62.3941799
12.83826944	62.37189162
12.81834302	62.32731928
12.74036876	62.37189162
12.90093563	62.34960756
13.2540262	64.46683306
13.34003819	64.44454477
13.2980824	64.42226074
13.30346429	64.42226074
13.27174878	64.39997246
13.81295156	66.49490965
13.77077105	66.51719793
13.82636353	66.51719793
13.75894365	66.45033733
13.7614718	66.45033733
13.81896677	64.73427121
13.7803512	64.73427121
13.82464234	64.7565595
13.73917301	64.7565595
13.79698081	64.73427121
13.95925737	66.9852179
14.00378217	66.96292962
13.93175417	66.96292962
13.99155895	66.94064134
13.96872133	66.94064134
14.29662617	68.99101046
14.34748156	69.01329449
14.23708314	68.94643389
14.34535179	68.96872217
14.29826053	68.90186156
14.74181672	71.17509227
14.86628851	71.15280824
14.76351284	71.15280824
14.83289651	71.13051996
14.73916344	71.15280824
15.31360118	73.24774968
15.28763529	73.20317311
15.35496707	73.20317311
15.27291329	73.15859655
15.39030115	73.15859655
15.91034025	75.47640808
15.76290572	75.47640808
15.87876903	75.47640808
15.82122936	75.43183152
15.89845029	75.4541198
16.31522852	77.41533579
16.38205212	77.41533579
16.37108914	77.45991235
16.39599141	77.41533579
16.29833844	77.37076772
17.02036649	79.9114366
16.92785919	79.88914832
16.93277121	79.86686004
17.00161094	79.86686004
16.98637309	79.84457176
17.51870819	82.22923963
17.50447267	82.20695135
17.54513374	82.18466307
17.49431921	82.14009498
17.5987369	82.16238326
18.11300722	84.36875338
18.11019689	84.3464651
18.11555452	84.3464651
18.1020302	84.30188854
18.05668311	84.30188854
18.49440285	85.7505165
18.47072763	85.7505165
18.46779599	85.68366015
18.46087806	85.70594843
18.40210752	85.70594843
18.52975098	83.43271346
18.44629778	83.43271346
18.45858229	83.41042518
18.54033857	83.43271346
18.4640957	83.43271346
18.75278868	86.59741179
18.87724898	86.5751235
18.79395156	86.5751235
18.86737132	86.55283522
18.81165243	86.53054694
19.42590214	88.71463726
19.38062656	88.67006069
19.40867114	88.67006069
19.34687576	88.67006069
19.35836352	88.62549263
19.68167555	89.6506687
19.74416681	89.62838889
19.68792059	89.62838889
19.71911259	89.6506687
19.66848065	89.60610061
19.7384989	87.22143274
19.66613892	87.22143274
19.72822159	87.24372102
19.71818561	87.22143274
19.76315858	87.24372102
19.70372153	86.99856691
19.71772722	86.95399882
19.72941289	86.99856691
19.72841057	86.99856691
19.67507172	86.95399882
20.13138485	91.14387322
20.10188722	91.09929666
20.14824812	91.09929666
20.08730694	91.07701685
20.05272747	91.07701685
20.73266566	92.74851065
20.67357591	92.74851065
20.68769907	92.72622237
20.71122108	92.72622237
20.64639319	92.72622237
20.64114409	91.09929666
20.71911835	91.05472857
20.73426937	91.03244031
20.71292822	91.03244031
20.71041794	91.03244031
21.01436409	93.06052113
20.97520714	93.08280941
21.040676	93.10508922
20.97170859	93.06052113
20.93626087	93.08280941
20.945638	91.79018245
20.94711148	91.81247073
21.02506532	91.79018245
20.9422748	91.79018245
21.02324581	91.76789417
20.93737683	87.44179572
20.9498286	87.41950744
21.00146287	87.48636379
21.0028342	87.46408398
21.00232729	87.46408398
21.02235458	87.1966416
20.94480933	87.17435331
20.96727284	87.1966416
20.92597973	87.1966416
21.00875875	87.1966416
20.80675959	84.38853031
20.89761338	84.38853031
20.7987308	84.36624203
20.85411005	84.38853031
20.87577936	84.38853031
20.69152705	79.88664544
20.69969246	79.93121353
20.66173702	79.93121353
20.6318525	79.93121353
20.68858775	79.95350181
20.39194897	75.60761792
20.38150823	75.6299062
20.41916872	75.60761792
20.40306517	75.58532963
20.35628802	75.65219448
20.03861708	71.23944576
20.01766408	71.21715748
20.05437077	71.26173404
19.97276261	71.26173404
20.05020699	71.23944576
19.71147835	66.75984493
19.71772977	66.73755664
19.77297495	66.73755664
19.72927754	66.75984493
19.76691888	66.73755664
19.69700533	67.13871602
19.71332466	67.11642774
19.79158494	67.11642774
19.75188405	67.16100005
19.67682227	67.16100005
19.33354296	62.23566755
19.28450452	62.23566755
19.34757547	62.28023986
19.42916575	62.30252814
19.37938291	62.23566755
19.26009638	63.46142966
19.37120473	63.50600197
19.38467415	63.48371369
19.34338742	63.46142966
19.33801447	63.46142966
18.82783898	57.82292306
18.91263797	57.82292306
18.93201917	57.77835074
18.92885643	57.86749539
19.02213111	57.82292306
18.82220171	55.8171305
18.76850279	55.79484222
18.76718892	55.77255818
18.67258633	55.8171305
18.7873158	55.79484222
18.74618357	56.59103103
18.65999027	56.5018864
18.71960608	56.5018864
18.69874885	56.52417043
18.72262454	56.5018864
18.50598255	53.40404867
18.54026706	53.38176464
18.56006452	53.40404867
18.54039475	53.40404867
18.55316829	53.40404867
18.15965924	48.96902017
18.12694013	48.94673189
18.22549328	48.96902017
18.13852876	48.94673189
18.15005355	48.99130845
17.74303167	44.62313628
17.66047227	44.57856396
17.7264391	44.600848
17.64284034	44.57856396
17.74326789	44.57856396
17.78424434	45.04657969
17.7412492	45.04657969
17.7674513	45.04657969
17.76122797	45.04657969
17.76862983	45.04657969
17.28403462	39.96524193
17.22956959	40.00981425
17.31800759	40.05438656
17.23454162	40.05438656
17.27535464	40.05438656
16.83086763	35.81993562
16.91573429	35.77536331
16.83267308	35.84222391
16.90438698	35.84222391
16.87469016	35.81993562
16.39350668	31.42947942
16.34860776	31.36261882
16.35084734	31.3180465
16.30324152	31.38490499
16.33494554	31.40719327
15.79336226	26.63786388
15.75069016	26.66015002
15.81920429	26.66015002
15.76821483	26.61557771
15.81281752	26.66015002
15.74520612	27.68533246
15.78205581	27.75219308
15.78356887	27.86362599
15.82098038	27.77447922
15.86201429	27.72990691
15.21438663	22.20283324
15.22139905	22.22511939
15.27931666	22.24740556
15.27056645	22.24740556
15.31134627	22.26969384
15.27462426	22.82685844
15.26692362	22.80457016
15.26183029	22.84914458
15.23604061	22.80457016
15.21158651	22.87143075
14.66844548	17.92380997
14.63438313	17.90152168
14.60806229	17.87923552
14.63636735	17.92380997
14.61367401	17.94609611
14.06483954	13.46649209
14.02672066	13.46649209
14.05678011	13.46649209
14.01442466	13.48877826
14.00318716	13.48877826
13.25133078	9.053748694
13.25811082	9.009175311
13.28098419	8.986889143
13.22144882	9.053748694
13.20488561	9.009175311
12.82249915	6.914236522
12.82903659	6.914236522
12.89518217	6.936523202
12.79089217	6.936523202
12.80801975	6.936523202
12.33102048	4.574145209
12.38275178	4.574145209
12.25233501	4.529571826
12.32011879	4.574145209
12.24236414	4.574145209
11.79100005	2.390059922
11.75553318	2.412346602
11.78462733	2.390059922
11.69058527	2.390059922
11.78693969	2.412346602
11.7301955	2.880364727
11.66604945	2.880364727
11.70415684	2.880364727
11.79004114	2.835791611
11.76293121	2.880364727
11.74239446	3.241964665
11.74479237	3.219677963
11.7049804	3.219677963
11.67157052	3.219677963
11.76624845	3.241964665
11.49443405	2.194495126
11.57819497	2.216781829
11.60962447	2.194495126
11.567149	2.194495126
11.54317116	2.283641491
10.4777074	0.166416044
10.50013834	0.210989204
10.50013834	0.210989204
10.48892255	0.188702635
10.50013834	0.210989204
7.079438884	-6.586418714
7.054620882	-6.608705394
7.064167201	-6.586418714
7.057945782	-6.586418714
7.068621468	-6.541845865
7.084905689	-6.22983379
7.048842528	-6.252119958
7.055558723	-6.252119958
7.058679967	-6.207547109
7.058349903	-6.207547109
6.019097176	-7.611601684
6.123751079	-7.633888364
6.044664685	-7.633888364
6.124629547	-7.656175067
6.050464107	-7.589315004
5.220078038	-8.792790948
5.248080487	-8.770504268
5.292284162	-8.792790948
5.280858649	-8.792790948
5.201060096	-8.770504268
4.409242353	-10.04083976
4.423245813	-10.08541208
4.406120791	-10.08541208
4.372036737	-10.08541208
4.470366755	-10.04083976
3.962363815	-10.91001591
3.858421113	-10.91001591
3.958531051	-10.93230312
3.94473061	-10.91001591
4.005650397	-10.88772974
3.350383379	-12.13577802
3.384086614	-12.11349185
3.368676074	-12.13577802
3.387515896	-12.15806523
3.360042379	-12.09120464
2.900132059	-13.11638814
2.892110611	-13.13867431
2.972477359	-13.09410093
2.873105757	-13.11638814
2.947799172	-13.09410093
2.909659544	-12.35864386
2.908820978	-12.35864386
2.912146835	-12.33635769
2.85928744	-12.35864386
2.946778655	-12.35864386
1.939647473	-15.63477191
1.976714073	-15.61248575
1.959893738	-15.59019853
2.004921137	-15.61248575
1.957201834	-15.59019853
1.27904748	-17.707424
1.278843824	-17.68513786
1.299458378	-17.66285064
1.233333699	-17.68513786
1.242271602	-17.707424
0.601692032	-19.80236332
0.65478062	-19.82464949
0.640386088	-19.84693564
0.573345393	-19.82464949
0.672083203	-19.82464949
-0.007719774	-21.98644941
0.008059345	-21.98644941
0.027874453	-21.98644941
-0.004573879	-21.96416113
0.043917762	-21.94187496
0.015362305	-21.20641897
0.001423794	-21.20641897
0.021544692	-21.18413068
0.034505562	-21.20641897
0.010869511	-21.22870513
-0.569127302	-24.37111304
-0.574166284	-24.37111304
-0.552371248	-24.34882689
-0.64284441	-24.37111304
-0.584601206	-24.34882689
-1.153035581	-26.55519913
-1.10397248	-26.57748527
-1.142996161	-26.53291085
-1.176446581	-26.51062468
-1.107058849	-26.53291085
-1.701301857	-28.96214892
-1.720003461	-28.91757659
-1.658814579	-28.96214892
-1.670977149	-28.91757659
-1.673832969	-28.91757659
-2.235870479	-31.14623499
-2.211013852	-31.14623499
-2.175887575	-31.16852116
-2.197482027	-31.10166056
-2.155172549	-31.10166056
-2.7016937	-33.37489339
-2.647325236	-33.35260722
-2.678487713	-33.39717956
-2.628649807	-33.37489339
-2.658712283	-33.37489339
-3.10238818	-35.49211886
-3.135331693	-35.46983271
-3.133820869	-35.46983271
-3.082939942	-35.46983271
-3.115757367	-35.42525826
-3.631775691	-37.96592714
-3.60981654	-37.94364311
-3.641122503	-37.89907079
-3.686249016	-37.92135483
-3.613244226	-37.89907079
-4.167563059	-40.41745139
-4.158320948	-40.41745139
-4.156381743	-40.37287907
-4.113890315	-40.37287907
-4.142746015	-40.39516736
-4.514437957	-42.40095991
-4.511698809	-42.33409929
-4.525295275	-42.33409929
-4.586721331	-42.35638758
-4.548640119	-42.33409929
-4.5634598	-41.06376487
-4.561948337	-41.06376487
-4.533436108	-41.04147659
-4.578642743	-41.01919255
-4.599257378	-41.04147659
-5.034998332	-44.4290365
-4.991914129	-44.38446419
-5.003972956	-44.40675247
-5.012487904	-44.4290365
-5.049305041	-44.40675247
-5.059121093	-43.11412974
-5.06112829	-43.11412974
-5.059490739	-43.09184146
-5.025268148	-43.06955742
-5.010630736	-43.09184146
-5.190987718	-44.69647889
-5.187293491	-44.69647889
-5.216296986	-44.71876295
-5.208745735	-44.71876295
-5.15688898	-44.69647889
-5.517108806	-46.65769491
-5.553212187	-46.65769491
-5.522313857	-46.65769491
-5.506864054	-46.65769491
-5.445269774	-46.63541085
-5.945792328	-48.81949694
-5.993349632	-48.79720866
-5.975957111	-48.75263634
-5.949526456	-48.79720866
-5.901198578	-48.77492038
-6.478140838	-51.2264446
-6.402913065	-51.2264446
-6.445401301	-51.2264446
-6.457056964	-51.18187229
-6.465830793	-51.15958825
-6.902045775	-53.23223716
-6.86879933	-53.23223716
-6.830209297	-53.20995312
-6.871555396	-53.18766484
-6.863250808	-53.23223716
-7.355395355	-55.39403921
-7.342497961	-55.37175093
-7.344352576	-55.37175093
-7.349761284	-55.34946265
-7.354128088	-55.34946265
-7.340897438	-52.85726887
-7.345299994	-52.83498059
-7.349591464	-52.8795529
-7.402895839	-52.83498059
-7.428754468	-52.83498059
-7.660566637	-55.82138115
-7.601323026	-55.7990971
-7.602892905	-55.86595772
-7.588387327	-55.7990971
-7.631040914	-55.7990971
-7.840917554	-57.80488965
-7.861650935	-57.76031734
-7.875509792	-57.80488965
-7.950553061	-57.71574078
-7.953634723	-57.78260137
-8.288495803	-59.92211515
-8.259904729	-59.94439918
-8.303737481	-59.94439918
-8.326946022	-59.92211515
-8.311598366	-59.96668746
-8.740820716	-61.9947683
-8.775145455	-61.95019174
-8.763390197	-61.95019174
-8.778715509	-61.9279077
-8.783308952	-61.9947683
-9.201739423	-64.24571074
-9.231841003	-64.2234267
-9.240739323	-64.2234267
-9.275330284	-64.2234267
-9.295616131	-64.24571074
-9.701254548	-66.51894145
-9.748784399	-66.51894145
-9.768133682	-66.49665742
-9.754601059	-66.4520851
-9.712884674	-66.49665742
-9.755402916	-64.60229777
-9.756154338	-64.55772546
-9.739662631	-64.58000949
-9.756254571	-64.60229777
-9.742722586	-64.55772546
-10.04690495	-67.23211553
-10.00088816	-67.23211553
-10.05533595	-67.20982725
-10.02541377	-67.23211553
-9.995229192	-67.20982725
-10.32938226	-68.99275398
-10.31292886	-68.99275398
-10.24911351	-68.99275398
-10.26372698	-68.99275398
-10.23336173	-68.9704657
-10.71159252	-71.13226773
-10.71284	-71.08769117
-10.71031249	-71.08769117
-10.72714575	-71.06540714
-10.68016366	-71.04311885
-10.99168086	-72.29116925
-10.98022757	-72.31345753
-10.98802398	-72.26888097
-10.96018624	-72.24659268
-10.91900549	-72.26888097
-11.03107275	-70.1516555
-11.02772486	-70.1516555
-11.0390096	-70.12937144
-11.04115215	-70.1516555
-11.03729736	-70.1516555
-11.4009653	-73.58378773
-11.45735708	-73.60607601
-11.41259351	-73.56150792
-11.37406604	-73.60607601
-11.38455276	-73.56150792
-11.78005368	-75.47814736
-11.77076209	-75.41129101
-11.80753773	-75.41129101
-11.80948364	-75.45586757
-11.85639996	-75.41129101
-12.33021351	-77.88510351
-12.2939052	-77.90739179
-12.29076033	-77.88510351
-12.34008989	-77.90739179
-12.34929466	-77.81823867
-12.9356581	-79.95775244
-12.90555908	-79.98004072
-12.84312527	-79.95775244
-12.81800211	-80.02461729
-12.8534128	-79.93546416
-13.3294123	-81.69611109
-13.30096168	-81.74067915
-13.29955332	-81.67382281
-13.33612594	-81.69611109
-13.33619234	-81.65153452
-13.43299238	-79.53430903
-13.35258318	-79.51202075
-13.36027743	-79.53430903
-13.35540245	-79.53430903
-13.39067013	-79.53430903
-13.68763961	-82.18641084
-13.66984042	-82.18641084
-13.64465724	-82.18641084
-13.64140895	-82.11955447
-13.67930949	-82.14184275
-13.68326898	-81.87440035
-13.71982245	-81.807544
-13.75878149	-81.807544
-13.68519063	-81.82982378
-13.66977785	-81.807544
-14.06839555	-84.50421388
-14.08709236	-84.45964579
-14.12541681	-84.43735751
-14.10076736	-84.41506922
-14.10715413	-84.41506922
-14.62620367	-86.62143934
-14.61667204	-86.59915956
-14.65835203	-86.57687128
-14.68237073	-86.57687128
-14.64432719	-86.53229471
-15.28503309	-88.58266384
-15.27140151	-88.60495212
-15.21609376	-88.53808727
-15.23792778	-88.53808727
-15.18729967	-88.58266384
-15.25209564	-86.42086178
-15.26333952	-86.42086178
-15.28160987	-86.44315006
-15.25981288	-86.42086178
-15.23421983	-86.46543834
-15.54264643	-89.60784838
-15.54684979	-89.60784838
-15.5859761	-89.60784838
-15.58144203	-89.60784838
-15.54003145	-89.56327182
-15.6460337	-87.6689122
-15.56828161	-87.6689122
-15.5868916	-87.69120048
-15.57532851	-87.6689122
-15.62046875	-87.69120048
-16.05377827	-90.92275515
-16.02241134	-90.90046687
-16.12504655	-90.87817859
-16.07786464	-90.87817859
-16.07769737	-90.87817859
-16.72641419	-93.03998062
-16.75180166	-93.01769234
-16.76607166	-93.01769234
-16.75956104	-92.99540406
-16.71492643	-92.97311577
-16.75741594	-90.27644592
-16.7266172	-90.32101399
-16.72345446	-90.2987257
-16.78948131	-90.27644592
-16.7773181	-90.32101399
-17.16683318	-93.86457913
-17.14893566	-93.82001106
-17.19595797	-93.82001106
-17.18289331	-93.79772278
-17.1668536	-93.75314622
-17.42481552	-94.57775323
-17.48744979	-94.57775323
-17.48710632	-94.57775323
-17.472369	-94.55546495
-17.44687682	-94.53317666
-17.73285396	-95.2909273
-17.70493195	-95.31320711
-17.6856248	-95.31320711
-17.63850801	-95.26863902
-17.70232208	-95.26863902
-18.12379782	-96.80641163
-18.09860954	-96.80641163
-18.12614466	-96.80641163
-18.14086028	-96.73955526
-18.06432502	-96.71726698
-18.13078471	-94.24345447
-18.18566088	-94.26574275
-18.14929638	-94.22116619
-18.11890368	-94.22116619
-18.13179725	-94.24345447
-18.22829595	-91.1197099
-18.22472718	-91.14199818
-18.22054041	-91.14199818
-18.2460313	-91.16428647
-18.21315131	-91.14199818
-18.26456085	-90.91913234
-18.21243756	-90.96370043
-18.19766065	-90.96370043
-18.15315245	-90.96370043
-18.15755884	-90.94142062
-18.14817532	-88.55675274
-18.15023359	-88.53446446
-18.1228619	-88.53446446
-18.14164043	-88.55675274
-18.12316706	-88.55675274
-17.87041466	-84.3000135
-17.90125171	-84.23315715
-17.92518996	-84.27772522
-17.96502747	-84.25544544
-17.9858081	-84.27772522
-17.69660055	-80.24386032
-17.69404686	-80.26614011
-17.68296641	-80.26614011
-17.66822909	-80.24386032
-17.6732956	-80.22157204
-17.34489918	-75.63053404
-17.32877904	-75.63053404
-17.32276255	-75.60824576
-17.31739342	-75.60824576
-17.34774271	-75.63053404
-17.0303846	-71.17321726
-16.97530286	-71.17321726
-16.98676636	-71.1509332
-16.97564377	-71.17321726
-16.9728245	-71.1509332
-16.62983249	-66.76047277
-16.618881	-66.78276105
-16.62865396	-66.76047277
-16.57820461	-66.80504933
-16.6471235	-66.76047277
-16.56318382	-68.09766782
-16.56154563	-68.07538378
-16.51495618	-68.1199561
-16.55811859	-68.1199561
-16.58599718	-68.1199561
-16.61038361	-68.2982496
-16.61491385	-68.2982496
-16.60396237	-68.32053366
-16.62529076	-68.32053366
-16.62116017	-68.27596132
-16.16930577	-62.08029014
-16.19485923	-62.05800611
-16.17622626	-62.05800611
-16.19843184	-62.03571783
-16.13424621	-62.05800611
-15.79084305	-57.82355515
-15.8326137	-57.84583918
-15.86762091	-57.80126687
-15.8105192	-57.80126687
-15.81343679	-57.86812746
-15.41048549	-53.49995531
-15.39873087	-53.49995531
-15.37840736	-53.49995531
-15.35893294	-53.49995531
-15.33589486	-53.52224359
-15.39240666	-54.5922762
-15.37138727	-54.61456448
-15.35110079	-54.5922762
-15.33985307	-54.5922762
-15.33456822	-54.63685276
-14.90124593	-49.02063022
-14.91502179	-49.02063022
-14.93073462	-49.06520678
-14.91771082	-49.02063022
-14.91125893	-49.06520678
-14.48955591	-44.56331341
-14.47071609	-44.58560169
-14.44287707	-44.56331341
-14.47105956	-44.58560169
-14.46336658	-44.56331341
-14.48849358	-45.0090451
-14.50351564	-44.96447279
-14.48937204	-44.98676107
-14.46973292	-44.98676107
-14.50063253	-44.98676107
-14.04067528	-40.06142432
-13.97769754	-40.06142432
-13.97883521	-40.0837126
-13.9979802	-40.0837126
-14.03157011	-40.0837126
-13.99877695	-41.46547994
-13.95947316	-41.46547994
-13.96293596	-41.51005227
-13.92266687	-41.48776822
-13.96636811	-41.46547994
-13.49633785	-35.71554042
-13.45388409	-35.69325639
-13.48230917	-35.67096811
-13.49466136	-35.71554042
-13.49308956	-35.64867983
-12.96313066	-31.63709685
-13.00235401	-31.68166916
-12.99974287	-31.63709685
-12.96175933	-31.65938299
-12.99665546	-31.68166916
-12.31798391	-26.73404837
-12.35106308	-26.73404837
-12.37923535	-26.75633452
-12.42562051	-26.73404837
-12.35239866	-26.73404837
-11.74508094	-22.41045065
-11.81426924	-22.41045065
-11.81561376	-22.41045065
-11.7832062	-22.41045065
-11.77027816	-22.41045065
-11.76530358	-22.98990142
-11.79207898	-22.94532908
-11.8276097	-22.98990142
-11.7909975	-22.98990142
-11.7614871	-22.96761525
-11.13019537	-17.90856153
-11.06788797	-17.90856153
-11.08176215	-17.95313384
-11.13566025	-17.95313384
-11.12068671	-17.97542001
-10.33551941	-13.29523739
-10.32427489	-13.29523739
-10.32057907	-13.29523739
-10.32262329	-13.27295122
-10.37330056	-13.29523739
-9.621997695	-9.172219336
-9.585630646	-9.127647021
-9.579647358	-9.194506572
-9.580361113	-9.172219336
-9.582631341	-9.216792719
-9.044187181	-6.832128557
-9.092006237	-6.854415237
-9.106615878	-6.854415237
-9.085062764	-6.787555174
-9.056183123	-6.787555174
-9.074388354	-7.991030606
-9.012692565	-8.035603989
-8.983838461	-8.013317286
-9.029181719	-8.013317286
-8.995224711	-8.035603989
-9.006550949	-8.303043216
-9.028079165	-8.280756514
-8.980262023	-8.258469834
-8.983914434	-8.280756514
-9.011616186	-8.280756514
-8.824966602	-6.832128557
-8.854316121	-6.854415237
-8.871603301	-6.854415237
-8.938645871	-6.832128557
-8.865258029	-6.832128557
-6.043281864	-0.012433803
-6.080169865	-0.101580145
-6.061725865	-0.057006963
-6.052503864	-0.034720371
-6.070947865	-0.079293554
-5.185622103	2.060218484
-5.12650043	2.171651395
-5.126808469	2.149364826
-5.091578129	2.171651395
-5.121747062	2.12707828
-5.047103763	1.655438435
-5.038438147	1.700011551
-5.094852274	1.700011551
-5.152317562	1.722298231
-5.1162145	1.722298231
-4.833952339	2.368609196
-4.841636063	2.346322516
-4.897117137	2.390895631
-4.849629102	2.3017494
-4.873716111	2.346322516
-4.68588002	2.569188361
-4.675123892	2.680621272
-4.646750201	2.680621272
-4.62979085	2.680621272
-4.607792117	2.680621272
-4.397942929	2.903487116
-4.435322834	2.858914001
-4.450464599	2.881200414
-4.464037124	2.858914001
-4.462822527	2.836627299
-4.170661319	3.148639641
-4.201501872	3.104066259
-4.206942501	3.148639641
-4.188142261	3.148639641
-4.165504788	3.170926077
-4.107531635	3.237785872
-4.09024222	3.237785872
-4.09215142	3.282358988
-4.082818973	3.21549917
-4.123050069	3.282358988
-4.074013223	3.03720673
-4.04908222	3.104066259
-4.081092681	3.059493143
-4.100330559	3.014920028
-4.097943181	3.104066259
-4.123495687	2.881200414
-4.098275479	2.858914001
-4.066249378	2.769767503
-4.062880108	2.881200414
-4.07591157	2.836627299
-4.14800597	2.413182312
-4.082846744	2.413182312
-4.075800804	2.413182312
-4.091505337	2.480042129
-4.135213916	2.390895631
-4.164303917	2.190316467
-4.136262204	2.190316467
-4.127124157	2.257176285
-4.131660461	2.14574324
-4.135553876	2.16802992
-4.232209314	2.01202376
-4.207223726	2.034310307
-4.192447457	2.034310307
-4.166188218	1.989737191
-4.198251029	2.101170125
-4.225152201	2.01202376
-4.253900327	2.034310307
-4.20476676	2.078883556
-4.176290283	2.01202376
-4.208933738	2.056597009
-4.227733978	2.056597009
-4.246587207	1.967450644
-4.200912928	1.967450644
-4.172197681	1.967450644
-4.190393655	2.01202376
-4.233243237	1.811444462
-4.220850516	1.833731164
-4.305650145	1.833731164
-4.31884632	1.789157915
-4.293659949	1.789157915
-4.307391759	1.655438435
-4.297147965	1.655438435
-4.286462383	1.700011551
-4.22463093	1.677725004
-4.282604401	1.700011551
-4.301699911	1.677725004
-4.294585979	1.633151889
-4.291729681	1.633151889
-4.354871814	1.633151889
-4.312690978	1.61086532
-4.409143079	1.544005524
-4.38328413	1.544005524
-4.33122372	1.544005524
-4.298339579	1.566292071
-4.351039688	1.544005524
-4.38791141	1.499432408
-4.385055112	1.499432408
-4.367421587	1.499432408
-4.315869999	1.499432408
-4.319928764	1.521718955
-4.404897575	1.410286044
-4.402914318	1.43257259
-4.409937595	1.410286044
-4.460179461	1.43257259
-4.40593501	1.43257259
-4.526252588	1.276566564
-4.47993861	1.29885311
-4.486089803	1.254279861
-4.462601314	1.276566564
-4.523761148	1.29885311
-4.471199576	1.410286044
-4.453389847	1.410286044
-4.523083144	1.410286044
-4.538428246	1.343426226
-4.557674424	1.410286044
-4.509503597	1.544005524
-4.482168298	1.566292071
-4.479824333	1.454859159
-4.519821767	1.477145706
-4.516201916	1.410286044
-4.779914418	0.607968985
-4.796002324	0.585682416
-4.798893097	0.607968985
-4.761279529	0.607968985
-4.830829181	0.630255599
-4.799052702	0.719401896
-4.811138981	0.719401896
-4.844927765	0.74168851
-4.797343647	0.697115327
-4.773559888	0.74168851
-4.753340437	0.808548261
-4.788570777	0.786261625
-4.873370406	0.786261625
-4.844655159	0.786261625
-4.769119347	0.808548261
-4.804453749	0.853121443
-4.788969152	0.830834808
-4.811771018	0.808548261
-4.818048937	0.853121443
-4.730558361	0.853121443
-4.8511262	0.964554354
-4.772603533	1.00912747
-4.759776046	0.964554354
-4.824120966	0.986840923
-4.751042119	0.964554354
-4.83821955	1.098273835
-4.803463876	1.098273835
-4.765012061	1.098273835
-4.782003333	1.120560403
-4.757313015	1.120560403
-4.731558129	1.187420199
-4.763330778	1.209706746
-4.735308537	1.231993315
-4.715635575	1.209706746
-4.708812444	1.254279861
-4.705265054	1.454859159
-4.674221483	1.477145706
-4.678094149	1.477145706
-4.680078682	1.454859159
-4.709666652	1.477145706
-4.611301521	1.61086532
-4.645349823	1.58857864
-4.633465285	1.61086532
-4.609790696	1.61086532
-4.638739925	1.655438435
-4.521073073	1.900590827
-4.481243225	1.87830428
-4.517688162	1.87830428
-4.527260337	1.87830428
-4.524363498	1.967450644
-4.521824176	2.056597009
-4.42829062	2.056597009
-4.454726702	2.101170125
-4.459024237	2.056597009
-4.444956298	2.078883556
-4.382666457	2.3017494
-4.357645437	2.3017494
-4.335117134	2.279462698
-4.316269012	2.257176285
-4.386053603	2.324035814
-4.2873616	2.346322516
-4.308545707	2.368609196
-4.334145456	2.413182312
-4.268144152	2.413182312
-4.289143116	2.413182312
-4.247771798	2.480042129
-4.226516189	2.524615245
-4.244821333	2.524615245
-4.250699281	2.524615245
-4.25053361	2.524615245
-4.230620921	2.569188361
-4.265542903	2.569188361
-4.270583561	2.569188361
-4.238338161	2.569188361
-4.208785624	2.569188361
-4.246373974	2.658334592
-4.185888952	2.636048156
-4.177532651	2.658334592
-4.189925053	2.636048156
-4.249759205	2.680621272
-4.183134801	2.702907952
-4.150088182	2.725194387
-4.131890293	2.680621272
-4.17192316	2.725194387
-4.190393655	2.725194387
-4.098653425	2.792054183
-4.106241066	2.814340885
-4.165312304	2.792054183
-4.159325505	2.836627299
-4.146203068	2.814340885
-4.095097097	2.881200414
-4.087708325	2.881200414
-4.133220125	2.881200414
-4.131999463	2.970346912
-4.065909099	2.903487116
-4.086804958	3.059493143
-4.102597594	3.059493143
-4.042180244	3.081779846
-4.039290429	3.059493143
-4.019509254	3.081779846
-3.973147714	3.170926077
-3.935390182	3.193212757
-3.962936798	3.193212757
-3.946779305	3.170926077
-3.973017157	3.193212757
-3.936178952	3.260072553
-3.911159209	3.260072553
-3.883247096	3.237785872
-3.954177015	3.282358988
-3.952323358	3.282358988
-3.909729782	3.304645668
-3.918355497	3.349218784
-3.917317424	3.326932104
-3.825461001	3.326932104
-3.846929524	3.304645668
-3.898916197	3.371505486
-3.840779289	3.349218784
-3.831549947	3.349218784
-3.818923563	3.326932104
-3.863596159	3.326932104
-3.760372639	3.349218784
-3.813361953	3.416078602
-3.775892031	3.393791899
-3.778947517	3.416078602
-3.789995722	3.393791899
-3.708333935	3.460651717
-3.702126242	3.460651717
-3.714850624	3.438365015
-3.74228807	3.482938397
-3.669917552	3.482938397
-3.639300447	3.549797948
-3.67087295	3.549797948
-3.684597738	3.527511513
-3.736966187	3.505224833
-3.686617066	3.527511513
-3.659528517	3.594371331
-3.640728277	3.594371331
-3.611939612	3.661230859
-3.627058713	3.661230859
-3.644326421	3.638944446
-3.50991026	3.68351754
-3.532145527	3.728090655
-3.554274498	3.705804242
-3.579804021	3.705804242
-3.570904423	3.705804242
-3.544702642	3.705804242
-3.52483145	3.661230859
-3.501319977	3.661230859
-3.516640181	3.68351754
-3.562113996	3.661230859
-3.537493266	3.705804242
-3.581457533	3.68351754
-3.588171494	3.68351754
-3.551761351	3.705804242
-3.533598894	3.68351754
-3.036496046	3.623065251
-3.057132386	3.734498185
-3.021081994	3.645351687
-3.033326601	3.756784598
-3.029433187	3.734498185
-1.869732964	4.42538211
-1.933677912	4.403095697
-1.863078376	4.358522581
-2.000644989	4.380808994
-1.936498459	4.380808994
-2.987131051	1.706418925
-2.964965371	1.706418925
-3.024908374	1.706418925
-3.007453927	1.706418925
-2.946626072	1.684132378
-2.845674376	2.352730023
-2.898008031	2.308156641
-2.869657961	2.330443321
-2.961007477	2.330443321
-2.843401275	2.285870228
-2.079143875	4.380808994
-2.10187376	4.42538211
-2.108732004	4.403095697
-2.110863215	4.492241928
-2.130663543	4.358522581
-1.183247447	6.654040779
-1.246429801	6.564894548
-1.115008954	6.609467397
-1.227993382	6.587180717
-1.175767939	6.587180717
-1.005204026	7.010626237
-0.981893816	7.032912384
-0.950265052	6.988339535
-0.92617916	6.943766153
-0.936127365	6.966052855
-0.955783409	6.141449027
-0.943685399	6.141449027
-0.896678494	6.141449027
-0.957967449	6.141449027
-0.90661417	6.16373573
0.002165019	8.904985862
-0.042933056	8.860412479
-0.012246429	8.882699182
0.006058661	8.882699182
0.017848717	8.860412479
0.889683867	11.02221135
0.859362192	10.97763797
0.855090912	11.02221135
0.919869878	10.93306459
0.870266593	10.97763797
1.616243189	13.25086973
1.632057052	13.22858252
1.562871619	13.22858252
1.57384513	13.1840102
1.671016253	13.22858252
2.28136185	15.47952814
2.26475379	15.45724092
2.33710324	15.47952814
2.28877185	15.45724092
2.321454409	15.5018143
2.861207812	17.59675363
2.912525419	17.64132701
2.873778972	17.61903977
2.916619298	17.59675363
2.916453947	17.59675363
3.505872881	19.95913215
3.449658261	19.93684387
3.483269244	19.91455773
3.536840799	19.91455773
3.488000906	19.89227156
4.021939086	22.2100767
4.034552702	22.18779056
4.091310619	22.18779056
4.051313823	22.2100767
4.106464194	22.16550227
4.005290966	20.672302
4.110049889	20.69458815
4.070912729	20.69458815
4.064105877	20.76144875
4.085723153	20.672302
4.22033116	22.32150964
4.241184564	22.29922347
4.182113965	22.27693519
4.237655369	22.29922347
4.213142213	22.29922347
4.637987864	24.39416068
4.701968245	24.39416068
4.626671521	24.43873511
4.633929737	24.41644896
4.691759245	24.37187451
5.144999016	26.53367443
5.120155796	26.53367443
5.16934714	26.53367443
5.161832598	26.62281906
5.159740171	26.5559606
5.744735483	28.87376574
5.660176538	28.94062422
5.72222729	28.87376574
5.737781156	28.80690514
5.706704068	28.80690514
6.212435504	31.03556355
6.230431971	31.01327738
6.153563454	30.99099123
6.177061839	30.99099123
6.242387693	30.99099123
6.807093326	33.2865081
6.729482963	33.30879426
6.805013349	33.21964961
6.683169305	33.2865081
6.784290821	33.26422195
7.200957972	35.42601973
7.244231466	35.3368751
7.290250174	35.3368751
7.244271687	35.42601973
7.235607667	35.38144742
7.834564621	37.92211841
7.778006849	37.89983013
7.806611968	37.85525781
7.762626634	37.85525781
7.766848516	37.83296953
8.224252073	39.81647805
8.212262515	39.86105037
8.277918433	39.86105037
8.212591302	39.86105037
8.314055651	39.83876209
8.782157878	42.20114168
8.671285748	42.22342996
8.775626825	42.1788534
8.690827196	42.1788534
8.784395546	42.15656937
9.247914544	44.20693424
9.15222025	44.18464596
9.169249508	44.14007364
9.212196769	44.16236193
9.19259531	44.14007364
9.211256374	41.6216888
9.270848564	41.64397708
9.203869198	41.6216888
9.250251805	41.59940477
9.138049843	41.6216888
9.478869951	44.65266593
9.386812745	44.67495421
9.48061348	44.60809362
9.468117654	44.65266593
9.447499189	44.63037765
9.82064003	46.88132433
9.768921494	46.88132433
9.790779135	46.85903605
9.745977259	46.836752
9.722480151	46.836752
10.14083593	48.90940517
10.15594162	48.90940517
10.12336743	48.90940517
10.1872179	48.88711689
10.05155969	48.86482861
10.63000734	51.09348699
10.62685418	51.07120296
10.6685961	51.00434236
10.58023216	51.02663064
10.58816328	51.00434236
11.06705419	53.21071248
11.13393396	53.16614017
11.07875518	53.12156783
11.11906385	53.12156783
11.07590016	53.12156783
11.49175268	55.50623148
11.56062944	55.48394742
11.57755527	55.50623148
11.49855954	55.43937088
11.61443689	55.43937088
11.51028862	52.35741578
11.60160334	52.37970406
11.58116236	52.35741578
11.52590186	52.35741578
11.55199543	52.31284346
11.86240879	55.94555751
11.82747436	55.94555751
11.76612715	55.99012982
11.84675852	55.96784154
11.84577918	55.94555751
12.01877357	57.83991713
12.16665883	57.88448945
12.09722154	57.81762885
12.07875072	57.81762885
12.18048832	57.83991713
12.50953593	59.890282
12.4957639	59.890282
12.47379709	59.86799372
12.52867964	59.890282
12.44249783	59.91257029
13.03593116	62.34180625
13.0244102	62.29723394
13.03006789	62.34180625
13.04204341	62.29723394
12.93591603	62.29723394
13.47298056	63.99101177
13.41988431	64.01330005
13.55472151	64.01330005
13.52738557	63.99101177
13.48268074	64.01330005
14.05178509	66.33110308
13.94850252	66.33110308
13.97809081	66.30881905
14.03116535	66.30881905
13.87159953	66.33110308
14.01317719	64.4144594
13.99923916	64.4144594
13.94399271	64.4144594
14.01337637	64.39217112
13.99907445	64.4144594
13.95562603	64.03558833
14.01662849	63.99101177
13.98382001	64.03558833
13.96219922	64.01330005
14.01693749	64.01330005
14.20896578	66.82141134
14.18331016	66.79912306
14.21114918	66.82141134
14.23922951	66.79912306
14.10673404	66.79912306
14.5690343	68.91634852
14.60037186	68.96092084
14.51177043	68.91634852
14.52413921	68.96092084
14.62696978	68.91634852
15.12225345	71.27872812
15.02152967	71.25643984
15.0632569	71.32329621
15.12527446	71.27872812
15.09020723	71.25643984
15.51979604	73.08394311
15.5481343	73.10622292
15.58543727	73.08394311
15.56079548	73.06165483
15.55951991	73.1285112
16.04589376	75.26802495
16.041089	75.22344839
16.05254739	75.20116861
16.05690143	75.20116861
16.01340704	75.20116861
16.64087207	77.54125992
16.5619389	77.54125992
16.50384892	77.54125992
16.61934705	77.5635397
16.57520275	77.54125992
17.14842493	79.74763004
17.14474889	79.72534176
17.16252766	79.74763004
17.07843604	79.72534176
17.13152208	79.70305348
17.17480962	77.47439507
17.2295581	77.47439507
17.08648015	77.47439507
17.15717386	77.47439507
17.24282195	77.47439507
17.24038318	77.29610579
17.14991117	77.27381751
17.10268712	77.29610579
17.18816156	77.29610579
17.19138432	77.27381751
17.37603756	80.30479464
17.40642643	80.30479464
17.47853104	80.26021808
17.34536906	80.26021808
17.34855989	80.26021808
17.6807396	82.11000963
17.78424562	82.06543307
17.82667768	82.11000963
17.73336725	82.06543307
17.78373871	82.06543307
18.30047335	84.20494682
18.35473663	84.18265854
18.38760896	84.20494682
18.34711771	84.2272351
18.38499782	84.16037026
18.9951297	86.47817329
18.97733051	86.47817329
18.9640973	86.45589351
19.00859529	86.45589351
18.93074616	86.41131694
19.55689732	88.19424366
19.61096014	88.19424366
19.60126124	88.17195537
19.54282651	88.17195537
19.5976184	88.12738731
19.53686493	85.49756531
19.606744	85.47527702
19.60254064	85.47527702
19.59163639	85.47527702
19.59177046	85.49756531
19.81814839	88.92969754
19.8442726	88.86284117
19.92867449	88.90741773
19.89461342	88.88512945
19.84709698	88.88512945
19.94417282	86.85704861
19.80694153	86.87933689
19.90567982	86.87933689
20.00126175	86.85704861
19.89567065	86.83476035
20.49223224	91.73780882
20.58193048	91.71552054
20.60849521	91.69324073
20.5574534	91.69324073
20.59261383	91.7600971
20.54086976	89.39771749
20.6061854	89.39771749
20.65052633	89.39771749
20.58221777	89.37542921
20.61495348	89.37542921
20.59447291	85.1861148
20.70050198	85.14153823
20.57942276	85.14153823
20.62053328	85.16382651
20.6613795	85.14153823
20.59419328	85.0301053
20.63117705	85.11924995
20.6166338	85.07468186
20.54345919	85.05239358
20.58240674	85.05239358
20.61288116	84.8741043
20.63202487	84.8741043
20.61253003	84.89638411
20.61963056	84.85181604
20.59421244	84.89638411
20.42483535	79.50303588
20.34428952	79.45845932
20.35675151	79.43617103
20.42959797	79.45845932
20.2915061	79.50303588
20.22470932	76.58349168
20.21440775	76.62806825
20.14000737	76.62806825
20.21577397	76.60577996
20.20201599	76.60577996
19.84553412	71.61358684
19.81619226	71.59129856
19.79587003	71.59129856
19.85359356	71.61358684
19.84742257	71.59129856
19.52047409	66.97797228
19.56365948	66.95568825
19.449239	67.00026056
19.46570262	67.00026056
19.54848548	67.00026056
19.53048326	67.49056457
19.46104087	67.44599225
19.55437428	67.46827628
19.47916693	67.44599225
19.43609518	67.51285285
19.1967075	62.60980437
19.15190562	62.58751609
19.13810933	62.60980437
19.18982659	62.60980437
19.09931373	62.60980437
18.7532292	58.24163222
18.86957004	58.2639205
18.77052148	58.24163222
18.81717861	58.2639205
18.84803864	58.28620454
18.80028725	59.40053374
18.73378926	59.40053374
18.80627054	59.44510605
18.7716068	59.3782497
18.68374977	59.40053374
18.23097222	53.09342962
18.35594836	53.07114559
18.28021368	53.07114559
18.27513695	53.09342962
18.34698109	53.11571791
18.24097245	53.85368314
18.27494925	53.92054374
18.29601461	53.87596718
18.2176241	53.85368314
18.29012453	53.87596718
17.90107933	49.01749527
17.99459278	49.0397793
17.84933143	49.0397793
17.89487132	49.01749527
17.99190119	49.0397793
17.47474776	44.53789018
17.47671665	44.56017846
17.54859398	44.56017846
17.48501358	44.5156019
17.55057692	44.58246252
17.06536755	40.16971803
17.08820389	40.16971803
17.13707762	40.16971803
17.00955928	40.21429459
17.08052623	40.25886691
17.0260944	40.74917091
17.0770047	40.72688263
17.10220448	40.72688263
16.99506456	40.72688263
17.11381737	40.7045986
16.66327557	35.89069475
16.66777005	35.91298303
16.6519538	35.82383416
16.66249414	35.84612244
16.63613882	35.84612244
16.19672726	31.4779524
16.17648801	31.54481088
16.15764181	31.56709916
16.23102199	31.45566625
16.07935599	31.4779524
15.64880956	26.68633686
15.61892249	26.68633686
15.6479362	26.70862301
15.62594896	26.70862301
15.5666996	26.68633686
15.03147628	22.29587854
14.95550793	22.34045297
15.12262884	22.31816682
15.0478952	22.31816682
15.03768684	22.29587854
15.03893815	23.78908092
15.00548996	23.81136709
15.01461173	23.76679478
15.02772619	23.76679478
14.93770746	23.76679478
14.4039308	17.90542233
14.46737714	17.9277085
14.37330189	17.94999467
14.44856541	17.9277085
14.43711851	17.94999467
13.83632801	13.62639801
13.81629179	13.67097139
13.83331977	13.62639801
13.8164233	13.69325861
13.7717223	13.60411184
13.07495149	9.057648294
13.03645339	9.079935508
12.93389223	9.057648294
13.02209273	9.035362125
13.0534137	9.079935508
12.51770262	6.561551198
12.54221801	6.561551198
12.45288367	6.561551198
12.50272908	6.5838379
12.53972561	6.539264518
12.02580386	4.622618725
12.03705285	4.622618725
12.16619406	4.622618725
12.03554235	4.622618725
12.08793378	4.622618725
11.5928493	2.37167362
11.47915663	2.37167362
11.54746774	2.393960056
11.53625706	2.37167362
11.44201581	2.393960056
11.45358401	3.260629603
11.52833935	3.23834319
11.47877102	3.260629603
11.41362137	3.260629603
11.52020714	3.282916306
11.38185351	2.257733336
11.31266776	2.257733336
11.36308774	2.2354469
11.38786106	2.280020016
11.34460416	2.2354469
10.28297029	0.16279448
10.27155467	0.140507889
10.30580088	0.20736764
10.27155467	0.140507889
10.28297029	0.16279448
6.824098963	-6.590040456
6.829455959	-6.590040456
6.822615271	-6.612327136
6.845616964	-6.612327136
6.814283231	-6.545467074
6.865692132	-6.144308767
6.73340351	-6.166595469
6.827774357	-6.166595469
6.826225546	-6.144308767
6.820017534	-6.144308767
6.695457644	-6.634613839
6.58804959	-6.679186687
6.603803921	-6.656899985
6.67798979	-6.634613839
6.615520234	-6.634613839
4.873315501	-8.840985539
4.953379319	-8.818698858
4.958913158	-8.818698858
4.959130221	-8.840985539
4.945178474	-8.840985539
3.631563096	-11.04735777
3.562008656	-11.02507056
3.622968345	-11.02507056
3.545048986	-11.02507056
3.505048041	-11.00278439
3.509517311	-10.1336072
3.604434965	-10.15589442
3.529741551	-10.17818058
3.58998908	-10.15589442
3.523025674	-10.17818058
3.337424697	-11.11421732
3.336335869	-11.15879071
3.322179508	-11.13650347
3.28860268	-11.13650347
3.263785955	-11.15879071
2.422049866	-13.20915558
2.479644115	-13.20915558
2.436357533	-13.23144279
2.504131255	-13.18686941
2.383090665	-13.20915558
1.602513133	-15.48238736
1.61225018	-15.48238736
1.552979436	-15.48238736
1.615006087	-15.52696072
1.63455344	-15.46010119
0.744260758	-17.82247972
0.841040289	-17.75561913
0.783345808	-17.80019144
0.853975749	-17.75561913
0.7846916	-17.80019144
0.19078911	-19.89513076
0.111788784	-19.85055845
0.198546452	-19.91741693
0.16760836	-19.89513076
0.184542354	-19.87284462
-0.379035068	-21.94549777
-0.420559687	-21.92320949
-0.416357795	-21.92320949
-0.431172728	-21.90092332
-0.427731436	-21.94549777
-0.473138216	-21.07632056
-0.436653099	-21.09860673
-0.423768753	-21.07632056
-0.440590365	-21.05403441
-0.446402555	-21.09860673
-1.090237237	-24.30787525
-1.037616452	-24.35244757
-1.047518292	-24.35244757
-1.009435404	-24.3301614
-1.067702151	-24.3301614
-1.581927867	-26.60339212
-1.559763464	-26.60339212
-1.59127388	-26.53653363
-1.634192253	-26.58110597
-1.632503628	-26.58110597
-1.626745863	-25.26619707
-1.594158588	-25.26619707
-1.653542014	-25.31077152
-1.66993317	-25.24391092
-1.593499099	-25.26619707
-1.983804703	-27.51714375
-1.885779691	-27.49485547
-1.935235661	-27.53942992
-1.895719916	-27.47256933
-1.976317135	-27.47256933
-2.274853461	-29.14406311
-2.333121564	-29.14406311
-2.216955323	-29.12177696
-2.24046504	-29.12177696
-2.253565451	-29.12177696
-2.644749524	-30.99385044
-2.678378862	-30.97156427
-2.711420373	-30.99385044
-2.724257116	-30.94927599
-2.610196549	-30.97156427
-3.136090777	-33.22250884
-3.16572152	-33.17793439
-3.126583083	-33.17793439
-3.233317602	-33.22250884
-3.126722259	-33.20022267
-3.660290473	-35.5848863
-3.575959765	-35.60717458
-3.635044409	-35.5180257
-3.617308099	-35.5848863
-3.657130606	-35.56260015
-4.103808041	-37.59067886
-4.047559266	-37.59067886
-4.094745008	-37.59067886
-4.091293062	-37.54610654
-4.082177359	-37.56839058
-4.578995471	-39.93077019
-4.652422258	-39.90848191
-4.562747003	-39.90848191
-4.624583564	-39.88619786
-4.543973257	-39.88619786
-5.25698583	-42.69430489
-5.200635226	-42.64973258
-5.162347805	-42.64973258
-5.165329553	-42.67202086
-5.214331285	-42.69430489
-5.459295897	-44.3657987
-5.536580027	-44.34351466
-5.531374337	-44.34351466
-5.525459361	-44.3657987
-5.531337309	-44.3657987
-5.545196165	-42.9617473
-5.500016982	-42.9617473
-5.582341451	-42.93945902
-5.54468862	-42.9617473
-5.540664649	-42.9617473
-5.653978741	-44.58866454
-5.698650379	-44.58866454
-5.742612731	-44.61095282
-5.68975142	-44.58866454
-5.639036483	-44.58866454
-5.986732392	-46.50531247
-5.96980975	-46.48302419
-6.001838086	-46.50531247
-5.971584562	-46.52760073
-5.989790431	-46.48302419
-6.423827119	-48.75625913
-6.418318817	-48.73397085
-6.421582428	-48.68939853
-6.454284299	-48.71168257
-6.370536789	-48.68939853
-6.951600061	-51.29692801
-6.926111078	-51.27463972
-6.88577943	-51.29692801
-6.944455485	-51.25235569
-6.867744019	-51.23006741
-7.339393955	-53.19128765
-7.4069645	-53.25814825
-7.344268943	-53.19128765
-7.396494385	-53.19128765
-7.330025756	-53.16899937
-7.903813576	-55.50909068
-7.795161876	-55.50909068
-7.8694633	-55.46451837
-7.834830204	-55.48680665
-7.931754098	-55.46451837
-7.864831551	-52.72076058
-7.953609186	-52.65390423
-7.842542337	-52.69847654
-7.927585843	-52.65390423
-7.862893303	-52.67618826
-8.17118966	-56.21975765
-8.189328495	-56.21975765
-8.200410856	-56.21975765
-8.218881032	-56.21975765
-8.163067021	-56.15289706
-8.721290122	-59.38445173
-8.706377869	-59.36216345
-8.761699657	-59.31759113
-8.73835577	-59.31759113
-8.713005324	-59.31759113
-9.016396049	-60.61021384
-8.966148437	-60.63249789
-9.043130593	-60.58792556
-8.933436351	-60.61021384
-9.022435518	-60.61021384
-9.323449398	-62.01426948
-9.291408294	-61.9919812
-9.348799844	-62.01426948
-9.225548719	-62.01426948
-9.307024725	-61.9919812
-9.778103274	-64.51036604
-9.769536294	-64.51036604
-9.79508912	-64.48807776
-9.778170308	-64.46579373
-9.790433111	-64.46579373
-10.26158827	-66.71673616
-10.29336251	-66.69445213
-10.2842848	-66.69445213
-10.30777297	-66.71673616
-10.24003516	-66.64987557
-10.26622704	-64.7778042
-10.32097936	-64.7778042
-10.29545079	-64.7778042
-10.35308494	-64.75551592
-10.30451191	-64.7778042
-10.4977832	-67.20704017
-10.49664107	-67.18475611
-10.50513144	-67.22932843
-10.55209054	-67.16246783
-10.5429892	-67.18475611
-10.87502207	-68.92311051
-10.81665629	-68.87853395
-10.86045201	-68.90082223
-10.82508729	-68.85624991
-10.91892377	-68.87853395
-11.27044	-70.99575944
-11.27298985	-70.97347538
-11.2729541	-70.99575944
-11.27315712	-70.97347538
-11.2353766	-70.97347538
-11.36603725	-69.3019816
-11.2697837	-69.32426564
-11.32717653	-69.34655392
-11.26746495	-69.3019816
-11.36905826	-69.3019816
-11.89429284	-73.29128266
-11.87015029	-73.26899438
-11.83227146	-73.22441784
-11.88949702	-73.2467061
-11.85272138	-73.2467061
-12.35622153	-75.2302104
-12.38093739	-75.20792212
-12.38144812	-75.20792212
-12.4004118	-75.20792212
-12.36754458	-75.18564231
-12.88359227	-77.59258999
-12.93128492	-77.59258999
-12.94690071	-77.59258999
-12.92373367	-77.59258999
-12.8515933	-77.54801343
-12.94827076	-75.49765278
-12.96141203	-75.4753645
-12.9806796	-75.49765278
-12.94142944	-75.4753645
-12.94457813	-75.49765278
-13.56378071	-79.73210374
-13.4856545	-79.75439203
-13.56045837	-79.70981546
-13.54873694	-79.68752718
-13.57741484	-79.70981546
-14.07950281	-82.0276185
-14.09565104	-82.00533021
-14.08927832	-82.00533021
-14.14136459	-81.98305043
-14.11235854	-81.96076215
-14.71875438	-84.03341105
-14.69914079	-84.01112277
-14.71181346	-83.9665547
-14.70116076	-84.01112277
-14.74518759	-83.98884299
-15.33568929	-86.44036721
-15.2866202	-86.46264702
-15.28123448	-86.46264702
-15.35721431	-86.41807893
-15.34374872	-86.44036721
-15.34183346	-83.67682402
-15.41222583	-83.65454423
-15.35346295	-83.65454423
-15.34938599	-83.67682402
-15.35634606	-83.63225595
-15.65729546	-86.73008943
-15.70599426	-86.73008943
-15.65023707	-86.73008943
-15.62747734	-86.68551286
-15.67348072	-86.68551286
-16.13289275	-88.53530442
-16.08656633	-88.51301614
-16.17087118	-88.51301614
-16.12758875	-88.49072786
-16.13833849	-88.49072786
-16.16085945	-85.97234726
-16.16359062	-85.95005898
-16.19592157	-85.99463554
-16.14840895	-85.99463554
-16.14604552	-85.99463554
-16.78386064	-90.74167454
-16.83927308	-90.74167454
-16.8265404	-90.71938626
-16.83611162	-90.71938626
-16.78980435	-90.69709798
-17.33270788	-92.39088004
-17.37794899	-92.34631197
-17.36558787	-92.30173541
-17.37109745	-92.32402369
-17.30564519	-92.30173541
-17.23010842	-89.35990293
-17.12680286	-89.38219121
-17.21206662	-89.4044795
-17.13280275	-89.4044795
-17.23641603	-89.4044795
-17.18393138	-88.93645952
-17.14280171	-88.93645952
-17.1433316	-88.91417124
-17.15190305	-88.91417124
-17.17082969	-88.93645952
-17.14124651	-85.9717873
-17.1590406	-85.9717873
-17.11265672	-85.99407558
-17.2105574	-85.99407558
-17.06920319	-85.9717873
-17.15737177	-85.86035436
-17.11334493	-85.88264265
-17.15343271	-85.90493093
-17.13790118	-85.86035436
-17.13369782	-85.86035436
-17.09955375	-85.79349802
-17.09883489	-85.8157863
-17.19220533	-85.8157863
-17.09632461	-85.8157863
-17.15396004	-85.79349802
-16.81060412	-80.55615079
-16.8749583	-80.53386251
-16.84456943	-80.53386251
-16.89910085	-80.55615079
-16.84981087	-80.51157423
-16.55085335	-75.56395766
-16.62362958	-75.63081404
-16.54464661	-75.56395766
-16.5833988	-75.58623747
-16.53956733	-75.58623747
-16.26723965	-71.30721842
-16.26707366	-71.30721842
-16.22471438	-71.3295067
-16.24772821	-71.3295067
-16.24466761	-71.35178651
-15.9122287	-66.67160811
-15.86867686	-66.60474751
-15.85936867	-66.64931983
-15.87649242	-66.64931983
-15.91792853	-66.67160811
-15.85432642	-67.27334503
-15.84726803	-67.27334503
-15.90516776	-67.29562908
-15.83357388	-67.22877271
-15.90373514	-67.25105674
-15.5103972	-62.32572424
-15.55976634	-62.32572424
-15.46447681	-62.37029655
-15.52282343	-62.32572424
-15.52106905	-62.37029655
-15.15956536	-58.11355733
-15.12090638	-58.13584562
-15.13656558	-58.11355733
-15.116786	-58.09127328
-15.21464455	-58.11355733
-15.11070057	-59.36160773
-15.13407318	-59.33931945
-15.0646576	-59.38389176
-15.06594849	-59.40618004
-15.07720897	-59.40618004
-14.62067367	-53.29965774
-14.635554	-53.34423006
-14.69002541	-53.29965774
-14.63236955	-53.34423006
-14.64296735	-53.32194177
-14.60321284	-52.69791658
-14.57043116	-52.72020486
-14.5751708	-52.69791658
-14.60821423	-52.72020486
-14.58561283	-52.67563254
-14.54724752	-53.14364824
-14.54523266	-53.14364824
-14.5626986	-53.14364824
-14.58905264	-53.14364824
-14.5451037	-53.12136421
-14.58424405	-53.59021564
-14.56495989	-53.56793159
-14.58914585	-53.56793159
-14.55700388	-53.61250392
-14.58461178	-53.56793159
-14.59552879	-53.56793159
-14.50863323	-53.61250392
-14.6223923	-53.56793159
-14.52852772	-53.56793159
-14.60486379	-53.61250392
-14.18536971	-48.97689359
-14.20433594	-48.97689359
-14.1744527	-48.97689359
-14.21659619	-48.97689359
-14.23708697	-48.97689359
-13.79269572	-44.5864374
-13.71532158	-44.56414912
-13.7823252	-44.56414912
-13.7823252	-44.56414912
-13.76758532	-44.54186509
-13.73325995	-45.09902969
-13.74599007	-45.12131372
-13.73850522	-45.07674141
-13.7179889	-45.09902969
-13.73174689	-45.09902969
-13.25888842	-40.26284181
-13.31950272	-40.26284181
-13.22174377	-40.28512585
-13.243136	-40.24055353
-13.26534159	-40.21826525
-12.7165135	-35.73866441
-12.76322681	-35.71637613
-12.75765466	-35.73866441
-12.78888497	-35.73866441
-12.70216433	-35.78323673
-12.16890224	-31.0361935
-12.18918873	-31.05848179
-12.19724816	-31.05848179
-12.19338826	-31.05848179
-12.19443017	-31.0361935
-11.71686781	-26.93546376
-11.62605106	-26.91317548
-11.67539466	-26.93546376
-11.68458155	-26.95774991
-11.64116888	-26.91317548
-11.62275552	-28.22808436
-11.67043541	-28.22808436
-11.59508378	-28.20579819
-11.65919025	-28.22808436
-11.63951537	-28.2503705
-11.05194403	-22.32213959
-10.99881586	-22.36671404
-11.02796363	-22.29985342
-10.99346971	-22.34442576
-11.02785893	-22.36671404
-11.05361414	-23.05759772
-10.94020492	-22.99073711
-11.02510095	-23.03531156
-11.013045	-23.01302327
-11.01791998	-23.01302327
-10.3443424	-17.93168341
-10.38317631	-17.90939724
-10.40920156	-17.90939724
-10.37286899	-17.95396955
-10.34334135	-17.93168341
-9.571350431	-13.40750601
-9.649816279	-13.38521984
-9.626227238	-13.42979322
-9.674165041	-13.38521984
-9.592305982	-13.42979322
-9.247965618	-11.22342099
-9.283802777	-11.1788476
-9.211902457	-11.20113482
-9.235743036	-11.20113482
-9.218945524	-11.20113482
-8.822397593	-9.19534226
-8.872174689	-9.1507689
-8.801784874	-9.173055046
-8.860253442	-9.1507689
-8.804929739	-9.19534226
-8.333448985	-6.832964266
-8.291060981	-6.877537649
-8.315958147	-6.855250946
-8.298526045	-6.832964266
-8.367202974	-6.832964266
-8.352347542	-7.501561778
-8.274936366	-7.501561778
-8.323141668	-7.501561778
-8.314469987	-7.456988396
-8.296264117	-7.501561778
-8.172378401	-6.676957972
-8.237069664	-6.654671804
-8.189008007	-6.676957972
-8.281030739	-6.676957972
-8.173927212	-6.654671804
-5.647477694	0.231882879
-5.680182118	0.142736537
-5.639301428	0.25416947
-5.680182118	0.142736537
-5.65565396	0.209596288
-5.312252713	1.145632849
-5.244580021	1.145632849
-5.23914035	1.101059667
-5.315312987	1.056486485
-5.238774853	1.078773053
-4.196892149	2.23767537
-4.162464305	2.23767537
-4.24504478	2.215388801
-4.153874023	2.215388801
-4.220366593	2.215388801
-4.114854331	1.614765454
-4.129927785	1.592478885
-4.085102926	1.592478885
-4.128246821	1.703911818
-4.138639367	1.570192205
-4.148330608	1.302753244
-4.120720788	1.369613062
-4.079947671	1.280466698
-4.180306274	1.235893449
-4.080689837	1.325039813
-3.859868096	2.305649534
-3.815372982	2.305649534
-3.816068223	2.327936214
-3.869604664	2.305649534
-3.838410745	2.327936214
-2.192384071	4.400588323
-2.073355945	4.422875003
-2.168433843	4.445161706
-2.081074143	4.422875003
-2.144924126	4.445161706
-2.15809253	4.021716452
-2.077295964	3.999430016
-2.073767088	3.999430016
-2.129144419	3.977143336
-2.090596521	4.021716452
-2.075778595	3.642844558
-2.090824757	3.709704376
-2.135448034	3.687417674
-2.06953132	3.731990789
-2.113865872	3.620557878
-1.853798598	4.400588323
-1.942423171	4.378301888
-1.820209481	4.400588323
-1.892050907	4.378301888
-1.89933035	4.422875003
-0.443352217	6.584673588
-0.498837241	6.517814059
-0.376988488	6.562386908
-0.459945992	6.562386908
-0.471359135	6.562386908
0.769898095	8.746472461
0.701056612	8.746472461
0.756728414	8.79104531
0.725734082	8.746472461
0.717165665	8.746472461
1.662922343	11.08656377
1.626654728	11.08656377
1.644308044	11.06427656
1.575665748	11.04199039
1.637593125	11.06427656
2.31781349	13.27064879
2.379097178	13.15921586
2.267024816	13.20378924
2.398987842	13.22607541
2.362376437	13.22607541
3.070406768	15.72217302
3.056159432	15.69988687
3.018085562	15.67759964
3.062236567	15.67759964
3.049005917	15.65531349
3.86049343	18.46342264
3.848369165	18.37427588
3.827589818	18.46342264
3.815890422	18.41885033
3.8361801	18.44113649
4.158846689	19.88976445
4.242629312	19.88976445
4.221246018	19.93433677
4.220534817	19.84519211
4.2358796	19.9120506
4.812019045	22.18528345
4.820939391	22.16299517
4.707660412	22.11842283
4.815934485	22.140709
4.79900897	22.11842283
4.872081752	21.0263798
4.734713848	21.0263798
4.853866625	20.95952132
4.81077923	21.0263798
4.797982388	20.93723303
4.909746712	22.47500776
4.956568235	22.49729392
4.946997337	22.49729392
5.011175948	22.47500776
4.86387165	22.49729392
5.319064353	24.39165355
5.379550652	24.3693674
5.37653411	24.48080031
5.352000844	24.50308648
5.423280618	24.436228
5.898068396	26.55345347
5.89804669	26.57573964
5.845548003	26.53116732
5.942610435	26.53116732
5.873790499	26.50887904
6.421192991	28.80439804
6.395972145	28.82668418
6.430291776	28.78211187
6.451219237	28.82668418
6.482899633	28.87125863
6.956774469	30.92162351
6.850922886	30.96619582
7.004033629	30.9884841
6.950334071	30.96619582
6.925717172	31.03305642
7.434363002	33.32857542
7.468085071	33.35086159
7.435401076	33.30628714
7.459948387	33.28400099
7.512044869	33.26171482
7.967686383	35.51265939
7.94548144	35.42351263
7.962536235	35.46808705
7.995214485	35.40122646
7.906286821	35.46808705
8.421954651	37.67445718
8.428209906	37.65217314
8.425552157	37.62988486
8.400730324	37.60759658
8.434249375	37.65217314
8.897961815	39.79168267
8.907767333	39.74711033
8.822055399	39.68024973
8.937462876	39.76939861
8.82813828	39.76939861
9.394664054	41.99805701
9.316073075	41.99805701
9.371207805	41.95348045
9.330209007	41.97576873
9.389679258	41.95348045
9.833790877	44.18213885
9.863674116	44.18213885
9.763424684	44.18213885
9.845841723	44.20442713
9.839017635	44.15985482
9.848269003	42.95637674
9.819494063	42.88952037
9.837858899	42.95637674
9.761755211	42.86723209
9.834216704	42.80037149
10.0237577	44.78388002
9.957464637	44.76159174
10.00559524	44.80616405
10.00442566	44.80616405
9.983322628	44.76159174
10.34211494	46.58909076
10.30726031	46.54451845
10.26852727	46.61137904
10.25818612	46.56680673
10.30287947	46.54451845
10.70325346	48.72860454
10.69942867	48.70631625
10.7684695	48.6840322
10.61496102	48.70631625
10.7469432	48.70631625
11.18476637	50.97954697
11.09701404	50.93497463
11.19037043	50.93497463
11.19494919	50.9126906
11.12622566	50.93497463
11.68900964	53.4310712
11.55318672	53.40878716
11.65927963	53.4310712
11.59493439	53.45335948
11.66757272	53.38649888
12.08743964	55.54829669
12.02638611	55.50372435
12.06312727	55.52601263
11.99484935	55.48144032
12.09274876	55.48144032
11.99938215	52.51509667
12.07745217	52.51509667
12.02962929	52.49280839
12.04138391	52.49280839
12.01219655	52.47052011
12.37757929	56.05866184
12.29566213	56.03637356
12.30795686	56.0140895
12.31956719	55.99180122
12.35179344	56.0140895
12.54841198	57.81930027
12.61273296	57.81930027
12.61370208	57.84158855
12.53952515	57.81930027
12.6330105	57.84158855
13.04133476	59.89195342
12.88795524	59.93652574
13.01264281	59.86966939
12.92199971	59.84738111
12.99087647	59.82509283
13.37553316	61.85317367
13.37518969	61.85317367
13.35426223	61.80860135
13.38106827	61.85317367
13.38989126	61.78631307
13.92859909	64.41613082
13.94204169	64.41613082
13.9534554	64.41613082
13.95430705	64.41613082
13.98848559	64.34927023
14.46350703	66.33277873
14.35723537	66.31049045
14.39515634	66.33277873
14.3450811	66.35506279
14.44873012	66.33277873
14.43962879	64.57213605
14.3201635	64.61670839
14.40889645	64.57213605
14.32294447	64.54985202
14.42854834	64.57213605
14.58444962	66.93451565
14.5228164	66.93451565
14.62404581	66.9567997
14.48376415	66.88994333
14.58923906	66.86765505
14.84436128	68.73972641
14.88603617	68.71744238
14.91065754	68.7620147
14.85011091	68.71744238
14.90030489	68.71744238
15.44225718	71.43640052
15.50114008	71.48097708
15.38200422	71.41412073
15.48114344	71.36954417
15.45628586	71.36954417
15.80598896	73.15247088
15.92158158	73.10789432
15.88615046	73.10789432
15.84571283	73.08561453
15.94476139	73.10789432
16.30292997	75.51485048
16.43022103	75.51485048
16.40139501	75.47027391
16.37574962	75.44798563
16.42590785	75.47027391
16.45979655	75.44798563
16.52324927	75.47027391
16.41386977	75.51485048
16.51091497	75.51485048
16.45060966	75.53713876
16.71728603	76.62917968
16.69075323	76.62917968
16.71647396	76.6068914
16.62247404	76.58460311
16.72369579	76.6068914
16.71743032	75.22511981
16.69545457	75.20284
16.72766294	75.22511981
16.60317711	75.26969637
16.7568503	75.24740809
16.98649183	77.56521112
16.94003645	77.52064303
17.06897719	77.54293132
16.90336806	77.56521112
17.03555454	77.54293132
17.48198618	79.77158972
17.45918559	79.74930144
17.54500222	79.74930144
17.37105404	79.72701316
17.53159282	79.72701316
18.02484119	81.79966208
18.14571867	81.82195037
17.98638906	81.79966208
18.07675764	81.77738228
18.07850181	81.73280571
18.61914278	83.89460774
18.56676411	83.89460774
18.62481835	83.91688755
18.61878909	83.91688755
18.6181711	83.87231949
18.63654104	82.04481619
18.65201255	82.02252791
18.58989668	82.02252791
18.64700605	82.00024812
18.63304632	82.02252791
19.06649886	85.47694842
19.0978926	85.47694842
19.09676004	85.45466864
19.14228972	85.43238035
19.02329814	85.38780379
19.34618499	86.12326615
19.29215919	86.07868958
19.34603943	86.10097787
19.33044789	86.07868958
19.25237531	86.07868958
19.31739983	79.68577941
19.18842206	79.68577941
19.30633726	79.66349962
19.22956451	79.68577941
19.29287295	79.68577941
19.24236614	79.4183455
19.32445439	79.44063378
19.17359919	79.48520185
19.32576443	79.46291359
19.28452367	79.4183455
19.26376092	78.32630458
19.15894358	78.34858439
19.25915663	78.25943973
19.17384562	78.25943973
19.3047361	78.21487167
19.10127496	75.96392498
19.08812092	76.00849305
19.06503049	75.9416367
19.13526963	76.03078133
19.01906285	76.03078133
18.85122308	71.3505987
18.80422121	71.32831042
18.73524997	71.30603064
18.82292696	71.28374236
18.78640286	71.3505987
18.46070441	66.67042032
18.46219448	66.69270436
18.45012831	66.67042032
18.53033961	66.71499264
18.39519341	66.69270436
18.55113683	67.09386371
18.40382742	67.11615199
18.49769073	67.11615199
18.51234122	67.09386371
18.38505527	67.09386371
18.05414858	62.19081524
18.2056422	62.16852696
18.14082453	62.16852696
18.13050125	62.23538755
18.15624113	62.19081524
17.81786235	58.17923012
17.81077076	58.2015184
17.83782579	58.2015184
17.8525861	58.2015184
17.75975832	58.17923012
17.55263775	55.70541759
17.60434096	55.70541759
17.63370963	55.72770588
17.55484541	55.68313356
17.69117396	55.70541759
17.66188701	56.41496888
17.56311297	56.43725291
17.6202466	56.41496888
17.59357462	56.3926806
17.57224623	56.3926806
17.53728881	57.12813873
17.60771055	57.08356642
17.54729799	57.17271105
17.64899472	57.10585045
17.50857261	57.12813873
17.27661488	53.11655362
17.33570336	53.1388419
17.37411974	53.16112593
17.23255868	53.16112593
17.36156199	53.1388419
17.00423102	49.1049685
16.98961755	49.1049685
17.0025558	49.1049685
17.0265911	49.08268022
16.97882439	49.14954081
16.57256862	44.5807911
16.64198931	44.53621878
16.54621585	44.5807911
16.58818441	44.5807911
16.62244595	44.5807911
16.60735621	45.16024398
16.5727295	45.18252801
16.55546275	45.16024398
16.62901403	45.16024398
16.48138031	45.18252801
16.04203004	39.94518079
16.17532481	39.96746907
16.13297958	39.98975735
16.09382391	40.01204138
16.19730056	39.98975735
15.62207501	35.82216276
15.77082215	35.84445102
15.67627318	35.84445102
15.67054015	35.8667393
15.71254191	35.84445102
15.25275576	31.18655456
15.17067134	31.16426839
15.19602307	31.16426839
15.24058362	31.11969608
15.09628246	31.16426839
14.72371747	27.59841497
14.80432714	27.59841497
14.6812752	27.5761288
14.77952701	27.55384265
14.77779817	27.59841497
14.09870653	22.4947868
14.19603135	22.53936125
14.10127682	22.45021448
14.12405825	22.4947868
14.10826498	22.4947868
14.16605363	23.07423756
14.05250779	23.09652585
14.14638641	23.09652585
14.1562845	23.09652585
14.04951742	23.07423756
13.51402851	17.94832325
13.50796862	17.83689034
13.46294329	17.85917862
13.52889225	17.88146476
13.52064639	17.90375093
13.52899184	18.88436105
13.47458555	18.88436105
13.48393204	18.92893337
13.48654063	18.86207489
13.45896976	18.88436105
12.78500082	13.49100751
12.90433331	13.42414798
12.8102223	13.46872136
12.826345	13.46872136
12.8787326	13.46872136
12.10895317	9.122837471
12.05162547	9.055976874
12.12774575	9.01140456
12.09730198	9.055976874
12.11067564	9.100550257
11.60345349	6.827319006
11.7105934	6.827319006
11.60832592	6.827319006
11.65262472	6.849605174
11.68157076	6.805032326
11.2136243	4.687806857
11.19921385	4.665520154
11.07037781	4.687806857
11.22769256	4.710093537
11.15517808	4.687806857
10.91378703	3.439758042
10.86374499	3.439758042
10.81420986	3.439758042
10.85823158	3.41747134
10.88807013	3.462044722
10.82921532	4.329271343
10.85434743	4.373844436
10.83123401	4.329271343
10.83711132	4.329271343
10.92272749	4.351558023
10.76074716	3.393234848
10.66033237	3.393234848
10.79752279	3.393234848
10.71383466	3.437807964
10.76008575	3.393234848
10.77088657	4.418417552
10.70816483	4.351558023
10.73802828	4.373844436
10.77973509	4.329271343
10.6666936	4.351558023
10.69084765	4.485277369
10.78105024	4.462990667
10.7274241	4.50756405
10.77464432	4.485277369
10.7460724	4.50756405
10.70468991	4.440704254
10.77033242	4.440704254
10.74334123	4.418417552
10.69866895	4.418417552
10.75270049	4.440704254
10.70775114	3.816679858
10.73093159	3.816679858
10.70103494	3.816679858
10.78010027	3.838966538
10.69597609	3.838966538
10.7623049	3.370948168
10.64640776	3.393234848
10.7399627	3.370948168
10.75102399	3.393234848
10.65714729	3.393234848
10.65198054	3.148082324
10.74098034	3.148082324
10.65882506	3.170369026
10.71004626	3.170369026
10.62208453	3.148082324
10.64089243	3.036649412
10.63233694	3.036649412
10.65244659	3.058936092
10.66072181	3.036649412
10.64505941	3.058936092
10.3970939	1.8108873
10.43703356	1.83317398
10.31582283	1.8108873
10.46026763	1.788600731
10.42729635	1.83317398
10.39016192	1.96689346
10.37028338	1.900033642
10.36662459	1.877747096
10.3871741	1.944606891
10.36773608	1.922320211
10.38413266	1.96689346
10.31420379	2.011466576
10.42560453	1.96689346
10.35070746	1.96689346
10.388156	1.96689346
10.3228078	1.989180007
10.40004021	1.989180007
10.38842988	2.011466576
10.35902099	2.033753122
10.38959691	2.011466576
10.28357615	1.944606891
10.39809175	1.944606891
10.42205299	1.989180007
10.28592107	1.944606891
10.42073018	1.96689346
10.41241346	2.033753122
10.31030942	2.033753122
10.40812072	2.10061294
10.37008866	2.033753122
10.3312522	2.078326371
10.34854704	2.189759305
10.34095876	2.212045852
10.39635078	2.234332554
10.31828586	2.212045852
10.38901531	2.189759305
10.32413316	3.526954195
10.4139942	3.504667782
10.4435595	3.504667782
10.33625232	3.504667782
10.42907818	3.526954195
10.42300488	3.660673809
10.4003109	3.682960511
10.40515269	3.705246924
10.3973116	3.660673809
10.39228531	3.660673809
10.4186834	3.861252973
10.39386348	3.838966538
10.41848358	3.883539653
10.48146323	3.883539653
10.31121278	3.861252973
10.4571017	3.883539653
10.42150523	3.883539653
10.37634009	3.883539653
10.44538156	3.861252973
10.45096072	3.838966538
10.46166961	3.972685884
10.42571242	3.994972565
10.38533162	3.928112769
10.48861483	3.928112769
10.39454021	3.950399449
10.38356638	3.994972565
10.41734208	3.972685884
10.47313119	3.950399449
10.3430962	3.994972565
10.43295723	3.972685884
10.38493324	3.972685884
10.4400501	3.950399449
10.44208985	3.928112769
10.41839228	3.950399449
10.4314812	3.950399449
10.42393314	4.061832382
10.46709428	4.061832382
10.33274802	4.061832382
10.45550373	4.061832382
10.44256803	4.061832382
10.44546647	4.245417984
10.38268664	4.223131571
10.35595784	4.245417984
10.35404768	4.289991366
10.33601227	4.223131571
10.35994159	4.156271753
10.38996847	4.178558455
10.42604951	4.200844868
10.40659808	4.178558455
10.37264235	4.200844868
10.43078788	4.624290122
10.38846244	4.624290122
10.38953562	4.57971674
10.39215507	4.512857211
10.37552482	4.512857211
10.37136742	3.688253383
10.2889191	3.688253383
10.31443234	3.688253383
10.28220227	3.688253383
10.29548973	3.66596697
10.21240363	2.618497564
10.20064837	2.618497564
10.28122484	2.640784
10.24887091	2.596210884
10.27987905	2.640784
10.2291705	2.529351066
10.18353229	2.507064653
10.20095162	2.529351066
10.13787876	2.484777951
10.2231521	2.507064653
9.097592426	0.3229793
9.097592426	0.3229793
9.086107221	0.300692709
9.097592426	0.3229793
9.086107221	0.300692709
5.629030501	-6.407568934
5.617374837	-6.362996085
5.608185397	-6.385282254
5.676758902	-6.318422703
5.633206417	-6.385282254
5.288641009	-6.608148099
5.340787287	-6.56357525
5.301524676	-6.58586193
5.367814547	-6.56357525
5.349382357	-6.58586193
5.279662885	-6.251563174
5.286504531	-6.229276472
5.265724865	-6.251563174
5.368117798	-6.229276472
5.378909038	-6.251563174
5.198905742	-6.630434779
5.152558247	-6.630434779
5.131397124	-6.630434779
5.131397124	-6.630434779
5.177276017	-6.652721481
4.329321223	-7.58875822
4.359215954	-7.58875822
4.374361869	-7.611044366
4.332381178	-7.611044366
4.286705941	-7.611044366
3.40326097	-8.881379861
3.378036293	-8.859093181
3.366485969	-8.881379861
3.35046382	-8.836806479
3.452261745	-8.859093181
3.340255139	-7.923056976
3.401214828	-7.923056976
3.396439754	-7.878483594
3.422794118	-7.878483594
3.381892998	-7.923056976
3.210027343	-8.836806479
3.194842804	-8.79223363
3.120821966	-8.814520333
3.133580184	-8.814520333
3.101005997	-8.814520333
2.54137406	-10.19628823
2.515271394	-10.15171484
2.464392223	-10.15171484
2.495759633	-10.12942868
2.460672299	-10.12942868
2.054931097	-10.90945912
2.041032179	-10.93174527
2.072095701	-10.93174527
2.051276452	-10.93174527
2.096569594	-10.90945912
1.564461289	-12.11293507
1.545786978	-12.09064785
1.609524599	-12.04607447
1.546320858	-12.11293507
1.591423431	-12.0683617
1.131799443	-13.24955043
1.172573357	-13.22726427
1.150738619	-13.22726427
1.08941096	-13.20497705
1.072146683	-13.22726427
0.749005188	-14.18558717
0.741373975	-14.14101379
0.708127291	-14.14101379
0.719491595	-14.20787334
0.71542868	-14.18558717
0.269887794	-15.45592267
0.277137132	-15.47820884
0.250071347	-15.45592267
0.330095981	-15.41134929
0.299236196	-15.43363545
-0.044997921	-16.54796466
-0.060816483	-16.52567849
-0.05746461	-16.52567849
-0.086814238	-16.54796466
-0.043729637	-16.50339127
-0.336151809	-17.4840014
-0.377599458	-17.50628754
-0.393291223	-17.46171523
-0.383414561	-17.43942801
-0.374642847	-17.46171523
-0.675006775	-18.82119537
-0.711400718	-18.84348365
-0.675501233	-18.82119537
-0.73948313	-18.82119537
-0.718906721	-18.77662304
-1.068853465	-19.91323841
-0.986215771	-19.82409164
-1.008262863	-19.89095224
-0.962792241	-19.86866609
-1.024833176	-19.82409164
-1.195404751	-20.98299529
-1.226039492	-20.93842084
-1.250486252	-20.98299529
-1.260770586	-20.96070912
-1.211363217	-20.98299529
-1.498031764	-22.00817773
-1.514379667	-22.07503832
-1.495174827	-22.00817773
-1.494589394	-22.05275004
-1.491073127	-22.05275004
-1.493101712	-21.20586111
-1.518874314	-21.16128669
-1.52626197	-21.16128669
-1.517527564	-21.16128669
-1.57814458	-21.16128669
-2.039026737	-24.32598287
-2.051797245	-24.32598287
-2.070879986	-24.25912228
-2.114966511	-24.30369673
-2.116985519	-24.30369673
-2.093399671	-23.10022076
-2.093437976	-23.07793459
-2.122252497	-23.12250693
-2.050620314	-23.07793459
-2.061372452	-23.07793459
-2.600958429	-26.57692744
-2.568918282	-26.55464128
-2.62970049	-26.55464128
-2.634817279	-26.51006685
-2.6345742	-26.55464128
-3.30139665	-29.71933535
-3.283335383	-29.67476303
-3.25927774	-29.6970492
-3.286112197	-29.71933535
-3.371154746	-29.67476303
-3.534617177	-30.878239
-3.593149586	-30.92281132
-3.563496817	-30.878239
-3.562113038	-30.90052515
-3.56659795	-30.83366455
-4.078798512	-33.21833031
-4.037669476	-33.21833031
-4.039180301	-33.21833031
-4.056244353	-33.15146972
-4.055038056	-33.17375586
-4.540343192	-35.49156103
-4.489404488	-35.42470044
-4.473789014	-35.42470044
-4.495914473	-35.44698872
-4.471427812	-35.42470044
-4.94846028	-37.67564498
-4.966422273	-37.67564498
-4.957727928	-37.65336095
-5.020323891	-37.67564498
-4.931058503	-37.63107267
-5.411637085	-39.77058642
-5.347860999	-39.74829814
-5.368350822	-39.74829814
-5.338493119	-39.7260141
-5.404275445	-39.74829814
-5.813568187	-42.04381714
-5.797954948	-42.04381714
-5.831568485	-42.02152886
-5.843628269	-42.04381714
-5.853859614	-42.04381714
-6.263805462	-44.25018726
-6.249027916	-44.25018726
-6.303805768	-44.22790322
-6.263091706	-44.27247554
-6.302117782	-44.22790322
-6.266869885	-42.8684199
-6.211115886	-42.8684199
-6.238854029	-42.84613586
-6.293811916	-42.82384758
-6.298733509	-42.89070818
-6.425310172	-44.62906258
-6.390639409	-44.67363489
-6.382717235	-44.69591893
-6.489151058	-44.6067743
-6.413554915	-44.62906258
-6.810598261	-46.65713917
-6.749171248	-46.63485513
-6.74145273	-46.63485513
-6.725027419	-46.61256685
-6.730904728	-46.61256685
-6.760414491	-46.12226285
-6.783298076	-46.18912345
-6.751721104	-46.09997457
-6.717391896	-46.1445469
-6.795641319	-46.1445469
-6.762567887	-44.43377499
-6.749136773	-44.43377499
-6.780569462	-44.41148671
-6.739590454	-44.41148671
-6.774994764	-44.43377499
-6.956024962	-46.95215982
-6.951999075	-46.95215982
-7.023899395	-46.92987153
-6.960757581	-46.92987153
-6.941957341	-46.92987153
-7.240394552	-48.89109178
-7.211336154	-48.89109178
-7.2546371	-48.91337581
-7.254702219	-48.8688035
-7.267296363	-48.8688035
-7.628406786	-51.07517786
-7.687015168	-51.07517786
-7.645071506	-51.05288958
-7.642243937	-51.0306013
-7.685746625	-51.0306013
-8.212029491	-53.45984149
-8.128476061	-53.41526918
-8.129717153	-53.37069262
-8.161555877	-53.41526918
-8.149333295	-53.3929809
-8.636560719	-55.57706696
-8.600826984	-55.55477868
-8.59343853	-55.55477868
-8.670220222	-55.53249465
-8.621216894	-55.51020637
-9.070761481	-57.5382872
-9.034660653	-57.5382872
-9.082913836	-57.49371064
-9.065457474	-57.49371064
-9.080908554	-57.49371064
-9.515264452	-59.96752317
-9.501161719	-59.96752317
-9.50922243	-59.96752317
-9.464218813	-59.96752317
-9.503206583	-59.94523489
-9.979198425	-62.21846985
-9.948501836	-62.19618157
-9.919785631	-62.19618157
-9.899709187	-62.15160924
-9.924194571	-62.17389329
-10.40479262	-64.49170057
-10.42705822	-64.42483995
-10.4501595	-64.46941229
-10.40254602	-64.42483995
-10.46477297	-64.46941229
-10.85926072	-66.58663776
-10.8828338	-66.54206544
-10.80344479	-66.51977716
-10.82893442	-66.54206544
-10.82181729	-66.47520485
-10.77412464	-64.91514396
-10.83032745	-64.84828336
-10.85812561	-64.89285992
-10.8737797	-64.87057164
-10.8251856	-64.91514396
-11.00868968	-67.05465771
-11.00751116	-67.05465771
-11.01916235	-67.01008539
-10.95791346	-66.98779711
-10.9756718	-67.01008539
-11.30383073	-68.85986848
-11.33291721	-68.83758444
-11.35289598	-68.83758444
-11.34697654	-68.85986848
-11.28542375	-68.81529616
-11.37731944	-68.77072385
-11.32926034	-68.79301213
-11.35659117	-68.81529616
-11.41711864	-68.77072385
-11.40887917	-68.77072385
-11.40630506	-67.25523527
-11.38195566	-67.25523527
-11.37218014	-67.27752355
-11.43320559	-67.23295124
-11.41835207	-67.27752355
-11.59548726	-69.30560017
-11.56220634	-69.32788842
-11.55451081	-69.30560017
-11.60773602	-69.30560017
-11.61743875	-69.32788842
-11.95230621	-70.97709395
-11.88006242	-70.99938223
-11.89846556	-71.04395456
-11.86183421	-70.95480991
-11.90516388	-70.95480991
-12.30171437	-73.11660772
-12.34722362	-73.11660772
-12.32465413	-73.04975135
-12.32505762	-73.11660772
-12.2931825	-73.09431944
-12.72310967	-74.69895687
-12.69808482	-74.69895687
-12.66161945	-74.72124515
-12.65261898	-74.67666859
-12.66598498	-74.72124515
-12.91998868	-75.52355538
-12.87011136	-75.52355538
-12.87868153	-75.52355538
-12.89906888	-75.47898731
-12.87992773	-75.47898731
-13.16695188	-76.70474943
-13.12642359	-76.63788458
-13.13431959	-76.63788458
-13.11928221	-76.59331651
-13.09489578	-76.6156048
-13.39793282	-77.79679034
-13.36085201	-77.77450206
-13.37113571	-77.75221378
-13.35048277	-77.75221378
-13.34527836	-77.75221378
-13.85981044	-79.42370758
-13.86223516	-79.37913949
-13.80131697	-79.35685121
-13.78482526	-79.37913949
-13.77347796	-79.33456293
-14.08479022	-80.87233554
-14.08637861	-80.82776745
-14.06433646	-80.85005573
-14.05917546	-80.82776745
-14.10336573	-80.80547919
-14.43491723	-81.87523181
-14.44187475	-81.83066374
-14.38142389	-81.83066374
-14.40883516	-81.80837546
-14.42163168	-81.78608718
-14.33324987	-80.04773703
-14.30053714	-80.02544875
-14.35104906	-80.04773703
-14.36635586	-80.02544875
-14.40733614	-80.02544875
-14.3165411	-78.53224423
-14.37713242	-78.55453251
-14.32121179	-78.55453251
-14.33062085	-78.55453251
-14.38301228	-78.55453251
-14.36256874	-77.01564847
-14.38628738	-76.99336019
-14.3618984	-77.01564847
-14.38436829	-77.03792825
-14.3837337	-77.01564847
-14.38731779	-75.43329929
-14.410564	-75.38872273
-14.39058524	-75.38872273
-14.38823457	-75.38872273
-14.35968563	-75.38872273
-14.09575702	-70.88683363
-14.06922805	-70.88683363
-14.032409	-70.90912192
-14.06002329	-70.86454958
-14.05686055	-70.8422613
-13.78349862	-66.47409339
-13.80851837	-66.47409339
-13.80872138	-66.45180511
-13.83323805	-66.45180511
-13.80909167	-66.42951683
-13.78117732	-66.76381559
-13.81728262	-66.76381559
-13.76975468	-66.76381559
-13.80746369	-66.80839215
-13.8150558	-66.78610387
-13.77237604	-67.74442784
-13.73955734	-67.78900016
-13.74412716	-67.76671188
-13.77200576	-67.76671188
-13.74564022	-67.76671188
-13.39950589	-62.41793171
-13.38213571	-62.46250828
-13.40080827	-62.44022
-13.38213571	-62.46250828
-13.38183183	-62.44022
-13.02395054	-57.40345033
-13.02895193	-57.42573861
-13.03570643	-57.40345033
-13.02831734	-57.40345033
-13.03977318	-57.38116628
-12.65304034	-53.34729288
-12.67526891	-53.4141535
-12.65867761	-53.39186522
-12.66465579	-53.43644178
-12.70159486	-53.43644178
-12.24115242	-48.80083144
-12.22499524	-48.8231155
-12.24387209	-48.77854316
-12.2316693	-48.84540378
-12.26021952	-48.84540378
-11.74954351	-44.23208175
-11.76593307	-44.27665407
-11.76479029	-44.25436578
-11.77352262	-44.25436578
-11.79837893	-44.25436578
-11.72017739	-45.34668667
-11.77052332	-45.36897496
-11.74234211	-45.34668667
-11.76484903	-45.34668667
-11.7781167	-45.34668667
-11.32525871	-39.97562248
-11.34638025	-39.99790654
-11.33795053	-40.02019479
-11.2988638	-39.99790654
-11.27904975	-39.99790654
-10.79842425	-35.29543985
-10.79271165	-35.29543985
-10.80950852	-35.29543985
-10.7644666	-35.31772602
-10.76891384	-35.27315157
-10.32760809	-31.37299937
-10.38003655	-31.35071322
-10.36643051	-31.35071322
-10.34977409	-31.37299937
-10.32226641	-31.35071322
-9.739863734	-26.7819635
-9.732172668	-26.75967734
-9.768579938	-26.7819635
-9.750372792	-26.82653793
-9.754309938	-26.7819635
-9.715861634	-27.91857885
-9.722579107	-27.91857885
-9.695132723	-27.9631533
-9.688186695	-27.89629271
-9.668209844	-27.89629271
-9.043724325	-21.9680618
-9.044627053	-21.92348946
-9.083341579	-21.9680618
-9.080278432	-21.99034794
-9.110626442	-21.92348946
-9.079993696	-22.48065406
-9.02730029	-22.45836578
-9.057869195	-22.45836578
-9.026093673	-22.48065406
-9.027682066	-22.43607963
-8.510163452	-17.93419051
-8.516916676	-17.91190435
-8.523591374	-17.93419051
-8.513650511	-17.95647668
-8.444835044	-17.93419051
-7.782524959	-13.69973955
-7.780038945	-13.67745234
-7.815898449	-13.72202572
-7.787512947	-13.72202572
-7.844307573	-13.69973955
-7.230889731	-10.75791026
-7.253256833	-10.73562411
-7.267530663	-10.73562411
-7.286675013	-10.73562411
-7.275082553	-10.73562411
-6.803001044	-8.417818943
-6.783244448	-8.484678472
-6.769383676	-8.440105624
-6.745289644	-8.484678472
-6.767289015	-8.484678472
-6.384865524	-6.880044755
-6.399006563	-6.857758075
-6.362620999	-6.924617604
-6.402827516	-6.880044755
-6.43103426	-6.880044755
-6.375478172	-7.281203062
-6.347740668	-7.303489742
-6.362847	-7.303489742
-6.385189204	-7.303489742
-6.381532963	-7.281203062
-6.239284325	-6.590318848
-6.249225189	-6.568032679
-6.300000137	-6.63489223
-6.30779718	-6.590318848
-6.316998751	-6.612605528
-3.02317474	0.073369546
-3.02317474	0.073369546
-3.012195484	0.095656137
-2.968277822	0.184802479
-3.001215909	0.117942728
-2.957298247	0.207089048
-3.012195484	0.095656137
-2.968277822	0.184802479
-2.968277822	0.184802479
-2.979257078	0.162515888
-1.991110002	2.168308446
-1.995511281	2.190594992
-1.978486651	2.034588965
-1.95970285	2.168308446
-1.95180749	2.168308446
-1.928910179	1.990015716
-1.918994693	1.990015716
-1.9162822	1.96772917
-1.89706507	2.034588965
-1.943520937	1.990015716
-1.925992114	1.724526834
-1.932053448	1.613093901
-1.954342982	1.702240265
-1.934292393	1.657667016
-1.890692026	1.702240265
-0.801126329	3.195441472
-0.896074148	3.240014587
-0.870146649	3.195441472
-0.889962059	3.195441472
-0.910382693	3.150868089
0.146732652	4.309770673
0.190896904	4.309770673
0.147701018	4.332057108
0.118820729	4.332057108
0.1307764	4.309770673
0.978244917	5.557819221
0.99815202	5.49095967
0.995404014	5.535532541
1.002519064	5.49095967
0.991653846	5.580105901
1.672992008	6.761294653
1.671186711	6.739008484
1.651096221	6.694435102
1.617958787	6.739008484
1.572339572	6.694435102
2.040635081	7.585898458
2.00839032	7.585898458
2.04147253	7.585898458
2.037400677	7.608185161
2.053488583	7.630471841
2.53352706	8.856233976
2.509474046	8.878520122
2.495535547	8.878520122
2.517227198	8.856233976
2.540737553	8.856233976
2.984221125	9.948275941
2.991917298	9.970563154
2.989933722	9.948275941
3.01271484	9.992849323
2.94684122	9.903703626
3.303276801	10.97345944
3.308338846	10.95117223
3.329591264	10.88431268
3.307974308	10.97345944
3.288865391	10.95117223
3.601254349	12.04321526
3.566969831	12.06550143
3.580236232	12.06550143
3.612714017	12.02092909
3.638537853	12.04321526
4.009130114	13.20211785
3.950520455	13.20211785
3.944676344	13.17983061
3.911286254	13.15754446
3.93829117	13.17983061
4.2745638	14.38330658
4.295122253	14.33873319
4.256328563	14.33873319
4.245280358	14.31644705
4.247594636	14.33873319
4.514235578	15.51992195
4.565532117	15.58678254
4.528373744	15.49763578
4.556086988	15.49763578
4.596178909	15.51992195
5.17004302	17.70400801
5.136487898	17.6817208
5.163293945	17.72629418
5.157271395	17.70400801
5.163206482	17.65943463
5.72706461	19.9103792
5.751611922	19.88809303
5.757016161	19.86580686
5.768117036	19.9772398
5.736432171	19.82123244
6.311667931	22.0053185
6.309160211	22.11675143
6.293197116	22.0053185
6.272851896	22.02760467
6.298614124	21.98303235
6.233469581	21.13614131
6.265005694	21.15842748
6.304639547	21.15842748
6.286464322	21.18071363
6.274982947	21.22528808
6.880498406	24.45684275
6.864610646	24.4122683
6.842241629	24.32312367
6.776117748	24.4122683
6.754116462	24.4122683
7.350936618	26.44034914
7.35604846	26.50720762
7.33155733	26.48492147
7.358926465	26.48492147
7.37182322	26.39577471
7.807825608	28.8695851
7.840865204	28.78044047
7.874621109	28.78044047
7.822018359	28.80272662
7.828769029	28.78044047
8.304861103	31.27653701
8.31550423	31.2319647
8.379244883	31.1651041
8.354663735	31.20967642
8.344852472	31.14281793
9.007038703	34.95382337
8.997137422	34.95382337
8.966768344	34.93153723
8.973880999	34.88696278
9.019191059	34.90925106
9.226427826	36.11272489
9.152167899	36.13501317
9.155788388	36.06815257
9.186086602	36.13501317
9.18393959	36.11272489
9.560650484	37.828791
9.583866048	37.80650697
9.543452682	37.76193466
9.556641835	37.69507406
9.571660704	37.76193466
9.986551126	39.76772721
9.997035286	39.83458356
9.950379434	39.81229953
9.944902415	39.76772721
9.967682575	39.81229953
10.3283793	42.13010256
10.34184425	42.10781853
10.35561756	42.10781853
10.37691211	42.13010256
10.39552402	42.15239084
10.74307564	44.26961633
10.72252996	44.31418865
10.7604139	44.24732805
10.77300868	44.24732805
10.72951685	44.24732805
10.68717864	43.06613825
10.67727927	43.06613825
10.69844167	43.06613825
10.72064023	43.0438542
10.65941241	43.1107148
11.12204783	46.3868418
11.10509518	46.49827471
11.10243679	46.47598643
11.1201032	46.4537024
11.08638304	46.43141412
11.5377433	48.66007252
11.51912948	48.63778424
11.51638427	48.6823608
11.47875059	48.57092789
11.50300678	48.63778424
11.95549066	50.88873092
11.9773234	50.88873092
12.00722069	50.88873092
11.98685887	50.9110192
11.95985746	50.88873092
12.35693656	53.02824467
12.31999366	53.02824467
12.35831683	53.00595639
12.33311705	53.00595639
12.31024496	53.02824467
12.73897445	55.45748064
12.75267625	55.39062002
12.79643622	55.32375942
12.75724224	55.36833599
12.72082795	55.3460477
13.08281557	57.59699439
13.03457898	57.61927842
13.04529553	57.6415667
13.07626536	57.59699439
13.08043298	57.61927842
13.55007891	59.82565279
13.62397749	59.82565279
13.56096017	59.84793682
13.58980278	59.75879219
13.58241369	59.75879219
13.89970796	62.14345582
13.94965551	62.09888351
13.903361	62.05431119
13.89012908	62.03202291
13.85086487	62.00973463
14.36314715	64.10467607
14.37977676	64.10467607
14.36640566	64.17153666
14.37341297	64.08238778
14.41550411	64.1269601
14.76390484	66.46705141
14.75452898	66.44476738
14.74935138	66.4224791
14.78416961	66.37790678
14.81931728	66.46705141
14.79374339	64.70641298
14.86159356	64.70641298
14.83032239	64.72870126
14.84395142	64.70641298
14.79125609	64.6841247
15.00663784	66.80135017
15.03149415	66.80135017
14.96129076	66.80135017
14.97035634	66.80135017
14.93781344	66.77906614
15.26752756	68.85171929
15.2398788	68.80714273
15.24233928	68.85171929
15.24237375	68.82943101
15.27266814	68.78485869
15.72284221	70.74607894
15.73650698	70.70150237
15.73046751	70.70150237
15.66066377	70.65693006
15.64938286	70.67921834
16.12581649	73.26446378
16.14026269	73.26446378
16.13942508	73.26446378
16.14637494	73.21988722
16.12523425	73.19759894
16.62101971	75.1588234
16.56996131	75.1588234
16.58950212	75.11424684
16.64187184	75.13653512
16.67047568	75.09195856
16.8959994	76.49601845
16.92001554	76.49601845
16.89556144	76.45144189
16.89035703	76.45144189
16.81430825	76.42915361
16.75958785	73.19759894
16.76392146	73.21988722
16.77983986	73.2421755
16.828079	73.21988722
16.80846286	73.19759894
16.80892124	71.03245831
16.81717859	71.01017428
16.80136999	71.03245831
16.78178705	70.987886
16.80174155	71.01017428
16.63767613	66.93172857
16.63925431	66.88715623
16.62327845	66.90944029
16.55847738	66.88715623
16.57829271	66.88715623
16.62078478	66.88715623
16.61991269	66.90944029
16.59754367	66.93172857
16.58128435	66.90944029
16.60490212	66.95401685
16.63081949	67.26602732
16.67052293	67.22145501
16.62248553	67.22145501
16.61005929	67.22145501
16.63626139	67.22145501
16.32537815	62.05096835
16.32957769	62.05096835
16.34573359	62.0286801
16.31230711	62.0286801
16.29249178	62.0286801
16.00101272	57.39306976
15.92239238	57.41535804
15.933612	57.4376421
16.00163072	57.4376421
15.9026843	57.45993038
15.66809117	53.42605698
15.71259937	53.42605698
15.67635362	53.40377293
15.64572726	53.44834526
15.65497288	53.44834526
15.42741643	50.23907885
15.41650197	50.23907885
15.44434609	50.26136291
15.48793625	50.19450229
15.4040719	50.23907885
14.89394494	44.95715506
14.85760725	45.00173163
14.87258463	44.97944334
14.87798567	44.95715506
14.91822156	45.00173163
14.93740485	45.33603038
14.89057535	45.3137421
14.96087195	45.35831441
14.99194776	45.35831441
14.92477049	45.35831441
14.41862088	40.21011606
14.43877713	40.21011606
14.42786267	40.21011606
14.4357791	40.18782778
14.53915872	40.23240012
13.97429859	35.64136635
13.96671031	35.6636504
13.94820757	35.68593869
14.01366239	35.70822272
14.05882561	35.70822272
13.53300368	31.18404743
13.54043746	31.16176128
13.48752763	31.16176128
13.54274344	31.18404743
13.60908056	31.18404743
12.97907205	26.83816356
12.9938745	26.81587741
13.04471712	26.83816356
13.10733223	26.86044973
13.01127276	26.86044973
12.94240367	27.95249276
12.96385846	27.97477893
13.01963736	27.95249276
13.07827767	27.93020661
12.99938152	27.90792045
12.46530097	22.2471277
12.44778013	22.29170001
12.45962923	22.33627446
12.50016773	22.29170001
12.43618767	22.29170001
12.46320184	22.78200613
12.46739116	22.78200613
12.42764303	22.75971998
12.35402281	22.8042923
12.44506173	22.78200613
11.80730279	17.65609181
11.85234599	17.74523751
11.91097607	17.72295136
11.86665301	17.83438321
11.84772254	17.81209706
11.19755395	13.84508533
11.26938532	13.86737254
11.35181322	13.88965871
11.25004115	13.88965871
11.28641331	13.82279916
10.47788041	9.008896385
10.50554194	9.031183599
10.51797073	9.031183599
10.46521732	9.053469768
10.48183224	9.053469768
10.03282903	6.713378454
10.0743009	6.713378454
10.06665261	6.668805606
10.04161946	6.668805606
10.06769579	6.757951837
9.477660142	4.529293434
9.546242585	4.484720052
9.598962804	4.484720052
9.553629762	4.484720052
9.53609232	4.529293434
8.968523365	2.256061916
9.01805403	2.256061916
8.987190175	2.233775236
8.900648932	2.278348352
9.011209512	2.233775236
8.896753921	3.481824051
8.998689425	3.481824051
9.017655016	3.481824051
8.961404964	3.481824051
8.990450594	3.481824051
8.958717847	2.545787557
8.895184042	2.478927761
8.936786788	2.501214196
8.973739908	2.501214196
8.912803202	2.478927761
8.992086869	3.637830078
8.92209926	3.615543375
8.954111635	3.660116758
8.947781685	3.615543375
8.934858116	3.615543375
9.012179274	3.682403193
8.892916369	3.704689873
8.997367254	3.704689873
8.965287206	3.704689873
9.005938064	3.704689873
8.894263438	3.704689873
9.03568915	3.682403193
8.94788894	3.660116758
8.967539557	3.660116758
8.966193764	3.660116758
9.017756525	3.882982603
8.9169057	3.83840922
9.005835917	3.882982603
8.988768992	3.83840922
8.944416564	3.860695922
8.961224929	3.888832792
9.030740106	3.888832792
9.02201799	3.888832792
8.960858475	3.911119228
9.017639056	3.888832792
9.157388911	4.512857211
9.22873955	4.401424277
9.151061514	4.468283828
9.105128994	4.535143891
9.200261477	4.468283828
9.061550334	3.108802369
8.969364166	3.108802369
9.088282324	3.086515667
9.075905882	3.175662165
8.947597181	3.064229254
8.880391175	2.083619399
8.831597887	2.039046284
8.90729937	2.06133283
8.875386588	2.06133283
8.856077526	2.06133283
7.617183973	0.100113455
7.617183973	0.100113455
7.631262446	0.122400024
7.631262446	0.122400024
7.631262446	0.122400024
3.393684326	-6.58586193
3.49595149	-6.58586193
3.511235623	-6.58586193
3.394192829	-6.58586193
3.470422286	-6.58586193
3.411746231	-6.229276472
3.46992719	-6.273849343
3.481274177	-6.229276472
3.441133098	-6.229276472
3.452724281	-6.229276472
3.4940707	-5.627538511
3.460480465	-5.627538511
3.361373169	-5.605251809
3.482010915	-5.649825191
3.438684751	-5.649825191
3.041938909	-6.608148099
3.10990336	-6.58586193
3.05781837	-6.56357525
3.014939101	-6.630434779
3.129125278	-6.630434779
2.274373368	-7.7224773
2.301499743	-7.677904451
2.335927427	-7.677904451
2.272902285	-7.74476398
2.315008585	-7.7224773
1.666942803	-8.725373568
1.699022373	-8.725373568
1.712149119	-8.74766027
1.646454417	-8.725373568
1.665063929	-8.703087399
1.146044305	-9.839703303
1.093897548	-9.884276685
1.081390948	-9.839703303
1.118166827	-9.839703303
1.075591446	-9.884276685
0.565931762	-11.1100388
0.525014163	-11.0431782
0.50511097	-11.08775158
0.574118562	-11.08775158
0.564216563	-11.08775158
0.088870614	-12.35808708
0.01289248	-12.3135137
0.044971691	-12.3135137
0.051648349	-12.29122753
0.037279805	-12.33580091
-0.287802104	-13.3386972
-0.303086377	-13.3386972
-0.295455224	-13.38326951
-0.298515498	-13.36098335
-0.303350883	-13.38326951
-0.662635122	-14.60903163
-0.694409845	-14.58674548
-0.68470009	-14.56445931
-0.645371203	-14.58674548
-0.722083268	-14.60903163
-0.676818137	-13.62842257
-0.667636876	-13.69528212
-0.712842992	-13.67299596
-0.690248293	-13.62842257
-0.669556251	-13.65070874
-1.053476681	-15.54506837
-1.014887046	-15.52278222
-1.049353036	-15.50049498
-1.070885082	-15.47820884
-1.046965498	-15.52278222
-1.599190468	-17.61772047
-1.580048034	-17.61772047
-1.553086372	-17.57314816
-1.575719855	-17.59543431
-1.557518295	-17.52857478
-2.145577551	-19.980099
-2.100601066	-19.95781286
-2.128477906	-19.95781286
-2.149272416	-19.980099
-2.136375022	-19.95781286
-2.658556668	-21.96360541
-2.660561631	-21.96360541
-2.592761893	-21.94131713
-2.64549536	-21.94131713
-2.672151857	-21.96360541
-3.120174287	-24.23683613
-3.13256254	-24.25912228
-3.184484413	-24.23683613
-3.125886884	-24.23683613
-3.087461244	-24.21454996
-3.580016296	-26.48778068
-3.572933966	-26.51006685
-3.612096344	-26.48778068
-3.594463458	-26.48778068
-3.589930665	-26.48778068
-3.598140767	-25.66317792
-3.629535788	-25.66317792
-3.540407661	-25.64089175
-3.615978905	-25.64089175
-3.640922357	-25.68546409
-4.04229516	-28.80558582
-4.088476665	-28.80558582
-4.109830911	-28.78329968
-4.022985779	-28.80558582
-4.046496613	-28.80558582
-4.443813523	-30.90052515
-4.505280438	-30.90052515
-4.534325429	-30.90052515
-4.446912741	-30.85595072
-4.485707388	-30.85595072
-4.9152282	-33.2851888
-4.918657163	-33.24061646
-4.940656534	-33.24061646
-4.917274022	-33.26290263
-4.924067467	-33.21833031
-5.347960912	-35.40241427
-5.331129564	-35.42470044
-5.364453896	-35.3801281
-5.357065442	-35.3801281
-5.281660507	-35.3801281
-5.353301947	-34.06521922
-5.329497758	-34.04293307
-5.368051402	-34.08750539
-5.392932608	-34.06521922
-5.333662502	-34.06521922
-5.800802308	-37.54192802
-5.766453309	-37.4973557
-5.790900389	-37.54192802
-5.792378973	-37.45277914
-5.775089239	-37.45277914
-6.182423303	-39.81515873
-6.184467529	-39.79287045
-6.215266265	-39.74829814
-6.162383249	-39.74829814
-6.1894868	-39.70372582
-6.169570599	-39.34713879
-6.213366961	-39.36942707
-6.212225463	-39.34713879
-6.162044247	-39.32485475
-6.175040596	-39.39171535
-6.156726195	-37.69848898
-6.176885634	-37.69848898
-6.231967375	-37.69848898
-6.200850705	-37.72077726
-6.236865346	-37.67620495
-6.195601603	-37.54248376
-6.207192786	-37.54248376
-6.180865555	-37.52019547
-6.165886268	-37.54248376
-6.23137492	-37.54248376
-6.484517394	-40.41745139
-6.50547486	-40.43973967
-6.44715696	-40.46202795
-6.481088431	-40.46202795
-6.438677444	-40.41745139
-6.705600249	-42.24495466
-6.6896429	-42.24495466
-6.710030895	-42.2003781
-6.743379487	-42.24495466
-6.767726972	-42.24495466
-7.070337546	-44.18388663
-7.081052814	-44.20617066
-7.115646967	-44.20617066
-7.15937821	-44.16159834
-7.121916906	-44.16159834
-7.073404523	-43.11412974
-7.059527791	-43.18099034
-7.064772424	-43.15870205
-7.056114789	-43.11412974
-7.037770382	-43.13641802
-7.225929833	-45.09763402
-7.201622569	-45.07534998
-7.250053871	-45.03077767
-7.234869013	-45.07534998
-7.242586892	-45.07534998
-7.471057562	-46.59083854
-7.501118921	-46.59083854
-7.47516006	-46.54626197
-7.477647989	-46.56855025
-7.515973077	-46.54626197
-7.861202763	-48.68577572
-7.899834932	-48.68577572
-7.891403298	-48.708064
-7.894122336	-48.68577572
-7.890796797	-48.66348746
-8.310349613	-50.84757353
-8.280025225	-50.80300121
-8.30669848	-50.8252895
-8.320328782	-50.80300121
-8.302495112	-50.8252895
-8.688271594	-53.23223716
-8.714042121	-53.18766484
-8.703227259	-53.23223716
-8.68680067	-53.20995312
-8.697510832	-53.23223716
-9.138076019	-55.1934574
-9.155033135	-55.1934574
-9.142746711	-55.21574568
-9.11120166	-55.1934574
-9.104320114	-55.1934574
-9.427296337	-57.39983177
-9.439723214	-57.39983177
-9.474581034	-57.44440408
-9.499134092	-57.4221158
-9.477579701	-57.35525521
-9.632786382	-58.40272804
-9.636851212	-58.38043976
-9.638068683	-58.35815147
-9.666068578	-58.38043976
-9.658516689	-58.38043976
-9.656568226	-56.46379185
-9.650361491	-56.46379185
-9.652135026	-56.50836841
-9.657138975	-56.53065245
-9.666505897	-56.55294073
-9.700018563	-56.59751304
-9.673386805	-56.55294073
-9.662301891	-56.55294073
-9.688163712	-56.55294073
-9.679099402	-56.55294073
-10.00960006	-60.25251112
-9.991627217	-60.25251112
-9.992604002	-60.2747994
-9.979745552	-60.23022709
-10.00845856	-60.23022709
-10.35275041	-62.14687077
-10.2887314	-62.16915905
-10.33615847	-62.12458671
-10.30945968	-62.12458671
-10.3435865	-62.10229843
-10.71171127	-64.08580695
-10.74623711	-64.13037927
-10.73170152	-64.08580695
-10.74577106	-64.10809099
-10.74613751	-64.08580695
-11.11348021	-66.24760476
-11.13221788	-66.29217708
-11.08780928	-66.33674939
-11.13356368	-66.29217708
-11.13423657	-66.29217708
-11.13444598	-64.59839499
-11.10451294	-64.62068327
-11.14539235	-64.57611096
-11.10659675	-64.57611096
-11.13346919	-64.57611096
-11.38995125	-67.45107859
-11.38339977	-67.45107859
-11.38756355	-67.47336687
-11.37466616	-67.45107859
-11.37923598	-67.42879456
-11.62373486	-68.78827364
-11.60740915	-68.81056192
-11.61987624	-68.78827364
-11.63573464	-68.7437013
-11.62636388	-68.72141302
-12.01551251	-70.68263326
-12.04734421	-70.72720558
-12.00672017	-70.61577267
-12.05816418	-70.68263326
-12.0365319	-70.66034923
-12.469964	-73.13416176
-12.50418723	-73.15644154
-12.48473708	-73.13416176
-12.4819625	-73.08958519
-12.50590076	-73.13416176
-12.55657994	-73.62446151
-12.5673565	-73.60217323
-12.57982615	-73.57989342
-12.58174397	-73.53531686
-12.60165889	-73.57989342
-12.54971053	-71.21751383
-12.50017795	-71.21751383
-12.51992943	-71.15065323
-12.49097574	-71.19522555
-12.52842683	-71.19522555
-12.55819004	-70.32605047
-12.4814939	-70.30376219
-12.48749634	-70.32605047
-12.51218666	-70.32605047
-12.42422748	-70.30376219
-12.55893316	-69.1490392
-12.49936077	-69.12675092
-12.50809437	-69.12675092
-12.58415976	-69.12675092
-12.50540023	-69.12675092
-12.50186849	-68.92617336
-12.51736553	-68.99303395
-12.55556485	-68.94846164
-12.54615963	-68.94846164
-12.55540142	-68.94846164
-12.51867047	-66.45236083
-12.48029622	-66.40778851
-12.49133708	-66.43007679
-12.44666545	-66.43007679
-12.53626281	-66.47464911
-12.28382835	-62.44077571
-12.20070585	-62.44077571
-12.21020174	-62.48535228
-12.20725606	-62.44077571
-12.2648519	-62.44077571
-11.85147518	-57.64916017
-11.89690526	-57.69373674
-11.90810318	-57.62687612
-11.89141101	-57.67144846
-11.83414586	-57.67144846
-11.47595175	-53.4369975
-11.58687368	-53.48156981
-11.53556501	-53.4369975
-11.53958706	-53.4369975
-11.47034002	-53.48156981
-11.09723366	-48.93510838
-11.17632005	-48.93510838
-11.10911213	-48.95739241
-11.14760385	-48.93510838
-11.06527555	-48.95739241
-10.63750816	-44.67836913
-10.70907012	-44.6560851
-10.67989936	-44.63379682
-10.7214306	-44.70065742
-10.6733849	-44.61150854
-10.64952772	-45.03495617
-10.70977685	-45.05724023
-10.72606299	-45.05724023
-10.65838774	-45.05724023
-10.65906255	-45.05724023
-10.24947869	-40.53306707
-10.32658598	-40.51077879
-10.22454513	-40.57763939
-10.27379042	-40.55535111
-10.23903092	-40.55535111
-9.714697153	-35.38486448
-9.738539009	-35.38486448
-9.70610336	-35.40715062
-9.722556762	-35.40715062
-9.683694761	-35.45172296
-9.639247847	-36.36519674
-9.719680034	-36.36519674
-9.716531339	-36.34290846
-9.69197892	-36.36519674
-9.684285939	-36.34290846
-9.66732563	-37.27894413
-9.692169169	-37.27894413
-9.667021742	-37.2566601
-9.678776999	-37.2566601
-9.6712615	-37.23437181
-9.411619255	-33.20050053
-9.339681907	-33.24507285
-9.369093352	-33.2227867
-9.405907297	-33.20050053
-9.391598992	-33.2227867
-9.225587663	-31.37299937
-9.183811905	-31.35071322
-9.17415897	-31.39528765
-9.249061149	-31.39528765
-9.182257349	-31.37299937
-8.743311837	-27.27226962
-8.68392905	-27.22769517
-8.68588262	-27.27226962
-8.718253789	-27.29455579
-8.733273934	-27.24998134
-8.118410067	-22.52522638
-8.025039628	-22.52522638
-8.092221374	-22.52522638
-8.048689957	-22.54751254
-8.097287249	-22.50294023
-8.071284975	-22.90409747
-8.011872182	-22.8818113
-8.095263453	-22.92638575
-8.081059848	-22.8818113
-8.06924011	-22.92638575
-7.362340744	-17.59989176
-7.35038183	-17.6221779
-7.385318176	-17.6221779
-7.428094979	-17.64446514
-7.376705869	-17.64446514
-6.642873409	-13.2094345
-6.619969395	-13.25400789
-6.647072946	-13.2094345
-6.622193017	-13.23172065
-6.668160651	-13.25400789
-5.812994884	-8.997269713
-5.890914882	-8.997269713
-5.831542948	-8.952697376
-5.840035232	-8.997269713
-5.821260529	-8.974983544
-5.321902775	-6.924617604
-5.393172016	-6.880044755
-5.313067978	-6.880044755
-5.329863255	-6.880044755
-5.349969067	-6.902331435
-5.367940955	-7.325776445
-5.296611703	-7.303489742
-5.355335958	-7.325776445
-5.301816754	-7.303489742
-5.32465533	-7.303489742
-1.623623023	-0.015776797
-1.589668569	0.051082977
-1.612304765	0.006509794
-1.567032213	0.095656137
-1.567032213	0.095656137
-0.435218087	2.324314472
-0.462975103	2.12373533
-0.456019978	2.190594992
-0.47502587	2.10144865
-0.438787702	2.235168241
-0.425834526	2.10144865
-0.484136465	2.12373533
-0.435424217	1.990015716
-0.437984208	2.257454677
-0.449578503	2.146021877
-0.410631871	1.636494838
-0.435104887	1.725641181
-0.423783676	1.792500865
-0.403039163	1.725641181
-0.447842834	1.703354634
0.747984911	3.263415369
0.725984981	3.263415369
0.663350792	3.263415369
0.684456293	3.307988751
0.716686929	3.307988751
0.567500484	2.01536671
0.491964831	1.993080141
0.524264856	1.948507025
0.533329645	1.948507025
0.525501638	1.903933776
0.436035426	1.681067954
0.474356085	1.658781385
0.461894055	1.681067954
0.481215287	1.681067954
0.411157731	1.703354634
0.1965694	1.43591554
0.156263289	1.43591554
0.169837948	1.458202109
0.200119882	1.413628994
0.229142868	1.43591554
1.193296603	3.798293556
1.194003735	3.776006854
1.179323549	3.820579969
1.183525879	3.820579969
1.186876555	3.820579969
1.195267889	3.820579969
1.204674872	3.820579969
1.182640548	3.842866672
1.220631822	3.820579969
1.178342374	3.798293556
1.228953807	3.954299583
1.244272255	3.932012903
1.235065657	3.909726467
1.272822949	3.932012903
1.278556933	3.909726467
1.31871916	3.976586285
1.312676419	3.976586285
1.302466621	3.954299583
1.333165524	3.976586285
1.354726538	3.932012903
1.41365445	4.021159401
1.402372902	4.043445814
1.403752691	4.021159401
1.386319152	3.998872699
1.404932973	4.021159401
1.466895781	4.110305632
1.450078639	4.132592312
1.448094903	4.110305632
1.413975896	4.132592312
1.400766633	4.088019197
1.713104198	3.683796198
1.694338593	3.661509518
1.737760361	3.706082634
1.727372602	3.683796198
1.725492131	3.594649723
2.04974839	3.795229132
2.041886866	3.772942429
1.962127416	3.772942429
2.047126552	3.750656016
2.091234144	3.795229132
1.770938015	2.324314472
1.730502784	2.302028059
1.719494479	2.368887588
1.788735614	2.324314472
1.775613656	2.346601175
1.925145567	3.41635726
1.842495503	3.438643674
1.859551416	3.483216789
1.875872505	3.460930376
1.857710527	3.483216789
1.890683886	3.438643674
1.871830657	3.349497442
1.794124052	3.327210762
1.874048694	3.327210762
1.864841537	3.304924327
2.097886498	4.842698515
2.101107175	4.820411835
2.173313299	4.820411835
2.130824904	4.820411835
2.094027079	4.842698515
2.403853573	5.533582729
2.4144967	5.489009347
2.359853714	5.533582729
2.379670002	5.533582729
2.388534167	5.555869409
2.812761187	6.670198611
2.814011217	6.625625228
2.886313104	6.670198611
2.822805794	6.692484779
2.800601809	6.603338548
3.254712068	7.717667749
3.202720607	7.673094901
3.31543203	7.650808198
3.234457185	7.673094901
3.176498077	7.695381047
3.651539628	8.876570333
3.627357175	8.876570333
3.601236792	8.83199695
3.651539628	8.876570333
3.598676402	8.854283631
3.958046808	10.03547238
3.992991135	10.01318621
3.975735556	9.990899
3.98496426	9.990899
3.957533836	9.924039449
4.345188873	10.94922295
4.296237576	11.0160825
4.334888898	10.99379527
4.262786517	10.92693574
4.298277014	10.99379527
4.417277209	11.57324708
4.399770411	11.48410034
4.459292694	11.55095987
4.370456644	11.55095987
4.406997982	11.59553325
5.002595561	13.55675243
4.898510492	13.53446628
4.952045975	13.55675243
5.029566002	13.60132581
4.99233836	13.55675243
5.136229976	13.73504596
5.08750468	13.86876504
5.142003861	13.80190548
5.096705931	13.77961827
5.075402759	13.7573321
5.101625928	13.02187506
5.084773193	13.06644842
5.153046959	12.99958783
5.153611643	12.95501551
5.091250938	12.99958783
5.339604292	14.44821578
5.294438516	14.44821578
5.346059373	14.40364347
5.326538993	14.42592964
5.324555417	14.40364347
5.595614236	15.4288259
5.629966427	15.36196638
5.590478773	15.38425252
5.580343191	15.4288259
5.592827526	15.38425252
5.864508487	16.56544127
5.84794783	16.52086894
5.873770708	16.54315511
5.893861198	16.58772849
5.88903473	16.56544127
6.07207851	17.72434384
6.139952305	17.70205769
6.16899602	17.70205769
6.175513028	17.72434384
6.151962931	17.63519814
6.396177717	18.77181458
6.350362027	18.74952629
6.38646477	18.74952629
6.45484611	18.72724013
6.475430739	18.77181458
6.762487446	20.13129577
6.685099253	20.1090096
6.660113346	20.08672132
6.650773238	20.042149
6.650682582	20.1090096
7.194262206	22.13708833
7.150626088	22.11480216
7.107408136	22.15937447
7.117579469	22.09251388
7.108006975	22.09251388
7.199412353	21.08961761
7.199269346	21.06733144
7.236517418	21.08961761
7.2016181	21.06733144
7.230805459	21.08961761
7.726136369	24.58861255
7.783164657	24.52175195
7.735508398	24.61089872
7.781617762	24.54403812
7.720857899	24.52175195
8.124619356	26.63897744
8.064169127	26.63897744
8.046370571	26.63897744
8.032907536	26.66126359
8.060984042	26.63897744
8.667632699	29.09050167
8.610314568	29.0013549
8.612367732	28.97906876
8.581835217	28.95678259
8.547077629	28.95678259
9.001364412	31.23001331
9.038171972	31.20772714
8.98798884	31.18544099
8.990713624	31.16315482
8.898054386	31.14086868
9.39432186	33.41409939
9.364899561	33.43638554
9.359255275	33.39181323
9.355999963	33.43638554
9.386658885	33.36952706
9.764711103	35.53132486
9.730612366	35.53132486
9.755305238	35.53132486
9.750557934	35.55361103
9.789479947	35.46446427
10.0521681	37.73769498
10.1188423	37.73769498
10.14859466	37.71541095
10.16152845	37.71541095
10.08344565	37.71541095
10.47725029	40.12236286
10.4756089	40.10007458
10.50079464	40.10007458
10.57096164	40.12236286
10.47417246	40.16693518
10.91432458	42.23958833
10.83593152	42.21730005
10.78556005	42.21730005
10.80352268	42.21730005
10.84554359	42.3064447
11.17171065	44.35681382
11.24340029	44.24538089
11.22701073	44.31223726
11.18161001	44.35681382
11.20952436	44.33452554
11.16543496	43.08647512
11.2115124	43.04190281
11.2512733	43.06419109
11.20557636	43.08647512
11.16053827	43.10876341
11.61958385	47.00891561
11.58724268	46.96434329
11.64564166	46.98662733
11.69728614	46.91977098
11.65375473	46.94205501
11.93435507	48.70269769
11.92971886	48.76955404
11.97526258	48.74727001
11.94516611	48.76955404
11.90936725	48.68040941
12.30720607	51.08736132
12.35514004	51.15422192
12.36222269	51.13193364
12.33226667	51.06507304
12.24428579	51.17650597
12.70193322	53.33830376
12.75249749	53.20458681
12.74761995	53.20458681
12.71894333	53.18229853
12.64482769	53.22687085
13.0161337	55.52238984
13.11971123	55.54467813
13.09962138	55.50010581
13.09455997	55.52238984
13.01301565	55.47781753
13.18511114	55.56696216
13.1906603	55.56696216
13.12593712	55.50010581
13.07210668	55.56696216
13.07001649	55.50010581
13.13521977	54.58273136
13.14058762	54.58273136
13.08386641	54.56044733
13.15823487	54.58273136
13.13545598	54.53815905
13.46336337	57.74742544
13.44680399	57.70285312
13.46845926	57.70285312
13.38702475	57.70285312
13.4982595	57.65828081
13.81445952	59.70864568
13.80260913	59.66407337
13.8608766	59.66407337
13.84633591	59.61950103
13.74887319	59.66407337
14.15530133	62.02645296
14.19157006	62.02645296
14.24003776	61.95959236
14.11238918	61.9818764
14.24893863	61.95959236
14.58723697	64.25511134
14.58589118	64.25511134
14.54596046	64.23282308
14.60875817	64.23282308
14.66001959	64.2105348
14.7808345	64.87913231
14.72185711	64.90142059
14.62735794	64.87913231
14.76072039	64.85684828
14.79003799	64.90142059
14.86150035	65.9488892
14.84577219	65.90431686
14.82120445	65.83745626
14.84329767	65.88202858
14.8985454	65.88202858
14.79703253	64.03224552
14.86265589	64.05452955
14.80247827	64.09910187
14.73318654	64.05452955
14.82486389	64.05452955
14.84314956	63.47508092
14.76627083	63.45279264
14.74145027	63.43050435
14.87845044	63.45279264
14.76828696	63.45279264
14.79725215	63.27449911
14.81303138	63.27449911
14.73294394	63.27449911
14.84071206	63.29678739
14.73347638	63.25221507
14.82445019	62.44989635
14.68859534	62.44989635
14.75515846	62.40532403
14.78484251	62.42760806
14.82212633	62.42760806
14.7717753	61.6921542
14.84854677	61.66986592
14.71858201	61.66986592
14.81277473	61.66986592
14.79535476	61.64757764
14.81678402	60.62239732
14.78921825	60.64468135
14.75396461	60.64468135
14.78115754	60.64468135
14.77447071	60.62239732
14.74464621	60.577825
14.83206273	60.51096438
14.68801693	60.48867613
14.79256486	60.53324844
14.78169126	60.51096438
14.69552222	60.28809856
14.80780271	60.33267088
14.77972365	60.35495916
14.74737355	60.3103826
14.7529508	60.28809856
14.74917773	58.3491666
14.68086916	58.32687832
14.75657703	58.3491666
14.64658337	58.3491666
14.72033511	58.32687832
14.35779079	53.35696925
14.36719474	53.35696925
14.43654649	53.35696925
14.32941806	53.35696925
14.45985781	53.37925753
14.1084514	49.07794598
13.98428861	49.12251829
14.11953184	49.07794598
14.05444093	49.03337364
14.05320239	49.07794598
13.68979876	44.37547505
13.66377286	44.37547505
13.65687918	44.37547505
13.68391889	44.37547505
13.75390778	44.39776333
13.6923218	44.84349502
13.70747282	44.82120673
13.62722961	44.7989227
13.70498298	44.7989227
13.67435917	44.84349502
13.25490212	40.00730714
13.29530271	40.05187946
13.28592813	40.02959117
13.27109504	40.07416774
13.22460646	40.05187946
12.89769755	35.79514021
12.86427235	35.79514021
12.83044111	35.72828387
12.9527793	35.79514021
12.8689673	35.79514021
12.38972462	31.22639263
12.37144916	31.20410646
12.42603677	31.20410646
12.42095238	31.22639263
12.44178535	31.22639263
11.82909722	26.74678968
11.89441159	26.74678968
11.98510066	26.74678968
11.86533531	26.76907583
11.8960651	26.76907583
11.29965034	22.42319196
11.38804748	22.37861753
11.38179094	22.40090581
11.34834531	22.42319196
11.37989866	22.44547813
11.28184093	23.3815138
11.38083714	23.31465531
11.4305421	23.31465531
11.34288808	23.31465531
11.33435749	23.29236917
11.37160812	23.42608825
11.33131733	23.42608825
11.29332614	23.44837439
11.37010655	23.42608825
11.37836262	23.40380208
10.73448632	17.74300933
10.75083247	17.80986781
10.80658966	17.80986781
10.80366186	17.85444224
10.83322589	17.85444224
10.16270761	13.46398499
10.14167481	13.48627116
10.1811995	13.44169884
10.16316983	13.48627116
10.12321868	13.48627116
9.409477351	8.939808653
9.396680828	8.850661888
9.31745015	8.828375742
9.450926236	8.850661888
9.406579555	8.850661888
9.022943063	6.59971734
8.999762612	6.59971734
8.963433868	6.532857277
8.943515752	6.59971734
9.000071608	6.622003508
8.556300268	4.616210951
8.584436785	4.660784311
8.463734239	4.638497631
8.551332709	4.683071013
8.557033176	4.683071013
8.000203111	2.409839228
7.986573448	2.432125931
7.868384368	2.409839228
8.048678465	2.454412344
7.970339024	2.387552815
7.952579412	3.078436762
7.983655223	3.078436762
7.934911732	3.100723443
7.987644719	3.100723443
7.919840512	3.078436762
7.943630656	3.125238593
7.972661602	3.125238593
7.995368344	3.102952157
7.909367206	3.125238593
7.963433856	3.125238593
7.823477791	2.166915552
7.832399733	2.144629005
7.832684469	2.189202121
7.811380978	2.166915552
7.852687495	2.166915552
6.595152031	0.317129065
6.580001009	0.294842474
6.580001009	0.294842474
6.580001009	0.294842474
6.580001009	0.294842474
1.913485115	-6.569425173
1.857019116	-6.547139004
1.825830305	-6.569425173
1.943771837	-6.502565644
1.892323832	-6.569425173
1.811090905	-5.655675648
1.862161124	-5.677961816
1.852931941	-5.677961816
1.941095573	-5.677961816
1.809706168	-5.633388968
1.880376091	-5.611102265
1.875461521	-5.588815585
1.837174578	-5.588815585
1.831007265	-5.611102265
1.89793093	-5.566528905
1.452240813	-6.680858084
1.551156583	-6.680858084
1.452176013	-6.636285236
1.464299161	-6.658571938
1.482096919	-6.658571938
0.838963344	-7.750614437
0.886987254	-7.750614437
0.816660483	-7.772901139
0.867804998	-7.728327757
0.820328615	-7.750614437
0.23288344	-8.820370255
0.260965094	-8.842656958
0.313455362	-8.798083575
0.20098217	-8.820370255
0.247494916	-8.820370255
-0.189151759	-9.912412777
-0.221395442	-9.912412777
-0.180087628	-9.912412777
-0.270638359	-9.890126608
-0.285150101	-9.845553226
-0.667535087	-11.07131534
-0.646881669	-11.07131534
-0.618965247	-11.09360151
-0.740783515	-11.04902919
-0.685675838	-11.07131534
-1.067132519	-12.05192546
-0.994861356	-12.0964978
-1.065721927	-12.0964978
-1.009269335	-12.11878501
-1.037212252	-12.07421163
-0.98166151	-11.42790026
-1.020357123	-11.38332795
-1.028127033	-11.36104073
-1.053742903	-11.40561412
-1.03597116	-11.38332795
-1.053334792	-11.13817489
-1.07482566	-11.13817489
-1.001374214	-11.18274827
-1.034356831	-11.13817489
-0.97625344	-11.13817489
-1.434464761	-13.25540036
-1.469057158	-13.25540036
-1.40031878	-13.18854083
-1.409343349	-13.21082698
-1.430848581	-13.21082698
-1.749844724	-14.32515618
-1.679986874	-14.32515618
-1.765966786	-14.32515618
-1.747864819	-14.30287003
-1.692986735	-14.28058386
-1.978249956	-15.50634597
-2.027315371	-15.48405876
-2.004808136	-15.48405876
-1.99662006	-15.46177259
-2.040620078	-15.46177259
-2.26191058	-16.48695505
-2.257035752	-16.48695505
-2.223954818	-16.48695505
-2.315100837	-16.50924226
-2.263666239	-16.44238167
-2.584509815	-17.66814378
-2.558183063	-17.64585761
-2.498061621	-17.64585761
-2.533670386	-17.64585761
-2.548242998	-17.66814378
-2.839035748	-18.7156145
-2.74754546	-18.69332622
-2.816529152	-18.7156145
-2.807160633	-18.69332622
-2.793828794	-18.73790067
-3.071903547	-20.05280954
-3.062878819	-20.03052126
-3.072616345	-20.03052126
-3.045080901	-20.03052126
-3.125883692	-20.00823509
-3.509908983	-22.08088825
-3.506517368	-22.10317442
-3.58217448	-22.14774673
-3.503256629	-22.03631382
-3.512093023	-22.08088825
-3.461074517	-21.1225643
-3.511748275	-21.14485046
-3.462722602	-21.14485046
-3.532365783	-21.16713875
-3.47664977	-21.14485046
-3.673792133	-22.63805285
-3.667623065	-22.6157667
-3.674808181	-22.63805285
-3.690955779	-22.6157667
-3.687236335	-22.63805285
-3.977699022	-24.28726048
-3.936060206	-24.28726048
-4.021394194	-24.26497222
-3.940758031	-24.28726048
-3.975085323	-24.24268605
-4.421435249	-27.02850906
-4.445275189	-27.02850906
-4.434965957	-27.07308348
-4.475725666	-27.09536965
-4.427499616	-27.1176558
-4.765525352	-28.81143577
-4.849932352	-28.74457729
-4.807378678	-28.7891496
-4.818955815	-28.7891496
-4.795027773	-28.74457729
-4.865140513	-27.85311393
-4.794484157	-27.83082565
-4.8108967	-27.85311393
-4.809261383	-27.83082565
-4.834892096	-27.76396717
-5.22372949	-30.75036984
-5.153160279	-30.77265601
-5.260505449	-30.75036984
-5.217344316	-30.75036984
-5.150178212	-30.75036984
-5.642407988	-33.22418024
-5.658404918	-33.20189409
-5.634017851	-33.22418024
-5.647347456	-33.17960581
-5.642321162	-33.17960581
-5.629226496	-32.44414979
-5.617166712	-32.42186365
-5.623185113	-32.44414979
-5.611594568	-32.44414979
-5.621533516	-32.42186365
-5.603541518	-31.90927136
-5.688253683	-31.86469905
-5.630150293	-31.86469905
-5.627560216	-31.90927136
-5.651234805	-31.90927136
-5.786120526	-33.80363101
-5.834039176	-33.8704916
-5.744998512	-33.89277777
-5.809223728	-33.84820332
-5.837635405	-33.82591715
-6.054974556	-35.56427155
-6.069420122	-35.56427155
-6.043991789	-35.608846
-6.064012052	-35.58655772
-6.080567602	-35.51969712
-6.416596994	-37.63692259
-6.467804792	-37.63692259
-6.434735191	-37.63692259
-6.377208933	-37.59235028
-6.463987031	-37.61463856
-6.876144371	-39.99930219
-6.770345778	-39.99930219
-6.770524536	-39.99930219
-6.829570875	-39.93244159
-6.801998083	-39.95472987
-7.220904817	-42.11652768
-7.198067837	-42.11652768
-7.163819709	-42.11652768
-7.180473575	-42.0942394
-7.188332546	-42.11652768
-7.607974102	-44.946923
-7.634174287	-44.946923
-7.609376715	-45.01378359
-7.658773949	-44.99149531
-7.606726626	-44.99149531
-7.881754193	-46.32869033
-7.992244547	-46.32869033
-7.895996741	-46.35097862
-7.898589372	-46.3064063
-7.944919629	-46.3064063
-7.839920978	-45.1920771
-7.93228718	-45.1920771
-7.883921635	-45.1920771
-7.864573629	-45.21436116
-7.928920145	-45.1920771
-8.054620894	-46.95271555
-7.999500847	-46.97500384
-8.064131461	-46.88585494
-8.076950328	-46.95271555
-7.985172751	-46.90814322
-8.288061038	-48.91393577
-8.370250799	-48.86936346
-8.311142533	-48.86936346
-8.280776647	-48.84707518
-8.367062522	-48.86936346
-8.68797792	-51.09802186
-8.667655683	-51.09802186
-8.639996066	-51.07573358
-8.700533758	-51.1203059
-8.661146974	-51.07573358
-9.108376645	-53.77241193
-9.06353774	-53.77241193
-9.023371444	-53.79469599
-9.133358721	-53.79469599
-9.0409274	-53.8392683
-9.377760564	-55.26561223
-9.334573257	-55.28789626
-9.424108698	-55.26561223
-9.376248144	-55.26561223
-9.323225951	-55.24332394
-9.729817531	-57.42741001
-9.699896625	-57.44969829
-9.772395146	-57.47198232
-9.723573129	-57.44969829
-9.70257608	-57.44969829
-9.731566806	-55.0873187
-9.727773943	-55.04274638
-9.728545795	-55.0873187
-9.729917763	-55.06503041
-9.734121131	-55.06503041
-9.89177999	-57.8062811
-9.943303807	-57.82856936
-9.917571585	-57.85085342
-9.906530083	-57.82856936
-9.890535068	-57.85085342
-10.15569264	-59.92350657
-10.2324041	-59.94579485
-10.17732172	-59.94579485
-10.16929868	-59.92350657
-10.23310317	-59.92350657
-10.55202989	-61.8178662
-10.48368366	-61.8178662
-10.45602213	-61.79558216
-10.53833383	-61.77329388
-10.53249227	-61.7510056
-10.67841949	-63.40021537
-10.76952418	-63.44478768
-10.72584848	-63.35564305
-10.70649728	-63.37792709
-10.71311835	-63.33335477
-10.77689028	-64.22481813
-10.83498027	-64.22481813
-10.84526269	-64.20252985
-10.82607939	-64.22481813
-10.83791573	-64.18024581
-10.82966477	-62.41960313
-10.74429503	-62.35274676
-10.75514564	-62.39731908
-10.74378685	-62.35274676
-10.78272035	-62.3750308
-10.77039626	-61.99615973
-10.72727216	-61.97387144
-10.78022923	-62.04073204
-10.74460275	-61.95158741
-10.7338811	-62.04073204
-10.73245614	-61.57271632
-10.7176422	-61.59500037
-10.7754781	-61.55042806
-10.69570668	-61.55042806
-10.738336	-61.57271632
-10.72183408	-60.07867611
-10.71807888	-60.01181974
-10.75551593	-60.01181974
-10.71850663	-60.05639205
-10.75132533	-60.01181974
-10.67810858	-58.36260999
-10.74041343	-58.36260999
-10.6673084	-58.29574938
-10.68198827	-58.25117706
-10.64857265	-58.25117706
-10.31271563	-53.08069043
-10.36489574	-53.10297871
-10.37518008	-53.08069043
-10.3353847	-53.08069043
-10.35163317	-53.10297871
-10.0717204	-49.24739884
-10.10190817	-49.26968288
-10.03464087	-49.22511056
-10.04270414	-49.22511056
-10.08003329	-49.29197116
-10.05005237	-49.55940932
-10.11319355	-49.55940932
-10.0577811	-49.55940932
-10.07641791	-49.55940932
-10.02164006	-49.5816976
-9.73685996	-44.41121097
-9.651388073	-44.41121097
-9.634556725	-44.433495
-9.69753255	-44.433495
-9.652163117	-44.45578328
-9.603528157	-45.34724664
-9.683455353	-45.34724664
-9.664449541	-45.36953067
-9.652023302	-45.36953067
-9.660589644	-45.36953067
-9.648627538	-45.39181895
-9.672302127	-45.39181895
-9.590322406	-45.41410724
-9.653531893	-45.36953067
-9.651884765	-45.34724664
-9.628161017	-45.48096361
-9.63491488	-45.45867957
-9.667570146	-45.41410724
-9.612121312	-45.43639129
-9.622450336	-45.48096361
-9.222573036	-39.95389416
-9.174549684	-39.95389416
-9.162590771	-39.97617822
-9.233147213	-39.95389416
-9.221902693	-39.95389416
-8.722000685	-35.42971678
-8.718002889	-35.4074285
-8.7371466	-35.4074285
-8.771395366	-35.4074285
-8.759778008	-35.42971678
-8.189425535	-31.17297754
-8.244915866	-31.12840523
-8.191649158	-31.15069137
-8.231995489	-31.12840523
-8.249077736	-31.15069137
-7.700191552	-26.62651611
-7.662637677	-26.69337459
-7.674742151	-26.58194166
-7.691028287	-26.58194166
-7.690353475	-26.58194166
-7.097843303	-22.14691102
-7.133497874	-22.21377164
-7.161949772	-22.1691993
-7.126989165	-22.19148547
-7.124805763	-22.19148547
-6.447305712	-17.778741
-6.421348766	-17.73416867
-6.464244953	-17.68959528
-6.437228227	-17.778741
-6.475493304	-17.68959528
-6.402982014	-18.60334588
-6.407018116	-18.60334588
-6.41003785	-18.60334588
-6.41903768	-18.64791819
-6.400323627	-18.69249051
-5.765396083	-13.52200388
-5.736172972	-13.52200388
-5.733354979	-13.49971773
-5.708171161	-13.49971773
-5.733416906	-13.56657726
-4.962107181	-9.176120004
-4.92926805	-9.131546622
-4.940332535	-9.242979555
-4.950721251	-9.153833836
-4.919861226	-9.131546622
-4.346170447	-6.657736228
-4.341763741	-6.680022397
-4.358722454	-6.680022397
-4.336645515	-6.724595779
-4.369845036	-6.657736228
-0.236313321	0.072812384
-0.208938939	0.117385566
-0.236313321	0.072812384
-0.236313321	0.072812384
-0.263687703	0.028239224
1.022908255	2.123178146
1.042092107	2.21232451
1.094734519	2.279184306
0.974526271	2.256897626
0.962930619	2.145464715
1.008338756	1.722298231
1.098103629	1.655438435
1.06915448	1.700011551
1.081452077	1.677725004
1.07271807	1.677725004
2.006471703	3.282358988
2.068603215	3.393791899
2.044559299	3.304645668
2.036354464	3.282358988
1.995012035	3.304645668
2.076308326	2.591475041
1.998788299	2.546901658
2.045409517	2.591475041
2.030638037	2.702907952
2.017277149	2.658334592
1.853777211	1.87830428
1.95049697	1.87830428
1.891083538	1.856017711
1.908408067	1.833731164
1.926691505	1.856017711
1.832158499	1.544005524
1.780913832	1.566292071
1.800148358	1.499432408
1.777784449	1.521718955
1.845328339	1.499432408
1.777297014	1.410286044
1.785631768	1.454859159
1.764999258	1.43257259
1.721885368	1.410286044
1.787507929	1.43257259
1.797621964	1.410286044
1.69874019	1.387999475
1.793185094	1.454859159
1.74885565	1.454859159
1.753023426	1.477145706
1.763666872	1.43257259
1.787793942	1.477145706
1.757260151	1.454859159
1.729347719	1.477145706
1.7406647	1.43257259
1.243989435	0.563395803
1.179336078	0.563395803
1.163083778	0.541109234
1.258874235	0.607968985
1.185287763	0.630255599
1.181793123	0.607968985
1.215877895	0.607968985
1.183812211	0.607968985
1.192202827	0.607968985
1.257055292	0.585682416
1.595946967	1.811444462
1.67795829	1.766871346
1.638256924	1.811444462
1.554769251	1.833731164
1.664953801	1.811444462
1.978409242	2.747481067
1.947381153	2.725194387
1.962121989	2.747481067
1.957555679	2.769767503
1.97895206	2.725194387
2.274682523	3.393791899
2.23894384	3.371505486
2.21410094	3.371505486
2.28845663	3.393791899
2.223768558	3.416078602
2.293578846	3.438365015
2.288373794	3.438365015
2.219531673	3.438365015
2.310772658	3.393791899
2.290900029	3.438365015
2.413114198	3.638944446
2.390950274	3.638944446
2.365942181	3.638944446
2.408218621	3.661230859
2.33772235	3.638944446
2.432045953	3.750377357
2.422981642	3.750377357
2.484106044	3.750377357
2.465292716	3.750377357
2.395447954	3.750377357
2.632306207	3.693825181
2.716740659	3.716111617
2.684023786	3.693825181
2.748073435	3.649252066
2.621588545	3.671538501
2.72813457	3.604678705
2.782378702	3.604678705
2.71419623	3.604678705
2.746405878	3.626965385
2.750464643	3.604678705
2.744057444	3.626965385
2.777599797	3.649252066
2.678331938	3.671538501
2.803162837	3.626965385
2.73649119	3.626965385
3.186082063	4.028123959
3.150651578	4.028123959
3.200802469	4.072697075
3.126303773	4.028123959
3.15756728	4.005837257
2.910023126	2.445776389
3.008466144	2.423489953
2.885744909	2.401203273
2.946943048	2.468063069
2.895590328	2.445776389
2.801221716	2.044617948
2.869061356	2.044617948
2.78476991	2.044617948
2.869534426	2.066904517
2.807936954	2.044617948
2.821168242	1.977758153
2.779682328	1.977758153
2.793421162	2.000044699
2.863279171	2.000044699
2.749257388	2.000044699
2.996152906	3.470959359
2.975190651	3.448672656
2.961286467	3.426386243
2.982105396	3.426386243
3.000650587	3.493245772
3.109855159	4.518428742
3.159485099	4.563002124
3.140011962	4.563002124
3.190617091	4.518428742
3.086509357	4.518428742
3.387582292	5.744190854
3.42506626	5.721904174
3.434403496	5.766477557
3.461099734	5.766477557
3.412638426	5.721904174
3.580345083	6.724800442
3.699771105	6.702513762
3.703260398	6.613367531
3.691709755	6.702513762
3.628671046	6.635654233
3.943814475	7.415684656
3.927362669	7.415684656
3.940793783	7.415684656
3.86432396	7.348825127
3.933604836	7.393397976
4.363823124	8.842025933
4.287320422	8.797453084
4.333523953	8.775166382
4.313473364	8.819739231
4.381889817	8.775166382
4.326831379	8.284861333
4.375892485	8.26257463
4.257212777	8.351721395
4.384734943	8.307148013
4.315879575	8.307148013
4.398289592	7.972849257
4.334344005	7.950562577
4.396744612	7.995135959
4.347101265	7.950562577
4.443799158	7.972849257
4.818160342	10.20150713
4.889728683	10.17922098
4.824272591	10.15693481
4.865450147	10.1346476
4.827932023	10.17922098
5.008573741	11.00382478
5.116135974	10.93696526
5.076302934	10.9592514
5.078218518	11.02611095
5.07275331	10.98153757
5.637987556	13.21019597
5.621227073	13.1879098
5.673253329	13.21019597
5.636915646	13.25476936
5.629584013	13.21019597
5.931155874	14.4582453
5.998452536	14.48053147
6.010785565	14.43595809
5.993048297	14.50281868
5.933339276	14.4582453
6.314465494	15.52800112
6.214051988	15.52800112
6.271338837	15.50571497
6.304599965	15.50571497
6.277091016	15.59486067
6.836451145	18.13553166
6.839449811	18.15781783
6.860291085	18.13553166
6.826314925	18.18010397
6.7953419	18.11324549
7.090334188	18.9824227
6.982695025	18.9824227
7.044858139	18.96013442
7.037236023	19.00470887
7.052210202	18.9824227
7.32161519	20.31961775
7.346272948	20.34190389
7.280288881	20.34190389
7.352190478	20.43105066
7.310203403	20.31961775
7.734894875	22.14711677
7.639719618	22.12483061
7.687234147	22.12483061
7.729067362	22.23626354
7.698041348	22.08025618
7.690992535	21.01050143
7.667349229	20.98821526
7.705494282	20.96592698
7.646895477	20.96592698
7.686425267	21.03278757
7.680575409	20.6539165
7.68555829	20.69848882
7.691656494	20.6539165
7.714639672	20.67620265
7.704285112	20.63162822
7.893826108	22.94943337
7.952002917	23.01629398
7.844691264	22.90486105
7.965467867	22.99400782
7.911696168	23.01629398
8.121823069	24.59864102
8.240921262	24.57635485
8.105770596	24.55406868
8.163838873	24.57635485
8.190438072	24.5317804
8.445516878	26.60443358
8.498711445	26.62671973
8.435567077	26.62671973
8.547276816	26.60443358
8.434092962	26.60443358
8.864208464	28.96681104
8.933884523	28.85537813
8.848719717	28.8776643
8.858422448	28.89995258
8.924456312	28.8776643
9.286715895	31.12861096
9.19198051	31.15089713
9.295613577	31.12861096
9.265222793	31.12861096
9.299597328	31.03946419
9.634999151	33.78071277
9.677841073	33.7584266
9.60909264	33.80300105
9.715798431	33.7584266
9.578029598	33.80300105
9.955972646	35.45220655
9.942672408	35.47449483
10.04853931	35.4299204
9.911172047	35.4299204
9.934681285	35.4299204
10.37537735	38.03744987
10.33224814	38.01516584
10.35144867	37.97058928
10.32194273	37.94830524
10.37082732	37.92601696
10.65521095	40.28839656
10.72202433	40.31068059
10.5891873	40.31068059
10.71315027	40.28839656
10.67889895	40.28839656
10.99310709	42.11589559
11.01885846	42.07132327
11.02934007	42.13818387
11.02308226	42.04903499
11.02309631	42.04903499
11.35673289	44.58970811
11.34955831	44.56741983
11.4076483	44.56741983
11.33164165	44.52284752
11.45188581	44.52284752
11.3666795	42.65077191
11.33461797	42.65077191
11.37739988	42.67306019
11.26280831	42.60619959
11.37289901	42.65077191
11.45590276	44.92400687
11.55342549	44.9462909
11.52810824	44.92400687
11.57209422	44.92400687
11.44031378	44.90171859
11.7285471	46.97437174
11.86860786	46.97437174
11.78530405	46.97437174
11.8336364	46.99665578
11.77466157	46.90751115
12.05814247	48.62357726
12.06589419	48.60129323
11.97878156	48.57900495
12.06105368	48.57900495
12.06032205	48.51214435
12.30709882	50.60708579
12.40597884	50.62936982
12.26558992	50.62936982
12.39344534	50.58479751
12.32859064	50.60708579
12.7229258	53.25918758
12.83228871	53.23689929
12.66167436	53.23689929
12.80013396	53.17004295
12.73371385	53.23689929
12.87780561	54.19522325
12.87747491	54.19522325
12.9205173	54.15065093
12.90850476	54.21751153
12.90049767	54.17293921
12.85854316	52.72431126
12.86845401	52.72431126
12.88288873	52.72431126
12.8545377	52.70202298
12.84747037	52.72431126
12.8538265	51.89970425
12.85522081	51.87742022
12.86947549	51.87742022
12.85702244	51.89970425
12.89635176	51.87742022
12.88192471	48.9548132
12.78761324	49.02167379
12.85413932	48.99938551
12.81250274	48.99938551
12.78737574	48.9548132
12.65892914	44.54206871
12.51638747	44.51978467
12.54439886	44.54206871
12.58675303	44.51978467
12.56790937	44.54206871
12.47869123	44.69807395
12.5601385	44.69807395
12.57457194	44.69807395
12.53525155	44.72036224
12.62885182	44.67578992
12.27869927	39.97331899
12.19841903	39.97331899
12.25195834	39.99560727
12.15964002	39.97331899
12.24813164	39.97331899
11.85160159	35.53828835
11.85929584	35.56057664
11.8213021	35.5828628
11.90766394	35.56057664
11.76905495	35.60515109
11.41700756	31.08097157
11.45467699	31.03639926
11.40368242	31.125546
11.39953906	31.08097157
11.43318644	31.03639926
10.98250035	26.69051536
10.947534	26.71280153
10.99589572	26.71280153
10.89628534	26.7350877
11.04429701	26.69051536
10.95629059	27.64883934
10.91037786	27.58197874
10.97996582	27.64883934
10.93583556	27.62655106
10.8557328	27.62655106
10.43104069	22.14405182
10.42913181	22.18862627
10.44942085	22.21091241
10.36189835	22.23319858
10.47877803	22.23319858
10.44339415	22.79036318
10.33541024	22.67893025
10.43542856	22.72350259
10.43569925	22.76807701
10.42437748	22.70121642
9.810676822	17.88731471
9.902190731	17.88731471
9.870146435	17.86502854
9.917439432	17.90960086
9.881137501	17.93188702
9.253306653	13.51914467
9.249995798	13.47457129
9.272327148	13.47457129
9.299578814	13.45228407
9.29956413	13.45228407
8.538353597	9.106400202
8.593400225	9.128687416
8.461722573	9.150973562
8.544703339	9.128687416
8.566504799	9.150973562
7.658450908	4.359358291
7.552049645	4.314785175
7.613590936	4.381644704
7.644984681	4.381644704
7.561223125	4.359358291
7.115483531	2.264419235
7.07765705	2.286705915
7.09445073	2.286705915
7.147859168	2.286705915
7.02510282	2.286705915
7.045128829	2.931624009
7.070713576	2.887050893
7.111204829	2.864764191
7.070845091	2.909337306
7.15749742	2.909337306
5.377787332	0.324093624
5.362445422	0.301807032
5.377787332	0.324093624
5.362445422	0.301807032
5.39312988	0.346380215
0.867143195	-6.228161859
0.828426833	-6.272735241
0.93489553	-6.272735241
0.915039899	-6.250448539
0.877387707	-6.228161859
0.720564782	-5.336698502
0.780508263	-5.336698502
0.721732774	-5.336698502
0.633043122	-5.292125654
0.719219388	-5.336698502
0.315340561	-6.629320677
0.291091392	-6.584747295
0.357663905	-6.629320677
0.35425992	-6.607033997
0.243806595	-6.629320677
0.305086951	-6.406454855
0.326030811	-6.384168152
0.295540872	-6.428741535
0.298661856	-6.384168152
0.367378128	-6.406454855
-0.303154529	-7.676789816
-0.325358713	-7.654503647
-0.243910997	-7.654503647
-0.247908175	-7.676789816
-0.291438734	-7.654503647
-0.729248114	-8.813405697
-0.764183343	-8.813405697
-0.720935784	-8.768832848
-0.739939521	-8.746546168
-0.77973673	-8.746546168
-1.145187942	-9.905448218
-1.181026538	-9.860874836
-1.254704144	-9.88316205
-1.191397139	-9.88316205
-1.166350582	-9.905448218
-1.56248697	-11.01977742
-1.535995186	-10.99749125
-1.538891226	-10.97520404
-1.560686302	-10.99749125
-1.502747944	-10.99749125
-1.887274875	-12.0449609
-1.810193284	-12.0449609
-1.862292319	-12.02267369
-1.92899078	-12.00038752
-1.89805207	-12.02267369
-2.202398512	-13.13700289
-2.195213555	-13.11471672
-2.125394489	-13.09242951
-2.181618207	-13.11471672
-2.185311955	-13.11471672
-2.426151246	-14.16218639
-2.402883012	-14.11761301
-2.481091736	-14.13989916
-2.473196855	-14.13989916
-2.420337938	-14.11761301
-2.794632567	-15.49938142
-2.714363497	-15.49938142
-2.678178078	-15.34337512
-2.740300333	-15.45480806
-2.747220823	-15.43252082
-2.755264936	-14.60791806
-2.718021652	-14.58563085
-2.662367407	-14.63020423
-2.746467486	-14.6524904
-2.797347455	-14.6524904
-2.852869387	-15.56624097
-2.844924869	-15.49938142
-2.844312941	-15.56624097
-2.869090404	-15.61081435
-2.844007457	-15.54395375
-3.06145482	-16.5914234
-2.993350554	-16.54685002
-2.970004753	-16.54685002
-3.041090447	-16.61371062
-3.061520577	-16.54685002
-3.278287383	-17.66117922
-3.226100565	-17.63889305
-3.235486959	-17.54974631
-3.249308787	-17.61660691
-3.246516331	-17.57203352
-3.763909814	-19.86755041
-3.724865225	-19.82297807
-3.74192417	-19.86755041
-3.736844568	-19.88983867
-3.73398827	-19.88983867
-4.151816709	-22.00706416
-4.17915903	-22.02935031
-4.152995554	-22.00706416
-4.1841384	-21.96248971
-4.142361046	-21.94020356
-4.110161932	-21.18245929
-4.112206478	-21.16017312
-4.18253245	-21.18245929
-4.18514551	-21.22703372
-4.171247071	-21.20474543
-4.233059372	-22.29678847
-4.228779074	-22.34136292
-4.309922144	-22.31907464
-4.273311856	-22.31907464
-4.295223763	-22.27450232
-4.62399462	-24.28029488
-4.595099976	-24.28029488
-4.623361625	-24.25800871
-4.598565329	-24.32486719
-4.662915994	-24.30258102
-5.069881051	-26.62038619
-5.082551486	-26.57581388
-5.012285206	-26.62038619
-5.005939614	-26.59810002
-5.059345498	-26.59810002
-5.399106145	-28.96047751
-5.427149453	-28.96047751
-5.487334737	-28.91590519
-5.457351903	-28.87133074
-5.418657807	-28.91590519
-5.830898142	-31.09998914
-5.826696689	-31.09998914
-5.855957468	-31.077703
-5.829854961	-31.12227531
-5.796469979	-31.09998914
-6.209295108	-33.28407523
-6.168562531	-33.23950078
-6.154583652	-33.26178906
-6.231362151	-33.23950078
-6.206467539	-33.26178906
-6.533825888	-35.3344401
-6.528989844	-35.31215393
-6.538687469	-35.3344401
-6.515888794	-35.31215393
-6.502319781	-35.28986779
-6.957631869	-37.76367818
-6.884755402	-37.76367818
-6.89628402	-37.69681758
-6.944308009	-37.69681758
-6.912407996	-37.69681758
-7.283263288	-39.85861537
-7.311736892	-39.90319193
-7.260124334	-39.83633134
-7.273058118	-39.83633134
-7.266880112	-39.81404305
-7.624470917	-42.2655673
-7.669305991	-42.2655673
-7.699734442	-42.24328325
-7.625774574	-42.28785558
-7.600121516	-42.2655673
-8.006952505	-44.31593217
-7.976675359	-44.2490758
-7.938348994	-44.27135986
-7.98663729	-44.31593217
-7.98990154	-44.27135986
-7.916606268	-42.75587128
-7.928399831	-42.73358725
-7.898605971	-42.77815956
-7.971725676	-42.73358725
-7.938705871	-42.80044785
-8.35616658	-46.7674564
-8.352637385	-46.7674564
-8.351124964	-46.7674564
-8.339838308	-46.78974468
-8.357756888	-46.72288408
-8.30959883	-45.6531272
-8.308597146	-45.6531272
-8.323776897	-45.60855488
-8.376639484	-45.63084316
-8.389658817	-45.67541548
-8.65386386	-48.70639261
-8.648765425	-48.63953201
-8.700607176	-48.66181604
-8.679828468	-48.63953201
-8.650399785	-48.66181604
-9.056322299	-51.02419564
-9.047793624	-51.00190736
-8.969606766	-50.95733504
-9.006183218	-50.97962333
-8.964835842	-51.00190736
-9.155605161	-52.13852484
-9.18323988	-52.18309716
-9.228648894	-52.13852484
-9.167484272	-52.16081312
-9.139890413	-52.09395253
-9.079447845	-48.53060621
-9.110304039	-48.55289024
-9.135288031	-48.57517852
-9.099086333	-48.53060621
-9.088102289	-48.57517852
-8.859649495	-44.34072756
-8.821992195	-44.36301584
-8.819481283	-44.36301584
-8.813054292	-44.38529988
-8.874663895	-44.29615525
-8.856340555	-44.83103157
-8.815234502	-44.80874753
-8.801295205	-44.80874753
-8.798070537	-44.83103157
-8.808850924	-44.80874753
-8.890725944	-44.85331985
-8.886729425	-44.83103157
-8.888808764	-44.89789216
-8.848581817	-44.85331985
-8.850664349	-44.80874753
-8.835687616	-44.83103157
-8.845092843	-44.83103157
-8.815498809	-44.85331985
-8.807766246	-44.85331985
-8.874873297	-44.89789216
-8.516627471	-39.66054493
-8.500504771	-39.66054493
-8.502359386	-39.66054493
-8.50370454	-39.66054493
-8.467029772	-39.70511725
-8.119284705	-35.44838014
-8.09718191	-35.51524074
-8.09963281	-35.44838014
-8.099936699	-35.47066842
-8.089652365	-35.49295457
-7.698142857	-30.92420485
-7.674363567	-30.87963043
-7.688143259	-30.87963043
-7.661367218	-30.92420485
-7.674301002	-30.92420485
-7.072221528	-26.15487546
-7.078808124	-26.13258932
-7.06889599	-26.13258932
-7.131076979	-26.11030315
-7.12838284	-26.11030315
-6.659389376	-22.32158388
-6.647184032	-22.38844236
-6.623451984	-22.32158388
-6.583487429	-22.32158388
-6.574345232	-22.36615619
-6.615675371	-23.07932602
-6.577592244	-23.05703987
-6.568122536	-23.1016143
-6.55167488	-22.99018139
-6.572387192	-23.05703987
-6.521591176	-22.09871803
-6.522405802	-22.00957127
-6.558366815	-22.09871803
-6.570713889	-22.14329035
-6.57367425	-22.07642975
-5.90873323	-17.57454063
-5.931649374	-17.52996725
-5.917035264	-17.52996725
-5.957608236	-17.57454063
-5.958142594	-17.55225448
-5.350090048	-13.80810753
-5.353068923	-13.62981507
-5.329656725	-13.67438845
-5.315066237	-13.76353519
-5.271718686	-13.67438845
-4.877350007	-11.17829082
-4.838557594	-11.17829082
-4.845412008	-11.20057803
-4.798147739	-11.24515037
-4.813408889	-11.15600467
-4.48567834	-9.172498262
-4.485716326	-9.150212116
-4.4622671	-9.217071645
-4.46322154	-9.150212116
-4.394835731	-9.172498262
-3.893537495	-6.7878341
-3.92303002	-6.720974037
-3.950399474	-6.720974037
-3.940683655	-6.810120268
-3.900333812	-6.94383986
-3.836696264	-7.255851935
-3.835108828	-7.300425318
-3.867087687	-7.255851935
-3.916721457	-7.300425318
-3.916621544	-7.255851935
-3.740707977	-6.520394873
-3.771055348	-6.654114486
-3.722035102	-6.542681575
-3.767544987	-6.542681575
-3.741380873	-6.520394873
0.784962371	0.254726632
0.740294484	0.187866881
0.79985164	0.277013223
0.755183833	0.21015345
0.740294484	0.187866881
2.065441113	2.17137287
2.098163413	2.305092484
2.11053379	2.104513074
2.133553997	2.215945986
2.116484997	2.17137287
2.118103555	1.970793594
2.12549153	1.970793594
2.125292342	1.993080141
2.104234324	1.926220479
2.080563246	2.03765339
2.038577767	1.926220479
2.017176917	1.859360661
2.040288099	1.903933776
2.051535651	1.903933776
2.093824221	1.926220479
