"Pujol 2002, No. 10-2-3S"	
12495	
0.168669483	-0.75578806
0.168669483	-0.75578806
0.163185616	-0.733501491
0.168669483	-0.75578806
0.157701729	-0.711214878
-0.105524257	0.358541141
-0.045579576	0.33625455
-0.119138748	0.358541141
-0.094412216	0.380827732
-0.108381955	0.358541141
0.173734861	0.736298733
0.235190853	0.714012164
0.150519626	0.714012164
0.1470906	0.669438982
0.196403897	0.736298733
0.189254438	0.669438982
0.094740678	0.714012164
0.180249851	0.714012164
0.202259668	0.714012164
0.126490656	0.714012164
0.145807729	0.714012164
0.204976982	0.736298733
0.110564656	0.736298733
0.188339638	0.736298733
0.183539082	0.780871915
0.19649112	0.755799514
0.147419032	0.733512901
0.226069923	0.755799514
0.21041117	0.733512901
0.136890315	0.778086083
0.16469311	2.405006614
0.186727118	2.427293316
0.213765568	2.427293316
0.135762509	2.3827202
0.203263027	2.36043352
0.261476534	4.745098216
0.264474257	4.722811514
0.297939017	4.745098216
0.197811295	4.745098216
0.212390923	4.722811514
0.225636285	6.77317692
0.321356391	6.750890774
0.311310981	6.77317692
0.258694672	6.750890774
0.256572827	6.795463623
0.242282051	9.224701168
0.370831929	9.246988381
0.387710681	9.180127785
0.330115896	9.202414999
0.322686666	9.180127785
0.369354254	11.83223171
0.382587421	11.80994554
0.397179863	11.78765833
0.424256275	11.80994554
0.32402714	11.85451785
0.376151271	13.23628628
0.421846456	13.23628628
0.491264675	13.2585735
0.37384033	13.2585735
0.403228322	13.2585735
0.49310609	13.2585735
0.360415953	13.28085967
0.446293177	13.30314581
0.456987108	13.2585735
0.430241183	13.23628628
0.44621294	15.79924344
0.489558705	15.79924344
0.487031005	15.79924344
0.399642494	15.77695727
0.494257388	15.79924344
0.516999696	18.1616209
0.514142666	18.1616209
0.440393097	18.1616209
0.563571179	18.18390918
0.527617062	18.18390918
0.534042754	20.16741346
0.524733247	20.23427408
0.51764678	20.21198791
0.532290118	20.23427408
0.521482938	20.18970174
0.633913518	22.41836014
0.603306407	22.39607186
0.57295254	22.44064631
0.53042068	22.41836014
0.59177462	22.44064631
0.62622771	24.64701855
0.597525284	24.66930471
0.621502081	24.75845146
0.60320166	24.75845146
0.6711341	24.80302379
0.636015284	27.12082894
0.689964922	27.14311511
0.684897628	27.12082894
0.683424703	27.14311511
0.704620715	27.16540125
0.715720062	27.18768742
0.651013022	27.16540125
0.728433086	27.14311511
0.712774133	27.12082894
0.722069788	27.16540125
0.749819192	27.18768742
0.655648714	27.12082894
0.736687978	27.16540125
0.732763799	27.12082894
0.707059276	27.12082894
0.760713675	29.48320642
0.786646932	29.52777874
0.686824269	29.50549257
0.770149764	29.50549257
0.758198869	29.48320642
0.819500275	31.55585957
0.774008715	31.57814574
0.818522265	31.57814574
0.792259278	31.53357129
0.83717928	31.57814574
0.822953413	33.5839383
0.886351834	33.62851062
0.82313193	33.5839383
0.862158159	33.62851062
0.873017753	33.5839383
0.97540472	35.47829793
0.907040158	35.47829793
0.92631887	35.45601178
0.897019977	35.41143733
0.906328885	35.45601178
0.953476916	38.35326556
1.008569909	38.35326556
0.993558519	38.30869324
1.016469044	38.35326556
0.963014239	38.33098152
1.062949792	40.40363045
1.12228376	40.42591873
1.05210417	40.44820702
1.129878714	40.44820702
1.064321323	40.42591873
1.135284679	42.81058236
1.182083979	42.87744296
1.197336639	42.85515468
1.129772849	42.83287064
1.220527154	42.85515468
1.198351934	42.87744296
1.22389239	42.87744296
1.30215083	42.85515468
1.214456142	42.85515468
1.205743781	42.87744296
1.273970223	44.48207616
1.274135167	44.48207616
1.262209502	44.48207616
1.322712532	44.50436445
1.230459834	44.48207616
1.417872357	44.59350908
1.406086248	44.57122504
1.397386501	44.59350908
1.414823837	44.57122504
1.392141808	44.57122504
1.484007772	47.35704805
1.492238074	47.35704805
1.432470987	47.37933208
1.484376303	47.37933208
1.454912705	47.33475976
1.540572412	47.35704805
1.533626379	47.31247148
1.598104365	47.29018743
1.507082603	47.31247148
1.629079927	47.33475976
1.669616684	49.34055232
1.749449362	49.3628406
1.6265759	49.31826404
1.683358177	49.31826404
1.651976241	49.34055232
1.800059073	51.12347903
1.688742427	51.16805135
1.792541402	51.14576732
1.767838363	51.14576732
1.730310686	51.10119075
1.854241837	53.90930204
1.943651038	53.93159032
1.873939856	53.93159032
1.889446878	53.97616263
1.894958708	53.95387435
2.00881483	55.64765644
2.025604204	55.64765644
1.989485661	55.64765644
2.063297943	55.69222875
1.966637888	55.64765644
2.16744501	55.64598502
2.277682252	55.66826905
2.194763211	55.6014127
2.218372156	55.66826905
2.193620096	55.62369673
2.172347999	55.66826905
2.236545914	55.69055733
2.242400727	55.66826905
2.252853548	55.69055733
2.171839912	55.66826905
2.267076462	55.66826905
2.286558759	55.66826905
2.245397193	55.66826905
2.272588132	55.64598502
2.334576781	55.64598502
2.425730434	58.54324093
2.43443066	58.52095265
2.39179593	58.54324093
2.464707643	58.54324093
2.401740664	58.56552496
2.489182028	59.99186889
2.49808568	59.99186889
2.581752959	59.99186889
2.475415785	59.99186889
2.518443636	60.01415292
2.797926908	62.57711008
2.712620722	62.59939836
2.747557987	62.59939836
2.782369109	62.62168664
2.755356527	62.6439707
2.91107982	64.87262908
2.916998662	64.89491736
2.905442006	64.91720142
2.902013139	64.87262908
2.898685188	64.89491736
3.042803602	66.74470469
3.12559618	66.72241641
3.009846949	66.72241641
3.081577545	66.72241641
3.100703127	66.70012813
3.1519608	66.74470469
3.175010243	66.76698872
3.214418415	66.72241641
3.099851419	66.72241641
3.218496202	66.74470469
3.276623105	66.76698872
3.254613787	66.76698872
3.274628761	66.78927701
3.188586152	66.76698872
3.262335363	66.76698872
3.634100553	72.45007189
3.615989547	72.47235168
3.626404206	72.47235168
3.665545402	72.47235168
3.633237349	72.42778361
3.809955383	72.47235168
3.780555975	72.47235168
3.873456636	72.47235168
3.776022156	72.47235168
3.814655584	72.47235168
4.246477832	78.33372835
4.190254578	78.37829644
4.204644512	78.33372835
4.206828869	78.33372835
4.249017627	78.35601663
4.715186022	83.43735438
4.651813148	83.4150661
4.696834545	83.4150661
4.669961838	83.4150661
4.685214018	83.39277782
5.166438832	89.16500986
5.186900578	89.14272158
5.128631245	89.16500986
5.206279405	89.18728965
5.110964455	89.14272158
5.373829206	89.16500986
5.326953021	89.16500986
5.371872864	89.20957793
5.392981933	89.16500986
5.302124158	89.18728965
5.407597329	89.18728965
5.467363777	89.16500986
5.420549547	89.20957793
5.42519929	89.16500986
5.465242651	89.20957793
5.548485193	88.09524873
5.588960955	88.09524873
5.567660275	88.11753701
5.577542896	88.09524873
5.551165183	88.09524873
5.694413687	89.16500986
5.713158923	89.1204333
5.597042439	89.09814502
5.662193775	89.07585674
5.67109599	89.07585674
5.941748741	92.30741141
5.854422983	92.32969969
5.907039173	92.35198797
5.908575249	92.37427625
5.846499258	92.30741141
6.291532078	99.70656069
6.366463844	99.70656069
6.344224913	99.66198413
6.344579392	99.68427241
6.243729139	99.63970432
6.356120719	98.07964345
6.394589682	98.07964345
6.328574183	98.07964345
6.386996165	98.05735517
6.355246976	98.05735517
6.406108016	96.3412848
6.386981475	96.36357309
6.386955288	96.3412848
6.433830834	96.3412848
6.470648754	96.36357309
7.147134051	106.3479593
7.008169315	106.3256795
7.108704688	106.2588147
7.076648922	106.281103
7.036096517	106.2365264
7.31590377	108.086318
7.386363351	108.0194531
7.298847898	108.0194531
7.355818752	108.0417414
7.346994459	107.974885
7.333696703	105.7907947
7.450587293	105.7685149
7.380535204	105.7685149
7.409261421	105.7685149
7.427855924	105.7239384
7.450370774	102.962355
7.514380113	102.962355
7.505514942	102.9846348
7.508969038	102.9400667
7.393957506	102.9846348
7.486562128	101.6920164
7.544892138	101.7143046
7.464590813	101.7143046
7.538060592	101.7588727
7.561350824	101.7143046
7.966997508	107.6202494
7.979559479	107.5979611
7.904641766	107.5979611
7.993032878	107.6202494
7.891026576	107.5979611
8.390591051	109.514609
8.432221584	109.4923207
8.376443185	109.4923207
8.456046409	109.4700325
8.371553928	109.4700325
8.469070162	106.5282085
8.480361757	106.5504883
8.486876507	106.5282085
8.516581853	106.5059202
8.456117305	106.5059202
8.730031264	107.9768364
8.738792964	107.9991162
8.788325506	107.9768364
8.694382166	107.9545482
8.756739186	107.9768364
8.804881914	108.5562808
8.885588175	108.4894245
8.867518684	108.534001
8.885282876	108.5117128
8.78452268	108.534001
8.961265304	105.0572922
8.9556128	105.1018603
8.904342353	105.0795805
8.963286154	105.0572922
8.970472818	105.035004
8.970244163	104.9904274
8.971107048	105.0127157
8.92273311	105.0127157
8.971984624	105.035004
8.973966513	105.0127157
9.099618804	109.0465891
9.137604269	109.0688773
9.116546935	109.0243008
9.13337543	109.0465891
9.048703474	109.0465891
9.517181093	110.4283607
9.473670863	110.4283607
9.459827657	110.3837841
9.438898064	110.4283607
9.515340995	110.4283607
9.504366196	108.7122903
9.509433011	108.7345786
9.580998822	108.7345786
9.459814883	108.690002
9.555902981	108.690002
9.675183591	110.0717736
9.739875701	110.0940619
9.698464243	110.0271971
9.749262051	110.0717736
9.69086881	110.0049088
9.929471544	110.5843617
9.912910666	110.5175053
9.914600668	110.5175053
9.90529224	110.4729288
9.962846228	110.4283607
9.955709382	108.5562808
9.962160901	108.4894245
10.01518458	108.4448479
9.938083789	108.4448479
9.982861201	108.4002798
10.25342773	111.4535367
10.22853627	111.431257
10.34697571	111.431257
10.23416195	111.3643921
10.27796471	111.3421038
10.38042385	107.8431152
10.31455014	107.8208269
10.4321152	107.7985387
10.32711019	107.7985387
10.39957657	107.8431152
10.38358031	106.9739401
10.42557809	106.9739401
10.33504158	106.9739401
10.40209689	106.99622
10.34490824	106.9516519
10.62635376	110.5620734
10.51832578	110.5620734
10.60820635	110.5620734
10.61997952	110.5620734
10.64040199	110.5175053
10.87661087	111.8101238
10.89788345	111.7655557
10.83262992	111.7209791
10.84324641	111.7432674
10.88555013	111.7209791
11.16425882	112.4118649
11.13503569	112.4118649
11.13630543	112.3672884
11.07848127	112.3450001
11.18953094	112.3450001
11.41934834	112.3227203
11.43343425	112.300432
11.45258634	112.300432
11.41710139	112.2781437
11.47643544	112.300432
11.47675862	109.514609
11.54730698	109.514609
11.44846417	109.4700325
11.51925268	109.514609
11.47816887	109.4477442
11.78783923	111.6541228
11.88712786	111.6541228
11.8934791	111.6318345
11.78559356	111.6095462
11.8574602	111.5872579
12.00243128	111.7432674
12.0972375	111.7878355
11.99041476	111.8101238
12.03604611	111.7655557
11.99943577	111.7655557
12.07243419	109.4254644
12.09609678	109.4031761
12.05744771	109.4031761
12.11878983	109.4254644
12.01685953	109.4477442
12.36870843	111.8769886
12.35410517	111.8769886
12.34149338	111.8769886
12.30537228	111.8769886
12.33266525	111.8101238
12.53408345	112.4787213
12.64785143	112.5010096
12.59079883	112.4341532
12.50552074	112.4787213
12.56163063	112.4787213
12.6377408	110.5620734
12.61170351	110.5620734
12.59910449	110.5620734
12.57524262	110.5620734
12.59188079	110.5620734
12.79303584	112.4787213
12.79121554	112.5010096
12.74344198	112.456433
12.81396224	112.4341532
12.77957075	112.456433
12.99081983	112.456433
12.96707548	112.4118649
12.95400638	112.4341532
12.99767948	112.4341532
12.94197836	112.3672884
12.93256519	110.9186604
13.01589012	110.9186604
13.00356958	110.8740924
13.07097042	110.8963721
12.96710869	110.8740924
13.11416705	107.7985387
13.03455424	107.7985387
13.12243567	107.8208269
13.0462974	107.7985387
13.12035351	107.7762504
13.34697102	111.8547003
13.31911727	111.8769886
13.45503284	111.8769886
13.32013025	111.8769886
13.39319636	111.8769886
13.56822088	112.8798849
13.6130628	112.8798849
13.59550875	112.9467413
13.5402164	112.924453
13.59548958	112.924453
13.67193826	111.0078051
13.63259684	110.9855253
13.64621905	111.0078051
13.54829213	111.0078051
13.66238841	111.0300934
13.6832305	108.7568669
13.71955215	108.7791467
13.65000655	108.7791467
13.71165269	108.7791467
13.66999789	108.7791467
13.67408175	107.6202494
13.7248176	107.6202494
13.69132923	107.5756728
13.70915793	107.5979611
13.65070273	107.5979611
13.74487537	107.3082389
13.72651016	107.2636623
13.70973148	107.2859506
13.6913931	107.2636623
13.74680169	107.2413741
13.7058865	106.3914244
13.75339564	106.3691362
13.78796852	106.3468479
13.65935458	106.3914244
13.80662243	106.3468479
13.60214485	98.27910108
13.5668349	98.25682128
13.5391536	98.27910108
13.53594988	98.27910108
13.539685	98.30138937
13.3356494	92.35087654
13.31236747	92.3954446
13.34728143	92.37315632
13.2968777	92.37315632
13.29015473	92.37315632
13.29748063	93.04175383
13.33111079	93.06404212
13.37360357	93.06404212
13.23719364	93.06404212
13.34334192	93.04175383
13.05643359	87.42553978
13.0322166	87.4032515
13.09438265	87.4032515
13.08057904	87.38096322
13.10565827	87.42553978
13.05248003	87.96041608
13.03151275	87.98270436
13.04075859	87.98270436
13.05578594	87.91583954
13.10519841	87.93812782
12.76511183	81.87618206
12.74579113	81.87618206
12.8499837	81.89846187
12.78380278	81.89846187
12.82736474	81.94303843
12.66423156	78.24346379
12.58667026	78.28804035
12.60929305	78.24346379
12.63536483	78.26575207
12.61990954	78.26575207
12.54257307	79.06807078
12.62079223	79.02349421
12.66734076	79.02349421
12.55618762	79.06807078
12.63880104	79.04578249
12.27526647	71.66892152
12.22822231	71.66892152
12.25509374	71.66892152
12.23794206	71.64663323
12.29025423	71.6912098
12.2188845	72.56038487
12.24395479	72.58267315
12.2805447	72.56038487
12.17957884	72.56038487
12.23480859	72.53809659
11.88691326	66.14185207
11.83231326	66.14185207
11.87959502	66.07499148
11.9309683	66.05270319
11.79688068	66.03041916
11.84954286	67.05559948
11.86648376	67.03331543
11.83291875	67.05559948
11.85105403	67.05559948
11.8521577	67.12246008
11.86471584	67.45675884
11.88168357	67.45675884
11.85915403	67.4344748
11.86250721	67.4344748
11.82769545	67.41218652
11.91221476	67.30075359
11.76692688	67.32304187
11.85650087	67.34532593
11.89112102	67.23389299
11.79317749	67.23389299
11.57842449	61.06051009
11.58125777	61.03822181
11.5862984	61.03822181
11.61250047	61.03822181
11.57027339	60.99364947
11.62143334	62.01883405
11.55900287	62.06340636
11.57106538	62.04111808
11.56018192	62.06340636
11.55148409	61.97426173
11.55342701	62.15255101
11.6281793	62.15255101
11.56305096	62.19712755
11.52835672	62.13026696
11.58271146	62.19712755
11.14940519	54.04023613
11.17919931	54.08480845
11.07275979	54.12938078
11.18434341	54.15166906
11.12335768	54.15166906
11.09847133	55.22142593
11.10065569	55.22142593
11.12092423	55.17685361
11.13072957	55.22142593
11.15541792	55.22142593
10.82772214	51.07611962
10.91782752	51.12069193
10.84811714	51.12069193
10.94404109	51.12069193
10.92703632	51.0984079
10.58504513	44.72444319
10.56208319	44.76901551
10.51488829	44.65758259
10.59834033	44.74673147
10.51733963	44.72444319
10.43874044	44.70215913
10.37891204	44.67987085
10.4756465	44.65758259
10.45870496	44.67987085
10.34160998	44.67987085
10.40012139	46.28450406
10.43264787	46.23993174
10.35258798	46.28450406
10.43366277	46.23993174
10.35903758	46.21764346
10.42301562	46.33130776
10.35169316	46.37588007
10.457052	46.39816835
10.40762421	46.37588007
10.39153277	46.39816835
10.06688232	39.11045201
10.18186767	39.04359563
10.09321149	38.70929688
10.10211818	38.46414275
10.09270628	38.33042156
10.07172304	38.82072981
10.07408495	38.82072981
10.06853592	38.82072981
10.03274503	38.82072981
10.03543907	38.82072981
10.00625427	38.97673504
10.06388745	38.97673504
10.08642849	38.99901907
10.03686018	38.99901907
10.06921997	38.95444676
9.756504282	33.85081861
9.834014483	33.89539306
9.746661899	33.89539306
9.781218179	33.9845398
9.795534024	34.00682597
9.590229329	32.98164353
9.60954748	32.98164353
9.603680372	32.98164353
9.642683289	33.00392968
9.656446657	33.00392968
9.611109104	33.24908169
9.640305405	33.22679552
9.596210125	33.29365401
9.650440952	33.27136784
9.564600173	33.27136784
9.216620528	26.0728025
9.152673781	26.11737482
9.200224434	26.11737482
9.196300893	26.0728025
9.203146491	26.05051422
9.089002315	27.07569877
9.215304803	27.05341049
9.163450584	27.09798494
9.133351159	27.07569877
9.17824737	27.09798494
8.961427534	23.82185582
8.979704603	23.79956965
8.923774193	23.79956965
9.025413241	23.79956965
8.955016254	23.79956965
8.922119319	24.42359487
8.994192897	24.42359487
8.926182096	24.55731395
8.997189682	24.4013087
8.896628761	24.33444811
8.370372332	16.22213111
8.355182744	16.28899171
8.462983341	16.24441832
8.355603648	16.22213111
8.370068949	16.24441832
8.383652842	17.18045506
8.354644319	17.22502738
8.393520773	17.15816785
8.288121691	17.22502738
8.38753806	17.20274123
7.910003022	12.05454075
7.997784174	12.1214003
8.048130421	12.07682692
7.951063833	12.09911308
7.959481274	12.1214003
7.974184172	12.90143074
7.928793606	12.87914351
8.013160902	12.90143074
7.948758761	12.85685736
7.951132174	12.87914351
7.330508308	5.992589691
7.305820597	5.992589691
7.345659573	6.014876394
7.289855626	5.992589691
7.407457729	5.992589691
7.343952964	6.839479688
7.264360598	6.861766368
7.360119765	6.861766368
7.303337328	6.861766368
7.330579842	6.88405307
6.713727505	1.780425167
6.768959176	1.75813862
6.7259829	1.780425167
6.846581789	1.75813862
6.751052554	1.802711736
6.691305267	2.805608137
6.731752925	2.783321457
6.75141342	2.783321457
6.732440168	2.783321457
6.761662656	2.783321457
6.707000067	3.095333777
6.766843159	3.117620213
6.730380357	3.117620213
6.667350147	3.095333777
6.754369967	3.095333777
6.734254717	3.117620213
6.712079018	3.117620213
6.691582463	3.117620213
6.715469882	3.139906893
6.730901537	3.117620213
6.769458001	3.184480008
6.67353405	3.184480008
6.70124601	3.184480008
6.679274695	3.206766711
6.748401306	3.139906893
6.470202941	3.056610607
6.392923949	3.056610607
6.481963982	3.056610607
6.442098819	3.012037491
6.451561174	3.056610607
6.474228673	3.168043518
6.485811516	3.168043518
6.36791625	3.19033022
6.488337579	3.168043518
6.41475475	3.168043518
6.405886387	1.964568086
6.43076443	1.986854655
6.423207958	1.986854655
6.416147119	1.986854655
6.505365348	1.986854655
6.426966714	2.031427904
6.453243513	1.964568086
6.35956715	2.009141201
6.464508283	1.964568086
6.456000785	2.009141201
6.376960895	1.622747587
6.482497936	1.645034156
6.368528125	1.60046104
6.449198619	1.622747587
6.440601065	1.60046104
6.347735852	-3.168867818
6.347301535	-3.19115452
6.34643418	-3.235727636
6.347301535	-3.19115452
6.347301535	-3.19115452
6.328208207	-4.171764108
6.327340212	-4.21633749
6.327340212	-4.21633749
6.327340212	-4.21633749
6.326905896	-4.238623904
6.265285299	-7.403318778
6.365335259	-7.381032098
6.339808295	-7.381032098
6.342246217	-7.358745929
6.354361098	-7.314172547
6.316434393	-6.712434564
6.316700731	-6.690148417
6.307290749	-6.690148417
6.338711007	-6.690148417
6.226987508	-6.690148417
5.547736636	-11.52633734
5.565376919	-11.52633734
5.523313986	-11.50405012
5.514233574	-11.50405012
5.5599288	-11.50405012
5.532273045	-10.50115386
5.567693488	-10.54572722
5.492698491	-10.52344107
5.476734159	-10.52344107
5.571059442	-10.54572722
4.863384139	-15.53792245
4.959409006	-15.51563524
4.979882248	-15.56020862
4.952855933	-15.51563524
4.971665359	-15.51563524
3.994587242	-23.15993333
3.901928011	-23.1822195
3.976705849	-23.13764716
4.013168332	-23.13764716
4.004835839	-23.15993333
3.938138207	-21.93417122
3.969888035	-21.93417122
3.987858846	-21.93417122
3.892443301	-21.93417122
3.93595385	-21.93417122
3.900677754	-20.86441645
3.959909928	-20.84212817
3.928997757	-20.84212817
4.001389408	-20.88670262
3.894632129	-20.86441645
3.45697886	-26.54749536
3.576765001	-26.54749536
3.499142389	-26.54749536
3.510064496	-26.54749536
3.519640859	-26.54749536
2.593468172	-33.18889612
2.67034095	-33.16660995
2.54434408	-33.16660995
2.555189383	-33.14432381
2.564422126	-33.14432381
1.740381564	-39.58514486
1.76466338	-39.56286083
1.810701429	-39.56286083
1.682442759	-39.54057255
1.747531024	-39.56286083
1.689849775	-38.27023812
1.764868723	-38.24794984
1.720761627	-38.27023812
1.791944057	-38.2033775
1.763522501	-38.24794984
1.092785513	-45.13450684
1.057099291	-45.11221856
1.089369021	-45.06764622
1.047065937	-45.0230739
0.996976528	-45.06764622
1.015579493	-43.21785891
1.036750436	-43.21785891
1.03271153	-43.21785891
1.018437201	-43.21785891
0.94334105	-43.21785891
0.262584361	-48.7226443
0.371397578	-48.65578795
0.284682139	-48.70036026
0.245565374	-48.65578795
0.294879899	-48.63349967
-0.29584322	-53.22453766
-0.192185377	-53.22453766
-0.261476713	-53.20224938
-0.210498672	-53.22453766
-0.241487268	-53.20224938
-0.25414742	-51.75362143
-0.266822821	-51.73133314
-0.268257184	-51.75362143
-0.254974039	-51.70904909
-0.291702321	-51.77590971
-0.739883479	-57.52584497
-0.687660249	-57.57042154
-0.703027635	-57.54813325
-0.716782541	-57.50356094
-0.630332442	-57.48127266
-0.784672707	-54.09315702
-0.793067394	-54.09315702
-0.709577275	-54.09315702
-0.730303363	-54.07086874
-0.716562269	-54.11544106
-0.730851767	-53.80343058
-0.754371533	-53.80343058
-0.698695167	-53.82571462
-0.777893055	-53.80343058
-0.771746756	-53.7811423
-1.096896911	-61.6928796
-1.101507135	-61.67059556
-1.117636092	-61.67059556
-1.103094068	-61.64830728
-1.160206873	-61.64830728
-1.153844293	-60.1105347
-1.13014601	-60.06595813
-1.146364305	-60.08824641
-1.14973042	-60.08824641
-1.088477554	-60.06595813
-1.561179302	-66.01647944
-1.58109432	-66.03876347
-1.604233979	-65.94961884
-1.564609287	-65.99419115
-1.608196959	-65.97190287
-1.633914575	-65.74903703
-1.753219135	-65.79361359
-1.653650117	-65.72675299
-1.638041541	-65.77132531
-1.661206748	-65.72675299
-1.679553435	-64.74614076
-1.636119051	-64.72385673
-1.709285128	-64.74614076
-1.7351423	-64.70156845
-1.675693446	-64.74614076
-2.167623048	-72.18985811
-2.212378426	-72.1675783
-2.170963295	-72.14529004
-2.17439296	-72.12300176
-2.220353566	-72.14529004
-2.227720344	-70.67437378
-2.145371663	-70.62980147
-2.203602354	-70.65208552
-2.265248499	-70.65208552
-2.223592259	-70.65208552
-2.730196816	-77.51635846
-2.799639585	-77.49407018
-2.816949341	-77.49407018
-2.730500838	-77.4717819
-2.781745418	-77.4717819
-2.815914326	-75.30997987
-2.842622247	-75.30997987
-2.783072	-75.33226815
-2.805067266	-75.28770006
-2.884787053	-75.30997987
-3.360280803	-82.79827378
-3.303931725	-82.82056206
-3.324237946	-82.7759855
-3.363876051	-82.7759855
-3.328773043	-82.7759855
-3.378918099	-80.65876003
-3.347675719	-80.65876003
-3.396292363	-80.63648022
-3.427788627	-80.61419194
-3.342280292	-80.61419194
-4.04448576	-89.12766193
-3.994817175	-89.06080558
-3.972323402	-89.10538214
-3.97777248	-89.08309386
-3.920393496	-89.06080558
-4.034024156	-85.82925089
-4.057097869	-85.80696261
-4.094257814	-85.85153917
-4.044360574	-85.85153917
-4.060438276	-85.91839554
-4.471034892	-93.74098821
-4.42609014	-93.71869992
-4.498391095	-93.69641164
-4.504181559	-93.67413186
-4.43974429	-93.65184358
-5.027867855	-100.4492517
-5.084040971	-100.4269634
-5.089235846	-100.3823868
-5.015574457	-100.4046751
-5.075290448	-100.3823868
-5.093494385	-98.22059327
-5.14247956	-98.24288155
-5.118550626	-98.26516136
-5.097050992	-98.26516136
-5.091144604	-98.22059327
-5.075298113	-97.57428404
-5.126443055	-97.55199576
-5.142394932	-97.55199576
-5.127788798	-97.55199576
-5.112256228	-97.57428404
-5.131248961	-94.89849405
-5.232050033	-94.89849405
-5.177859126	-94.87621426
-5.152497266	-94.87621426
-5.15819895	-94.87621426
-5.915997593	-105.6629192
-6.054340235	-105.6406309
-6.015097167	-105.6183427
-6.003843893	-105.6183427
-5.974100864	-105.6183427
-6.05216418	-103.1891067
-6.009730162	-103.1668184
-6.036352498	-103.1445301
-6.064417021	-103.1891067
-6.053320868	-103.1445301
-6.131131259	-100.00296
-6.084431995	-100.00296
-6.120130272	-100.0252483
-6.186642042	-99.98067176
-6.125250738	-100.00296
-7.105604433	-107.7809761
-7.07519971	-107.7809761
-7.114748716	-107.7586963
-7.048542245	-107.7141198
-7.105731535	-107.6918315
-7.19636768	-105.218019
-7.09647995	-105.1957392
-7.138644437	-105.1957392
-7.194677678	-105.218019
-7.15528196	-105.1957392
-8.19936652	-109.6976241
-8.309832416	-109.7199123
-8.272685565	-109.6753358
-8.20422959	-109.6976241
-8.301412421	-109.6753358
-8.34820238	-106.3323482
-8.28931223	-106.3100684
-8.340199457	-106.3100684
-8.39298107	-106.3546365
-8.277638053	-106.3323482
-8.308912687	-105.5077497
-8.38091026	-105.530038
-8.350506175	-105.530038
-8.337500945	-105.5523177
-8.39232704	-105.530038
-8.576251858	-107.8032644
-8.567513789	-107.8032644
-8.54606557	-107.7364081
-8.559390151	-107.6695432
-8.620781454	-107.6472634
-8.886140651	-108.2489961
-8.800579624	-108.3158609
-8.830385884	-108.2935727
-8.805673265	-108.2489961
-8.801252815	-108.3158609
-9.145617412	-109.4079019
-9.105482718	-109.4524699
-9.11227658	-109.4301901
-9.137132269	-109.4301901
-9.142568254	-109.3633253
-9.191863199	-107.0455223
-9.149787491	-107.0678105
-9.221426753	-107.0455223
-9.176227798	-107.0455223
-9.180774071	-107.0455223
-9.814094037	-110.0764994
-9.764970903	-110.0987877
-9.79559023	-110.0319228
-9.846107648	-110.0987877
-9.785443187	-110.0542111
-9.859528034	-107.9592739
-9.836453044	-107.9815622
-9.854907032	-107.9369856
-9.844679513	-107.9815622
-9.776466882	-107.9815622
-10.06455426	-109.5416231
-10.06983631	-109.5193348
-9.99581789	-109.4970465
-10.08704483	-109.4970465
-9.995467244	-109.4524699
-10.50742635	-111.1016839
-10.49296105	-111.0571074
-10.47843124	-111.0793957
-10.45163326	-111.0571074
-10.47901757	-111.0571074
-10.50535568	-107.6472634
-10.58096	-107.6472634
-10.59607422	-107.6472634
-10.58247308	-107.6472634
-10.56237891	-107.6249751
-11.31772079	-110.2102206
-11.33880431	-110.1879323
-11.3306647	-110.2102206
-11.3170361	-110.165644
-11.31618663	-110.165644
-11.38832919	-106.4215013
-11.44781525	-106.4660694
-11.43143384	-106.4437811
-11.41666069	-106.4883577
-11.4363991	-106.4660694
-12.13115636	-112.5503119
-12.06623368	-112.5725917
-12.16972624	-112.5725917
-12.07389426	-112.59488
-12.14375665	-112.5503119
-12.17368107	-110.4999428
-12.22374374	-110.4999428
-12.16755976	-110.5222311
-12.15882233	-110.5222311
-12.24120582	-110.4999428
-12.84415492	-112.7063129
-12.78140382	-112.5280236
-12.78129013	-112.4611588
-12.77222696	-112.3051578
-12.76506457	-112.2382929
-12.86121973	-110.2770769
-12.84653599	-110.2993652
-12.82083083	-110.2993652
-12.82400645	-110.2547887
-12.76402349	-110.2547887
-13.17164759	-112.4834471
-13.11813083	-112.4611588
-13.09854698	-112.438879
-13.20546936	-112.4165907
-13.14038317	-112.438879
-13.14739483	-110.4107981
-13.23053199	-110.3662216
-13.18788081	-110.4107981
-13.16457589	-110.3439333
-13.17326478	-110.4107981
-13.28776216	-106.7112235
-13.27549399	-106.7112235
-13.2284511	-106.7112235
-13.29346448	-106.7112235
-13.29178725	-106.7112235
-13.26850149	-105.9757696
-13.284515	-105.9089048
-13.27890082	-105.9311931
-13.27040609	-105.9089048
-13.30368114	-105.9534813
-13.18693426	-99.75780591
-13.18369477	-99.82467076
-13.14846657	-99.75780591
-13.24076653	-99.73552611
-13.18900493	-99.69094954
-13.01077668	-96.34796196
-13.06655444	-96.34796196
-13.03027112	-96.34796196
-13.0676594	-96.37025024
-13.0023024	-96.37025024
-13.05450726	-97.15028069
-13.08602971	-97.21713704
-13.03350167	-97.15028069
-13.0373096	-97.21713704
-13.06006907	-97.19484876
-12.85657637	-93.16098386
-12.84723984	-93.13869557
-12.89396338	-93.18326364
-12.87227053	-93.13869557
-12.88280399	-93.20555192
-12.87798691	-93.49528261
-12.82347505	-93.5175624
-12.8229807	-93.5175624
-12.88613673	-93.5175624
-12.87059458	-93.49528261
-12.52691723	-88.07963761
-12.5837003	-88.07963761
-12.59872383	-88.05734932
-12.51647574	-88.03506954
-12.61067265	-88.10192589
-12.53343964	-88.54765758
-12.56249926	-88.54765758
-12.60096695	-88.54765758
-12.57433184	-88.5253693
-12.59778111	-88.54765758
-12.5868376	-89.21625509
-12.53062936	-89.19396681
-12.57102847	-89.17167853
-12.5003	-89.17167853
-12.55727085	-89.21625509
-12.57376978	-89.46140921
-12.57023521	-89.46140921
-12.50212669	-89.4836975
-12.54568865	-89.41683265
-12.5850965	-89.43912093
-12.27858772	-82.88686694
-12.26634382	-82.93143501
-12.28854251	-82.97601157
-12.24205018	-83.06515622
-12.33823728	-83.0874445
-12.0850051	-78.60783942
-12.08171579	-78.58555114
-12.02277263	-78.6301277
-12.06502398	-78.65241598
-12.11133108	-78.67470426
-11.74483677	-72.59046175
-11.67168379	-72.61275003
-11.76617449	-72.59046175
-11.79676699	-72.63503831
-11.73059884	-72.67960637
-11.72964846	-73.83851214
-11.66690886	-73.86080042
-11.70521431	-73.86080042
-11.65428557	-73.81622386
-11.72236982	-73.90536851
-11.34763371	-68.17771728
-11.42155825	-68.17771728
-11.35159621	-68.20000556
-11.35831535	-68.20000556
-11.44490277	-68.17771728
-11.33882603	-68.71259782
-11.34513767	-68.73488188
-11.38005162	-68.69030954
-11.36731337	-68.73488188
-11.37789281	-68.73488188
-11.01946785	-60.77857224
-10.94925161	-60.77857224
-10.95017518	-60.80086053
-10.94682583	-60.80086053
-10.93959701	-60.80086053
-10.95419261	-62.18262789
-10.89875591	-62.18262789
-10.93681483	-62.20491617
-10.98469824	-62.20491617
-10.89959389	-62.18262789
-10.63519594	-56.16525021
-10.62486878	-56.18753849
-10.63867622	-56.23211081
-10.60252957	-56.18753849
-10.57749888	-56.18753849
-10.24936112	-50.14787254
-10.17460819	-50.14787254
-10.17378043	-50.19244485
-10.2730697	-50.19244485
-10.19924608	-50.21473314
-9.789426765	-43.68476318
-9.751960563	-43.68476318
-9.767950443	-43.72933549
-9.75616577	-43.68476318
-9.728807012	-43.72933549
-9.727857902	-45.08881882
-9.750872216	-45.08881882
-9.701046511	-45.06653054
-9.710382404	-45.08881882
-9.765651758	-45.08881882
-9.703068	-46.22599202
-9.741202922	-46.22599202
-9.675174649	-46.22599202
-9.738586802	-46.20370374
-9.670287947	-46.1814197
-9.316449497	-39.27257867
-9.309401431	-39.27257867
-9.326938884	-39.25029039
-9.377676016	-39.25029039
-9.30627499	-39.25029039
-8.865769921	-33.01004687
-8.86284978	-33.03233304
-8.838148657	-33.03233304
-8.857809152	-33.03233304
-8.785681923	-33.09919364
-8.765277341	-34.34724192
-8.829957955	-34.34724192
-8.866001131	-34.36952807
-8.806868274	-34.36952807
-8.816179896	-34.34724192
-8.365721949	-28.61959069
-8.457277186	-28.61959069
-8.387387965	-28.61959069
-8.419560613	-28.59730241
-8.44376355	-28.64187683
-7.848404779	-22.75821824
-7.846792698	-22.7359321
-7.864699959	-22.75821824
-7.816411607	-22.78050441
-7.890999112	-22.78050441
-7.837817671	-23.98398038
-7.828085784	-24.02855269
-7.817583623	-24.00626652
-7.852281056	-24.02855269
-7.890151556	-24.00626652
-7.28308795	-17.54315718
-7.319283776	-17.52087101
-7.292500487	-17.54315718
-7.289309537	-17.54315718
-7.330381845	-17.5654444
-7.225689167	-18.54605345
-7.323707419	-18.5237673
-7.249045186	-18.54605345
-7.26959092	-18.47919497
-7.322258845	-18.50148114
-6.410028363	-10.67888951
-6.493048638	-10.7234629
-6.524214054	-10.74574906
-6.470289166	-10.74574906
-6.478517551	-10.74574906
-6.436432902	-12.14980364
-6.492183198	-12.10523132
-6.397620318	-12.14980364
-6.455151313	-12.12751749
-6.504275086	-12.10523132
-5.734098736	-6.422151873
-5.787528631	-6.422151873
-5.758205229	-6.399865193
-5.801474668	-6.422151873
-5.771488933	-6.444438575
-5.755504162	-7.26904238
-5.767099779	-7.26904238
-5.745012859	-7.291328549
-5.729469431	-7.26904238
-5.816338518	-7.313615229
-5.440827027	-3.413463314
-5.438680991	-3.391176612
-5.440827027	-3.413463314
-5.445118459	-3.45803643
-5.440827027	-3.413463314
-4.910818867	2.091323007
-5.017749234	2.113609576
-4.963740037	2.091323007
-4.944000344	2.113609576
-4.982460045	2.158182825
-4.781918463	2.960499817
-4.724962938	3.005072933
-4.733873456	2.960499817
-4.671707408	2.960499817
-4.717580512	2.960499817
-4.558002978	2.982786497
-4.483079835	2.938213115
-4.525405594	3.027359613
-4.413102154	3.005072933
-4.531210109	2.960499817
-4.515918329	2.960499817
-4.511477441	2.938213115
-4.506935638	2.982786497
-4.477793626	2.960499817
-4.487948972	2.982786497
-4.181991064	3.273626239
-4.162839933	3.273626239
-4.135119031	3.318199622
-4.159651857	3.273626239
-4.15661643	3.273626239
-4.164525146	3.229053124
-4.170646776	3.295912942
-4.172415978	3.273626239
-4.083799404	3.251339826
-4.179299258	3.273626239
-4.176917862	3.268890418
-4.165995436	3.268890418
-4.140723633	3.2020306
-4.13206636	3.179744187
-4.194732191	3.224317302
-4.128473347	2.154561217
-4.16617523	2.176847763
-4.147028889	2.221421012
-4.184324239	2.176847763
-4.137452526	2.221421012
-3.938541228	5.163250042
-3.953333224	5.11867666
-3.933250228	5.140963362
-3.938041763	5.11867666
-4.034472844	5.11867666
-3.037080841	10.62346365
-3.096716675	10.71260935
-3.078655807	10.64574982
-3.039350465	10.64574982
-3.029519898	10.57889027
-2.949330027	9.509134447
-3.096922017	9.486847233
-3.041392392	9.509134447
-3.044084837	9.509134447
-3.007288632	9.464561065
-2.865244399	11.3366335
-2.881123464	11.31434733
-2.902713794	11.2474878
-2.859453616	11.26977395
-2.827359848	11.26977395
-1.801169774	17.15343254
-1.856102214	17.19800592
-1.864162461	17.15343254
-1.855264238	17.19800592
-1.849802865	17.13114533
-0.856548767	23.0593773
-0.760375642	23.03709113
-0.824634314	23.0593773
-0.762817875	23.01480285
-0.767932513	23.03709113
-0.792537672	21.45474198
-0.758437823	21.45474198
-0.754742219	21.45474198
-0.717950246	21.45474198
-0.760279198	21.45474198
-0.74006958	21.20958997
-0.793235532	21.18730382
-0.784167734	21.18730382
-0.725107929	21.20958997
-0.794167078	21.16501766
-0.749855677	20.7638583
-0.733391881	20.71928599
-0.753975059	20.74157213
-0.7104598	20.69699982
-0.805629765	20.71928599
-0.229383963	26.2686458
-0.207128765	26.29093197
-0.289869768	26.22407138
-0.21435926	26.20178521
-0.198725057	26.20178521
0.284719862	29.03218052
0.214416743	29.05446881
0.206601937	29.03218052
0.225833724	29.05446881
0.240113082	29.00989438
0.253941179	27.85099284
0.229497732	27.87327901
0.29148674	27.87327901
0.229662696	27.87327901
0.332732415	27.85099284
0.286077581	27.47211966
0.206270072	27.47211966
0.278342392	27.47211966
0.240877707	27.47211966
0.297579848	27.44983349
0.899657813	32.86547425
0.874870465	32.88776041
0.797929745	32.79861365
0.853869256	32.84318808
0.888231531	32.8208998
0.798528368	32.13001611
0.921659147	32.0854438
0.925283296	32.10772997
0.90376953	32.10772997
0.891589981	32.04086937
1.659431319	37.67937809
1.592315977	37.70166212
1.677580168	37.67937809
1.614989384	37.65708981
1.579886376	37.65708981
2.739228687	44.78879668
2.813050071	44.7665084
2.762656241	44.7665084
2.811877416	44.81108496
2.761479434	44.72193606
2.842549116	42.31498415
2.851197128	42.38184475
2.818528848	42.35956071
2.790804753	42.35956071
2.855320582	42.35956071
3.393300688	48.57751595
3.46284501	48.57751595
3.4328564	48.55522767
3.505102747	48.59980423
3.438312504	48.53294364
4.483037042	55.24120285
4.372744872	55.21891882
4.51789415	55.21891882
4.457001672	55.24120285
4.474712213	55.21891882
4.459785451	53.70343027
4.512777836	53.68114199
4.477840571	53.68114199
4.509921884	53.68114199
4.511618274	53.72571855
5.35132681	60.96885833
5.395415384	60.94657005
5.327034775	60.85742542
5.331407961	60.94657005
5.407339932	60.94657005
5.412085481	59.69851966
5.387138457	59.6762356
5.403609279	59.6762356
5.376804914	59.69851966
5.3892417	59.65394732
6.252040556	66.91937541
6.30948788	66.87480307
6.288402443	66.85251482
6.318475681	66.85251482
6.322844396	66.85251482
6.376111422	65.24788161
6.299411733	65.22559333
6.364516444	65.24788161
6.312433569	65.24788161
6.319743503	65.22559333
6.363306744	64.15583644
6.340045253	64.17812472
6.382883569	64.17812472
6.345181048	64.200413
6.339787218	64.15583644
6.320347714	62.70804419
6.42417112	62.70804419
6.350925525	62.75262076
6.391488788	62.68576016
6.427358876	62.70804419
6.677210413	67.00935575
6.58187726	67.03164403
6.618907868	66.96478344
6.669062504	67.03164403
6.648568504	66.98707172
7.05833928	71.08780146
7.107886512	71.04322915
7.125954725	71.02094087
7.103342793	70.99865683
7.114100434	70.99865683
7.040472258	70.55292514
7.168832002	70.55292514
7.067604277	70.57520918
7.154292612	70.57520918
7.086591581	70.57520918
7.125766947	69.28258647
7.084859424	69.2157301
7.142230743	69.23801415
7.18163157	69.26030243
7.11887664	69.23801415
7.206574123	69.19344182
7.122657112	69.2157301
7.144491745	69.17115353
7.145917964	69.19344182
7.076880132	69.19344182
7.186731598	69.10429719
7.085436171	69.10429719
7.144660362	69.12658122
7.160277241	69.17115353
7.153728639	69.12658122
7.159515909	69.10429719
7.168768771	69.1488695
7.081905432	69.10429719
7.150446993	69.10429719
7.147589445	69.10429719
7.956891342	77.81834898
7.894395724	77.81834898
8.015105746	77.7960607
7.871631142	77.7960607
7.92866395	77.77377242
7.934048838	75.34453646
8.008643369	75.38911302
7.932959214	75.36682474
7.975552269	75.34453646
7.973362802	75.38911302
8.474216176	80.62646025
8.407102111	80.64874853
8.357380514	80.64874853
8.42700659	80.67102834
8.428531169	80.67102834
8.756844571	83.90258301
8.748031775	83.83572666
8.766748269	83.81343838
8.804133356	83.79115009
8.761117481	83.79115009
8.741790388	82.05279992
8.881990372	82.0750882
8.820074695	82.05279992
8.837970459	82.0750882
8.847454531	82.05279992
9.65632722	88.82791976
9.582660083	88.85020804
9.613148476	88.82791976
9.619867611	88.82791976
9.567714479	88.80563148
9.581375017	86.95584839
9.677393496	86.97813668
9.598930992	86.97813668
9.68494869	86.97813668
9.617745208	86.93356011
9.718577577	85.551797
9.679759245	85.59636509
9.607278175	85.57407681
9.663633321	85.59636509
9.69329779	85.57407681
9.685543321	85.48493216
9.688993584	85.46264387
9.637168106	85.48493216
9.690162407	85.46264387
9.630358275	85.46264387
10.35985001	93.28523656
10.30792489	93.24066847
10.24568987	93.21838019
10.28902509	93.21838019
10.35488666	93.21838019
10.50715426	94.22127648
10.59199037	94.22127648
10.51102862	94.22127648
10.50832692	94.17669992
10.55771639	94.17669992
10.73181735	95.91505857
10.80497289	95.93733835
10.81253383	95.89277029
10.79514839	95.91505857
10.83512341	95.870482
10.83662308	94.13213183
10.85771682	94.10984355
10.81444993	94.13213183
10.91525484	94.08755527
10.73927482	94.10984355
11.12935636	97.58655235
11.19160799	97.56426406
11.19277299	97.60883215
11.17010293	97.60883215
11.22654239	97.60883215
11.53482676	100.0826447
11.57429721	100.0826447
11.51096234	100.0826447
11.45686692	100.0380766
11.5821098	100.0157883
11.59676671	98.0768521
11.51378667	98.0768521
11.58148898	98.0768521
11.59274417	98.0768521
11.55527541	98.0768521
12.08017652	101.8432831
11.9789488	101.8210033
12.08033109	101.798715
11.97500418	101.8432831
12.00953108	101.8210033
12.40585273	103.7376427
12.37526661	103.6484981
12.33210703	103.6930747
12.41356823	103.6484981
12.36443552	103.6707864
12.5991211	104.5622497
12.54031717	104.5622497
12.64295132	104.5176732
12.54416982	104.5176732
12.65698103	104.4953934
12.66968862	102.1775819
12.58861958	102.1553021
12.70781396	102.1775819
12.6007153	102.1553021
12.68354077	102.1553021
12.59302917	101.6872821
12.62771702	101.7095704
12.66861944	101.6872821
12.63200526	101.6872821
12.70440074	101.6427056
13.14262501	105.5874343
13.04711238	105.5205695
13.18923358	105.4314248
13.00763044	105.4760014
13.11086369	105.4537131
13.37724672	106.2114553
13.41806994	106.2114553
13.37942469	106.1668872
13.31171855	106.1668872
13.42301732	106.1445989
13.54657786	105.8771565
13.46023826	105.9217331
13.44444573	105.8771565
13.56405017	105.7880119
13.4829147	105.8771565
13.53519621	104.584538
13.54477289	104.584538
13.51310099	104.6068263
13.48614908	104.584538
13.56492646	104.584538
13.62023414	100.443966
13.6182299	100.443966
13.51658957	100.443966
13.68274509	100.443966
13.60814608	100.443966
13.33995297	90.99445606
13.34657247	90.92759969
13.30551293	90.99445606
13.32800798	90.94987949
13.32911677	90.97216777
13.10926694	85.95768637
13.0139242	85.93539809
13.14026565	85.93539809
13.0391184	85.93539809
13.01753797	85.9131183
13.06050467	86.38112978
13.07478219	86.33656169
13.07193486	86.38112978
13.09880246	86.38112978
12.99985234	86.33656169
13.04094636	86.53713925
13.09420381	86.49256269
13.01810003	86.53713925
13.1031865	86.51485097
13.02472719	86.4702829
12.68834252	78.5362573
12.60552727	78.5362573
12.67978138	78.5362573
12.64407288	78.55854558
12.64408182	78.60311365
12.69448172	79.42772066
12.61124109	79.49457703
12.7065851	79.42772066
12.67213612	79.47228875
12.57176298	79.45000894
12.15704674	70.93653048
12.24483364	70.95881876
12.15318516	70.93653048
12.23911855	70.95881876
12.17770872	70.93653048
12.18112705	72.20686915
12.19111122	72.22914894
12.18919001	72.20686915
12.07721806	72.22914894
12.22807285	72.18458087
11.96980643	67.70497579
11.97189754	67.68269175
11.88245512	67.70497579
11.9237663	67.70497579
11.95904943	67.70497579
11.91766288	68.73016036
11.93546348	68.73016036
11.97174808	68.73016036
11.8523046	68.73016036
11.95882333	68.73016036
11.89661385	69.19817608
11.95718697	69.22046436
11.94289923	69.22046436
11.85411979	69.19817608
11.87503086	69.22046436
11.45393145	60.3949754
11.37825048	60.37269137
11.47636518	60.41726369
11.41814247	60.3949754
11.40866032	60.41726369
11.1450122	56.62854442
11.20295899	56.62854442
11.15383011	56.6508327
11.10426563	56.60625613
11.22405528	56.69540501
10.8042882	52.19351589
10.83386133	52.14893933
10.88173453	52.19351589
10.83763478	52.17122761
10.86014899	52.21579993
10.84790892	53.30784509
10.81843798	53.33012913
10.78112634	53.28555681
10.91016183	53.28555681
10.7441711	53.28555681
10.33975711	45.99784469
10.35043619	45.97555643
10.32976719	46.02012874
10.37865337	45.97555643
10.24274737	46.02012874
10.34768978	47.04531329
10.3348289	47.06760158
10.23932521	47.00074098
10.29173318	47.04531329
10.36155023	47.06760158
10.31936531	47.71168369
10.27611503	47.73396773
10.30517273	47.73396773
10.35532609	47.75625601
10.21252723	47.75625601
9.797717104	40.8251267
9.889945532	40.8251267
9.828460978	40.86969901
9.891548671	40.84741498
9.867601854	40.86969901
9.192211929	34.00543243
9.242873694	34.07229303
9.310234936	34.07229303
9.262110092	34.05000686
9.30771079	34.02771858
9.230943398	34.85232345
9.283348817	34.89689579
9.274372513	34.8300373
9.20305324	34.85232345
9.252194897	34.87460962
8.601605733	27.11887755
8.604133712	27.11887755
8.641759589	27.163452
8.606664884	27.20802431
8.536683052	27.18573814
8.61220817	28.12177384
8.591459329	28.05491535
8.567177832	28.0772015
8.640433646	28.0772015
8.523841329	28.12177384
8.209606813	23.5753124
8.094272738	23.55302412
8.249091311	23.5753124
8.167936681	23.5753124
8.192050838	23.55302412
8.219421732	24.24390992
8.161797487	24.28848223
8.112153173	24.22162163
8.182129896	24.28848223
8.209512286	24.28848223
7.410380425	16.64418414
7.368047322	16.68875645
7.48582379	16.73332984
7.43096065	16.66647031
7.452469545	16.71104369
7.388358014	17.3796412
7.511088886	17.35735399
7.373410494	17.3796412
7.400462676	17.3796412
7.444973111	17.3796412
6.918238934	12.47659273
6.932527953	12.47659273
6.893631699	12.4988789
6.950746899	12.45430551
6.85768369	12.54345226
6.91722276	13.21204979
6.910338202	13.21204979
6.809537129	13.21204979
6.90647917	13.21204979
6.901766196	13.21204979
5.969008501	5.701471313
5.981276031	5.701471313
5.961452029	5.701471313
5.973290991	5.723757459
5.950449127	5.67918461
5.859142983	6.526074584
5.90869788	6.526074584
5.98010657	6.570647967
5.902402842	6.548361287
5.968510953	6.570647967
5.496814281	3.138513888
5.392740504	3.160800568
5.516058343	3.160800568
5.464728496	3.183087003
5.381746543	3.183087003
5.429240351	3.561959141
5.482326625	3.561959141
5.442004153	3.561959141
5.430929716	3.561959141
5.423533558	3.606532257
5.435246057	3.896257897
5.461273124	3.851684515
5.456154574	3.918544333
5.360307266	3.851684515
5.440288602	3.896257897
5.420470986	4.07455036
5.496498124	4.09683704
5.365624452	4.09683704
5.417119083	4.07455036
5.459113037	4.119123742
5.302859303	3.272233501
5.217688522	3.316806617
5.357385209	3.294519914
5.28589221	3.272233501
5.200390901	3.316806617
5.071794199	3.807947109
4.999235208	3.852520225
4.98721709	3.830233789
5.050965839	3.807947109
4.997794937	3.830233789
5.008544275	3.785660674
5.061130446	3.830233789
4.967814311	3.852520225
5.015355702	3.807947109
5.039041291	3.807947109
4.962758034	3.765602708
5.012406181	3.787889144
5.027011357	3.787889144
5.028198383	3.743316028
5.057334327	3.765602708
5.004173325	3.832462526
5.033996192	3.854748939
5.045592447	3.854748939
4.977298702	3.832462526
5.060624595	3.832462526
4.983930973	3.49816377
4.934963043	3.520450183
4.937053831	3.49816377
4.968145158	3.49816377
4.853314698	3.520450183
4.995645069	3.052432081
4.919961234	3.030145401
4.935345306	3.052432081
4.971786073	3.007858698
4.913242418	3.030145401
4.560917051	-0.557994594
4.565294069	-0.513421456
4.556540352	-0.602567777
4.565294069	-0.513421456
4.560917051	-0.557994594
4.247982292	-3.744976038
4.245794102	-3.767262718
4.245794102	-3.767262718
4.241417404	-3.811835833
4.245794102	-3.767262718
3.985379728	-6.419366374
4.022946206	-6.397079694
3.985925179	-6.330219609
4.044129684	-6.352506311
3.952169191	-6.330219609
3.21358012	-9.205189377
3.167580873	-9.160615995
3.143869736	-9.205189377
3.225771965	-9.182902141
3.185652599	-9.138329826
3.21537966	-8.781743856
3.120992743	-8.737171008
3.145859609	-8.737171008
3.162408033	-8.714884305
3.151638576	-8.759457688
2.610682602	-11.27784146
2.581205272	-11.25555532
2.663120116	-11.23326808
2.607583944	-11.25555532
2.650662252	-11.27784146
2.600338839	-10.58695778
2.635365682	-10.60924395
2.646033107	-10.58695778
2.589441641	-10.5423844
2.592451839	-10.58695778
2.611920085	-10.43095149
2.584106572	-10.45323766
2.636266889	-10.47552487
2.64701016	-10.47552487
2.575711805	-10.45323766
2.583470266	-10.20808564
2.639743658	-10.20808564
2.621011994	-10.23037181
2.58117206	-10.2749452
2.629253792	-10.18579843
2.577424641	-10.20808564
2.625711077	-10.23037181
2.62690465	-10.18579843
2.616401052	-10.20808564
2.627552293	-10.23037181
1.473846838	-16.71576839
1.477224448	-16.67119501
1.410701342	-16.67119501
1.496961108	-16.69348115
1.465463887	-16.67119501
0.349260161	-22.86686619
0.361363346	-22.86686619
0.36353485	-22.86686619
0.386915339	-22.82229176
0.394039689	-22.84457791
0.350968766	-22.26512716
0.378795453	-22.24284099
0.408158295	-22.28741331
0.351070599	-22.24284099
0.309744667	-22.24284099
0.383996435	-21.52967116
0.346797889	-21.50738288
0.362342395	-21.48509671
0.391920879	-21.48509671
0.286319808	-21.50738288
0.373937134	-21.48509671
0.290967136	-21.4405244
0.329931871	-21.48509671
0.355814072	-21.4405244
0.306068444	-21.48509671
0.299295917	-21.06165119
0.363786338	-21.10622564
0.380182592	-21.08393947
0.277629343	-21.06165119
0.322219316	-21.08393947
-0.526970377	-28.54994511
-0.510765295	-28.57223127
-0.519172796	-28.57223127
-0.493035873	-28.54994511
-0.605926518	-28.54994511
-0.599801495	-27.50247439
-0.513808586	-27.54704884
-0.543616802	-27.52476056
-0.551516097	-27.52476056
-0.563835362	-27.45790207
-1.44076931	-34.09930283
-1.479315236	-34.07701666
-1.402542894	-34.07701666
-1.447399346	-34.07701666
-1.409667604	-34.05473049
-2.059637547	-38.24460702
-2.057124099	-38.24460702
-1.995439951	-38.20003469
-2.105651166	-38.20003469
-2.056615853	-38.24460702
-2.069835207	-36.88512795
-2.096707435	-36.88512795
-2.036065967	-36.88512795
-2.019912419	-36.84055138
-2.136688203	-36.88512795
-2.034607333	-36.6622621
-2.065532598	-36.6622621
-2.138773083	-36.6622621
-2.094195424	-36.72911845
-2.088113074	-36.63997382
-2.923230787	-44.19512408
-2.991099477	-44.19512408
-2.951424966	-44.15055176
-2.946827277	-44.17284005
-3.000078655	-44.17284005
-2.973466858	-43.325949
-3.031111861	-43.37052132
-2.992719862	-43.34823729
-2.949462877	-43.37052132
-2.990293436	-43.37052132
-2.979250935	-42.5904909
-3.052999825	-42.5904909
-2.993195375	-42.5904909
-2.997463494	-42.56820686
-2.974121207	-42.56820686
-2.955668496	-42.45677393
-2.996828945	-42.45677393
-2.962463317	-42.43448565
-3.010938489	-42.45677393
-3.0496492	-42.43448565
-3.018769602	-41.81269183
-3.005498353	-41.81269183
-2.998780496	-41.81269183
-2.972833586	-41.83497587
-3.0251333	-41.76811527
-3.007024529	-41.69930751
-3.005512404	-41.69930751
-3.034836765	-41.72159579
-2.971336151	-41.72159579
-3.008560605	-41.74387983
-3.65026927	-49.54418423
-3.71190328	-49.4996119
-3.670678961	-49.52190018
-3.661242792	-49.47732362
-3.764151897	-49.4996119
-4.328010891	-54.22436686
-4.391754211	-54.20208283
-4.351697758	-54.22436686
-4.347239944	-54.20208283
-4.342121394	-54.22436686
-5.125906865	-60.19717222
-5.101192968	-60.15259988
-5.119507081	-60.15259988
-5.127382584	-60.10802757
-5.07297356	-60.15259988
-5.122365268	-58.72625598
-5.163078946	-58.70397193
-5.143597287	-58.70397193
-5.11478229	-58.68168364
-5.121752754	-58.70397193
-5.88938867	-66.01397233
-5.853903719	-65.92482345
-5.857106166	-65.96939577
-5.842577634	-65.94711173
-5.825938833	-65.94711173
-5.897480373	-64.47619549
-5.857829175	-64.47619549
-5.91857092	-64.49848378
-5.871962352	-64.52076781
-5.855644818	-64.47619549
-5.911704884	-64.18646905
-5.885758932	-64.20875733
-5.869705821	-64.18646905
-5.90289081	-64.20875733
-5.968245892	-64.20875733
-5.910946746	-63.49558749
-5.899529965	-63.49558749
-5.888444031	-63.49558749
-5.927166558	-63.51787152
-5.961848024	-63.49558749
-5.968341058	-63.36186629
-5.903086891	-63.38415457
-5.905247617	-63.33958226
-5.961649388	-63.40643861
-5.891975409	-63.33958226
-5.892165104	-63.38415457
-5.89459089	-63.36186629
-5.963971705	-63.36186629
-5.980698646	-63.38415457
-5.903569749	-63.33958226
-6.619887635	-71.89762456
-6.616432262	-71.87534475
-6.63625882	-71.87534475
-6.5902947	-71.85305647
-6.574916057	-71.83076819
-6.638634149	-69.98098088
-6.728119355	-70.04784148
-6.640157451	-70.02555744
-6.637046338	-70.00326916
-6.679885293	-70.00326916
-6.64553212	-69.82497563
-6.721796215	-69.82497563
-6.691150701	-69.84726391
-6.644262382	-69.8026916
-6.656112202	-69.82497563
-7.441363173	-78.40531046
-7.447380375	-78.3607339
-7.507782331	-78.38302218
-7.504316101	-78.31616583
-7.463433487	-78.38302218
-7.508773595	-76.91210594
-7.475752752	-76.88982616
-7.49590824	-76.88982616
-7.567790208	-76.8452496
-7.488925322	-76.86753788
-8.09397191	-82.70661777
-8.156139235	-82.70661777
-8.107346309	-82.72890605
-8.053076522	-82.72890605
-8.122369834	-82.70661777
-8.693493094	-87.78796402
-8.696998286	-87.74338746
-8.777820152	-87.78796402
-8.705659072	-87.76567574
-8.683726078	-87.74338746
-9.246670133	-90.01662243
-9.245420834	-90.03891071
-9.220446347	-89.97204586
-9.273618207	-89.99433414
-9.258986205	-89.94975758
-9.726411245	-93.73847685
-9.720379991	-93.78305341
-9.670303915	-93.73847685
-9.701621981	-93.71619704
-9.713151811	-93.78305341
-10.16205005	-97.48262806
-10.17690879	-97.46033977
-10.19092125	-97.43805149
-10.24324236	-97.41576321
-10.20191521	-97.41576321
-10.26473785	-95.27625793
-10.25324442	-95.29853772
-10.23953917	-95.27625793
-10.20703951	-95.29853772
-10.23006468	-95.29853772
-10.5697195	-98.97582408
-10.56552515	-98.97582408
-10.51527215	-98.93125601
-10.54838241	-98.97582408
-10.60800771	-98.93125601
-10.57387489	-97.10375274
-10.59413321	-97.12604102
-10.59648107	-97.12604102
-10.56243448	-97.05918465
-10.59480448	-97.12604102
-11.0010426	-100.7810391
-11.01103955	-100.7587508
-10.97549073	-100.736471
-10.94625355	-100.736471
-10.99471946	-100.7141827
-11.36709366	-103.4777174
-11.45411284	-103.4777174
-11.44874136	-103.4777174
-11.40086433	-103.4777174
-11.39126338	-103.4331409
-11.39169897	-101.5165015
-11.42116097	-101.4496366
-11.48383671	-101.4942132
-11.44550698	-101.4496366
-11.42410794	-101.4719249
-11.90354759	-105.2829324
-11.897402	-105.2606442
-11.86798854	-105.2160676
-11.89925551	-105.2606442
-11.9031171	-105.2606442
-11.90014714	-103.2548516
-11.9258523	-103.2548516
-11.92225897	-103.2771399
-11.88913721	-103.2325633
-11.96801551	-103.2548516
-12.64141205	-108.1801884
-12.60912955	-108.1356118
-12.64692787	-108.1356118
-12.67998448	-108.0464672
-12.66218261	-108.0464672
-12.6368249	-105.7509524
-12.68848559	-105.7732322
-12.73458703	-105.7509524
-12.67545609	-105.7509524
-12.68765273	-105.7732322
-13.00875583	-108.1579001
-12.97054618	-108.1801884
-12.95289121	-108.1356118
-12.93477126	-108.1801884
-12.92063425	-108.1356118
-13.05355815	-108.5144871
-13.08153581	-108.5367754
-13.10036217	-108.5367754
-13.01945918	-108.5144871
-13.03317721	-108.5813435
-13.12334007	-107.4224462
-13.15119638	-107.3332931
-13.09587465	-107.4001579
-13.07292101	-107.3778696
-13.12678778	-107.4001579
-13.09813821	-106.8652816
-13.10284033	-106.8652816
-13.07628186	-106.820705
-13.07008391	-106.8652816
-13.10880579	-106.8875614
-13.13289249	-105.95153
-13.08166228	-105.95153
-13.12886867	-105.95153
-13.16893949	-105.9738182
-13.11945549	-105.95153
-13.15841881	-104.6811913
-13.13616391	-104.7034796
-13.17749553	-104.7034796
-13.11642039	-104.6811913
-13.11725836	-104.6811913
-13.14815872	-104.3246042
-13.14202591	-104.3023244
-13.19025806	-104.3468925
-13.14537526	-104.3023244
-13.12421893	-104.3023244
-13.14554643	-103.9457374
-13.17043789	-103.9903055
-13.13178115	-103.9457374
-13.13572576	-103.9680257
-13.22107027	-103.9680257
-13.20963369	-103.9234491
-13.14545701	-103.9234491
-13.14058245	-103.9234491
-13.17041362	-103.9457374
-13.15025877	-103.9457374
-13.17760028	-103.7005833
-13.19128126	-103.678295
-13.20004551	-103.7228716
-13.13616391	-103.6337269
-13.14987682	-103.7005833
-13.11249749	-103.3665645
-13.13810045	-103.3442762
-13.23270357	-103.3888528
-13.19555417	-103.3442762
-13.18009888	-103.3442762
-13.1452884	-98.88695942
-13.11167356	-98.84239135
-13.08124073	-98.79781479
-13.06638327	-98.82010307
-13.11839014	-98.84239135
-13.12401965	-98.66409358
-13.11058266	-98.66409358
-13.08260372	-98.64180532
-13.09218168	-98.64180532
-13.1260405	-98.66409358
-13.08158308	-98.79781479
-13.10459931	-98.79781479
-13.06502795	-98.77552651
-13.0241332	-98.79781479
-13.06637177	-98.77552651
-12.87868309	-93.98391095
-12.78618513	-93.96162267
-12.86087994	-93.98391095
-12.9141821	-93.9170546
-12.8703506	-93.96162267
-12.85817951	-94.85308602
-12.88259705	-94.83080624
-12.88109994	-94.83080624
-12.85404839	-94.83080624
-12.81567268	-94.85308602
-12.52270436	-87.72137915
-12.53789905	-87.69909936
-12.47203876	-87.69909936
-12.46093686	-87.6545228
-12.50897867	-87.6545228
-12.57812828	-87.87738865
-12.53092188	-87.87738865
-12.49202371	-87.85510036
-12.53119014	-87.89967693
-12.51242127	-87.83281208
-12.54440997	-87.96653328
-12.47670511	-87.96653328
-12.47922031	-87.96653328
-12.55215614	-88.01110984
-12.5543175	-87.96653328
-12.51488155	-88.05567793
-12.47682007	-88.03339812
-12.47773214	-88.01110984
-12.54822302	-88.03339812
-12.55399432	-88.01110984
-12.49999726	-88.03339812
-12.50559739	-87.96653328
-12.55234775	-88.05567793
-12.48763584	-88.01110984
-12.4679945	-88.01110984
-12.54672973	-88.43455325
-12.48960304	-88.43455325
-12.4946475	-88.43455325
-12.51538612	-88.41226497
-12.4426649	-88.45684153
-12.04451401	-80.52281593
-12.08418884	-80.56739249
-12.16565899	-80.56739249
-12.11753925	-80.5896723
-12.1255128	-80.56739249
-11.96204621	-81.50342394
-12.01227621	-81.50342394
-12.02091018	-81.48113565
-11.98242972	-81.43656756
-11.95669901	-81.391991
-11.62892658	-72.58879035
-11.65033967	-72.56650207
-11.59828426	-72.61107863
-11.60356377	-72.58879035
-11.618084	-72.56650207
-11.62216657	-73.36882077
-11.60099619	-73.36882077
-11.5872143	-73.36882077
-11.63929781	-73.36882077
-11.58429416	-73.39110905
-11.14957636	-65.90281514
-11.1419426	-65.92510342
-11.16200931	-65.90281514
-11.1947619	-65.90281514
-11.17429281	-65.94738746
-11.16521048	-66.10339695
-11.12582562	-66.12568099
-11.17203053	-66.12568099
-11.17759362	-66.1702533
-11.13893304	-66.12568099
-11.17744799	-66.57141268
-11.17035202	-66.48226802
-11.16812551	-66.59370096
-11.1549325	-66.57141268
-11.11630003	-66.57141268
-11.09753755	-66.70513387
-11.13249111	-66.70513387
-11.19682746	-66.70513387
-11.19084666	-66.68284559
-11.14433645	-66.7274179
-11.40547703	-74.86202529
-11.50210355	-74.90659338
-11.41659298	-74.90659338
-11.38476651	-74.92888166
-11.42676621	-74.92888166
-11.21603575	-67.59659722
-11.21243859	-67.61888126
-11.15430913	-67.61888126
-11.17967195	-67.61888126
-11.25854258	-67.59659722
-11.16239126	-67.66345782
-11.23945309	-67.73031419
-11.22642103	-67.70803014
-11.18348116	-67.68574185
-11.20273544	-67.70803014
-10.7986638	-61.86894599
-10.84646418	-61.89123003
-10.87729811	-61.91351831
-10.84713865	-61.89123003
-10.81689999	-61.89123003
-10.82644729	-62.00266296
-10.88148033	-62.02495124
-10.83789281	-62.04723527
-10.81428259	-62.02495124
-10.83972078	-62.00266296
-10.81051553	-63.11699214
-10.84326557	-63.11699214
-10.85191869	-63.0947081
-10.78464431	-63.11699214
-10.79260763	-63.0947081
-10.38266569	-55.62870247
-10.38973866	-55.67327479
-10.43247798	-55.65098651
-10.47095972	-55.65098651
-10.41182558	-55.65098651
-10.373858	-56.36415636
-10.42158366	-56.40873292
-10.45509119	-56.38644464
-10.41494564	-56.38644464
-10.40226806	-56.40873292
-10.01318545	-50.25763405
-9.999671174	-50.27992234
-9.951552077	-50.30220637
-9.984887161	-50.27992234
-10.04067897	-50.32449465
-9.540827721	-45.06485914
-9.494436311	-45.0202868
-9.560387301	-45.04257509
-9.546951586	-45.04257509
-9.511352946	-45.08714742
-9.513546246	-45.644312
-9.57066911	-45.644312
-9.531022383	-45.644312
-9.481986751	-45.68888434
-9.574199849	-45.644312
-9.547172577	-46.04547138
-9.45400462	-46.02318309
-9.518013959	-46.02318309
-9.591762211	-46.02318309
-9.522038414	-46.02318309
-9.559588925	-46.2014766
-9.541605659	-46.2014766
-9.512982273	-46.22376066
-9.523064168	-46.22376066
-9.529251904	-46.17918832
-9.513631831	-46.17918832
-9.487949663	-46.22376066
-9.563958917	-46.2014766
-9.576367601	-46.15690429
-9.512385087	-46.2014766
-9.549663511	-46.40456129
-9.484652689	-46.40456129
-9.498419251	-46.40456129
-9.539579699	-46.40456129
-9.556548069	-46.40456129
-9.524555535	-46.42684955
-9.538499017	-46.42684955
-9.517240492	-46.40456129
-9.489110183	-46.42684955
-9.476245467	-46.40456129
-9.112247839	-39.62944146
-9.072522551	-39.65172549
-9.10939029	-39.62944146
-9.081843754	-39.62944146
-9.058005516	-39.67401377
-9.078207629	-40.11974546
-9.071947082	-40.18660606
-9.107202739	-40.14203372
-9.052426462	-40.14203372
-9.067655011	-40.16431778
-8.722707918	-34.8378259
-8.724053022	-34.8378259
-8.687170593	-34.81553761
-8.677950944	-34.86011206
-8.699338486	-34.79325145
-8.623729059	-35.66242866
-8.710228977	-35.61785634
-8.72957076	-35.66242866
-8.64161141	-35.64014037
-8.646486615	-35.64014037
-7.860035525	-26.6586483
-7.861544776	-26.6586483
-7.874408214	-26.68093447
-7.919000403	-26.6586483
-7.888847967	-26.68093447
-7.798455805	-27.70611902
-7.840366088	-27.68383074
-7.868991391	-27.66154459
-7.883025568	-27.68383074
-7.857089836	-27.70611902
-7.473832817	-23.44937978
-7.488754789	-23.40480747
-7.541435488	-23.42709363
-7.515564264	-23.42709363
-7.459619803	-23.42709363
-7.487425652	-24.31855699
-7.477443394	-24.34084316
-7.481979449	-24.34084316
-7.492988738	-24.36313144
-7.53396077	-24.31855699
-7.023920321	-19.43779466
-7.126665599	-19.46008295
-7.152293478	-19.48236911
-7.091116139	-19.43779466
-7.104325115	-19.46008295
-6.684246343	-15.58221691
-6.607235606	-15.60450308
-6.577424875	-15.62679029
-6.619422661	-15.62679029
-6.591701759	-15.62679029
-6.608877068	-16.42910691
-6.578066769	-16.45139305
-6.564870568	-16.42910691
-6.558673252	-16.47368029
-6.634416167	-16.42910691
-6.071265173	-11.72663811
-6.02773195	-11.68206473
-6.044787822	-11.70435087
-6.139541674	-11.70435087
-6.125432129	-11.70435087
-6.015938975	-12.66267378
-6.017347949	-12.64038761
-6.083730062	-12.684961
-6.113295533	-12.684961
-6.043406312	-12.684961
-6.055405588	-13.17526607
-6.057511385	-13.19755221
-6.043302204	-13.17526607
-6.015235765	-13.13069269
-6.039440617	-13.17526607
-6.055735797	-13.17526607
-6.061932474	-13.13069269
-6.039276471	-13.17526607
-6.071000751	-13.13069269
-6.031960151	-13.15297883
-6.051873571	-13.17526607
-6.047099281	-13.19755221
-5.998470502	-13.21983838
-6.073883847	-13.17526607
-6.097923915	-13.21983838
-5.187674683	-6.734442874
-5.147200199	-6.734442874
-5.147772795	-6.712156172
-5.176322411	-6.712156172
-5.229751987	-6.712156172
-5.179977058	-6.979595399
-5.210127579	-6.957308719
-5.191242786	-6.979595399
-5.1326062	-6.979595399
-5.184092848	-6.957308719
-4.867210597	-3.280022359
-4.867210597	-3.280022359
-4.867210597	-3.280022359
-4.869131171	-3.302308773
-4.867210597	-3.280022359
-4.884495124	-3.480601502
-4.884495124	-3.480601502
-4.884495124	-3.480601502
-4.884495124	-3.480601502
-4.884495124	-3.480601502
-4.886583676	-3.50483826
-4.886583676	-3.50483826
-4.882742848	-3.460265144
-4.884663102	-3.48255158
-4.882742848	-3.460265144
-4.58122455	0.038728664
-4.495367804	0.127875006
-4.565688787	0.061015255
-4.634895236	0.105588415
-4.594402868	0.061015255
-4.00457461	2.133667542
-4.02027931	2.155954088
-3.969636387	2.133667542
-3.984668535	2.155954088
-4.029096578	2.133667542
-4.028369417	1.88851515
-4.070532945	1.88851515
-4.033487647	1.955374946
-3.990987843	1.910801697
-3.985697163	1.88851515
-4.006567357	1.665649306
-3.952706658	1.732509101
-3.980937243	1.732509101
-4.022188388	1.665649306
-3.918945242	1.687935852
-3.984816394	1.643362737
-3.963056808	1.665649306
-3.914588343	1.687935852
-3.992550744	1.643362737
-4.021684772	1.710222421
-3.983216129	1.710222421
-3.910055162	1.687935852
-3.996237965	1.687935852
-4.020088339	1.687935852
-3.96195952	1.687935852
-3.954001944	1.665649306
-3.889235425	1.643362737
-3.965754043	1.710222421
-4.013632987	1.710222421
-3.938028989	1.710222421
-3.20489219	3.475877068
-3.233032079	3.49816377
-3.183471435	3.453590388
-3.29082526	3.453590388
-3.207749738	3.475877068
-3.197586408	3.49816377
-3.272088647	3.475877068
-3.235804361	3.475877068
-3.219840987	3.475877068
-3.195660086	3.475877068
-3.13420108	3.471976934
-3.25667232	3.516550049
-3.210477949	3.471976934
-3.184010498	3.538836752
-3.243151339	3.494263636
-3.287845401	3.405117138
-3.207294025	3.382830703
-3.199737872	3.382830703
-3.224185431	3.315970907
-3.248031334	3.405117138
-3.285040545	2.513653782
-3.265224207	2.469080666
-3.288322191	2.491367346
-3.34787659	2.469080666
-3.26303985	2.469080666
-2.804648598	5.722921772
-2.834713532	5.767495132
-2.877394408	5.722921772
-2.837406615	5.767495132
-2.896796549	5.745208452
-1.814300509	10.8488366
-1.9506322	10.87112277
-1.846644169	10.87112277
-1.882847021	10.89340891
-1.879308457	10.9379823
-1.827245063	10.02423279
-1.875454056	10.02423279
-1.814807478	9.979659412
-1.904935218	10.00194556
-1.817411143	10.04651894
-0.708033215	16.42048261
-0.799507177	16.44276875
-0.775911007	16.37590922
-0.750624833	16.44276875
-0.787662067	16.42048261
0.108406635	21.43496292
0.09009307	21.43496292
0.147797722	21.41267677
0.098242007	21.41267677
0.051874059	21.41267677
0.132064001	20.34292202
0.141313699	20.43206665
0.147270624	20.36520817
0.110562929	20.34292202
0.121400618	20.36520817
1.029689676	27.7643532
1.041026939	27.74206704
1.038254098	27.71978089
1.033885463	27.71978089
1.029351244	27.71978089
1.9567195	33.5811512
1.986877525	33.55886503
1.96721735	33.55886503
1.959911089	33.53657889
1.965367991	33.51429272
1.995925843	32.51139645
1.968960045	32.48911028
2.021207705	32.48911028
2.010285439	32.48911028
2.013143306	32.48911028
2.849951342	39.24194606
2.830626165	39.1973695
2.850544695	39.21965778
2.800221761	39.1973695
2.822654857	39.21965778
3.682815877	44.54614966
3.663579799	44.56843794
3.696417654	44.54614966
3.765382355	44.56843794
3.765798149	44.54614966
3.82270162	42.49578479
3.771465663	42.5403571
3.745845768	42.51807307
3.837412821	42.51807307
3.818672055	42.5403571
4.643412953	50.29608917
4.640212741	50.29608917
4.619634752	50.27380514
4.576467824	50.27380514
4.580404458	50.20694454
4.57114489	48.37944549
4.731334938	48.40172955
4.604322215	48.40172955
4.672948404	48.37944549
4.63070887	48.44630187
5.477077142	55.93459578
5.533348618	55.84545112
5.503107402	55.84545112
5.517809022	55.86773518
5.447249804	55.82316284
6.208727046	60.23590733
6.189831076	60.16904674
6.175292963	60.191335
6.221072498	60.16904674
6.220306695	60.14675846
6.172476931	58.85413997
6.261761585	58.87642401
6.201368571	58.85413997
6.233292764	58.89871229
6.156935419	58.87642401
7.181148074	66.05270319
7.16190976	65.98584685
7.140478148	65.96355857
7.226668934	66.00813088
7.114866875	65.98584685
7.236099994	64.49264233
7.26458542	64.55950292
7.099428833	64.47035827
7.220723905	64.51493061
7.225426661	64.47035827
7.164866946	62.68826727
7.293221581	62.73283958
7.311361967	62.68826727
7.154193613	62.66597899
7.288172649	62.68826727
7.494335758	66.98957882
7.521729007	66.98957882
7.501483462	66.96729054
7.510291787	66.94500226
7.475527291	66.98957882
8.061120323	71.38003078
7.932595793	71.38003078
8.026244692	71.31317441
7.962831261	71.29088613
7.955856646	71.35775098
8.268228071	73.27439041
8.245475624	73.29667869
8.308224167	73.27439041
8.270662799	73.25211062
8.197931997	73.25211062
8.276093035	72.13778142
8.29608757	72.09320486
8.308357656	72.09320486
8.263743112	72.11549314
8.334470947	72.11549314
8.33205027	71.40231907
8.248641665	71.42460735
8.33607728	71.40231907
8.326006242	71.40231907
8.284162384	71.35775098
8.949789763	78.17743888
8.894613659	78.19972716
8.970293343	78.26659201
8.921834458	78.28887181
8.983743109	78.26659201
9.663930317	83.99423899
9.670129549	83.8605178
9.671714805	83.79366145
9.674578741	83.74908489
9.704382446	83.72680508
9.734014342	81.92159008
9.708393489	81.8993018
9.777269091	81.85472524
9.7006684	81.94387837
9.739884004	81.87701352
10.46973213	87.80524656
10.43236046	87.82753485
10.4396672	87.84982313
10.51030945	87.87210291
10.42228942	87.82753485
10.51937517	85.08627991
10.4908923	85.10856819
10.45409865	85.10856819
10.51886293	85.13085647
10.40865571	85.08627991
10.43896974	85.01942356
10.55959609	85.01942356
10.46887883	85.01942356
10.50658901	85.04171184
10.51582591	84.99713528
10.93182146	90.92536832
10.90249998	90.94765661
10.93022599	90.94765661
10.9939824	90.96994486
10.85126849	90.94765661
10.96960829	89.05329696
10.93868878	89.09786503
10.90836836	88.98643211
10.93759277	89.07558524
10.95775783	88.98643211
11.55883426	95.62783923
11.61763435	95.62783923
11.67584939	95.60555095
11.57093125	95.58326267
11.6372859	95.58326267
11.72022379	93.44374892
11.66152588	93.4660372
11.70191734	93.48832546
11.67638207	93.44374892
11.65252659	93.48832546
12.02303833	97.03189063
12.05051397	97.05417891
12.01186489	97.05417891
12.08352076	96.98732254
12.08468958	96.98732254
12.44073602	99.30512559
12.37917163	99.32741387
12.43158088	99.32741387
12.3657257	99.28283731
12.43175333	99.28283731
12.87711955	102.514392
12.89475409	102.4698154
12.93743848	102.4698154
12.86149054	102.4698154
12.92793588	102.4475356
12.97153106	99.99601139
12.91894936	99.99601139
12.94582462	99.99601139
12.9347521	99.99601139
12.96279363	99.99601139
13.29500758	103.495
13.26721003	103.5172882
13.29349386	103.495
13.28224378	103.495
13.34977236	103.4504319
13.37632316	101.1103406
13.34247839	101.1326204
13.39867003	101.1549087
13.32282429	101.0880523
13.41505271	101.0880523
13.38799223	97.99161025
13.48906028	98.0584666
13.37455268	97.99161025
13.40698847	98.03617832
13.4525087	97.99161025
13.17799883	90.48102806
13.19276815	90.48102806
13.16009732	90.45873978
13.20578871	90.50331634
13.12482697	90.50331634
13.20069571	90.74847047
13.1901993	90.72618219
13.19968145	90.7038939
13.21228941	90.74847047
13.11551854	90.7038939
12.89882772	83.97335063
12.87420452	83.99563044
12.84841888	83.97335063
12.85960126	83.99563044
12.89948558	83.97335063
12.90029546	85.31054568
12.79613482	85.26596911
12.87348407	85.24368083
12.8538504	85.2882574
12.89608259	85.26596911
12.45323795	77.95597296
12.51724857	77.91139639
12.38679644	77.93368468
12.50103706	77.93368468
12.46516506	77.91139639
12.51415726	79.0257256
12.45016069	79.0257256
12.42234526	79.00343731
12.49635666	78.98114903
12.45199249	78.98114903
12.01635496	70.22252492
11.94757836	70.2448132
11.97268186	70.22252492
11.98696066	70.26709723
12.04375012	70.22252492
11.83387041	69.19734037
11.91484493	69.19734037
11.87031725	69.19734037
11.93425378	69.21962865
11.90618414	69.21962865
11.92073758	70.28938552
11.85362671	70.26709723
11.91250728	70.28938552
11.84329253	70.28938552
11.93275921	70.26709723
11.88186879	70.53453539
11.89168691	70.46767905
11.90388482	70.48996308
11.90152163	70.48996308
11.83702815	70.53453539
11.49122392	62.42222053
11.37640592	62.44450882
11.45409495	62.46679285
11.47434944	62.44450882
11.43544488	62.42222053
10.87975456	54.75563734
10.86968863	54.84478199
10.91538258	54.84478199
10.88187121	54.86707027
10.85517479	55.00078722
10.78325322	55.60252413
10.85658248	55.66938475
10.88573791	55.6471007
10.8427265	55.73624535
10.83913445	55.80310595
10.31287291	47.6685028
10.24593193	47.69078684
10.31572854	47.6685028
10.2770041	47.64621452
10.35219198	47.6685028
10.18937049	48.91654895
10.24714483	48.87197663
10.21028667	48.8496926
10.20238338	48.89426492
10.24211825	48.87197663
9.869872436	42.78773836
9.744789867	42.72088199
9.855571281	42.6540214
9.814914129	42.56487252
9.878995003	42.54258849
9.862075174	44.43137393
9.783613308	44.43137393
9.769338979	44.43137393
9.804365343	44.49823453
9.787826819	44.4759505
9.827539332	44.40908988
9.822593231	44.3868016
9.834342137	44.3868016
9.796130571	44.40908988
9.77127105	44.36451756
9.363171116	38.34713989
9.40365518	38.3917122
9.362177297	38.3917122
9.351578692	38.43628454
9.363175587	38.43628454
9.407433097	39.23860325
9.33890367	39.23860325
9.323692367	39.2608873
9.373333488	39.23860325
9.346459503	39.23860325
8.966745998	33.35494254
8.947601573	33.39951699
8.985401177	33.35494254
8.995895674	33.37722871
8.885697393	33.37722871
8.497211329	28.38503558
8.353831891	28.40732175
8.483020669	28.3627473
8.431939916	28.3627473
8.459580981	28.38503558
8.450015794	29.25421066
8.43345747	29.27649894
8.412797408	29.27649894
8.371226913	29.25421066
8.436988209	29.27649894
7.915656804	23.86085818
7.943131167	23.88314435
7.979156459	23.86085818
7.91683393	23.90543052
8.024522115	23.86085818
7.931521498	24.61860246
7.958316283	24.59631631
7.868280517	24.64088863
7.93042421	24.59631631
7.95647427	24.59631631
7.316737914	18.2223516
7.310102449	18.20006543
7.35092247	18.20006543
7.292555416	18.2223516
7.317583554	18.26692603
6.688443886	12.45012699
6.602849008	12.4724142
6.688194793	12.4724142
6.621923814	12.53927375
6.591090522	12.4724142
6.59848668	13.38616373
6.6546087	13.38616373
6.629648903	13.36387756
6.577494493	13.38616373
6.60093035	13.40844987
5.658373065	6.544182761
5.754884622	6.566468929
5.70028782	6.566468929
5.774967937	6.588755609
5.730442173	6.588755609
5.745569806	7.413359437
5.631499081	7.413359437
5.658629823	7.435646117
5.738262428	7.391072735
5.651238775	7.435646117
5.009514781	2.710890108
5.015986739	2.688603405
4.990112641	2.733176788
5.016407324	2.755463223
4.971147692	2.777749903
4.98165113	4.030534562
5.00582277	3.985961179
4.939300143	3.985961179
4.916803496	4.030534562
4.995832528	4.008247859
5.095398672	6.571204751
5.084137096	6.526631902
5.139073687	6.571204751
5.032311937	6.548918604
5.078101371	6.571204751
4.742622063	3.721029593
4.740767914	3.721029593
4.795467227	3.787889144
4.700289598	3.765602708
4.754628045	3.743316028
4.746407644	3.787889144
4.745903709	3.743316028
4.754213209	3.765602708
4.745645035	3.721029593
4.809569107	3.743316028
4.794121484	3.787889144
4.697516358	3.743316028
4.750939866	3.787889144
4.769597601	3.787889144
4.765889302	3.787889144
4.609578724	3.453590388
4.692144882	3.475877068
4.685596281	3.431303952
4.657287136	3.49816377
4.673743267	3.409017272
3.824585149	-3.343817731
3.82738777	-3.321531051
3.82738777	-3.321531051
3.824585149	-3.343817731
3.83019039	-3.299244348
3.502297572	-5.906774622
3.542277701	-5.906774622
3.551600181	-5.929061324
3.455929794	-5.906774622
3.514274174	-5.973634685
1.845185855	-11.43384776
1.744627489	-11.45613393
1.815785649	-11.43384776
1.829564506	-11.43384776
1.79437192	-11.41156054
0.823145981	-15.6460115
0.89393561	-15.66829872
0.882252092	-15.69058489
0.91014201	-15.69058489
0.890240086	-15.66829872
0.011598349	-20.28162075
0.117363588	-20.2593346
0.074019266	-20.2593346
0.131473711	-20.2593346
0.041189215	-20.23704843
-0.406371769	-22.71085883
-0.461300575	-22.71085883
-0.381263194	-22.733145
-0.399906597	-22.733145
-0.357463837	-22.66628651
-0.425440188	-22.01997515
-0.432831994	-22.01997515
-0.387301793	-22.01997515
-0.50153886	-22.01997515
-0.446267709	-22.01997515
-0.407065358	-21.73024871
-0.432286703	-21.77482316
-0.466221248	-21.77482316
-0.423868664	-21.73024871
-0.471073859	-21.73024871
-1.095606097	-27.2573224
-1.10186848	-27.1904618
-1.071997631	-27.23503623
-1.138088337	-27.21275006
-1.102895751	-27.23503623
-1.075408454	-26.29899842
-1.113026827	-26.25442611
-1.193582434	-26.27671227
-1.091423962	-26.23213996
-1.15149539	-26.25442611
-2.067939383	-32.94040131
-1.984615087	-32.94040131
-2.004439249	-32.94040131
-1.974035004	-32.94040131
-1.919933195	-32.94040131
-2.890136494	-39.47036914
-2.922967642	-39.4480851
-2.939184261	-39.47036914
-2.905910812	-39.42579682
-2.920858971	-39.42579682
-3.117086767	-39.24750329
-3.059441125	-39.20293098
-3.079939596	-39.20293098
-3.123105885	-39.20293098
-3.098201974	-39.26979157
-3.087122747	-39.67095093
-3.081357193	-39.7378073
-3.043968274	-39.71552326
-3.101968394	-39.80466789
-3.156159302	-39.82695617
-3.762759849	-45.28716925
-3.779804224	-45.26488097
-3.739213497	-45.24259693
-3.71333397	-45.19802037
-3.788708036	-45.26488097
-3.731555152	-43.79396898
-3.808505532	-43.79396898
-3.753312183	-43.77168069
-3.7603842	-43.81625301
-3.860487811	-43.77168069
-3.824821469	-42.79218414
-3.846677498	-42.8367607
-3.813329002	-42.81447242
-3.81433304	-42.81447242
-3.816008991	-42.81447242
-3.784004641	-42.79218414
-3.777946881	-42.79218414
-3.864040905	-42.76990011
-3.846234879	-42.76990011
-3.794508399	-42.81447242
-4.444122266	-49.85703464
-4.408626138	-49.92389101
-4.451361942	-49.90160696
-4.452276882	-49.87931868
-4.454537883	-49.85703464
-4.466612207	-48.74270544
-4.495695138	-48.78727778
-4.448870689	-48.72041716
-4.430683358	-48.78727778
-4.502896173	-48.74270544
-5.160960694	-55.25038712
-5.209106615	-55.27267115
-5.187072069	-55.22809884
-5.127459228	-55.27267115
-5.241263934	-55.25038712
-5.750132686	-59.79684855
-5.741561957	-59.79684855
-5.750209969	-59.77456452
-5.702408307	-59.75227624
-5.736838125	-59.75227624
-5.818279531	-58.43736948
-5.776624727	-58.43736948
-5.779545507	-58.41508119
-5.758477315	-58.43736948
-5.753458403	-58.48194179
-6.361177315	-64.07587183
-6.340945822	-64.09816011
-6.322708353	-64.07587183
-6.381993859	-64.03129951
-6.396673763	-64.00901548
-7.123431856	-70.67270238
-7.088558142	-70.6504141
-7.149810847	-70.67270238
-7.10786288	-70.60584179
-7.095353282	-70.62813007
-7.169233745	-68.60004923
-7.185553833	-68.64462155
-7.125913209	-68.64462155
-7.144314825	-68.66690983
-7.189223171	-68.60004923
-7.149655004	-68.06517291
-7.123110589	-68.06517291
-7.227289113	-68.10974523
-7.188362202	-68.04288463
-7.153427172	-68.04288463
-7.22838193	-67.97602403
-7.223278071	-67.99831232
-7.239736757	-67.99831232
-7.217726481	-67.99831232
-7.176907738	-67.99831232
-7.679621009	-74.17169946
-7.687418271	-74.14941118
-7.64676559	-74.14941118
-7.677003612	-74.14941118
-7.754448666	-74.14941118
-8.129199464	-78.27242921
-8.177968758	-78.20556436
-8.213311918	-78.18328458
-8.191316971	-78.18328458
-8.190401712	-78.20556436
-8.194817053	-77.06895538
-8.204913638	-77.11352347
-8.195414877	-77.09123518
-8.179629381	-77.09123518
-8.172212146	-77.0466671
-8.657747553	-82.21714948
-8.631093921	-82.15029313
-8.615989919	-82.19486969
-8.670398943	-82.15029313
-8.668646347	-82.17258141
-9.203753257	-86.76361941
-9.27831713	-86.71904285
-9.230958088	-86.76361941
-9.240042971	-86.76361941
-9.267902471	-86.71904285
-9.288505689	-85.00297248
-9.238009986	-84.9806927
-9.256423098	-85.00297248
-9.297485187	-84.9806927
-9.302613956	-85.00297248
-9.625012987	-88.05623789
-9.583418221	-88.03394961
-9.600653568	-88.05623789
-9.616083308	-88.01166133
-9.645407988	-88.03394961
-9.616552753	-86.85276404
-9.690517525	-86.78589919
-9.62475559	-86.80818748
-9.601234148	-86.80818748
-9.640554499	-86.80818748
-9.70182892	-86.00586877
-9.641515744	-86.00586877
-9.653516936	-85.98358896
-9.673100148	-86.00586877
-9.628078113	-86.00586877
-9.68273112	-85.42642436
-9.653242933	-85.40413608
-9.641163181	-85.44870417
-9.669624337	-85.42642436
-9.658715323	-85.42642436
-10.0084201	-91.243216
-9.998321598	-91.19864791
-10.0651112	-91.22093619
-10.08173531	-91.22093619
-10.04965655	-91.22093619
-10.04842067	-89.86145289
-10.03145868	-89.86145289
-10.03496515	-89.81687632
-10.10561507	-89.83916461
-10.0957069	-89.83916461
-10.73468512	-96.19084103
-10.71820024	-96.14626447
-10.66183041	-96.12398469
-10.6598862	-96.1016964
-10.67989862	-96.14626447
-10.68924282	-93.873038
-10.7137651	-93.873038
-10.67284608	-93.85074972
-10.70774087	-93.91760607
-10.69353233	-93.89532628
-11.36024295	-100.8933119
-11.44488744	-100.8487354
-11.47671647	-100.8264471
-11.41565282	-100.8487354
-11.40451515	-100.9156002
-11.44517613	-98.26348994
-11.49835182	-98.28577822
-11.47641628	-98.26348994
-11.482452	-98.21892187
-11.48388652	-98.24121015
-12.46573861	-105.9746497
-12.45613638	-105.9300816
-12.4518673	-105.9523614
-12.40944095	-105.9300816
-12.43369626	-105.9077933
-12.47344262	-103.2779713
-12.4715278	-103.3002596
-12.49813353	-103.2779713
-12.52208865	-103.3002596
-12.47387949	-103.3002596
-12.9759943	-107.5124223
-13.00126898	-107.4901425
-12.95338812	-107.4901425
-12.97270372	-107.4901425
-13.05149898	-107.4901425
-13.01709727	-103.8574242
-13.05110938	-103.8351359
-13.0443928	-103.8351359
-12.99778167	-103.8574242
-13.01347967	-103.8351359
-13.08027119	-103.0116489
-13.10649753	-103.0562254
-13.10564678	-103.0116489
-13.05761902	-103.0562254
-13.05214407	-103.0339371
-13.10446774	-103.0116489
-13.09211143	-102.9893606
-13.07482562	-103.0339371
-13.11361266	-102.9893606
-13.07315095	-103.0339371
-12.81521154	-94.54274697
-12.82017552	-94.56503525
-12.76598813	-94.54274697
-12.76212654	-94.54274697
-12.80102344	-94.56503525
-12.51417131	-88.56994586
-12.53240878	-88.59223414
-12.57709997	-88.59223414
-12.52156364	-88.56994586
-12.49518401	-88.56994586
-12.46367688	-90.13000673
-12.52237606	-90.10771845
-12.55483485	-90.19686308
-12.52599367	-90.13000673
-12.54549065	-90.13000673
-12.54433588	-89.81799625
-12.49415953	-89.75113141
-12.4709964	-89.79570797
-12.5374047	-89.72884313
-12.54431161	-89.77341969
-12.50425101	-90.50887357
-12.46223725	-90.46430548
-12.46831002	-90.50887357
-12.52616867	-90.48659376
-12.55196453	-90.50887357
-12.50292889	-90.70945961
-12.52856635	-90.77631596
-12.51982126	-90.73173939
-12.4952185	-90.75402768
-12.49761873	-90.68717133
-12.14258144	-81.7056729
-12.12594456	-81.7056729
-12.0753109	-81.72796118
-12.10792425	-81.77253774
-12.09023095	-81.83939409
-11.92832918	-77.78324091
-11.88020945	-77.80552069
-11.87637341	-77.85009725
-11.89223491	-77.82780897
-11.83645843	-77.82780897
-11.55641102	-72.27845127
-11.53027155	-72.25616299
-11.53103671	-72.27845127
-11.55204231	-72.27845127
-11.51902147	-72.25616299
-11.51957203	-73.41506875
-11.53389681	-73.34820391
-11.51784498	-73.3259241
-11.49737078	-73.37049219
-11.51460549	-73.39278047
-11.23137991	-68.08857263
-11.19561648	-68.13314496
-11.16208723	-68.11086091
-11.20804688	-68.13314496
-11.19501866	-68.11086091
-11.18746155	-68.46744372
-11.18297659	-68.40058312
-11.17779545	-68.44515966
-11.19307317	-68.44515966
-11.14601752	-68.40058312
-11.21374665	-68.64573723
-11.22004552	-68.62344894
-11.18980686	-68.62344894
-11.17873306	-68.66802551
-11.16998413	-68.62344894
-10.75863385	-60.97915403
-10.76954286	-60.97915403
-10.75736667	-60.95686575
-10.71226543	-60.97915403
-10.71132335	-60.95686575
-10.65155371	-62.07119495
-10.68421688	-62.04890667
-10.75370946	-62.11576729
-10.71068401	-62.07119495
-10.70530998	-62.07119495
-10.14920513	-53.35713893
-10.11341488	-53.35713893
-10.15121257	-53.35713893
-10.20067805	-53.33485489
-10.12913906	-53.37942721
-10.19899443	-54.20402997
-10.15608011	-54.22631825
-10.12188087	-54.20402997
-10.15253915	-54.18174594
-10.15675522	-54.22631825
-9.675472283	-47.5626271
-9.64216147	-47.6294877
-9.642478266	-47.58491538
-9.651381758	-47.58491538
-9.73856828	-47.58491538
-9.406724777	-43.9299173
-9.360520506	-43.9299173
-9.349000256	-43.90762902
-9.397388884	-43.90762902
-9.335322474	-43.9299173
-9.312274947	-45.26711235
-9.37637115	-45.28939638
-9.346030296	-45.26711235
-9.364280539	-45.28939638
-9.35360082	-45.26711235
-9.276698023	-45.71284402
-9.316779706	-45.73512805
-9.350956597	-45.71284402
-9.351043461	-45.73512805
-9.349444792	-45.71284402
-9.333076162	-46.22404063
-9.298797717	-46.22404063
-9.334829397	-46.20175235
-9.33684833	-46.20175235
-9.264700663	-46.22404063
-8.850496025	-38.53516915
-8.80185511	-38.51288087
-8.824131085	-38.53516915
-8.851753627	-38.51288087
-8.796977989	-38.51288087
-8.518285908	-34.79102433
-8.485926759	-34.76873605
-8.469923466	-34.83559665
-8.46579618	-34.81331048
-8.483957005	-34.85788279
-8.462485793	-35.81620677
-8.488433022	-35.79391849
-8.465686324	-35.81620677
-8.491366576	-35.77163445
-8.526339928	-35.86077908
-8.326819309	-33.47611546
-8.314385716	-33.47611546
-8.34446087	-33.47611546
-8.286842373	-33.47611546
-8.25685536	-33.4984016
-8.01589071	-30.19998634
-8.036286988	-30.17770017
-8.041772791	-30.24456076
-8.034370246	-30.19998634
-8.02255811	-30.26684693
-7.768860954	-27.65931746
-7.830685936	-27.65931746
-7.802797056	-27.65931746
-7.740973352	-27.65931746
-7.756287486	-27.70388977
-7.264084679	-22.37739578
-7.24080722	-22.35510961
-7.19141647	-22.35510961
-7.249035605	-22.35510961
-7.304064808	-22.37739578
-7.245687535	-23.26885914
-7.216199986	-23.24657297
-7.198230133	-23.24657297
-7.225180122	-23.22428682
-7.243240032	-23.24657297
-7.23561522	-23.62544406
-7.201440244	-23.64773234
-7.20947638	-23.60315789
-7.214874043	-23.64773234
-7.198060238	-23.60315789
-6.771284048	-18.74468387
-6.83907769	-18.76697002
-6.860843982	-18.78925619
-6.835725787	-18.76697002
-6.795159969	-18.78925619
-6.39353838	-15.66913443
-6.449165407	-15.71370781
-6.476547158	-15.71370781
-6.479315288	-15.6914206
-6.439500583	-15.6914206
-6.445882483	-16.40459149
-6.468972164	-16.38230532
-6.449479009	-16.38230532
-6.453186668	-16.38230532
-6.435063527	-16.42687764
-5.927655165	-11.6352621
-5.871137789	-11.65754931
-5.835109941	-11.67983548
-5.901111389	-11.6352621
-5.888778711	-11.65754931
-5.246885142	-7.668250876
-5.193885412	-7.690537045
-5.204313164	-7.690537045
-5.242833223	-7.623677516
-5.179345383	-7.668250876
-4.386536663	-3.612092401
-4.390892923	-3.634379081
-4.382180403	-3.589805698
-4.382180403	-3.589805698
-4.390892923	-3.634379081
-4.464946474	-4.013250952
-4.478014617	-4.08011077
-4.473658356	-4.057824068
-4.473658356	-4.057824068
-4.478014617	-4.08011077
-4.49979496	-4.191543681
-4.495439019	-4.169257001
-4.495439019	-4.169257001
-4.495439019	-4.169257001
-4.495439019	-4.169257001
-3.693918098	-0.068525521
-3.685205896	-0.023952361
-3.698274039	-0.090812112
-3.680849955	-0.00166577
-3.702630299	-0.113098681
-3.850737401	-0.870842513
-3.846381141	-0.848555944
-3.846381141	-0.848555944
-3.850737401	-0.870842513
-3.850737401	-0.870842513
-2.909821579	3.943059461
-2.858492052	3.920773048
-2.93795572	3.920773048
-2.97449836	3.898486345
-2.912424605	3.876199932
-2.869417033	3.096169487
-2.946527088	3.051596104
-2.972647085	3.073882807
-2.941984646	3.096169487
-2.88024525	3.118455922
-2.884613965	3.118455922
-2.989351672	3.185315718
-2.95776631	3.185315718
-2.883335605	3.229888833
-2.903851002	3.140742602
-2.901604371	1.848120672
-2.905633616	1.892693921
-2.968969125	1.892693921
-2.985344142	1.870407241
-2.93771461	1.892693921
-2.94021736	2.160132881
-2.955080891	2.137846335
-2.966502143	2.18241945
-2.947020484	2.18241945
-2.917369747	2.160132881
-2.606946041	3.187265796
-2.629205251	3.209552476
-2.672050433	3.16497936
-2.634420085	3.16497936
-2.602505792	3.16497936
-2.657276161	3.120405978
-2.649703083	3.209552476
-2.629887064	3.16497936
-2.659443912	3.209552476
-2.583941627	3.14269268
-2.622910214	3.187265796
-2.619807404	3.209552476
-2.616615017	3.16497936
-2.600240479	3.187265796
-2.624836217	3.209552476
-2.649856211	2.516718206
-2.663377831	2.539004886
-2.652031946	2.561291322
-2.707726037	2.539004886
-2.684714278	2.539004886
-2.65671586	1.692114645
-2.733924275	1.669828098
-2.648829979	1.692114645
-2.757525556	1.647541396
-2.653528423	1.692114645
-2.630421497	2.806443846
-2.663259512	2.82873026
-2.640928608	2.784157166
-2.702659541	2.806443846
-2.66133319	2.806443846
-2.389754801	4.522510764
-2.357496886	4.522510764
-2.416885862	4.500224061
-2.328684125	4.500224061
-2.370603351	4.522510764
-1.920340527	6.283150797
-1.909414428	6.372297005
-1.912026396	6.260864094
-1.923862644	6.327724157
-1.915971972	6.283150797
-1.609982607	8.779248404
-1.58133511	8.756961724
-1.591588656	8.801535084
-1.566721631	8.801535084
-1.628380071	8.801535084
-0.992854671	11.83251061
-0.889704615	11.83251061
-0.955397331	11.78793723
-0.852827296	11.8102234
-0.985801575	11.78793723
-0.91911552	10.82961434
-0.958015765	10.76275479
-0.872163171	10.76275479
-0.964899126	10.76275479
-0.939528884	10.80732713
-0.852295258	11.60964479
-0.901100558	11.54278524
-0.800888528	11.52049802
-0.904555212	11.47592464
-0.823329847	11.45363847
-0.25961977	15.24235777
-0.219982883	15.24235777
-0.285747791	15.2200716
-0.25669893	15.17549822
-0.24089114	15.2200716
0.791732669	21.54946081
0.801651376	21.54946081
0.781648059	21.54946081
0.717319209	21.59403313
0.792405939	21.54946081
0.751780403	20.21226577
0.82923855	20.21226577
0.77311669	20.21226577
0.798406855	20.23455194
0.760353367	20.21226577
0.803995249	19.90025318
0.743179415	19.85568084
0.847264689	19.96711378
0.808872131	19.90025318
0.838941297	19.94482761
1.860438515	28.83717291
1.938141444	28.85946119
1.82683821	28.7926006
1.928900398	28.81488677
1.870589709	28.72574
2.842736256	34.16366691
2.814418807	34.18595307
2.773012778	34.16366691
2.780137488	34.09680842
2.827195382	34.18595307
3.593797561	39.24500891
3.628577067	39.28958122
3.519374521	39.24500891
3.619167724	39.28958122
3.587916402	39.24500891
4.363486582	43.70232571
4.317026192	43.68003743
4.288467953	43.63546509
4.323494317	43.70232571
4.348357351	43.61318106
4.349505736	42.56570823
4.340513783	42.49885186
4.352863387	42.52113589
4.343536755	42.49885186
4.382428857	42.52113589
5.220938232	49.54140986
5.177937047	49.54140986
5.181622672	49.49683754
5.239845379	49.51912582
5.232024805	49.54140986
6.275764466	56.82912196
6.311032898	56.82912196
6.279451049	56.78454964
6.322196114	56.76226561
6.249971803	56.76226561
6.358173504	55.33592168
6.323900169	55.29134937
6.299964209	55.31363765
6.341704598	55.29134937
6.343565135	55.380494
7.63846567	65.34260044
7.494402822	65.32031216
7.572009467	65.23116753
7.572834669	65.09744631
7.615421337	65.03058572
7.780088679	66.67979549
7.883500123	66.70207952
7.849056255	66.70207952
7.890892449	66.6575072
7.820578492	66.67979549
7.942235708	65.20887925
7.791371972	65.20887925
7.910391991	65.18659097
7.831350185	65.20887925
7.950547763	65.18659097
7.869293496	63.73434445
7.861893506	63.68976788
7.90968942	63.71205616
7.919856901	63.68976788
7.888611647	63.73434445
7.891036157	63.66748385
7.902542994	63.60062323
7.922612258	63.62291151
7.866766795	63.60062323
7.889100892	63.64519557
8.587206857	72.31467928
8.665904404	72.292391
8.630128205	72.292391
8.66942684	72.24781443
8.584008881	72.27010271
9.420523913	78.46577814
9.464948762	78.3989133
9.415824351	78.46577814
9.467133758	78.3989133
9.388090675	78.42120158
9.515360156	75.18964691
9.492428874	75.21193519
9.559958733	75.16735863
9.484614367	75.18964691
9.567358723	75.21193519
10.32547959	82.9899513
10.38032293	83.01223958
10.25340857	82.9899513
10.40208795	82.9899513
10.29035551	82.94537473
11.07200229	88.58388556
10.96633814	88.58388556
11.12022421	88.58388556
11.03673066	88.62845365
11.07754238	88.539309
11.04978826	87.35812345
11.01888025	87.31354689
11.0802773	87.33583517
11.09221462	87.33583517
11.07809294	87.33583517
11.13819471	86.0209284
11.10172615	85.97635184
11.08921911	85.99864012
11.08661321	85.97635184
11.13466524	86.0209284
11.575185	91.81544025
11.48050524	91.74857541
11.5259501	91.77086369
11.43447917	91.74857541
11.56668772	91.74857541
11.80022748	94.40068569
11.8559848	94.35610913
11.81121952	94.37839741
11.87648327	94.35610913
11.80677288	94.35610913
12.23873405	97.81052965
12.33196907	97.76595308
12.21100804	97.72138499
12.31424895	97.74367328
12.25166902	97.76595308
12.38509367	94.04409863
12.35166661	94.04409863
12.39248471	94.04409863
12.30236144	94.02181035
12.36635673	94.02181035
12.59293336	95.15842784
12.50986646	95.18071612
12.56227955	95.18071612
12.54438187	95.15842784
12.55873859	95.13613955
12.89441302	98.52370372
12.82300625	98.47912716
12.96707676	98.54598351
12.77437427	98.45683888
12.91607393	98.43455059
13.19996504	100.507208
13.18853484	100.507208
13.13990159	100.4849197
13.17475551	100.507208
13.2050095	100.507208
13.43798847	102.3569911
13.44151921	102.3569911
13.43958394	102.3347028
13.38204337	102.3569911
13.48864768	102.3347028
13.41893346	101.5101043
13.47536653	101.5546724
13.41875718	101.5101043
13.50594881	101.5546724
13.39330878	101.5323925
13.43505555	100.7300738
13.49419416	100.7746419
13.37978237	100.7300738
13.53325711	100.7523621
13.43740214	100.7300738
13.50112279	97.36535792
13.58477857	97.32078136
13.46222717	97.34306964
13.50514916	97.32078136
13.49565551	97.34306964
13.59099313	97.2762048
13.44701331	97.2762048
13.51799854	97.29849308
13.54024706	97.23163673
13.51799854	97.29849308
13.51675946	97.45450257
13.51717207	97.52135892
13.47920384	97.47679083
13.60940433	97.47679083
13.43653351	97.47679083
13.30030624	91.19197077
13.24166966	91.19197077
13.34507791	91.21425906
13.28056527	91.25882712
13.32691964	91.16968249
13.19946174	89.47590041
13.22860439	89.4536206
13.27010846	89.4536206
13.12882141	89.4536206
13.2648149	89.47590041
13.21417869	89.58733332
13.16444304	89.58733332
13.25542217	89.56505353
13.1586513	89.56505353
13.2649963	89.6096216
12.8085716	82.65621251
12.90011918	82.61163594
12.77858076	82.54477957
12.87861411	82.52249129
12.79494683	82.52249129
12.48171636	76.37139242
12.52507138	76.37139242
12.51221305	76.39368071
12.45131419	76.32681586
12.51204954	76.39368071
12.42976569	77.61944282
12.51048984	77.6417311
12.4558132	77.61944282
12.47378369	77.61944282
12.50016076	77.61944282
12.0399869	69.9528554
12.06838482	69.9528554
11.99455226	69.97514368
12.1027431	69.97514368
12.03327798	69.99743196
11.79151559	65.82983735
11.75641386	65.82983735
11.72214244	65.87441391
11.76472209	65.85212563
11.79908292	65.82983735
11.83608671	66.27556904
11.72923202	66.23099672
11.80685081	66.27556904
11.68883419	66.29785732
11.76906525	66.3201456
11.71749653	67.23389299
11.76175979	67.25618127
11.75402895	67.21160896
11.74218616	67.23389299
11.65608671	67.21160896
11.37516811	60.59249012
11.37777146	60.65935072
11.32687337	60.6147784
11.38844415	60.681639
11.31476999	60.6147784
11.18757651	57.40551202
11.09433255	57.40551202
11.11172183	57.42779605
11.15456206	57.42779605
11.16187008	57.40551202
11.10811061	58.27468709
11.17295409	58.18554244
11.12188228	58.23011478
11.06603171	58.25239881
11.14624234	58.23011478
10.66600687	51.27670141
10.6286269	51.25441313
10.67297255	51.29898546
10.68457966	51.29898546
10.6751569	51.29898546
10.57532282	52.45788698
10.68174383	52.43560292
10.64126615	52.48017526
10.65511766	52.45788698
10.58607472	52.50246354
10.17092736	45.3930407
10.06912225	45.3930407
10.21015254	45.37075667
10.13153547	45.41532898
10.16378093	45.41532898
10.16642324	46.5742305
10.13963292	46.59651878
10.13760568	46.55194222
10.16239942	46.5742305
10.08418984	46.55194222
10.11285921	47.66627142
10.14847446	47.6216991
10.02936886	47.66627142
10.17795882	47.59941507
10.09253	47.6216991
9.526981322	38.30590614
9.428029927	38.35048271
9.429627318	38.32819442
9.516234538	38.35048271
9.406096934	38.28362211
8.967099199	33.00170043
8.992131809	33.00170043
8.982648376	33.0239866
9.008674165	32.97941429
8.930650448	33.00170043
8.530069303	28.18779872
8.561144662	28.18779872
8.469082936	28.18779872
8.541836092	28.23237104
8.533007327	28.21008489
8.407091253	29.79243193
8.488908854	29.74785959
8.472766963	29.74785959
8.45941428	29.72557345
8.516197994	29.72557345
8.022146786	24.46594005
8.092039839	24.4213656
8.062047078	24.44365177
7.984941174	24.48822622
8.093974464	24.44365177
8.036754517	25.15682373
8.048769122	25.22368221
7.968971094	25.13453756
8.048255607	25.13453756
8.062883137	25.17910988
7.287098354	17.6239575
7.333716503	17.60167134
7.295577749	17.60167134
7.282150337	17.64624472
7.37496637	17.66853089
7.30286916	19.09487161
7.22568278	19.11715989
7.286167128	19.07258546
7.265325036	19.07258546
7.293222219	19.11715989
6.49430113	12.0523115
6.588633439	12.03002535
6.527985584	12.07459871
6.593582733	12.00773812
6.494051398	12.07459871
6.532885698	13.21121408
6.542297596	13.21121408
6.552040341	13.21121408
6.560611709	13.21121408
6.456622241	13.21121408
5.457605064	5.410909696
5.470949444	5.388622993
5.410810633	5.433196376
5.552356999	5.455483078
5.412994991	5.433196376
5.335022689	6.81496427
5.436909873	6.792678102
5.371899051	6.792678102
5.451193783	6.837250951
5.415409919	6.792678102
4.947313286	2.714233191
4.793003119	2.691946489
4.900263694	2.669659808
4.907409481	2.647373395
4.868594662	2.691946489
4.829189045	3.315970907
4.86260684	3.271397791
4.874532346	3.271397791
4.913436264	3.293684205
4.879065527	3.271397791
4.703311931	3.475041358
4.688943394	3.452754678
4.588660308	3.497327794
4.604281338	3.497327794
4.693985619	3.452754678
4.634544589	3.764766999
4.632868637	3.764766999
4.586762727	3.742480318
4.613965642	3.742480318
4.650758653	3.742480318
4.592791426	3.653334087
4.69712228	3.653334087
4.657811509	3.697907203
4.566506324	3.675620523
4.631353	3.675620523
4.59321201	3.049367656
4.510630842	3.027080954
4.491487695	3.07165407
4.600437316	3.049367656
4.551118739	3.027080954
4.522987791	3.093940772
4.537013027	3.116227452
4.538114467	3.093940772
4.5449128	3.116227452
4.577500604	3.116227452
4.507765949	2.848788247
4.496090175	2.826501812
4.519347515	2.848788247
4.563865295	2.804215132
4.53742435	2.871074927
3.86851277	-1.229656553
3.86851277	-1.229656553
3.86851277	-1.229656553
3.872148256	-1.207369984
3.864877284	-1.251943099
3.963032857	-0.650205383
3.963032857	-0.650205383
3.966668343	-0.62791877
3.95939769	-0.672491952
3.963032857	-0.650205383
3.508609215	-3.436028386
3.504974049	-3.458314822
3.512244702	-3.413741706
3.501338562	-3.480601502
3.504974049	-3.458314822
2.945124181	-6.890448634
2.862383976	-6.912735336
2.866091636	-6.868162488
2.900674741	-6.912735336
2.907925595	-6.868162488
2.872766061	-6.088132042
2.914930229	-6.088132042
2.871839306	-6.110418211
2.859227835	-6.110418211
2.886012082	-6.132704891
2.841977159	-5.664686522
2.802404521	-5.686973202
2.861879083	-5.686973202
2.891533014	-5.664686522
2.868495387	-5.709259904
2.774133379	-5.620113673
2.819726413	-5.642400353
2.887101067	-5.642400353
2.848961994	-5.642400353
2.837202231	-5.642400353
2.204736208	-8.71794873
2.172300096	-8.762522112
2.107707943	-8.740235432
2.182371294	-8.762522112
2.20272909	-8.71794873
1.4288066	-11.43691167
1.448288418	-11.43691167
1.499761652	-11.45919888
1.490630783	-11.43691167
1.447944956	-11.43691167
0.595423399	-15.40392447
0.564192516	-15.35935109
0.627934279	-15.38163723
0.615932568	-15.35935109
0.596857363	-15.38163723
0.631015293	-14.73532694
0.650014732	-14.69075355
0.578259626	-14.73532694
0.547042475	-14.69075355
0.583491506	-14.69075355
-0.580811876	-21.93389336
-0.525782433	-21.91160719
-0.534011338	-21.91160719
-0.541670121	-21.93389336
-0.518633333	-21.88931891
-0.56761268	-20.84185031
-0.536357247	-20.84185031
-0.558621845	-20.81956416
-0.592809196	-20.84185031
-0.566595828	-20.84185031
-0.583971889	-20.61898448
-0.559193523	-20.64127063
-0.576427353	-20.6635568
-0.554812592	-20.59669832
-0.54054952	-20.64127063
-1.135788614	-24.4299899
-1.094779857	-24.38541759
-1.052768818	-24.38541759
-1.09972013	-24.36313144
-1.037973389	-24.34084316
-1.669592094	-28.59758238
-1.617077298	-28.5752941
-1.617255975	-28.5752941
-1.649170907	-28.5752941
-1.706206269	-28.59758238
-2.658498475	-35.55099574
-2.661839201	-35.50642341
-2.601043166	-35.55099574
-2.661088887	-35.52870958
-2.729708849	-35.50642341
-3.048883078	-38.20309753
-3.058648817	-38.2476741
-3.078042015	-38.22538581
-3.033020938	-38.22538581
-3.059132313	-38.20309753
-3.073937084	-37.02191198
-3.154341558	-37.04419602
-3.113688238	-37.04419602
-3.055458505	-37.02191198
-3.113179832	-37.04419602
-3.137553302	-36.88819077
-3.075246101	-36.93276308
-3.056335761	-36.91047905
-3.130758481	-36.91047905
-3.105890976	-36.91047905
-3.543555103	-41.25636292
-3.527249705	-41.21178636
-3.580767102	-41.23407464
-3.635185707	-41.23407464
-3.585631449	-41.23407464
-3.923650552	-44.33190812
-3.955984791	-44.30962408
-3.905756385	-44.30962408
-3.920271504	-44.2873358
-4.017301047	-44.30962408
-3.95582831	-43.08386197
-3.960452186	-43.106146
-3.969251889	-43.08386197
-4.02009249	-43.106146
-3.975310926	-43.08386197
-4.613337799	-49.45782243
-4.680953883	-49.4355384
-4.659783179	-49.4355384
-4.614849285	-49.45782243
-4.685055621	-49.41325012
-5.157421332	-53.06825244
-5.151719648	-53.06825244
-5.157332233	-53.04596416
-5.109617435	-53.04596416
-5.128198205	-53.06825244
-5.197138636	-51.26303743
-5.156076547	-51.28532571
-5.173453047	-51.26303743
-5.217965398	-51.26303743
-5.204098561	-51.24074915
-5.650251343	-56.27751883
-5.656297287	-56.27751883
-5.711491275	-56.29980712
-5.670915876	-56.27751883
-5.648740177	-56.27751883
-6.200360701	-60.7571239
-6.153319732	-60.7571239
-6.16750592	-60.73483562
-6.242930124	-60.73483562
-6.179671259	-60.71254733
-6.878173218	-65.81617762
-6.868762598	-65.81617762
-6.919336222	-65.81617762
-6.874477694	-65.81617762
-6.820453807	-65.79388934
-6.930890323	-64.50126663
-6.935259677	-64.50126663
-6.904271181	-64.52355491
-6.918889131	-64.52355491
-6.911065044	-64.50126663
-6.951409871	-63.47803769
-6.941262189	-63.50032173
-6.892517166	-63.45574941
-6.937375055	-63.45574941
-6.994245633	-63.47803769
-7.718886431	-72.45953188
-7.715625863	-72.48181169
-7.629771033	-72.48181169
-7.740897346	-72.45953188
-7.766576321	-72.41495532
-7.793012795	-70.25315753
-7.757642171	-70.23086925
-7.734982975	-70.27544581
-7.758910631	-70.25315753
-7.71540104	-70.25315753
-8.349206418	-77.20657088
-8.365475411	-77.16199431
-8.370516039	-77.16199431
-8.335822438	-77.13971453
-8.332315331	-77.18428259
-8.966215876	-82.17647572
-8.953096957	-82.13190763
-8.910501347	-82.10961935
-8.957351344	-82.06504278
-8.930921257	-82.13190763
-8.979993296	-79.16778687
-8.961757743	-79.14550709
-9.002918191	-79.14550709
-8.977963504	-79.1232188
-8.956475047	-79.16778687
-9.325824351	-83.66968024
-9.295076645	-83.66968024
-9.330433856	-83.64739196
-9.427195145	-83.64739196
-9.385601018	-83.62510368
-9.700557266	-87.14638903
-9.775727905	-87.12410075
-9.777482417	-87.10181247
-9.73691596	-87.12410075
-9.758839373	-87.10181247
-9.76192366	-85.14059648
-9.859945745	-85.1183082
-9.810312927	-85.14059648
-9.777141989	-85.16288476
-9.806856916	-85.1183082
-10.09867622	-89.79849082
-10.15755168	-89.77620254
-10.184692	-89.79849082
-10.16436023	-89.79849082
-10.1468726	-89.75391426
-10.66470073	-93.74321957
-10.60496302	-93.72093131
-10.6059	-93.74321957
-10.64250076	-93.69864303
-10.61209859	-93.69864303
-10.67199661	-91.7819951
-10.65928454	-91.71513875
-10.64771448	-91.75970682
-10.63142057	-91.75970682
-10.69357385	-91.75970682
-10.97237004	-95.14727098
-11.0252928	-95.14727098
-10.96176504	-95.10269442
-10.960015	-95.1249827
-10.94739044	-95.08041461
-11.19796946	-96.70733185
-11.1391732	-96.70733185
-11.13706165	-96.68504357
-11.18604619	-96.70733185
-11.17663429	-96.70733185
-11.40892602	-98.46797028
-11.38365134	-98.64626806
-11.38988889	-98.69083613
-11.38987357	-98.8468456
-11.44781141	-98.80226904
-11.40595989	-96.26160016
-11.43622538	-96.30617673
-11.43209809	-96.28388844
-11.4416735	-96.28388844
-11.38445866	-96.26160016
-11.42202705	-96.12787897
-11.43745935	-96.0833109
-11.41747822	-96.12787897
-11.43335505	-96.10559069
-11.41034521	-96.10559069
-11.6955431	-99.33714536
-11.72399084	-99.27028901
-11.74770326	-99.31486557
-11.70460116	-99.29257729
-11.69224229	-99.27028901
-11.82566311	-99.76059724
-11.80278739	-99.7160207
-11.7799666	-99.76059724
-11.8316439	-99.78287705
-11.79955173	-99.78287705
-12.04392641	-100.8303499
-12.08715752	-100.7634935
-12.11858928	-100.8080616
-12.07692042	-100.8080616
-12.05945834	-100.8080616
-12.27919576	-103.3264507
-12.24658496	-103.2818741
-12.24338124	-103.2818741
-12.31545482	-103.2818741
-12.29975938	-103.3041624
-12.32324186	-101.6326686
-12.26614326	-101.6772367
-12.26958459	-101.6549569
-12.29041135	-101.6549569
-12.33449449	-101.6326686
-12.51005169	-103.9950482
-12.54799564	-103.9504716
-12.49978649	-103.9504716
-12.49935983	-103.9281834
-12.49054193	-103.9504716
-12.75329331	-105.3990996
-12.7006158	-105.3768113
-12.7323503	-105.3322432
-12.74748879	-105.3768113
-12.68340664	-105.3990996
-12.76769602	-103.3710188
-12.77389525	-103.3264507
-12.76979096	-103.3487305
-12.78339784	-103.3487305
-12.74341644	-103.3487305
-12.93660689	-104.7527904
-12.90876847	-104.6859255
-12.90064419	-104.7082138
-12.89667786	-104.6859255
-12.90735055	-104.7082138
-12.95654075	-103.7498941
-12.92104558	-103.8167504
-12.92800614	-103.7944622
-12.92639534	-103.7721824
-12.93825474	-103.7944622
-12.99665117	-101.4741563
-12.96759155	-101.4741563
-12.91812416	-101.4964445
-12.9380874	-101.451868
-13.00339074	-101.5187243
-12.98304684	-101.8307433
-12.98250905	-101.7861667
-12.97363366	-101.8307433
-12.93667842	-101.8307433
-12.93584045	-101.8307433
-12.78876293	-94.25330475
-12.74023698	-94.29787281
-12.72655984	-94.32016109
-12.7621687	-94.32016109
-12.71545666	-94.32016109
-12.51900755	-90.39772063
-12.5448775	-90.39772063
-12.5718524	-90.42000891
-12.5527067	-90.42000891
-12.52117403	-90.35315254
-12.55332624	-90.48686526
-12.54096993	-90.46458548
-12.54190882	-90.48686526
-12.56635446	-90.50915354
-12.51276106	-90.50915354
-12.05977385	-81.23793292
-12.06891494	-81.21565311
-12.05816177	-81.21565311
-12.04086064	-81.21565311
-12.04609288	-81.2602212
-11.72188952	-75.80000813
-11.73679424	-75.86687297
-11.74137884	-75.80000813
-11.72056741	-75.84458469
-11.69949411	-75.86687297
-11.6850684	-77.49379021
-11.67339678	-77.51607849
-11.70748298	-77.47150193
-11.69865613	-77.44921365
-11.64441892	-77.49379021
-11.51580625	-74.4405248
-11.56770837	-74.4405248
-11.51713858	-74.4405248
-11.54469853	-74.4405248
-11.50507224	-74.48510136
-11.26397027	-70.76324269
-11.2636803	-70.69638209
-11.31965094	-70.38436737
-11.26984504	-70.20607809
-11.25945593	-70.09464518
-11.09643771	-67.08595633
-11.0827644	-67.10824038
-11.06720436	-67.08595633
-11.09461103	-67.13052867
-11.08258556	-67.10824038
-11.08877841	-67.7768379
-11.08202095	-67.68769324
-11.07913658	-67.79912618
-11.06095148	-67.7099773
-11.07087945	-67.75455386
-10.6384482	-60.64513102
-10.63919804	-60.62284699
-10.6209727	-60.64513102
-10.59124181	-60.64513102
-10.56081218	-60.60055871
-10.27172332	-54.89519151
-10.26231398	-54.89519151
-10.23983553	-54.93976807
-10.21242887	-54.89519151
-10.21572968	-54.9620521
-10.1740819	-57.10156588
-10.2404902	-57.03470526
-10.20909421	-57.0792776
-10.14683875	-57.05699354
-10.16978983	-57.0792776
-9.808296548	-51.61906452
-9.828284058	-51.61906452
-9.830492047	-51.66363684
-9.80777409	-51.57449219
-9.79560492	-51.79735803
-9.249100391	-44.59879056
-9.285650695	-44.62107884
-9.378552314	-44.62107884
-9.363335901	-44.59879056
-9.281879804	-44.64336288
-9.27328736	-45.46796988
-9.316367105	-45.4456816
-9.338223454	-45.49025392
-9.334578387	-45.42339332
-9.311007126	-45.49025392
-9.306213036	-46.18113971
-9.279591977	-46.20342377
-9.230445211	-46.18113971
-9.237594192	-46.20342377
-9.271440236	-46.18113971
-9.329655918	-46.20342377
-9.320320025	-46.18113971
-9.289578068	-46.18113971
-9.297500515	-46.22571205
-9.287683681	-46.24800033
-8.728743004	-37.73452185
-8.698506259	-37.73452185
-8.689273197	-37.73452185
-8.66078777	-37.71223781
-8.656749263	-37.71223781
-8.128865424	-31.49428046
-8.162724881	-31.51656661
-8.156844361	-31.51656661
-8.099313366	-31.53885278
-8.140220251	-31.51656661
-7.762440093	-28.03985995
-7.777567088	-28.03985995
-7.760839508	-28.01757378
-7.7757123	-28.03985995
-7.736087289	-28.08443226
-7.758719659	-29.57763467
-7.766782621	-29.57763467
-7.748902825	-29.59992082
-7.718574107	-29.57763467
-7.722194903	-29.59992082
-7.035360733	-21.77733026
-7.046448583	-21.77733026
-7.066769495	-21.77733026
-7.109518393	-21.75504412
-7.087264772	-21.77733026
-7.062089094	-22.53507454
-7.012509288	-22.49050011
-6.985990422	-22.53507454
-7.02806549	-22.51278626
-7.069720932	-22.51278626
-6.47162916	-17.05257425
-6.511529452	-17.07486042
-6.552020542	-17.07486042
-6.518921139	-17.07486042
-6.521882157	-17.09714763
-5.982323501	-13.08556252
-5.953887254	-12.99641575
-5.942328682	-13.08556252
-6.006491309	-13.04098914
-5.964085393	-13.06327531
-5.970411727	-14.35589697
-5.954040542	-14.37818418
-5.91077238	-14.35589697
-5.911128137	-14.40047033
-5.939156893	-14.35589697
-5.58071277	-10.2774523
-5.533748445	-10.25516613
-5.50863983	-10.2774523
-5.504448674	-10.2774523
-5.549902471	-10.29973952
-4.892574692	-6.511019712
-4.842830421	-6.466446863
-4.793286063	-6.511019712
-4.8067997	-6.488733032
-4.807396885	-6.511019712
-4.799175526	-7.068184312
-4.813981893	-7.112757695
-4.81513858	-7.068184312
-4.849935012	-7.112757695
-4.802134947	-7.090471015
-4.078248773	-2.90059317
-4.078248773	-2.90059317
-4.078248773	-2.90059317
-4.078248773	-2.90059317
-4.082099502	-2.92287985
-3.157989499	2.425900289
-3.136145605	2.425900289
-3.168225961	2.425900289
-3.269034059	2.381327173
-3.229384458	2.381327173
-2.6424666	3.82995513
-2.64953255	3.740808921
-2.583580282	3.807668717
-2.603663916	3.785382015
-2.637433477	3.785382015
-2.595246316	3.094497823
-2.669927072	3.072211387
-2.675883438	3.139071205
-2.596249556	3.094497823
-2.587516437	3.139071205
-2.620441315	2.737355314
-2.600701461	2.759642016
-2.562727652	2.759642016
-2.552737091	2.737355314
-2.621782427	2.692782198
-2.016021932	5.67918461
-1.96671581	5.701471313
-1.91547139	5.701471313
-1.951848287	5.67918461
-2.008880456	5.701471313
-0.740286259	10.78281171
-0.762625626	10.78281171
-0.770258343	10.84967231
-0.801009242	10.76052554
-0.794955554	10.80509893
0.351234825	16.88933615
0.320573044	16.86704998
0.367614393	16.86704998
0.381050107	16.86704998
0.423143299	16.88933615
0.383803907	15.84186648
0.441767781	15.84186648
0.43487971	15.88643986
0.391783917	15.86415369
0.383046288	15.86415369
1.293603333	22.14897059
1.311836252	22.12668445
1.299144943	22.10439616
1.342655253	22.10439616
1.310811775	22.08211
1.318036043	21.25750724
1.276544827	21.25750724
1.216490484	21.2797934
1.282352375	21.2797934
1.27956724	21.25750724
2.270898129	28.50064702
2.24200569	28.50064702
2.308033324	28.50064702
2.322896217	28.52293319
2.316592397	28.50064702
2.864612085	32.80195647
2.927867757	32.7796703
2.963893368	32.75738415
2.958850824	32.75738415
2.903918704	32.80195647
3.391743215	35.27576897
3.34571842	35.27576897
3.307249777	35.27576897
3.356475742	35.27576897
3.354786058	35.27576897
3.722461966	38.39589073
3.787483326	38.44046305
3.827131331	38.44046305
3.789323743	38.44046305
3.758487897	38.37360245
4.666062568	43.78924321
4.647504471	43.76695493
4.593486971	43.74467089
4.655052959	43.72238261
4.679670093	43.74467089
4.62201072	42.51890878
4.652092261	42.56348109
4.65929617	42.51890878
4.685762982	42.58576938
4.658551764	42.54119281
4.627442234	42.22918234
4.643477461	42.20689406
4.676489362	42.22918234
4.682957488	42.25147062
4.701863677	42.22918234
5.445392461	49.27174456
5.443472526	49.24945628
5.466735295	49.227168
5.462280994	49.24945628
5.485120304	49.20488396
6.408215091	55.77942624
6.444169487	55.77942624
6.503893142	55.75713796
6.446344903	55.73485392
6.374358188	55.71256564
6.423708061	53.61762843
6.441866331	53.66220077
6.483514109	53.61762843
6.522655624	53.61762843
6.497788438	53.61762843
7.354365707	61.48478919
7.348216294	61.41793284
7.317220772	61.44021687
7.270600707	61.37335628
7.253890372	61.39564456
8.098398746	66.7444247
8.160302288	66.76671298
8.119476519	66.72213642
8.105543895	66.72213642
8.061949356	66.7444247
8.133172823	65.13979151
8.128728742	65.20665211
8.198372062	65.18436383
8.211215701	65.20665211
8.140316056	65.16207555
8.176491443	63.73322874
8.185571855	63.73322874
8.173976877	63.73322874
8.167423166	63.73322874
8.189090459	63.73322874
8.22437422	63.68865643
8.183542702	63.68865643
8.141966459	63.71094046
8.148769902	63.68865643
8.180935525	63.66636815
9.054599323	72.7815793
8.97009343	72.7815793
8.961941689	72.80386758
9.025113691	72.80386758
9.038214087	72.75929102
9.774599321	78.82124525
9.7913863	78.82124525
9.814399975	78.82124525
9.865551624	78.79895697
9.823811234	78.82124525
9.825662829	77.26118438
9.804914626	77.28347267
9.853209365	77.26118438
9.936039946	77.26118438
9.903774686	77.21660782
10.35909762	81.71850117
10.30357662	81.74078945
10.30609182	81.74078945
10.36093708	81.71850117
10.38521857	81.69621288
10.81489319	86.08667332
10.86746978	86.08667332
10.85738597	86.08667332
10.84025473	86.08667332
10.87730067	86.01980847
10.85815241	84.41517952
10.88014927	84.41517952
10.88627825	84.39289126
10.92004765	84.39289126
10.85234917	84.4374678
11.25280449	88.42676463
11.24851242	88.35989981
11.29093367	88.38218809
11.35091664	88.38218809
11.30445497	88.35989981
11.23063646	87.64673421
11.20855018	87.71359056
11.23467049	87.69130228
11.32186979	87.69130228
11.3321912	87.66902249
11.32994936	86.35410725
11.31450301	86.39868382
11.31131462	86.39868382
11.37002657	86.33182745
11.32617591	86.42097208
11.35412164	86.17581797
11.33035813	86.24267432
11.32381144	86.19810625
11.27031001	86.22039453
11.29853038	86.22039453
11.55759901	89.07307389
11.53961447	89.07307389
11.50374629	89.0507856
11.46075277	89.09536217
11.44428451	89.0507856
11.80035522	92.37148493
11.79624326	92.39377321
11.80496153	92.34920512
11.84082842	92.37148493
11.88585429	92.32691684
12.01884845	93.68640016
12.02104558	93.68640016
12.0229719	93.66411188
12.08638597	93.68640016
12.10217211	93.68640016
12.19091578	94.66700815
12.13169925	94.68929643
12.14010328	94.68929643
12.19847417	94.62243159
12.26777706	94.68929643
12.18654323	92.97322607
12.23080649	92.99551435
12.29616477	92.95093779
12.25365155	92.90636972
12.18419537	92.97322607
12.65948729	96.80652192
12.58279335	96.82880171
12.56850944	96.78423364
12.63194011	96.80652192
12.67015104	96.78423364
12.94227344	98.76773792
12.86977832	98.74544964
12.82181826	98.72316136
12.92279434	98.76773792
12.95764187	98.70088155
13.20105721	100.6398093
13.21078846	100.5952412
13.21582143	100.5506646
13.20045173	100.617521
13.15794489	100.5283763
13.27186489	95.98442627
13.2479302	96.00670606
13.26641421	95.96213799
13.2888339	95.98442627
13.29378	95.96213799
13.19079712	92.77515139
13.18918759	92.7528716
13.23454942	92.79743967
13.22060402	92.79743967
13.16130063	92.7528716
13.13995652	90.34591544
13.08250025	90.34591544
13.08266759	90.34591544
13.05343169	90.34591544
13.13851816	90.32362716
13.09884844	90.83622367
13.08581639	90.72479076
13.12210994	90.85851195
13.11380554	90.92536832
13.057688	90.83622367
13.05258988	90.81142404
13.13155377	90.8560006
13.09551826	90.83371232
13.06678949	90.83371232
13.04141389	90.83371232
12.78469568	84.52661245
12.75495265	84.52661245
12.79106481	84.48203589
12.85424128	84.52661245
12.84273061	84.50432417
12.32532019	76.23599981
12.26441877	76.21371153
12.2380417	76.21371153
12.29659142	76.23599981
12.40134988	76.25828809
12.19444141	77.84063727
12.24039723	77.86292555
12.32633445	77.84063727
12.30061524	77.84063727
12.29775641	77.84063727
11.99988797	72.67014639
11.99333617	72.67014639
12.02417777	72.69243467
12.01609948	72.69243467
11.99828483	72.64785811
11.63261828	67.18764926
11.64597479	67.16536098
11.7021626	67.18764926
11.73307573	67.18764926
11.72712559	67.20993754
11.61796647	67.61109267
11.62132349	67.56652035
11.61224116	67.56652035
11.69228573	67.54423632
11.71153106	67.56652035
11.62898024	67.76710214
11.59782057	67.7893862
11.62411717	67.76710214
11.66484968	67.7893862
11.69197276	67.76710214
11.24302726	60.43481348
11.27175475	60.43481348
11.24628974	60.36795288
11.21487971	60.41252944
11.20732898	60.45710176
11.13520558	61.39313743
11.11722998	61.43770974
11.19147898	61.39313743
11.23785634	61.43770974
11.17123982	61.41542571
10.66012507	53.68197767
10.64600467	53.68197767
10.66968962	53.68197767
10.69263112	53.70426596
10.65777338	53.72655424
10.34480157	49.42524268
10.33228495	49.44752674
10.36629833	49.46981502
10.34194019	49.46981502
10.2880153	49.46981502
10.33185894	50.29441778
10.26877316	50.27213372
10.2657521	50.27213372
10.29649789	50.27213372
10.36664387	50.29441778
9.897536493	45.23536406
9.879895571	45.23536406
9.88442971	45.23536406
9.903496851	45.25765234
9.994056992	45.30222465
9.925744724	45.92624985
9.952791796	45.97082217
9.949253392	45.92624985
9.947576164	45.92624985
9.963211565	45.92624985
9.748993158	44.12103486
9.724718687	44.09874657
9.710194626	44.12103486
9.773615721	44.09874657
9.772928479	44.09874657
9.778565654	44.16560717
9.730860436	44.21017949
9.721878383	44.18789545
9.751358907	44.21017949
9.794954083	44.18789545
9.739219116	44.42970251
9.768111396	44.42970251
9.789103582	44.42970251
9.797499307	44.42970251
9.784320989	44.4519908
9.764648997	44.3182696
9.713323622	44.29598557
9.729971364	44.34055788
9.709555925	44.3182696
9.708883373	44.3182696
9.785340356	45.41031475
9.762068007	45.38802647
9.794160817	45.38802647
9.772152457	45.38802647
9.728476804	45.38802647
9.35902914	39.59351464
9.312245567	39.61580292
9.305019304	39.61580292
9.349053907	39.70494757
9.353584852	39.74951989
8.962915708	34.37845358
8.935873745	34.42302801
8.950670532	34.42302801
8.931499282	34.33388124
8.936207786	34.37845358
8.388823127	28.60623001
8.452251248	28.62851618
8.447121201	28.56165558
8.402023799	28.62851618
8.334486915	28.62851618
8.334782633	29.87656446
8.367042144	29.87656446
8.36056891	29.89885061
8.382908755	29.89885061
8.418781398	29.87656446
7.875610249	24.41635139
7.900820418	24.41635139
7.839491068	24.41635139
7.825546309	24.41635139
7.835715706	24.39406522
7.841221948	24.90665539
7.801146652	24.88436922
7.863048278	24.81751074
7.92496651	24.83979691
7.869526622	24.88436922
7.25611369	19.11214354
7.23587581	19.13443182
7.327605412	19.13443182
7.321384464	19.13443182
7.371449043	19.13443182
7.260292711	20.53848535
7.270285827	20.51619918
7.338662604	20.51619918
7.322367425	20.51619918
7.321952269	20.53848535
6.805088577	15.45714442
6.806850114	15.43485825
6.802152468	15.43485825
6.779552671	15.41257103
6.789223243	15.43485825
6.460842777	12.67132141
6.45580151	12.67132141
6.45898799	12.67132141
6.47159467	12.7158948
6.464796975	12.69360863
5.575469673	7.879705854
5.6125105	7.857419707
5.604526737	7.879705854
5.62039718	7.857419707
5.701466862	7.879705854
5.564855101	8.436870454
5.601477578	8.481443837
5.658853369	8.459157157
5.645996317	8.436870454
5.654733747	8.436870454
4.975061013	3.979553939
4.97766819	4.001840352
5.000092345	3.979553939
4.994043207	4.024127054
5.000087554	4.024127054
4.937936835	4.84873086
4.908121952	4.871017028
4.926354312	4.84873086
4.910979501	4.871017028
4.923069153	4.871017028
4.937843266	5.432360666
4.891970481	5.432360666
4.879630458	5.454647369
4.87777567	5.454647369
4.88718661	5.454647369
4.952667516	5.922665204
4.95678618	5.944951907
4.941000045	5.944951907
4.950160296	5.967238587
4.914447967	5.900379036
4.690905803	3.671720389
4.676541417	3.738580184
4.699214345	3.694007069
4.717609573	3.716293504
4.726262056	3.738580184
4.747987152	3.873971217
4.749582627	3.851684515
4.747728158	3.851684515
4.7351301	3.851684515
4.688008655	3.829398102
4.645935183	4.854580805
4.702809912	4.876867485
4.711704463	4.832294103
4.780928795	4.876867485
4.745977798	4.876867485
4.726508594	5.010587099
4.666535526	5.055159947
4.700473544	5.010587099
4.682913417	5.032873779
4.658546015	4.988300396
4.694118469	3.495099324
4.705378768	3.539672439
4.716707088	3.472812643
4.687978316	3.472812643
4.748301073	3.517385759
4.306638678	3.139349597
4.357540275	3.139349597
4.305461871	3.094776482
4.270096038	3.117063162
4.349467414	3.094776482
4.328639373	3.094776482
4.342075727	3.094776482
4.21179445	3.072489779
4.284362064	3.072489779
4.31645168	3.117063162
4.287643709	3.094776482
4.280416488	3.094776482
4.246740977	3.117063162
4.308306646	3.094776482
4.317217483	3.139349597
4.258253243	2.136453441
4.281850372	2.069593645
4.236908174	2.091880192
4.211038867	2.091880192
4.218595019	2.091880192
4.223099139	2.604471677
4.229652531	2.604471677
4.278713072	2.604471677
4.274767497	2.626758112
4.253515678	2.604471677
4.298936582	2.359319152
4.209057616	2.359319152
4.208799262	2.337032716
4.243910254	2.381605832
4.214171376	2.337032716
2.991318232	-4.148363326
2.995520566	-4.126076624
2.991318232	-4.148363326
2.991318232	-4.148363326
2.995520566	-4.126076624
2.31475693	-7.736503455
2.277634828	-7.736503455
2.325996152	-7.781076303
2.312915555	-7.736503455
2.351459884	-7.758790135
0.698679439	-13.44186852
0.780492968	-13.44186852
0.724383961	-13.44186852
0.733044587	-13.41958235
0.728675633	-13.41958235
0.09402693	-16.65113704
0.099551324	-16.69571042
0.041017093	-16.67342319
0.075713076	-16.65113704
0.049169665	-16.65113704
-0.586174369	-20.32842233
-0.583556973	-20.30613617
-0.655210844	-20.32842233
-0.565751545	-20.30613617
-0.594290742	-20.26156385
-0.976496739	-22.69080193
-0.972878099	-22.66851365
-1.047896727	-22.69080193
-1.012958663	-22.69080193
-0.978351447	-22.69080193
-1.03774673	-21.48732596
-1.087733867	-21.50961213
-1.060086176	-21.48732596
-0.98391118	-21.50961213
-1.063704897	-21.50961213
-1.949514953	-28.41845316
-1.946975797	-28.37388085
-2.009294654	-28.37388085
-1.927480725	-28.37388085
-1.919415688	-28.37388085
-2.833251865	-34.12381822
-2.770158742	-34.10153208
-2.744122734	-34.10153208
-2.829366008	-34.07924591
-2.793920017	-34.07924591
-3.600490828	-39.9629045
-3.626602203	-39.94061622
-3.596948592	-39.91833219
-3.601672745	-39.9629045
-3.609445736	-39.89604391
-4.363116135	-44.82138066
-4.306576405	-44.79909238
-4.341108095	-44.82138066
-4.322196477	-44.79909238
-4.263637812	-44.7768041
-4.351913639	-43.52875795
-4.350402153	-43.52875795
-4.335214162	-43.55104198
-4.381466973	-43.48418561
-4.377453057	-43.52875795
-5.310269512	-51.46277928
-5.265005409	-51.48506756
-5.223249372	-51.46277928
-5.28480578	-51.44049525
-5.279598131	-51.44049525
-5.323991365	-49.2341209
-5.269227542	-49.2341209
-5.281497947	-49.2341209
-5.331052205	-49.2341209
-5.280556821	-49.21183685
-5.952994989	-56.20982253
-5.930248291	-56.23211081
-5.952157013	-56.20982253
-5.953642632	-56.16525021
-5.918628403	-56.18753849
-6.754410205	-62.13805557
-6.753623964	-62.07119495
-6.67574651	-62.04890667
-6.754868793	-62.04890667
-6.736632601	-62.02662264
-7.278069676	-66.08278007
-7.204650994	-66.08278007
-7.173141318	-66.06049179
-7.248161224	-66.08278007
-7.234799598	-66.06049179
-7.207291384	-64.72329676
-7.282717504	-64.72329676
-7.240363962	-64.67872443
-7.220318969	-64.74558504
-7.300786994	-64.74558504
-7.298759119	-63.74213304
-7.257267823	-63.74213304
-7.342026642	-63.76441707
-7.260403845	-63.80898939
-7.251983211	-63.76441707
-7.672627233	-68.55603263
-7.624342074	-68.57832091
-7.607108643	-68.55603263
-7.634324332	-68.55603263
-7.645412182	-68.55603263
-7.904399059	-71.58700551
-7.878845909	-71.54243742
-7.993491465	-71.52014914
-7.926218364	-71.54243742
-7.870682671	-71.52014914
-7.988526203	-69.91551594
-7.97657483	-69.87094362
-7.908540397	-69.87094362
-7.992031394	-69.87094362
-7.950108975	-69.84865534
-7.959612208	-69.51435658
-7.945401749	-69.4920683
-7.943457543	-69.46978427
-7.965896387	-69.4920683
-7.965567456	-69.4920683
-8.635753883	-76.91350587
-8.62661024	-76.93578565
-8.677676941	-76.93578565
-8.638776855	-76.91350587
-8.642445554	-76.8689293
-9.348630448	-82.55200822
-9.275870267	-82.50743166
-9.349113306	-82.50743166
-9.274258824	-82.48515185
-9.273100859	-82.52971994
-9.893904839	-86.56359334
-9.835178196	-86.54130505
-9.900354442	-86.54130505
-9.858024532	-86.54130505
-9.831888247	-86.51901677
-9.926354683	-83.28746208
-9.967829373	-83.24289401
-9.907974145	-83.30975036
-9.996961804	-83.22060573
-9.936438495	-83.28746208
-9.849860656	-81.48225558
-9.837340199	-81.4599673
-9.917110763	-81.41539074
-9.879964551	-81.37082265
-9.862703017	-81.4599673
-10.73934252	-91.35520887
-10.75218425	-91.33292059
-10.68448002	-91.33292059
-10.76537853	-91.35520887
-10.73024998	-91.31063231
-10.76647965	-90.30773604
-10.70432574	-90.30773604
-10.79722544	-90.30773604
-10.73547966	-90.28545624
-10.68728328	-90.33002433
-10.78662301	-89.28088855
-10.7027903	-89.28088855
-10.7684724	-89.28088855
-10.76469001	-89.25860027
-10.73077882	-89.30316836
-10.76617435	-89.21402371
-10.76373835	-89.19173542
-10.78893638	-89.19173542
-10.76565573	-89.16945564
-10.73476687	-89.21402371
-11.28268676	-95.98914354
-11.23347612	-95.98914354
-11.24247925	-96.01143182
-11.279971	-95.89999891
-11.21326762	-95.89999891
-11.86845991	-100.4464603
-11.8707158	-100.4241805
-11.88843464	-100.4018923
-11.86054768	-100.4018923
-11.89966428	-100.3573157
-11.91645062	-97.50463634
-11.88553749	-97.50463634
-11.95737092	-97.52692463
-11.94635844	-97.50463634
-11.95197006	-97.48234806
-12.23212477	-101.4270768
-12.21213087	-101.4270768
-12.24732586	-101.4047885
-12.25304095	-101.4047885
-12.24883702	-101.4047885
-12.85653166	-105.5278066
-12.88188171	-105.48323
-12.84838056	-105.5055183
-12.86726184	-105.48323
-12.86809982	-105.48323
-12.94183146	-103.1431387
-12.89807661	-103.165427
-12.85759063	-103.165427
-12.90940589	-103.1431387
-12.89882772	-103.1431387
-13.13977513	-105.5946629
-13.1006317	-105.5946629
-13.07058337	-105.6392395
-13.1497823	-105.6169512
-13.13145413	-105.5723747
-13.19158145	-102.1644821
-13.16512645	-102.1867704
-13.20166526	-102.1644821
-13.14833755	-102.1867704
-13.22047372	-102.1644821
-13.15337946	-102.0307609
-13.1429648	-102.0307609
-13.19321652	-102.0753374
-13.17692326	-102.0753374
-13.18515356	-102.0753374
-13.03589041	-95.05506351
-12.96144725	-95.01048695
-12.98515328	-95.05506351
-12.94525107	-95.03277523
-13.03831875	-95.03277523
-12.73795299	-89.97371726
-12.7095078	-90.0405821
-12.75511233	-90.01829382
-12.77167257	-90.0405821
-12.74661505	-89.99600554
-12.71560101	-90.48631379
-12.76029092	-90.48631379
-12.746776	-90.50859358
-12.69973567	-90.50859358
-12.7373641	-90.50859358
-12.44319757	-83.13174107
-12.40338351	-83.13174107
-12.36699671	-83.10945279
-12.41883752	-83.13174107
-12.39397416	-83.13174107
-12.34806561	-84.62493712
-12.31857679	-84.60264884
-12.36856408	-84.62493712
-12.3352009	-84.60264884
-12.34679204	-84.60264884
-11.92815418	-77.22579631
-11.94905887	-77.20350803
-11.99795526	-77.20350803
-11.93103344	-77.2703644
-11.9792426	-77.2703644
-11.71275226	-72.74619125
-11.66738788	-72.74619125
-11.64823579	-72.74619125
-11.70638569	-72.79075932
-11.69419544	-72.76847953
-11.32520636	-67.4419834
-11.32698451	-67.46427168
-11.34317686	-67.4419834
-11.30403854	-67.4419834
-11.36091742	-67.46427168
-11.30676962	-68.75689017
-11.319444	-68.73460613
-11.31643189	-68.77917845
-11.32416784	-68.77917845
-11.30156165	-68.75689017
-11.34633587	-69.13576549
-11.30123975	-69.15804952
-11.34768609	-69.13576549
-11.25823856	-69.15804952
-11.30224379	-69.15804952
-11.02612311	-63.38582597
-10.9481671	-63.38582597
-11.04425584	-63.38582597
-10.98606762	-63.40811
-10.99033414	-63.38582597
-10.55628442	-56.36555203
-10.46875556	-56.36555203
-10.49455014	-56.38783606
-10.48186234	-56.36555203
-10.54418423	-56.36555203
-10.1209375	-51.55164819
-10.10876706	-51.57393647
-10.08566843	-51.55164819
-10.13212499	-51.57393647
-10.11357009	-51.5962205
-10.07798486	-53.06713674
-10.11626094	-53.02256443
-10.02916511	-53.04484846
-10.11601887	-53.04484846
-10.10873001	-53.06713674
-9.565277835	-45.60113111
-9.568224163	-45.62341939
-9.571247135	-45.62341939
-9.572500266	-45.60113111
-9.577948386	-45.57884283
-9.551124859	-46.22515631
-9.52558065	-46.22515631
-9.558274478	-46.24744036
-9.609847669	-46.24744036
-9.551046299	-46.24744036
-9.583924072	-47.09154431
-9.474031091	-47.04697199
-9.589105854	-47.04697199
-9.539817296	-47.06926025
-9.554089709	-47.06926025
-9.222388637	-41.89877362
-9.207937387	-41.89877362
-9.201294258	-41.87648534
-9.244995459	-41.92105767
-9.206258881	-41.89877362
-8.535926191	-33.96474804
-8.507604272	-33.94246187
-8.598752656	-33.96474804
-8.521740003	-33.98703419
-8.521230958	-33.98703419
-8.519719791	-35.413376
-8.460321874	-35.39108983
-8.529640096	-35.413376
-8.498994582	-35.43566214
-8.549794306	-35.413376
-7.999699639	-29.19541865
-7.931425054	-29.21770479
-8.036100487	-29.06169957
-7.996707324	-28.88340604
-7.98920131	-28.81654755
-7.401781593	-22.73230929
-7.312575499	-22.73230929
-7.327437433	-22.71002314
-7.337341131	-22.71002314
-7.321325703	-22.77688374
-7.278922981	-23.86892466
-7.333001158	-23.82435232
-7.308314086	-23.82435232
-7.37552204	-23.86892466
-7.287979123	-23.82435232
-7.307980684	-24.02493202
-7.293033164	-24.02493202
-7.364279624	-24.06950433
-7.325810662	-24.06950433
-7.317316577	-24.04721816
-6.498764373	-15.68974918
-6.503474155	-15.68974918
-6.471306616	-15.71203639
-6.43990041	-15.71203639
-6.524633681	-15.68974918
-5.819256105	-11.18785901
-5.802478706	-11.23243239
-5.866817615	-11.23243239
-5.796420627	-11.23243239
-5.831370986	-11.23243239
-4.934014253	-6.19566482
-4.896066471	-6.240237691
-4.821325677	-6.284811051
-4.923447264	-6.240237691
-4.874833174	-6.262524371
-4.875226934	-7.465999803
-4.869184503	-7.465999803
-4.901517784	-7.443713101
-4.830789949	-7.443713101
-4.910509736	-7.465999803
-4.552817045	-4.234445133
-4.555283708	-4.256731813
-4.552817045	-4.234445133
-4.552817045	-4.234445133
-4.550350062	-4.212158697
-4.422073988	-3.053256381
-4.422073988	-3.053256381
-4.414673678	-2.986396585
-4.422073988	-3.053256381
-4.417140342	-3.008682998
-4.05944765	0.222871583
-3.987631788	0.200584992
-4.026693465	0.222871583
-4.025596496	0.245158152
-3.98568854	0.267444743
-3.060631025	2.49610319
-3.18116253	2.518389603
-3.096335051	2.473816487
-3.092795051	2.518389603
-3.075319871	2.518389603
-3.136494975	1.515493469
-3.063918419	1.560066584
-3.148077179	1.515493469
-3.082062319	1.515493469
-3.140528371	1.47092022
-3.139182309	1.46674156
-3.11239423	1.489028129
-3.131046216	1.444455014
-3.065603313	1.511314676
-3.14372986	1.46674156
-3.103517563	1.355308649
-3.014400568	1.288448831
-3.08739675	1.3107354
-3.044308701	1.288448831
-3.124519011	1.3107354
-2.506187762	3.806832741
-2.479818192	3.762259625
-2.456132443	3.762259625
-2.469239067	3.762259625
-2.453025163	3.739973212
-1.746284918	6.124637374
-1.792496374	6.080064525
-1.748397581	6.102351205
-1.819869184	6.124637374
-1.798038063	6.124637374
-0.562780268	11.00539968
-0.64886986	11.02768585
-0.546223022	10.98311246
-0.613512889	10.96082632
-0.569837076	10.96082632
0.379304537	16.10902678
0.352096113	16.15360016
0.455580928	16.10902678
0.315224402	16.13131399
0.389553214	16.10902678
1.406203769	22.52756381
1.47189337	22.48298938
1.445172036	22.48298938
1.441145824	22.48298938
1.446445925	22.50527766
1.42455796	21.19036878
1.519135371	21.19036878
1.464617608	21.21265493
1.523161422	21.19036878
1.397421789	21.21265493
1.444679438	20.87835617
1.501541553	20.90064234
1.494824015	20.90064234
1.540188074	20.90064234
1.435691956	20.90064234
2.194108702	27.14088586
2.231815375	27.07402738
2.16420472	27.09631352
2.238118556	27.09631352
2.196119493	27.09631352
3.047286645	31.99936199
2.974290144	32.02164816
3.002006894	31.97707585
3.052837915	31.99936199
3.028465084	31.99936199
3.88981824	38.32875016
3.929963473	38.32875016
3.843284719	38.32875016
3.917191369	38.28417783
3.889645471	38.28417783
4.933920045	44.70271487
4.872941661	44.74728719
4.924665267	44.65814256
4.843876294	44.70271487
4.907532751	44.65814256
4.929133619	43.16494226
4.896631402	43.14265398
4.920490078	43.1872263
4.898142249	43.14265398
5.000878586	43.16494226
5.52680321	48.8257329
5.516896957	48.8257329
5.586784261	48.8257329
5.468931149	48.84802118
5.542757323	48.78116059
6.4277702	54.35280657
6.304958851	54.35280657
6.398025893	54.35280657
6.361576503	54.35280657
6.410538685	54.37509062
7.346768997	61.5736581
7.416987787	61.5736581
7.412382114	61.59594638
7.453771218	61.52908576
7.337276622	61.55137404
7.420436773	59.85759198
7.417152572	59.87988026
7.427735848	59.8353037
7.537023341	59.85759198
7.383639291	59.90216429
8.000698567	65.13951152
7.937870186	65.13951152
7.994062464	65.11722749
7.943242939	65.13951152
8.032876963	65.11722749
8.181532071	66.8332936
8.206479733	66.72186067
8.188329766	66.72186067
8.175216596	66.67728836
8.155657016	66.74414473
8.24857524	65.27323271
8.151304907	65.27323271
8.218171794	65.27323271
8.182881008	65.2286604
8.255965011	65.27323271
8.222581386	64.02295518
8.262810609	64.0006669
8.193774693	64.0006669
8.307083447	63.93380631
8.208970667	63.97838287
9.008410382	72.17984663
8.92676012	72.17984663
8.974055931	72.11298179
8.980182351	72.13527007
8.95540139	72.11298179
9.764366053	78.30865721
9.8137485	78.26408065
9.696747414	78.28636893
9.80601383	78.26408065
9.762941111	78.28636893
9.812969285	76.41429757
9.79802879	76.45886566
9.821220024	76.45886566
9.789284335	76.41429757
9.843551567	76.41429757
10.49540344	83.54600444
10.50650407	83.54600444
10.53135528	83.45685132
10.4524789	83.4791396
10.50850831	83.45685132
11.25840079	89.49651727
11.33812345	89.51880555
11.21933784	89.42966092
11.35012592	89.4519492
11.31476616	89.42966092
11.43681426	86.93356011
11.3381209	87.00042496
11.34222264	86.93356011
11.37842677	86.91127185
11.35020257	86.95584839
11.42004452	86.51011673
11.36957182	86.48782845
11.36090336	86.46554016
11.37443488	86.48782845
11.3730885	86.48782845
11.66461592	91.27944401
11.77532197	91.27944401
11.70593349	91.32402057
11.76540166	91.27944401
11.66158592	91.32402057
11.98782929	93.39666948
12.02419565	93.41895776
11.99714283	93.41895776
12.07290938	93.41895776
11.97345852	93.41895776
12.40555381	96.4276466
12.49408416	96.4276466
12.44351948	96.38307004
12.47929185	96.38307004
12.4518392	96.40535832
12.529564	94.31042111
12.40870133	94.33270939
12.51637611	94.28813283
12.4567457	94.33270939
12.56661888	94.28813283
12.83869658	97.56426406
12.83288823	97.54197578
12.78156477	97.5196875
12.8077694	97.47511944
12.82633388	97.54197578
13.36268306	101.1524058
13.37106793	101.1078292
13.41424923	101.1078292
13.41003636	101.0632527
13.35838844	101.085541
13.44495414	96.45188628
13.5327206	96.42959799
13.46536703	96.47417454
13.49390802	96.42959799
13.48158237	96.45188628
13.55875406	96.29587678
13.43586159	96.31816506
13.54052042	96.31816506
13.44199823	96.34045334
13.44972013	96.34045334
13.11060821	86.26691399
13.00847353	86.26691399
13.1184208	86.28920227
13.11255752	86.28920227
13.11035784	86.28920227
13.13684605	86.5343564
13.07107772	86.55664468
13.16011776	86.55664468
13.03495663	86.55664468
13.11107063	86.55664468
13.05190903	87.20295391
13.1275836	87.18066563
13.06543033	87.18066563
13.03275694	87.20295391
13.15304223	87.15837735
12.69380597	79.82609293
12.73118531	79.84838121
12.64819761	79.80380465
12.70489127	79.82609293
12.72355028	79.82609293
12.35449861	74.18759058
12.3001592	74.20987036
12.38507706	74.23215865
12.35609536	74.1653023
12.41464636	74.18759058
11.85522985	66.43185426
11.81002387	66.38728194
11.88672675	66.49871486
11.81456248	66.43185426
11.93754181	66.43185426
11.82421836	68.05877575
11.79061886	68.01420341
11.901003	68.05877575
11.72871723	68.08106403
11.82236869	68.01420341
11.8439785	68.25935329
11.78417564	68.25935329
11.8611966	68.23706925
11.82331524	68.25935329
11.7761229	68.25935329
11.77073993	68.34850219
11.88683406	68.34850219
11.77444567	68.3930745
11.84785286	68.3930745
11.76361075	68.37078622
11.40164738	60.72649131
11.33285673	60.74877534
11.36897527	60.74877534
11.32169734	60.77106362
11.36283735	60.72649131
10.77953087	53.08219215
10.73004687	53.05990387
10.81034947	53.05990387
10.76263467	53.05990387
10.83437868	53.05990387
10.77602185	54.21880538
10.79644112	54.19652135
10.7721526	54.17423307
10.72806306	54.19652135
10.75232859	54.17423307
10.46936169	49.15975169
10.41164675	49.13746765
10.46708855	49.09289109
10.47725092	49.11517937
10.38317729	49.15975169
10.1375795	44.99216132
10.11649342	44.96987304
10.03047509	44.96987304
10.1571461	44.96987304
10.08893603	44.96987304
10.11654707	45.59389824
10.06010826	45.59389824
10.1084822	45.59389824
10.12210697	45.63847057
10.01894781	45.59389824
10.1121279	46.17474254
10.08079515	46.10788195
10.00443908	46.08559792
10.14069317	46.13017023
10.09659086	46.15245851
10.1379046	46.75419543
9.993673771	46.77647946
10.08774549	46.73190715
10.06792085	46.73190715
10.08893603	46.77647946
9.623188856	40.53623596
9.565309131	40.51395191
9.71080203	40.51395191
9.626037463	40.49166363
9.655611236	40.53623596
9.044146342	33.69425553
9.071036294	33.64968322
8.969643784	33.67196936
9.06439061	33.62739705
9.050622132	33.76111613
8.673085319	29.52666517
8.625713503	29.52666517
8.574986591	29.57123748
8.678383983	29.54895134
8.64469953	29.52666517
8.593989224	30.6187082
8.593908109	30.64099437
8.649590702	30.6187082
8.586516422	30.64099437
8.671185184	30.64099437
7.955880278	23.21956105
7.965709248	23.28642165
7.931189374	23.21956105
7.906410968	23.28642165
7.966881264	23.24184934
7.951675709	23.95501918
7.949646556	23.91044687
7.91370174	23.95501918
7.980723193	23.91044687
7.947385554	23.97730533
7.382642917	18.27194027
7.377083025	18.22736795
7.378780692	18.27194027
7.320395754	18.2496541
7.400612771	18.27194027
7.338368163	19.07425686
7.322165595	19.09654303
7.375074949	19.09654303
7.357612863	19.09654303
7.326861964	19.14111745
7.410551597	19.31940887
7.286902912	19.31940887
7.302786129	19.2971227
7.387196217	19.31940887
7.344193116	19.31940887
6.925464558	14.72837299
6.899514136	14.70608682
6.927060672	14.70608682
6.932869658	14.72837299
6.846178768	14.72837299
6.332726378	10.6945017
6.396062526	10.6945017
6.290561253	10.6945017
6.35532873	10.67221556
6.360865629	10.67221556
5.917379742	7.797245789
5.773231948	7.797245789
5.835729481	7.797245789
5.866971542	7.797245789
5.847583772	7.819532491
5.733497718	8.554989554
5.862696077	8.554989554
5.803127626	8.532702852
5.799101894	8.532702852
5.837900426	8.532702852
5.282803452	4.766270261
5.352019162	4.766270261
5.235258867	4.721696901
5.257856748	4.743983581
5.342185083	4.743983581
5.038680744	3.117063162
4.994747694	3.094776482
5.088830271	3.094776482
4.987943613	3.117063162
4.963843826	3.139349597
5.021929533	3.518221469
4.982186361	3.495935033
5.045356447	3.495935033
4.914068898	3.518221469
5.020333099	3.540508149
4.970020065	3.562794851
5.013187632	3.562794851
4.986649285	3.518221469
5.038985405	3.585081264
5.007307111	3.562794851
4.961370776	3.62965438
5.034612219	3.62965438
5.001944578	3.607367967
4.948865649	3.651941082
5.001012713	3.585081264
4.944853648	4.297694863
5.031709961	4.297694863
4.936204678	4.364554659
5.036916333	4.297694863
4.954851874	4.319981543
4.893864549	5.189158487
5.026923217	5.189158487
4.994241524	5.166871784
4.958122662	5.166871784
4.996845189	5.233731335
4.915873228	5.189158487
4.982240332	5.233731335
4.988277014	5.189158487
4.990718768	5.211444633
5.009942072	5.189158487
4.888761008	3.027359613
4.838532921	3.027359613
4.886318616	3.005072933
4.883389533	3.027359613
4.809050801	3.005072933
4.57457695	2.649044792
4.479415607	2.715904588
4.600539827	2.671331472
4.589275057	2.671331472
4.486129632	2.626758112
3.245726901	-3.011747423
3.245726901	-3.011747423
3.245726901	-3.011747423
3.245726901	-3.011747423
3.240824232	-3.034034125
2.951560371	-4.348942468
2.951560371	-4.348942468
2.951560371	-4.348942468
2.941754714	-4.393515851
2.951560371	-4.348942468
2.049449308	-8.449673815
2.064066939	-8.449673815
1.983942375	-8.449673815
2.014168422	-8.449673815
2.066924807	-8.449673815
1.026105605	-11.70351519
1.010052654	-11.72580133
1.010242827	-11.68122902
1.065730377	-11.74808857
1.043847921	-11.68122902
1.021795332	-11.05720382
1.076824614	-11.03491765
0.992166071	-11.03491765
1.016181389	-11.03491765
1.033720119	-11.05720382
0.25299155	-15.1579357
0.221342578	-15.13564953
0.243821979	-15.18022185
0.228124385	-15.1579357
0.237776854	-15.18022185
-1.213652496	-22.98052626
-1.307062041	-22.98052626
-1.24499587	-23.0028124
-1.267247096	-22.98052626
-1.279197512	-23.02510068
-1.272110166	-21.55418445
-1.278448236	-21.46503982
-1.352971711	-21.48732596
-1.308546702	-21.50961213
-1.298463609	-21.50961213
-1.257761987	-21.21988569
-1.346434127	-21.17531338
-1.262359357	-21.19759952
-1.271605113	-21.19759952
-1.36474824	-21.17531338
-1.860836266	-26.39037443
-1.822584461	-26.32351384
-1.874755477	-26.34580001
-1.806543645	-26.34580001
-1.851908183	-26.34580001
-2.91684729	-33.56665362
-2.93397789	-33.56665362
-2.952191727	-33.54436748
-2.974543389	-33.54436748
-2.985070459	-33.61122807
-3.708767258	-38.80400299
-3.649370618	-38.78171471
-3.74320921	-38.80400299
-3.6970835	-38.78171471
-3.658374386	-38.80400299
-4.555390691	-44.91052529
-4.651710318	-44.84366469
-4.570681832	-44.91052529
-4.600401868	-44.86595297
-4.619363943	-44.82138066
-4.615169913	-43.59561855
-4.587279755	-43.59561855
-4.660381323	-43.64019086
-4.618115602	-43.61790258
-4.612070616	-43.61790258
-5.29803711	-50.12558426
-5.330537092	-50.10330022
-5.276080485	-50.05872789
-5.329354857	-50.10330022
-5.315322595	-50.08101194
-6.021302786	-55.40750805
-5.985768016	-55.38521977
-6.026077715	-55.38521977
-5.978438921	-55.36293149
-5.984065239	-55.34064745
-7.142255014	-63.27466881
-7.064567892	-63.29695709
-7.056186858	-63.3415294
-7.093969855	-63.29695709
-7.055071686	-63.27466881
-7.770344657	-68.69030954
-7.751613472	-68.66802551
-7.769659969	-68.64573723
-7.754444195	-68.62344894
-7.748946895	-68.71259782
-7.804310777	-66.45858832
-7.820162698	-66.39172772
-7.841319669	-66.39172772
-7.81110464	-66.43630003
-7.758667286	-66.39172772
-7.871003299	-64.51965635
-7.845156985	-64.56422869
-7.826894606	-64.49736807
-7.88228212	-64.56422869
-7.824991916	-64.56422869
-8.444606635	-73.21141987
-8.530815944	-73.25599643
-8.461242881	-73.21141987
-8.547160303	-73.18914006
-8.481906775	-73.21141987
-9.003302051	-77.69102494
-8.975591368	-77.69102494
-9.045819739	-77.7356015
-9.005370803	-77.62416859
-9.016328997	-77.71331322
-9.045110142	-76.2201087
-9.028814963	-76.2201087
-9.03905334	-76.2201087
-9.055599529	-76.19782891
-9.068962432	-76.2201087
-9.885751821	-84.1541343
-9.775299337	-84.17642258
-9.825083527	-84.10956621
-9.852059064	-84.13184602
-9.848528325	-84.13184602
-10.36016553	-88.81202864
-10.41985661	-88.74517229
-10.38560627	-88.78974886
-10.40229105	-88.72288401
-10.38599843	-88.72288401
-10.453101	-85.89249294
-10.45301349	-85.87020466
-10.48596025	-85.91477273
-10.42857743	-85.89249294
-10.47930434	-85.89249294
-10.45768751	-85.20215862
-10.46426741	-85.24673518
-10.4364392	-85.2244469
-10.49625739	-85.2244469
-10.44894944	-85.20215862
-10.48039588	-85.09072571
-10.50156691	-85.09072571
-10.41387326	-85.09072571
-10.50574337	-85.04615762
-10.45754955	-85.09072571
-10.72357427	-89.50347442
-10.76303067	-89.45889786
-10.73058466	-89.41432977
-10.72413505	-89.43660958
-10.79570022	-89.43660958
-11.27765891	-94.00535929
-11.26403414	-93.96079121
-11.27134726	-93.98307949
-11.19656942	-93.93850292
-11.32729108	-93.98307949
-11.64673229	-96.85804712
-11.63226571	-96.81347056
-11.6480378	-96.76890249
-11.60464445	-96.83575884
-11.66687564	-96.81347056
-11.67660306	-95.03054384
-11.71819527	-95.05283213
-11.62812821	-95.00825556
-11.74063667	-95.07512041
-11.69089208	-95.03054384
-11.75200044	-93.55962761
-11.68664983	-93.55962761
-11.75119184	-93.60420417
-11.67857026	-93.51505954
-11.75890991	-93.60420417
-11.96111626	-96.94719177
-11.97322987	-96.99176833
-12.0010223	-96.96948005
-11.99548221	-96.96948005
-11.93408771	-96.99176833
-12.40232326	-101.2484991
-12.41893843	-101.203931
-12.40863619	-101.2707874
-12.37197091	-101.1816427
-12.42253176	-101.1816427
-12.91501752	-104.346341
-12.91580567	-104.4131974
-12.89797442	-104.3686208
-12.87301781	-104.346341
-12.95030192	-104.346341
-12.9849821	-101.5159415
-12.93612403	-101.5605181
-12.98555055	-101.4936532
-12.9523432	-101.5827978
-12.97297836	-101.5382298
-13.18626745	-104.1234752
-13.18518677	-104.145755
-13.18771603	-104.145755
-13.23004147	-104.145755
-13.2092658	-104.0788986
-13.32546979	-100.5389563
-13.2858716	-100.4720914
-13.30142908	-100.4943797
-13.27397005	-100.516668
-13.25901933	-100.516668
-13.04126061	-94.34328084
-13.12307437	-94.34328084
-13.13116033	-94.23184793
-13.12931959	-94.23184793
-13.10017056	-94.25413621
-13.06851526	-95.5021866
-13.09187	-95.5021866
-13.05651662	-95.52447488
-13.12033435	-95.47989832
-13.10860013	-95.52447488
-12.78804759	-87.0332847
-12.75017772	-87.05557299
-12.69043619	-87.0332847
-12.7297559	-87.0332847
-12.69949297	-86.98870814
-12.68381924	-87.05557299
-12.71605448	-87.01099642
-12.7276584	-87.05557299
-12.72109383	-87.01099642
-12.73119553	-87.05557299
-12.71923521	-87.36758346
-12.68742663	-87.38987174
-12.69672867	-87.36758346
-12.67194068	-87.34529518
-12.71823245	-87.36758346
-12.33790005	-80.74846462
-12.32825183	-80.7707529
-12.32748539	-80.74846462
-12.32808449	-80.7707529
-12.40509778	-80.74846462
-12.23452245	-78.34151694
-12.27457667	-78.31922866
-12.21739122	-78.34151694
-12.2249215	-78.29694038
-12.26702084	-78.31922866
-11.88077534	-73.08188143
-11.85321283	-73.08188143
-11.94216473	-73.05959315
-11.84808151	-73.05959315
-11.89536582	-73.03730487
-11.88750725	-74.35222011
-11.82980827	-74.37449991
-11.93665018	-74.37449991
-11.88945018	-74.37449991
-11.844515	-74.39678819
-11.39203876	-66.03932343
-11.39676132	-66.08389577
-11.34449003	-66.03932343
-11.3815449	-66.06160749
-11.31391796	-66.03932343
-11.32060772	-66.50733916
-11.36663635	-66.50733916
-11.38192557	-66.50733916
-11.34395096	-66.50733916
-11.38629429	-66.50733916
-11.36595677	-66.6633444
-11.3529426	-66.68563269
-11.34445681	-66.6633444
-11.39652628	-66.6633444
-11.34034358	-66.68563269
-10.63904028	-56.47837637
-10.71220667	-56.50066465
-10.69156833	-56.54523696
-10.67424548	-56.50066465
-10.67225209	-56.54523696
-10.29613128	-51.95419897
-10.33494003	-51.95419897
-10.29445405	-51.95419897
-10.32949638	-51.97648725
-10.36416316	-51.95419897
-10.27885825	-53.78170226
-10.25087931	-53.75941398
-10.29844018	-53.8039863
-10.34564721	-53.8039863
-10.24055343	-53.78170226
-9.960552013	-48.52206673
-9.912777177	-48.54435501
-9.990818139	-48.56663907
-9.935013553	-48.52206673
-9.965862174	-48.54435501
-9.793086522	-46.24883602
-9.723364641	-46.24883602
-9.821140825	-46.24883602
-9.774698319	-46.27112007
-9.758755703	-46.31569663
-9.825353697	-47.42946585
-9.722800029	-47.45175413
-9.768404559	-47.42946585
-9.719105782	-47.45175413
-9.755975438	-47.42946585
-9.25180976	-40.27547494
-9.241906062	-40.27547494
-9.2553405	-40.27547494
-9.173131375	-40.34233131
-9.247783389	-40.27547494
-8.754677459	-35.06041175
-8.765499609	-35.0381256
-8.746104814	-35.06041175
-8.734907746	-34.99355329
-8.791368916	-35.0381256
-8.75870894	-36.13016863
-8.716353481	-36.08559632
-8.728114522	-36.08559632
-8.793963959	-36.08559632
-8.735339508	-36.08559632
-8.300217411	-30.20193773
-8.291823602	-30.20193773
-8.234454838	-30.22422387
-8.260668405	-30.22422387
-8.246128377	-30.20193773
-7.551597221	-23.89483361
-7.603503815	-23.89483361
-7.608465883	-23.91711976
-7.586535444	-23.89483361
-7.601075473	-23.91711976
-7.570942836	-24.85315756
-7.563578614	-24.89772988
-7.580355373	-24.85315756
-7.630417398	-24.85315756
-7.541136576	-24.87544373
-7.531564364	-25.36435629
-7.641153324	-25.29749569
-7.574390545	-25.31978186
-7.536417214	-25.31978186
-7.558934619	-25.31978186
-6.87998202	-18.36636852
-6.919046252	-18.38865466
-6.865122641	-18.38865466
-6.922334923	-18.41094083
-6.896121356	-18.41094083
-6.355950825	-13.37417328
-6.270629949	-13.41874666
-6.279534718	-13.41874666
-6.276080623	-13.39645943
-6.28071376	-13.41874666
-5.510177184	-8.67170395
-5.523283967	-8.67170395
-5.518076638	-8.67170395
-5.485069208	-8.69399063
-5.491203292	-8.67170395
-5.46801589	-9.741460303
-5.5598892	-9.69688692
-5.476754598	-9.741460303
-5.5177509	-9.741460303
-5.502460398	-9.741460303
-4.804484408	-5.44014928
-4.878233299	-5.44014928
-4.806400831	-5.417862578
-4.857327018	-5.46243596
-4.832537754	-5.44014928
-3.799271192	-1.205698453
-3.804709412	-1.227985
-3.793832653	-1.183411884
-3.799271192	-1.205698453
-3.799271192	-1.205698453
-2.700745354	3.2961916
-2.650927792	3.273904898
-2.746856055	3.318478014
-2.661261655	3.2961916
-2.73006205	3.273904898
-2.684552367	3.095612169
-2.688587041	3.051039053
-2.651372009	3.073325756
-2.6840446	3.095612169
-2.773338835	3.028752373
-2.70703592	2.780814328
-2.708301826	2.803100763
-2.68730421	2.758527648
-2.684273255	2.803100763
-2.639839463	2.780814328
-2.779110776	2.270729972
-2.7135066	2.248443536
-2.624377629	2.315303354
-2.69821993	2.293016652
-2.63177714	2.270729972
-2.643525726	2.404449585
-2.668891578	2.449022701
-2.710628614	2.560455612
-2.675864436	2.515882496
-2.641248438	2.560455612
-1.855040373	5.925729629
-1.797584905	5.925729629
-1.859159995	5.903443482
-1.84991336	5.903443482
-1.812961472	5.948016331
-0.478535962	11.34136985
-0.418472718	11.36365602
-0.428548586	11.4082294
-0.530022011	11.4082294
-0.434093748	11.36365602
-0.467442724	10.56133941
-0.397309439	10.58362558
-0.437704006	10.60591279
-0.423178867	10.58362558
-0.389490022	10.56133941
0.571807229	16.46728417
0.524758037	16.42271079
0.578856093	16.46728417
0.535599627	16.40042464
0.532906864	16.40042464
1.577093975	22.15036202
1.559190707	22.1726503
1.487796228	22.12807587
1.569278989	22.12807587
1.524244659	22.12807587
1.613375387	21.32575926
1.513083359	21.32575926
1.494096374	21.32575926
1.611949327	21.30347311
1.528289393	21.34804543
2.641761794	29.43807625
2.660747661	29.43807625
2.695012693	29.43807625
2.628904582	29.41579009
2.736681867	29.43807625
3.561823868	35.00972224
3.576275756	35.00972224
3.600393426	35.07658072
3.580725906	35.03200841
3.532600423	35.00972224
4.002053019	37.5058188
3.906450653	37.46124649
3.9917958	37.46124649
3.950304823	37.46124649
3.88848048	37.46124649
4.999687408	44.16950995
5.061354631	44.21408227
4.987347704	44.19179401
5.043371045	44.21408227
5.012299199	44.16950995
4.957630862	42.72088199
5.07178877	42.69859371
5.035664798	42.74316603
5.022314031	42.72088199
5.083290498	42.67630543
5.077715915	42.40886727
5.074527839	42.40886727
4.980530529	42.38658324
5.049582093	42.38658324
5.06570642	42.43115555
6.108618964	51.81380486
6.146580159	51.81380486
6.213272042	51.76923255
6.148840522	51.74694852
6.173279139	51.76923255
6.98975748	57.8757591
7.107268888	57.85347082
7.111472179	57.85347082
7.066441841	57.8088985
7.140190732	57.8088985
7.743557536	62.77880757
7.806463199	62.8010916
7.78303884	62.82337989
7.797820297	62.82337989
7.785039251	62.73423101
8.415601306	67.25840841
8.431137708	67.28069669
8.342105979	67.32526901
8.392422846	67.25840841
8.407282864	67.32526901
8.432158991	63.93547773
8.514061539	64.00233832
8.430562877	63.95776601
8.510790112	64.0246266
8.504146344	63.95776601
9.350848018	73.13983775
9.290700266	73.13983775
9.223330082	73.09526119
9.356812208	73.11754947
9.289687286	73.09526119
9.324523956	71.20090154
9.287736054	71.15633348
9.315613438	71.15633348
9.337207919	71.17862176
9.297899703	71.17862176
10.33731344	80.78413267
10.35746829	80.78413267
10.43928653	80.73956458
10.30975669	80.73956458
10.28270514	80.73956458
11.08104502	86.13291281
11.111124	86.08834474
11.0469371	86.08834474
11.1279129	86.08834474
11.11431112	86.08834474
11.14441438	84.01568734
11.10335229	83.99340753
11.09771639	84.01568734
11.16986022	83.99340753
11.16928667	83.97111925
11.70178449	90.03306501
11.76790665	90.05535329
11.8078855	90.09992985
11.74311228	90.03306501
11.78529209	90.03306501
11.79288114	87.80524656
11.8889852	87.80524656
11.76768694	87.80524656
11.73416407	87.78295828
11.86991742	87.78295828
12.28702879	93.3100362
12.26124315	93.28774792
12.16565132	93.28774792
12.27997114	93.26545964
12.29047522	93.33231599
12.76298496	96.36329311
12.68233746	96.27414846
12.69543721	96.31872503
12.74676578	96.29643674
12.62379284	96.29643674
12.79194877	93.68890302
12.73021065	93.75576787
12.71804084	93.73347959
12.73768984	93.73347959
12.75532182	93.68890302
13.28213137	98.39137395
13.17612488	98.39137395
13.28405897	98.36908567
13.32589388	98.36908567
13.22450137	98.34679739
13.23695349	94.20233102
13.30348059	94.15775446
13.35983829	94.13547465
13.31641045	94.15775446
13.28927715	94.13547465
13.32523091	94.04632152
13.3337052	94.0686098
13.34638341	94.04632152
13.31666465	94.09089808
13.25230914	94.09089808
13.12797832	88.45239575
13.18804049	88.47467554
13.0847983	88.45239575
13.04616583	88.45239575
13.15250572	88.40781919
13.16183714	88.60839673
13.11900968	88.65297329
13.11312086	88.60839673
13.17107787	88.65297329
13.13496315	88.60839673
12.91663854	83.72763654
12.87632501	83.7722131
12.94276652	83.74992482
12.91429067	83.72763654
12.84793219	83.72763654
12.56804191	77.5096813
12.54193564	77.53196959
12.4778305	77.5096813
12.55469306	77.57653767
12.60014174	77.55424939
12.55725936	78.80229979
12.57162502	78.86916463
12.48544254	78.86916463
12.50140879	78.82458807
12.549784	78.82458807
12.09146109	71.02428368
12.05064554	71.02428368
12.07970516	71.02428368
12.11791992	71.04657196
12.07576565	71.09114428
11.80345803	66.09895118
11.75120334	66.05437461
11.64645637	66.0766629
11.73642891	66.09895118
11.77094303	66.0766629
11.77804922	66.52239456
11.74654465	66.54468284
11.71092302	66.50010628
11.7888867	66.54468284
11.77913118	66.54468284
11.75626313	67.10184744
11.73021307	67.10184744
11.71889146	67.12413148
11.66303066	67.10184744
11.72265851	67.10184744
11.07461202	57.87519914
11.10275319	57.8529151
11.12710813	57.89748742
11.16332376	58.00892033
11.12251587	58.05349266
10.85541877	54.37620631
10.85265703	54.35391802
10.82560293	54.39849459
10.86600588	54.42077862
10.8976714	54.30934571
10.60623979	50.76578054
10.60774776	50.81035286
10.56222307	50.76578054
10.55408538	50.78806458
10.56776955	50.81035286
10.19515073	46.06330963
10.20185965	46.01873732
10.15230667	46.01873732
10.14374424	46.01873732
10.12878331	46.01873732
10.07629486	47.77937575
10.10828675	47.71251938
10.20733651	47.77937575
10.13853691	47.75709172
10.08561414	47.75709172
10.12566453	48.22594313
10.14708018	48.15908678
10.13776025	48.18137081
10.09399646	48.24823141
10.12103842	48.20365909
9.337180455	37.28323295
9.368102526	37.32780526
9.327261428	37.28323295
9.286452265	37.32780526
9.380111383	37.30551698
8.826083594	31.37728819
8.786763243	31.37728819
8.758378731	31.37728819
8.757209908	31.37728819
8.77467391	31.37728819
8.719789054	32.69219495
8.76229333	32.7367694
8.784385359	32.71448323
8.76288349	32.71448323
8.784385359	32.71448323
8.291022671	27.45484772
8.303611469	27.41027541
8.345267549	27.41027541
8.377109989	27.43256155
8.332087954	27.43256155
7.643871635	21.50433065
7.719566009	21.57119124
7.719305419	21.54890296
7.664460163	21.57119124
7.668155687	21.57119124
7.713746804	22.23978875
7.667641532	22.21750047
7.595311197	22.19521433
7.660322657	22.19521433
7.714089787	22.23978875
7.715363995	22.395794
7.640019629	22.41808017
7.604148264	22.395794
7.608354749	22.395794
7.693190212	22.395794
7.693740134	22.88609801
7.629912824	22.97524477
7.602857449	22.88609801
7.594966298	22.93067244
7.696439284	22.93067244
7.115515796	16.9578671
7.1575238	17.00244048
7.099066051	17.00244048
7.041022818	16.98015431
7.047655728	17.00244048
6.510303785	12.16625154
6.514081062	12.18853875
6.490558342	12.18853875
6.500052633	12.16625154
6.51080772	12.21082492
5.663229748	7.151770667
5.652151479	7.196343516
5.561849374	7.174057369
5.531187254	7.151770667
5.622421224	7.196343516
5.52139469	8.221526486
5.56204801	8.221526486
5.631855476	8.199239805
5.560534927	8.221526486
5.537100348	8.199239805
4.775179209	3.184758667
4.794001409	3.184758667
4.850440863	3.184758667
4.859093346	3.207045102
4.813906207	3.207045102
4.799657425	3.474484063
4.791341858	3.496770743
4.803183055	3.519057423
4.834932883	3.519057423
4.882816618	3.474484063
4.878472173	3.741923268
4.840576764	3.675063472
4.766923359	3.786496383
4.791456504	3.697349885
4.78943278	3.741923268
4.805739137	3.875642614
4.838996299	3.786496383
4.813135294	3.831069499
4.773815582	3.831069499
4.838238799	3.808782819
4.79858824	4.544240126
4.832178804	4.544240126
4.843516386	4.521953446
4.858062802	4.544240126
4.735244108	4.499667277
4.776206879	4.187654957
4.854490228	4.187654957
4.840040894	4.143081575
4.809294466	4.143081575
4.77754368	4.143081575
4.746012607	3.407624512
4.751291471	3.385337832
4.791445327	3.429910947
4.812874385	3.452197627
4.728203707	3.452197627
4.340091921	3.385059173
4.271795302	3.273626239
4.307156026	3.295912942
4.301530347	3.362772737
4.293542113	3.295912942
4.234583303	3.340486057
4.314886863	3.340486057
4.35881161	3.318199622
4.286242399	3.318199622
4.313709418	3.295912942
4.314720481	3.340486057
4.331679271	3.295912942
4.292212338	3.385059173
4.29942934	3.340486057
4.277679335	3.362772737
4.340841437	3.318199622
4.348905357	3.318199622
4.251478861	3.362772737
4.341349524	3.318199622
4.339165166	3.318199622
4.311646094	3.296469992
4.335669875	3.341043353
4.335497425	3.296469992
4.282409235	3.296469992
4.272160958	3.296469992
4.334935369	2.538726227
4.24371545	2.494153112
4.291344024	2.516439547
4.352660919	2.516439547
4.318898544	2.56101293
3.053699842	-3.612371059
3.058267512	-3.590084357
3.058267512	-3.590084357
3.067402533	-3.545511242
3.058267512	-3.590084357
3.035430118	-3.701517268
3.035430118	-3.701517268
3.030862448	-3.723803971
3.030862448	-3.723803971
3.026295097	-3.746090384
3.049132491	-3.634657473
3.04456514	-3.656944153
3.039997469	-3.679230588
3.039997469	-3.679230588
3.049132491	-3.634657473
2.395979421	-6.821639294
2.378847065	-6.821639294
2.321556701	-6.821639294
2.353255273	-6.754779232
2.369118531	-6.777065912
2.347121348	-6.621059618
2.360557222	-6.621059618
2.305528978	-6.64334632
2.309655944	-6.621059618
2.333582962	-6.64334632
2.309578502	-6.598773449
2.368735789	-6.554200089
2.259668648	-6.64334632
2.3234356	-6.621059618
2.338459764	-6.64334632
1.105741004	-10.76636488
1.071641954	-10.76636488
1.086259346	-10.76636488
1.061417149	-10.7217915
1.145415515	-10.7217915
-0.130145043	-15.75855905
-0.076462567	-15.73627288
-0.119819473	-15.78084626
-0.141118516	-15.6916995
-0.155253508	-15.73627288
-1.569818692	-23.269137
-1.555848704	-23.22456468
-1.542551906	-23.17999237
-1.59483677	-23.269137
-1.515767819	-23.20227851
-1.602586449	-21.53078473
-1.639785195	-21.50849856
-1.556193762	-21.48621028
-1.535453383	-21.50849856
-1.636152902	-21.48621028
-1.569288889	-21.28563272
-1.587169484	-21.26334444
-1.67157558	-21.24105829
-1.607185735	-21.30791889
-1.578940141	-21.26334444
-2.369870601	-28.01618024
-2.424581731	-28.08304084
-2.405151328	-28.01618024
-2.399779852	-28.01618024
-2.428266077	-28.03846639
-2.474004096	-27.25843596
-2.428652651	-27.25843596
-2.410174392	-27.25843596
-2.428463436	-27.21386363
-2.43227233	-27.28072211
-3.333972708	-33.85526438
-3.233921151	-33.83297824
-3.23089754	-33.83297824
-3.301626333	-33.83297824
-3.273813459	-33.81069207
-3.867795509	-37.2651147
-3.803050386	-37.28739875
-3.770386577	-37.30968703
-3.796067149	-37.2651147
-3.826228527	-37.28739875
-4.861372231	-44.68654376
-4.847745864	-44.64197145
-4.850284701	-44.68654376
-4.868496941	-44.66425973
-4.833291102	-44.64197145
-4.881970978	-43.32706471
-4.864164313	-43.32706471
-4.797375666	-43.30477643
-4.860468469	-43.32706471
-4.896258081	-43.32706471
-5.583415114	-50.28047805
-5.586514091	-50.25818977
-5.687288977	-50.21361746
-5.621121467	-50.25818977
-5.592038855	-50.21361746
-5.687790357	-48.07410793
-5.692323857	-48.07410793
-5.649166829	-48.11868025
-5.627884034	-48.05181965
-5.650678634	-48.11868025
-6.597265483	-57.12245848
-6.555585132	-57.07788617
-6.519975634	-57.07788617
-6.554314117	-57.05559789
-6.565834367	-57.07788617
-7.292876682	-62.98383091
-7.359589643	-63.02840322
-7.317577806	-62.98383091
-7.301716943	-63.00611919
-7.40558889	-62.93925859
-7.923208804	-67.73087416
-7.901542788	-67.73087416
-7.997466101	-67.73087416
-8.000641723	-67.68630182
-7.974772415	-67.68630182
-7.945481586	-66.32681851
-8.051502763	-66.37139083
-7.997464185	-66.30453023
-7.972216334	-66.37139083
-8.052684359	-66.37139083
-8.02633922	-65.39078282
-8.039012964	-65.36849456
-8.013970136	-65.32392222
-8.085889787	-65.36849456
-8.024905336	-65.36849456
-7.996325381	-64.6107524
-8.076549423	-64.63303643
-8.041268217	-64.63303643
-8.047556229	-64.6107524
-7.995572353	-64.63303643
-8.598367519	-71.51958918
-8.61365866	-71.51958918
-8.616922422	-71.49730939
-8.562679461	-71.54187746
-8.659517394	-71.51958918
-9.088589714	-76.89065762
-9.19198072	-76.86836934
-9.145931015	-76.82380125
-9.103855307	-76.84608953
-9.138702835	-76.82380125
-9.945826123	-83.35376696
-9.968940713	-83.37605524
-9.990607367	-83.37605524
-9.98957842	-83.33147868
-9.995025901	-83.30919889
-10.05124117	-80.16678885
-9.995486405	-80.21135692
-10.05106106	-80.16678885
-10.0470596	-80.21135692
-10.06350742	-80.16678885
-10.58724418	-86.62989822
-10.53936715	-86.62989822
-10.55558313	-86.65218648
-10.54357236	-86.62989822
-10.59253071	-86.60760993
-10.82543687	-89.19285535
-10.88823651	-89.14827881
-10.84379824	-89.12599053
-10.88159657	-89.12599053
-10.85454375	-89.12599053
-10.88672789	-87.36535208
-10.89790388	-87.38764036
-10.88940661	-87.36535208
-10.88967614	-87.38764036
-10.91756438	-87.38764036
-11.39020441	-93.20444047
-11.36306345	-93.18215219
-11.40781979	-93.1598639
-11.40503761	-93.13757565
-11.36676153	-93.18215219
-11.40587814	-91.19864791
-11.44175525	-91.22093619
-11.43225649	-91.19864791
-11.35598153	-91.19864791
-11.44415677	-91.15407137
-11.96774981	-96.9485832
-11.92861021	-96.9485832
-12.01042398	-96.9485832
-11.94900777	-96.92629492
-11.91070359	-96.92629492
-12.21168378	-98.04062412
-12.14330445	-98.04062412
-12.18463224	-98.04062412
-12.18991685	-98.01834431
-12.12430821	-97.99605603
-12.20730357	-96.25769738
-12.19370307	-96.25769738
-12.25247889	-96.21312932
-12.18925644	-96.27998566
-12.19453722	-96.25769738
-12.39716767	-99.22181814
-12.4032877	-99.19952986
-12.44889223	-99.17724158
-12.40648887	-99.19952986
-12.43727298	-99.13267351
-12.63046344	-100.5367249
-12.58978712	-100.4921483
-12.62062361	-100.5144366
-12.57913231	-100.5144366
-12.62345178	-100.4698686
-12.84154774	-102.2082187
-12.84373337	-102.2082187
-12.83096957	-102.2082187
-12.85160983	-102.1636421
-12.82280059	-102.1859304
-12.94821209	-99.7121179
-12.92395294	-99.73440618
-12.86260827	-99.68983811
-12.9188114	-99.7121179
-12.87017049	-99.68983811
-13.14274253	-102.9882492
-13.20545659	-102.9213928
-13.16422077	-102.9436726
-13.08440486	-102.8991045
-13.19931101	-102.8991045
-13.2613672	-99.55639689
-13.18593916	-99.55639689
-13.27429706	-99.55639689
-13.19803488	-99.55639689
-13.2440699	-99.55639689
-13.20903331	-99.53410861
-13.29494754	-99.51182033
-13.24111143	-99.53410861
-13.21305713	-99.53410861
-13.27792999	-99.5786767
-13.25872808	-99.64554154
-13.24427556	-99.64554154
-13.22075348	-99.64554154
-13.242956	-99.69010961
-13.2522491	-99.62325326
-12.89713389	-89.28227998
-12.85480206	-89.28227998
-12.86939766	-89.23770341
-12.82019852	-89.28227998
-12.93551343	-89.25999169
-12.91316784	-89.97316579
-12.86066917	-89.95087751
-12.84818512	-90.01773386
-12.86226848	-89.97316579
-12.89042114	-89.99544558
-12.7504166	-87.23191085
-12.71060253	-87.23191085
-12.78837843	-87.23191085
-12.71228104	-87.23191085
-12.7214464	-87.25419914
-12.39616746	-81.10310027
-12.43144931	-81.10310027
-12.37019533	-81.08081199
-12.44203003	-81.10310027
-12.45580937	-81.10310027
-12.16669879	-77.51495856
-12.20289398	-77.49267876
-12.22252893	-77.44810219
-12.21850256	-77.44810219
-12.21311447	-77.44810219
-12.22981778	-78.65157602
-12.16858168	-78.62928776
-12.16960871	-78.6738643
-12.14968124	-78.65157602
-12.17867699	-78.6738643
-11.75125188	-70.96270457
-11.72144881	-70.98499285
-11.7663661	-70.96270457
-11.73445149	-70.96270457
-11.75689289	-70.98499285
-11.45406302	-67.68657756
-11.58267824	-67.70886585
-11.49978507	-67.73114988
-11.52085198	-67.70886585
-11.49279768	-67.70886585
-11.51067364	-68.55575689
-11.52343617	-68.55575689
-11.46808889	-68.57804092
-11.51722799	-68.55575689
-11.46154987	-68.57804092
-11.46792028	-69.09063321
-11.54692759	-69.02377261
-11.47051212	-69.06834492
-11.50730386	-69.06834492
-11.50301306	-69.04606089
-11.01637015	-60.7554525
-10.99083233	-60.7554525
-10.97262041	-60.77773653
-11.03695804	-60.77773653
-10.98077151	-60.80002482
-10.50770163	-54.60435363
-10.53616279	-54.58206535
-10.49164852	-54.58206535
-10.59683108	-54.62664189
-10.50743401	-54.58206535
-10.25863825	-51.26136603
-10.29045003	-51.39508722
-10.22130937	-51.37279894
-10.30331411	-51.41737126
-10.2486924	-51.37279894
-10.2758704	-52.70999399
-10.22227445	-52.70999399
-10.15810352	-52.70999399
-10.29089585	-52.68770571
-10.21717059	-52.73228227
-9.769325566	-46.46975047
-9.845665667	-46.44746219
-9.811131742	-46.42517816
-9.795001986	-46.42517816
-9.757294994	-46.44746219
-9.835410045	-47.31664151
-9.784938613	-47.33892555
-9.775526076	-47.33892555
-9.755943502	-47.31664151
-9.813476413	-47.29435323
-9.839278018	-47.73924921
-9.776767711	-47.6946769
-9.814234551	-47.6946769
-9.766683899	-47.6946769
-9.808466442	-47.76153749
-9.140695582	-38.69089866
-9.06123415	-38.69089866
-9.166325377	-38.71318269
-9.136835912	-38.69089866
-9.108439265	-38.69089866
-8.580397027	-33.2752579
-8.590292422	-33.23068347
-8.594685408	-33.2752579
-8.607018086	-33.25296962
-8.619881524	-33.2752579
-8.562036928	-34.56787849
-8.564576403	-34.61245294
-8.554378264	-34.54559235
-8.635467745	-34.61245294
-8.590038858	-34.63473911
-7.973282965	-27.10187286
-7.928183647	-27.12415903
-7.909108202	-27.10187286
-7.968075635	-27.10187286
-7.956149171	-27.10187286
-7.471354018	-22.77827516
-7.466720881	-22.75598899
-7.523172471	-22.75598899
-7.486822718	-22.82284959
-7.467912059	-22.80056344
-7.518821001	-23.51373327
-7.452946016	-23.46916095
-7.497993599	-23.51373327
-7.44339552	-23.51373327
-7.504609903	-23.49144712
-6.946088853	-18.25409987
-6.981393691	-18.29867221
-6.906131717	-18.29867221
-6.980403704	-18.34324664
-6.953174602	-18.29867221
-6.926735573	-19.59129492
-6.924779871	-19.52443432
-7.005601737	-19.56900875
-6.914452075	-19.54672049
-6.945556176	-19.59129492
-6.49373588	-14.8442517
-6.435543191	-14.86653891
-6.433715229	-14.91111229
-6.482240539	-14.86653891
-6.46249382	-14.8442517
-5.926833156	-11.03324626
-5.898776298	-11.03324626
-5.912377436	-11.03324626
-5.876793486	-11.07781964
-5.852052763	-10.98867287
-5.26838286	-7.623399124
-5.316616284	-7.667971973
-5.295788563	-7.667971973
-5.262692673	-7.667971973
-5.295877662	-7.690258653
-4.623386163	-4.43641728
-4.627992155	-4.458703983
-4.585319262	-4.458703983
-4.555524818	-4.525563511
-4.553328325	-4.480990663
-4.588468378	-4.72614321
-4.570065485	-4.703856507
-4.6115571	-4.703856507
-4.567296716	-4.72614321
-4.547382657	-4.703856507
-4.625606607	-5.795899029
-4.542853948	-5.773612326
-4.539665871	-5.773612326
-4.60734359	-5.729039478
-4.542853948	-5.773612326
-4.578272474	-5.885045237
-4.532653892	-5.862758557
-4.598427004	-5.885045237
-4.553507481	-5.90733194
-4.540286689	-5.840472389
-3.932527858	0.355198169
-4.008885842	0.332911578
-3.95437271	0.355198169
-3.937476513	0.37748476
-3.895321288	0.332911578
-2.4783982	3.230167492
-2.547185661	3.207880812
-2.495962318	3.163307697
-2.514690948	3.185594377
-2.521324178	3.163307697
-2.519173032	2.851295621
-2.479617001	2.829008918
-2.563607143	2.873582034
-2.472813877	2.806722505
-2.470205422	2.829008918
-2.525409469	2.64960211
-2.473669577	2.64960211
-2.487025933	2.671888523
-2.494074318	2.671888523
-2.491051026	2.671888523
-2.513288041	2.003291011
-2.537896713	2.02557758
-2.509342625	1.981004465
-2.488175275	2.02557758
-2.535377037	1.981004465
-2.461461445	3.073047097
-2.479280246	3.073047097
-2.462986184	3.073047097
-2.456512949	3.050760417
-2.489529162	3.073047097
-2.421329944	3.073047097
-2.488941237	3.095333777
-2.433763696	3.073047097
-2.417549632	3.050760417
-2.456009334	3.095333777
-2.345685229	2.920941182
-2.32443357	2.943227617
-2.303342864	2.920941182
-2.340312476	2.920941182
-2.335693869	2.898654502
-2.342326939	2.876368066
-2.327379738	2.876368066
-2.378696491	2.898654502
-2.258578545	2.898654502
-2.34224758	2.898654502
-2.347149131	2.873582034
-2.347234398	2.895868736
-2.362685534	2.851295621
-2.298681304	2.895868736
-2.350256412	2.895868736
-2.324364431	2.204984656
-2.374512201	2.227271202
-2.328728515	2.160411407
-2.371570344	2.204984656
-2.374427254	2.204984656
-1.689444359	5.25824673
-1.767812017	5.280533432
-1.657943944	5.280533432
-1.721194027	5.25824673
-1.718510046	5.21367337
-0.454137583	10.94132511
-0.518653811	10.94132511
-0.416164053	10.94132511
-0.456580455	10.91903897
-0.542254812	10.91903897
0.745296949	16.84726988
0.652222043	16.80269756
0.689869516	16.89184326
0.671115498	16.78041032
0.652984093	16.86955709
1.662997506	23.04294108
1.795298834	23.06522722
1.715740798	23.04294108
1.656021135	23.02065491
1.775888551	23.04294108
-0.21975822	3.210666845
-0.179943634	3.210666845
-0.214293274	3.232953258
-0.196652452	3.232953258
-0.170782426	3.232953258
-0.269068434	3.700971627
-0.234871223	3.678684947
-0.301830104	3.656398512
-0.268818662	3.678684947
-0.281582044	3.678684947
-0.281505958	3.611825129
-0.295107256	3.611825129
-0.354238556	3.611825129
-0.247901423	3.611825129
-0.268399314	3.611825129
-0.435992726	3.278083691
-0.418945077	3.300370104
-0.350813083	3.278083691
-0.416676052	3.278083691
-0.409699561	3.300370104
-0.064391442	6.531925063
-0.131506734	6.554211744
-0.094710739	6.509638361
-0.078171097	6.531925063
-0.108489776	6.509638361
0.436443609	11.47954638
0.377142175	11.52411977
0.51481945	11.5018336
0.454663713	11.45726022
0.386464695	11.45726022
0.483097964	10.03091843
0.383300411	10.03091843
0.488973335	10.07549181
0.454116506	10.09777796
0.395153664	10.05320564
1.134015101	17.31863159
1.136792333	17.29634543
1.091169599	17.27405821
1.170807314	17.31863159
1.12880833	17.31863159
1.675137616	22.82341805
1.691431678	22.82341805
1.703856169	22.7788436
1.667487575	22.80113188
1.689840194	22.80113188
1.671769586	21.8650941
1.671341816	21.88738024
1.715694492	21.84280793
1.709065414	21.90966852
1.703520052	21.8650941
2.359950935	27.88247177
2.433362113	27.83789943
2.375907124	27.83789943
2.339458532	27.83789943
2.427811961	27.83789943
3.151282181	32.20606947
3.142388269	32.25064179
3.108359236	32.22835564
3.193374813	32.22835564
3.155142809	32.20606947
3.99063017	38.49088531
3.937464058	38.46860127
4.044217186	38.44631299
4.045655221	38.46860127
3.940312984	38.42402471
3.975024469	37.01997331
4.036438446	36.99768503
4.048359162	37.04225735
4.058692706	37.01997331
3.980989936	36.99768503
4.525438487	41.61100706
4.498476362	41.67786766
4.590285163	41.61100706
4.486791007	41.61100706
4.451096243	41.63329535
5.014403399	45.08771586
5.06278564	45.13228818
5.064137132	45.08771586
4.989122016	45.10999989
5.084206395	45.10999989
5.10025759	43.48308266
5.034738362	43.48308266
5.080188966	43.46079437
5.053052475	43.48308266
5.088498147	43.48308266
5.734614168	50.43649602
5.858679286	50.41420774
5.857072953	50.39192368
5.807353272	50.39192368
5.78878304	50.3696354
6.51194333	54.51494173
6.440803533	54.53722577
6.525881064	54.47036517
6.518069112	54.53722577
6.478518189	54.51494173
7.320511998	59.99743884
7.256012137	59.95286652
7.251291497	59.90829421
7.304288992	59.84143359
7.328981174	59.79686128
7.221872928	57.99164628
7.378357872	57.96936225
7.342654485	57.94707397
7.255053446	57.96936225
7.312341096	58.01393456
8.263044373	67.21829459
8.368453035	67.151434
8.334087726	67.0845734
8.287224316	67.0845734
8.309555859	67.04000108
8.387363056	63.33764359
8.428775792	63.31535531
8.366949533	63.31535531
8.370896066	63.29306703
8.306730246	63.33764359
8.872143519	70.29105694
8.874907817	70.26876865
8.868455659	70.33562925
8.783187795	70.26876865
8.860639236	70.31334097
9.192204904	72.98773106
9.209680402	72.98773106
9.137182727	72.96544278
9.128281151	72.96544278
9.132741839	72.98773106
9.674354557	77.17761393
9.700471041	77.19989372
9.724912852	77.17761393
9.678467791	77.15532565
9.710638523	77.17761393
9.72881787	75.10495653
9.790994137	75.14953309
9.709166317	75.14953309
9.683639353	75.14953309
9.715553327	75.14953309
10.00424427	78.98282045
10.02118965	78.93825236
10.055044	78.91596408
10.08653387	78.8936758
10.10494251	78.91596408
10.61901317	83.32870432
10.61035877	83.30642452
10.55013182	83.28413623
10.58676835	83.32870432
10.52712006	83.28413623
11.16487708	87.22885651
11.15244413	87.22885651
11.08692745	87.18428844
11.12849922	87.20657672
11.18057252	87.16200016
11.20706967	85.02248641
11.13979018	85.04477467
11.19833096	85.02248641
11.20976243	85.02248641
11.27367724	85.00019813
11.73488708	89.81410195
11.64416088	89.81410195
11.78628719	89.81410195
11.75294061	89.83639023
11.77604115	89.76953388
11.86111229	87.91974232
11.74737241	87.91974232
11.69907639	87.85288595
11.77156513	87.91974232
11.81205494	87.91974232
12.21880147	92.75593442
12.19838603	92.73364614
12.1303516	92.73364614
12.17662804	92.71135786
12.22762193	92.73364614
12.38197042	94.04855291
12.38347136	94.00398484
12.36593519	94.07084119
12.2588212	94.00398484
12.36416471	94.04855291
12.74600317	96.70065469
12.83186503	96.74523126
12.74558035	96.67837491
12.72618939	96.70065469
12.76129368	96.70065469
12.8067743	94.47199631
12.71428145	94.49428459
12.82625851	94.47199631
12.83994204	94.44971651
12.84053476	94.42742822
13.11482619	98.14928265
13.15135989	98.12700287
13.15195516	98.10471458
13.03611778	98.12700287
13.09315123	98.10471458
13.11370335	94.65057404
13.13251182	94.65057404
13.16242602	94.69514213
13.21911968	94.67285385
13.19963036	94.71743041
13.28759482	94.05106426
13.25272557	94.02877598
13.19552223	94.0064877
13.19838872	94.05106426
13.12933748	94.05106426
13.43580922	98.48609278
13.45429067	98.44151622
13.38440145	98.44151622
13.46160252	98.41922794
13.41270485	98.41922794
13.70588395	100.4918853
13.67757927	100.5141736
13.68589388	100.4918853
13.62608464	100.4918853
13.68321262	100.4918853
14.04371719	102.9656978
14.02758105	102.9211213
14.05639029	102.898833
14.05849034	102.9211213
14.01456815	102.898833
14.01228671	101.1381946
14.08889123	101.1381946
14.05017062	101.2050509
14.10679147	101.1604829
14.04361883	101.1604829
14.32408522	104.347461
14.35985503	104.3028929
14.37229693	104.347461
14.39748474	104.3028929
14.43050942	104.3251727
14.44544608	100.8930404
14.49431948	100.8484724
14.47776818	100.8261841
14.49785022	100.8484724
14.49062268	100.8484724
14.77381377	103.9240176
14.86528214	103.9463059
14.86301476	103.9240176
14.89400197	103.9017293
14.9149271	103.879441
15.30392029	105.8183772
15.28854676	105.7960889
15.17615198	105.7960889
15.25040481	105.7069443
15.18454324	105.7069443
15.62135853	106.3086855
15.58347079	106.2863972
15.54491496	106.3086855
15.57742484	106.2863972
15.46746991	106.3086855
15.92539044	107.6458805
15.92924819	107.6458805
15.86355651	107.6013039
15.96477019	107.5790157
15.93184259	107.5790157
15.96306613	106.4869747
15.8665533	106.509263
16.00069584	106.4869747
15.99691856	106.509263
15.98859373	106.4869747
15.97871303	103.366853
15.97449888	103.3222764
16.0230606	103.366853
16.06673625	103.366853
16.06051402	103.366853
16.30468687	106.3755418
16.3114175	106.3755418
16.3011523	106.3755418
16.31862333	106.3309652
16.36314334	106.3755418
16.43317819	106.5538311
16.34228337	106.5538311
16.42729319	106.509263
16.38126329	106.5538311
16.4616502	106.5315513
16.47435269	105.8629538
16.48039863	105.8629538
16.35616106	105.8406655
16.4443644	105.8406655
16.32784872	105.8183772
16.46147264	104.5444242
16.49322375	104.5444242
16.52531592	104.5444242
16.45366644	104.566704
16.50457091	104.5221359
16.53523878	103.8089619
16.51398281	103.8312501
16.56984615	103.8089619
16.54355339	103.7866736
16.43721222	103.8312501
16.8781663	107.9096916
16.79139365	107.8874118
16.8139794	107.9096916
16.84405711	107.8651235
16.86320409	107.9096916
17.21057058	108.7120103
17.19275721	108.7120103
17.18544664	108.689722
17.17830213	108.6674422
17.09674128	108.645154
17.23378481	105.7701863
17.20548396	105.747898
17.2269852	105.747898
17.17709754	105.747898
17.18598698	105.747898
17.48541385	107.5753928
17.47693445	107.5976811
17.54925329	107.5753928
17.49145085	107.5308248
17.46853043	107.553113
17.658475	108.0434128
17.68527617	108.0657011
17.72566762	108.0434128
17.70979974	108.0657011
17.75827203	108.0434128
17.97987319	108.7342986
17.90711875	108.689722
17.9945697	108.7565869
17.96163061	108.7120103
18.03294796	108.689722
18.02539341	107.0850931
18.05360739	107.0405165
18.06260668	107.0628048
18.09360029	107.0405165
18.00984743	107.0628048
18.10431897	105.9484756
18.06264756	105.9484756
18.04862296	105.9261873
18.11314837	105.9707639
17.95177673	105.9484756
18.17769039	108.2217106
18.19601728	108.2217106
18.21506973	108.2439904
18.21692068	108.1994223
18.24597647	108.1994223
18.36293412	108.5782891
18.40064431	108.6005774
18.38905444	108.5560093
18.42919936	108.5560093
18.48145404	108.5114328
18.65754774	109.4697525
18.77363166	109.4251844
18.74766846	109.4028961
18.80462782	109.4028961
18.77143963	109.3806078
19.04287479	109.5366173
19.04254778	109.5366173
19.07707212	109.5143291
18.99482276	109.4920408
18.94930637	109.4920408
19.11065247	106.1267649
19.05589152	106.1267649
19.06454209	106.1490532
19.01734464	106.1936297
19.09041714	106.1044851
19.15822164	103.9649713
19.14453939	103.942683
19.09640305	103.9649713
19.05735159	103.9872596
19.10119075	103.9872596
19.1342959	104.0318277
19.03071648	103.9649713
19.11195031	103.9872596
19.07136597	103.9649713
19.19847003	104.0318277
19.45592147	107.9988447
19.42803961	108.0434128
19.43803145	107.9765564
19.3399142	107.9765564
19.33227789	107.9542682
19.66282483	109.5366173
19.62746634	109.4697525
19.63888632	109.5589056
19.64376855	109.5143291
19.69692891	109.4920408
19.89450468	109.8709161
19.90274393	109.9154842
19.92373803	109.8263395
19.88501486	109.8486278
19.94398868	109.8040512
20.26785737	110.2720712
20.23887056	110.2497829
20.23147951	110.2497829
20.23039116	110.2720712
20.15664291	110.2720712
20.28886808	107.9319799
20.28895238	107.9096916
20.2636726	107.9319799
20.20781181	107.9096916
20.27216221	107.9096916
20.45553966	110.0937819
20.56424147	110.0937819
20.489714	110.0714936
20.56758187	110.0492053
20.51600166	110.0046373
20.57870421	104.6781369
20.63381389	104.6335688
20.54871975	104.6112806
20.61407292	104.6112806
20.56897807	104.6781369
20.68161172	103.72288
20.67279126	103.7897449
20.62649693	103.7674566
20.65228896	103.7451683
20.68429426	103.7674566
20.63463271	103.6114471
20.62287294	103.6114471
20.69445217	103.6114471
20.64648061	103.5891589
20.60431101	103.6337354
20.28632477	95.90028738
20.30255033	95.92257566
20.3122803	95.87800757
20.29640858	95.94486394
20.31354365	95.90028738
19.91639425	89.90519799
19.99460446	89.92748627
19.92479189	89.8606299
19.9443438	89.74919699
19.926289	89.72690871
20.06888411	91.33153766
20.0801508	91.33153766
20.0456124	91.30925786
19.98118791	91.33153766
20.01815337	91.28696957
19.92331649	91.26468129
19.98992662	91.24239301
19.98715338	91.22010473
20.01982038	91.24239301
20.00101958	91.28696957
19.5367989	82.21632651
19.43315178	82.26090308
19.502272	82.23861479
19.48993613	82.21632651
19.55923136	82.23861479
19.17795367	75.82008199
19.20088687	75.79779371
19.15023916	75.86465008
19.16417561	75.82008199
19.13797482	75.82008199
19.12399876	77.20184511
19.13878214	77.20184511
19.13930204	77.24642167
19.10854348	77.20184511
19.06721952	77.20184511
18.75826579	72.12050735
18.79935342	72.14279564
18.86360164	72.07593081
18.78841375	72.05364253
18.83384966	72.03136272
18.62252394	68.3094998
18.59807957	68.33178808
18.58280184	68.33178808
18.5842287	68.35407212
18.56271469	68.3094998
18.57662305	68.77751977
18.56764802	68.79980381
18.60409613	68.79980381
18.5723412	68.75523149
18.60510784	68.75523149
18.01159236	59.50629915
17.987125	59.3502939
17.92297387	59.57315974
17.95532791	59.68459266
17.90191206	59.77373731
17.67365437	55.00441003
17.65895786	55.07127062
17.61073593	55.07127062
17.60788732	55.11584294
17.62166538	55.11584294
17.57923647	56.74276443
17.58387344	56.80962077
17.57967079	56.80962077
17.50179525	56.83190906
17.54615815	56.83190906
17.06068406	49.70020218
17.09041431	49.70020218
17.02322041	49.70020218
17.10202079	49.74477452
17.10555153	49.74477452
16.87349612	46.95895152
16.86097885	46.93666748
16.82796184	46.95895152
16.9229699	46.93666748
16.87173841	46.93666748
16.8676801	47.49383208
16.80467225	47.49383208
16.8182753	47.49383208
16.76873254	47.49383208
16.78207628	47.4715438
16.76580985	48.13846989
16.83091647	48.16075818
16.76573959	48.16075818
16.8026118	48.18304223
16.73489927	48.13846989
16.76082926	48.71792278
16.74966093	48.69563449
16.80064843	48.67334621
16.75192832	48.67334621
16.76561057	48.69563449
16.14737992	39.22383631
16.13175857	39.22383631
16.18300283	39.22383631
16.14747061	39.24612459
16.16048734	39.22383631
15.8187708	35.43511704
15.81003337	35.43511704
15.77869614	35.41283087
15.76709988	35.41283087
15.80600189	35.47968935
15.31712607	30.46520797
15.3523977	30.46520797
15.29385181	30.48749625
15.33820704	30.53206856
15.3247726	30.53206856
15.27056221	31.84697744
15.24318365	31.84697744
15.24871736	31.84697744
15.19319764	31.86926361
15.25813054	31.84697744
14.92691552	27.16679481
14.88861006	27.16679481
14.90574258	27.16679481
14.84198489	27.14450865
14.89322915	27.14450865
14.58331353	24.38097181
14.56056044	24.40325798
14.55904544	24.44783029
14.53040353	24.42554413
14.59263984	24.40325798
14.59507584	25.250149
14.56080826	25.250149
14.59088341	25.250149
14.57383904	25.22786074
14.60903402	25.250149
14.540541	25.87417208
14.48989839	25.89645825
14.53222894	25.89645825
14.51056037	25.89645825
14.54256312	25.87417208
14.58203357	25.87417208
14.59623573	25.89645825
14.6143825	25.89645825
14.57011796	25.91874653
14.57069279	25.89645825
13.93893445	19.09905013
13.90483421	19.09905013
13.91969933	19.12133842
13.87349442	19.12133842
13.94589885	19.12133842
12.95518287	11.03130759
12.93745381	10.96444804
12.92754117	11.00902142
12.9266176	11.03130759
12.94317146	11.05359376
12.28698408	7.554600371
12.2426429	7.599173753
12.32058869	7.554600371
12.29186886	7.599173753
12.30748127	7.554600371
12.28678864	8.802649186
12.29845387	8.780362505
12.2919008	8.780362505
12.31332922	8.802649186
12.31165199	8.802649186
11.54853073	3.743594687
11.60052738	3.765881367
11.57760057	3.743594687
11.62035266	3.765881367
11.56465921	3.743594687
11.59507415	4.612771608
11.58817874	4.612771608
11.55147003	4.590484928
11.5435808	4.635057776
11.56777352	4.635057776
10.94244945	3.321263779
10.97008987	3.343550482
11.01796179	3.298977366
10.9051557	3.276690664
10.99376652	3.298977366
10.97881964	3.298977366
10.9287557	3.298977366
10.98704866	3.298977366
10.94832933	3.321263779
10.97571172	3.321263779
11.03046373	3.276690664
11.04355838	3.276690664
10.95897392	3.25440425
11.0080351	3.25440425
11.02692788	3.232117548
11.02944181	3.232117548
10.99626767	3.298977366
11.05717165	3.276690664
11.07086795	3.298977366
10.94276369	3.232117548
11.02200222	2.429800423
10.95025693	2.429800423
11.00518522	2.429800423
10.98200931	2.429800423
11.03501	2.452087125
7.717344607	-8.780351363
7.757704763	-8.847210914
7.680525409	-8.824924211
7.742641639	-8.758064683
7.797647209	-8.780351363
6.811832621	-10.74157054
6.758072517	-10.74157054
6.767802488	-10.78614392
6.832837581	-10.74157054
6.789086561	-10.71928439
6.711125437	-9.850107181
6.780341467	-9.850107181
6.779210327	-9.916966732
6.775540351	-9.87239335
6.851742493	-9.850107181
5.041913529	-15.62233286
5.091812366	-15.62233286
5.00406762	-15.55547224
5.044453963	-15.57775948
5.065967649	-15.57775948
3.767648147	-20.32480166
3.773058264	-20.28022932
3.861322594	-20.30251549
3.755911377	-20.28022932
3.79834316	-20.25794104
2.896416202	-23.95751568
2.870710722	-23.95751568
2.839710729	-23.97980185
2.881555865	-23.9352274
2.863750477	-23.9352274
2.81396501	-22.28602188
2.895372884	-22.2637336
2.881504769	-22.28602188
2.854783115	-22.28602188
2.773477433	-22.28602188
1.958853081	-27.85766789
1.971986051	-27.81309344
2.029097579	-27.81309344
1.932588896	-27.79080729
2.029936193	-27.81309344
0.730542556	-33.40702559
0.721397874	-33.38473944
0.80700904	-33.36245327
0.710653885	-33.38473944
0.719568395	-33.3401671
-0.237999062	-38.2432156
-0.226988156	-38.22092732
-0.206655827	-38.22092732
-0.266459819	-38.22092732
-0.234977407	-38.2432156
-1.416639185	-44.03772743
-1.534063889	-44.03772743
-1.460963759	-43.99315511
-1.397551126	-44.01543915
-1.472316829	-44.01543915
-1.462312695	-42.05422315
-1.496894045	-42.00964659
-1.554184728	-42.00964659
-1.481185193	-41.98736255
-1.542856727	-42.03193487
-2.457987231	-49.20821406
-2.416737364	-49.18593003
-2.503670322	-49.16364174
-2.441490701	-49.11906941
-2.458813391	-49.16364174
-2.500713455	-47.35842673
-2.494503206	-47.35842673
-2.551666947	-47.29157038
-2.518494253	-47.31385441
-2.50508217	-47.35842673
-3.708728297	-54.89129298
-3.692076723	-54.84672064
-3.731115726	-54.82443236
-3.70068737	-54.77986004
-3.72414622	-54.80214832
-4.653609495	-59.68290851
-4.610595217	-59.68290851
-4.601259643	-59.66062448
-4.634103246	-59.6383362
-4.706911969	-59.61604792
-6.046258112	-66.72547076
-6.098097642	-66.74775479
-6.094911801	-66.74775479
-6.140263406	-66.74775479
-6.089083016	-66.68089844
-6.156121075	-65.81171912
-6.149809431	-65.78943509
-6.103709269	-65.81171912
-6.13972562	-65.78943509
-6.060844127	-65.76714681
-6.159718878	-65.43284803
-6.131068027	-65.41055975
-6.122405325	-65.38827571
-6.10315296	-65.36598743
-6.106112701	-65.38827571
-6.146242286	-63.13565763
-6.178931643	-63.15794591
-6.242190508	-63.18022995
-6.192965821	-63.18022995
-6.185890929	-63.13565763
-6.183706572	-63.13565763
-6.126658435	-63.11336935
-6.234798821	-63.18022995
-6.243156224	-63.09108532
-6.174486923	-63.18022995
-7.229501573	-72.40687826
-7.213182762	-72.36230169
-7.204788953	-72.36230169
-7.22216226	-72.34001341
-7.144883269	-72.34001341
-8.132461949	-77.17620554
-8.086437792	-77.17620554
-8.099900332	-77.2207821
-8.158651246	-77.13162897
-8.10539891	-77.13162897
-9.20474963	-83.66160316
-9.208179455	-83.63931488
-9.175477324	-83.57245853
-9.218480425	-83.57245853
-9.200380915	-83.50559368
-9.247344602	-80.67520261
-9.302806843	-80.71977068
-9.224521898	-80.71977068
-9.248945825	-80.6974824
-9.22130987	-80.67520261
-10.20376234	-88.23035287
-10.19801978	-88.18577631
-10.17249409	-88.18577631
-10.24130391	-88.20806459
-10.18017575	-88.09663168
-10.22398425	-86.06855084
-10.24086256	-86.04626256
-10.21030327	-86.09083912
-10.24179123	-86.06855084
-10.25926673	-86.06855084
-10.62549087	-90.43672299
-10.70152951	-90.45901128
-10.69051702	-90.43672299
-10.67690439	-90.43672299
-10.67304153	-90.43672299
-11.10864967	-93.17796943
-11.08302116	-93.15568963
-11.11191344	-93.15568963
-11.12297829	-93.11111306
-11.12005432	-93.13340135
-11.16736674	-91.06074397
-11.17449208	-91.03846416
-11.14646588	-91.08303222
-11.17146975	-91.03846416
-11.11091451	-91.06074397
-11.65515676	-95.6963585
-11.67227905	-95.65178194
-11.65520658	-95.62949366
-11.60262999	-95.62949366
-11.65377333	-95.60721387
-12.19642394	-98.88333663
-12.17815198	-98.7719037
-12.2147917	-98.81648026
-12.12364268	-98.79419198
-12.20123847	-98.74961542
-12.56046436	-100.6216953
-12.53834231	-100.5548304
-12.47973127	-100.599407
-12.58293003	-100.5325422
-12.53649136	-100.5548304
-12.85375842	-101.9143137
-12.87557773	-101.8697372
-12.83096063	-101.8474574
-12.81205252	-101.8251691
-12.78877443	-101.8028808
-12.85425406	-98.90562491
-12.8622391	-98.9279132
-12.89087845	-98.90562491
-12.87558795	-98.90562491
-12.92867805	-98.90562491
-12.92367575	-98.28160394
-12.83967762	-98.28160394
-12.91309758	-98.28160394
-12.94105097	-98.25931566
-12.85402923	-98.25931566
-13.11263289	-100.755408
-13.13558014	-100.7776963
-13.17603929	-100.7331282
-13.15554466	-100.7331282
-13.14337868	-100.755408
-13.30337329	-101.936602
-13.31864974	-101.936602
-13.25717093	-101.936602
-13.33779033	-101.8920255
-13.25724885	-101.9143137
-13.50497926	-103.0286429
-13.53082238	-102.9840664
-13.47725325	-103.0286429
-13.44735821	-103.0286429
-13.52450819	-102.9617866
-13.64628931	-104.0092509
-13.63854442	-103.9646829
-13.71836289	-104.0092509
-13.69969749	-103.9646829
-13.69139182	-103.9869627
-13.80044108	-99.39982745
-13.79380114	-99.37754764
-13.79396465	-99.37754764
-13.76968124	-99.35525936
-13.79447306	-99.37754764
-13.77244043	-99.33297108
-13.73992799	-99.3106828
-13.79353417	-99.35525936
-13.79962865	-99.28839452
-13.77294755	-99.33297108
-14.35184828	-106.4869662
-14.34337399	-106.5092545
-14.33418181	-106.4423897
-14.28203825	-106.464678
-14.36281988	-106.4201014
-14.99406982	-109.2059244
-14.96860736	-109.1836446
-15.06350173	-109.139068
-14.99656075	-109.1613563
-15.02940148	-109.139068
-15.12963283	-104.7708959
-15.14089696	-104.7708959
-15.07427023	-104.7486076
-15.10264771	-104.7040395
-15.07780097	-104.7486076
-15.76108587	-108.7156246
-15.76408394	-108.6710481
-15.75107104	-108.6487598
-15.78708101	-108.62648
-15.72752214	-108.6041917
-15.86381327	-104.9029457
-15.79333261	-104.8806574
-15.78157157	-104.8806574
-15.88385315	-104.8360893
-15.82894147	-104.8806574
-15.99544955	-107.599624
-15.93907652	-107.5773358
-15.9713322	-107.5773358
-16.04710386	-107.5773358
-15.98083224	-107.599624
-16.28942191	-109.8059941
-16.27484165	-109.8951388
-16.33040864	-109.8059941
-16.32673483	-109.8505707
-16.24693041	-109.8505707
-16.36105862	-107.4881911
-16.3794596	-107.5104794
-16.35037699	-107.4659028
-16.32248619	-107.4659028
-16.34566337	-107.4659028
-16.53469971	-109.3602625
-16.58343132	-109.404839
-16.6011425	-109.3825508
-16.56359199	-109.3602625
-16.57686165	-109.3602625
-17.13377061	-110.7197458
-17.07396521	-110.7197458
-17.04640526	-110.7197458
-17.10873353	-110.7197458
-17.03883793	-110.6751692
-17.1277285	-108.6248086
-17.17317847	-108.6470884
-17.10404419	-108.6248086
-17.0951522	-108.6693767
-17.20449909	-108.6248086
-17.43609336	-111.7672101
-17.35204541	-111.6780655
-17.38567302	-111.7226421
-17.47207266	-111.6557772
-17.40607058	-111.7003538
-17.73659197	-112.2352301
-17.84653924	-112.2129418
-17.8393117	-112.2129418
-17.80544905	-112.190662
-17.81157419	-112.1683737
-17.87786625	-108.1567886
-17.9090042	-108.0899238
-17.95968001	-108.1567886
-17.93968995	-108.1567886
-17.9055897	-108.1567886
-18.0751495	-108.9813872
-18.09244807	-108.9813872
-18.0983369	-108.9813872
-18.09975226	-108.9591073
-18.10126343	-108.9591073
-18.15537673	-107.5773358
-18.08832334	-107.5327592
-18.08221992	-107.599624
-18.18340676	-107.5327592
-18.14386606	-107.599624
-18.29816218	-110.2517258
-18.28588379	-110.2071493
-18.309913	-110.2071493
-18.28504581	-110.2071493
-18.25185763	-110.1848695
-18.516147	-111.366055
-18.49054403	-111.3883433
-18.53739659	-111.3437667
-18.49246269	-111.366055
-18.46952822	-111.3437667
-18.8368886	-112.1237972
-18.87962281	-112.1015089
-18.90173464	-112.1237972
-18.83626651	-112.0569408
-18.88851353	-112.0569408
-19.35356835	-112.7478266
-19.36508796	-112.7701064
-19.26392922	-112.7255383
-19.35078489	-112.7255383
-19.39000241	-112.7032501
-19.39341052	-109.2711178
-19.39719674	-109.2934061
-19.5097563	-109.2934061
-19.4269155	-109.2488295
-19.40684879	-109.2711178
-19.78027428	-111.3214785
-19.79017798	-111.3214785
-19.76990944	-111.2546221
-19.7684877	-111.2769104
-19.82718687	-111.2546221
-20.07517532	-112.8369713
-20.13104378	-112.8592596
-20.06476449	-112.8369713
-20.05224851	-112.8592596
-20.08986928	-112.814683
-20.33871997	-113.3718476
-20.36432294	-113.3495593
-20.36466656	-113.3495593
-20.36498335	-113.3049912
-20.38832404	-113.3049912
-20.72982087	-113.5278571
-20.68563809	-113.5278571
-20.70537523	-113.5055688
-20.70268374	-113.5055688
-20.6592508	-113.4832805
-20.77879136	-110.6974575
-20.70993683	-110.7420341
-20.73410273	-110.6974575
-20.8203593	-110.6751692
-20.77003349	-110.6528809
-20.85922936	-108.3573662
-20.81128719	-108.3796545
-20.80571388	-108.3350779
-20.87341875	-108.3350779
-20.81612854	-108.3350779
-20.86000219	-107.1538924
-20.81002384	-107.1761806
-20.8687524	-107.1984604
-20.90883344	-107.2207487
-20.83556294	-107.1761806
-20.89317632	-106.2409722
-20.89197046	-106.1964041
-20.88778441	-106.1964041
-20.84780045	-106.1964041
-20.88762857	-106.2409722
-20.90031445	-106.4192699
-20.88049172	-106.4192699
-20.86000603	-106.4192699
-20.90905315	-106.4192699
-20.93929182	-106.4192699
-20.63154267	-100.1790264
-20.69757158	-100.1790264
-20.71219145	-100.1790264
-20.69126122	-100.1567381
-20.7026186	-100.1790264
-20.40744292	-94.31764974
-20.37838713	-94.31764974
-20.35999765	-94.33993802
-20.39487073	-94.3622263
-20.35723974	-94.3622263
-20.2224751	-91.041527
-20.17163706	-91.01923872
-20.20348908	-91.041527
-20.17802662	-91.01923872
-20.12510513	-91.01923872
-20.18536019	-91.44268211
-20.1417599	-91.42039383
-20.17815819	-91.48725867
-20.23254231	-91.39811404
-20.18168893	-91.48725867
-19.68620129	-82.77320265
-19.64611897	-82.75091436
-19.71695219	-82.77320265
-19.67149456	-82.75091436
-19.66410223	-82.75091436
-19.61417625	-83.53094481
-19.6830461	-83.53094481
-19.65784807	-83.53094481
-19.59813208	-83.55323309
-19.651295	-83.53094481
-19.23439696	-77.5581437
-19.2415453	-77.58043198
-19.29738821	-77.5581437
-19.27329641	-77.58043198
-19.2551458	-77.58043198
-18.87839523	-71.56305431
-18.7884393	-71.58533409
-18.85120062	-71.60762238
-18.93452811	-71.60762238
-18.85247419	-71.62991066
-18.60263606	-69.17838641
-18.58718078	-69.17838641
-18.63740695	-69.17838641
-18.63323112	-69.22295875
-18.60199864	-69.26753106
-18.60480637	-69.49039691
-18.60246489	-69.53497347
-18.64117656	-69.51268519
-18.6253917	-69.51268519
-18.57229521	-69.51268519
-18.00004847	-60.75405683
-18.00519002	-60.77634511
-17.98495597	-60.79862914
-18.06225029	-60.8432057
-18.05826352	-60.93235036
-17.66660055	-57.27735228
-17.72453968	-57.23277572
-17.76287068	-57.27735228
-17.69556948	-57.255064
-17.73613593	-57.23277572
-17.61122773	-59.35000118
-17.69731696	-59.32771715
-17.74564236	-59.39457775
-17.67960451	-59.35000118
-17.69899675	-59.32771715
-17.17709243	-51.95085615
-17.14282612	-51.95085615
-17.16079661	-51.95085615
-17.20137584	-51.97314443
-17.15173089	-51.95085615
-16.68741824	-46.15634432
-16.69481056	-46.15634432
-16.64601891	-46.1786326
-16.66214612	-46.1786326
-16.69422807	-46.1786326
-16.61042411	-47.2929618
-16.66605113	-47.33753412
-16.71777825	-47.2929618
-16.63127769	-47.33753412
-16.6796363	-47.2929618
-16.61331487	-48.07187655
-16.65815423	-48.02730423
-16.65867541	-48.07187655
-16.6237142	-48.02730423
-16.6322102	-48.04959251
-15.87135505	-38.13206266
-15.90164609	-38.06520204
-15.84564861	-38.13206266
-15.84555919	-38.10977438
-15.88051147	-38.15434669
-15.45949253	-34.09818926
-15.42261138	-34.07590309
-15.45034761	-34.12047541
-15.50057761	-34.12047541
-15.45212831	-34.14276158
-15.42584831	-35.59138953
-15.39676953	-35.54681722
-15.40333666	-35.59138953
-15.47960778	-35.59138953
-15.40510969	-35.61367782
-14.83492724	-29.12828017
-14.90034683	-29.10599402
-14.90984304	-29.12828017
-14.86314888	-29.12828017
-14.84535339	-29.17285462
-14.34007957	-24.24751998
-14.33379603	-24.26980615
-14.24602446	-24.2920923
-14.3031205	-24.24751998
-14.30852135	-24.2920923
-14.30622586	-25.29498859
-14.32923954	-25.29498859
-14.28699713	-25.31727475
-14.26170201	-25.29498859
-14.29967279	-25.29498859
-13.51836516	-17.7621234
-13.44521345	-17.78440957
-13.48334518	-17.78440957
-13.48888655	-17.78440957
-13.43186588	-17.80669679
-13.48721699	-18.85416539
-13.4095305	-18.87645156
-13.4265736	-18.85416539
-13.46464657	-18.92102599
-13.49091123	-18.85416539
-12.51524688	-12.19047742
-12.54281705	-12.2350508
-12.57716	-12.21276359
-12.54584066	-12.2350508
-12.49526831	-12.2350508
-11.51078989	-6.975416339
-11.57331233	-7.019989722
-11.5757394	-6.997703042
-11.4993201	-7.042276424
-11.5776044	-7.042276424
-10.99920442	-4.434745883
-10.99920442	-4.434745883
-11.00909151	-4.479319266
-10.98365205	-4.501605412
-10.95583918	-4.479319266
-10.92046025	-5.682794698
-10.93222001	-5.682794698
-10.93996873	-5.727367547
-10.85990628	-5.705081378
-10.93157365	-5.727367547
-10.92087668	-6.017093454
-10.97990671	-5.994806752
-10.96061538	-6.039380134
-10.90272863	-6.017093454
-10.90154576	-6.017093454
-10.25881006	-2.67410585
-10.25452566	-2.65181917
-10.26309511	-2.696392286
-10.26309511	-2.696392286
-10.25881006	-2.67410585
-10.01885584	-1.426057036
-10.01028575	-1.38148392
-10.01457079	-1.403770489
-10.01028575	-1.38148392
-10.02314088	-1.448343605
-9.363265643	1.98379023
-9.366213249	1.961503661
-9.406196571	1.961503661
-9.456424658	1.961503661
-9.386879059	1.961503661
-8.774070977	3.254125592
-8.738860028	3.276412272
-8.703500901	3.298698707
-8.746689864	3.254125592
-8.738282004	3.254125592
-8.732632054	2.630101195
-8.719782029	2.563241377
-8.707435938	2.630101195
-8.707352907	2.60781476
-8.718947246	2.60781476
-8.840292137	1.404339061
-8.79358968	1.359765945
-8.772174035	1.382052514
-8.77712269	1.404339061
-8.719666424	1.404339061
-8.742900451	1.916930546
-8.810261693	1.916930546
-8.7978281	1.916930546
-8.772300497	1.916930546
-8.794389334	1.894643999
-8.086716905	2.943506276
-8.18877558	3.010366072
-8.117202743	3.054939187
-8.091420938	2.988079392
-8.097301458	2.988079392
-8.155101984	3.032652774
-8.039944829	3.010366072
-8.119830359	2.988079392
-8.0730404	3.010366072
-8.115033076	3.054939187
-8.068794954	3.011759099
-8.092976175	3.011759099
-8.017633725	3.034045512
-8.0991984	3.011759099
-8.056019017	3.011759099
-8.096248879	2.209441974
-8.084827627	2.164868725
-8.014439581	2.120295609
-8.067436437	2.187155405
-8.037620596	2.164868725
-8.095403877	2.254015089
-8.074900297	2.343161587
-8.067763452	2.276301769
-8.040043828	2.320874885
-8.077258381	2.298588205
-7.051528172	5.418709964
-7.051857103	5.418709964
-7.073356418	5.418709964
-7.032040127	5.374137093
-7.077900138	5.374137093
-5.523991009	10.12117874
-5.596816338	10.09889259
-5.526018246	10.07660642
-5.548262925	10.09889259
-5.556252437	10.03203304
-5.537776093	9.207429235
-5.512815657	9.229715381
-5.541299168	9.252002617
-5.58715854	9.252002617
-5.520880535	9.229715381
-5.552591402	8.761697545
-5.543028771	8.761697545
-5.515970202	8.806270928
-5.615597342	8.761697545
-5.505893416	8.761697545
-4.431972257	13.39730681
-4.493710694	13.37502064
-4.49211458	13.35273343
-4.457677099	13.39730681
-4.480769973	13.37502064
-3.305162821	17.38660576
-3.240983588	17.34203238
-3.245273104	17.36431855
-3.328598039	17.36431855
-3.228385849	17.34203238
-2.093635283	21.68791625
-2.081379249	21.68791625
-2.07809441	21.6656301
-2.057185893	21.68791625
-2.069792893	21.64334393
-2.000151649	20.06099478
-2.067017259	20.06099478
-2.080868448	20.08328306
-1.967893255	20.06099478
-2.079192656	20.08328306
-1.249983886	24.78575186
-1.197142314	24.76346569
-1.269800064	24.83032418
-1.251659678	24.78575186
-1.227301697	24.78575186
-0.378651665	28.99791665
-0.382182365	28.99791665
-0.470545374	28.9533422
-0.375049152	28.97562837
-0.409322847	28.93105606
0.505502159	32.58605625
0.529357762	32.5414818
0.491976906	32.51919565
0.516665815	32.51919565
0.48726493	32.51919565
1.086545484	35.81761092
1.124260061	35.79532264
1.099651948	35.81761092
1.110315381	35.79532264
1.104600205	35.79532264
2.010585788	39.98520128
2.039383699	39.96291722
2.008556635	39.94062894
2.015454127	39.94062894
2.047195013	39.89605663
2.940569604	43.95221406
3.000869048	43.95221406
2.997428046	43.88535346
2.912421731	43.92992578
3.016909705	43.88535346
3.030472521	41.79041627
2.988811969	41.83498859
3.052067322	41.81270031
3.018712119	41.79041627
3.006536881	41.81270031
4.068932361	49.23413362
4.066667207	49.21184959
4.07489687	49.21184959
4.077246651	49.21184959
4.014749756	49.21184959
4.083233196	46.93861462
4.126320286	46.91633059
4.151021729	46.91633059
4.091297116	46.93861462
4.139176699	46.93861462
4.153824988	46.42602659
4.086285548	46.42602659
4.147614259	46.42602659
4.141470594	46.44831062
4.117879533	46.4705989
5.503375656	54.85035194
5.458688301	54.80577961
5.518150727	54.80577961
5.503286877	54.78349557
5.376191761	54.76120729
6.582680107	59.59739517
6.471206979	59.57511113
6.489026099	59.57511113
6.551424634	59.59739517
6.522029697	59.55282285
8.115082256	66.32794269
8.161361893	66.26108632
8.037048958	66.30565863
8.152051548	66.32794269
8.111128696	66.30565863
8.196583061	62.13444548
8.28041768	62.13444548
8.235138248	62.1121572
8.158117931	62.13444548
8.235052662	62.13444548
8.246365973	61.84471904
8.24856055	61.88929136
8.177159524	61.88929136
8.262668817	61.88929136
8.269974279	61.91157964
8.806027744	68.61983888
8.783850767	68.66441544
8.738832564	68.61983888
8.726728541	68.61983888
8.77485594	68.59755485
9.140373677	70.75935263
9.152985467	70.75935263
9.032698265	70.80392494
9.145664676	70.73706435
9.129959018	70.75935263
9.482399352	72.14112424
9.386384066	72.11883596
9.519522571	72.14112424
9.479613976	72.11883596
9.468374116	72.11883596
9.479662518	70.09075512
9.510834321	70.1130434
9.502519072	70.13532743
9.556270873	70.09075512
9.511587988	70.13532743
10.77822281	77.95791587
10.78284062	77.93563607
10.78771902	77.93563607
10.74923345	77.84648294
10.72748185	77.86877122
11.86789529	82.66038678
11.88041639	82.59353041
11.83740115	82.59353041
11.82488517	82.57124213
11.86612098	82.54895387
13.32428691	87.96459886
13.34025316	87.96459886
13.29547894	87.94231057
13.33429152	87.94231057
13.36695086	87.92002229
13.34036429	84.91133347
13.35322007	84.93362175
13.44166994	84.95591003
13.43663059	84.91133347
13.3070126	84.93362175
13.83164546	89.10120784
13.69052574	89.10120784
13.75377886	89.07892806
13.77561094	89.07892806
13.80408934	89.05663977
13.99981032	90.21553704
14.00275601	90.19325726
13.9167447	90.23782532
14.05634686	90.19325726
13.99510054	90.17096898
14.36993884	91.44129918
14.41889145	91.41901937
14.44738262	91.44129918
14.29726616	91.37444281
14.42141942	91.41901937
14.36711068	89.23492906
14.43027182	89.19036097
14.46395819	89.21264078
14.41102904	89.16807269
14.40810123	89.19036097
14.45964313	88.96749515
14.44175566	88.94520686
14.34019837	88.96749515
14.46124882	88.98977493
14.43855577	88.94520686
14.53818674	91.664165
14.67401035	91.64188521
14.66778812	91.64188521
14.56279717	91.64188521
14.58362649	91.64188521
14.85001591	93.44709174
14.97577359	93.51395658
14.95669048	93.4916683
14.95871772	93.44709174
14.88260627	93.44709174
15.20388055	94.49456457
15.26612196	94.42770822
15.1791807	94.449988
15.20799378	94.42770822
15.19177972	94.449988
15.56291994	95.49746086
15.50379283	95.45288429
15.54326328	95.45288429
15.57854512	95.45288429
15.52838538	95.43060449
15.76181783	96.29977956
15.71898015	96.29977956
15.63112427	96.29977956
15.7521645	96.27749128
15.77365934	96.23291472
16.11774419	97.28038757
16.11876867	97.32496413
15.97637538	97.25809929
16.08280597	97.28038757
16.11497095	97.25809929
16.0616739	95.20773864
16.16339726	95.18545036
16.14709122	95.18545036
16.11282747	95.18545036
16.08417917	95.20773864
16.18925571	93.4916683
16.15432387	93.44709174
16.17286153	93.38023536
16.2049652	93.51395658
16.14490559	93.4916683
16.47501694	97.70383095
16.49543876	97.68154267
16.37682943	97.68154267
16.50989129	97.68154267
16.50710655	97.65926289
16.6864423	98.70672724
16.69232729	98.66215916
16.62311254	98.66215916
16.71591835	98.63987087
16.70786561	98.68443896
17.01788087	100.1776435
17.07484023	100.22222
17.03738041	100.2667881
16.9932896	100.1999318
17.05165282	100.1776435
17.45300999	101.358829
17.46334417	101.3365492
17.33608938	101.314261
17.43319621	101.314261
17.46493454	101.2696844
17.47063047	98.52843796
17.44264898	98.50614968
17.52598669	98.50614968
17.44903599	98.50614968
17.40821917	98.50614968
17.69271193	100.1999318
17.66708852	100.1776435
17.53328194	100.1999318
17.68322466	100.1330669
17.64389729	100.1776435
17.93537105	101.4256939
17.84708086	101.358829
18.0131444	101.3811173
17.95181761	101.3811173
17.8794234	101.3365492
18.19742242	102.4508784
18.15903393	102.4731582
18.22975346	102.4285902
18.23806552	102.4063019
18.16197707	102.4508784
18.48734286	103.5206311
18.4287165	103.4314864
18.46617887	103.4760545
18.55605687	103.4314864
18.47993138	103.3423418
18.51559261	99.62047888
18.59917686	99.64276716
18.60698306	99.62047888
18.54037421	99.64276716
18.50400274	99.66505545
18.72679954	102.8297453
18.79340456	102.807457
18.76937535	102.807457
18.85741518	102.807457
18.7839058	102.7406006
19.1173831	104.3898062
19.12754228	104.3675179
19.14905373	104.3675179
19.0585779	104.3006615
19.17399117	104.3452381
19.80558217	105.2812695
19.82263038	105.2589812
19.81120402	105.2589812
19.92275571	105.2589812
19.8434482	105.2144131
19.90228023	103.008043
19.91554733	102.9634665
19.86557153	103.0303228
19.84977645	102.9857548
19.8716213	102.9857548
20.00801207	98.77359209
20.0112158	98.77359209
19.88395462	98.75130381
19.95930857	98.77359209
19.93350888	98.75130381
19.98861728	98.1264429
19.90992037	98.14873118
19.95250768	98.1264429
19.88874743	98.14873118
19.98727856	98.17101097
19.94269979	98.37159703
19.9180076	98.41616509
19.88415134	98.34930875
20.05215526	98.39387681
20.00670912	98.41616509
19.59309145	89.14494447
19.58655243	89.14494447
19.51682927	89.14494447
19.49004088	89.12266466
19.60982286	89.16723275
19.49912448	89.34553051
19.53273932	89.3900986
19.50711719	89.36781031
19.56641163	89.41238688
19.60463534	89.3900986
19.06443479	81.79037175
19.04402318	81.76809196
19.17001845	81.76809196
19.13456927	81.81266003
19.1273545	81.81266003
18.8686742	78.44738417
18.79518398	78.46967245
18.8953949	78.44738417
18.87144744	78.46967245
18.91495958	78.46967245
18.40615119	72.34086184
18.35417498	72.36315013
18.38827139	72.40772669
18.44295953	72.4300065
18.48916444	72.4300065
18.3654059	73.7894898
18.41284733	73.76720152
18.44385243	73.7894898
18.39437865	73.81177808
18.3782489	73.81177808
17.98526127	67.57153456
17.93594716	67.59382285
17.91646678	67.59382285
18.03137804	67.59382285
18.00204889	67.57153456
17.9962201	68.06183857
17.97605886	68.10641513
17.95682247	68.03955454
17.99572575	68.06183857
17.88181981	68.06183857
17.42945981	61.01928057
17.50876476	61.06385291
17.50060855	61.04156463
17.52673142	61.10842522
17.55707099	61.21985814
17.0542319	54.9350423
16.95813039	54.9350423
17.0276811	54.97961464
17.03422906	54.9350423
17.06639277	54.91275402
16.68152814	50.56687015
16.60181569	50.58915843
16.70571191	50.56687015
16.70361697	50.58915843
16.70285181	50.56687015
16.27976476	48.24906712
16.36938217	48.22677884
16.3877857	48.29363943
16.40021099	48.24906712
16.41206529	48.2713554
16.06260002	43.88089497
16.06631087	43.88089497
16.01221417	43.92547153
16.06730597	43.92547153
16.12224831	43.92547153
16.10883942	44.9283678
15.98434509	44.97294013
16.05489856	44.9283678
16.05683255	44.95065185
16.08807653	44.95065185
16.03756039	45.30723889
16.02847934	45.30723889
16.00101519	45.28495061
16.06822314	45.32952292
16.03519592	45.30723889
15.96187942	46.19870225
16.00698194	46.22098628
16.01581389	46.24327456
16.06939963	46.19870225
16.04175665	46.22098628
15.41024996	37.61836741
15.38185076	37.52921854
15.41905892	37.59607913
15.45107445	37.5737951
15.39899094	37.5737951
14.98580247	34.20851921
15.09206316	34.23080538
15.06375465	34.20851921
15.10910754	34.20851921
15.11700699	34.20851921
14.337664	26.8539465
14.27364828	26.80937418
14.23333858	26.80937418
14.30339897	26.8539465
14.22341827	26.80937418
13.87215315	23.15437399
13.86780104	23.15437399
13.89056179	23.17666016
13.79538384	23.15437399
13.90492107	23.15437399
13.91999569	24.35784996
13.8793296	24.35784996
13.8554013	24.33556167
13.85312625	24.35784996
13.82970253	24.3801361
13.9085259	24.78129334
13.84207672	24.75900719
13.87282762	24.71443486
13.85544473	24.78129334
13.74792069	24.78129334
13.22781623	18.318184
13.2110184	18.27361166
13.18204308	18.29589783
13.12206012	18.25132552
13.21868025	18.34047228
12.67292556	13.6825758
12.65705001	13.66028859
12.65050715	13.66028859
12.62093657	13.70486197
12.57961262	13.70486197
11.93861738	9.559557775
11.89032392	9.581843921
11.93131575	9.626417304
11.93787393	9.581843921
11.98885633	9.60413009
11.09210859	5.25824673
11.2062764	5.280533432
11.14604306	5.302819579
11.2099566	5.280533432
11.19719407	5.280533432
11.1548763	6.2834297
11.16286389	6.350289251
11.12354929	6.305715869
11.06248309	6.2834297
11.15153206	6.328002549
10.59991154	2.806722505
10.60864002	2.762149123
10.62048984	2.829008918
10.65611339	2.829008918
10.53859432	2.806722505
10.57917611	4.033877378
10.543474	4.011590943
10.54676203	4.078450494
10.53744147	4.011590943
10.54650527	4.056164058
10.65110789	6.330231286
10.74987981	6.285657903
10.67033088	6.307944583
10.73895675	6.285657903
10.70318374	6.374804668
10.52876471	3.477548487
10.48072034	3.477548487
10.51161942	3.477548487
10.52506152	3.432975372
10.60166733	3.432975372
10.46665934	2.920383886
10.45020129	2.920383886
10.48245825	2.920383886
10.41591902	2.831237655
10.47515343	2.898097451
10.45147678	2.942670567
10.40450607	2.920383886
10.38830606	2.942670567
10.41710828	2.875810771
10.37922884	2.898097451
10.36015275	3.917708623
10.3840951	3.939995303
10.38695265	3.939995303
10.34074199	3.895421921
10.35469505	3.939995303
10.3986594	4.185147583
10.35505592	4.162861148
10.32968927	4.207434264
10.35396757	4.185147583
10.34598892	4.162861148
10.39359961	4.096001352
10.3984697	4.051428237
10.39511141	4.096001352
10.42577928	4.07371465
10.36663429	4.07371465
10.30847418	3.360544023
10.30410546	3.360544023
10.3196457	3.33825732
10.3172908	3.382830703
10.29620537	3.360544023
7.529714047	-6.289546894
7.544495505	-6.289546894
7.562328037	-6.244973512
7.5596225	-6.289546894
7.546249378	-6.311833575
7.514215967	-5.842700592
7.519016443	-5.820414423
7.544557459	-5.820414423
7.487355395	-5.798127743
7.48195901	-5.842700592
4.858618791	-10.61202998
4.892490064	-10.58974277
4.862504329	-10.5674566
4.830004027	-10.54517046
4.856383018	-10.54517046
4.895557426	-9.943432472
4.875059594	-9.943432472
4.884635319	-9.943432472
4.93655309	-9.943432472
4.896154611	-9.921145236
3.155375935	-15.42593169
3.117161495	-15.40364554
3.105158706	-15.38135831
3.146828838	-15.38135831
3.139843365	-15.40364554
1.288126472	-21.68846138
1.288126472	-21.68846138
1.29619119	-21.68846138
1.273508921	-21.68846138
1.267196719	-21.71074966
1.178781097	-20.41812693
1.209883202	-20.37355461
1.163324931	-20.41812693
1.216868196	-20.35126633
1.153507697	-20.39584078
0.270012673	-25.90062617
0.252778204	-25.92291232
0.215909587	-25.90062617
0.212048819	-25.90062617
0.223567872	-25.87834
-1.433970817	-33.29977332
-1.395756696	-33.32205948
-1.42089006	-33.34434563
-1.409181233	-33.27748503
-1.41431128	-33.29977332
-2.533204655	-38.38111532
-2.526386362	-38.35882704
-2.532940073	-38.35882704
-2.511843938	-38.33653875
-2.519820037	-38.31425472
-3.778381518	-44.06419423
-3.738707965	-44.01961767
-3.794079831	-44.04190595
-3.813308883	-44.01961767
-3.796264507	-44.04190595
-3.817866015	-42.48184506
-3.80305869	-42.43727275
-3.815175167	-42.48184506
-3.791031949	-42.41498447
-3.812419172	-42.50413334
-3.815239357	-42.25897922
-3.797764816	-42.25897922
-3.773493858	-42.2812675
-3.813410756	-42.30355155
-3.815406058	-42.25897922
-4.680936638	-48.6998003
-4.686219653	-48.67751627
-4.672706336	-48.6998003
-4.699999308	-48.67751627
-4.686295978	-48.65522798
-5.951779541	-54.60574506
-5.901207194	-54.60574506
-5.946303957	-54.58346101
-5.943282901	-54.58346101
-5.938825407	-54.56117272
-7.114162388	-60.44483345
-7.099864427	-60.40025689
-7.117098497	-60.42254517
-7.143208594	-60.40025689
-7.066932364	-60.40025689
-8.547270799	-66.43992284
-8.517527131	-66.43992284
-8.540285964	-66.41763456
-8.55447343	-66.39535053
-8.550104715	-66.39535053
-8.601352808	-64.30040907
-8.608654438	-64.27812504
-8.61210981	-64.30040907
-8.593022869	-64.27812504
-8.597058821	-64.27812504
-8.677041434	-62.71472135
-8.650067173	-62.69243307
-8.667973795	-62.71472135
-8.649062497	-62.69243307
-8.642345278	-62.69243307
-8.656900636	-62.5587161
-8.642446193	-62.5587161
-8.637763237	-62.60328842
-8.643284807	-62.5587161
-8.603396012	-62.58100014
-8.689387524	-62.53642782
-8.664952739	-62.5587161
-8.675707826	-62.5587161
-8.682262176	-62.5587161
-8.65612653	-62.53642782
-9.531286166	-70.44816514
-9.505072599	-70.44816514
-9.542208593	-70.44816514
-9.511704232	-70.42587686
-9.510356573	-70.42587686
-10.91965293	-77.31242961
-10.93529983	-77.35700617
-10.97745665	-77.31242961
-10.98417195	-77.31242961
-10.94250438	-77.31242961
-11.02663791	-74.77176073
-11.00109498	-74.77176073
-11.05647163	-74.79404901
-11.03084056	-74.77176073
-11.02226919	-74.77176073
-11.83403137	-80.9228596
-11.83955613	-80.87828304
-11.84944833	-80.83371497
-11.79510637	-80.85600325
-11.79172892	-80.81142669
-12.98726738	-86.13791854
-12.98675641	-86.13791854
-12.95911216	-86.11563029
-12.98553905	-86.04877392
-12.93297268	-86.09335048
-13.43369129	-87.63112306
-13.42227387	-87.63112306
-13.42702325	-87.56425824
-13.41125117	-87.60883478
-13.4133461	-87.58654652
-13.510794	-84.77843524
-13.52449541	-84.80072352
-13.5147284	-84.75615543
-13.49677195	-84.80072352
-13.48407202	-84.77843524
-13.93490808	-89.16889567
-13.95928985	-89.21347224
-13.93951823	-89.14660739
-13.96961765	-89.19118396
-13.95135463	-89.12431911
-14.06453629	-86.38307267
-14.05579886	-86.38307267
-14.03788585	-86.36078439
-14.07184814	-86.40536095
-14.08317741	-86.38307267
-14.01605377	-86.71737143
-14.01284366	-86.67279486
-14.04081749	-86.69508315
-14.01360116	-86.69508315
-14.07963007	-86.69508315
-14.53168094	-91.37526579
-14.51447305	-91.39755408
-14.53251891	-91.37526579
-14.51941149	-91.37526579
-14.4693501	-91.37526579
-14.74521785	-92.75703738
-14.76050835	-92.75703738
-14.74707136	-92.75703738
-14.72101108	-92.71246082
-14.71656828	-92.7347491
-14.94256369	-93.55935611
-14.91695433	-93.58163592
-14.91685853	-93.55935611
-14.91813465	-93.58163592
-14.94955491	-93.58163592
-15.14761738	-94.31709827
-15.11093933	-94.38395462
-15.13040566	-94.33938655
-15.15586812	-94.36166634
-15.15618747	-94.31709827
-15.23441557	-91.73185283
-15.24283109	-91.7764294
-15.25912819	-91.7764294
-15.23593695	-91.7764294
-15.24283109	-91.7764294
-15.55636942	-94.71825338
-15.53241686	-94.69596509
-15.51761305	-94.65139703
-15.56332999	-94.69596509
-15.53635764	-94.67368531
-15.83275707	-95.94401551
-15.87349087	-95.92172723
-15.84166312	-95.94401551
-15.81871715	-95.92172723
-15.8628054	-95.89944742
-16.04581879	-97.12520953
-15.98153992	-97.10292127
-15.98228848	-97.08063299
-16.01379943	-97.10292127
-16.03933725	-97.10292127
-16.031494	-95.09712872
-16.03265133	-95.05255215
-16.01913769	-95.07484044
-15.99553897	-95.09712872
-16.03485868	-95.09712872
-16.23765647	-97.50407638
-16.25904785	-97.43722003
-16.28458056	-97.43722003
-16.27414546	-97.39264347
-16.21272414	-97.37035519
-16.39110439	-97.81608685
-16.39353274	-97.79380707
-16.39034562	-97.79380707
-16.38880763	-97.74923051
-16.39871516	-97.74923051
-16.54411928	-98.77441505
-16.52103279	-98.79670334
-16.55941106	-98.77441505
-16.54371689	-98.79670334
-16.53696966	-98.75212677
-16.73236874	-99.28700309
-16.71976972	-99.28700309
-16.76093017	-99.28700309
-16.73940339	-99.24243503
-16.71278233	-99.26471481
-16.77521408	-96.47889183
-16.75706603	-96.47889183
-16.77252387	-96.47889183
-16.78646927	-96.47889183
-16.81678202	-96.45661202
-17.2381267	-99.39843603
-17.25382469	-99.37614774
-17.20651483	-99.35386794
-17.21155929	-99.35386794
-17.22801606	-99.35386794
-17.26325319	-98.70755021
-17.21971806	-98.66298214
-17.21133447	-98.70755021
-17.2481262	-98.70755021
-17.22702991	-98.68527042
-17.63952602	-101.5156615
-17.61727751	-101.5379498
-17.59594362	-101.5379498
-17.61096331	-101.5156615
-17.65791678	-101.4933732
-17.86576414	-102.7637119
-17.82786873	-102.7414236
-17.81435509	-102.7637119
-17.83382526	-102.7191353
-17.8512273	-102.7414236
-17.96585881	-100.4236206
-17.96998482	-100.4459089
-17.95283186	-100.4013323
-17.98376671	-100.4459089
-17.97575356	-100.379044
-17.9553394	-99.48758066
-17.94047938	-99.50986894
-17.93954049	-99.48758066
-17.97071421	-99.50986894
-17.95375159	-99.50986894
-18.29963885	-103.5883189
-18.29883664	-103.6774635
-18.29754008	-103.6105987
-18.27906246	-103.6105987
-18.27609506	-103.5437423
-18.34096792	-101.4933732
-18.36230436	-101.4933732
-18.36098353	-101.5379498
-18.37961316	-101.4933732
-18.38231998	-101.5379498
-19.0035257	-105.438102
-18.99176466	-105.438102
-19.02116407	-105.438102
-18.98588861	-105.438102
-18.98562036	-105.4158137
-19.04459418	-102.9642895
-19.04145688	-102.8974331
-19.03612372	-102.9865777
-19.0460172	-102.9420012
-19.04728566	-102.9642895
-19.10786262	-101.7608156
-19.09489827	-101.7162391
-19.10541384	-101.7385273
-19.12043737	-101.7162391
-19.13623883	-101.7162391
-19.34533294	-105.1038032
-19.34136916	-105.0815149
-19.38160733	-105.0592267
-19.36396768	-105.0592267
-19.33372646	-105.0592267
-19.58133552	-106.0398431
-19.58384306	-105.9952666
-19.61845044	-105.9952666
-19.61641681	-105.95069
-19.61535146	-106.0175549
-19.95520172	-107.0427394
-19.96550269	-106.9758746
-19.89529923	-107.0204511
-19.97440746	-106.9758746
-19.95746655	-107.0204511
-20.17141479	-107.8227699
-20.19381403	-107.755905
-20.1968402	-107.755905
-20.21329953	-107.755905
-20.20734172	-107.7781933
-20.46838394	-108.1570686
-20.49218577	-108.223925
-20.49989106	-108.1793484
-20.4937723	-108.2016367
-20.49441995	-108.1570686
-20.46306739	-106.3518536
-20.54034511	-106.3518536
-20.52774992	-106.3518536
-20.53001092	-106.3295653
-20.51992711	-106.3295653
-20.6251531	-102.2330098
-20.64783593	-102.2330098
-20.62733746	-102.2330098
-20.6070817	-102.2107216
-20.63521009	-102.1884418
-20.67728899	-102.1661535
-20.67308378	-102.1661535
-20.65719674	-102.1438652
-20.65711754	-102.1661535
-20.65115846	-102.1884418
-20.35122062	-94.36584911
-20.32638026	-94.41041718
-20.29153018	-94.43270546
-20.32259277	-94.38813739
-20.3217318	-94.34356083
-20.12319797	-90.64398619
-20.12713876	-90.62169791
-20.13023518	-90.59941812
-20.14251357	-90.64398619
-20.12814152	-90.62169791
-20.10672587	-90.79999566
-20.09545152	-90.7554191
-20.09960436	-90.82228395
-20.09194633	-90.79999566
-20.07684488	-90.84456375
-19.59537673	-82.46481496
-19.57900299	-82.48709477
-19.56716658	-82.50938305
-19.60848287	-82.46481496
-19.59520939	-82.46481496
-19.61635678	-83.84657807
-19.60468515	-83.86886635
-19.63200112	-83.89115463
-19.65139719	-83.86886635
-19.64402786	-83.91344292
-19.26770011	-78.16349918
-19.26455131	-78.25264381
-19.25794459	-78.31950865
-19.22817857	-78.43094156
-19.20131736	-78.47550965
-18.69230202	-71.52210053
-18.69186898	-71.49981225
-18.70252252	-71.47752397
-18.7185769	-71.49981225
-18.71084351	-71.49981225
-18.46943624	-67.66652067
-18.46886269	-67.68880895
-18.4644927	-67.68880895
-18.47978448	-67.68880895
-18.47692948	-67.68880895
-18.38501146	-68.71398925
-18.41376323	-68.75856159
-18.4220689	-68.73627753
-18.45826408	-68.71398925
-18.43342245	-68.75856159
-17.87466124	-60.44566914
-17.86028536	-60.42338088
-17.83509755	-60.4679532
-17.86846329	-60.49024148
-17.89616503	-60.44566914
-17.62998382	-57.74899079
-17.65201646	-57.7935631
-17.63049095	-57.74899079
-17.66620328	-57.77127907
-17.66922562	-57.77127907
-17.61438547	-59.37591228
-17.61947847	-59.30905168
-17.56496917	-59.33133996
-17.59211269	-59.35362399
-17.57883537	-59.35362399
-16.7978522	-48.36633725
-16.81087914	-48.38862553
-16.80929644	-48.41091379
-16.8001247	-48.38862553
-16.84870174	-48.43319785
-16.47519705	-45.33536437
-16.49091931	-45.3576484
-16.4978275	-45.40222497
-16.45095196	-45.40222497
-16.42556615	-45.3576484
-16.4625546	-46.87341695
-16.45642946	-46.89570099
-16.45751142	-46.87341695
-16.4449124	-46.87341695
-16.43466508	-46.87341695
-16.50109382	-46.85112867
-16.49506193	-46.89570099
-16.48537539	-46.82884464
-16.47733159	-46.87341695
-16.47118601	-46.85112867
-15.19836345	-33.61289949
-15.18703417	-33.63518564
-15.19704389	-33.65747181
-15.19636687	-33.65747181
-15.20904253	-33.63518564
-14.68057747	-28.95500301
-14.67092287	-28.97728916
-14.69344219	-28.97728916
-14.69446922	-29.0218615
-14.69320331	-28.99957533
-14.63612644	-30.51506388
-14.6456137	-30.49277773
-14.66500977	-30.47048945
-14.67911868	-30.47048945
-14.68424617	-30.49277773
-14.07702161	-23.94052161
-14.04632437	-23.87366101
-14.09363167	-23.89594718
-14.04373507	-23.89594718
-14.04282045	-23.91823546
-14.06865846	-24.74283822
-14.10064972	-24.72055205
-14.05833194	-24.76512437
-14.09086099	-24.78741054
-14.07655792	-24.74283822
-13.02271528	-16.38536923
-12.99456006	-16.36308307
-13.03893062	-16.40765645
-13.03338031	-16.40765645
-13.06137075	-16.42994259
-12.36843507	-12.32921074
-12.38658567	-12.32921074
-12.37021321	-12.35149795
-12.38951859	-12.30692457
-12.38836381	-12.35149795
-11.40067783	-7.805034403
-11.40483322	-7.715888171
-11.40612595	-7.782748234
-11.37848169	-7.760461554
-11.42511453	-7.782748234
-11.38973688	-8.986223133
-11.39740513	-9.053083729
-11.40613106	-9.008510346
-11.37338741	-9.053083729
-11.40101379	-9.030796515
-10.75161325	-4.774059386
-10.7357262	-4.751772706
-10.71937928	-4.818632257
-10.74279917	-4.796345555
-10.74078216	-4.796345555
-10.19221654	-2.723693468
-10.18631813	-2.701406766
-10.19811494	-2.745979882
-10.19811494	-2.745979882
-10.19811494	-2.745979882
-9.537477095	-0.249882608
-9.549273903	-0.29445579
-9.525679649	-0.205309426
-9.543375499	-0.272169177
-9.549273903	-0.29445579
-8.870940206	2.268501501
-8.878920136	2.246214821
-8.860266873	2.290787937
-8.868844628	2.201641706
-8.829858956	2.246214821
-7.837368665	3.717129459
-7.813840196	3.761702574
-7.844750771	3.761702574
-7.827359581	3.78398901
-7.858952927	3.739415894
-7.890191155	2.623693932
-7.907494204	2.668267048
-7.905475909	2.668267048
-7.901280921	2.623693932
-7.859108131	2.668267048
-7.839827663	2.267108496
-7.821100949	2.244821794
-7.806398052	2.222535381
-7.850925732	2.222535381
-7.806316937	2.244821794
-5.839569352	6.947290857
-5.849479437	6.991864239
-5.782030054	6.92500471
-5.831174904	6.947290857
-5.842512486	6.969577559
-3.917719574	11.49375443
-3.918307818	11.47146719
-3.887726174	11.47146719
-3.913515325	11.49375443
-3.897724081	11.44918104
-2.639703101	15.14875355
-2.664477196	15.17104076
-2.626926685	15.14875355
-2.675064304	15.12646738
-2.65431674	15.10418123
-0.850771477	21.56729058
-0.841445404	21.58957674
-0.841195512	21.56729058
-0.811037168	21.54500443
-0.823894059	21.52271615
-0.785405457	20.00722971
-0.81918348	19.96265526
-0.811792192	19.96265526
-0.806411854	20.00722971
-0.808761077	20.00722971
0.33504104	26.55948581
0.312523775	26.55948581
0.328487907	26.55948581
0.339240699	26.60405815
0.379144263	26.53719753
1.518952063	31.84140538
1.506274008	31.81911921
1.49568658	31.77454478
1.506358157	31.79683306
1.46511324	31.81911921
1.95318429	33.44603856
1.944615637	33.40146625
1.909759327	33.42375241
1.964783739	33.40146625
1.92748344	33.40146625
2.841742117	38.30451472
2.862738775	38.2599424
2.814860469	38.2599424
2.872652373	38.21537009
2.862989465	38.23765412
4.308804832	43.87616072
4.258144025	43.80930013
4.263267046	43.83158841
4.254198769	43.83158841
4.268307355	43.83158841
4.303940166	41.44692476
4.270420817	41.42463648
4.315612108	41.38006416
4.301920913	41.44692476
4.308051165	41.42463648
4.337498795	41.13491003
4.327084456	41.13491003
4.311879539	41.112626
4.315575383	41.112626
4.316255599	41.15719832
5.303034307	49.31408551
5.311175509	49.24722914
5.360658552	49.2695132
5.331758608	49.22494086
5.370059592	49.22494086
6.839690205	54.81887515
6.851458271	54.86344746
6.839267384	54.79658687
6.829440969	54.81887515
6.796086086	54.79658687
7.877531462	60.32366054
7.847707318	60.30137226
7.851653852	60.27908822
7.864752332	60.23451166
7.84342355	60.27908822
9.201007481	65.69472473
9.196042219	65.62786838
9.206206507	65.65015242
9.245525581	65.65015242
9.248297543	65.6724407
9.340620499	62.99721492
9.309036095	62.99721492
9.302143233	62.95264258
9.296935904	62.95264258
9.315589167	62.99721492
9.39289179	62.44005032
9.388780472	62.46233435
9.369128919	62.50691091
9.397692267	62.50691091
9.375681991	62.50691091
9.615942155	66.98651175
9.617362626	66.91965113
9.574114902	67.03108407
9.606274776	66.91965113
9.606286273	66.9642277
10.00317445	69.41575194
9.988222458	69.46032426
9.996287336	69.46032426
10.01039624	69.46032426
9.995438502	69.41575194
10.58215756	71.75584326
10.55157592	71.75584326
10.55678325	71.75584326
10.56652344	71.75584326
10.54930789	71.77813154
10.94554459	73.67249119
10.98057224	73.60562634
10.95645999	73.62791462
10.93823147	73.60562634
10.89681937	73.62791462
11.27271153	75.6114189
11.3405122	75.63370718
11.33067876	75.6114189
11.34756601	75.58913062
11.32176632	75.56685081
11.667918	77.55035509
11.7368926	77.61721146
11.71739306	77.5280668
11.76813019	77.5280668
11.72536661	77.50577852
11.79602738	75.27712014
11.81542984	75.25483186
11.84978684	75.27712014
11.85003721	75.25483186
11.87339068	75.25483186
11.8411516	74.60852261
11.82343404	74.67538745
11.8225884	74.63081089
11.83779204	74.65309917
11.86148274	74.60852261
12.20079393	78.82068529
12.2172507	78.82068529
12.21658007	78.82068529
12.22993403	78.7984055
12.22750185	78.82068529
12.8006977	81.13849682
12.78582746	81.11620853
12.77356568	81.1607766
12.79674797	81.11620853
12.75357817	81.1607766
12.77578964	78.12980797
12.77360528	78.12980797
12.82493129	78.10751969
12.79284168	78.10751969
12.78410425	78.10751969
12.86038048	78.19666434
12.84542593	78.15208778
12.84887364	78.17437606
12.81703056	78.15208778
12.79292087	78.12980797
12.84246236	77.90694212
12.85489276	77.90694212
12.83590929	77.90694212
12.815909	77.86236558
12.80306217	77.88465386
13.22399297	82.78770234
13.25843428	82.78770234
13.26826134	82.76541405
13.2944749	82.76541405
13.25784668	82.76541405
13.70925629	85.08321709
13.67540002	85.01636072
13.69220808	85.06092881
13.6964069	85.01636072
13.72043356	85.01636072
14.24262785	87.17815427
14.25489602	87.17815427
14.21011796	87.20044256
14.20574159	87.15587449
14.20817631	87.13358621
14.67592134	88.33706004
14.6912936	88.35934832
14.70759069	88.31477176
14.70624431	88.31477176
14.77017445	88.29248348
15.32627483	89.76339971
15.33199503	89.80797628
15.30351152	89.74111143
15.28511949	89.80797628
15.25462407	89.785688
15.44139047	87.69075081
15.39704162	87.73531888
15.41030233	87.69075081
15.38644685	87.73531888
15.39602353	87.73531888
15.39603247	86.91072036
15.39645146	86.84385552
15.3551224	86.88843208
15.33318685	86.82157573
15.33420238	86.8661438
15.34102243	86.19754629
15.39453536	86.26441113
15.38009305	86.21983457
15.42209275	86.26441113
15.37706944	86.21983457
15.45752278	86.08611335
15.42274295	86.04154529
15.45811549	86.10840164
15.41240877	86.06382507
15.42383513	86.10840164
15.60907503	90.52114188
15.59429549	90.52114188
15.62142751	90.49886207
15.64141885	90.49886207
15.67283528	90.49886207
15.88641818	91.54632643
15.92649028	91.56861471
15.9041383	91.56861471
15.90296181	91.52403815
15.91270456	91.52403815
16.39901151	93.57440727
16.40505746	93.57440727
16.43143836	93.57440727
16.37901506	93.5298307
16.3898436	93.50755092
16.92643549	94.17614843
16.94163402	94.02013896
16.93019488	93.88641776
16.91993223	93.75269655
16.92336845	93.73041676
17.2454922	95.58019982
17.24994394	95.55791154
17.24036726	95.55791154
17.28245638	95.53562326
17.26590636	95.51334348
17.75006728	97.31855
17.74922803	97.31855
17.72814195	97.29627019
17.75872423	97.29627019
17.76720491	97.27398191
17.84325376	94.30986115
17.85266694	94.30986115
17.80158746	94.30986115
17.79486705	94.30986115
17.792767	94.28758136
18.09167014	96.71681731
18.07696724	96.64995246
18.14517923	96.64995246
18.13939132	96.71681731
18.16283548	96.73910559
18.2614292	97.85343479
18.28672176	97.8757146
18.25353358	97.80885823
18.28639092	97.8757146
18.28117656	97.83114651
18.62867463	98.2768782
18.63715913	98.21001335
18.60961068	98.25458992
18.60314064	98.23230163
18.58390041	98.21001335
18.65548985	94.93890483
18.62516049	94.91661655
18.61457211	94.87203999
18.58005159	94.93890483
18.59667954	94.89432827
18.64973771	92.17453015
18.62940658	92.17453015
18.6140356	92.15224187
18.60100865	92.17453015
18.57471461	92.15224187
18.71749622	91.97395261
18.73840857	91.95166433
18.70850076	91.95166433
18.67750843	92.01852915
18.70959677	91.97395261
18.27062522	82.74730853
18.24627155	82.74730853
18.2681956	82.76959681
18.28668727	82.76959681
18.28181143	82.76959681
17.75685923	74.18926198
17.73786937	74.14468541
17.71854994	74.14468541
17.72081477	74.16697369
17.72207429	74.18926198
17.62889037	74.63499366
17.60822711	74.63499366
17.6260341	74.63499366
17.61460774	74.5904171
17.62217251	74.63499366
17.0835074	65.58663464
17.10988703	65.58663464
17.06401041	65.49748998
17.04654194	65.5420623
17.06854263	65.49748998
16.57296557	58.38807139
16.61009198	58.34349483
16.58506129	58.34349483
16.62445637	58.27663848
16.59513744	58.29892251
16.30409926	56.42685117
16.30333027	56.40456289
16.31097935	56.42685117
16.27334198	56.38227883
16.28166042	56.4491352
16.3673741	57.66849166
16.35417981	57.60163106
16.33830681	57.62391934
16.35653534	57.64620337
16.39845712	57.62391934
15.5570886	48.44184759
15.57589835	48.39727103
15.60564521	48.48641991
15.57338697	48.48641991
15.61833492	48.50870396
15.6110946	50.1133414
15.64839474	50.1133414
15.59044285	50.15791371
15.62445878	50.13562543
15.5844646	50.13562543
15.11873532	43.62794375
15.11218097	43.62794375
15.14578303	43.62794375
15.13007098	43.60565547
15.1400807	43.67251609
14.60830973	37.94486486
14.63157378	37.92257658
14.65191002	37.92257658
14.62804687	37.96715314
14.64493796	37.94486486
14.20272819	33.53212037
14.18391334	33.57669482
14.22146257	33.55440865
14.14712161	33.57669482
14.15367468	33.57669482
14.19994729	34.28986464
14.22673441	34.31215081
14.20632025	34.28986464
14.16448789	34.28986464
14.16515341	34.24529233
13.36833557	26.93529195
13.37766188	26.95757809
13.36581525	26.97986637
13.37967379	27.00215254
13.3937878	26.95757809
12.86397509	22.16596255
12.83264169	22.14367639
12.84137912	22.14367639
12.82843521	22.14367639
12.87792048	22.16596255
12.15258989	16.97318975
12.17115437	16.95090254
12.15998221	16.97318975
12.14653756	16.92861637
12.14528187	16.99547592
12.21829945	17.97608602
12.17739448	18.04294451
12.1961263	18.02065836
12.1752906	18.06523279
12.18234441	18.02065836
11.19010194	11.33468422
11.22403868	11.29011084
11.22504272	11.29011084
11.24663464	11.31239701
11.20546653	11.26782362
11.23637455	12.04785407
11.22107255	12.00328173
11.22208553	12.04785407
11.21620437	12.04785407
11.23039886	12.0255679
10.5139296	6.988799815
10.47856345	7.011086495
10.51913566	6.988799815
10.54416763	6.988799815
10.56778104	7.011086495
9.713474994	3.512092865
9.684229513	3.467519504
9.681796062	3.489806184
9.65819095	3.512092865
9.669527893	3.489806184
9.658248433	4.091543901
9.678488868	4.069257465
9.697389948	4.091543901
9.703858712	4.113830581
9.719659536	4.113830581
9.641580891	5.097226223
9.616808233	5.119512903
9.637884728	5.097226223
9.654861401	5.141799072
9.659729581	5.097226223
9.644783977	5.186372432
9.661077878	5.186372432
9.654954013	5.164085752
9.656380871	5.186372432
9.672343287	5.186372432
8.789810486	0.149604435
8.800225145	0.149604435
8.811653422	0.149604435
8.789393414	0.171891004
8.784446675	0.194177595
8.726858836	0.639909285
8.720392627	0.617622671
8.761386374	0.617622671
8.739801473	0.639909285
8.742327536	0.639909285
6.507609744	-4.196279525
6.487013552	-4.24085264
6.517908159	-4.173992823
6.487013552	-4.24085264
6.507609744	-4.196279525
5.488084515	-6.402651225
5.538732229	-6.424937905
5.525233283	-6.358077842
5.581252472	-6.380364545
5.598791202	-6.402651225
5.549231835	-6.046065767
5.571355161	-5.979206238
5.534373094	-6.023779087
5.507589806	-6.001492918
5.485147768	-6.023779087
2.877127431	-10.88225418
2.893015119	-10.85996803
2.876022159	-10.90454139
2.859918271	-10.85996803
2.840336017	-10.88225418
2.864038851	-9.968504651
2.879418452	-9.946218505
2.893844473	-9.99079082
2.896626974	-9.968504651
2.893527996	-9.946218505
1.256393171	-15.36185819
1.259008492	-15.33957098
1.257738914	-15.36185819
1.277893444	-15.36185819
1.289222803	-15.38414436
1.219182529	-13.95780362
1.237825893	-13.95780362
1.225658957	-13.93551638
1.289071031	-13.95780362
1.251770572	-13.95780362
1.300039444	-13.46749855
1.313984602	-13.46749855
1.281294208	-13.48978472
1.278296704	-13.44521133
1.250890841	-13.48978472
-0.676006111	-21.78039522
-0.646795998	-21.82496753
-0.638134654	-21.80268139
-0.627124366	-21.78039522
-0.581085958	-21.78039522
-0.574488775	-20.97807652
-0.610442813	-20.97807652
-0.607826294	-20.95579035
-0.611191809	-20.95579035
-0.604994414	-21.0003648
-0.621306838	-20.33176726
-0.630069576	-20.37633958
-0.615020103	-20.35405343
-0.650059681	-20.37633958
-0.651736151	-20.37633958
-1.834138563	-27.26289446
-1.843040618	-27.26289446
-1.850000862	-27.24060829
-1.852781767	-27.26289446
-1.841262953	-27.24060829
-3.016808151	-32.544814
-3.041916766	-32.52252786
-3.040404322	-32.52252786
-3.028402491	-32.544814
-3.039542395	-32.47795554
-3.480717781	-34.59518101
-3.469122483	-34.59518101
-3.460055164	-34.59518101
-3.443925728	-34.59518101
-3.456511651	-34.55060656
-3.539416001	-33.14655305
-3.521534289	-33.16883922
-3.538932505	-33.19112537
-3.499448646	-33.19112537
-3.503894963	-33.16883922
-4.381485815	-38.96335105
-4.332907812	-38.91877874
-4.360554625	-38.94106277
-4.339625989	-38.91877874
-4.363146793	-38.91877874
-5.331141942	-43.66581771
-5.29410846	-43.68810599
-5.336107523	-43.68810599
-5.358116522	-43.68810599
-5.332768075	-43.73267831
-5.33363607	-41.68231344
-5.36982966	-41.66002515
-5.345635346	-41.66002515
-5.406621393	-41.66002515
-5.377894538	-41.66002515
-6.269774089	-48.45743327
-6.267857348	-48.47972155
-6.274653126	-48.45743327
-6.294910168	-48.47972155
-6.269686587	-48.43514924
-7.614394944	-55.25484139
-7.603826997	-55.29941795
-7.62725966	-55.27712967
-7.615067497	-55.25484139
-7.619920347	-55.21026908
-8.267142279	-58.39725143
-8.264491031	-58.2858185
-8.275450502	-58.37496315
-8.248715754	-58.33039081
-8.24820671	-58.33039081
-9.253649858	-62.7431353
-9.269777059	-62.7431353
-9.261394747	-62.78770762
-9.272292902	-62.7431353
-9.272609698	-62.69856299
-10.03740052	-66.68785982
-10.02094375	-66.68785982
-10.03008612	-66.66557577
-10.02649087	-66.68785982
-10.00731515	-66.64328748
-10.03344568	-64.52606202
-10.0259748	-64.5483503
-10.05737079	-64.50377373
-10.07930633	-64.52606202
-10.09893873	-64.4814897
-10.10226189	-63.3203568
-10.11358861	-63.29807277
-10.12031094	-63.29807277
-10.06452807	-63.29807277
-10.06762705	-63.27578449
-11.07914169	-71.58867691
-11.12164852	-71.58867691
-11.0974558	-71.58867691
-11.10929476	-71.56639712
-11.10012302	-71.54410884
-11.13224712	-69.49374395
-11.16584918	-69.49374395
-11.1225031	-69.49374395
-11.12233959	-69.49374395
-11.11343865	-69.49374395
-12.41608727	-77.36090895
-12.40014913	-77.40547702
-12.37643799	-77.36090895
-12.38299106	-77.36090895
-12.36769928	-77.36090895
-13.5721655	-82.62053599
-13.58880366	-82.62053599
-13.60585826	-82.64282427
-13.61786328	-82.62053599
-13.64790778	-82.5759679
-13.61343708	-80.19130002
-13.56505165	-80.19130002
-13.59293861	-80.19130002
-13.62274551	-80.16901174
-13.6682734	-80.16901174
-15.10551931	-88.25904682
-15.06697498	-88.2813351
-15.04369689	-88.25904682
-15.03997198	-88.21447025
-15.01873773	-88.23675854
-15.12860708	-84.71548165
-15.09721237	-84.76004974
-15.09141424	-84.73776146
-15.10861574	-84.71548165
-15.08879429	-84.71548165
-15.44410622	-88.79392314
-15.4162167	-88.79392314
-15.45046641	-88.74934657
-15.47760737	-88.77163485
-15.49138543	-88.77163485
-16.03237669	-91.57974614
-16.03297579	-91.60203442
-16.02145362	-91.57974614
-16.03799087	-91.55745786
-16.00993657	-91.55745786
-16.13031255	-89.44023237
-16.12519655	-89.46252065
-16.14172997	-89.44023237
-16.16568253	-89.46252065
-16.14494263	-89.48480893
-16.62354814	-92.93922944
-16.62824514	-92.93922944
-16.61405959	-92.96151773
-16.59102676	-92.91694116
-16.56904139	-92.96151773
-16.94803763	-94.58843496
-16.99872495	-94.65529133
-16.98289155	-94.56614668
-17.02673965	-94.56614668
-16.9933803	-94.5438584
-17.34539909	-95.7919088
-17.34337824	-95.7919088
-17.35084593	-95.76962051
-17.31532521	-95.7919088
-17.36705105	-95.74734073
-17.93115946	-97.90913429
-17.96738658	-97.93142257
-17.97693516	-97.886846
-17.9929755	-97.8645662
-17.97088922	-97.886846
-18.04638623	-95.21245594
-18.05250371	-95.19017613
-18.05512366	-95.21245594
-18.02303149	-95.21245594
-18.00479019	-95.19017613
-18.41472	-98.28800961
-18.44555266	-98.31029789
-18.42345488	-98.28800961
-18.40622272	-98.26572132
-18.41412218	-98.26572132
-18.87837735	-100.160081
-18.90230947	-100.1377927
-18.90516447	-100.1377927
-18.88236795	-100.0709363
-18.86817857	-100.0932246
-19.34556415	-101.1184007
-19.31314113	-101.1184007
-19.35144148	-101.1184007
-19.31575342	-101.140689
-19.33582396	-101.1184007
-19.55790414	-100.9401114
-19.55806764	-100.9401114
-19.58394142	-100.9401114
-19.54528085	-100.8955348
-19.53992087	-100.9401114
-19.9910073	-102.4555957
-19.99427489	-102.4333159
-20.00972763	-102.4333159
-19.99662276	-102.4333159
-20.03089801	-102.4333159
-19.97068766	-100.7172455
-19.97664675	-100.6949573
-20.00688413	-100.6949573
-19.96143544	-100.672669
-19.95396264	-100.6949573
-20.02867022	-100.4052351
-20.02721015	-100.3383702
-19.95616105	-100.3829468
-19.99975367	-100.3606585
-19.94920432	-100.4052351
-20.00700804	-99.89263856
-19.99507966	-99.89263856
-20.00482368	-99.89263856
-19.99918395	-99.87035875
-19.995247	-99.89263856
-20.08037562	-98.73374127
-20.06743043	-98.73374127
-20.06901569	-98.71145299
-20.07314808	-98.73374127
-20.01854936	-98.73374127
-20.29853801	-102.321883
-20.31819595	-102.321883
-20.30859627	-102.2773064
-20.36087012	-102.321883
-20.34379764	-102.2995947
-20.56781564	-103.4139239
-20.54655456	-103.3916356
-20.53571197	-103.3693474
-20.53899872	-103.3916356
-20.55644804	-103.3470591
-20.57260078	-101.0961209
-20.56858463	-101.140689
-20.60176132	-101.1184007
-20.6458649	-101.140689
-20.6224233	-101.1184007
-20.65497406	-98.77830936
-20.66613983	-98.75602955
-20.66380346	-98.80059764
-20.68807282	-98.77830936
-20.64388876	-98.77830936
-20.64190751	-98.40000248
-20.63233083	-98.40000248
-20.62954481	-98.3777142
-20.61377273	-98.42228229
-20.64785893	-98.3777142
-20.69574234	-98.22170473
-20.68330683	-98.22170473
-20.69128676	-98.19941644
-20.65878327	-98.22170473
-20.66255799	-98.19941644
-20.56926549	-93.65295501
-20.53283015	-93.69753157
-20.55078787	-93.65295501
-20.54216029	-93.71981985
-20.56448928	-93.67524329
-20.33575129	-89.66365818
-20.33246197	-89.64136989
-20.3559815	-89.64136989
-20.35117975	-89.61908161
-20.32187998	-89.64136989
-20.35984947	-89.84194746
-20.36772594	-89.79737937
-20.34237334	-89.84194746
-20.34641121	-89.84194746
-20.30155651	-89.84194746
-19.9616807	-84.44859923
-19.92699285	-84.47088751
-19.9487585	-84.4931673
-19.9400198	-84.4931673
-19.98032566	-84.44859923
-19.39635876	-76.49228535
-19.41769266	-76.49228535
-19.41364457	-76.44771728
-19.37828863	-76.46999706
-19.42875496	-76.44771728
-19.36534983	-77.5397582
-19.37392247	-77.5397582
-19.3452844	-77.56204648
-19.3752663	-77.5397582
-19.33402793	-77.56204648
-18.9853355	-71.23264984
-19.00348355	-71.23264984
-18.99474739	-71.23264984
-19.01542853	-71.2772264
-19.03316398	-71.29951468
-18.62961224	-66.53018315
-18.59989476	-66.57475549
-18.58240585	-66.53018315
-18.55907793	-66.57475549
-18.5831544	-66.50789487
-18.6389922	-67.35478591
-18.6169864	-67.35478591
-18.59715984	-67.35478591
-18.59329825	-67.35478591
-18.57104591	-67.3770742
-18.60886723	-67.42164653
-18.64560531	-67.48850713
-18.61685355	-67.44393479
-18.63710676	-67.46621885
-18.64836195	-67.46621885
-18.08781749	-59.53219749
-18.07084848	-59.53219749
-18.06396456	-59.53219749
-18.02628503	-59.59905384
-17.99995778	-59.53219749
-17.73246851	-55.72118994
-17.69901846	-55.67661761
-17.69543535	-55.74347822
-17.68701472	-55.69890166
-17.65948032	-55.74347822
-17.75075963	-56.90237974
-17.76378658	-56.92466377
-17.73338569	-56.92466377
-17.71253082	-56.88009146
-17.70617191	-56.92466377
-17.29898852	-51.01871901
-17.25943759	-51.04100729
-17.22677315	-51.06329557
-17.27146434	-51.06329557
-17.22970734	-51.04100729
-16.72574413	-45.6030825
-16.77504674	-45.58079422
-16.7286796	-45.58079422
-16.74523984	-45.6030825
-16.75934875	-45.6030825
-16.69486166	-46.7174117
-16.72795531	-46.7174117
-16.73702359	-46.7174117
-16.72080697	-46.69512342
-16.73484179	-46.7174117
-16.72145206	-46.98373418
-16.69935684	-46.96145015
-16.68869819	-46.98373418
-16.68792281	-46.96145015
-16.67861438	-46.98373418
-15.99102974	-38.22510582
-15.98046179	-38.26968238
-16.02809995	-38.29196644
-15.96862411	-38.29196644
-16.00256085	-38.29196644
-15.38116096	-32.72032043
-15.39863582	-32.72032043
-15.43063091	-32.69803429
-15.46936429	-32.72032043
-15.44255546	-32.69803429
-15.36258626	-33.9237964
-15.34840198	-33.94608255
-15.33906545	-33.9237964
-15.32226123	-33.9237964
-15.34931277	-33.9237964
-14.92621422	-28.41901101
-14.89832343	-28.41901101
-14.92040587	-28.39672484
-14.89100647	-28.39672484
-14.90001343	-28.41901101
-14.19195459	-22.80279058
-14.19120603	-22.82507886
-14.23733046	-22.84736501
-14.23061005	-22.84736501
-14.23497876	-22.84736501
-14.15123995	-24.09541329
-14.15661015	-24.09541329
-14.18183373	-24.1399856
-14.18013223	-24.09541329
-14.16988491	-24.09541329
-13.55984113	-18.54605345
-13.56191179	-18.47919497
-13.57385934	-18.5237673
-13.59778763	-18.50148114
-13.63493448	-18.54605345
-12.88530004	-13.82129744
-12.86792609	-13.84358465
-12.85727128	-13.86587082
-12.84928241	-13.84358465
-12.81241275	-13.86587082
-12.87252857	-14.69047463
-12.86287907	-14.7127608
-12.88834281	-14.73504801
-12.87574251	-14.73504801
-12.86549136	-14.73504801
-12.17862973	-10.47830984
-12.18577935	-10.50059707
-12.1851036	-10.50059707
-12.16422447	-10.5674566
-12.14839107	-10.47830984
-11.1591441	-6.310718961
-11.15350309	-6.288432259
-11.14325577	-6.288432259
-11.10931903	-6.288432259
-11.11612631	-6.310718961
-11.12690503	-7.068462704
-11.16182664	-7.023889856
-11.1359567	-7.023889856
-11.15907512	-7.046176558
-11.16487836	-7.068462704
-9.319314071	-0.115048759
-9.319314071	-0.115048759
-9.32522972	-0.137335351
-9.319314071	-0.115048759
-9.337060379	-0.181908511
-8.745533176	2.046749892
-8.726712573	2.046749892
-8.757874157	2.069036461
-8.761909471	2.024463345
-8.759220539	2.069036461
-8.752726866	1.757024251
-8.698880538	1.734737705
-8.682596855	1.690164589
-8.666726412	1.667877887
-8.672344426	1.77931082
-8.709916014	1.487356577
-8.706136181	1.46507003
-8.706470222	1.509643257
-8.664733665	1.398210345
-8.656076711	1.509643257
-7.289547773	4.273179713
-7.280232957	4.161746779
-7.245958983	4.206319895
-7.251168867	4.206319895
-7.251331736	4.206319895
-4.109533946	9.555100323
-4.056024532	9.57738647
-4.072991944	9.57738647
-4.072068383	9.555100323
-4.06451255	9.555100323
-4.077206094	8.708209815
-4.019916847	8.708209815
-4.044025256	8.685923113
-4.073925725	8.730496495
-4.070991533	8.663636433
-1.992880516	14.83702093
-1.999513586	14.81473372
-1.999848266	14.8593071
-2.009004364	14.79244755
-2.048980182	14.88159325
-0.053816374	21.70128754
-0.068425986	21.74586196
-0.097238309	21.76814813
-0.088331214	21.72357582
-0.131510836	21.72357582
-0.060151226	20.49781368
-0.063932256	20.52009985
-0.03865089	20.49781368
-0.027729135	20.49781368
-0.05351844	20.52009985
0.994829055	26.31461168
1.014654175	26.31461168
0.982653737	26.33689785
1.004912547	26.31461168
1.047076954	26.31461168
2.63320304	33.00058686
2.621866576	33.02287303
2.632530648	33.00058686
2.60363773	33.00058686
2.594228227	33.00058686
2.642443288	32.08683736
2.604977565	32.08683736
2.63050884	32.04226291
2.608000537	32.08683736
2.55642511	32.08683736
3.653343019	37.83677474
3.700125633	37.81448646
3.680973863	37.81448646
3.694753199	37.81448646
3.728178979	37.81448646
3.761578252	36.58872435
3.715875361	36.54415203
3.729570389	36.56644031
3.755778846	36.61101263
3.782327412	36.56644031
5.122097014	43.89872473
5.128650406	43.89872473
5.132679012	43.85415241
5.092780637	43.87644069
5.115297403	43.87644069
5.165495151	41.82607157
5.127936657	41.80378754
5.131468035	41.80378754
5.096602304	41.78149926
5.102067988	41.80378754
6.383573367	49.55951961
6.391048723	49.53723133
6.330478151	49.51494305
6.340647548	49.49265901
6.301834965	49.49265901
7.712208812	55.48774841
7.703809894	55.53232072
7.6974248	55.48774841
7.68902652	55.53232072
7.707596114	55.554609
7.726265344	54.12826933
7.688298401	54.17284164
7.691907062	54.10598105
7.699721569	54.12826933
7.711812818	54.12826933
8.912362522	61.10396673
8.908500936	61.10396673
8.864901288	61.03711036
8.837186773	61.08168267
8.853400198	61.05939439
10.19453375	66.65332868
10.18731195	66.60875636
10.23552047	66.60875636
10.23703483	66.5641798
10.2407278	66.60875636
10.27913097	64.38009796
10.25939064	64.35780968
10.23519601	64.35780968
10.24594471	64.31323736
10.23695691	64.3355214
10.7642953	68.03509604
10.74035039	68.01280776
10.75597813	68.05738432
10.70901381	67.9905237
10.70145797	67.9905237
11.11686976	70.55348086
11.11618762	70.50890854
11.17365283	70.55348086
11.16465609	70.53119258
11.19607762	70.53119258
11.75189569	72.67070635
11.76634055	72.62612979
11.77398197	72.60384998
11.76616555	72.5815617
11.76608252	72.60384998
12.46621764	75.05537423
12.40859914	75.05537423
12.42010981	75.07765401
12.38667509	75.03308595
12.42523602	75.05537423
12.49541138	72.87128391
12.50078158	72.87128391
12.5157323	72.82671583
12.48036997	72.84899563
12.49574606	72.82671583
12.84329011	76.94973385
12.79776351	76.94973385
12.79407181	76.99430194
12.77356696	76.94973385
12.79096134	76.97201366
13.00943797	77.79662067
13.02213023	77.90805358
12.96357795	77.8857653
13.0001257	77.86347702
12.97962723	77.86347702
13.45533431	80.1144237
13.37401106	80.02527905
13.40424972	80.02527905
13.34821776	79.9584227
13.33980735	79.86926957
13.95666096	81.31789753
13.94388822	81.27332946
13.94968379	81.29561775
13.97949835	81.27332946
13.96185871	81.27332946
14.62519315	83.5911325
14.61208701	83.54655593
14.62703644	83.54655593
14.6213354	83.54655593
14.60343261	83.52427613
14.79106764	84.50488413
14.8287906	84.52717242
14.82609911	84.52717242
14.89111632	84.48259585
14.87389056	84.46030757
14.9069114	81.96421526
14.90464018	81.98649504
14.92598301	81.94192698
14.8727179	81.94192698
14.89347441	81.96421526
15.01114102	84.75003826
14.9950151	84.75003826
15.04373521	84.7054617
15.00946762	84.75003826
15.08036088	84.7054617
15.32897398	85.73064625
15.30881913	85.73064625
15.30192116	85.73064625
15.28075588	85.68606968
15.2526096	85.6637814
15.78240444	87.04555301
15.77433764	87.09012957
15.79290213	87.06784129
15.78323858	87.09012957
15.77583987	87.04555301
16.09664023	88.33817149
16.09723422	88.40503634
16.07656203	88.36045978
16.13402596	88.40503634
16.13771382	88.36045978
16.76187545	90.0988184
16.73045391	90.0988184
16.73298317	90.0988184
16.70903699	90.07653012
16.70172897	90.05424184
17.40031971	90.90112865
17.43273507	90.85656056
17.44996977	90.92341693
17.44684397	90.85656056
17.46818808	90.90112865
17.63103257	91.54744636
17.62481035	91.41372516
17.62557168	91.48058151
17.65682715	91.48058151
17.61011639	91.48058151
17.68669792	89.65308673
17.67644677	89.65308673
17.66124185	89.63079845
17.65159236	89.65308673
17.63663526	89.60851017
17.73769437	86.26635403
17.71845541	86.28864231
17.75567124	86.31093059
17.74810902	86.26635403
17.771801	86.31093059
17.76841716	85.99892012
17.75657309	86.0212084
17.75841766	85.97663183
17.7208697	85.99892012
17.72229656	85.97663183
17.3345961	78.19861573
17.3391296	78.19861573
17.32795616	78.22090401
17.34324794	78.22090401
17.33577259	78.2431838
16.8862778	71.37891933
16.9104718	71.37891933
16.89081386	71.37891933
16.90719909	71.40120761
16.85872807	71.42349589
16.63909795	67.85763822
16.65347383	67.92449881
16.62894516	67.8799265
16.63138883	67.90221053
16.59433778	67.8799265
16.55362698	68.25879757
16.57547183	68.25879757
16.54901811	68.32565817
16.56397266	68.28108585
16.58959096	68.30336989
16.63030942	68.9273951
16.61946939	68.90510682
16.61350648	68.9273951
16.61366488	68.83825045
16.58241962	68.88282277
15.72083238	57.44980434
15.74787498	57.40523202
15.73837622	57.33837143
15.74652477	57.40523202
15.72695497	57.38294374
15.27974035	51.23184912
15.24554685	51.20956084
15.25362003	51.25413316
15.26520734	51.20956084
15.29612558	51.25413316
14.70885788	45.50419364
14.69676599	45.50419364
14.6775232	45.48190961
14.69314839	45.52648192
14.64333737	45.50419364
14.7305124	45.92764128
14.67919532	45.99450187
14.69692439	46.06135824
14.66861333	46.03907421
14.67903437	46.08364652
14.57542812	46.57395053
14.60172472	46.55166647
14.58651853	46.57395053
14.63682645	46.55166647
14.5965027	46.50708991
14.65966129	48.11172736
14.56666898	48.08943908
14.56364664	48.08943908
14.62286828	48.0671508
14.65411737	48.11172736
13.91036791	38.37248677
13.92397991	38.37248677
13.95144916	38.35020273
13.98203144	38.35020273
13.96177823	38.37248677
13.48789529	33.8483115
13.54065327	33.8483115
13.51922996	33.87059978
13.50443892	33.82602533
13.46555353	33.89288593
12.62331637	26.56059938
12.60635503	26.60517169
12.61996958	26.60517169
12.63374381	26.56059938
12.66432098	26.60517169
12.67156129	27.56349567
12.63468397	27.58578182
12.60116494	27.56349567
12.62116906	27.56349567
12.64703773	27.56349567
12.04577736	22.19242934
12.06871439	22.25928782
12.12297204	22.21471551
12.06954598	22.30386227
12.07852739	22.23700168
12.05055229	22.99474595
12.04424831	22.97245979
12.1011042	22.90559919
12.14623992	23.0170321
12.10825637	22.97245979
11.27336939	16.24191122
11.28059438	16.24191122
11.29060154	16.219624
11.25935118	16.26419739
11.22859645	16.219624
10.70611857	12.3194718
10.68150878	12.34175901
10.63758276	12.36404518
10.66680972	12.3194718
10.70193253	12.36404518
9.701187664	7.126697954
9.73789956	7.104411786
9.718239065	7.104411786
9.723869215	7.126697954
9.695895387	7.148984634
9.737133757	7.817582146
9.693863679	7.750722617
9.723100219	7.750722617
9.63506167	7.750722617
9.602223495	7.773009298
8.923984964	4.118009374
8.940785995	4.118009374
8.960619578	4.162582489
8.969273976	4.184868925
9.020343871	4.140295809
8.921226415	5.12202001
8.953408643	5.09973333
8.934420062	5.09973333
8.942148983	5.144306712
8.955162516	5.12202001
9.057050019	5.968909984
9.041249195	5.968909984
9.056032568	5.968909984
9.03897989	5.991196686
9.037544729	5.924337135
8.567815894	3.093940772
8.59898642	3.116227452
8.594867438	3.093940772
8.625199988	3.116227452
8.607550124	3.07165407
8.376471926	3.074440124
8.352527664	3.052153422
8.267527416	3.052153422
8.291209172	2.963007191
8.324394161	3.029866742
8.32043677	2.918433808
8.291540019	2.963007191
8.309758966	2.940720511
8.371751926	2.896147395
8.305733872	2.940720511
8.307964855	2.517275524
8.341568832	2.517275524
8.325522107	2.539561937
8.363825646	2.539561937
8.34619622	2.539561937
8.282671017	2.40584259
8.261593244	2.428129026
8.303769866	2.428129026
8.298040718	2.428129026
8.311229256	2.450415706
8.262504671	2.134224726
8.27930634	2.134224726
8.232185533	2.111938157
8.192544554	2.156511273
8.264522966	2.134224726
6.373556618	-2.077939688
6.333536251	-2.16708603
6.353546115	-2.122512803
6.353546115	-2.122512803
6.353546115	-2.122512803
5.373045519	-4.306598068
5.393055384	-4.262024952
5.373045519	-4.306598068
5.403060635	-4.239738272
5.373045519	-4.306598068
4.262477931	-6.780408728
4.221671642	-6.735835879
4.266097131	-6.758122048
4.305021806	-6.691262497
4.23947703	-6.735835879
4.269522484	-6.26781751
4.204777042	-6.24553083
4.180418901	-6.24553083
4.18334032	-6.26781751
4.224931572	-6.24553083
2.829988103	-8.964493748
2.759832544	-8.986780984
2.6919118	-8.919921433
2.689474197	-8.942207602
2.675860604	-8.942207602
1.646946471	-10.99257354
1.663671176	-10.97028631
1.616364508	-10.99257354
1.624098379	-10.99257354
1.654362907	-10.94800016
-0.294124016	-16.140774
-0.331259291	-16.140774
-0.283863663	-16.09620062
-0.266895912	-16.09620062
-0.264038204	-16.09620062
-1.9395493	-21.77927954
-1.948934693	-21.73470722
-1.9504457	-21.73470722
-1.933478767	-21.73470722
-1.910631154	-21.73470722
-1.971859748	-20.13007191
-1.95338085	-20.13007191
-1.944743856	-20.15236019
-1.960961273	-20.17464633
-1.989994865	-20.13007191
-1.941290559	-19.97406666
-1.950866604	-19.97406666
-1.994644609	-19.99635283
-2.015713759	-19.97406666
-2.004308315	-20.01863897
-3.620917126	-28.64354825
-3.553289545	-28.62126209
-3.530176233	-28.5989738
-3.60251583	-28.62126209
-3.62267036	-28.62126209
-4.638242987	-33.14543737
-4.613770838	-33.07857889
-4.576977188	-33.07857889
-4.606213089	-33.07857889
-4.602085484	-33.05629061
-5.572140763	-37.69190092
-5.569092243	-37.64732861
-5.516272946	-37.66961264
-5.50340823	-37.64732861
-5.504398217	-37.60275629
-6.797880836	-43.75385091
-6.819546213	-43.75385091
-6.850216636	-43.77613919
-6.857011776	-43.75385091
-6.830138431	-43.75385091
-6.813871993	-42.06007307
-6.852518515	-42.06007307
-6.815483436	-42.08235711
-6.755338238	-42.08235711
-6.815483436	-42.08235711
-7.806486831	-49.12491935
-7.747252421	-49.10263107
-7.738348929	-49.10263107
-7.797723215	-49.08034704
-7.845271951	-49.08034704
-9.030763001	-55.58802869
-8.975175574	-55.63260103
-9.023042383	-55.58802869
-9.076292804	-55.58802869
-9.063161749	-55.54345638
-10.43675281	-62.16257097
-10.44196141	-62.16257097
-10.44203486	-62.14028268
-10.42161304	-62.11799865
-10.37414222	-62.09571037
-11.50918164	-67.73421697
-11.49893432	-67.73421697
-11.4415317	-67.66735638
-11.46904056	-67.73421697
-11.44036288	-67.66735638
-11.51231255	-65.81756904
-11.5139885	-65.81756904
-11.48237919	-65.77299673
-11.56772497	-65.77299673
-11.54875939	-65.81756904
-11.5159953	-64.39122937
-11.51524674	-64.4135134
-11.5924146	-64.34665705
-11.6090617	-64.39122937
-11.58419452	-64.39122937
-11.5365091	-64.07921465
-11.57234789	-64.0123583
-11.57243731	-64.03464233
-11.56614866	-64.05693061
-11.51800593	-64.03464233
-11.61237912	-63.9454977
-11.5899671	-63.96778173
-11.55667545	-63.92320942
-11.5688708	-63.9454977
-11.57431765	-63.92320942
-11.57099768	-62.92114884
-11.61105445	-62.89886481
-11.63390079	-62.89886481
-11.64287709	-62.87657652
-11.61282621	-62.92114884
-12.61694725	-72.1477929
-12.63434418	-72.17008118
-12.61921847	-72.17008118
-12.65724545	-72.10322483
-12.61745437	-72.1477929
-12.66734842	-70.92203504
-12.66384706	-70.96660735
-12.61830129	-70.92203504
-12.59991181	-70.94431907
-12.56309325	-70.89974676
-13.85566189	-78.76691174
-13.89001634	-78.74462346
-13.86352175	-78.67776711
-13.85134683	-78.70004689
-13.88173494	-78.65547883
-14.65430642	-82.17675569
-14.68518889	-82.13218762
-14.68821123	-82.13218762
-14.64737396	-82.08761106
-14.62694575	-82.06532278
-14.68499856	-79.07892221
-14.65972772	-79.10121049
-14.70801224	-79.07892221
-14.77981884	-79.05663393
-14.72001471	-79.05663393
-15.34747076	-84.31626944
-15.3404591	-84.24941309
-15.42573079	-84.27169288
-15.40487721	-84.22712481
-15.32425909	-84.27169288
-15.58799151	-84.60599166
-15.54505292	-84.58371185
-15.57135846	-84.60599166
-15.56252906	-84.58371185
-15.51354707	-84.56142357
-16.20282172	-87.68154532
-16.26168441	-87.65925704
-16.28587712	-87.65925704
-16.23831306	-87.61468048
-16.20975163	-87.61468048
-16.31422012	-84.9180106
-16.2870319	-84.96257869
-16.34748112	-84.9180106
-16.28280114	-84.9180106
-16.32708995	-84.94029041
-16.33280504	-84.78428941
-16.28876916	-84.73971285
-16.36193875	-84.76200113
-16.2886708	-84.71742457
-16.33916395	-84.73971285
-16.71674994	-88.72900968
-16.6720562	-88.72900968
-16.69838601	-88.63986505
-16.70674405	-88.7067299
-16.67210985	-88.66215333
-17.23052871	-91.13596584
-17.21658331	-91.13596584
-17.14499642	-91.09138928
-17.25040509	-91.069101
-17.21344601	-91.069101
-17.24190525	-88.39471093
-17.25032333	-88.43928749
-17.25249619	-88.39471093
-17.28776526	-88.39471093
-17.26475159	-88.39471093
-17.79684063	-92.78517136
-17.81270214	-92.76288308
-17.79624537	-92.76288308
-17.78044518	-92.76288308
-17.79675249	-92.76288308
-18.31439285	-93.89950056
-18.32396825	-93.89950056
-18.31546842	-93.87721228
-18.27589706	-93.854924
-18.36620555	-93.87721228
-18.24038528	-92.65145017
-18.30289495	-92.69602673
-18.33177573	-92.65145017
-18.2949048	-92.67373845
-18.34110843	-92.67373845
-18.54829027	-94.61267464
-18.56644088	-94.61267464
-18.53140046	-94.59038635
-18.56417987	-94.63495444
-18.46259192	-94.56809807
-18.85914606	-96.01672603
-18.95716367	-95.99443775
-18.90216002	-96.01672603
-18.9128161	-95.99443775
-18.85425616	-95.97214947
-18.90347446	-93.67663472
-18.94101731	-93.65434644
-18.96721683	-93.65434644
-18.92858308	-93.65434644
-18.95596419	-93.65434644
-18.96521003	-93.698923
-18.94788845	-93.65434644
-18.93664859	-93.698923
-19.03089787	-93.698923
-18.95698356	-93.698923
-19.58191418	-98.289961
-19.63143268	-98.20080787
-19.63118103	-98.17852808
-19.67367508	-98.17852808
-19.62872842	-98.1562398
-19.9446491	-98.64653956
-19.88776256	-98.62425975
-19.9250627	-98.62425975
-19.92624812	-98.62425975
-19.91397612	-98.62425975
-19.99107372	-96.484746
-19.9696453	-96.46245772
-19.95108849	-96.484746
-19.9552707	-96.44016944
-19.92832135	-96.46245772
-19.96978199	-95.34812852
-19.94804188	-95.3704168
-19.97214135	-95.34812852
-20.04722449	-95.34812852
-19.9605502	-95.34812852
-20.30190524	-98.75797247
-20.33667612	-98.75797247
-20.37726813	-98.78026075
-20.31752404	-98.75797247
-20.36555946	-98.7134044
-20.58999645	-99.44885826
-20.56942389	-99.47114654
-20.53230131	-99.47114654
-20.51674383	-99.44885826
-20.50599832	-99.44885826
-20.55652085	-97.77736446
-20.59304688	-97.7550762
-20.58279573	-97.7550762
-20.5589428	-97.7550762
-20.61044893	-97.77736446
-20.59311714	-96.86361282
-20.60983194	-96.84133304
-20.57061187	-96.86361282
-20.59857931	-96.84133304
-20.55647742	-96.81904476
-20.66589073	-94.25163333
-20.61726259	-94.27391314
-20.59980178	-94.27391314
-20.63330421	-94.25163333
-20.65640602	-94.27391314
-20.64719979	-94.1624802
-20.69331145	-94.14020042
-20.64511379	-94.18476848
-20.6246958	-94.1624802
-20.67888574	-94.18476848
-20.42533677	-88.72455541
-20.38871237	-88.72455541
-20.4607834	-88.72455541
-20.49639609	-88.72455541
-20.49169653	-88.72455541
-20.43353002	-88.99199782
-20.45351753	-88.99199782
-20.52667052	-88.96970954
-20.4443509	-88.96970954
-20.4667016	-88.96970954
-20.16278211	-82.86318723
-20.15641809	-82.9077553
-20.10516106	-82.86318723
-20.08811796	-82.88547552
-20.139527	-82.88547552
-19.79551497	-79.14132431
-19.83484873	-79.18590087
-19.83811505	-79.16361259
-19.86973714	-79.25275722
-19.90053658	-79.18590087
-19.43903421	-72.99022545
-19.40291695	-72.99022545
-19.41192135	-73.01251373
-19.41793919	-72.96794564
-19.46171832	-72.99022545
-18.89011028	-66.57169265
-18.94974707	-66.57169265
-18.96889916	-66.57169265
-18.9004483	-66.59397668
-18.90472759	-66.57169265
-18.89943149	-67.97574829
-18.90439675	-67.99803232
-18.88742902	-67.99803232
-18.87188431	-67.97574829
-18.84300608	-68.0203206
-18.82473923	-68.46605229
-18.89201361	-68.44376401
-18.93897602	-68.46605229
-18.88562277	-68.44376401
-18.87742057	-68.48833633
-18.31125299	-60.22001622
-18.35569125	-60.19772794
-18.29228102	-60.22001622
-18.27372292	-60.24230025
-18.31169753	-60.24230025
-17.79955256	-54.13577795
-17.80146483	-54.11348967
-17.85935414	-54.13577795
-17.78948919	-54.18035026
-17.76747955	-54.18035026
-17.43690451	-49.9458993
-17.45245943	-49.96818758
-17.41710094	-49.99047162
-17.38645862	-50.0127599
-17.42281987	-49.99047162
-16.96341372	-45.39943787
-16.96308288	-45.39943787
-16.97619796	-45.44401018
-16.97031936	-45.44401018
-16.97821881	-45.44401018
-16.96869834	-46.44690647
-16.97800676	-46.42461819
-16.99920525	-46.46919475
-16.95542485	-46.44690647
-16.92149577	-46.44690647
-16.90733705	-47.38489353
-16.93889527	-47.34032122
-16.97428697	-47.40718182
-16.93596363	-47.36260525
-16.95218025	-47.38489353
-16.97262251	-47.96434642
-16.94394612	-47.89748582
-16.96254126	-47.96434642
-16.90945626	-47.96434642
-16.92094521	-47.94205814
-16.31492014	-39.09428514
-16.33474286	-39.09428514
-16.36255829	-39.1165692
-16.32584192	-39.09428514
-16.3686004	-39.1165692
-15.62468233	-33.21062655
-15.67323127	-33.21062655
-15.62208793	-33.23291272
-15.68542407	-33.23291272
-15.6204107	-33.23291272
-14.86843349	-26.27949937
-14.80906113	-26.30178552
-14.86953845	-26.30178552
-14.79780849	-26.30178552
-14.85534907	-26.32407169
-14.47565025	-23.53824869
-14.50816141	-23.56053486
-14.47667984	-23.582821
-14.51817113	-23.582821
-14.46659602	-23.582821
-14.47523637	-24.27370682
-14.48238471	-24.29599296
-14.44955804	-24.31827913
-14.4671964	-24.31827913
-14.47658275	-24.27370682
-14.4673548	-25.18745632
-14.45936593	-25.16517017
-14.48852646	-25.18745632
-14.44593277	-25.16517017
-14.43575954	-25.14288189
-13.94866698	-20.19526108
-13.91036536	-20.19526108
-13.95363735	-20.21754725
-13.9127937	-20.17297494
-13.8997131	-20.21754725
-13.33269605	-16.18367597
-13.40620287	-16.20596214
-13.33555104	-16.18367597
-13.31087674	-16.22824935
-13.30917397	-16.18367597
-12.56361316	-12.06065794
-12.53555885	-12.06065794
-12.57906717	-12.06065794
-12.54597351	-12.06065794
-12.59048459	-12.06065794
-11.3300375	-7.023889856
-11.31352963	-6.934743625
-11.34849213	-6.979316473
-11.33867274	-7.001603176
-11.36160977	-7.023889856
-11.2808307	-7.781633599
-11.32258769	-7.803920301
-11.29871049	-7.759346919
-11.34980402	-7.803920301
-11.29083659	-7.803920301
-9.83347031	-3.056877856
-9.847154479	-3.101450971
-9.840312714	-3.079164558
-9.853996883	-3.123737674
-9.847154479	-3.101450971
-8.205051598	2.24732919
-8.192453859	2.24732919
-8.260228979	2.269615603
-8.183208023	2.24732919
-8.197246033	2.225042488
-8.211384957	1.868457163
-8.212058787	1.868457163
-8.189642297	1.8015975
-8.224155784	1.823884069
-8.196766368	1.868457163
-7.151037792	3.740530263
-7.071840781	3.673670445
-7.050745125	3.740530263
-7.075358746	3.673670445
-7.067886583	3.695957147
-7.11408766	2.826780204
-7.109710003	2.871353586
-7.083935224	2.849066906
-7.095435674	2.871353586
-7.095435674	2.871353586
-7.051394045	2.647651765
-7.04080566	2.692225147
-7.016612942	2.692225147
-7.020143682	2.692225147
-7.049293996	2.669938467
-5.762184975	5.388901919
-5.702202007	5.388901919
-5.780333664	5.388901919
-5.749587236	5.388901919
-5.756634663	5.388901919
-3.752662305	8.954754834
-3.719049386	8.999328216
-3.775175558	8.910182519
-3.79592376	8.932468665
-3.740897432	8.910182519
-2.505074027	11.60685873
-2.542108307	11.67371829
-2.506242051	11.60685873
-2.592844641	11.67371829
-2.616453904	11.60685873
-1.652772382	13.90237669
-1.692422462	13.90237669
-1.707722386	13.85780331
-1.616912673	13.88009052
-1.651778244	13.85780331
-1.662156177	12.56518164
-1.663667663	12.56518164
-1.66517883	12.56518164
-1.651068807	12.56518164
-1.641916381	12.54289547
-0.860174194	16.26475522
-0.871600156	16.22018183
-0.87520227	16.242468
-0.951394432	16.22018183
-0.949210234	16.22018183
0.834038468	21.85868632
0.770791818	21.92554692
0.766511962	21.85868632
0.751644918	21.8809746
0.710234179	21.90326075
0.76548557	20.85579003
0.733989386	20.92265063
0.762298611	20.85579003
0.750617728	20.87807831
0.780348861	20.87807831
0.785022476	20.61063804
0.827695368	20.61063804
0.816358505	20.63292419
0.815011724	20.63292419
0.865075585	20.63292419
1.913985931	26.18228403
1.909781522	26.18228403
1.91389284	26.15999786
1.90658626	26.13771171
1.858541253	26.13771171
2.825075214	30.30530205
2.760135288	30.28301591
2.725443603	30.30530205
2.797520375	30.26072974
2.786755708	30.21615531
3.617349022	33.09112505
3.594823634	33.04655274
3.58600477	33.02426657
3.589620456	33.00197829
3.568026294	32.97969214
4.712608225	37.59301629
4.695805278	37.59301629
4.639955983	37.61530034
4.630041427	37.57072801
4.638351566	37.59301629
6.18075258	43.81097152
6.186376981	43.78868749
6.128587312	43.83325981
6.18655454	43.78868749
6.146483076	43.76639921
6.129052287	42.51834881
6.195087585	42.56292538
6.180711064	42.49606476
6.173399215	42.51834881
6.203990439	42.56292538
6.200733064	41.84975128
6.146958909	41.84975128
6.169807799	41.84975128
6.233900808	41.82746725
6.196099927	41.87203956
6.216242641	41.73831837
6.231368997	41.73831837
6.208355322	41.73831837
6.142992575	41.69374605
6.146866297	41.69374605
7.167580787	48.84774121
7.168748332	48.84774121
7.214366275	48.82545293
7.197647637	48.80316887
7.145728909	48.80316887
7.94580924	52.79246571
7.977737265	52.79246571
7.978647414	52.77017743
8.027866354	52.72560511
8.028379231	52.77017743
9.575905181	60.16932671
9.647647912	60.16932671
9.65729613	60.14703843
9.660404049	60.12475014
9.69098697	60.12475014
11.13075128	66.69929242
11.08209632	66.63243607
11.10351579	66.61014779
11.12435789	66.61014779
11.04765628	66.58785951
11.12199342	64.91636571
11.12636213	64.91636571
11.14047104	64.91636571
11.18776429	64.89408167
11.15558909	64.87179339
11.19535078	62.50913805
11.1416769	62.57599865
11.15706449	62.59828268
11.10439337	62.57599865
11.07330907	62.53142633
11.15712325	62.44227743
11.19668695	62.46456571
11.2449127	62.46456571
11.17359279	62.48684977
11.17618847	62.46456571
11.23910947	64.98295056
11.23583676	65.00523459
11.31673463	64.98295056
11.27194381	64.96066228
11.31435994	64.93837399
11.78357399	68.99453567
11.75367	68.94995911
11.70461776	68.99453567
11.73384217	68.94995911
11.77064284	68.99453567
12.2161598	70.77746239
12.20901912	70.7551741
12.18676039	70.77746239
12.17298489	70.73288582
12.12334377	70.7551741
12.62446603	73.02840482
12.62766465	73.02840482
12.60027332	72.98382826
12.58943073	73.00611654
12.6604926	72.96154847
13.06131582	74.05358939
13.09870154	74.03130111
13.03158812	74.05358939
13.00739412	74.05358939
13.06149849	74.05358939
13.44597734	75.43535251
13.44403697	75.45764079
13.52872106	75.45764079
13.4803254	75.41307272
13.44916829	75.43535251
13.7214823	77.0845665
13.74458156	77.01770165
13.72525447	77.01770165
13.75818462	77.01770165
13.7628037	76.99541337
14.17868876	78.28804035
14.24900464	78.26575207
14.2072502	78.28804035
14.16809655	78.24346379
14.23271137	78.26575207
14.07640846	75.43535251
14.05969238	75.41307272
14.0741449	75.41307272
14.00509366	75.41307272
14.03769296	75.45764079
14.06282329	74.83361984
14.03149628	74.85590812
14.07845869	74.83361984
14.00083352	74.83361984
14.04199397	74.83361984
14.29883354	78.55547426
14.30806788	78.55547426
14.32277461	78.53319446
14.34150004	78.51090617
14.33982026	78.55547426
14.5370754	79.51380246
14.54749006	79.51380246
14.53270669	79.51380246
14.52658027	79.53609075
14.54001215	79.53609075
14.56469539	79.51380246
14.61459455	79.51380246
14.64609784	79.53609075
14.66884837	79.51380246
14.69279071	79.53609075
14.69733443	80.60584338
14.75235725	80.5835551
14.72766507	80.62813167
14.68280143	80.5835551
14.72253502	80.56126682
14.77682588	81.02928677
14.86629512	81.00699849
14.80336647	81.02928677
14.83167114	81.00699849
14.88460285	81.05157505
14.97361478	81.60873965
15.00343956	81.63102793
15.04215123	81.51959502
15.00728837	81.58645137
15.06919766	81.56416309
15.238806	82.32191375
15.18898221	82.29962547
15.19418634	82.29962547
15.29381732	82.29962547
15.22400474	82.27733719
15.15983445	80.67269973
15.19159577	80.67269973
15.108092	80.67269973
15.09187538	80.60584338
15.14640129	80.62813167
15.13110823	79.06807078
15.09691601	79.04578249
15.13321211	79.04578249
15.11716539	79.06807078
15.11623289	79.04578249
15.21428499	76.48143391
15.22965724	76.50372219
15.2005031	76.48143391
15.1898419	76.50372219
15.25401858	76.45914563
15.18850957	76.63744341
15.17851901	76.65972319
15.24656494	76.65972319
15.20447199	76.63744341
15.20783283	76.68201147
15.14919497	76.45914563
15.13146974	76.48143391
15.11264722	76.48143391
15.14725459	76.48143391
15.18807525	76.43685735
14.89782268	72.46984879
14.90916601	72.49213708
14.94689408	72.46984879
14.88119857	72.46984879
14.8867425	72.51442536
14.58620046	64.84783794
14.61141254	64.93698257
14.52992068	64.89241025
14.5483983	64.89241025
14.57360783	64.89241025
14.5335766	65.22670901
14.51878556	65.18213669
14.53062708	65.20442073
14.50458341	65.15984841
14.55843101	65.22670901
14.0912276	59.83335653
14.1712083	59.87792887
14.13592901	59.87792887
14.10552045	59.92250118
14.11870324	59.94478947
13.6998495	54.43999983
13.67565678	54.43999983
13.70640257	54.43999983
13.72900109	54.41771578
13.64860907	54.39542752
13.26033633	50.56213591
13.26125734	50.53984763
13.3141916	50.53984763
13.27420125	50.53984763
13.27764513	50.56213591
13.23379192	51.38673867
13.23806738	51.36445463
13.2924285	51.38673867
13.30544523	51.36445463
13.33803814	51.40902695
12.8534659	44.85676871
12.83304918	44.83448468
12.84060501	44.7453358
12.77650754	44.76762408
12.79045677	44.76762408
12.86055548	45.07963455
12.83560526	45.10192284
12.8324999	45.12421112
12.82863831	45.12421112
12.85089449	45.10192284
12.84376786	46.28227692
12.84082217	46.30456098
12.83729143	46.30456098
12.82696364	46.28227692
12.84191052	46.28227692
12.20645282	37.38992737
12.15623048	37.47907627
12.14849454	37.47907627
12.17882773	37.5013603
12.18017283	37.5013603
11.57301981	31.90743026
11.56091387	31.90743026
11.55478234	31.92971643
11.59326407	31.92971643
11.55066399	31.90743026
10.93543012	27.04895411
10.96382422	27.09352644
10.97718073	27.07124028
10.97038495	27.13810087
10.93686592	27.1158147
10.6328155	23.37166775
10.57603242	23.41624008
10.56670611	23.39395392
10.62123138	23.41624008
10.57510758	23.43852837
10.54321085	24.39685021
10.51170118	24.41913635
10.50432035	24.4637108
10.55320588	24.41913635
10.53001529	24.41913635
10.47671186	24.66429048
10.45545525	24.68657665
10.50191372	24.70886279
10.48360344	24.70886279
10.48880694	24.70886279
9.95042477	18.6469128
9.949422648	18.6469128
9.909516608	18.62462452
9.929762792	18.6469128
9.970585368	18.60233835
9.125069762	12.80782653
9.065169825	12.78554038
9.091633763	12.76325421
9.140774781	12.78554038
9.070550243	12.83011374
8.312769164	8.885388176
8.3477208	8.885388176
8.326971958	8.907674345
8.294712447	8.907674345
8.318742934	8.907674345
8.193293751	9.397979394
8.251514542	9.420266608
8.239254676	9.464838923
8.210270424	9.442552777
8.211192708	9.420266608
7.791704735	6.054991791
7.787266402	6.077278493
7.75861108	6.054991791
7.772554562	6.054991791
7.806501522	6.054991791
7.245834436	3.447461784
7.194842462	3.514321335
7.180982012	3.492034899
7.237866641	3.558894717
7.21534221	3.514321335
7.164419855	4.160632433
7.161063481	4.205205549
7.224824366	4.182918846
7.19314735	4.160632433
7.171725318	4.182918846
7.316256972	5.898986031
7.25569087	5.965845559
7.255939963	5.943558879
7.315758146	5.943558879
7.257959536	5.943558879
7.086200696	3.826333655
7.144423404	3.848620091
7.160378794	3.804046975
7.146350365	3.826333655
7.153152531	3.804046975
6.581578348	3.516550049
6.569059169	3.538836752
6.584943025	3.516550049
6.610220256	3.538836752
6.582508296	3.538836752
6.54784216	3.694842778
6.58907542	3.672556098
6.599406409	3.694842778
6.567746638	3.717129459
6.566223975	3.717129459
5.226567104	-0.361315519
5.211926161	-0.405888701
5.219246633	-0.38360211
5.226567104	-0.361315519
5.226567104	-0.361315519
3.821025669	-4.640339795
3.910612429	-4.707199324
3.895017266	-4.662626475
3.878938926	-4.729486026
3.943657223	-4.640339795
1.306012975	-7.247869802
1.314331816	-7.225583633
1.322128519	-7.247869802
1.297173592	-7.270156482
1.353231503	-7.203296953
1.279804118	-6.178113983
1.323226606	-6.200400663
1.246707749	-6.178113983
1.314983132	-6.200400663
1.313980211	-6.200400663
1.304937642	-6.155827281
1.258900072	-6.155827281
1.337284496	-6.133540601
1.239875724	-6.244973512
1.211846489	-6.200400663
-1.179065399	-11.12573584
-1.091613497	-11.1034486
-1.154352619	-11.08116246
-1.096338287	-11.14802198
-1.035238391	-11.08116246
-1.081546611	-10.59085738
-1.10507915	-10.63543077
-1.175881793	-10.61314462
-1.115811563	-10.59085738
-1.100621656	-10.61314462
-2.899879239	-16.11793001
-2.932810345	-16.11793001
-2.827805342	-16.11793001
-2.896260359	-16.09564384
-2.880639648	-16.09564384
-4.330915384	-21.66728878
-4.32624169	-21.71186323
-4.359808622	-21.66728878
-4.364532455	-21.71186323
-4.353191679	-21.68957706
-4.334783677	-20.7981137
-4.311694316	-20.82039985
-4.408445066	-20.77582542
-4.355955339	-20.7981137
-4.369709765	-20.75353925
-5.693893784	-27.61780797
-5.611977823	-27.59552182
-5.691544003	-27.61780797
-5.638863304	-27.59552182
-5.651943901	-27.55094737
-6.892941902	-33.36774537
-6.93264228	-33.30088688
-6.830659611	-33.30088688
-6.87240511	-33.27860071
-6.901996128	-33.32317305
-7.644385151	-37.06732001
-7.656031864	-37.00045939
-7.589014882	-37.04503173
-7.68821537	-37.02274767
-7.694691798	-37.04503173
-7.73321505	-35.03923917
-7.672826507	-35.06152745
-7.684179418	-35.0838136
-7.693233644	-35.03923917
-7.650052984	-35.03923917
-7.668073933	-35.12838591
-7.646738125	-35.12838591
-7.727536998	-35.12838591
-7.688064636	-35.12838591
-7.654130451	-35.12838591
-8.26695961	-39.98685996
-8.22815022	-39.98685996
-8.196207505	-39.94228764
-8.310635902	-39.98685996
-8.246602293	-39.94228764
-9.096086787	-44.22131092
-9.083565053	-44.19902686
-9.018376034	-44.19902686
-9.051625531	-44.15445455
-9.043204258	-44.10987798
-9.145513304	-43.08469768
-9.08301577	-43.08469768
-9.096640541	-43.12927
-9.126118509	-43.10698171
-9.045904686	-43.12927
-10.03015318	-49.77067287
-10.077601	-49.74838458
-10.1240467	-49.72610055
-10.04657546	-49.68152399
-10.05358584	-49.74838458
-11.08772455	-55.60975701
-11.19899138	-55.54289641
-11.18462444	-55.56518469
-11.1746326	-55.54289641
-11.15591099	-55.56518469
-12.14742535	-60.51280548
-12.10951717	-60.44594488
-12.1085259	-60.4905172
-12.13390022	-60.4905172
-12.07383039	-60.46823317
-12.39412745	-61.47112946
-12.32602915	-61.53799005
-12.42294309	-61.49341349
-12.45401972	-61.49341349
-12.38511921	-61.44884117
-12.50929036	-59.55448153
-12.41262296	-59.57676981
-12.42764648	-59.55448153
-12.46770326	-59.53219749
-12.38783242	-59.55448153
-13.30619507	-65.81701333
-13.24084062	-65.81701333
-13.23722302	-65.79472505
-13.26577423	-65.79472505
-13.32365971	-65.81701333
-13.34648944	-63.36353769
-13.33599941	-63.38582597
-13.39410077	-63.34125366
-13.40689011	-63.38582597
-13.34415179	-63.40811
-13.32994325	-63.18524418
-13.33639285	-63.16296013
-13.36950311	-63.20753246
-13.40234256	-63.18524418
-13.35991365	-63.16296013
-13.37258804	-63.14067187
-13.40712005	-63.16296013
-13.32074723	-63.11838781
-13.32327521	-63.11838781
-13.36949034	-63.16296013
-13.67494144	-66.92939114
-13.70407387	-66.90710708
-13.63947054	-66.88481882
-13.62555069	-66.92939114
-13.63526533	-66.88481882
-14.12036131	-70.09408521
-14.13858601	-70.07180118
-14.18209815	-70.07180118
-14.11315038	-70.09408521
-14.1375066	-70.09408521
-14.64589728	-72.6570466
-14.68007545	-72.63475834
-14.60446986	-72.63475834
-14.61631138	-72.61247006
-14.66771914	-72.61247006
-15.32012286	-75.75488007
-15.3089226	-75.68801523
-15.24448405	-75.66573544
-15.21945336	-75.66573544
-15.28288914	-75.68801523
-15.85240862	-77.98353848
-15.85693701	-77.98353848
-15.89683028	-77.96125019
-15.88260641	-77.89439385
-15.85313547	-77.91667363
-15.90904608	-75.73259179
-15.89409792	-75.73259179
-15.86442642	-75.71030351
-15.8800465	-75.71030351
-15.99498458	-75.75488007
-16.24477033	-79.16472405
-16.26559964	-79.16472405
-16.34379326	-79.14243577
-16.32413532	-79.14243577
-16.29087432	-79.14243577
-16.28128742	-77.35950903
-16.30338264	-77.38179731
-16.34672873	-77.38179731
-16.28013009	-77.40408559
-16.24180037	-77.35950903
-16.77800776	-81.48252708
-16.80093074	-81.46024727
-16.72977306	-81.43795899
-16.71172464	-81.46024727
-16.74069484	-81.43795899
-17.26840751	-83.48831964
-17.23512225	-83.44375155
-17.14869961	-83.46603983
-17.20949501	-83.42146327
-17.28033589	-83.48831964
-17.56009333	-85.36039948
-17.52243551	-85.31582291
-17.49178681	-85.3381112
-17.56241437	-85.31582291
-17.59685824	-85.31582291
-17.98005841	-87.32161547
-17.94434353	-87.29932719
-17.94990917	-87.34390375
-18.0514358	-87.27703891
-18.03948315	-87.23247082
-18.13432004	-87.67820251
-18.11006345	-87.70049079
-18.14500167	-87.70049079
-18.10273627	-87.67820251
-18.13665768	-87.63362595
-18.08690032	-85.65012167
-18.14788477	-85.65012167
-18.12512913	-85.67240995
-18.09201759	-85.62783339
-18.0464105	-85.65012167
-18.52072138	-89.4834175
-18.54285876	-89.39426438
-18.57997751	-89.39426438
-18.61990654	-89.46112922
-18.58965894	-89.41655266
-18.93792855	-90.62002651
-18.93825812	-90.62002651
-19.02804416	-90.5977467
-18.97210417	-90.5977467
-18.96058583	-90.57545842
-19.23542144	-91.46692178
-19.29781869	-91.4446335
-19.27919034	-91.48921006
-19.26069994	-91.4446335
-19.25589691	-91.42234522
-19.30449695	-90.64231479
-19.31550305	-90.66460307
-19.29045958	-90.62002651
-19.24418314	-90.64231479
-19.28256268	-90.62002651
-19.25059186	-89.46112922
-19.26686213	-89.41655266
-19.30929232	-89.43884094
-19.24980626	-89.39426438
-19.24233857	-89.41655266
-19.5709694	-92.5589627
-19.57437496	-92.49210635
-19.63907537	-92.53667442
-19.5761531	-92.51438614
-19.54423466	-92.51438614
-19.74299075	-92.42524151
-19.70250094	-92.42524151
-19.66527872	-92.40295322
-19.72232877	-92.42524151
-19.74232011	-92.42524151
-19.96257233	-93.53957071
-19.95760835	-93.51728243
-19.8990484	-93.49500262
-19.87560424	-93.47271434
-19.89249533	-93.49500262
-19.81208032	-91.33320059
-19.84760231	-91.31091231
-19.84188722	-91.31091231
-19.81375755	-91.33320059
-19.79214646	-91.26634422
-19.86081321	-89.95142898
-19.80848826	-89.97371726
-19.83931197	-89.95142898
-19.80253046	-89.99600554
-19.84626871	-89.92914919
-19.76871507	-87.43193695
-19.80418725	-87.47650502
-19.83869371	-87.45422523
-19.8646403	-87.43193695
-19.83314468	-87.45422523
-19.82393461	-87.4987933
-19.79671956	-87.4987933
-19.82333551	-87.47650502
-19.80293029	-87.4987933
-19.8644257	-87.4987933
-19.69649332	-84.49010447
-19.72810774	-84.53468104
-19.74925258	-84.49010447
-19.72742944	-84.53468104
-19.71027521	-84.49010447
-19.14217236	-75.08517113
-19.12512543	-75.10745091
-19.12990419	-75.08517113
-19.18651993	-75.08517113
-19.21079951	-75.10745091
-19.21646223	-75.5309028
-19.21761956	-75.48632623
-19.17840076	-75.50861451
-19.13724031	-75.50861451
-19.15951821	-75.5309028
-18.62240769	-68.37690341
-18.69208103	-68.44376401
-18.67692593	-68.39919167
-18.70616311	-68.39919167
-18.69618532	-68.42147996
-18.05912576	-61.73550477
-18.0493332	-61.80236114
-18.01033284	-61.7577888
-18.09308167	-61.78007709
-18.10819589	-61.78007709
-17.67426752	-56.89931265
-17.66466657	-56.85474033
-17.63327058	-56.89931265
-17.66350924	-56.89931265
-17.6614935	-56.89931265
-17.56948606	-57.54562615
-17.61334311	-57.54562615
-17.62761424	-57.54562615
-17.70247	-57.56791018
-17.68170583	-57.54562615
-17.61102335	-58.12591049
-17.62245482	-58.12591049
-17.65504134	-58.12591049
-17.64268248	-58.10362644
-17.65167667	-58.12591049
-17.57931695	-58.57164216
-17.57687073	-58.54935812
-17.64769373	-58.57164216
-17.6412339	-58.59393044
-17.68616269	-58.57164216
-16.99210162	-49.87987442
-16.97513261	-49.87987442
-16.95992131	-49.85759038
-16.96873155	-49.8353021
-16.96491212	-49.92445098
-16.44068676	-44.8208207
-16.44664328	-44.79853666
-16.40890882	-44.77624838
-16.47278276	-44.8208207
-16.44783893	-44.84310898
-16.37602339	-45.73457233
-16.40374684	-45.73457233
-16.4234942	-45.75685637
-16.46223397	-45.77914465
-16.45430769	-45.73457233
-15.75297054	-39.13774178
-15.77993905	-39.11545774
-15.76969556	-39.16003006
-15.82941283	-39.13774178
-15.79386657	-39.11545774
-15.2921452	-34.47984743
-15.2745311	-34.52441975
-15.23401702	-34.47984743
-15.23495974	-34.50213358
-15.26023059	-34.47984743
-15.19255766	-35.43816927
-15.29470639	-35.43816927
-15.28008652	-35.43816927
-15.32820626	-35.4158831
-15.25034349	-35.43816927
-14.42580091	-27.61557872
-14.43429947	-27.63786489
-14.40415023	-27.66015317
-14.44716418	-27.66015317
-14.42194316	-27.61557872
-13.90788847	-23.31426927
-13.88175155	-23.29198099
-13.85957968	-23.29198099
-13.8359784	-23.31426927
-13.8489236	-23.31426927
-12.8915823	-17.00716516
-12.9074949	-17.07402471
-12.90093927	-17.07402471
-12.95184246	-17.07402471
-12.93480192	-17.09631193
-12.93991025	-17.94320085
-12.94142014	-17.94320085
-12.94309737	-17.94320085
-12.96712658	-17.94320085
-12.93379149	-17.96548914
-11.89315081	-11.65838502
-11.9384411	-11.68067117
-11.90927673	-11.65838502
-11.93700402	-11.65838502
-11.89979202	-11.68067117
-11.93050332	-12.66128129
-11.88127608	-12.66128129
-11.87793951	-12.70585467
-11.87246839	-12.68356746
-11.90790097	-12.63899514
-10.63963555	-6.30960486
-10.64366192	-6.30960486
-10.66567347	-6.30960486
-10.64080501	-6.30960486
-10.68684322	-6.30960486
-9.400675001	-2.855184345
-9.392377636	-2.832897665
-9.417271008	-2.899757461
-9.433866377	-2.944330576
-9.400675001	-2.855184345
-8.819824963	-1.295123343
-8.803229594	-1.250550228
-8.811527598	-1.272836774
-8.811527598	-1.272836774
-8.811527598	-1.272836774
-7.492168007	2.270729972
-7.454617497	2.248443536
-7.434462647	2.248443536
-7.399685377	2.203870287
-7.437320196	2.248443536
-6.445430922	3.474205671
-6.391745546	3.496492084
-6.436611738	3.451918968
-6.46482891	3.451918968
-6.477935694	3.451918968
-6.48882363	2.894754368
-6.523604733	2.850181252
-6.517047829	2.939327483
-6.454977586	2.827894572
-6.452876898	2.850181252
-6.541550316	2.02557758
-6.51392011	2.003291011
-6.491157444	2.02557758
-6.446466256	2.02557758
-6.473941897	2.003291011
-6.466209782	1.780425167
-6.493344995	1.802711736
-6.514588191	1.824998416
-6.538861385	1.802711736
-6.587838256	1.780425167
-6.666378044	1.356980046
-6.619412441	1.423839864
-6.589347507	1.379266748
-6.588420113	1.446126411
-6.592031329	1.423839864
-6.374763763	3.028473981
-6.437347522	3.050760417
-6.430118703	3.050760417
-6.434488057	3.050760417
-6.378545512	3.050760417
-6.214240952	3.316806617
-6.18199166	3.272233501
-6.140071157	3.249946799
-6.176360233	3.294519914
-6.175861407	3.249946799
-6.106382233	3.339650348
-6.097056559	3.361937028
-6.082183767	3.295077232
-6.13073207	3.384223463
-6.142915292	3.361937028
-6.090899481	2.737912631
-6.092169219	2.671052836
-6.049480359	2.760199067
-6.070823831	2.715625951
-6.080062641	2.760199067
-6.072609	2.470473671
-6.102600484	2.448186991
-6.085457749	2.492760107
-6.099656072	2.425900289
-6.119557357	2.492760107
-4.805267456	5.167150176
-4.809802233	5.167150176
-4.774858581	5.122576794
-4.805932663	5.211723559
-4.813497438	5.167150176
-3.027122534	8.287271935
-3.000410141	8.242698553
-3.042329367	8.264985255
-3.06517666	8.264985255
-3.028879601	8.264985255
-1.962118919	10.56050372
-1.974387088	10.56050372
-1.961869346	10.53821648
-1.981609519	10.51593034
-1.96951843	10.51593034
-0.198796671	15.64184465
-0.172253634	15.64184465
-0.176122705	15.59727127
-0.171000223	15.61955849
-0.14529587	15.61955849
-0.115058586	14.66123453
-0.128258261	14.63894836
-0.141779751	14.66123453
-0.108928733	14.63894836
-0.143291277	14.66123453
0.572724723	18.02650828
0.522567612	18.00422211
0.536677515	18.00422211
0.569105125	17.9596498
0.560447173	17.98193597
1.624480322	21.77065524
1.592136822	21.79294141
1.582803324	21.72608292
1.640610397	21.77065524
1.577845088	21.70379464
1.617793442	20.52260696
1.62190476	20.50032081
1.623335929	20.47803253
1.587305368	20.54489313
1.598219331	20.50032081
1.579389627	20.32202728
1.610050788	20.34431345
1.593333428	20.32202728
1.587360456	20.29974111
1.606262493	20.32202728
2.815906661	26.22797204
2.7518887	26.18339971
2.740801808	26.18339971
2.801793285	26.13882528
2.761888203	26.20568587
2.771407084	24.890777
2.802319255	24.890777
2.833654885	24.91306317
2.791985392	24.91306317
2.831876741	24.84620468
4.6087449	33.38196506
4.610844629	33.40425123
4.613029306	33.40425123
4.609255541	33.38196506
4.59017339	33.3596789
5.481861651	37.63870431
5.461697221	37.59413199
5.430951431	37.59413199
5.451697079	37.57184371
5.474379907	37.57184371
6.328970177	41.65028942
6.315026695	41.65028942
6.313350105	41.65028942
6.326032791	41.62800114
6.265711951	41.58342882
6.83593592	44.28010718
6.853486785	44.21324658
6.885079493	44.25781889
6.853650293	44.21324658
6.852563224	44.23553061
6.815101493	42.63089741
6.867607187	42.65318569
6.873903502	42.63089741
6.902379987	42.65318569
6.899099619	42.63089741
7.849782458	49.22772796
7.818187834	49.18315565
7.824327028	49.20543968
7.850788412	49.18315565
7.810798063	49.18315565
8.974704851	54.28678168
8.992853541	54.28678168
9.007981813	54.28678168
8.993519706	54.24220937
8.980497869	54.21992109
9.100271556	53.26159711
9.117826254	53.28388539
9.073884262	53.2170248
9.079688138	53.28388539
9.109173132	53.26159711
9.041312426	52.57071557
9.058787925	52.57071557
9.042833173	52.61528788
9.054921229	52.52614325
9.052484584	52.54842728
9.575937755	57.69662988
9.559560183	57.71891392
9.571405532	57.69662988
9.585182952	57.69662988
9.544105535	57.71891392
9.606399961	54.10820818
9.605888362	54.10820818
9.630842411	54.08592415
9.614289835	54.06363587
9.602280978	54.08592415
10.06874477	59.21183844
10.07479072	59.16726613
10.10034259	59.21183844
10.08369996	59.16726613
10.01943705	59.18955018
10.35899096	60.83875993
10.32160715	60.86104396
10.29387986	60.86104396
10.32647596	60.81647165
10.33621615	60.81647165
10.37572045	59.43470429
10.37344923	59.45698834
10.41209447	59.45698834
10.41402144	59.43470429
10.40428508	59.52384894
10.84772625	62.91140886
10.84335754	62.91140886
10.84705562	62.91140886
10.86083368	62.91140886
10.87150509	62.93369714
11.20056003	64.6274792
11.19753386	64.58290264
11.21567425	64.58290264
11.24734616	64.5606186
11.21609451	64.5606186
11.55781361	66.23211241
11.52723516	66.18754009
11.55193501	66.23211241
11.50203713	66.23211241
11.54697869	66.20982412
11.67934692	67.4133022
11.71026133	67.36872564
11.688336	67.34644161
11.68630748	67.30186929
11.68673286	67.32415333
11.69441005	66.00924656
11.72305579	65.98695828
11.67432928	65.98695828
11.67592476	65.96467425
11.72305579	65.98695828
11.69669532	64.60519092
11.66594953	64.60519092
11.66611304	64.60519092
11.6999693	64.58290264
11.69039262	64.58290264
11.89354553	66.96757051
11.90496933	67.01214285
11.91152241	67.01214285
11.85860347	67.01214285
11.87052802	67.01214285
11.95550208	68.23790496
11.96079563	68.21561668
11.93542132	68.21561668
11.92701602	68.17104437
11.99801274	68.23790496
12.34929064	69.86482645
12.41044754	69.82024989
12.35104962	69.84253817
12.3491067	69.77567755
12.37381932	69.82024989
12.48168825	70.68942921
12.51117452	70.66714093
12.58257491	70.62256859
12.52661959	70.62256859
12.49856529	70.62256859
12.61394918	70.82314615
12.6296574	70.80086212
12.65360613	70.77857384
12.63100378	70.80086212
12.61815056	70.77857384
12.63570462	69.19622892
12.60949233	69.19622892
12.63133463	69.19622892
12.65427932	69.21851295
12.6112577	69.17394063
12.610025	68.50534312
12.59910194	68.50534312
12.55508394	68.50534312
12.57641145	68.46077081
12.58944095	68.5276314
12.78405826	69.17394063
12.78237464	69.12936832
12.74667126	69.10708004
12.73794149	69.15165235
12.80505747	69.12936832
12.63094629	66.07610716
12.59188206	66.05381888
12.57708847	66.00924656
12.61019618	66.05381888
12.60515172	66.05381888
12.59641684	64.96344938
12.61548845	64.94116109
12.6381815	64.98573341
12.60935309	64.91887281
12.58206012	64.98573341
12.5389759	65.052594
12.52537796	65.14173866
12.57182941	65.03030572
12.53192464	65.09716634
12.52864427	65.07488229
11.93874257	54.84533771
11.92908285	54.86762599
11.88447853	54.84533771
11.89362984	54.82305368
11.92429259	54.84533771
11.92284402	55.51393522
11.91049537	55.49165119
11.9793895	55.5362235
11.92653827	55.51393522
11.9007488	55.5362235
11.56047572	50.03143811
11.57920371	50.00914983
11.62600133	49.98686155
11.60105495	50.05372215
11.58206254	50.00914983
11.13270443	44.74951432
11.15539365	44.70494201
11.14068947	44.72723027
11.14606095	44.72723027
11.12967699	44.74951432
10.60364283	38.75442493
10.54617762	38.70985262
10.51375843	38.79899725
10.54584102	38.75442493
10.54567752	38.75442493
10.12406586	34.54226014
10.11893198	34.47540166
10.12490064	34.54226014
10.09069757	34.47540166
10.11422859	34.51997397
10.15824275	35.38915116
10.19898932	35.41143733
10.14228417	35.38915116
10.12212229	35.34457885
10.18747929	35.38915116
10.04420269	35.61201489
10.07957906	35.63430317
10.0563016	35.65659145
10.06872625	35.61201489
10.1134283	35.65659145
9.539849231	28.74774829
9.562613174	28.72546214
9.551359901	28.72546214
9.560767328	28.68088983
9.512628432	28.65860366
8.739767622	22.32921338
8.784044932	22.35149955
8.767405493	22.35149955
8.76916703	22.32921338
8.759331673	22.30692723
7.980508589	17.82732215
7.970165465	17.805036
7.97495189	17.78274983
8.066518624	17.78274983
8.036274214	17.82732215
7.151485521	11.20820756
7.09721765	11.20820756
7.142757672	11.25278094
7.160222951	11.20820756
7.154507854	11.20820756
7.10860058	12.36711014
7.143881147	12.36711014
7.143632053	12.38939629
7.107583768	12.36711014
7.124635169	12.34482293
7.132319381	12.67912168
7.122070145	12.67912168
7.101324498	12.7014089
7.112158144	12.72369506
7.097295571	12.7014089
6.452702533	7.842933273
6.448835837	7.887506122
6.437993248	7.820646593
6.421871796	7.865219953
6.418598453	7.887506122
5.528500877	3.898207953
5.515236334	3.942781069
5.562279219	3.942781069
5.501459553	3.942781069
5.528167475	3.942781069
5.510172074	4.808057611
5.533278361	4.830344314
5.485555259	4.785770931
5.509499522	4.808057611
5.548653172	4.808057611
5.493286096	4.830344314
5.548475613	4.808057611
5.531848309	4.852630994
5.484219097	4.830344314
5.475065872	4.852630994
2.502469883	-0.518435937
2.514804317	-0.496149368
2.490135449	-0.540722506
2.502469883	-0.518435937
2.477801014	-0.563009097
0.997670157	-3.2373993
1.022339106	-3.192825917
0.997670157	-3.2373993
0.997670157	-3.2373993
0.997670157	-3.2373993
-0.778486648	-6.44666729
-0.769176623	-6.468953992
-0.765887552	-6.44666729
-0.754965286	-6.44666729
-0.794043649	-6.468953992
-0.80061676	-5.644350164
-0.7911172	-5.622063462
-0.797759292	-5.644350164
-0.822168609	-5.577490613
-0.816237471	-5.644350164
-0.815362531	-5.39919764
-0.869198081	-5.376911471
-0.860409954	-5.443771022
-0.896579992	-5.376911471
-0.891131234	-5.39919764
-3.365567651	-11.17142277
-3.342796682	-11.14913662
-3.329092713	-11.12684941
-3.280463933	-11.14913662
-3.297584314	-11.10456324
-4.860712134	-16.00761171
-4.823082105	-16.00761171
-4.852559754	-15.98532554
-4.869527485	-15.98532554
-4.818040199	-16.00761171
-6.27167678	-21.73526294
-6.237475617	-21.71297677
-6.250911332	-21.71297677
-6.312240682	-21.71297677
-6.326592294	-21.69069063
-6.285337317	-20.79922727
-6.272548607	-20.75465495
-6.291726243	-20.79922727
-6.247783613	-20.7769411
-6.236592933	-20.75465495
-6.329131769	-20.1529159
-6.286192538	-20.13062974
-6.291933821	-20.17520207
-6.277391238	-20.1529159
-6.256970689	-20.13062974
-7.443014215	-26.95032402
-7.463664697	-26.90575171
-7.446621599	-26.92803785
-7.4850912	-26.92803785
-7.477432536	-26.90575171
-8.79480896	-33.41343336
-8.791112797	-33.41343336
-8.762550726	-33.41343336
-8.782285949	-33.39114722
-8.764837915	-33.43571953
-9.537929296	-37.7370332
-9.498761594	-37.69245664
-9.493047136	-37.69245664
-9.49722488	-37.64788432
-9.471469261	-37.71474492
-10.74119987	-43.97727672
-10.72110761	-43.95498844
-10.71666353	-43.97727672
-10.73270387	-43.95498844
-10.71069614	-43.95498844
-10.76394401	-41.34550757
-10.7602702	-41.39007989
-10.76253376	-41.36779585
-10.76212754	-41.39007989
-10.73404514	-41.34550757
-11.18906085	-46.0925508
-11.17575927	-46.04797848
-11.13822025	-46.07026252
-11.16323817	-46.0256902
-11.18795335	-46.07026252
-11.82927815	-49.61383193
-11.80542906	-49.61383193
-11.78997121	-49.61383193
-11.76729094	-49.61383193
-11.74024195	-49.61383193
-12.1993939	-52.08764019
-12.19604455	-52.08764019
-12.17847772	-52.06535615
-12.14463295	-52.08764019
-12.13580866	-52.06535615
-12.21568844	-50.66130051
-12.20702765	-50.63901223
-12.18299972	-50.63901223
-12.19442864	-50.63901223
-12.20074156	-50.66130051
-12.46978031	-53.29111827
-12.47609068	-53.31340232
-12.44812196	-53.3356906
-12.44971233	-53.31340232
-12.47339664	-53.31340232
-12.77407153	-55.40834376
-12.78934287	-55.3637672
-12.79732536	-55.38605548
-12.77119227	-55.3637672
-12.76840625	-55.34148316
-12.81737674	-53.93742752
-12.80737212	-53.91513924
-12.75159436	-53.91513924
-12.77259741	-53.91513924
-12.76453445	-53.91513924
-13.18348272	-57.68157448
-13.1645529	-57.61471388
-13.20649511	-57.68157448
-13.17825686	-57.63700216
-13.20312277	-57.63700216
-13.50336463	-59.39764059
-13.55345412	-59.44221291
-13.54762533	-59.37535231
-13.55863781	-59.39764059
-13.52950155	-59.41992887
-13.89407082	-61.33657255
-13.85601445	-61.3142885
-13.85785519	-61.3142885
-13.85776194	-61.29200022
-13.89018879	-61.29200022
-14.23791679	-63.32008106
-14.21806724	-63.27550449
-14.23083104	-63.27550449
-14.27854328	-63.27550449
-14.28331949	-63.25322046
-14.70155752	-65.54873946
-14.67378169	-65.61559583
-14.6640926	-65.54873946
-14.61848679	-65.57102349
-14.63115351	-65.5041629
-14.59867684	-63.4760863
-14.56094622	-63.45379802
-14.63789692	-63.45379802
-14.63813707	-63.43151399
-14.65848353	-63.4760863
-15.02597677	-68.11169662
-15.02228252	-68.11169662
-15.01008716	-68.08940834
-15.00704056	-68.04483602
-15.03517151	-68.02254774
-15.52078739	-69.89462333
-15.49114783	-69.91690739
-15.47172749	-69.89462333
-15.47188077	-69.85004677
-15.46818397	-69.85004677
-15.86637318	-72.5913017
-15.87537759	-72.61358149
-15.88527107	-72.56901342
-15.88853739	-72.54672514
-15.84257391	-72.52443686
-16.09564258	-72.65815805
-16.1031371	-72.68044633
-16.04068874	-72.61358149
-16.02407996	-72.65815805
-16.06221808	-72.65815805
-16.05250599	-70.80837074
-16.07065276	-70.80837074
-16.08022817	-70.80837074
-16.05233865	-70.80837074
-16.05193116	-70.83065902
-16.31775725	-74.37422842
-16.30858933	-74.35194013
-16.33950246	-74.35194013
-16.37125101	-74.35194013
-16.38452066	-74.35194013
-16.59854171	-75.62227034
-16.57871899	-75.62227034
-16.53820235	-75.57770225
-16.54089384	-75.57770225
-16.5144299	-75.55541397
-16.57863979	-75.62227034
-16.60957719	-75.6668469
-16.61022483	-75.62227034
-16.59218791	-75.68913516
-16.61785986	-75.59999053
-16.47693559	-72.16784982
-16.47165737	-72.19013808
-16.52052438	-72.14557001
-16.54836536	-72.21242636
-16.49565975	-72.14557001
-16.5295735	-71.60985376
-16.50692133	-71.6544303
-16.47264352	-71.6544303
-16.49925947	-71.63214204
-16.52520478	-71.60985376
-16.56457942	-71.38698791
-16.57408074	-71.4092762
-16.56299545	-71.4092762
-16.51832853	-71.45384426
-16.53177319	-71.45384426
-16.48416186	-71.32013154
-16.46129253	-71.27555498
-16.51355743	-71.32013154
-16.55234958	-71.27555498
-16.55498103	-71.34241135
-16.078717	-63.80954935
-16.07669998	-63.80954935
-16.12600387	-63.78726107
-16.11265374	-63.80954935
-16.09542159	-63.78726107
-15.60407911	-57.32415173
-15.61629619	-57.39101233
-15.5971441	-57.39101233
-15.54808547	-57.39101233
-15.59428399	-57.39101233
-15.29841852	-53.8251589
-15.29977768	-53.86973121
-15.34478694	-53.8251589
-15.35397273	-53.8920195
-15.31976902	-53.86973121
-14.91994856	-49.74671317
-14.88936373	-49.74671317
-14.93874426	-49.70214085
-14.95717206	-49.76900145
-14.97756451	-49.74671317
-14.53123768	-45.86884926
-14.53687358	-45.8911333
-14.51748133	-45.91342158
-14.49552152	-45.84656098
-14.55864306	-45.91342158
-14.56818653	-46.73802434
-14.54089611	-46.76031262
-14.56263494	-46.73802434
-14.55145895	-46.71574031
-14.53859424	-46.69345202
-14.60278752	-47.09461138
-14.55542912	-47.13918369
-14.54460824	-47.16147197
-14.54174303	-47.11689541
-14.53542628	-47.09461138
-15.17902486	-58.70591909
-15.13284805	-58.75049565
-15.11040793	-58.72820737
-15.12958429	-58.77277969
-15.15605206	-58.79506797
-14.92367347	-52.17595338
-14.91342615	-52.17595338
-14.92024364	-52.19823741
-14.92108162	-52.19823741
-14.91771567	-52.19823741
-14.44787187	-45.69055573
-14.45168363	-45.75741633
-14.41947522	-45.69055573
-14.42646261	-45.71284402
-14.44661873	-45.71284402
-14.19488367	-42.21384694
-14.16071061	-42.23613522
-14.16111427	-42.21384694
-14.17111122	-42.19156291
-14.13098035	-42.23613522
-13.65053156	-37.15479322
-13.65851021	-37.13250918
-13.66153383	-37.13250918
-13.6522139	-37.15479322
-13.69992614	-37.15479322
-13.3144573	-33.92323855
-13.28795121	-34.01238531
-13.28827184	-33.967813
-13.27424852	-33.99009914
-13.27804368	-34.01238531
-13.25082991	-35.39387482
-13.26957195	-35.4161631
-13.26544594	-35.39387482
-13.33819271	-35.39387482
-13.34860354	-35.39387482
-13.1068552	-33.07607178
-13.12481803	-33.03149733
-13.14329565	-33.03149733
-13.13907767	-32.98692502
-13.10026764	-32.98692502
-12.40617846	-26.94726118
-12.44630933	-26.90268675
-12.44674364	-26.9249729
-12.49135819	-26.94726118
-12.47673832	-26.94726118
-11.63259017	-21.24189398
-11.63895164	-21.19732166
-11.63998122	-21.24189398
-11.67020711	-21.19732166
-11.68291598	-21.26418226
-11.6374443	-21.91049151
-11.61767267	-21.84363303
-11.6038448	-21.91049151
-11.64416471	-21.91049151
-11.65649548	-21.88820534
-10.74453516	-15.26908969
-10.75265178	-15.20223016
-10.79090358	-15.26908969
-10.78401966	-15.26908969
-10.80031676	-15.26908969
-10.70390037	-16.18284028
-10.70350693	-16.24969981
-10.76092679	-16.16055304
-10.75842052	-16.20512643
-10.79807108	-16.20512643
-9.914123559	-11.05692596
-9.90533631	-11.12378549
-9.894756228	-11.12378549
-9.921032388	-11.10149935
-9.919850152	-11.10149935
-8.814947203	-6.66646871
-8.833424824	-6.66646871
-8.894245767	-6.66646871
-8.888965626	-6.68875539
-8.932116906	-6.644182008
-8.818603128	-7.290492839
-8.824340579	-7.335066222
-8.816006808	-7.312779542
-8.851391484	-7.335066222
-8.854386991	-7.290492839
-8.851108539	-7.468785835
-8.788447498	-7.468785835
-8.772154235	-7.468785835
-8.794680581	-7.513358684
-8.844899088	-7.468785835
-7.910782876	-4.148084667
-7.910782876	-4.148084667
-7.917051727	-4.170371347
-7.910782876	-4.148084667
-7.917051727	-4.170371347
-7.139666997	-1.406834913
-7.127128019	-1.362261664
-7.127128019	-1.362261664
-7.120859168	-1.339975118
-7.145935848	-1.42912146
-6.688281656	0.19779916
-6.670894299	0.220085728
-6.670971581	0.19779916
-6.715828193	0.19779916
-6.664668241	0.220085728
-3.941962749	3.273347847
-3.974145616	3.206488052
-4.016394411	3.228774465
-3.966580203	3.251061167
-3.963307498	3.228774465
-3.859242344	2.691946489
-3.883270915	2.691946489
-3.878736458	2.691946489
-3.858483887	2.669659808
-3.896872373	2.691946489
-3.85483371	2.223928252
-3.866844164	2.246214821
-3.869367672	2.201641706
-3.872482616	2.179355026
-3.836698434	2.223928252
-3.860798539	2.246214821
-3.885572155	2.268501501
-3.943285499	2.246214821
-3.930178715	2.246214821
-3.874065637	2.201641706
-2.750931287	4.318867175
-2.798057522	4.34115361
-2.805948354	4.385726993
-2.783520048	4.318867175
-2.77134481	4.296580495
-1.72754064	6.324659732
-1.749884637	6.369232581
-1.690324649	6.346946435
-1.681672486	6.369232581
-1.662186196	6.324659732
-1.036432682	7.661854778
-1.066342253	7.661854778
-1.067687916	7.661854778
-1.091289116	7.639568098
-1.108506101	7.661854778
-1.125773143	7.28298264
-1.077724624	7.238409791
-1.027415741	7.260695938
-1.036068703	7.238409791
-1.057066238	7.28298264
-0.581459039	8.77618398
-0.570371509	8.77618398
-0.542981454	8.820756828
-0.526268645	8.753897277
-0.556685024	8.753897277
0.145617426	10.73740369
0.186269828	10.73740369
0.220132778	10.75968983
0.205256174	10.73740369
0.196768735	10.71511647
1.06311306	13.56779901
1.143843991	13.54551284
1.121999458	13.54551284
1.113926756	13.50093946
1.117871853	13.47865331
1.694769369	15.15014709
1.679812908	15.10557373
1.723586601	15.08328756
1.734245723	15.10557373
1.774137232	15.03871418
2.3507637	17.6239575
2.292800465	17.6239575
2.276505765	17.6239575
2.322705245	17.53481181
2.331015863	17.55709795
2.837622176	19.58517772
2.851487098	19.56289158
2.811579142	19.5406033
2.826526982	19.5406033
2.891459882	19.51831713
3.520901975	21.94755521
3.488045917	21.88069461
3.461253367	21.90298289
3.473356113	21.90298289
3.494011065	21.85840844
3.427350478	20.6549325
3.459947223	20.69950693
3.497912251	20.6549325
3.517486521	20.67722078
3.508240366	20.67722078
4.720611787	26.91746428
4.700871774	26.89517602
4.690880893	26.91746428
4.646180444	26.87288985
4.630734099	26.91746428
6.043973478	33.26914073
6.004824938	33.22456628
5.980464881	33.22456628
6.016850401	33.29142687
6.008861529	33.22456628
6.871633559	38.12761688
6.878012905	38.08304032
6.896584414	38.1053286
6.886834643	38.06075626
6.880376098	38.08304032
7.948980391	44.25642747
7.943438382	44.30099978
7.904633463	44.25642747
7.874724371	44.25642747
7.841287734	44.2118509
7.95661159	41.89404787
8.010800263	41.87175959
7.977948675	41.89404787
7.955092759	41.84947556
7.933765255	41.89404787
8.380031407	46.19535943
8.359871448	46.15078711
8.40179706	46.17307115
8.389271495	46.15078711
8.421186746	46.15078711
8.667160729	47.71084798
8.600790751	47.71084798
8.58575509	47.73313202
8.645052732	47.6885597
8.668324442	47.71084798
8.742306459	48.62459537
8.772475502	48.64688365
8.727015318	48.62459537
8.74700666	48.62459537
8.805229367	48.64688365
9.202625311	50.78639318
9.201967449	50.78639318
9.184742321	50.76410915
9.10309206	50.76410915
9.131901308	50.74182086
9.456385059	52.16816477
9.463953666	52.2127371
9.47184354	52.16816477
9.457731441	52.2127371
9.469565293	52.14587651
9.46031818	50.5412433
9.491224284	50.49667099
9.496431613	50.49667099
9.505263571	50.51895502
9.454853454	50.51895502
9.504134347	50.14008395
9.469265742	50.16237223
9.492360533	50.14008395
9.489514481	50.18465626
9.466163572	50.14008395
9.632211147	53.46078325
9.646415219	53.48307153
9.659511145	53.43849921
9.699246651	53.46078325
9.706206577	53.48307153
9.986699156	54.66426133
9.937307767	54.66426133
9.914456322	54.61968901
9.889930842	54.61968901
9.878771457	54.64197305
9.847279026	54.06252441
9.931113645	54.06252441
9.96665097	54.08480845
9.942955162	54.08480845
9.931357628	54.08480845
10.07912494	55.04313242
10.01485437	55.02084414
9.974872329	55.0654207
9.987897998	55.04313242
9.993105327	55.04313242
10.02222435	54.01794785
9.990049143	53.99566382
9.974179338	54.01794785
9.929064692	53.99566382
9.894965083	53.99566382
9.990958014	52.19044882
9.97683889	52.14587651
9.937190885	52.14587651
9.922070916	52.19044882
9.923172675	52.16816477
9.539071932	45.32618011
9.590162265	45.37075667
9.555377969	45.32618011
9.538329123	45.34846839
9.516648416	45.34846839
9.297750247	40.91343986
9.308836181	40.91343986
9.318326001	40.9357239
9.281701607	40.9357239
9.266754087	40.9357239
9.203572504	41.62660971
9.187265829	41.5820374
9.269517746	41.60432143
9.260264884	41.55974912
9.26278967	41.60432143
8.796009079	35.83209788
8.83365284	35.83209788
8.804666672	35.8098096
8.756123478	35.85438192
8.703867515	35.8098096
8.794606492	36.07724776
8.795113621	36.07724776
8.794451926	36.12182433
8.791348478	36.09953604
8.758498807	36.12182433
8.371373815	31.48621399
8.388010699	31.48621399
8.307366392	31.48621399
8.296017313	31.46392571
8.322657533	31.48621399
7.943135638	27.78663937
7.930952416	27.7643532
7.944820531	27.8312138
8.022019046	27.80892765
8.02386106	27.80892765
7.392663498	22.81673242
7.387623508	22.81673242
7.423908113	22.81673242
7.404749637	22.86130473
7.455728837	22.79444625
7.410936734	23.32932257
7.43134898	23.35161085
7.463433487	23.3070364
7.488222112	23.37389702
7.440585235	23.3070364
6.853986888	18.15883594
6.868519891	18.1811221
6.862474586	18.1811221
6.910284551	18.20340825
6.866431978	18.20340825
6.035126831	12.96606209
6.057635293	12.92148871
6.107533811	12.92148871
6.148528836	12.92148871
6.093005279	12.98834824
5.785810526	11.45057352
5.793122375	11.42828737
5.755900795	11.45057352
5.772956029	11.51743413
5.852341456	11.4951469
5.857836201	11.87401904
5.853983556	11.91859242
5.781229123	11.87401904
5.790554158	11.8963052
5.765771281	11.87401904
5.773728218	12.45346981
5.75113417	12.43118364
5.786756442	12.43118364
5.743662006	12.40889749
5.71989147	12.43118364
4.930366632	7.171549729
4.967502625	7.171549729
4.977657013	7.149263026
4.959264021	7.12697688
4.924484514	7.171549729
3.693206904	2.580513577
3.73798272	2.558226897
3.727991839	2.580513577
3.760242728	2.535940462
3.746800307	2.580513577
3.675371178	2.959385449
3.65326829	2.937099036
3.698963197	2.937099036
3.727097658	2.959385449
3.72038012	2.959385449
0.032441703	-2.233388663
0.064097884	-2.188815414
0.048269835	-2.211101983
0.095754067	-2.144242165
0.032441703	-2.233388663
0.269862718	-1.899089774
0.254034689	-1.921376321
0.269862718	-1.899089774
0.254034689	-1.921376321
0.301518817	-1.854516659
-0.679821072	-3.236284953
-0.679821072	-3.236284953
-0.648164814	-3.191711571
-0.695649042	-3.258571367
-0.679821072	-3.236284953
-0.426572006	-2.879699495
-0.410743877	-2.857412815
-0.410743877	-2.857412815
-0.442400135	-2.901986175
-0.426572006	-2.879699495
-1.423739944	-4.283754337
-1.423739944	-4.283754337
-1.439567913	-4.306040772
-1.423739944	-4.283754337
-1.423739944	-4.283754337
-2.990717853	-6.490126037
-3.001805064	-6.490126037
-2.954116772	-6.534699419
-2.953773151	-6.534699419
-3.001652734	-6.534699419
-3.013811366	-5.955248139
-3.00358736	-5.999821521
-2.98626483	-5.955248139
-2.965525888	-5.977534819
-2.958565325	-5.999821521
-4.098827401	-8.963936964
-4.0660614	-8.963936964
-4.110993378	-8.941650818
-4.087803421	-8.941650818
-4.128799404	-8.941650818
-4.807485984	-10.76914985
-4.847032116	-10.7468637
-4.860647944	-10.7468637
-4.848456419	-10.72457753
-4.837051454	-10.76914985
-6.1447209	-15.40476016
-6.109758406	-15.36018678
-6.106735434	-15.36018678
-6.038002901	-15.31561342
-6.06850854	-15.33789956
-7.25480563	-20.26323527
-7.227577806	-20.21866082
-7.202062977	-20.26323527
-7.206979698	-20.19637465
-7.193299361	-20.21866082
-8.073996535	-24.29710653
-8.087182518	-24.27482036
-8.110217909	-24.3193927
-8.098536067	-24.29710653
-8.09424208	-24.27482036
-8.095037263	-23.31649641
-8.088649614	-23.31649641
-8.125353846	-23.29421026
-8.080090382	-23.31649641
-8.065471793	-23.31649641
-8.587216438	-26.65948401
-8.61141171	-26.65948401
-8.593694782	-26.68177016
-8.584957991	-26.68177016
-8.587282224	-26.63719784
-8.763739349	-27.50637506
-8.785554821	-27.46180061
-8.785480093	-27.48408889
-8.814778586	-27.46180061
-8.798917724	-27.48408889
-9.244725927	-29.7573196
-9.228596172	-29.7573196
-9.175840745	-29.7573196
-9.220443153	-29.73503346
-9.236061309	-29.73503346
-9.553438234	-31.94140569
-9.566279318	-31.91911741
-9.574507065	-31.91911741
-9.589875489	-31.89683124
-9.588529107	-31.89683124
-9.574694843	-30.69530669
-9.621812456	-30.67302052
-9.615855291	-30.69530669
-9.566390452	-30.71759283
-9.577794459	-30.67302052
-9.561156936	-30.67302052
-9.58693938	-30.65073224
-9.573017614	-30.69530669
-9.617927237	-30.62844607
-9.604411685	-30.65073224
-9.924061108	-33.2136894
-9.922813086	-33.23597768
-9.877361844	-33.2136894
-9.863153301	-33.19140323
-9.893973819	-33.16911708
-10.1262713	-34.41716536
-10.09269095	-34.46173979
-10.0483932	-34.39487919
-10.07629614	-34.43945151
-10.10063831	-34.39487919
-10.39046806	-36.5121068
-10.36635518	-36.48981852
-10.38930243	-36.5121068
-10.41195843	-36.46753023
-10.38490625	-36.46753023
-10.32884235	-36.04408683
-10.35599162	-36.06637511
-10.36143974	-36.04408683
-10.33446739	-36.02179855
-10.3778997	-36.04408683
-10.70479582	-37.58185944
-10.70234321	-37.55957538
-10.66547803	-37.58185944
-10.67997973	-37.51500307
-10.66102117	-37.55957538
-10.87871603	-39.25335322
-10.87439713	-39.18649687
-10.88440941	-39.2087809
-10.87415826	-39.2087809
-10.84314549	-39.18649687
-11.14531494	-40.63512482
-11.14102543	-40.61283654
-11.10204678	-40.61283654
-11.05565026	-40.56826423
-11.08793532	-40.61283654
-11.27004431	-41.54887221
-11.26853059	-41.54887221
-11.18963952	-41.52658818
-11.20779012	-41.52658818
-11.24606492	-41.48201162
-11.24031278	-40.16710488
-11.23251424	-40.18939316
-11.18563869	-40.18939316
-11.19841399	-40.18939316
-11.19488325	-40.18939316
-11.29704731	-39.36478615
-11.28593903	-39.32021383
-11.26284487	-39.34250212
-11.26980927	-39.32021383
-11.29148678	-39.32021383
-11.70721856	-43.84439121
-11.70645211	-43.82210293
-11.71276887	-43.84439121
-11.66243412	-43.82210293
-11.65833621	-43.84439121
-12.02455333	-45.91704439
-12.01449378	-45.9616167
-11.98379781	-45.89475611
-12.04847907	-45.89475611
-12.02193465	-45.89475611
-12.36182706	-48.34628033
-12.39187156	-48.30170802
-12.39438677	-48.30170802
-12.4468139	-48.30170802
-12.41587905	-48.2571357
-12.39954364	-46.94222469
-12.40170372	-46.89765238
-12.39113833	-46.94222469
-12.39834799	-46.89765238
-12.35780836	-46.96451297
-12.76447696	-50.86466518
-12.77739533	-50.82009286
-12.77410602	-50.79780458
-12.76234498	-50.79780458
-12.74370002	-50.79780458
-12.74077094	-48.7251514
-12.75209638	-48.70286737
-12.72202123	-48.70286737
-12.73739093	-48.68057909
-12.70143717	-48.68057909
-12.97411652	-51.68926794
-12.96437633	-51.68926794
-12.9496696	-51.6669839
-12.90783724	-51.6669839
-12.86777919	-51.68926794
-13.34795462	-54.14079216
-13.31752179	-54.09621985
-13.38158223	-54.02935925
-13.34999846	-54.02935925
-13.35407465	-53.96249865
-13.56338081	-55.18826077
-13.55691843	-55.21054905
-13.56395436	-55.16597673
-13.53806142	-55.12140442
-13.56542976	-55.07682785
-13.72690615	-56.7928982
-13.75075397	-56.7928982
-13.77823728	-56.81518225
-13.77586131	-56.77060992
-13.77384429	-56.77060992
-13.95042596	-58.41981544
-14.00008497	-58.44210372
-13.99576735	-58.37524312
-13.98309552	-58.3975314
-13.97896696	-58.37524312
-13.94298765	-57.26091392
-13.89392264	-57.26091392
-13.89628711	-57.26091392
-13.88663378	-57.2832022
-13.93204926	-57.2163416
-13.9380952	-55.47798721
-13.90127664	-55.43341489
-13.89760539	-55.47798721
-13.89062438	-55.45570317
-13.9205322	-55.45570317
-13.86233121	-55.12140442
-13.88762632	-55.14368845
-13.88215393	-55.12140442
-13.89332737	-55.14368845
-13.91339791	-55.12140442
-13.54780161	-49.3714649
-13.56760134	-49.32689257
-13.62548937	-49.34917662
-13.63701026	-49.3714649
-13.59879295	-49.39374894
-13.24740775	-45.44902442
-13.24243993	-45.42674038
-13.28662399	-45.42674038
-13.29593242	-45.4044521
-13.28512432	-45.4713127
-13.17972588	-44.33469522
-13.15987377	-44.2901229
-13.18496067	-44.37926753
-13.18652293	-44.31241118
-13.1982035	-44.33469522
-13.14507762	-44.60213338
-13.18866641	-44.57984934
-13.15522786	-44.57984934
-13.17809463	-44.62442166
-13.20731137	-44.57984934
-13.54048721	-51.88984973
-13.60679715	-51.9567061
-13.58764506	-51.9567061
-13.58147137	-51.88984973
-13.581815	-51.88984973
-13.19626057	-45.98390499
-13.20114535	-46.0284773
-13.20659603	-46.00618902
-13.19130425	-46.00618902
-13.24953334	-46.0284773
-12.77016651	-39.85509438
-12.79409481	-39.8328061
-12.81089264	-39.8328061
-12.84350727	-39.87737843
-12.8051801	-39.8328061
-12.06209617	-32.76795771
-12.05135833	-32.81253216
-12.04381783	-32.85710447
-12.06623495	-32.8348183
-12.08398829	-32.90167892
-11.73793752	-30.13814209
-11.69046415	-30.11585592
-11.72844131	-30.11585592
-11.72633999	-30.13814209
-11.78474025	-30.16042823
-11.01477467	-23.96475705
-10.94857842	-23.96475705
-10.99127175	-24.00933148
-11.02931023	-23.98704533
-11.0406625	-24.00933148
-10.96063327	-24.94536717
-10.98413108	-24.90079484
-11.03621204	-24.90079484
-10.99186191	-24.90079484
-10.99850696	-24.92308101
-11.0525168	-25.10137451
-11.03554906	-25.10137451
-11.03093892	-25.12366068
-10.97281202	-25.12366068
-10.95190733	-25.14594685
-10.32980551	-19.08399684
-10.3173732	-19.08399684
-10.34267087	-19.10628301
-10.36349827	-19.10628301
-10.35190074	-19.10628301
-9.636441264	-14.51524608
-9.620286599	-14.47067376
-9.671534692	-14.47067376
-9.677094584	-14.51524608
-9.672040543	-14.47067376
-8.414005192	-8.408722175
-8.421303628	-8.386436006
-8.358060731	-8.408722175
-8.359476731	-8.386436006
-8.339250347	-8.408722175
-7.909716245	-6.826375138
-7.936092043	-6.826375138
-7.94809579	-6.804088435
-8.01964691	-6.759515075
-7.992545549	-6.826375138
-7.956203461	-7.606405583
-7.970311727	-7.606405583
-7.986036547	-7.628691729
-7.972091148	-7.628691729
-7.939474603	-7.584118881
-7.908489301	-7.762411343
-7.934953878	-7.784698023
-7.925949471	-7.762411343
-7.93965344	-7.784698023
-7.91176456	-7.784698023
-7.249822485	-4.530856673
-7.258025322	-4.642289584
-7.252196537	-4.575430055
-7.315799662	-4.597716735
-7.297242204	-4.620002904
-5.598003684	-1.566741074
-5.622810193	-1.611314323
-5.598003684	-1.566741074
-5.622810193	-1.611314323
-5.610407257	-1.589027776
-3.737523494	1.776246507
-3.701397606	1.820819623
-3.690060344	1.798533076
-3.669321083	1.73167328
-3.658225249	1.776246507
-3.437860942	1.909965987
-3.441890507	1.954539103
-3.475823734	1.954539103
-3.478504681	1.954539103
-3.489427108	1.954539103
-3.355941788	1.5979538
-3.369212079	1.5979538
-3.414656934	1.575667231
-3.41541603	1.5979538
-3.360817631	1.5979538
-2.016764422	3.336307264
-1.976361792	3.358593944
-1.936720973	3.314020829
-1.922776533	3.314020829
-1.886398039	3.336307264
-2.008987438	2.957435393
-2.036787859	3.024295189
-2.00889834	3.024295189
-1.954631107	3.024295189
-1.954300899	3.024295189
-2.013432638	3.024295189
-1.967737891	3.024295189
-1.885415876	3.024295189
-1.934899238	3.002008508
-1.916844437	2.979722073
-2.05465536	1.932252556
-2.036671455	1.932252556
-2.086155615	1.909965987
-2.042221767	1.932252556
-2.045168255	1.865392738
-2.100992321	1.753959827
-2.065702173	1.798533076
-2.071418068	1.798533076
-2.05260481	1.753959827
-2.110817618	1.776246507
-2.116520101	1.776246507
-2.126094868	1.776246507
-2.127004857	1.798533076
-2.152224126	1.753959827
-2.124161041	1.798533076
-2.124410134	1.820819623
-2.110051177	1.798533076
-2.108624479	1.820819623
-2.055360007	1.820819623
-2.078127622	1.843106192
