"Pujol 2002, No. 10-3-2.25N"	
24380	
0.03	0.485
0.00	0.508
0.00	0.530
0.00	0.463
-0.04	0.463
-0.03	0.485
-0.08	0.463
-0.03	0.485
-0.04	0.441
0.01	0.441
-0.03	0.463
-0.01	0.485
0.00	0.485
0.00	0.485
0.02	0.485
-0.01	0.485
-0.07	0.485
-0.03	0.485
-0.07	0.508
-0.05	0.441
-0.01	0.463
-0.02	0.463
-0.05	0.508
-0.02	0.463
-0.05	0.530
0.05	0.485
0.08	0.485
0.07	0.485
0.07	0.463
0.06	0.485
0.00	0.508
0.02	0.463
0.02	0.485
0.07	0.463
0.09	0.463
0.05	0.463
0.07	0.508
0.09	0.463
0.11	0.508
0.11	0.463
0.05	0.508
0.08	0.441
0.02	0.485
0.08	0.463
0.06	0.508
0.07	0.508
0.02	0.508
0.05	0.485
-0.01	0.485
0.05	0.508
0.09	0.463
0.09	0.485
0.06	0.485
0.06	0.485
0.06	0.485
0.04	0.463
0.07	0.463
0.03	0.485
0.08	0.463
0.07	0.485
0.06	0.485
0.04	0.508
0.04	0.508
0.08	0.508
0.08	0.485
0.09	0.485
0.09	0.485
0.08	0.530
0.08	0.485
0.06	0.485
0.03	0.485
0.05	0.508
0.01	0.463
0.05	0.552
0.01	0.441
0.03	0.463
-0.02	0.485
0.00	0.441
-0.01	0.441
0.04	0.463
0.02	0.441
0.02	0.485
0.04	0.485
0.02	0.485
0.01	0.485
0.02	0.485
0.05	0.441
0.04	0.508
0.01	0.463
0.04	0.485
0.03	0.508
0.04	0.530
0.07	0.508
0.05	0.485
0.04	0.508
0.02	0.508
0.04	0.508
0.03	0.530
0.02	0.463
-0.01	0.463
-0.03	0.530
0.03	0.508
0.00	0.485
0.04	0.485
0.02	0.485
0.00	0.483
0.03	0.527
0.03	0.527
0.05	0.460
0.07	0.527
0.04	0.483
0.04	0.505
0.02	0.527
0.03	0.505
0.07	0.483
-0.02	0.483
0.01	0.460
-0.02	0.505
0.02	0.483
0.00	0.460
0.08	1.329
0.08	1.285
0.03	1.307
0.03	1.307
0.02	1.285
0.03	2.733
-0.01	2.756
0.01	2.778
-0.03	2.778
0.01	2.778
0.09	4.316
0.06	4.338
0.07	4.338
0.03	4.338
0.08	4.338
0.00	4.383
0.07	4.383
0.01	4.383
0.09	4.383
0.05	4.405
0.23	7.213
0.21	7.235
0.24	7.191
0.22	7.191
0.24	7.213
0.17	7.124
0.15	7.146
0.14	7.191
0.13	7.191
0.15	7.146
0.21	7.213
0.21	7.213
0.19	7.213
0.19	7.213
0.20	7.191
0.24	7.191
0.24	7.168
0.23	7.191
0.22	7.124
0.21	7.168
0.26	9.197
0.28	9.219
0.22	9.174
0.24	9.130
0.23	9.174
0.31	11.871
0.28	11.826
0.32	11.871
0.31	11.826
0.33	11.871
0.33	11.893
0.33	11.826
0.35	11.893
0.34	11.871
0.31	11.893
0.34	13.431
0.35	13.409
0.32	13.431
0.36	13.409
0.34	13.453
0.32	13.364
0.35	13.409
0.29	13.386
0.34	13.386
0.31	13.364
0.38	15.838
0.37	15.905
0.38	15.905
0.42	15.883
0.43	15.883
0.43	15.905
0.42	15.905
0.43	15.883
0.43	15.883
0.40	15.905
0.48	17.955
0.49	17.933
0.43	17.977
0.47	17.955
0.42	17.933
0.44	17.911
0.46	17.911
0.45	17.888
0.48	17.911
0.41	17.955
0.52	20.228
0.55	20.184
0.48	20.228
0.48	20.228
0.48	20.228
0.51	20.206
0.51	20.206
0.51	20.184
0.53	20.206
0.55	20.206
0.53	22.011
0.53	22.011
0.56	22.034
0.53	22.034
0.56	22.056
0.60	22.056
0.57	22.056
0.58	22.034
0.56	22.056
0.52	22.034
0.56	22.034
0.61	22.034
0.61	22.034
0.62	22.034
0.61	22.034
0.62	25.087
0.61	25.042
0.64	25.065
0.58	25.065
0.62	25.020
0.66	25.065
0.67	25.042
0.67	25.065
0.69	25.042
0.65	25.065
0.71	25.042
0.68	25.042
0.67	25.020
0.65	25.042
0.65	25.020
0.72	26.914
0.67	26.892
0.69	26.892
0.65	26.892
0.71	26.892
0.73	26.914
0.76	26.937
0.73	26.914
0.77	26.914
0.73	26.914
0.81	29.455
0.80	29.455
0.84	29.477
0.86	29.477
0.81	29.455
0.89	31.795
0.89	31.817
0.91	31.840
0.96	31.817
0.94	31.817
0.97	33.712
1.01	33.734
0.99	33.712
1.02	33.734
0.98	33.756
0.97	33.712
1.02	33.756
1.02	33.756
1.06	33.734
1.02	33.756
1.10	35.673
1.11	35.673
1.13	35.673
1.11	35.673
1.10	35.673
1.12	35.718
1.08	35.695
1.12	35.718
1.11	35.695
1.13	35.740
1.15	35.695
1.15	35.740
1.18	35.740
1.14	35.718
1.20	35.673
1.18	38.481
1.21	38.414
1.20	38.459
1.26	38.459
1.20	38.481
1.33	40.108
1.31	40.153
1.33	40.063
1.29	40.108
1.32	40.130
1.43	40.197
1.41	40.153
1.39	40.153
1.43	40.175
1.40	40.197
1.46	42.426
1.47	42.426
1.50	42.448
1.47	42.426
1.49	42.448
1.43	42.404
1.47	42.426
1.41	42.426
1.47	42.404
1.43	42.426
1.50	42.426
1.54	42.426
1.50	42.426
1.51	42.404
1.47	42.426
1.59	44.499
1.57	44.499
1.56	44.499
1.49	44.543
1.55	44.499
1.59	44.521
1.63	44.565
1.65	44.521
1.66	44.499
1.67	44.543
1.72	47.262
1.77	47.284
1.76	47.262
1.75	47.262
1.71	47.284
1.82	47.262
1.82	47.307
1.85	47.262
1.81	47.284
1.84	47.284
1.84	47.262
1.80	47.240
1.84	47.217
1.83	47.240
1.89	47.284
1.83	47.307
1.85	47.284
1.81	47.240
1.89	47.262
1.84	47.307
1.92	47.262
1.94	47.307
1.97	47.284
1.98	47.307
1.97	47.307
2.02	49.402
2.01	49.379
2.00	49.379
2.02	49.402
1.97	49.402
1.99	49.379
1.94	49.335
1.96	49.379
1.94	49.357
1.95	49.379
2.11	51.898
2.10	51.831
2.15	51.875
2.10	51.831
2.09	51.875
2.09	51.920
2.13	51.898
2.08	51.898
2.11	51.898
2.07	51.898
2.18	51.875
2.25	51.875
2.21	51.875
2.20	51.853
2.20	51.898
2.24	53.837
2.27	53.792
2.21	53.747
2.26	53.703
2.21	53.814
2.39	55.887
2.40	55.932
2.39	55.887
2.35	55.909
2.41	55.887
2.46	55.887
2.44	55.909
2.50	55.865
2.44	55.909
2.49	55.887
2.49	55.887
2.53	55.909
2.51	55.887
2.56	55.954
2.47	55.909
2.60	55.865
2.59	55.887
2.59	55.865
2.58	55.909
2.54	55.887
2.59	55.887
2.60	55.865
2.56	55.909
2.58	55.932
2.54	55.865
2.61	55.932
2.61	55.909
2.61	55.887
2.60	55.909
2.62	55.887
2.65	54.461
2.68	54.483
2.60	54.483
2.63	54.461
2.61	54.505
2.62	54.527
2.67	54.527
2.62	54.527
2.68	54.527
2.63	54.505
2.66	53.905
2.70	53.861
2.67	53.950
2.68	53.905
2.59	53.994
2.68	53.797
2.65	53.775
2.67	53.797
2.65	53.819
2.66	53.797
2.90	61.040
2.83	60.973
2.86	61.018
2.83	60.996
2.88	61.018
2.95	61.998
2.94	62.021
2.90	62.021
2.96	62.021
2.92	61.998
3.16	64.450
3.14	64.472
3.15	64.450
3.17	64.450
3.18	64.405
3.22	63.001
3.23	63.046
3.24	63.001
3.20	63.001
3.17	63.001
3.17	62.689
3.13	62.712
3.20	62.734
3.22	62.712
3.25	62.689
3.39	67.615
3.42	67.570
3.38	67.526
3.44	67.548
3.45	67.548
3.51	64.873
3.54	64.896
3.48	64.896
3.44	64.873
3.44	64.807
3.45	64.784
3.48	64.829
3.44	64.740
3.50	64.784
3.46	64.784
3.50	64.517
3.46	64.495
3.51	64.495
3.49	64.495
3.52	64.539
3.79	72.228
3.80	72.250
3.73	72.295
3.79	72.228
3.78	72.250
3.88	70.245
3.91	70.245
3.86	70.267
3.85	70.289
3.78	70.267
4.22	75.883
4.18	75.883
4.15	75.861
4.09	75.883
4.16	75.861
4.31	78.647
4.32	78.580
4.26	78.624
4.30	78.580
4.34	78.580
4.39	77.755
4.36	77.733
4.35	77.711
4.31	77.755
4.34	77.733
4.36	75.593
4.40	75.571
4.39	75.593
4.43	75.593
4.40	75.593
4.65	80.764
4.64	80.719
4.63	80.742
4.61	80.697
4.60	80.719
4.72	82.502
4.68	82.480
4.71	82.480
4.68	82.502
4.70	82.480
4.70	81.343
4.66	81.299
4.71	81.321
4.68	81.343
4.75	81.321
4.85	85.266
4.90	85.266
4.81	85.243
4.88	85.288
4.84	85.243
5.18	89.054
5.18	89.054
5.16	89.032
5.18	89.054
5.17	89.032
5.27	86.246
5.21	86.246
5.21	86.224
5.20	86.246
5.25	86.291
5.18	85.957
5.22	85.934
5.25	85.957
5.28	85.979
5.27	85.979
5.14	85.867
5.18	85.867
5.16	85.867
5.22	85.867
5.22	85.845
5.16	85.154
5.23	85.221
5.21	85.221
5.25	85.177
5.24	85.199
5.53	92.219
5.54	92.197
5.58	92.241
5.59	92.175
5.54	92.175
5.69	94.893
5.66	94.893
5.67	94.871
5.65	94.871
5.70	94.849
5.71	94.024
5.73	94.047
5.70	94.024
5.71	94.047
5.70	94.024
5.88	97.323
5.93	97.278
5.93	97.300
5.87	97.256
5.87	97.256
5.94	95.072
5.95	94.983
5.89	95.049
5.90	95.049
5.86	95.027
5.92	94.893
5.90	94.827
5.92	94.827
5.87	94.827
5.91	94.827
6.10	98.259
6.06	98.370
6.07	98.615
6.10	98.905
6.09	99.039
6.29	100.019
6.29	100.042
6.29	100.042
6.29	100.042
6.26	100.019
6.20	99.641
6.25	99.618
6.21	99.641
6.26	99.618
6.27	99.641
6.26	99.306
6.21	99.284
6.26	99.306
6.27	99.217
6.29	99.217
6.48	102.828
6.46	102.805
6.49	102.805
6.47	102.805
6.48	102.805
6.51	102.114
6.47	102.070
6.48	102.114
6.44	102.092
6.44	102.070
6.49	101.223
6.46	101.201
6.44	101.178
6.52	101.201
6.49	101.178
6.49	100.309
6.50	100.309
6.50	100.287
6.52	100.331
6.52	100.309
6.49	100.242
6.49	100.242
6.53	100.220
6.54	100.198
6.57	100.220
6.48	100.109
6.49	100.064
6.52	100.042
6.51	100.064
6.52	100.064
6.76	105.101
6.77	105.101
6.71	105.034
6.71	105.078
6.67	105.056
6.77	104.031
6.72	104.053
6.74	104.031
6.70	104.053
6.72	104.031
6.79	102.780
6.78	102.824
6.82	102.802
6.82	102.802
6.78	102.780
6.73	102.668
6.73	102.735
6.76	102.735
6.73	102.713
6.81	102.735
6.79	102.668
6.78	102.713
6.75	102.668
6.81	102.646
6.81	102.668
6.82	101.911
6.82	101.911
6.81	101.888
6.79	101.933
6.79	101.911
6.81	99.749
6.79	99.771
6.86	99.793
6.82	99.771
6.88	99.749
6.87	99.749
6.82	99.726
6.83	99.771
6.77	99.726
6.82	99.793
6.83	99.414
6.79	99.370
6.82	99.392
6.82	99.392
6.86	99.370
6.86	99.080
6.81	99.058
6.86	99.080
6.82	99.058
6.88	99.080
6.82	99.058
6.82	99.080
6.91	99.058
6.90	99.080
6.89	99.058
6.86	98.991
6.87	99.013
6.89	99.013
6.92	98.991
6.89	98.946
7.14	105.568
7.14	105.568
7.17	105.546
7.14	105.546
7.12	105.546
7.49	107.373
7.50	107.395
7.50	107.373
7.45	107.351
7.49	107.306
7.57	103.874
7.64	103.874
7.57	103.874
7.57	103.830
7.53	103.874
7.66	102.738
7.61	102.738
7.66	102.693
7.65	102.715
7.63	102.671
8.08	107.819
8.11	107.774
8.06	107.797
8.09	107.752
8.08	107.752
8.17	106.393
8.15	106.437
8.18	106.393
8.20	106.415
8.23	106.393
8.29	105.412
8.28	105.390
8.28	105.390
8.22	105.456
8.22	105.456
8.25	104.409
8.27	104.454
8.23	104.387
8.23	104.431
8.16	104.409
8.28	104.231
8.24	104.164
8.29	104.208
8.28	104.208
8.29	104.186
8.28	103.362
8.30	103.384
8.32	103.406
8.29	103.339
8.27	103.384
8.74	107.819
8.70	107.841
8.69	107.819
8.69	107.797
8.70	107.797
8.95	108.109
8.96	108.109
8.95	108.109
8.89	108.086
8.93	108.042
9.00	105.100
8.91	105.144
8.98	105.167
8.95	105.167
9.04	105.144
9.04	104.810
9.00	104.788
9.02	104.877
9.03	104.810
9.05	104.810
9.41	109.000
9.40	109.022
9.43	108.978
9.40	108.955
9.44	108.955
9.53	105.947
9.52	105.925
9.56	105.925
9.50	105.947
9.55	105.925
9.64	104.409
9.58	104.454
9.59	104.431
9.53	104.431
9.58	104.387
9.68	103.518
9.67	103.518
9.63	103.473
9.65	103.518
9.61	103.495
9.65	103.228
9.63	103.183
9.66	103.206
9.62	103.250
9.61	103.250
9.96	108.421
9.98	108.443
10.02	108.376
10.03	108.398
10.06	108.376
10.23	109.334
10.28	109.334
10.23	109.290
10.23	109.223
10.18	109.290
10.34	106.682
10.33	106.727
10.35	106.682
10.39	106.682
10.38	106.682
10.71	109.646
10.64	109.646
10.69	109.624
10.67	109.602
10.70	109.646
10.85	106.749
10.77	106.705
10.79	106.727
10.75	106.727
10.80	106.727
10.98	109.869
11.00	109.892
10.95	109.869
10.97	109.892
10.91	109.869
11.08	107.930
11.01	107.953
11.08	107.930
11.11	107.908
11.12	107.930
11.53	110.114
11.55	110.114
11.55	110.070
11.56	110.092
11.53	110.092
11.94	110.984
11.92	110.961
11.97	110.939
11.88	110.917
11.89	110.894
11.92	107.819
11.95	107.774
11.92	107.797
11.97	107.797
11.88	107.774
11.99	107.418
11.94	107.395
11.97	107.395
11.91	107.418
11.96	107.418
12.00	107.106
12.02	107.106
12.01	107.106
12.04	107.128
12.02	107.128
12.02	106.014
12.04	105.991
12.01	105.969
12.02	106.036
11.97	105.969
12.35	110.226
12.38	110.248
12.39	110.270
12.41	110.204
12.40	110.248
12.83	111.273
12.83	111.296
12.79	111.273
12.79	111.251
12.76	111.273
12.83	108.799
12.80	108.777
12.86	108.777
12.82	108.799
12.90	108.777
13.20	110.716
13.16	110.716
13.19	110.716
13.18	110.672
13.19	110.672
13.30	110.738
13.32	110.738
13.33	110.761
13.33	110.738
13.29	110.694
13.32	110.003
13.29	110.025
13.34	110.048
13.34	110.070
13.38	110.025
13.38	109.312
13.37	109.312
13.33	109.334
13.35	109.290
13.36	109.334
13.43	104.855
13.44	104.833
13.41	104.855
13.48	104.855
13.44	104.855
13.48	104.833
13.45	104.810
13.49	104.833
13.49	104.855
13.53	104.833
13.43	103.918
13.46	103.940
13.40	103.895
13.45	103.918
13.41	103.918
13.86	111.339
13.85	111.339
13.88	111.317
13.89	111.294
13.89	111.294
14.35	112.186
14.32	112.164
14.34	112.119
14.28	112.119
14.30	112.141
14.36	108.754
14.29	108.754
14.32	108.754
14.30	108.732
14.36	108.732
14.38	108.397
14.40	108.397
14.35	108.419
14.38	108.397
14.32	108.442
14.78	111.428
14.84	111.406
14.79	111.384
14.81	111.361
14.75	111.339
15.25	112.431
15.29	112.387
15.29	112.387
15.32	112.364
15.33	112.387
15.33	108.665
15.29	108.642
15.32	108.665
15.30	108.620
15.35	108.642
15.41	108.330
15.38	108.330
15.36	108.397
15.34	108.375
15.36	108.375
15.88	112.810
15.87	112.832
15.87	112.810
15.87	112.788
15.87	112.788
15.96	109.734
15.87	109.734
15.93	109.757
15.85	109.757
15.91	109.712
15.94	108.197
15.99	108.219
15.97	108.241
16.00	108.219
15.99	108.263
15.94	107.974
15.97	107.951
15.93	107.974
15.96	107.951
15.89	107.951
16.36	112.899
16.42	112.832
16.43	112.855
16.47	112.832
16.43	112.788
16.63	113.323
16.58	113.345
16.66	113.323
16.63	113.300
16.68	113.300
16.73	110.670
16.68	110.648
16.71	110.648
16.68	110.626
16.74	110.626
17.21	113.256
17.23	113.256
17.20	113.256
17.23	113.233
17.16	113.189
17.51	113.523
17.53	113.545
17.45	113.501
17.49	113.501
17.50	113.479
17.64	110.893
17.60	110.826
17.60	110.849
17.58	110.893
17.61	110.871
17.72	109.734
17.70	109.734
17.71	109.734
17.69	109.757
17.66	109.690
18.19	113.033
18.19	113.033
18.16	112.988
18.16	112.988
18.13	113.011
18.16	110.537
18.13	110.492
18.19	110.514
18.16	110.492
18.22	110.492
18.13	110.136
18.09	110.091
18.16	110.113
18.10	110.091
18.20	110.069
18.15	109.021
18.20	108.999
18.14	109.021
18.19	109.044
18.13	108.999
18.24	108.442
18.23	108.397
18.26	108.419
18.20	108.419
18.23	108.442
18.24	108.130
18.21	108.152
18.23	108.130
18.24	108.174
18.20	108.152
18.71	113.969
18.67	113.969
18.69	113.947
18.67	113.947
18.71	113.924
18.81	110.670
18.77	110.670
18.79	110.648
18.75	110.670
18.79	110.693
19.26	113.545
19.31	113.479
19.25	113.523
19.33	113.479
19.31	113.479
19.66	114.080
19.65	114.080
19.66	114.036
19.62	114.013
19.62	113.991
19.66	111.138
19.70	111.161
19.66	111.161
19.69	111.205
19.66	111.138
20.11	113.724
20.04	113.679
20.10	113.679
20.03	113.657
20.10	113.635
20.19	111.718
20.18	111.785
20.16	111.785
20.17	111.740
20.17	111.718
20.16	110.537
20.19	110.537
20.17	110.581
20.21	110.581
20.21	110.537
20.32	106.543
20.33	106.587
20.31	106.610
20.34	106.587
20.28	106.610
20.27	106.431
20.32	106.409
20.31	106.454
20.32	106.431
20.29	106.431
20.31	106.387
20.27	106.364
20.32	106.364
20.30	106.409
20.33	106.387
20.16	99.188
20.16	99.188
20.15	99.188
20.13	99.210
20.13	99.188
19.95	93.728
19.98	93.683
19.93	93.728
19.93	93.750
19.90	93.706
19.73	89.739
19.78	89.716
19.76	89.761
19.80	89.761
19.78	89.761
19.73	90.162
19.78	90.184
19.74	90.184
19.78	90.207
19.76	90.162
19.76	90.942
19.73	90.898
19.75	90.920
19.74	90.875
19.74	90.942
19.38	82.317
19.36	82.317
19.39	82.339
19.34	82.317
19.38	82.317
19.15	78.417
19.16	78.439
19.16	78.439
19.13	78.417
19.19	78.417
18.78	71.664
18.74	71.686
18.73	71.731
18.72	71.686
18.78	71.664
18.50	66.003
18.50	65.981
18.50	66.026
18.48	66.003
18.50	66.048
18.39	68.054
18.40	68.054
18.42	68.054
18.41	68.076
18.45	68.121
18.42	68.611
18.47	68.633
18.44	68.633
18.46	68.633
18.48	68.633
18.12	62.683
18.09	62.660
18.11	62.638
18.10	62.638
18.11	62.660
17.80	57.022
17.75	57.000
17.81	56.977
17.75	57.000
17.82	57.044
17.41	49.756
17.37	49.734
17.39	49.779
17.37	49.779
17.37	49.801
17.07	44.876
17.04	44.920
17.07	44.898
17.04	44.920
17.02	44.920
16.93	46.525
16.97	46.503
16.91	46.569
16.97	46.525
16.96	46.569
16.93	46.770
17.00	46.770
17.01	46.748
17.02	46.792
17.00	46.792
16.46	37.744
16.38	37.744
16.43	37.766
16.41	37.811
16.48	37.766
16.00	31.883
16.01	31.905
16.01	31.905
16.00	31.905
16.04	31.927
15.74	27.648
15.74	27.670
15.79	27.648
15.76	27.648
15.79	27.648
15.62	29.364
15.64	29.275
15.63	29.320
15.70	29.320
15.69	29.297
15.24	22.500
15.24	22.545
15.17	22.545
15.19	22.500
15.16	22.478
15.15	23.169
15.18	23.169
15.11	23.191
15.17	23.213
15.14	23.191
15.18	23.570
15.15	23.547
15.21	23.547
15.16	23.547
15.20	23.592
15.15	23.637
15.16	23.614
15.21	23.614
15.17	23.659
15.25	23.637
14.89	19.135
14.90	19.135
14.89	19.135
14.92	19.157
14.90	19.135
14.56	14.611
14.51	14.588
14.54	14.655
14.50	14.611
14.56	14.655
14.50	16.015
14.54	16.015
14.49	16.037
14.49	16.037
14.47	16.059
14.15	10.666
14.19	10.666
14.17	10.688
14.18	10.688
14.16	10.755
13.63	6.231
13.69	6.231
13.66	6.253
13.71	6.275
13.66	6.298
13.70	7.501
13.67	7.501
13.70	7.523
13.65	7.523
13.66	7.501
13.23	3.066
13.22	3.066
13.22	3.066
13.22	3.044
13.21	3.088
13.11	5.030
13.15	5.053
13.11	5.053
13.15	5.075
13.11	5.053
13.04	3.025
13.07	3.002
13.03	3.047
13.05	3.025
13.01	3.069
13.03	4.607
13.07	4.629
13.03	4.674
13.08	4.651
13.02	4.696
13.00	5.097
12.96	5.075
13.01	5.075
12.93	5.053
12.99	5.097
13.06	4.050
13.01	4.072
13.03	4.027
12.99	4.050
13.05	4.005
13.01	3.381
13.03	3.381
13.04	3.381
13.06	3.381
13.03	3.314
12.99	2.779
12.94	2.779
12.97	2.757
12.98	2.757
13.00	2.779
13.01	2.802
12.98	2.779
13.03	2.757
12.97	2.779
13.00	2.824
13.06	2.935
13.02	2.935
13.00	2.935
13.01	2.913
13.01	2.935
13.01	3.025
13.03	3.091
13.01	3.025
13.03	3.025
13.02	3.025
13.00	3.091
13.00	3.114
13.00	3.091
12.99	3.091
13.04	3.091
12.69	3.233
12.69	3.322
12.69	3.255
12.73	3.255
12.66	3.300
12.72	3.277
12.63	3.210
12.73	3.233
12.74	3.277
12.62	3.255
12.62	3.324
12.71	3.346
12.61	3.324
12.72	3.368
12.59	3.346
12.70	3.190
12.72	3.145
12.69	3.145
12.60	3.190
12.63	3.145
12.52	1.340
12.59	1.318
12.59	1.340
12.62	1.318
12.61	1.363
12.54	1.251
12.57	1.229
12.54	1.273
12.61	1.251
12.63	1.273
12.46	-0.755
12.46	-0.799
12.46	-0.799
12.45	-0.822
12.46	-0.777
11.82	-8.176
11.82	-8.221
11.80	-8.221
11.89	-8.198
11.90	-8.198
11.84	-7.820
11.80	-7.753
11.88	-7.753
11.82	-7.775
11.84	-7.797
11.78	-7.262
11.84	-7.240
11.85	-7.285
11.87	-7.307
11.87	-7.262
11.79	-7.084
11.87	-7.129
11.83	-7.106
11.81	-7.106
11.85	-7.084
11.82	-6.928
11.82	-6.950
11.81	-6.950
11.78	-7.017
11.83	-6.950
11.70	-9.313
11.63	-9.268
11.65	-9.335
11.62	-9.268
11.60	-9.246
11.38	-11.541
11.37	-11.497
11.43	-11.497
11.31	-11.475
11.34	-11.497
11.39	-10.516
11.37	-10.472
11.33	-10.449
11.36	-10.516
11.30	-10.449
10.95	-13.324
11.05	-13.324
11.04	-13.347
11.02	-13.369
11.05	-13.302
10.98	-12.009
10.97	-12.054
11.02	-12.009
10.96	-12.032
11.01	-12.009
10.69	-15.174
10.69	-15.196
10.77	-15.174
10.74	-15.152
10.66	-15.130
10.63	-14.015
10.67	-14.037
10.73	-14.060
10.72	-14.037
10.67	-13.993
10.70	-13.436
10.68	-13.436
10.68	-13.458
10.67	-13.436
10.66	-13.413
10.18	-17.938
10.18	-17.960
10.20	-17.938
10.22	-17.960
10.23	-17.938
10.18	-17.403
10.18	-17.403
10.14	-17.358
10.14	-17.380
10.09	-17.380
10.20	-16.623
10.10	-16.556
10.12	-16.600
10.12	-16.623
10.18	-16.578
9.80	-20.211
9.82	-20.144
9.71	-20.189
9.74	-20.144
9.76	-20.122
9.76	-19.609
9.76	-19.631
9.80	-19.609
9.83	-19.631
9.71	-19.609
9.78	-18.874
9.70	-18.874
9.73	-18.874
9.79	-18.874
9.79	-18.851
9.77	-18.183
9.72	-18.160
9.71	-18.183
9.71	-18.160
9.67	-18.250
9.30	-21.503
9.36	-21.526
9.34	-21.481
9.35	-21.503
9.38	-21.503
9.32	-20.612
9.29	-20.590
9.31	-20.634
9.30	-20.634
9.35	-20.634
9.31	-20.411
9.29	-20.367
9.29	-20.389
9.28	-20.367
9.35	-20.411
9.32	-20.211
9.33	-20.189
9.35	-20.189
9.34	-20.166
9.26	-20.189
9.28	-19.449
9.29	-19.449
9.32	-19.449
9.30	-19.449
9.28	-19.472
8.64	-23.773
8.55	-23.751
8.63	-23.773
8.64	-23.751
8.70	-23.773
8.63	-23.349
8.59	-23.327
8.59	-23.349
8.56	-23.372
8.63	-23.349
8.55	-23.015
8.55	-23.060
8.57	-23.037
8.63	-23.037
8.64	-23.060
8.56	-22.458
8.56	-22.480
8.57	-22.458
8.59	-22.458
8.61	-22.502
8.59	-22.369
8.60	-22.346
8.57	-22.369
8.53	-22.324
8.61	-22.324
7.98	-26.759
8.02	-26.759
8.04	-26.737
8.01	-26.715
7.94	-26.737
8.01	-25.712
8.00	-25.712
7.96	-25.689
7.95	-25.734
7.95	-25.756
7.29	-30.147
7.28	-30.147
7.30	-30.080
7.28	-30.124
7.38	-30.102
7.23	-29.233
7.33	-29.255
7.26	-29.255
7.32	-29.300
7.34	-29.278
7.33	-28.810
7.34	-28.810
7.29	-28.832
7.25	-28.787
7.26	-28.787
7.27	-28.720
7.29	-28.720
7.34	-28.720
7.34	-28.720
7.25	-28.720
6.32	-34.114
6.36	-34.158
6.32	-34.136
6.32	-34.092
6.30	-34.136
6.30	-32.732
6.27	-32.710
6.31	-32.732
6.28	-32.732
6.33	-32.777
6.29	-32.554
6.30	-32.576
6.30	-32.576
6.31	-32.531
6.33	-32.576
6.31	-31.907
6.33	-32.019
6.29	-31.952
6.32	-31.997
6.25	-31.997
5.87	-36.565
5.78	-36.565
5.87	-36.543
5.93	-36.521
5.91	-36.498
5.86	-35.785
5.81	-35.785
5.88	-35.785
5.82	-35.763
5.86	-35.830
5.27	-39.373
5.32	-39.329
5.30	-39.329
5.32	-39.307
5.35	-39.307
5.24	-38.549
5.32	-38.527
5.31	-38.482
5.30	-38.527
5.31	-38.527
5.28	-37.791
5.30	-37.791
5.26	-37.836
5.29	-37.791
5.29	-37.813
5.27	-37.390
5.30	-37.412
5.29	-37.390
5.30	-37.390
5.29	-37.368
4.38	-43.563
4.45	-43.519
4.44	-43.519
4.44	-43.519
4.45	-43.474
4.42	-42.003
4.41	-42.003
4.44	-42.003
4.42	-42.026
4.41	-42.003
4.36	-41.714
4.45	-41.691
4.40	-41.669
4.41	-41.691
4.42	-41.714
4.43	-40.577
4.38	-40.621
4.36	-40.644
4.37	-40.555
4.39	-40.599
4.41	-40.421
4.37	-40.443
4.37	-40.399
4.44	-40.421
4.40	-40.399
3.56	-47.887
3.61	-47.887
3.65	-47.909
3.60	-47.865
3.58	-47.842
3.54	-46.572
3.53	-46.527
3.53	-46.527
3.51	-46.550
3.56	-46.572
2.74	-52.367
2.69	-52.411
2.69	-52.367
2.66	-52.367
2.70	-52.367
2.68	-50.806
2.69	-50.806
2.62	-50.829
2.63	-50.762
2.63	-50.762
2.67	-50.383
2.69	-50.405
2.63	-50.361
2.66	-50.361
2.61	-50.338
1.76	-57.515
1.76	-57.426
1.78	-57.403
1.78	-57.403
1.82	-57.381
1.66	-56.178
1.77	-56.200
1.75	-56.200
1.75	-56.200
1.75	-56.200
1.71	-55.576
1.76	-55.576
1.73	-55.576
1.72	-55.531
1.75	-55.576
1.71	-53.904
1.72	-53.927
1.70	-53.927
1.67	-53.904
1.63	-53.927
1.69	-53.837
1.71	-53.837
1.73	-53.837
1.71	-53.837
1.67	-53.815
1.00	-60.902
0.99	-60.858
1.02	-60.902
0.96	-60.858
0.96	-60.858
0.95	-59.587
0.89	-59.632
0.94	-59.654
0.99	-59.654
0.99	-59.632
0.44	-62.395
0.43	-62.373
0.39	-62.395
0.44	-62.440
0.41	-62.395
0.42	-61.415
0.44	-61.370
0.34	-61.348
0.41	-61.348
0.34	-61.393
0.43	-60.523
0.37	-60.523
0.38	-60.479
0.39	-60.501
0.37	-60.523
0.32	-59.721
0.26	-59.721
0.36	-59.721
0.34	-59.743
0.36	-59.743
0.34	-58.566
0.31	-58.566
0.30	-58.566
0.32	-58.588
0.22	-58.521
0.33	-58.521
0.31	-58.566
0.28	-58.521
0.28	-58.499
0.27	-58.499
-0.29	-66.455
-0.31	-66.455
-0.37	-66.411
-0.34	-66.478
-0.35	-66.411
-0.41	-64.472
-0.37	-64.472
-0.37	-64.472
-0.33	-64.516
-0.36	-64.494
-0.78	-69.865
-0.81	-69.798
-0.81	-69.821
-0.79	-69.798
-0.82	-69.776
-1.27	-72.673
-1.28	-72.651
-1.26	-72.629
-1.32	-72.562
-1.24	-72.562
-1.34	-71.113
-1.31	-71.135
-1.33	-71.135
-1.29	-71.135
-1.32	-71.135
-2.05	-77.532
-2.04	-77.576
-2.06	-77.509
-2.10	-77.509
-2.07	-77.532
-2.80	-82.947
-2.80	-82.880
-2.81	-82.858
-2.83	-82.769
-2.81	-82.791
-3.22	-84.819
-3.17	-84.775
-3.22	-84.775
-3.18	-84.708
-3.18	-84.775
-3.76	-88.831
-3.77	-88.831
-3.78	-88.786
-3.77	-88.786
-3.78	-88.764
-3.83	-85.443
-3.83	-85.443
-3.83	-85.466
-3.85	-85.466
-3.88	-85.488
-4.26	-91.595
-4.27	-91.572
-4.23	-91.550
-4.22	-91.550
-4.32	-91.572
-4.83	-95.383
-4.84	-95.361
-4.90	-95.316
-4.87	-95.316
-4.86	-95.294
-4.88	-92.776
-4.96	-92.731
-4.90	-92.776
-4.89	-92.753
-4.83	-92.753
-5.77	-99.150
-5.80	-99.105
-5.85	-99.083
-5.80	-99.105
-5.84	-99.061
-5.86	-96.052
-5.82	-96.052
-5.84	-96.030
-5.87	-96.074
-5.89	-96.030
-6.85	-101.356
-6.84	-101.334
-6.85	-101.356
-6.81	-101.289
-6.86	-101.311
-6.89	-98.214
-6.91	-98.191
-6.90	-98.236
-6.94	-98.169
-6.93	-98.191
-6.85	-97.902
-6.93	-97.924
-6.92	-97.946
-6.95	-97.946
-6.92	-97.924
-7.37	-101.935
-7.33	-101.935
-7.31	-101.913
-7.36	-101.958
-7.38	-101.891
-7.39	-98.481
-7.41	-98.459
-7.40	-98.414
-7.41	-98.481
-7.40	-98.503
-7.47	-97.188
-7.45	-97.211
-7.46	-97.233
-7.47	-97.211
-7.47	-97.255
-7.50	-95.985
-7.46	-96.008
-7.48	-96.008
-7.47	-96.008
-7.45	-96.008
-8.13	-102.961
-8.11	-102.916
-8.08	-102.939
-8.05	-102.939
-8.06	-102.894
-8.16	-100.509
-8.10	-100.509
-8.08	-100.509
-8.07	-100.532
-8.11	-100.554
-8.57	-103.652
-8.53	-103.630
-8.57	-103.607
-8.54	-103.607
-8.54	-103.585
-8.81	-104.632
-8.83	-104.610
-8.83	-104.610
-8.85	-104.610
-8.83	-104.543
-8.84	-101.691
-8.89	-101.691
-8.86	-101.668
-8.88	-101.713
-8.90	-101.646
-9.28	-104.343
-9.29	-104.276
-9.27	-104.254
-9.25	-104.254
-9.34	-104.231
-9.39	-101.936
-9.35	-101.958
-9.31	-101.936
-9.29	-101.913
-9.33	-101.869
-9.68	-105.546
-9.70	-105.524
-9.71	-105.502
-9.69	-105.502
-9.74	-105.502
-9.73	-103.318
-9.70	-103.340
-9.74	-103.318
-9.74	-103.295
-9.77	-103.318
-10.01	-105.524
-9.95	-105.591
-9.98	-105.546
-10.01	-105.546
-10.01	-105.502
-10.45	-107.374
-10.47	-107.418
-10.48	-107.396
-10.49	-107.351
-10.45	-107.351
-10.59	-103.808
-10.56	-103.786
-10.60	-103.830
-10.52	-103.830
-10.57	-103.786
-10.56	-103.451
-10.55	-103.451
-10.53	-103.384
-10.54	-103.407
-10.57	-103.407
-10.59	-102.738
-10.59	-102.716
-10.60	-102.694
-10.64	-102.738
-10.60	-102.694
-10.61	-102.203
-10.57	-102.248
-10.56	-102.248
-10.60	-102.203
-10.62	-102.203
-10.57	-102.181
-10.60	-102.137
-10.60	-102.181
-10.59	-102.159
-10.62	-102.181
-10.59	-102.047
-10.65	-102.070
-10.60	-102.025
-10.66	-102.047
-10.59	-102.003
-10.62	-101.958
-10.62	-102.003
-10.65	-101.981
-10.58	-102.003
-10.57	-101.958
-11.00	-107.352
-11.02	-107.374
-10.93	-107.329
-10.97	-107.307
-10.99	-107.285
-11.03	-104.544
-11.01	-104.566
-11.03	-104.521
-11.04	-104.566
-11.04	-104.544
-11.52	-107.820
-11.55	-107.842
-11.55	-107.775
-11.60	-107.731
-11.56	-107.753
-11.99	-108.756
-11.98	-108.711
-12.01	-108.733
-11.97	-108.711
-11.93	-108.667
-12.10	-105.101
-12.11	-105.101
-12.05	-105.123
-12.05	-105.123
-12.04	-105.101
-12.59	-109.915
-12.58	-109.870
-12.57	-109.759
-12.62	-109.669
-12.64	-109.603
-12.91	-109.848
-12.98	-109.781
-12.94	-109.781
-12.91	-109.692
-12.86	-109.692
-13.01	-105.747
-12.97	-105.747
-13.05	-105.769
-13.03	-105.725
-13.06	-105.747
-13.05	-106.795
-13.10	-106.951
-13.15	-107.062
-13.08	-107.196
-13.15	-107.441
-13.47	-107.597
-13.43	-107.552
-13.46	-107.530
-13.48	-107.552
-13.56	-107.530
-13.49	-106.527
-13.44	-106.483
-13.47	-106.527
-13.50	-106.483
-13.53	-106.483
-13.54	-106.282
-13.46	-106.304
-13.49	-106.260
-13.49	-106.282
-13.48	-106.260
-13.52	-104.588
-13.54	-104.588
-13.55	-104.588
-13.58	-104.544
-13.55	-104.610
-13.55	-103.318
-13.58	-103.318
-13.56	-103.296
-13.59	-103.296
-13.57	-103.296
-13.55	-103.000
-13.58	-103.000
-13.55	-103.023
-13.61	-103.000
-13.60	-103.000
-13.57	-102.978
-13.56	-102.978
-13.56	-102.956
-13.59	-103.000
-13.57	-102.956
-13.91	-107.502
-13.88	-107.502
-13.89	-107.458
-13.87	-107.480
-13.89	-107.480
-13.87	-106.659
-13.91	-106.614
-13.88	-106.637
-13.91	-106.614
-13.89	-106.659
-13.87	-106.570
-13.89	-106.592
-13.92	-106.592
-13.91	-106.525
-13.93	-106.592
-13.89	-105.790
-13.90	-105.812
-13.88	-105.790
-13.89	-105.812
-13.91	-105.767
-14.43	-109.422
-14.41	-109.400
-14.40	-109.356
-14.39	-109.378
-14.39	-109.311
-14.45	-106.793
-14.43	-106.793
-14.42	-106.793
-14.44	-106.770
-14.47	-106.815
-14.48	-106.191
-14.49	-106.191
-14.46	-106.213
-14.48	-106.169
-14.46	-106.191
-14.98	-109.467
-15.03	-109.445
-15.00	-109.422
-14.99	-109.422
-14.94	-109.422
-14.96	-108.041
-14.99	-108.085
-14.91	-108.107
-14.95	-108.085
-14.94	-108.107
-15.44	-110.581
-15.44	-110.581
-15.46	-110.559
-15.49	-110.559
-15.48	-110.537
-15.55	-107.483
-15.57	-107.506
-15.58	-107.506
-15.55	-107.506
-15.56	-107.483
-16.05	-110.225
-16.04	-110.247
-16.05	-110.202
-16.04	-110.180
-16.04	-110.202
-16.06	-108.620
-16.03	-108.665
-16.05	-108.642
-16.08	-108.642
-16.08	-108.642
-16.10	-107.105
-16.10	-107.082
-16.08	-107.082
-16.10	-107.105
-16.10	-107.082
-16.17	-105.901
-16.21	-105.901
-16.20	-105.946
-16.23	-105.901
-16.23	-105.901
-16.23	-105.299
-16.22	-105.322
-16.24	-105.322
-16.21	-105.299
-16.21	-105.277
-16.48	-110.336
-16.45	-110.336
-16.49	-110.336
-16.47	-110.269
-16.45	-110.247
-16.51	-109.422
-16.50	-109.445
-16.53	-109.445
-16.54	-109.445
-16.54	-109.467
-16.85	-111.138
-16.85	-111.138
-16.90	-111.094
-16.89	-111.138
-16.91	-111.094
-16.99	-108.085
-16.96	-108.085
-16.97	-108.041
-16.92	-108.063
-16.94	-108.085
-16.97	-107.595
-16.95	-107.550
-16.94	-107.573
-16.97	-107.550
-16.95	-107.573
-16.96	-107.171
-16.98	-107.216
-16.95	-107.149
-16.95	-107.171
-16.97	-107.171
-16.96	-105.099
-16.99	-105.054
-16.99	-105.077
-16.99	-105.077
-16.99	-105.077
-17.03	-105.010
-17.06	-105.032
-17.00	-105.010
-17.04	-105.054
-17.03	-105.010
-17.44	-110.336
-17.42	-110.358
-17.43	-110.358
-17.40	-110.381
-17.41	-110.358
-17.85	-111.673
-17.89	-111.718
-17.86	-111.696
-17.89	-111.651
-17.85	-111.696
-17.95	-108.642
-17.91	-108.620
-17.91	-108.642
-17.92	-108.642
-17.92	-108.620
-18.35	-111.562
-18.31	-111.584
-18.33	-111.517
-18.31	-111.517
-18.37	-111.540
-18.64	-112.008
-18.62	-112.030
-18.67	-112.008
-18.64	-111.963
-18.67	-111.985
-18.71	-109.110
-18.69	-109.110
-18.74	-109.088
-18.69	-109.088
-18.74	-109.088
-18.70	-108.620
-18.70	-108.642
-18.68	-108.642
-18.69	-108.620
-18.68	-108.642
-19.10	-112.119
-19.11	-112.119
-19.10	-112.097
-19.12	-112.097
-19.10	-112.097
-19.21	-109.757
-19.23	-109.690
-19.16	-109.690
-19.19	-109.690
-19.18	-109.668
-19.17	-109.266
-19.16	-109.289
-19.16	-109.333
-19.16	-109.311
-19.20	-109.289
-19.44	-111.540
-19.43	-111.517
-19.46	-111.517
-19.47	-111.495
-19.47	-111.473
-19.48	-109.913
-19.52	-109.913
-19.49	-109.890
-19.53	-109.868
-19.51	-109.890
-19.89	-111.540
-19.90	-111.606
-19.90	-111.562
-19.89	-111.540
-19.87	-111.517
-19.86	-110.760
-19.90	-110.760
-19.88	-110.782
-19.87	-110.760
-19.93	-110.737
-20.19	-112.632
-20.19	-112.632
-20.22	-112.609
-20.18	-112.587
-20.21	-112.609
-20.17	-110.314
-20.15	-110.336
-20.16	-110.358
-20.16	-110.381
-20.15	-110.336
-20.16	-110.180
-20.16	-110.158
-20.17	-110.180
-20.19	-110.180
-20.18	-110.158
-20.22	-109.578
-20.22	-109.578
-20.21	-109.578
-20.17	-109.578
-20.19	-109.556
-20.21	-108.665
-20.24	-108.665
-20.25	-108.642
-20.26	-108.665
-20.22	-108.665
-20.28	-108.041
-20.26	-108.063
-20.30	-108.085
-20.29	-108.085
-20.31	-108.041
-20.32	-105.277
-20.32	-105.233
-20.34	-105.255
-20.32	-105.255
-20.32	-105.255
-20.33	-105.211
-20.34	-105.144
-20.31	-105.188
-20.33	-105.188
-20.31	-105.188
-20.31	-105.077
-20.32	-105.121
-20.29	-105.099
-20.31	-105.099
-20.31	-105.099
-20.38	-101.444
-20.33	-101.444
-20.36	-101.466
-20.35	-101.444
-20.35	-101.444
-19.88	-92.685
-19.85	-92.641
-19.89	-92.685
-19.89	-92.663
-19.91	-92.708
-19.78	-90.434
-19.80	-90.412
-19.77	-90.457
-19.82	-90.434
-19.78	-90.479
-19.76	-91.348
-19.78	-91.371
-19.76	-91.371
-19.77	-91.371
-19.75	-91.393
-19.79	-91.549
-19.80	-91.549
-19.79	-91.571
-19.77	-91.549
-19.77	-91.549
-19.34	-82.656
-19.32	-82.656
-19.33	-82.612
-19.34	-82.634
-19.34	-82.656
-18.97	-77.419
-18.94	-77.375
-19.02	-77.441
-18.98	-77.441
-18.97	-77.464
-18.50	-70.800
-18.49	-70.778
-18.53	-70.778
-18.50	-70.778
-18.53	-70.755
-18.46	-72.159
-18.43	-72.182
-18.42	-72.204
-18.41	-72.182
-18.44	-72.204
-17.91	-68.438
-17.93	-68.460
-17.92	-68.482
-17.90	-68.460
-17.90	-68.438
-17.92	-68.148
-17.92	-68.192
-17.95	-68.192
-17.93	-68.192
-17.96	-68.170
-17.91	-68.638
-17.92	-68.638
-17.89	-68.638
-17.93	-68.638
-17.92	-68.638
-17.95	-68.705
-17.93	-68.727
-17.98	-68.750
-17.95	-68.727
-17.98	-68.727
-17.71	-61.284
-17.65	-61.261
-17.68	-61.284
-17.67	-61.261
-17.67	-61.261
-17.33	-55.801
-17.32	-55.779
-17.33	-55.779
-17.36	-55.779
-17.34	-55.801
-17.32	-56.982
-17.33	-57.005
-17.31	-56.960
-17.32	-56.960
-17.32	-56.982
-17.35	-57.361
-17.35	-57.406
-17.36	-57.383
-17.38	-57.383
-17.34	-57.406
-17.35	-57.584
-17.31	-57.562
-17.40	-57.539
-17.35	-57.584
-17.39	-57.584
-17.33	-57.673
-17.27	-57.695
-17.33	-57.673
-17.29	-57.673
-17.34	-57.673
-16.85	-50.296
-16.87	-50.318
-16.85	-50.340
-16.89	-50.274
-16.88	-50.318
-16.47	-45.660
-16.53	-45.682
-16.46	-45.660
-16.53	-45.682
-16.50	-45.682
-16.46	-46.485
-16.46	-46.485
-16.46	-46.485
-16.45	-46.485
-16.49	-46.485
-16.48	-46.708
-16.52	-46.752
-16.49	-46.752
-16.51	-46.708
-16.47	-46.708
-15.90	-38.863
-15.92	-38.840
-15.94	-38.863
-15.91	-38.885
-15.91	-38.863
-15.38	-33.380
-15.37	-33.447
-15.35	-33.403
-15.37	-33.425
-15.32	-33.447
-15.33	-34.606
-15.36	-34.628
-15.36	-34.606
-15.35	-34.606
-15.36	-34.628
-15.34	-34.807
-15.34	-34.807
-15.37	-34.784
-15.31	-34.784
-15.35	-34.762
-15.33	-34.940
-15.31	-34.963
-15.32	-34.940
-15.31	-34.963
-15.35	-34.940
-14.86	-28.901
-14.86	-28.901
-14.84	-28.901
-14.83	-28.923
-14.84	-28.923
-14.22	-22.504
-14.20	-22.549
-14.21	-22.549
-14.18	-22.571
-14.21	-22.571
-14.15	-24.131
-14.20	-24.131
-14.17	-24.154
-14.24	-24.154
-14.19	-24.109
-13.69	-18.315
-13.68	-18.381
-13.71	-18.359
-13.67	-18.404
-13.71	-18.381
-13.11	-14.459
-13.13	-14.437
-13.12	-14.481
-13.14	-14.459
-13.12	-14.459
-13.10	-15.818
-13.14	-15.818
-13.10	-15.774
-13.13	-15.796
-13.14	-15.796
-12.52	-10.113
-12.49	-10.158
-12.52	-10.113
-12.48	-10.158
-12.48	-10.135
-11.90	-6.570
-11.92	-6.614
-11.90	-6.570
-11.94	-6.592
-11.94	-6.592
-11.88	-7.684
-11.90	-7.662
-11.87	-7.639
-11.88	-7.662
-11.87	-7.639
-11.37	-4.363
-11.36	-4.319
-11.35	-4.252
-11.36	-4.296
-11.35	-4.252
-11.31	-3.984
-11.32	-4.029
-11.31	-4.007
-11.31	-4.007
-11.31	-4.007
-10.91	-1.377
-10.91	-1.332
-10.89	-1.243
-10.89	-1.198
-10.88	-1.154
-10.70	0.050
-10.69	0.072
-10.70	0.050
-10.70	0.027
-10.69	0.072
-10.27	2.902
-10.26	2.835
-10.23	2.880
-10.22	2.835
-10.22	2.858
-10.24	1.922
-10.22	1.899
-10.22	1.944
-10.22	1.944
-10.24	1.922
-10.24	1.409
-10.23	1.475
-10.26	1.453
-10.23	1.475
-10.25	1.498
-10.11	2.523
-10.10	2.590
-10.12	2.523
-10.07	2.567
-10.12	2.590
-10.05	2.701
-10.08	2.746
-10.06	2.768
-10.07	2.746
-10.09	2.768
-10.07	2.723
-10.07	2.679
-10.10	2.679
-10.06	2.679
-10.08	2.701
-10.07	2.567
-10.08	2.590
-10.09	2.567
-10.05	2.567
-10.08	2.523
-10.08	2.567
-10.10	2.545
-10.05	2.545
-10.13	2.501
-10.10	2.567
-10.08	2.634
-10.11	2.590
-10.08	2.634
-10.08	2.590
-10.09	2.657
-10.09	2.813
-10.09	2.790
-10.06	2.790
-10.10	2.813
-10.06	2.835
-10.04	2.857
-10.03	2.879
-10.04	2.813
-10.05	2.902
-10.06	2.835
-10.07	2.879
-10.03	2.902
-10.05	2.835
-10.05	2.835
-10.05	2.924
-10.05	2.924
-10.06	2.835
-10.07	2.946
-10.05	2.835
-10.05	2.879
-10.04	2.813
-10.00	2.813
-10.01	2.768
-9.96	2.768
-10.01	2.813
-10.00	2.857
-10.01	2.835
-9.98	2.835
-10.03	2.902
-10.01	2.835
-9.67	2.773
-9.69	2.750
-9.63	2.728
-9.64	2.795
-9.67	2.750
-9.67	2.817
-9.67	2.795
-9.69	2.840
-9.65	2.750
-9.71	2.750
-9.68	2.840
-9.73	2.795
-9.69	2.728
-9.70	2.773
-9.70	2.750
-9.70	1.369
-9.67	1.324
-9.67	1.369
-9.67	1.302
-9.73	1.369
-9.67	1.324
-9.66	1.324
-9.69	1.280
-9.70	1.302
-9.70	1.280
-9.65	1.280
-9.66	1.280
-9.71	1.302
-9.69	1.324
-9.72	1.280
-9.70	1.302
-9.69	1.280
-9.67	1.235
-9.65	1.257
-9.66	1.346
-9.49	3.865
-9.47	3.932
-9.47	3.887
-9.48	3.887
-9.47	3.865
-8.60	6.807
-8.62	6.784
-8.62	6.784
-8.68	6.829
-8.65	6.784
-8.65	6.606
-8.64	6.584
-8.65	6.628
-8.60	6.584
-8.63	6.628
-8.02	8.746
-8.03	8.723
-8.08	8.746
-8.04	8.701
-8.03	8.701
-8.03	8.500
-8.02	8.478
-8.07	8.456
-8.01	8.434
-8.08	8.456
-7.25	11.531
-7.24	11.487
-7.24	11.442
-7.25	11.509
-7.22	11.465
-7.22	11.063
-7.20	11.086
-7.28	11.108
-7.25	11.086
-7.28	11.063
-7.21	10.595
-7.24	10.595
-7.21	10.573
-7.23	10.595
-7.22	10.573
-6.66	13.470
-6.69	13.448
-6.65	13.403
-6.66	13.470
-6.64	13.426
-6.55	12.334
-6.52	12.334
-6.56	12.401
-6.56	12.356
-6.59	12.378
-6.56	11.821
-6.63	11.843
-6.59	11.866
-6.66	11.821
-6.58	11.843
-6.54	11.821
-6.59	11.799
-6.59	11.843
-6.65	11.843
-6.60	11.843
-6.01	15.810
-6.06	15.788
-6.03	15.788
-6.10	15.788
-6.07	15.788
-6.10	15.276
-6.05	15.298
-6.10	15.298
-6.07	15.231
-6.08	15.298
-6.00	15.097
-6.03	15.097
-6.03	15.053
-6.02	15.053
-6.01	15.053
-5.27	18.574
-5.29	18.574
-5.31	18.529
-5.30	18.485
-5.35	18.507
-5.28	17.905
-5.25	17.905
-5.26	17.883
-5.24	17.883
-5.27	17.928
-4.35	22.095
-4.38	22.073
-4.37	22.095
-4.38	22.073
-4.35	22.117
-4.39	21.025
-4.35	20.981
-4.39	21.025
-4.33	20.981
-4.35	20.959
-4.34	20.268
-4.38	20.312
-4.31	20.335
-4.31	20.290
-4.30	20.290
-4.29	20.179
-4.28	20.179
-4.29	20.179
-4.30	20.156
-4.30	20.134
-3.16	26.842
-3.16	26.842
-3.19	26.865
-3.18	26.820
-3.19	26.753
-3.19	26.241
-3.17	26.241
-3.16	26.196
-3.15	26.241
-3.16	26.263
-2.35	30.341
-2.32	30.319
-2.32	30.319
-2.27	30.319
-2.30	30.319
-2.26	29.427
-2.29	29.450
-2.30	29.383
-2.31	29.383
-2.25	29.405
-2.29	28.603
-2.23	28.581
-2.23	28.558
-2.21	28.581
-2.20	28.603
-1.44	33.484
-1.43	33.484
-1.43	33.484
-1.46	33.417
-1.45	33.461
-0.52	37.941
-0.54	37.986
-0.48	37.941
-0.46	37.941
-0.44	37.963
0.17	40.861
0.20	40.883
0.19	40.883
0.20	40.816
0.19	40.794
0.18	38.877
0.23	38.899
0.15	38.922
0.22	38.899
0.21	38.877
1.15	44.716
1.20	44.694
1.17	44.672
1.25	44.627
1.23	44.605
1.25	42.733
1.22	42.733
1.22	42.710
1.19	42.710
1.21	42.688
1.25	42.710
1.29	42.666
1.29	42.643
1.27	42.710
1.31	42.733
1.43	45.585
1.48	45.585
1.49	45.518
1.54	45.496
1.53	45.496
2.22	48.884
2.20	48.861
2.20	48.861
2.17	48.795
2.22	48.861
3.08	52.739
3.06	52.717
3.08	52.717
3.04	52.695
3.08	52.672
3.05	50.667
3.06	50.600
3.06	50.600
3.09	50.600
3.03	50.622
4.24	57.419
4.21	57.419
4.27	57.464
4.21	57.375
4.24	57.375
5.24	61.944
5.20	61.899
5.22	61.854
5.17	61.877
5.19	61.832
5.22	59.893
5.20	59.893
5.25	59.938
5.18	59.893
5.25	59.871
6.16	65.888
6.17	65.888
6.12	65.911
6.17	65.888
6.14	65.844
6.20	63.883
6.23	63.793
6.20	63.838
6.24	63.883
6.19	63.860
6.21	61.628
6.26	61.606
6.21	61.583
6.24	61.606
6.25	61.628
6.29	61.361
6.27	61.316
6.26	61.361
6.21	61.361
6.26	61.338
6.84	68.849
6.80	68.849
6.84	68.893
6.79	68.804
6.86	68.849
6.84	67.110
6.89	67.155
6.87	67.110
6.89	67.155
6.89	67.133
7.42	72.103
7.40	71.991
7.41	71.991
7.37	72.014
7.36	71.969
8.12	75.223
8.17	75.178
8.13	75.201
8.10	75.178
8.11	75.111
8.86	78.120
8.88	78.142
8.83	78.098
8.91	78.098
8.90	78.120
9.75	82.132
9.69	82.109
9.72	82.065
9.65	82.020
9.69	82.020
10.74	86.210
10.71	86.188
10.67	86.210
10.68	86.099
10.64	86.099
10.70	81.820
10.75	81.820
10.70	81.775
10.73	81.842
10.71	81.797
10.75	81.641
10.79	81.619
10.76	81.641
10.79	81.641
10.73	81.597
11.18	87.659
11.16	87.636
11.19	87.659
11.20	87.636
11.19	87.614
11.48	88.929
11.55	88.884
11.49	88.929
11.56	88.884
11.46	88.862
11.55	87.035
11.50	87.146
11.57	87.035
11.51	87.124
11.54	87.124
11.62	85.675
11.62	85.697
11.61	85.720
11.59	85.675
11.58	85.764
11.61	85.586
11.54	85.586
11.58	85.608
11.55	85.608
11.57	85.608
12.50	93.275
12.55	93.208
12.56	93.208
12.55	93.186
12.54	93.186
12.53	89.999
12.58	89.999
12.54	90.043
12.58	90.043
12.52	90.066
12.63	89.063
12.59	89.085
12.59	89.130
12.58	89.107
12.56	89.063
13.28	95.392
13.36	95.437
13.31	95.437
13.34	95.370
13.29	95.370
14.09	98.379
14.05	98.379
14.09	98.312
14.03	98.356
14.11	98.289
14.25	94.746
14.25	94.768
14.23	94.768
14.20	94.768
14.20	94.724
14.18	94.634
14.19	94.679
14.13	94.657
14.16	94.634
14.13	94.634
14.19	94.055
14.15	94.055
14.18	94.055
14.14	94.055
14.17	94.033
14.73	99.448
14.71	99.471
14.75	99.493
14.71	99.448
14.73	99.426
14.78	97.532
14.79	97.554
14.80	97.576
14.79	97.554
14.82	97.554
15.21	100.384
15.16	100.451
15.19	100.496
15.15	100.384
15.22	100.451
15.61	102.123
15.62	102.100
15.61	102.056
15.65	102.056
15.65	102.078
15.71	99.627
15.64	99.604
15.66	99.604
15.59	99.627
15.67	99.627
16.07	102.680
16.05	102.680
16.13	102.658
16.12	102.658
16.13	102.658
16.42	103.705
16.41	103.638
16.38	103.705
16.38	103.660
16.35	103.660
16.37	101.655
16.41	101.632
16.34	101.632
16.39	101.655
16.33	101.632
16.82	104.574
16.87	104.530
16.89	104.485
16.91	104.507
16.92	104.507
17.25	105.622
17.19	105.555
17.26	105.555
17.20	105.555
17.28	105.577
17.23	102.724
17.26	102.724
17.22	102.747
17.26	102.791
17.25	102.724
17.30	102.301
17.35	102.301
17.35	102.301
17.38	102.279
17.38	102.346
17.38	101.632
17.38	101.655
17.40	101.588
17.37	101.610
17.37	101.632
17.81	106.714
17.85	106.714
17.84	106.691
17.87	106.691
17.89	106.647
18.28	107.783
18.30	107.739
18.30	107.739
18.31	107.717
18.24	107.672
18.34	104.552
18.29	104.597
18.33	104.574
18.31	104.574
18.33	104.597
18.81	107.940
18.88	107.940
18.82	107.895
18.85	107.917
18.85	107.850
19.40	109.522
19.35	109.455
19.38	109.455
19.35	109.388
19.33	109.388
19.44	105.599
19.48	105.622
19.44	105.622
19.47	105.599
19.39	105.644
19.87	109.143
19.88	109.121
19.86	109.121
19.88	109.098
19.84	109.121
20.10	109.321
20.06	109.277
20.10	109.277
20.05	109.344
20.09	109.277
20.18	107.739
20.17	107.672
20.15	107.672
20.13	107.650
20.17	107.694
20.19	104.708
20.23	104.730
20.17	104.730
20.26	104.753
20.17	104.775
20.21	101.811
20.24	101.811
20.20	101.811
20.24	101.811
20.19	101.811
19.99	94.657
20.06	94.613
20.03	94.613
20.04	94.635
20.02	94.613
19.64	87.971
19.67	87.949
19.66	87.949
19.74	87.971
19.69	87.971
19.70	88.261
19.66	88.261
19.70	88.216
19.62	88.239
19.66	88.239
19.43	83.091
19.50	83.091
19.47	83.113
19.52	83.068
19.47	83.135
19.21	79.391
19.20	79.413
19.20	79.436
19.21	79.436
19.21	79.413
19.18	80.528
19.17	80.572
19.18	80.550
19.22	80.594
19.22	80.550
18.66	72.972
18.73	72.995
18.65	72.995
18.68	72.995
18.69	73.017
18.72	73.418
18.70	73.440
18.75	73.485
18.71	73.485
18.79	73.485
18.33	67.401
18.36	67.356
18.34	67.378
18.40	67.401
18.40	67.356
18.29	67.557
18.31	67.579
18.28	67.557
18.36	67.557
18.33	67.579
18.40	68.181
18.36	68.136
18.38	68.225
18.30	68.248
18.33	68.225
18.37	68.404
18.35	68.404
18.34	68.404
18.34	68.404
18.37	68.404
17.96	61.718
17.97	61.695
17.94	61.695
17.95	61.740
17.91	61.695
17.43	55.411
17.46	55.455
17.43	55.500
17.46	55.477
17.46	55.500
17.41	56.347
17.45	56.391
17.45	56.347
17.48	56.347
17.46	56.391
16.98	49.995
16.91	50.017
16.98	50.040
16.94	50.084
17.00	50.106
16.57	45.226
16.60	45.159
16.55	45.203
16.54	45.203
16.52	45.226
16.59	45.515
16.59	45.538
16.55	45.538
16.57	45.560
16.56	45.493
16.50	45.805
16.53	45.760
16.50	45.760
16.51	45.738
16.46	45.760
16.50	46.805
16.49	46.805
16.45	46.739
16.50	46.850
16.43	46.805
16.56	46.805
16.51	46.783
16.49	46.828
16.54	46.828
16.51	46.872
16.58	47.273
16.52	47.273
16.52	47.273
16.46	47.229
16.50	47.273
16.51	47.296
16.44	47.296
16.50	47.318
16.43	47.318
16.49	47.318
15.99	38.916
15.97	38.961
15.98	38.961
15.96	38.961
15.94	38.983
15.58	34.882
15.56	34.704
15.55	34.570
15.52	34.481
15.53	34.347
15.37	33.902
15.31	33.879
15.34	33.879
15.29	33.879
15.31	33.879
14.87	28.085
14.89	27.973
14.89	27.773
14.91	27.706
14.89	27.639
14.89	28.664
14.92	28.620
14.93	28.642
14.91	28.620
14.90	28.575
14.34	23.605
14.33	23.561
14.34	23.605
14.31	23.650
14.32	23.583
14.32	23.739
14.34	23.717
14.33	23.739
14.33	23.694
14.29	23.672
14.31	24.073
14.33	23.984
14.36	24.006
14.39	24.006
14.33	23.962
14.28	23.962
14.26	24.006
14.31	23.984
14.29	24.006
14.30	23.962
14.15	22.223
14.12	22.290
14.18	22.246
14.16	22.290
14.21	22.290
14.20	22.402
14.19	22.424
14.25	22.424
14.21	22.446
14.22	22.446
13.45	16.295
13.49	16.295
13.43	16.273
13.48	16.295
13.50	16.295
13.55	17.254
13.55	17.321
13.54	17.276
13.49	17.276
13.48	17.276
12.95	12.017
12.94	12.017
12.90	12.017
12.92	12.017
12.88	12.039
12.88	12.774
12.87	12.797
12.94	12.797
12.93	12.797
12.97	12.797
12.27	7.626
12.23	7.626
12.24	7.604
12.21	7.626
12.24	7.648
11.53	3.013
11.56	3.013
11.50	3.035
11.56	3.035
11.50	3.013
11.51	3.704
11.50	3.637
11.56	3.681
11.53	3.659
11.55	3.659
11.51	5.198
11.47	5.154
11.48	5.176
11.44	5.243
11.51	5.131
11.17	1.610
11.19	1.610
11.14	1.655
11.17	1.588
11.14	1.610
10.61	-0.418
10.62	-0.396
10.62	-0.373
10.62	-0.373
10.63	-0.351
10.80	0.318
10.79	0.273
10.80	0.318
10.79	0.251
10.80	0.318
9.02	-6.502
9.07	-6.502
9.07	-6.458
9.09	-6.502
9.08	-6.480
9.01	-5.856
9.05	-5.900
9.08	-5.856
9.06	-5.900
9.06	-5.900
8.97	-5.700
9.03	-5.700
9.02	-5.678
9.06	-5.678
9.09	-5.744
7.95	-9.087
7.92	-9.087
7.91	-9.065
7.89	-9.065
7.84	-9.065
7.91	-8.151
7.92	-8.174
7.91	-8.151
7.93	-8.196
7.87	-8.196
7.20	-10.982
7.19	-10.959
7.20	-11.026
7.17	-11.004
7.18	-10.959
7.16	-10.179
7.13	-10.179
7.13	-10.157
7.07	-10.135
7.12	-10.179
6.45	-13.255
6.44	-13.188
6.49	-13.210
6.42	-13.188
6.44	-13.166
6.44	-12.341
6.40	-12.319
6.39	-12.341
6.33	-12.341
6.38	-12.363
6.37	-12.118
6.42	-12.141
6.38	-12.118
6.43	-12.118
6.44	-12.074
5.86	-15.060
5.78	-15.038
5.81	-14.993
5.78	-14.993
5.84	-14.971
5.73	-14.146
5.82	-14.124
5.81	-14.191
5.84	-14.124
5.81	-14.169
5.05	-17.868
5.03	-17.801
5.02	-17.801
4.99	-17.801
5.06	-17.735
4.52	-19.829
4.45	-19.829
4.50	-19.807
4.49	-19.763
4.55	-19.785
3.91	-22.348
3.92	-22.370
3.87	-22.392
3.87	-22.326
3.81	-22.370
3.83	-20.855
3.86	-20.832
3.80	-20.832
3.79	-20.832
3.75	-20.832
3.33	-24.421
3.32	-24.376
3.36	-24.398
3.36	-24.421
3.35	-24.354
2.87	-26.426
2.88	-26.449
2.82	-26.426
2.84	-26.426
2.78	-26.404
2.33	-28.477
2.32	-28.432
2.35	-28.432
2.30	-28.432
2.33	-28.432
1.80	-30.817
1.77	-30.839
1.80	-30.772
1.77	-30.817
1.81	-30.817
1.76	-29.457
1.79	-29.457
1.77	-29.480
1.77	-29.480
1.71	-29.457
1.30	-32.889
1.28	-32.845
1.34	-32.823
1.32	-32.823
1.32	-32.845
0.73	-35.363
0.70	-35.386
0.72	-35.363
0.72	-35.386
0.74	-35.341
0.28	-37.414
0.27	-37.414
0.29	-37.414
0.29	-37.414
0.23	-37.391
-0.30	-39.932
-0.33	-39.932
-0.32	-39.887
-0.35	-39.887
-0.30	-39.865
-0.33	-38.372
-0.29	-38.372
-0.34	-38.350
-0.32	-38.327
-0.38	-38.327
-0.30	-38.060
-0.30	-38.127
-0.31	-38.060
-0.30	-38.082
-0.36	-38.060
-0.78	-41.693
-0.81	-41.693
-0.78	-41.693
-0.83	-41.715
-0.77	-41.648
-1.42	-44.478
-1.42	-44.456
-1.36	-44.434
-1.38	-44.389
-1.37	-44.434
-1.44	-42.718
-1.46	-42.673
-1.47	-42.696
-1.45	-42.718
-1.41	-42.696
-1.93	-46.819
-1.94	-46.841
-1.90	-46.796
-1.97	-46.841
-1.94	-46.796
-2.38	-49.337
-2.40	-49.315
-2.39	-49.315
-2.39	-49.270
-2.44	-49.248
-3.11	-52.011
-3.09	-51.944
-3.13	-52.011
-3.10	-51.922
-3.08	-51.922
-3.55	-53.861
-3.57	-53.839
-3.53	-53.839
-3.51	-53.794
-3.51	-53.794
-3.55	-52.836
-3.51	-52.836
-3.50	-52.769
-3.52	-52.858
-3.54	-52.814
-4.09	-56.290
-4.07	-56.290
-4.12	-56.223
-4.08	-56.268
-4.10	-56.223
-4.46	-57.672
-4.46	-57.672
-4.44	-57.694
-4.48	-57.628
-4.46	-57.650
-5.04	-60.346
-5.01	-60.369
-5.00	-60.369
-5.02	-60.346
-5.01	-60.324
-5.41	-62.018
-5.46	-61.973
-5.41	-61.973
-5.39	-61.951
-5.41	-61.951
-6.29	-66.141
-6.35	-66.186
-6.33	-66.141
-6.36	-66.141
-6.32	-66.096
-6.30	-64.715
-6.35	-64.737
-6.29	-64.692
-6.29	-64.715
-6.31	-64.715
-6.43	-63.823
-6.36	-63.801
-6.39	-63.801
-6.35	-63.779
-6.35	-63.801
-6.37	-62.064
-6.39	-62.064
-6.39	-62.064
-6.44	-62.109
-6.42	-62.064
-6.34	-61.953
-6.39	-61.953
-6.37	-61.975
-6.39	-61.953
-6.36	-61.953
-6.42	-61.931
-6.46	-61.931
-6.40	-61.908
-6.39	-61.931
-6.40	-61.931
-6.40	-61.864
-6.37	-61.752
-6.42	-61.797
-6.41	-61.797
-6.44	-61.775
-6.99	-68.394
-7.04	-68.371
-7.04	-68.349
-7.06	-68.349
-7.01	-68.349
-7.01	-66.878
-7.00	-66.834
-6.99	-66.834
-7.01	-66.789
-7.02	-66.789
-7.55	-71.469
-7.50	-71.447
-7.52	-71.447
-7.54	-71.425
-7.53	-71.402
-8.44	-74.946
-8.44	-75.035
-8.48	-75.013
-8.44	-74.990
-8.45	-74.968
-9.08	-77.999
-9.05	-77.999
-9.08	-77.977
-9.09	-77.955
-9.11	-77.955
-9.15	-75.882
-9.11	-75.904
-9.10	-75.860
-9.13	-75.837
-9.09	-75.860
-9.76	-81.008
-9.77	-81.030
-9.77	-80.986
-9.80	-81.008
-9.78	-80.986
-9.86	-78.556
-9.80	-78.556
-9.82	-78.556
-9.82	-78.579
-9.78	-78.512
-10.31	-82.612
-10.30	-82.568
-10.31	-82.590
-10.31	-82.635
-10.35	-82.590
-11.16	-86.089
-11.12	-86.045
-11.12	-86.089
-11.11	-86.067
-11.09	-86.000
-11.66	-88.541
-11.63	-88.563
-11.62	-88.541
-11.62	-88.518
-11.61	-88.541
-11.72	-86.267
-11.69	-86.267
-11.70	-86.267
-11.67	-86.267
-11.65	-86.290
-11.66	-85.799
-11.70	-85.799
-11.67	-85.777
-11.68	-85.822
-11.67	-85.755
-11.67	-85.109
-11.70	-85.109
-11.72	-85.175
-11.70	-85.153
-11.70	-85.153
-11.73	-86.134
-11.72	-86.267
-11.75	-86.312
-11.73	-86.312
-11.78	-86.379
-12.20	-90.212
-12.21	-90.190
-12.18	-90.212
-12.19	-90.212
-12.21	-90.212
-12.71	-92.240
-12.74	-92.218
-12.71	-92.218
-12.69	-92.218
-12.69	-92.173
-12.70	-90.168
-12.68	-90.190
-12.72	-90.168
-12.68	-90.212
-12.72	-90.190
-13.26	-94.068
-13.24	-94.068
-13.26	-94.023
-13.25	-94.023
-13.26	-94.045
-13.75	-96.274
-13.73	-96.230
-13.76	-96.296
-13.75	-96.252
-13.79	-96.230
-13.79	-93.288
-13.78	-93.310
-13.78	-93.355
-13.81	-93.288
-13.80	-93.310
-14.29	-97.166
-14.28	-97.188
-14.32	-97.166
-14.28	-97.121
-14.31	-97.121
-14.75	-99.171
-14.76	-99.171
-14.75	-99.105
-14.76	-99.149
-14.71	-99.127
-14.76	-96.787
-14.76	-96.787
-14.76	-96.764
-14.76	-96.764
-14.78	-96.787
-15.26	-100.464
-15.22	-100.464
-15.24	-100.442
-15.19	-100.442
-15.19	-100.419
-15.28	-98.124
-15.27	-98.102
-15.25	-98.124
-15.27	-98.102
-15.26	-98.079
-15.26	-97.232
-15.29	-97.255
-15.26	-97.255
-15.30	-97.277
-15.26	-97.232
-15.55	-100.798
-15.59	-100.776
-15.60	-100.754
-15.64	-100.798
-15.63	-100.754
-16.04	-102.916
-16.09	-102.916
-16.05	-102.871
-16.08	-102.871
-16.06	-102.826
-16.14	-100.932
-16.09	-100.910
-16.09	-100.932
-16.09	-100.932
-16.07	-100.910
-16.44	-103.629
-16.51	-103.606
-16.49	-103.629
-16.52	-103.606
-16.48	-103.584
-16.50	-102.336
-16.46	-102.336
-16.52	-102.336
-16.50	-102.336
-16.50	-102.336
-16.48	-101.489
-16.48	-101.467
-16.50	-101.489
-16.50	-101.489
-16.53	-101.445
-17.12	-105.166
-17.16	-105.144
-17.10	-105.166
-17.13	-105.144
-17.09	-105.144
-17.54	-106.392
-17.51	-106.459
-17.52	-106.370
-17.52	-106.437
-17.48	-106.392
-17.63	-103.918
-17.59	-103.918
-17.58	-103.896
-17.55	-103.896
-17.54	-103.896
-18.03	-107.261
-17.98	-107.239
-18.03	-107.217
-18.00	-107.239
-18.07	-107.195
-18.09	-104.810
-18.05	-104.810
-18.05	-104.743
-18.04	-104.832
-18.09	-104.810
-18.54	-108.086
-18.52	-108.041
-18.51	-108.041
-18.51	-108.041
-18.46	-107.997
-18.87	-109.379
-18.89	-109.356
-18.95	-109.334
-18.90	-109.334
-18.91	-109.312
-18.92	-105.768
-18.95	-105.791
-18.95	-105.768
-19.01	-105.768
-18.96	-105.768
-19.05	-103.333
-19.02	-103.310
-19.03	-103.333
-19.03	-103.333
-19.00	-103.310
-19.23	-107.099
-19.20	-107.077
-19.23	-107.099
-19.25	-107.099
-19.30	-107.099
-19.59	-109.328
-19.57	-109.328
-19.56	-109.328
-19.51	-109.305
-19.50	-109.305
-19.79	-110.175
-19.76	-110.197
-19.79	-110.175
-19.75	-110.130
-19.81	-110.130
-19.95	-110.687
-19.92	-110.643
-19.93	-110.643
-19.93	-110.598
-19.97	-110.598
-19.91	-109.885
-19.89	-109.796
-19.95	-109.840
-19.94	-109.796
-19.95	-109.840
-19.99	-108.815
-19.99	-108.815
-19.96	-108.793
-19.98	-108.837
-19.98	-108.837
-20.03	-108.369
-20.06	-108.392
-19.99	-108.369
-19.97	-108.347
-19.99	-108.369
-20.12	-104.315
-20.09	-104.359
-20.09	-104.337
-20.09	-104.337
-20.08	-104.359
-20.12	-104.270
-20.11	-104.270
-20.10	-104.248
-20.10	-104.270
-20.07	-104.270
-20.04	-100.415
-20.09	-100.437
-20.07	-100.459
-20.10	-100.392
-20.06	-100.392
-19.85	-96.069
-19.82	-96.047
-19.84	-96.091
-19.83	-96.069
-19.84	-96.113
-19.87	-96.693
-19.86	-96.760
-19.86	-96.715
-19.83	-96.737
-19.82	-96.671
-19.43	-89.717
-19.49	-89.606
-19.47	-89.650
-19.49	-89.628
-19.46	-89.695
-19.44	-90.029
-19.41	-90.007
-19.42	-90.007
-19.44	-89.985
-19.47	-90.007
-19.01	-83.365
-18.98	-83.299
-19.04	-83.299
-19.03	-83.276
-19.04	-83.321
-18.72	-77.905
-18.74	-77.950
-18.74	-77.883
-18.72	-77.950
-18.77	-77.905
-18.70	-79.376
-18.73	-79.354
-18.67	-79.376
-18.68	-79.332
-18.68	-79.354
-18.12	-72.155
-18.17	-72.200
-18.14	-72.178
-18.23	-72.200
-18.17	-72.178
-17.77	-64.979
-17.75	-64.957
-17.73	-64.979
-17.73	-64.957
-17.69	-64.979
-17.72	-66.093
-17.76	-66.071
-17.73	-66.116
-17.73	-66.116
-17.71	-66.116
-17.68	-66.183
-17.70	-66.205
-17.66	-66.205
-17.66	-66.205
-17.70	-66.183
-17.75	-66.405
-17.78	-66.405
-17.73	-66.450
-17.73	-66.405
-17.71	-66.405
-17.32	-60.856
-17.33	-60.834
-17.31	-60.811
-17.28	-60.811
-17.30	-60.611
-16.90	-55.329
-16.93	-55.351
-16.90	-55.351
-16.93	-55.351
-16.92	-55.374
-16.16	-47.863
-16.18	-47.818
-16.17	-47.863
-16.17	-47.885
-16.22	-47.885
-15.88	-43.985
-15.90	-43.985
-15.88	-43.985
-15.88	-43.963
-15.85	-44.007
-15.82	-45.389
-15.80	-45.367
-15.80	-45.389
-15.81	-45.389
-15.83	-45.411
-15.84	-45.545
-15.84	-45.545
-15.84	-45.501
-15.86	-45.545
-15.86	-45.545
-15.84	-46.349
-15.83	-46.372
-15.87	-46.394
-15.83	-46.372
-15.88	-46.372
-15.33	-38.772
-15.27	-38.794
-15.29	-38.817
-15.31	-38.839
-15.30	-38.883
-14.76	-32.866
-14.75	-32.911
-14.75	-32.933
-14.74	-32.933
-14.75	-32.977
-14.27	-28.342
-14.24	-28.275
-14.22	-28.275
-14.22	-28.164
-14.24	-28.119
-13.68	-23.305
-13.68	-23.261
-13.66	-23.261
-13.65	-23.194
-13.63	-23.038
-13.49	-23.974
-13.49	-23.929
-13.47	-23.951
-13.46	-23.974
-13.48	-23.929
-13.51	-24.133
-13.47	-24.155
-13.48	-24.110
-13.48	-24.155
-13.49	-24.200
-12.82	-17.714
-12.79	-17.781
-12.82	-17.692
-12.83	-17.692
-12.88	-17.692
-12.38	-14.237
-12.44	-14.215
-12.42	-14.193
-12.45	-14.260
-12.39	-14.237
-11.72	-10.181
-11.71	-10.204
-11.74	-10.226
-11.73	-10.226
-11.78	-10.204
-11.22	-7.284
-11.20	-7.284
-11.21	-7.284
-11.19	-7.262
-11.17	-7.284
-11.19	-8.242
-11.17	-8.242
-11.18	-8.265
-11.17	-8.265
-11.25	-8.265
-9.30	0.048
-9.32	-0.019
-9.32	-0.019
-9.31	0.004
-9.32	-0.019
-8.68	2.700
-8.66	2.723
-8.71	2.700
-8.71	2.700
-8.75	2.700
-8.68	1.853
-8.68	1.876
-8.65	1.898
-8.64	1.876
-8.65	1.943
-8.65	1.787
-8.63	1.809
-8.69	1.787
-8.68	1.787
-8.70	1.809
-8.71	1.564
-8.65	1.587
-8.68	1.542
-8.65	1.587
-8.63	1.564
-8.43	2.745
-8.49	2.701
-8.47	2.723
-8.50	2.723
-8.45	2.701
-8.46	2.768
-8.44	2.768
-8.44	2.701
-8.43	2.768
-8.42	2.723
-8.46	2.478
-8.42	2.478
-8.40	2.478
-8.42	2.500
-8.41	2.478
-8.44	2.367
-8.41	2.344
-8.44	2.322
-8.41	2.322
-8.41	2.322
-8.42	2.300
-8.44	2.300
-8.41	2.322
-8.45	2.277
-8.45	2.300
-8.49	2.300
-8.45	2.233
-8.45	2.211
-8.43	2.300
-8.44	2.277
-8.43	2.367
-8.45	2.389
-8.44	2.367
-8.43	2.367
-8.43	2.344
-8.47	2.523
-8.48	2.567
-8.46	2.523
-8.51	2.545
-8.46	2.478
-8.41	2.745
-8.46	2.790
-8.43	2.745
-8.44	2.745
-8.40	2.745
-8.40	2.857
-8.44	2.857
-8.38	2.835
-8.39	2.835
-8.39	2.879
-8.36	2.879
-8.34	2.835
-8.36	2.857
-8.38	2.857
-8.34	2.879
-8.39	2.857
-8.36	2.857
-8.37	2.901
-8.37	2.879
-8.36	2.901
-8.37	2.879
-8.32	2.901
-8.38	2.879
-8.33	2.835
-8.37	2.857
-8.40	2.879
-8.38	2.879
-8.42	2.857
-8.37	2.879
-8.39	2.879
-8.32	2.857
-8.36	2.901
-8.36	2.835
-8.38	2.812
-8.34	2.835
-7.73	2.801
-7.68	2.756
-7.66	2.779
-7.63	2.756
-7.64	2.801
-7.66	2.756
-7.61	2.779
-7.70	2.801
-7.68	2.779
-7.69	2.734
-7.68	1.865
-7.67	1.843
-7.66	1.865
-7.73	1.932
-7.72	1.865
-7.73	1.664
-7.74	1.664
-7.75	1.642
-7.75	1.642
-7.71	1.664
-7.82	1.375
-7.77	1.375
-7.85	1.352
-7.79	1.352
-7.82	1.308
-7.78	1.441
-7.76	1.441
-7.80	1.397
-7.78	1.397
-7.82	1.397
-7.56	3.358
-7.59	3.313
-7.58	3.291
-7.62	3.358
-7.54	3.336
-6.72	5.386
-6.73	5.386
-6.73	5.453
-6.78	5.408
-6.74	5.408
-6.74	4.784
-6.69	4.718
-6.70	4.762
-6.66	4.784
-6.64	4.762
-6.67	4.762
-6.65	4.762
-6.72	4.740
-6.68	4.762
-6.67	4.695
-6.67	4.762
-6.73	4.740
-6.69	4.695
-6.71	4.718
-6.67	4.695
-6.07	7.102
-6.05	7.124
-6.04	7.102
-6.08	7.102
-6.10	7.124
-5.59	8.863
-5.61	8.885
-5.61	8.841
-5.59	8.863
-5.64	8.774
-5.52	8.551
-5.56	8.551
-5.56	8.529
-5.60	8.573
-5.52	8.506
-4.87	11.403
-4.86	11.381
-4.88	11.381
-4.89	11.381
-4.92	11.381
-4.91	10.445
-4.92	10.445
-4.90	10.467
-4.91	10.467
-4.88	10.401
-4.29	13.476
-4.27	13.454
-4.32	13.476
-4.33	13.498
-4.37	13.454
-3.75	15.683
-3.79	15.705
-3.77	15.683
-3.75	15.660
-3.73	15.705
-3.14	18.401
-3.19	18.357
-3.13	18.335
-3.12	18.290
-3.09	18.335
-2.76	19.895
-2.80	19.895
-2.77	19.872
-2.78	19.850
-2.73	19.828
-2.07	22.614
-2.07	22.614
-2.10	22.614
-2.05	22.658
-2.05	22.658
-2.00	20.831
-2.03	20.853
-2.00	20.875
-2.00	20.853
-1.97	20.831
-2.04	20.519
-2.06	20.496
-2.01	20.563
-2.02	20.519
-2.00	20.519
-1.50	24.642
-1.54	24.686
-1.50	24.686
-1.55	24.686
-1.53	24.642
-1.05	26.937
-1.06	26.982
-1.02	26.960
-1.02	26.870
-1.03	26.915
-0.54	29.344
-0.58	29.344
-0.56	29.344
-0.59	29.322
-0.57	29.322
-0.49	27.182
-0.50	27.294
-0.53	27.205
-0.54	27.205
-0.59	27.182
0.04	31.952
0.07	31.952
0.07	31.929
0.04	31.929
0.05	31.840
0.52	33.712
0.52	33.690
0.52	33.646
0.45	33.690
0.48	33.668
0.52	31.662
0.54	31.684
0.52	31.662
0.47	31.707
0.51	31.684
1.08	36.275
1.09	36.253
1.11	36.208
1.08	36.208
1.05	36.186
1.09	34.247
1.09	34.247
1.09	34.270
1.07	34.225
1.07	34.292
1.13	33.824
1.10	33.779
1.12	33.824
1.13	33.779
1.08	33.824
1.29	36.342
1.33	36.364
1.31	36.342
1.33	36.342
1.33	36.409
1.70	38.504
1.67	38.482
1.68	38.459
1.68	38.482
1.65	38.504
2.01	39.863
2.02	39.841
2.02	39.797
1.96	39.819
1.97	39.819
2.51	42.226
2.49	42.204
2.51	42.204
2.51	42.159
2.48	42.159
3.10	45.301
3.10	45.257
3.07	45.212
3.10	45.235
3.05	45.257
3.11	43.897
3.07	43.830
3.09	43.875
3.10	43.875
3.13	43.875
3.14	42.449
3.17	42.471
3.15	42.449
3.15	42.404
3.15	42.449
3.93	49.090
3.93	49.112
3.91	49.046
3.94	49.046
3.87	48.979
4.70	51.943
4.74	51.921
4.67	52.010
4.72	51.965
4.72	51.943
5.24	55.241
5.23	55.241
5.21	55.286
5.20	55.241
5.17	55.174
5.28	53.949
5.25	53.882
5.28	53.904
5.23	53.926
5.27	53.949
6.23	59.231
6.26	59.231
6.26	59.208
6.23	59.208
6.24	59.253
7.06	63.042
7.10	63.042
7.05	63.019
7.10	63.019
7.10	62.975
7.76	66.295
7.79	66.295
7.78	66.273
7.76	66.318
7.75	66.295
7.82	62.010
7.85	62.010
7.81	61.943
7.85	62.010
7.84	61.966
7.86	61.698
7.80	61.720
7.82	61.676
7.78	61.676
7.78	61.720
8.37	69.164
8.32	69.164
8.37	69.186
8.34	69.120
8.37	69.142
8.41	67.470
8.42	67.470
8.40	67.470
8.39	67.470
8.36	67.470
9.34	73.443
9.33	73.399
9.34	73.354
9.32	73.354
9.31	73.399
10.29	77.767
10.31	77.700
10.26	77.722
10.30	77.678
10.24	77.633
10.39	75.516
10.37	75.471
10.35	75.449
10.35	75.471
10.31	75.471
10.34	74.691
10.35	74.714
10.32	74.714
10.38	74.714
10.37	74.691
10.93	80.174
10.98	80.174
10.96	80.174
11.03	80.129
10.99	80.151
11.61	83.494
11.63	83.450
11.63	83.428
11.69	83.405
11.67	83.361
12.71	87.863
12.69	87.863
12.75	87.773
12.75	87.818
12.76	87.796
12.79	84.475
12.86	84.497
12.85	84.475
12.88	84.453
12.86	84.497
12.88	84.386
12.88	84.431
12.87	84.431
12.86	84.431
12.84	84.386
12.83	83.873
12.79	83.873
12.83	83.896
12.79	83.851
12.85	83.851
12.91	83.071
12.82	83.093
12.87	83.093
12.83	83.071
12.91	83.093
13.32	89.356
13.36	89.356
13.37	89.334
13.39	89.334
13.37	89.311
13.90	92.008
13.82	91.963
13.82	92.053
13.79	91.986
13.79	91.963
13.91	89.534
13.89	89.490
13.91	89.512
13.85	89.512
13.87	89.534
13.89	88.264
13.87	88.308
13.92	88.219
13.91	88.219
13.94	88.264
14.52	93.434
14.55	93.345
14.52	93.390
14.49	93.345
14.53	93.323
14.88	94.950
14.88	94.905
14.88	94.927
14.83	94.927
14.87	94.905
14.90	93.167
14.89	93.189
14.88	93.167
14.85	93.211
14.86	93.189
15.43	96.822
15.41	96.755
15.45	96.710
15.37	96.733
15.40	96.777
15.86	98.204
15.84	98.204
15.85	98.293
15.81	98.181
15.83	98.159
15.92	95.752
15.92	95.730
15.91	95.752
15.89	95.730
15.92	95.708
16.25	99.184
16.25	99.229
16.18	99.162
16.23	99.162
16.22	99.162
16.67	100.923
16.69	100.900
16.65	100.833
16.68	100.856
16.66	100.833
16.80	97.424
16.77	97.513
16.79	97.490
16.80	97.446
16.82	97.535
16.76	96.844
16.71	96.822
16.78	96.844
16.77	96.822
16.83	96.844
17.25	101.569
17.24	101.524
17.26	101.591
17.25	101.502
17.20	101.591
17.82	103.352
17.81	103.396
17.81	103.374
17.85	103.374
17.82	103.352
17.87	100.143
17.86	100.143
17.84	100.076
17.84	100.031
17.77	100.053
18.37	104.399
18.36	104.422
18.41	104.444
18.41	104.422
18.42	104.355
18.76	105.558
18.71	105.536
18.79	105.469
18.75	105.469
18.80	105.491
18.89	102.906
18.88	102.928
18.90	102.906
18.87	102.928
18.90	102.928
19.33	106.026
19.28	105.959
19.32	105.937
19.27	105.937
19.32	105.915
19.82	107.854
19.78	107.831
19.82	107.831
19.82	107.809
19.84	107.809
19.93	104.578
19.89	104.644
19.91	104.578
19.87	104.622
19.88	104.600
20.08	106.695
20.07	106.717
20.08	106.695
20.05	106.717
20.06	106.650
20.09	105.202
20.03	105.202
20.07	105.202
20.04	105.179
20.10	105.224
20.04	105.023
20.09	105.090
20.05	105.090
20.12	105.046
20.09	105.046
20.20	100.789
20.16	100.766
20.16	100.833
20.15	100.833
20.17	100.811
20.19	100.588
20.18	100.566
20.21	100.588
20.24	100.566
20.24	100.588
20.13	100.610
20.20	100.566
20.16	100.543
20.21	100.610
20.21	100.566
20.15	100.142
20.24	100.209
20.21	100.165
20.26	100.165
20.22	100.165
20.25	100.165
20.22	100.209
20.22	100.165
20.19	100.187
20.14	100.187
20.03	93.077
20.03	93.033
20.03	93.055
20.03	93.055
19.99	93.077
19.71	88.888
19.76	88.865
19.75	88.932
19.80	88.865
19.78	88.865
19.72	89.110
19.73	89.110
19.77	89.200
19.74	89.155
19.72	89.155
19.73	89.177
19.65	89.200
19.68	89.155
19.65	89.133
19.75	89.133
19.41	83.895
19.45	83.895
19.43	83.918
19.47	83.895
19.45	83.940
19.15	78.324
19.19	78.324
19.17	78.368
19.11	78.413
19.13	78.346
19.08	79.572
19.07	79.572
19.16	79.549
19.13	79.594
19.14	79.594
18.74	73.220
18.76	73.175
18.72	73.198
18.73	73.220
18.68	73.265
18.31	66.913
18.37	66.935
18.36	66.958
18.34	66.935
18.33	66.935
18.29	67.648
18.33	67.648
18.34	67.648
18.37	67.626
18.35	67.671
18.18	68.272
18.23	68.272
18.20	68.295
18.28	68.317
18.27	68.295
17.78	60.740
17.82	60.740
17.83	60.784
17.82	60.762
17.79	60.740
17.43	56.438
17.39	56.438
17.45	56.461
17.41	56.438
17.48	56.461
16.88	49.663
16.91	49.596
16.89	49.663
16.90	49.619
16.83	49.619
16.47	46.209
16.44	46.186
16.52	46.186
16.53	46.231
16.56	46.209
16.54	47.345
16.57	47.278
16.50	47.278
16.51	47.278
16.46	47.301
16.52	47.613
16.47	47.636
16.46	47.613
16.41	47.613
16.49	47.613
16.55	48.572
16.55	48.572
16.50	48.616
16.44	48.549
16.44	48.549
15.81	38.721
15.79	38.699
15.72	38.721
15.78	38.788
15.78	38.743
15.29	32.926
15.26	32.904
15.21	32.971
15.22	32.949
15.24	32.926
14.68	27.266
14.66	27.310
14.74	27.288
14.73	27.310
14.76	27.288
14.26	23.856
14.25	23.811
14.32	23.834
14.31	23.834
14.33	23.834
14.22	24.703
14.25	24.680
14.30	24.680
14.33	24.658
14.35	24.636
14.22	25.260
14.24	25.327
14.26	25.327
14.30	25.327
14.23	25.349
13.45	16.724
13.50	16.769
13.45	16.813
13.42	16.836
13.39	16.791
12.80	12.155
12.79	12.089
12.87	12.133
12.87	12.133
12.86	12.155
11.91	6.183
11.92	6.227
11.94	6.227
11.89	6.249
11.85	6.249
11.92	7.208
11.91	7.230
11.88	7.208
11.84	7.185
11.84	7.185
11.33	3.129
11.28	3.040
11.31	2.996
11.30	2.951
11.31	2.929
11.22	4.422
11.27	4.422
11.25	4.400
11.27	4.422
11.28	4.400
11.27	4.444
11.26	4.444
11.26	4.422
11.29	4.444
11.29	4.467
11.25	4.467
11.28	4.422
11.29	4.444
11.24	4.467
11.25	4.422
11.24	4.578
11.20	4.600
11.26	4.578
11.24	4.645
11.25	4.600
11.24	4.667
11.28	4.689
11.31	4.712
11.31	4.689
11.32	4.667
11.26	5.135
11.30	5.135
11.31	5.202
11.24	5.157
11.26	5.113
11.27	5.980
11.26	5.980
11.21	5.980
11.20	5.980
11.17	6.069
11.22	6.024
11.21	5.980
11.27	5.980
11.29	5.913
11.29	5.980
11.24	5.957
11.23	5.935
11.20	5.980
11.22	5.913
11.21	5.980
11.13	3.617
11.08	3.595
11.10	3.595
11.06	3.617
11.12	3.617
11.18	5.356
11.11	5.333
11.13	5.333
11.12	5.311
11.17	5.289
10.99	2.904
10.94	2.904
11.00	2.904
11.04	2.904
11.09	2.904
11.03	3.216
11.02	3.239
11.04	3.216
10.98	3.305
11.01	3.261
10.99	3.216
10.94	3.283
11.04	3.261
11.05	3.261
11.06	3.305
11.06	3.261
11.10	3.239
11.05	3.261
10.97	3.305
10.98	3.283
11.03	3.283
11.05	3.283
10.97	3.261
11.04	3.261
11.03	3.305
10.95	3.201
10.93	3.267
11.01	3.223
10.99	3.245
10.95	3.223
10.88	3.198
10.89	3.154
10.96	3.154
10.96	3.198
10.95	3.154
10.77	2.280
10.80	2.325
10.81	2.258
10.77	2.258
10.73	2.258
10.00	-0.305
9.99	-0.327
9.99	-0.327
10.00	-0.305
10.00	-0.305
8.15	-6.746
8.19	-6.724
8.17	-6.701
8.15	-6.701
8.24	-6.679
8.18	-6.211
8.17	-6.233
8.11	-6.233
8.17	-6.189
8.18	-6.189
8.14	-5.988
8.21	-6.033
8.15	-6.010
8.18	-6.010
8.18	-6.010
8.15	-5.966
8.15	-6.010
8.13	-5.966
8.11	-6.055
8.17	-5.988
7.06	-8.707
6.97	-8.707
7.04	-8.707
7.04	-8.729
6.98	-8.707
6.98	-7.749
7.03	-7.771
7.00	-7.793
7.02	-7.771
6.98	-7.793
5.94	-11.047
5.91	-11.025
5.97	-11.003
5.94	-11.003
5.96	-11.003
5.17	-13.120
5.19	-13.098
5.23	-13.120
5.24	-13.098
5.26	-13.098
4.50	-15.348
4.46	-15.371
4.45	-15.326
4.49	-15.371
4.50	-15.348
3.76	-17.510
3.86	-17.466
3.86	-17.466
3.78	-17.488
3.84	-17.488
3.24	-19.873
3.26	-19.850
3.23	-19.850
3.20	-19.873
3.20	-19.850
2.55	-22.703
2.46	-22.681
2.52	-22.681
2.50	-22.681
2.48	-22.636
2.51	-21.656
2.50	-21.633
2.51	-21.656
2.50	-21.656
2.49	-21.611
2.54	-21.054
2.48	-21.054
2.51	-21.009
2.50	-21.032
2.47	-21.032
1.78	-25.422
1.78	-25.422
1.77	-25.444
1.80	-25.377
1.78	-25.400
1.37	-27.517
1.39	-27.495
1.35	-27.517
1.33	-27.472
1.44	-27.450
0.59	-29.991
0.63	-29.991
0.63	-29.968
0.61	-29.968
0.64	-29.968
-0.15	-33.958
-0.22	-33.958
-0.14	-33.935
-0.11	-33.935
-0.14	-33.891
-0.76	-35.986
-0.68	-35.941
-0.67	-35.919
-0.72	-35.919
-0.71	-35.919
-1.20	-38.259
-1.26	-38.237
-1.21	-38.215
-1.17	-38.215
-1.18	-38.192
-1.61	-40.087
-1.60	-40.109
-1.61	-40.087
-1.63	-40.087
-1.62	-40.087
-1.65	-39.173
-1.62	-39.173
-1.67	-39.173
-1.64	-39.217
-1.62	-39.217
-1.98	-41.691
-2.02	-41.647
-2.07	-41.669
-2.02	-41.714
-2.00	-41.691
-2.53	-43.987
-2.61	-44.009
-2.54	-43.987
-2.54	-44.009
-2.54	-43.987
-2.59	-42.939
-2.55	-42.962
-2.54	-42.984
-2.53	-42.962
-2.59	-42.917
-2.62	-42.048
-2.56	-42.048
-2.56	-42.048
-2.60	-42.048
-2.58	-42.070
-3.15	-46.839
-3.15	-46.817
-3.18	-46.795
-3.24	-46.795
-3.18	-46.817
-3.65	-49.068
-3.71	-49.001
-3.68	-49.068
-3.67	-49.001
-3.70	-49.024
-4.14	-51.230
-4.13	-51.230
-4.20	-51.208
-4.12	-51.185
-4.14	-51.185
-4.59	-53.280
-4.66	-53.280
-4.65	-53.236
-4.60	-53.236
-4.60	-53.213
-5.01	-55.286
-5.03	-55.286
-5.12	-55.219
-5.06	-55.219
-5.03	-55.241
-5.09	-54.060
-5.08	-54.060
-5.06	-54.038
-5.10	-54.083
-5.06	-54.060
-5.61	-57.671
-5.61	-57.648
-5.68	-57.626
-5.65	-57.626
-5.64	-57.604
-6.01	-60.033
-6.11	-60.011
-6.12	-59.966
-6.09	-60.011
-6.12	-59.966
-6.65	-62.373
-6.65	-62.373
-6.67	-62.329
-6.64	-62.373
-6.64	-62.329
-7.19	-64.869
-7.20	-64.869
-7.20	-64.825
-7.19	-64.847
-7.21	-64.780
-7.61	-66.674
-7.69	-66.674
-7.59	-66.674
-7.61	-66.652
-7.65	-66.608
-7.62	-64.981
-7.66	-64.981
-7.63	-65.003
-7.64	-65.003
-7.66	-65.003
-7.65	-63.019
-7.67	-63.019
-7.67	-63.041
-7.71	-63.019
-7.72	-63.019
-7.70	-62.907
-7.68	-62.930
-7.66	-62.863
-7.70	-62.907
-7.69	-62.907
-8.30	-69.371
-8.30	-69.393
-8.30	-69.371
-8.30	-69.393
-8.29	-69.371
-8.65	-70.998
-8.62	-71.020
-8.59	-70.975
-8.63	-70.998
-8.58	-70.953
-8.62	-69.237
-8.66	-69.215
-8.68	-69.237
-8.63	-69.215
-8.63	-69.215
-9.28	-74.185
-9.26	-74.207
-9.31	-74.251
-9.28	-74.140
-9.30	-74.185
-9.68	-75.967
-9.69	-75.967
-9.71	-75.945
-9.69	-75.945
-9.65	-75.967
-10.07	-77.639
-10.12	-77.572
-10.12	-77.594
-10.11	-77.594
-10.10	-77.572
-10.51	-79.489
-10.51	-79.444
-10.50	-79.466
-10.48	-79.422
-10.50	-79.422
-11.06	-81.584
-11.03	-81.539
-11.08	-81.517
-11.08	-81.539
-11.06	-81.517
-11.56	-83.857
-11.53	-83.835
-11.58	-83.790
-11.53	-83.790
-11.54	-83.790
-11.64	-81.272
-11.61	-81.227
-11.55	-81.205
-11.65	-81.205
-11.61	-81.272
-11.61	-81.049
-11.69	-81.004
-11.62	-81.004
-11.60	-81.026
-11.62	-80.982
-12.19	-86.308
-12.20	-86.331
-12.18	-86.286
-12.17	-86.264
-12.21	-86.219
-12.70	-88.002
-12.63	-87.980
-12.66	-87.958
-12.75	-87.980
-12.67	-87.980
-12.75	-85.395
-12.70	-85.439
-12.72	-85.417
-12.71	-85.395
-12.69	-85.395
-12.68	-84.927
-12.75	-84.927
-12.69	-84.927
-12.70	-84.927
-12.79	-84.927
-12.68	-84.726
-12.73	-84.771
-12.75	-84.748
-12.71	-84.704
-12.71	-84.771
-13.17	-89.273
-13.12	-89.228
-13.07	-89.250
-13.14	-89.228
-13.09	-89.250
-13.58	-91.457
-13.60	-91.412
-13.60	-91.412
-13.60	-91.457
-13.59	-91.434
-14.10	-93.284
-14.06	-93.284
-14.07	-93.240
-14.08	-93.262
-14.11	-93.262
-14.12	-90.877
-14.11	-90.855
-14.10	-90.855
-14.09	-90.833
-14.15	-90.833
-14.56	-94.621
-14.55	-94.599
-14.57	-94.621
-14.62	-94.621
-14.55	-94.599
-15.08	-96.872
-15.11	-96.872
-15.03	-96.895
-15.08	-96.895
-15.14	-96.850
-15.14	-94.465
-15.10	-94.443
-15.14	-94.443
-15.12	-94.465
-15.15	-94.443
-15.57	-97.831
-15.58	-97.831
-15.59	-97.808
-15.58	-97.831
-15.56	-97.786
-16.03	-99.680
-15.99	-99.703
-16.08	-99.725
-16.06	-99.703
-16.04	-99.680
-16.06	-97.608
-16.13	-97.630
-16.11	-97.585
-16.08	-97.585
-16.13	-97.608
-16.60	-101.486
-16.61	-101.486
-16.60	-101.441
-16.62	-101.441
-16.57	-101.419
-16.65	-99.079
-16.69	-99.079
-16.63	-99.056
-16.62	-99.079
-16.69	-99.079
-16.66	-98.878
-16.68	-98.923
-16.64	-98.923
-16.61	-98.900
-16.68	-98.878
-16.60	-98.655
-16.65	-98.633
-16.69	-98.677
-16.69	-98.677
-16.65	-98.633
-17.09	-103.068
-17.15	-103.023
-17.18	-103.046
-17.10	-103.001
-17.11	-102.979
-17.17	-100.661
-17.11	-100.616
-17.15	-100.639
-17.19	-100.639
-17.18	-100.639
-17.15	-100.416
-17.12	-100.416
-17.23	-100.438
-17.18	-100.438
-17.16	-100.438
-17.70	-104.494
-17.69	-104.450
-17.68	-104.450
-17.69	-104.450
-17.68	-104.427
-17.69	-101.753
-17.73	-101.775
-17.79	-101.731
-17.74	-101.753
-17.73	-101.753
-18.13	-105.096
-18.14	-105.051
-18.13	-104.985
-18.18	-105.029
-18.17	-105.007
-18.70	-106.924
-18.78	-106.879
-18.72	-106.857
-18.69	-106.901
-18.73	-106.834
-18.82	-103.870
-18.78	-103.870
-18.73	-103.870
-18.77	-103.870
-18.80	-103.870
-19.21	-107.481
-19.16	-107.436
-19.21	-107.458
-19.17	-107.436
-19.15	-107.436
-19.58	-109.018
-19.62	-109.041
-19.65	-108.996
-19.59	-108.974
-19.59	-108.974
-19.64	-106.277
-19.72	-106.255
-19.67	-106.255
-19.65	-106.322
-19.71	-106.255
-19.94	-108.283
-19.94	-108.328
-19.90	-108.283
-19.87	-108.261
-19.95	-108.261
-20.13	-109.330
-20.13	-109.353
-20.14	-109.308
-20.14	-109.286
-20.09	-109.264
-20.14	-107.614
-20.13	-107.637
-20.14	-107.592
-20.17	-107.637
-20.17	-107.614
-20.15	-107.369
-20.23	-107.392
-20.16	-107.392
-20.14	-107.414
-20.19	-107.436
-20.25	-103.065
-20.23	-103.087
-20.22	-103.065
-20.26	-103.109
-20.25	-103.065
-20.22	-98.362
-20.21	-98.407
-20.23	-98.362
-20.20	-98.362
-20.23	-98.340
-20.15	-98.520
-20.26	-98.520
-20.26	-98.520
-20.21	-98.520
-20.23	-98.542
-19.96	-93.862
-20.01	-93.840
-20.00	-93.862
-20.02	-93.884
-19.96	-93.862
-19.69	-88.870
-19.69	-88.915
-19.67	-88.870
-19.71	-88.892
-19.67	-88.915
-19.67	-90.140
-19.72	-90.140
-19.65	-90.140
-19.61	-90.163
-19.71	-90.140
-19.66	-90.207
-19.72	-90.185
-19.66	-90.185
-19.61	-90.140
-19.70	-90.163
-19.66	-90.229
-19.62	-90.207
-19.72	-90.185
-19.68	-90.229
-19.63	-90.229
-19.19	-82.986
-19.19	-83.031
-19.26	-83.031
-19.19	-83.031
-19.16	-83.053
-18.86	-77.459
-18.92	-77.482
-18.88	-77.504
-18.85	-77.482
-18.85	-77.482
-18.54	-72.712
-18.54	-72.757
-18.54	-72.712
-18.48	-72.779
-18.47	-72.712
-18.00	-66.940
-18.02	-66.962
-17.99	-66.962
-17.96	-66.962
-18.01	-66.940
-17.82	-64.221
-17.85	-64.221
-17.82	-64.199
-17.80	-64.221
-17.82	-64.199
-17.82	-64.488
-17.77	-64.488
-17.82	-64.466
-17.84	-64.488
-17.85	-64.488
-17.83	-64.600
-17.82	-64.622
-17.81	-64.600
-17.81	-64.622
-17.84	-64.622
-17.77	-65.937
-17.80	-65.870
-17.87	-65.893
-17.79	-65.915
-17.76	-65.870
-17.79	-65.915
-17.77	-65.959
-17.78	-65.937
-17.80	-65.959
-17.85	-65.959
-17.28	-57.869
-17.28	-57.847
-17.24	-57.914
-17.29	-57.892
-17.24	-57.892
-16.89	-54.125
-16.88	-54.125
-16.92	-54.147
-16.89	-54.125
-16.90	-54.147
-16.42	-48.086
-16.39	-48.130
-16.33	-48.108
-16.38	-48.086
-16.35	-48.086
-15.93	-43.650
-15.90	-43.673
-15.93	-43.628
-15.96	-43.673
-15.97	-43.717
-15.94	-45.010
-15.94	-45.010
-15.90	-45.032
-15.87	-45.055
-15.93	-45.032
-15.90	-45.121
-15.90	-45.121
-15.91	-45.144
-15.93	-45.144
-15.91	-45.166
-15.90	-45.787
-15.98	-45.810
-15.92	-45.810
-15.87	-45.765
-15.94	-45.810
-15.29	-38.210
-15.28	-38.165
-15.29	-38.210
-15.31	-38.232
-15.31	-38.232
-14.86	-33.307
-14.83	-33.329
-14.83	-33.307
-14.83	-33.329
-14.83	-33.329
-14.27	-28.493
-14.29	-28.471
-14.31	-28.493
-14.29	-28.537
-14.33	-28.515
-13.66	-23.545
-13.68	-23.478
-13.71	-23.523
-13.67	-23.523
-13.72	-23.523
-13.72	-24.816
-13.71	-24.771
-13.66	-24.771
-13.63	-24.816
-13.72	-24.793
-13.70	-25.016
-13.72	-25.038
-13.69	-25.038
-13.68	-25.038
-13.65	-25.038
-12.95	-18.330
-13.03	-18.375
-12.99	-18.352
-12.97	-18.352
-13.02	-18.352
-12.36	-14.163
-12.35	-14.163
-12.35	-14.163
-12.36	-14.163
-12.36	-14.118
-11.65	-9.349
-11.60	-9.326
-11.60	-9.304
-11.62	-9.349
-11.62	-9.349
-11.07	-6.607
-11.12	-6.652
-11.07	-6.630
-11.06	-6.674
-11.08	-6.630
-11.06	-7.165
-11.04	-7.142
-11.08	-7.165
-11.06	-7.142
-11.07	-7.187
-8.83	0.301
-8.84	0.279
-8.84	0.279
-8.83	0.301
-8.83	0.301
-9.09	-0.568
-9.09	-0.568
-9.09	-0.568
-9.09	-0.545
-9.10	-0.590
-8.09	2.775
-8.04	2.753
-8.08	2.708
-8.12	2.798
-8.11	2.731
-8.04	1.949
-8.08	1.882
-8.04	1.904
-8.02	1.904
-8.08	1.882
-8.00	1.928
-8.01	1.928
-8.04	1.884
-8.05	1.906
-8.05	1.906
-6.76	4.313
-6.77	4.380
-6.83	4.380
-6.75	4.357
-6.76	4.380
-5.26	7.210
-5.23	7.255
-5.21	7.188
-5.22	7.188
-5.23	7.210
-5.23	6.252
-5.14	6.296
-5.16	6.252
-5.27	6.296
-5.19	6.296
-4.38	9.216
-4.41	9.238
-4.44	9.194
-4.41	9.216
-4.37	9.194
-4.35	8.748
-4.33	8.703
-4.33	8.703
-4.34	8.703
-4.34	8.725
-3.62	11.489
-3.61	11.489
-3.64	11.444
-3.63	11.444
-3.66	11.467
-3.02	13.071
-3.03	13.116
-3.07	13.138
-3.07	13.161
-3.09	13.138
-2.41	15.768
-2.49	15.813
-2.40	15.768
-2.37	15.746
-2.43	15.723
-1.87	18.108
-1.84	18.108
-1.80	18.108
-1.85	18.108
-1.85	18.086
-1.78	16.882
-1.80	16.860
-1.76	16.905
-1.75	16.860
-1.79	16.860
-1.35	19.869
-1.33	19.869
-1.36	19.846
-1.31	19.891
-1.31	19.913
-0.66	23.011
-0.66	23.056
-0.66	22.989
-0.70	23.011
-0.66	22.989
-0.58	21.964
-0.61	21.941
-0.70	21.941
-0.67	21.986
-0.65	21.986
-0.62	21.563
-0.66	21.540
-0.70	21.540
-0.61	21.518
-0.60	21.540
-0.22	24.950
-0.25	24.928
-0.18	24.906
-0.18	24.906
-0.27	24.928
0.30	27.424
0.23	27.446
0.30	27.424
0.31	27.424
0.27	27.402
0.79	29.541
0.83	29.497
0.78	29.519
0.80	29.497
0.81	29.452
1.30	31.792
1.25	31.814
1.23	31.792
1.29	31.770
1.30	31.748
1.82	34.154
1.77	34.244
1.81	34.199
1.81	34.177
1.76	34.110
2.20	36.183
2.20	36.160
2.22	36.138
2.25	36.138
2.24	36.138
2.66	37.631
2.62	37.676
2.60	37.609
2.58	37.609
2.61	37.631
2.71	36.361
2.66	36.361
2.59	36.405
2.63	36.361
2.63	36.361
3.34	41.531
3.39	41.531
3.42	41.464
3.35	41.509
3.43	41.509
4.00	44.094
4.06	44.072
4.05	44.027
3.97	44.027
4.04	44.050
4.10	42.579
4.07	42.557
4.11	42.534
4.10	42.557
4.09	42.534
4.10	42.334
4.03	42.378
4.11	42.334
4.07	42.334
4.02	42.378
4.78	47.393
4.72	47.348
4.72	47.304
4.73	47.370
4.74	47.326
5.10	49.309
5.08	49.309
5.10	49.242
5.09	49.265
5.04	49.287
5.13	47.772
5.13	47.727
5.12	47.772
5.05	47.772
5.18	47.749
5.64	51.828
5.62	51.828
5.51	51.783
5.58	51.783
5.60	51.761
5.97	53.856
6.01	53.834
5.99	53.834
6.03	53.834
5.99	53.811
6.44	55.639
6.44	55.706
6.40	55.639
6.48	55.572
6.45	55.616
6.51	54.636
6.50	54.680
6.43	54.658
6.42	54.680
6.45	54.658
6.51	54.146
6.47	54.168
6.42	54.168
6.50	54.190
6.52	54.168
6.76	57.489
6.80	57.466
6.80	57.466
6.77	57.466
6.84	57.489
7.37	60.765
7.44	60.742
7.45	60.742
7.40	60.631
7.45	60.676
7.99	62.904
7.93	62.926
7.91	62.882
7.95	62.860
7.97	62.882
8.24	64.821
8.30	64.821
8.30	64.776
8.21	64.776
8.27	64.754
8.70	66.737
8.70	66.737
8.70	66.693
8.74	66.693
8.70	66.648
8.72	64.687
8.75	64.643
8.78	64.665
8.74	64.665
8.70	64.665
8.79	62.590
8.79	62.612
8.80	62.612
8.82	62.612
8.78	62.545
8.82	62.322
8.83	62.300
8.76	62.322
8.82	62.278
8.81	62.322
9.39	68.719
9.37	68.719
9.30	68.763
9.30	68.741
9.38	68.719
9.38	68.050
9.33	68.095
9.28	68.095
9.40	68.095
9.39	68.072
9.74	70.836
9.76	70.814
9.77	70.836
9.73	70.814
9.76	70.836
9.77	69.566
9.73	69.543
9.81	69.476
9.77	69.499
9.72	69.499
9.81	68.986
9.71	69.031
9.77	69.008
9.84	69.008
9.75	69.008
9.85	68.518
9.88	68.496
9.76	68.474
9.79	68.518
9.79	68.407
10.42	73.889
10.43	73.822
10.33	73.845
10.39	73.867
10.42	73.822
10.90	76.073
10.91	76.140
10.81	76.051
10.88	76.029
10.85	76.029
11.13	77.633
11.16	77.611
11.24	77.678
11.20	77.589
11.18	77.589
11.63	79.439
11.67	79.394
11.67	79.416
11.70	79.327
11.72	79.349
12.23	82.091
12.23	82.091
12.21	82.046
12.18	82.002
12.21	82.024
12.76	84.252
12.77	84.297
12.85	84.186
12.83	84.186
12.77	84.141
12.78	82.158
12.85	82.113
12.85	82.113
12.77	82.158
12.85	82.113
13.31	86.615
13.39	86.637
13.40	86.593
13.34	86.593
13.39	86.570
13.82	88.309
13.84	88.242
13.82	88.220
13.82	88.242
13.82	88.197
13.86	87.061
13.88	87.083
13.81	87.061
13.87	87.083
13.88	87.016
13.90	85.835
13.85	85.879
13.81	85.857
13.92	85.902
13.93	85.835
14.19	89.111
14.16	89.111
14.20	89.089
14.18	89.111
14.16	89.111
14.70	91.741
14.71	91.741
14.68	91.718
14.63	91.696
14.60	91.696
14.78	89.401
14.77	89.401
14.68	89.401
14.68	89.356
14.71	89.356
15.21	92.699
15.18	92.677
15.07	92.721
15.12	92.655
15.13	92.632
15.48	94.170
15.56	94.148
15.56	94.125
15.51	94.125
15.50	94.059
15.46	92.253
15.56	92.253
15.62	92.187
15.58	92.209
15.55	92.253
16.20	96.934
16.10	96.889
16.18	96.889
16.17	96.844
16.10	96.822
16.67	98.382
16.62	98.338
16.57	98.315
16.69	98.315
16.71	98.315
16.65	96.243
16.70	96.220
16.70	96.154
16.67	96.220
16.74	96.198
16.78	95.061
16.69	95.084
16.73	95.084
16.76	95.128
16.72	95.061
16.77	95.039
16.71	94.972
16.66	95.017
16.72	94.995
16.72	95.017
16.75	94.460
16.68	94.371
16.75	94.482
16.78	94.460
16.80	94.482
17.37	100.433
17.43	100.366
17.35	100.410
17.38	100.343
17.40	100.321
17.44	97.535
17.38	97.491
17.43	97.491
17.45	97.580
17.42	97.513
17.87	101.257
17.90	101.235
17.95	101.190
17.98	101.235
17.90	101.235
18.58	103.308
18.51	103.285
18.60	103.263
18.57	103.285
18.50	103.285
18.65	100.678
18.65	100.700
18.68	100.700
18.60	100.678
18.59	100.678
19.24	104.110
19.13	104.110
19.20	104.088
19.25	104.065
19.20	104.088
19.27	102.171
19.24	102.215
19.19	102.149
19.29	102.171
19.33	102.149
19.77	105.648
19.91	105.670
19.89	105.625
19.79	105.581
19.85	105.558
19.99	98.892
19.98	98.915
20.02	98.915
19.92	98.848
19.87	98.915
20.00	98.647
19.90	98.669
19.97	98.603
19.99	98.647
19.97	98.625
19.78	93.811
19.74	93.811
19.84	93.811
19.87	93.856
19.81	93.856
19.57	89.621
19.59	89.554
19.62	89.621
19.67	89.643
19.60	89.621
19.65	89.777
19.52	89.755
19.53	89.777
19.56	89.755
19.64	89.777
19.57	90.044
19.54	90.089
19.62	90.089
19.59	90.089
19.54	90.111
19.58	90.111
19.55	90.067
19.56	90.067
19.62	90.089
19.63	90.089
19.70	94.078
19.65	94.034
19.67	94.101
19.66	94.056
19.62	94.034
19.30	84.272
19.30	84.295
19.27	84.295
19.22	84.272
19.28	84.272
19.01	80.729
18.98	80.729
19.10	80.751
19.09	80.751
18.99	80.751
18.84	76.650
18.79	76.650
18.67	76.628
18.75	76.650
18.80	76.673
18.78	76.517
18.70	76.517
18.73	76.539
18.79	76.517
18.84	76.517
18.47	72.505
18.36	72.572
18.39	72.572
18.43	72.572
18.49	72.616
18.37	73.686
18.39	73.642
18.44	73.708
18.47	73.642
18.39	73.619
18.09	66.666
18.03	66.577
17.94	66.599
18.00	66.599
18.08	66.577
18.01	67.780
17.99	67.825
18.00	67.736
17.98	67.825
18.02	67.825
18.00	67.802
17.98	67.802
17.99	67.802
18.07	67.825
18.04	67.847
18.00	68.092
18.00	68.114
18.04	68.070
18.01	68.070
17.98	68.070
17.65	61.273
17.66	61.317
17.58	61.273
17.55	61.317
17.60	61.295
17.13	55.768
17.16	55.790
17.19	55.768
17.16	55.790
17.22	55.835
16.57	49.059
16.54	49.037
16.62	49.059
16.64	49.059
16.59	49.059
16.51	49.483
16.55	49.505
16.63	49.505
16.57	49.505
16.47	49.505
16.53	50.040
16.56	50.062
16.51	50.062
16.52	50.062
16.56	50.040
16.06	44.402
16.14	44.335
16.16	44.379
16.07	44.357
16.05	44.335
16.10	44.580
16.13	44.602
16.08	44.580
16.02	44.580
16.13	44.580
16.14	44.847
16.10	44.803
16.07	44.870
16.09	44.803
16.07	44.825
16.03	44.870
16.13	44.847
16.12	44.892
16.05	44.870
16.05	44.892
16.09	45.537
16.06	45.582
16.06	45.537
16.04	45.537
16.10	45.604
15.47	37.692
15.51	37.714
15.50	37.759
15.46	37.714
15.53	37.781
15.10	33.458
15.09	33.502
15.07	33.502
15.03	33.480
15.07	33.525
14.51	28.376
14.60	28.376
14.53	28.399
14.45	28.399
14.54	28.421
14.51	29.803
14.51	29.803
14.51	29.780
14.50	29.758
14.50	29.780
13.87	22.827
13.91	22.872
13.91	22.894
13.89	22.805
13.86	22.894
13.84	23.741
13.88	23.741
13.85	23.719
13.83	23.696
13.93	23.719
13.23	17.545
13.21	17.590
13.24	17.523
13.20	17.545
13.23	17.567
12.44	11.060
12.39	11.104
12.26	11.082
12.37	11.104
12.40	11.104
11.72	7.226
11.74	7.226
11.72	7.226
11.68	7.271
11.76	7.271
11.66	8.006
11.72	7.962
11.69	7.940
11.66	7.895
11.73	7.962
11.72	8.207
11.73	8.185
11.63	8.185
11.71	8.162
11.66	8.162
11.05	3.505
11.05	3.527
11.04	3.527
11.01	3.549
11.02	3.549
11.05	5.111
11.04	5.089
10.93	5.111
10.97	5.133
11.01	5.133
10.63	2.214
10.75	2.192
10.74	2.214
10.66	2.214
10.63	2.192
10.68	4.064
10.71	4.019
10.76	4.064
10.69	4.086
10.61	4.019
10.73	3.908
10.69	3.841
10.72	3.796
10.67	3.863
10.71	3.819
10.70	3.351
10.73	3.328
10.65	3.373
10.68	3.351
10.67	3.328
10.66	2.704
10.73	2.726
10.70	2.726
10.59	2.704
10.63	2.726
10.65	2.504
10.63	2.481
10.63	2.504
10.71	2.481
10.70	2.504
10.61	2.258
10.67	2.236
10.69	2.236
10.64	2.236
10.63	2.258
10.60	2.214
10.62	2.236
10.69	2.169
10.70	2.236
10.61	2.236
10.66	2.325
10.59	2.325
10.59	2.370
10.62	2.348
10.67	2.370
10.62	2.414
10.62	2.414
10.67	2.437
10.66	2.414
10.61	2.459
10.64	2.526
10.64	2.570
10.62	2.570
10.67	2.548
10.64	2.593
10.69	2.637
10.61	2.615
10.59	2.615
10.62	2.637
10.69	2.637
10.67	2.749
10.62	2.793
10.58	2.816
10.63	2.816
10.68	2.793
10.65	2.949
10.64	2.927
10.64	2.927
10.63	2.949
10.65	2.994
10.64	2.994
10.58	2.972
10.61	2.994
10.62	2.994
10.64	2.994
10.64	3.039
10.63	3.061
10.63	3.039
10.59	3.039
10.64	3.016
10.49	3.269
10.50	3.179
10.49	3.202
10.54	3.224
10.51	3.224
10.47	3.179
10.43	3.112
10.47	3.135
10.52	3.135
10.48	3.157
10.47	2.132
10.43	2.154
10.45	2.132
10.44	2.132
10.45	2.132
9.60	-0.364
9.59	-0.409
9.60	-0.387
9.60	-0.387
9.60	-0.387
7.44	-6.761
7.54	-6.761
7.49	-6.716
7.57	-6.761
7.46	-6.761
7.47	-6.226
7.49	-6.203
7.46	-6.248
7.49	-6.181
7.47	-6.226
6.26	-8.544
6.30	-8.588
6.22	-8.544
6.25	-8.566
6.25	-8.499
6.21	-8.165
6.27	-8.142
6.28	-8.142
6.20	-8.165
6.29	-8.165
5.01	-10.906
5.06	-10.884
5.05	-10.884
5.11	-10.884
4.99	-10.906
4.24	-13.112
4.22	-13.112
4.23	-13.068
4.21	-13.090
4.25	-13.068
3.51	-15.430
3.50	-15.430
3.51	-15.452
3.52	-15.408
3.55	-15.408
2.88	-17.570
2.92	-17.547
2.85	-17.525
2.92	-17.503
2.90	-17.503
2.11	-20.467
2.02	-20.511
2.06	-20.489
2.11	-20.467
2.01	-20.467
1.64	-22.473
1.60	-22.495
1.67	-22.495
1.62	-22.473
1.60	-22.473
1.61	-21.180
1.58	-21.158
1.59	-21.202
1.64	-21.158
1.61	-21.158
1.06	-24.300
1.10	-24.322
1.10	-24.345
1.13	-24.300
1.07	-24.278
0.58	-26.529
0.62	-26.573
0.63	-26.529
0.55	-26.529
0.62	-26.596
-0.04	-29.292
-0.02	-29.270
-0.01	-29.270
-0.08	-29.270
-0.03	-29.248
-0.50	-30.830
-0.41	-30.786
-0.41	-30.808
-0.47	-30.786
-0.40	-30.786
-0.92	-33.215
-1.01	-33.215
-0.94	-33.193
-0.90	-33.193
-0.99	-33.148
-1.50	-35.711
-1.60	-35.689
-1.54	-35.711
-1.50	-35.711
-1.60	-35.666
-2.09	-38.140
-2.06	-38.118
-2.14	-38.162
-2.07	-38.096
-2.05	-38.118
-2.51	-40.101
-2.54	-40.079
-2.56	-40.124
-2.50	-40.101
-2.50	-40.101
-2.97	-42.241
-3.04	-42.241
-2.99	-42.241
-3.04	-42.219
-3.06	-42.263
-3.50	-44.559
-3.52	-44.559
-3.46	-44.559
-3.52	-44.536
-3.48	-44.514
-3.51	-43.311
-3.49	-43.288
-3.53	-43.311
-3.52	-43.311
-3.53	-43.288
-3.52	-42.419
-3.56	-42.441
-3.54	-42.441
-3.56	-42.464
-3.54	-42.419
-4.09	-47.255
-4.04	-47.233
-4.08	-47.233
-4.11	-47.188
-4.06	-47.166
-4.46	-48.949
-4.45	-48.927
-4.52	-48.949
-4.46	-48.949
-4.44	-48.971
-4.84	-51.089
-4.87	-51.066
-4.87	-51.044
-4.86	-51.044
-4.90	-51.044
-5.37	-53.228
-5.31	-53.228
-5.32	-53.206
-5.40	-53.228
-5.33	-53.184
-5.83	-55.613
-5.86	-55.546
-5.92	-55.568
-5.84	-55.568
-5.83	-55.524
-6.39	-58.309
-6.45	-58.265
-6.43	-58.243
-6.40	-58.265
-6.43	-58.220
-6.88	-60.293
-6.85	-60.271
-6.84	-60.248
-6.86	-60.248
-6.87	-60.204
-7.41	-62.366
-7.40	-62.388
-7.39	-62.366
-7.41	-62.366
-7.37	-62.343
-7.80	-64.260
-7.81	-64.215
-7.84	-64.260
-7.78	-64.238
-7.74	-64.215
-8.32	-66.489
-8.30	-66.444
-8.37	-66.422
-8.34	-66.422
-8.31	-66.400
-8.45	-62.978
-8.43	-62.933
-8.41	-62.978
-8.39	-62.955
-8.43	-62.978
-8.72	-67.145
-8.73	-67.145
-8.75	-67.145
-8.78	-67.123
-8.74	-67.101
-9.17	-70.020
-9.20	-70.043
-9.17	-69.998
-9.15	-69.998
-9.20	-70.020
-9.50	-71.001
-9.43	-71.023
-9.40	-71.045
-9.46	-71.001
-9.43	-70.979
-9.76	-72.962
-9.76	-72.962
-9.74	-72.940
-9.72	-72.962
-9.78	-72.940
-10.17	-74.834
-10.17	-74.856
-10.19	-74.834
-10.14	-74.812
-10.16	-74.812
-10.70	-77.308
-10.71	-77.263
-10.69	-77.241
-10.75	-77.219
-10.76	-77.219
-10.75	-74.879
-10.75	-74.834
-10.77	-74.856
-10.78	-74.879
-10.77	-74.856
-10.75	-74.812
-10.75	-74.834
-10.74	-74.812
-10.76	-74.812
-10.79	-74.812
-10.99	-77.954
-11.05	-78.021
-11.04	-77.977
-11.04	-77.954
-11.07	-77.932
-11.39	-80.049
-11.38	-80.072
-11.38	-80.005
-11.35	-80.027
-11.37	-79.960
-11.75	-81.453
-11.70	-81.453
-11.71	-81.431
-11.73	-81.431
-11.66	-81.431
-12.18	-83.927
-12.16	-83.883
-12.12	-83.883
-12.14	-83.816
-12.18	-83.793
-12.19	-81.743
-12.19	-81.788
-12.25	-81.788
-12.20	-81.788
-12.17	-81.788
-12.52	-84.440
-12.47	-84.440
-12.47	-84.395
-12.49	-84.395
-12.47	-84.440
-12.82	-86.379
-12.84	-86.334
-12.88	-86.289
-12.82	-86.267
-12.81	-86.245
-13.29	-87.983
-13.36	-88.006
-13.32	-87.961
-13.28	-88.006
-13.32	-88.006
-13.37	-85.710
-13.33	-85.710
-13.33	-85.688
-13.39	-85.688
-13.36	-85.710
-13.41	-84.774
-13.37	-84.729
-13.38	-84.752
-13.39	-84.774
-13.33	-84.729
-13.85	-89.142
-13.91	-89.120
-13.87	-89.142
-13.87	-89.053
-13.89	-89.120
-14.12	-90.502
-14.08	-90.524
-14.15	-90.524
-14.13	-90.479
-14.10	-90.502
-14.54	-92.975
-14.65	-92.975
-14.59	-92.931
-14.56	-92.975
-14.62	-92.886
-14.62	-90.502
-14.66	-90.479
-14.64	-90.479
-14.62	-90.479
-14.64	-90.479
-15.08	-94.179
-15.14	-94.112
-15.06	-94.157
-15.07	-94.134
-15.13	-94.134
-15.50	-95.561
-15.49	-95.516
-15.49	-95.628
-15.48	-95.516
-15.50	-95.583
-15.53	-94.134
-15.52	-94.134
-15.51	-94.134
-15.52	-94.112
-15.51	-94.112
-15.55	-93.778
-15.53	-93.800
-15.52	-93.755
-15.52	-93.778
-15.55	-93.733
-15.94	-97.210
-15.93	-97.188
-15.99	-97.143
-15.96	-97.165
-15.94	-97.165
-16.24	-98.280
-16.31	-98.302
-16.28	-98.324
-16.28	-98.324
-16.33	-98.280
-16.29	-96.608
-16.27	-96.630
-16.25	-96.608
-16.34	-96.608
-16.33	-96.608
-16.74	-99.171
-16.73	-99.171
-16.73	-99.171
-16.71	-99.149
-16.71	-99.149
-17.15	-100.909
-17.14	-100.909
-17.16	-100.909
-17.13	-100.909
-17.09	-100.909
-17.22	-99.260
-17.18	-99.238
-17.13	-99.216
-17.19	-99.283
-17.17	-99.238
-17.41	-101.110
-17.44	-101.132
-17.37	-101.088
-17.35	-101.110
-17.45	-101.088
-17.48	-99.216
-17.46	-99.171
-17.46	-99.193
-17.45	-99.193
-17.45	-99.171
-17.42	-98.837
-17.49	-98.859
-17.48	-98.859
-17.45	-98.837
-17.45	-98.837
-17.84	-102.559
-17.87	-102.536
-17.81	-102.536
-17.80	-102.536
-17.86	-102.536
-18.28	-104.587
-18.32	-104.520
-18.44	-104.564
-18.32	-104.475
-18.32	-104.542
-18.40	-102.224
-18.36	-102.202
-18.32	-102.202
-18.39	-102.202
-18.36	-102.180
-18.79	-105.010
-18.74	-105.010
-18.76	-104.966
-18.82	-104.988
-18.75	-104.966
-18.81	-102.804
-18.84	-102.804
-18.78	-102.782
-18.76	-102.737
-18.82	-102.804
-19.30	-106.013
-19.31	-105.946
-19.30	-105.991
-19.27	-105.946
-19.29	-105.969
-19.82	-107.462
-19.86	-107.506
-19.82	-107.417
-19.78	-107.417
-19.83	-107.462
-19.82	-106.526
-19.83	-106.481
-19.90	-106.481
-19.83	-106.481
-19.78	-106.481
-19.95	-102.603
-19.90	-102.603
-19.90	-102.626
-19.93	-102.626
-19.94	-102.603
-19.87	-102.110
-19.95	-102.110
-19.94	-102.088
-19.93	-102.043
-19.89	-102.132
-19.72	-92.817
-19.79	-92.794
-19.69	-92.772
-19.67	-92.794
-19.70	-92.839
-19.70	-93.574
-19.68	-93.552
-19.68	-93.530
-19.70	-93.574
-19.73	-93.552
-19.46	-90.120
-19.48	-90.165
-19.48	-90.142
-19.44	-90.209
-19.43	-90.165
-19.49	-89.942
-19.47	-89.897
-19.46	-89.942
-19.50	-89.964
-19.45	-89.919
-19.13	-83.724
-19.07	-83.701
-19.07	-83.701
-19.09	-83.701
-19.09	-83.701
-18.82	-79.155
-18.81	-79.177
-18.79	-79.177
-18.80	-79.200
-18.80	-79.200
-18.77	-80.180
-18.76	-80.158
-18.78	-80.180
-18.77	-80.180
-18.78	-80.180
-18.19	-71.533
-18.17	-71.533
-18.20	-71.578
-18.20	-71.555
-18.20	-71.511
-17.63	-66.140
-17.61	-66.028
-17.63	-65.828
-17.64	-65.672
-17.64	-65.582
-17.53	-67.031
-17.55	-66.942
-17.60	-66.764
-17.57	-66.608
-17.55	-66.496
-17.28	-60.568
-17.27	-60.568
-17.25	-60.568
-17.21	-60.613
-17.26	-60.590
-17.28	-61.036
-17.24	-61.058
-17.23	-60.991
-17.24	-61.036
-17.25	-61.036
-17.27	-61.816
-17.24	-61.838
-17.20	-61.838
-17.26	-61.816
-17.24	-61.838
-17.22	-62.106
-17.25	-62.128
-17.22	-62.083
-17.21	-62.150
-17.24	-62.106
-16.84	-56.601
-16.84	-56.579
-16.86	-56.579
-16.81	-56.579
-16.80	-56.579
-16.83	-56.735
-16.87	-56.735
-16.85	-56.757
-16.82	-56.735
-16.83	-56.735
-16.19	-49.068
-16.28	-49.113
-16.26	-49.135
-16.22	-49.068
-16.23	-49.090
-15.78	-44.143
-15.78	-44.143
-15.74	-44.187
-15.76	-44.143
-15.75	-44.187
-15.73	-45.369
-15.75	-45.391
-15.74	-45.391
-15.75	-45.391
-15.75	-45.369
-15.70	-45.658
-15.77	-45.591
-15.71	-45.658
-15.67	-45.636
-15.72	-45.681
-15.69	-45.968
-15.70	-45.968
-15.74	-45.968
-15.70	-45.946
-15.65	-45.991
-15.15	-38.948
-15.15	-38.948
-15.16	-38.948
-15.21	-38.948
-15.16	-38.948
-14.71	-34.312
-14.65	-34.312
-14.64	-34.312
-14.69	-34.290
-14.71	-34.335
-13.96	-27.582
-13.94	-27.604
-13.90	-27.626
-13.89	-27.649
-13.96	-27.649
-13.37	-22.991
-13.38	-22.969
-13.35	-23.013
-13.37	-23.035
-13.32	-23.035
-13.32	-24.038
-13.38	-24.038
-13.35	-24.083
-13.32	-24.016
-13.31	-24.083
-13.32	-24.417
-13.34	-24.417
-13.38	-24.373
-13.39	-24.417
-13.33	-24.439
-12.75	-18.177
-12.80	-18.177
-12.72	-18.177
-12.69	-18.199
-12.71	-18.222
-12.01	-13.363
-11.96	-13.385
-11.98	-13.363
-12.00	-13.452
-11.95	-13.408
-11.35	-9.396
-11.37	-9.374
-11.39	-9.418
-11.39	-9.418
-11.42	-9.374
-10.89	-6.989
-10.91	-7.011
-10.88	-6.967
-10.86	-6.944
-10.90	-7.011
-10.88	-7.702
-10.93	-7.635
-10.90	-7.658
-10.85	-7.613
-10.87	-7.658
-8.66	0.410
-8.64	0.499
-8.66	0.410
-8.66	0.432
-8.65	0.477
-8.93	-0.571
-8.93	-0.548
-8.94	-0.615
-8.94	-0.615
-8.94	-0.615
-8.18	2.193
-8.18	2.215
-8.24	2.215
-8.20	2.282
-8.16	2.349
-7.43	2.772
-7.39	2.728
-7.39	2.750
-7.41	2.728
-7.43	2.706
-7.40	2.683
-7.42	2.661
-7.36	2.639
-7.33	2.639
-7.40	2.639
-7.39	2.238
-7.43	2.282
-7.37	2.327
-7.35	2.304
-7.43	2.327
-7.37	1.858
-7.30	1.948
-7.30	1.925
-7.38	1.836
-7.39	1.881
-5.98	4.332
-6.03	4.310
-5.98	4.265
-5.93	4.288
-6.00	4.355
-4.60	6.449
-4.61	6.516
-4.54	6.494
-4.55	6.494
-4.62	6.494
-4.57	6.004
-4.58	5.892
-4.62	5.915
-4.59	5.892
-4.60	5.959
-3.44	9.191
-3.42	9.124
-3.41	9.168
-3.44	9.124
-3.52	9.168
-2.61	11.442
-2.60	11.397
-2.64	11.464
-2.60	11.397
-2.61	11.419
-1.86	14.250
-1.86	14.205
-1.85	14.205
-1.89	14.161
-1.93	14.205
-1.49	15.476
-1.49	15.476
-1.48	15.476
-1.46	15.498
-1.42	15.453
-0.81	18.529
-0.80	18.507
-0.84	18.484
-0.82	18.440
-0.82	18.507
-0.36	20.535
-0.29	20.535
-0.28	20.535
-0.29	20.490
-0.30	20.490
0.05	21.983
0.05	21.916
0.06	21.939
0.07	22.006
0.04	21.961
0.14	20.980
0.15	20.958
0.08	21.025
0.11	21.003
0.09	20.958
0.72	24.680
0.73	24.658
0.65	24.680
0.65	24.635
0.65	24.680
1.08	26.730
1.13	26.686
1.17	26.753
1.15	26.708
1.11	26.730
1.56	29.249
1.66	29.226
1.66	29.159
1.57	29.204
1.57	29.182
2.15	31.410
2.15	31.477
2.17	31.388
2.15	31.410
2.17	31.388
2.57	33.327
2.60	33.349
2.56	33.327
2.60	33.305
2.57	33.327
2.60	32.436
2.59	32.458
2.55	32.436
2.61	32.458
2.58	32.458
2.60	32.413
2.55	32.369
2.60	32.413
2.63	32.413
2.63	32.391
2.92	34.954
3.01	35.021
3.02	34.954
2.99	34.932
2.96	34.954
3.35	37.071
3.46	37.004
3.47	37.049
3.38	37.049
3.42	37.071
4.00	40.080
3.91	40.080
3.98	40.058
3.97	40.035
3.96	40.058
4.42	42.130
4.43	42.153
4.44	42.130
4.40	42.108
4.45	42.086
4.38	41.373
4.41	41.306
4.43	41.306
4.45	41.306
4.42	41.328
4.88	44.337
4.84	44.314
4.84	44.248
4.83	44.270
4.91	44.248
4.94	42.665
4.95	42.665
4.97	42.687
4.89	42.687
4.84	42.665
4.89	42.219
4.92	42.175
4.90	42.197
4.85	42.153
4.94	42.197
5.00	41.885
4.95	41.930
4.86	41.952
4.91	41.930
4.92	41.952
5.32	46.120
5.35	46.120
5.33	46.142
5.29	46.164
5.26	46.120
5.62	47.613
5.60	47.590
5.51	47.590
5.57	47.590
5.61	47.590
5.98	49.752
5.94	49.797
6.04	49.752
6.00	49.752
5.88	49.752
6.19	51.268
6.24	51.246
6.29	51.246
6.29	51.223
6.29	51.246
6.75	53.586
6.70	53.474
6.70	53.519
6.70	53.563
6.72	53.519
7.14	55.948
7.22	55.903
7.24	55.837
7.20	55.859
7.14	55.859
7.69	57.976
7.71	57.954
7.71	57.976
7.72	57.931
7.72	57.954
8.11	59.848
8.06	59.826
8.14	59.848
8.17	59.804
8.09	59.804
8.12	58.890
8.11	58.934
8.12	58.912
8.11	58.912
8.07	58.912
8.54	62.344
8.52	62.300
8.61	62.367
8.59	62.300
8.49	62.277
8.91	64.328
8.92	64.239
8.97	64.261
8.97	64.239
8.91	64.194
9.49	66.601
9.46	66.579
9.45	66.556
9.48	66.556
9.47	66.601
9.59	62.901
9.61	62.856
9.62	62.856
9.48	62.834
9.53	62.879
9.89	67.358
9.81	67.358
9.84	67.380
9.84	67.380
9.92	67.380
10.30	69.743
10.23	69.721
10.25	69.721
10.21	69.698
10.27	69.698
10.27	68.606
10.27	68.651
10.28	68.628
10.22	68.606
10.29	68.628
10.81	72.885
10.90	72.908
10.91	72.885
10.94	72.863
10.93	72.885
11.35	75.938
11.39	75.961
11.43	75.916
11.43	75.916
11.37	75.872
11.86	76.964
11.82	76.919
11.73	76.875
11.79	76.875
11.81	76.919
12.31	79.460
12.30	79.437
12.31	79.482
12.36	79.437
12.38	79.393
12.32	77.744
12.37	77.788
12.40	77.833
12.39	77.788
12.39	77.833
12.93	81.844
12.86	81.800
12.92	81.755
12.91	81.800
12.93	81.778
13.33	83.917
13.40	83.917
13.37	83.895
13.27	83.828
13.31	83.872
13.86	86.168
13.84	86.190
13.91	86.123
13.93	86.146
13.86	86.168
13.94	83.382
13.97	83.360
13.97	83.427
14.01	83.338
13.95	83.360
14.60	88.865
14.63	88.865
14.59	88.865
14.66	88.842
14.64	88.842
14.71	86.213
14.62	86.257
14.66	86.257
14.67	86.190
14.69	86.213
14.72	85.678
14.68	85.655
14.66	85.678
14.63	85.655
14.73	85.611
15.22	90.692
15.23	90.603
15.20	90.670
15.27	90.714
15.27	90.625
15.60	92.475
15.69	92.475
15.67	92.475
15.57	92.431
15.64	92.453
15.66	90.781
15.69	90.804
15.75	90.804
15.75	90.759
15.66	90.759
16.09	93.745
16.06	93.768
16.08	93.723
16.16	93.679
16.21	93.701
16.68	96.019
16.68	95.996
16.61	95.996
16.64	95.952
16.62	95.907
16.65	93.968
16.67	93.946
16.62	93.901
16.65	93.879
16.64	93.901
17.16	97.133
17.14	97.044
17.01	97.066
17.08	97.022
17.13	97.022
17.09	96.197
17.15	96.286
17.14	96.219
17.11	96.175
17.15	96.197
17.20	94.525
17.16	94.525
17.17	94.592
17.18	94.570
17.19	94.548
17.61	98.827
17.60	98.782
17.58	98.782
17.62	98.760
17.64	98.738
18.10	100.654
18.06	100.654
18.06	100.632
18.08	100.543
18.18	100.565
18.09	98.180
18.10	98.158
18.21	98.047
18.22	98.225
18.15	98.136
18.17	97.712
18.11	97.712
18.07	97.735
18.18	97.712
18.20	97.690
18.54	101.011
18.64	101.011
18.65	100.989
18.61	100.944
18.63	100.966
19.12	102.460
19.05	102.415
19.13	102.393
19.18	102.415
19.15	102.393
19.20	100.476
19.21	100.476
19.20	100.476
19.16	100.431
19.08	100.409
19.67	104.176
19.63	104.176
19.71	104.131
19.72	104.153
19.63	104.042
20.07	104.198
20.09	104.198
20.07	104.198
20.02	104.176
20.00	104.176
20.14	104.532
20.18	104.510
20.22	104.488
20.24	104.510
20.23	104.488
20.31	100.454
20.25	100.409
20.31	100.431
20.34	100.431
20.36	100.431
20.27	99.651
20.31	99.585
20.35	99.629
20.37	99.629
20.30	99.651
20.35	98.894
20.28	98.938
20.35	98.894
20.34	98.871
20.32	98.894
20.37	98.270
20.33	98.247
20.35	98.292
20.35	98.314
20.29	98.292
20.36	98.091
20.34	98.114
20.34	98.069
20.33	98.136
20.31	98.047
20.40	97.870
20.29	97.848
20.34	97.870
20.36	97.848
20.31	97.826
20.32	97.737
20.41	97.648
20.42	97.670
20.38	97.670
20.33	97.714
20.36	97.648
20.35	97.648
20.31	97.670
20.30	97.670
20.39	97.625
20.41	97.581
20.33	97.648
20.29	97.625
20.30	97.603
20.42	97.625
20.16	89.936
20.18	89.892
20.16	89.959
20.12	89.914
20.19	89.959
20.09	90.137
20.17	90.137
20.17	90.137
20.09	90.159
20.08	90.115
19.73	83.340
19.80	83.340
19.79	83.340
19.72	83.317
19.68	83.295
19.65	84.409
19.72	84.454
19.73	84.409
19.72	84.387
19.71	84.432
19.35	77.389
19.31	77.389
19.27	77.411
19.34	77.389
19.35	77.411
18.92	71.260
18.89	71.238
18.81	71.238
18.93	71.238
18.99	71.216
18.59	68.318
18.57	68.252
18.56	68.296
18.56	68.296
18.60	68.296
18.61	68.742
18.54	68.720
18.53	68.720
18.62	68.764
18.64	68.764
18.56	68.764
18.58	68.764
18.63	68.742
18.54	68.742
18.51	68.742
18.61	69.143
18.59	69.232
18.50	69.143
18.54	69.143
18.60	69.143
18.13	60.897
18.09	60.897
18.07	60.852
18.09	60.919
18.10	60.919
17.72	56.707
17.64	56.685
17.71	56.729
17.73	56.729
17.65	56.729
17.65	57.621
17.64	57.643
17.65	57.621
17.61	57.621
17.63	57.710
17.16	50.355
17.05	50.311
17.20	50.355
17.21	50.378
17.15	50.355
16.57	45.341
16.69	45.341
16.73	45.296
16.64	45.386
16.68	45.319
16.69	45.764
16.67	45.854
16.60	45.854
16.68	45.831
16.68	45.854
16.69	46.121
16.61	46.099
16.59	46.099
16.63	46.121
16.69	46.143
16.57	46.032
16.66	46.032
16.68	46.054
16.61	46.010
16.68	46.010
16.45	44.093
16.54	44.115
16.55	44.048
16.51	44.026
16.56	44.071
16.53	44.338
16.48	44.383
16.55	44.338
16.55	44.316
16.47	44.338
16.44	44.427
16.52	44.427
16.54	44.472
16.51	44.449
16.56	44.427
16.47	44.895
16.55	44.873
16.55	44.873
16.50	44.917
16.47	44.940
16.52	45.207
16.58	45.230
16.59	45.207
16.51	45.207
16.43	45.252
16.54	45.475
16.54	45.452
16.49	45.452
16.48	45.430
16.46	45.452
16.06	39.480
16.03	39.480
16.16	39.502
16.16	39.524
16.09	39.524
15.62	35.423
15.62	35.401
15.56	35.379
15.61	35.290
15.64	35.245
14.96	28.737
14.87	28.760
14.84	28.760
14.84	28.782
14.94	28.804
14.33	23.634
14.32	23.656
14.26	23.656
14.34	23.589
14.37	23.612
14.37	24.525
14.35	24.481
14.30	24.503
14.24	24.525
14.29	24.503
14.26	24.481
14.34	24.525
14.34	24.503
14.28	24.525
14.27	24.525
13.67	17.661
13.64	17.728
13.66	17.706
13.65	17.795
13.71	17.772
13.65	18.954
13.63	18.976
13.64	18.931
13.63	18.976
13.58	18.976
13.19	14.184
13.18	14.207
13.14	14.162
13.17	14.207
13.20	14.207
12.51	9.304
12.47	9.281
12.46	9.304
12.55	9.281
12.52	9.326
11.84	5.537
11.85	5.493
11.81	5.537
11.76	5.515
11.84	5.537
11.31	2.930
11.27	2.952
11.26	2.952
11.27	2.952
11.32	2.952
11.28	3.420
11.30	3.353
11.33	3.398
11.29	3.375
11.23	3.375
11.28	3.821
11.30	3.843
11.25	3.799
11.25	3.843
11.25	3.843
11.23	4.601
11.30	4.623
11.29	4.646
11.22	4.690
11.22	4.623
11.11	2.996
11.11	2.996
11.06	2.996
10.98	3.019
11.05	3.019
11.05	2.618
11.07	2.618
11.06	2.595
11.10	2.595
11.11	2.595
10.98	2.038
11.08	2.060
11.10	2.083
11.04	2.060
11.05	2.038
10.96	2.796
10.93	2.818
11.05	2.796
11.05	2.818
10.97	2.796
11.04	3.175
11.03	3.175
10.92	3.108
11.01	3.197
11.00	3.175
10.97	3.264
11.00	3.286
11.05	3.286
10.98	3.264
10.96	3.286
10.88	3.354
10.79	3.354
10.87	3.310
10.85	3.354
10.84	3.354
10.89	3.288
10.77	3.332
10.86	3.310
10.92	3.332
10.84	3.332
10.93	3.354
10.88	3.421
10.78	3.377
10.84	3.354
10.87	3.399
10.79	3.466
10.88	3.466
10.91	3.466
10.78	3.466
10.84	3.466
10.80	3.444
10.85	3.421
10.85	3.488
10.82	3.488
10.80	3.466
10.78	2.329
10.69	2.352
10.76	2.352
10.77	2.352
10.71	2.352
9.96	0.101
9.98	0.145
9.98	0.145
9.97	0.123
9.96	0.078
7.75	-6.563
7.85	-6.585
7.87	-6.585
7.74	-6.563
7.84	-6.541
7.78	-5.984
7.85	-5.984
7.81	-5.984
7.81	-5.984
7.79	-5.984
6.27	-8.569
6.26	-8.591
6.21	-8.591
6.28	-8.524
6.23	-8.569
6.21	-7.947
6.22	-7.925
6.19	-7.925
6.24	-7.947
6.21	-7.925
5.46	-9.953
5.49	-9.930
5.46	-9.908
5.53	-9.886
5.51	-9.930
4.84	-11.312
4.84	-11.290
4.83	-11.268
4.83	-11.334
4.84	-11.312
4.81	-10.331
4.86	-10.331
4.84	-10.331
4.79	-10.287
4.85	-10.331
4.85	-10.354
4.80	-10.331
4.84	-10.354
4.84	-10.309
4.81	-10.331
4.06	-13.296
4.03	-13.251
4.02	-13.296
4.03	-13.296
4.06	-13.318
3.14	-16.081
3.20	-16.037
3.19	-16.037
3.16	-15.970
3.17	-16.015
2.59	-17.842
2.57	-17.887
2.62	-17.887
2.61	-17.842
2.55	-17.909
2.62	-17.240
2.53	-17.173
2.57	-17.196
2.63	-17.218
2.60	-17.196
2.59	-16.661
2.53	-16.661
2.61	-16.661
2.63	-16.661
2.57	-16.661
1.98	-19.848
1.98	-19.848
1.96	-19.870
1.95	-19.826
2.00	-19.848
1.33	-22.054
1.42	-22.010
1.45	-22.032
1.40	-22.054
1.41	-22.010
1.43	-21.430
1.43	-21.453
1.35	-21.408
1.37	-21.430
1.40	-21.430
1.39	-20.828
1.42	-20.851
1.36	-20.851
1.40	-20.851
1.41	-20.873
1.11	-23.079
1.10	-23.057
1.06	-23.079
1.07	-23.057
1.09	-23.079
0.71	-24.461
0.73	-24.461
0.73	-24.483
0.72	-24.506
0.72	-24.506
0.29	-26.712
0.24	-26.690
0.23	-26.645
0.25	-26.690
0.24	-26.668
-0.15	-28.763
-0.24	-28.763
-0.23	-28.740
-0.22	-28.718
-0.21	-28.763
-0.67	-30.657
-0.71	-30.657
-0.70	-30.657
-0.67	-30.679
-0.66	-30.635
-1.46	-34.423
-1.48	-34.356
-1.52	-34.334
-1.45	-34.290
-1.47	-34.312
-1.87	-35.872
-1.84	-35.872
-1.83	-35.850
-1.86	-35.894
-1.91	-35.827
-2.55	-38.791
-2.51	-38.791
-2.51	-38.769
-2.58	-38.791
-2.53	-38.769
-2.49	-37.833
-2.55	-37.855
-2.59	-37.855
-2.49	-37.833
-2.50	-37.789
-2.49	-37.610
-2.53	-37.633
-2.50	-37.633
-2.53	-37.610
-2.59	-37.566
-2.86	-40.129
-2.90	-40.084
-2.87	-40.129
-2.83	-40.084
-2.84	-40.106
-3.44	-42.825
-3.38	-42.781
-3.35	-42.803
-3.39	-42.758
-3.36	-42.736
-3.82	-44.920
-3.89	-44.965
-3.86	-44.920
-3.85	-44.898
-3.85	-44.876
-3.84	-42.870
-3.83	-42.892
-3.89	-42.870
-3.85	-42.914
-3.87	-42.870
-4.23	-46.257
-4.31	-46.280
-4.27	-46.257
-4.25	-46.280
-4.27	-46.235
-4.67	-48.642
-4.74	-48.575
-4.71	-48.598
-4.71	-48.598
-4.66	-48.598
-5.22	-50.938
-5.17	-50.938
-5.16	-50.938
-5.20	-50.915
-5.23	-50.938
-5.67	-53.144
-5.61	-53.122
-5.59	-53.144
-5.68	-53.122
-5.68	-53.077
-6.12	-55.506
-6.13	-55.484
-6.14	-55.440
-6.16	-55.440
-6.18	-55.417
-6.75	-57.869
-6.72	-57.869
-6.75	-57.891
-6.76	-57.869
-6.75	-57.824
-7.21	-60.142
-7.26	-60.142
-7.21	-60.120
-7.21	-60.120
-7.24	-60.097
-7.21	-57.980
-7.21	-57.958
-7.25	-57.958
-7.29	-57.980
-7.23	-57.958
-7.77	-62.259
-7.76	-62.259
-7.71	-62.237
-7.73	-62.259
-7.75	-62.237
-8.16	-64.711
-8.16	-64.666
-8.15	-64.577
-8.15	-64.532
-8.22	-64.443
-8.60	-66.516
-8.58	-66.516
-8.62	-66.471
-8.57	-66.494
-8.57	-66.471
-8.68	-63.304
-8.67	-63.304
-8.61	-63.304
-8.61	-63.326
-8.65	-63.304
-8.68	-63.104
-8.59	-63.081
-8.62	-63.104
-8.64	-63.104
-8.65	-63.104
-8.61	-63.059
-8.63	-63.081
-8.69	-63.059
-8.62	-63.037
-8.63	-63.037
-9.20	-68.408
-9.20	-68.408
-9.21	-68.408
-9.26	-68.363
-9.17	-68.386
-9.18	-68.096
-9.22	-68.007
-9.20	-68.029
-9.18	-68.029
-9.24	-68.029
-9.21	-66.981
-9.24	-66.937
-9.24	-66.937
-9.17	-66.959
-9.16	-66.892
-9.65	-71.840
-9.71	-71.862
-9.69	-71.929
-9.73	-71.974
-9.64	-71.974
-10.14	-73.378
-10.08	-73.355
-10.09	-73.355
-10.10	-73.355
-10.13	-73.311
-10.10	-72.263
-10.12	-72.286
-10.12	-72.263
-10.15	-72.286
-10.14	-72.219
-10.57	-75.540
-10.56	-75.495
-10.57	-75.495
-10.59	-75.517
-10.61	-75.450
-11.12	-78.036
-11.16	-78.036
-11.11	-77.991
-11.09	-77.924
-11.08	-77.946
-11.66	-79.997
-11.60	-79.997
-11.64	-79.975
-11.58	-79.975
-11.62	-79.930
-12.10	-82.448
-12.16	-82.426
-12.13	-82.404
-12.11	-82.404
-12.12	-82.359
-12.15	-80.108
-12.12	-80.086
-12.16	-80.086
-12.11	-80.108
-12.13	-80.108
-12.45	-82.827
-12.46	-82.827
-12.46	-82.827
-12.43	-82.783
-12.39	-82.783
-12.45	-81.891
-12.46	-81.913
-12.46	-81.869
-12.44	-81.891
-12.47	-81.913
-12.92	-84.766
-12.87	-84.811
-12.84	-84.744
-12.90	-84.766
-12.87	-84.722
-13.24	-86.215
-13.26	-86.193
-13.27	-86.215
-13.26	-86.215
-13.31	-86.148
-13.92	-89.134
-13.99	-89.112
-13.90	-89.045
-13.89	-89.090
-13.92	-89.067
-13.97	-86.616
-13.95	-86.638
-13.99	-86.594
-13.99	-86.594
-13.96	-86.571
-13.96	-86.237
-13.96	-86.237
-13.99	-86.237
-13.95	-86.237
-13.99	-86.237
-13.98	-85.725
-14.03	-85.725
-13.98	-85.725
-14.01	-85.747
-13.99	-85.747
-14.49	-89.981
-14.43	-89.937
-14.47	-89.937
-14.54	-89.937
-14.43	-89.914
-14.97	-91.608
-14.91	-91.630
-14.89	-91.586
-14.97	-91.586
-14.91	-91.564
-14.93	-90.137
-14.91	-90.160
-14.94	-90.137
-14.93	-90.160
-14.92	-90.115
-15.35	-93.636
-15.33	-93.659
-15.32	-93.592
-15.38	-93.614
-15.33	-93.525
-15.76	-95.375
-15.81	-95.375
-15.75	-95.352
-15.76	-95.352
-15.73	-95.375
-15.79	-93.503
-15.85	-93.503
-15.77	-93.503
-15.76	-93.480
-15.75	-93.480
-16.39	-97.470
-16.34	-97.470
-16.40	-97.425
-16.35	-97.380
-16.40	-97.425
-16.40	-95.196
-16.42	-95.174
-16.42	-95.196
-16.38	-95.196
-16.41	-95.152
-16.93	-98.918
-16.87	-98.851
-16.96	-98.874
-16.94	-98.829
-16.96	-98.807
-17.35	-100.790
-17.28	-100.790
-17.35	-100.746
-17.35	-100.723
-17.37	-100.723
-17.34	-98.361
-17.37	-98.339
-17.40	-98.361
-17.40	-98.339
-17.35	-98.383
-17.78	-101.637
-17.81	-101.615
-17.86	-101.593
-17.85	-101.570
-17.84	-101.570
-17.89	-99.787
-17.87	-99.743
-17.83	-99.765
-17.87	-99.743
-17.84	-99.743
-17.92	-98.851
-17.89	-98.874
-17.87	-98.896
-17.91	-98.918
-17.90	-98.851
-18.19	-102.038
-18.19	-102.061
-18.20	-102.038
-18.23	-102.038
-18.24	-102.038
-18.25	-100.813
-18.23	-100.790
-18.20	-100.746
-18.26	-100.813
-18.19	-100.813
-18.79	-104.222
-18.78	-104.222
-18.76	-104.222
-18.84	-104.178
-18.80	-104.156
-18.86	-102.261
-18.81	-102.283
-18.85	-102.239
-18.82	-102.261
-18.86	-102.239
-18.83	-101.347
-18.90	-101.370
-18.87	-101.392
-18.89	-101.370
-18.82	-101.392
-19.14	-104.445
-19.16	-104.445
-19.22	-104.423
-19.12	-104.423
-19.18	-104.423
-19.50	-105.203
-19.55	-105.158
-19.44	-105.181
-19.49	-105.158
-19.50	-105.158
-19.63	-100.251
-19.64	-100.273
-19.67	-100.273
-19.62	-100.251
-19.64	-100.251
-19.55	-100.072
-19.58	-100.095
-19.61	-100.050
-19.59	-100.139
-19.61	-100.095
-19.63	-97.197
-19.63	-97.086
-19.62	-97.064
-19.60	-96.952
-19.60	-96.930
-19.51	-94.657
-19.50	-94.657
-19.53	-94.724
-19.50	-94.724
-19.51	-94.679
-19.19	-89.598
-19.22	-89.687
-19.18	-89.620
-19.19	-89.598
-19.26	-89.664
-19.21	-89.687
-19.21	-89.664
-19.22	-89.709
-19.27	-89.709
-19.23	-89.709
-19.26	-89.731
-19.19	-89.776
-19.21	-89.709
-19.26	-89.731
-19.25	-89.731
-18.70	-81.396
-18.73	-81.418
-18.69	-81.396
-18.72	-81.396
-18.70	-81.396
-18.72	-82.889
-18.68	-82.845
-18.65	-82.867
-18.61	-82.867
-18.64	-82.845
-18.68	-82.934
-18.71	-82.889
-18.67	-82.934
-18.69	-82.912
-18.67	-82.934
-18.22	-77.095
-18.18	-76.939
-18.16	-76.894
-18.14	-76.872
-18.16	-76.894
-18.19	-77.187
-18.16	-77.187
-18.16	-77.187
-18.21	-77.165
-18.14	-77.187
-18.04	-73.220
-18.00	-73.243
-18.02	-73.198
-18.03	-73.220
-18.03	-73.243
-17.58	-67.537
-17.62	-67.537
-17.64	-67.537
-17.58	-67.515
-17.61	-67.448
-17.51	-67.604
-17.52	-67.582
-17.49	-67.582
-17.53	-67.560
-17.49	-67.560
-16.65	-59.492
-16.72	-60.004
-16.68	-60.339
-16.70	-60.250
-16.70	-60.094
-16.63	-56.661
-16.69	-56.661
-16.68	-56.684
-16.73	-56.706
-16.65	-56.684
-16.63	-57.999
-16.65	-57.999
-16.63	-57.976
-16.65	-57.976
-16.63	-57.999
-16.63	-58.333
-16.64	-58.311
-16.61	-58.311
-16.63	-58.288
-16.63	-58.288
-16.00	-49.797
-15.99	-49.753
-15.95	-49.797
-16.00	-49.797
-16.01	-49.797
-15.57	-45.050
-15.53	-45.050
-15.51	-45.006
-15.48	-45.072
-15.53	-45.050
-15.47	-45.451
-15.50	-45.496
-15.52	-45.518
-15.54	-45.518
-15.49	-45.518
-15.47	-46.457
-15.51	-46.434
-15.55	-46.390
-15.45	-46.457
-15.48	-46.434
-14.83	-37.965
-14.80	-37.965
-14.75	-38.010
-14.77	-37.988
-14.84	-38.032
-14.36	-33.731
-14.36	-33.731
-14.31	-33.731
-14.35	-33.753
-14.33	-33.731
-14.32	-34.979
-14.31	-35.024
-14.35	-35.024
-14.34	-34.957
-14.36	-35.024
-14.31	-35.135
-14.28	-35.135
-14.37	-35.113
-14.33	-35.135
-14.34	-35.135
-14.11	-31.948
-14.05	-31.792
-14.04	-31.725
-14.11	-31.658
-14.05	-31.614
-13.62	-27.959
-13.71	-27.959
-13.62	-28.003
-13.64	-28.003
-13.67	-28.026
-13.07	-22.855
-13.02	-22.811
-13.04	-22.855
-13.00	-22.877
-13.03	-22.855
-13.04	-23.747
-13.05	-23.747
-12.98	-23.724
-13.01	-23.747
-13.02	-23.747
-12.34	-17.662
-12.31	-17.640
-12.34	-17.662
-12.33	-17.685
-12.37	-17.640
-12.32	-18.532
-12.28	-18.532
-12.29	-18.532
-12.30	-18.576
-12.34	-18.532
-11.68	-13.317
-11.69	-13.317
-11.66	-13.317
-11.70	-13.294
-11.71	-13.294
-11.03	-9.439
-11.09	-9.439
-11.02	-9.461
-10.99	-9.461
-11.05	-9.439
-10.53	-6.787
-10.43	-6.787
-10.45	-6.809
-10.46	-6.787
-10.48	-6.764
-10.40	-7.633
-10.44	-7.633
-10.49	-7.656
-10.46	-7.611
-10.44	-7.633
-7.58	0.457
-7.58	0.457
-7.59	0.434
-7.57	0.479
-7.56	0.501
-7.87	-0.368
-7.88	-0.390
-7.88	-0.390
-7.87	-0.368
-7.87	-0.368
-6.70	2.953
-6.60	2.930
-6.64	2.975
-6.68	2.975
-6.67	2.997
-6.67	2.104
-6.67	2.194
-6.67	2.127
-6.64	2.127
-6.63	2.104
-6.60	2.439
-6.61	2.461
-6.59	2.416
-6.67	2.461
-6.60	2.416
-6.56	1.948
-6.64	1.971
-6.57	1.948
-6.59	1.948
-6.60	1.993
-6.63	1.681
-6.64	1.659
-6.63	1.659
-6.63	1.726
-6.63	1.681
-6.66	1.503
-6.60	1.480
-6.64	1.525
-6.65	1.480
-6.68	1.436
-6.72	1.302
-6.73	1.302
-6.71	1.324
-6.74	1.258
-6.73	1.302
-6.73	1.324
-6.67	1.280
-6.74	1.347
-6.71	1.324
-6.71	1.347
-6.68	1.369
-6.70	1.324
-6.68	1.369
-6.74	1.391
-6.75	1.458
-6.67	1.570
-6.70	1.614
-6.68	1.570
-6.74	1.659
-6.75	1.592
-6.74	1.703
-6.72	1.748
-6.67	1.681
-6.74	1.703
-6.67	1.703
-6.69	1.882
-6.72	1.904
-6.63	1.926
-6.67	1.882
-6.68	1.859
-6.65	2.060
-6.65	2.038
-6.64	2.060
-6.65	2.038
-6.64	2.060
-6.62	2.283
-6.62	2.216
-6.56	2.238
-6.59	2.149
-6.64	2.283
-6.59	2.439
-6.56	2.416
-6.60	2.461
-6.63	2.416
-6.53	2.394
-6.53	2.639
-6.60	2.572
-6.57	2.595
-6.50	2.595
-6.55	2.595
-6.50	2.773
-6.44	2.751
-6.48	2.728
-6.48	2.751
-6.47	2.751
-6.46	2.840
-6.39	2.840
-6.45	2.884
-6.43	2.884
-6.50	2.862
-6.45	2.795
-6.40	2.818
-6.43	2.840
-6.43	2.818
-6.42	2.884
-6.38	2.929
-6.42	2.907
-6.43	2.884
-6.39	2.907
-6.44	2.929
-5.85	2.888
-5.87	2.843
-5.93	2.843
-5.88	2.865
-5.87	2.843
-5.89	2.888
-5.88	2.843
-5.91	2.888
-5.86	2.776
-5.90	2.910
-5.81	3.020
-5.77	2.997
-5.82	3.020
-5.85	2.997
-5.81	2.953
-5.78	1.727
-5.77	1.727
-5.77	1.705
-5.74	1.749
-5.77	1.749
-5.82	1.660
-5.79	1.638
-5.80	1.682
-5.74	1.638
-5.82	1.616
-5.83	1.571
-5.88	1.571
-5.78	1.616
-5.85	1.549
-5.80	1.549
-4.79	4.468
-4.85	4.580
-4.83	4.513
-4.87	4.490
-4.85	4.468
-3.59	6.808
-3.53	6.853
-3.62	6.831
-3.60	6.875
-3.58	6.786
-2.80	9.104
-2.75	9.082
-2.82	9.082
-2.80	9.104
-2.78	9.148
-2.17	10.998
-2.16	11.020
-2.15	11.043
-2.20	10.998
-2.21	10.976
-2.12	10.151
-2.13	10.151
-2.14	10.107
-2.13	10.084
-2.16	10.107
-1.43	13.361
-1.43	13.361
-1.45	13.361
-1.48	13.338
-1.45	13.383
-0.93	15.322
-0.84	15.277
-0.93	15.344
-0.90	15.299
-0.95	15.277
-0.31	17.751
-0.25	17.773
-0.30	17.706
-0.30	17.729
-0.27	17.751
0.28	19.913
0.29	19.935
0.22	19.891
0.26	19.913
0.31	19.935
0.81	22.387
0.87	22.387
0.79	22.364
0.85	22.364
0.77	22.320
0.86	21.005
0.86	21.005
0.86	21.005
0.81	20.983
0.87	21.005
0.83	20.626
0.85	20.648
0.87	20.648
0.85	20.648
0.86	20.671
1.38	24.905
1.42	24.838
1.39	24.838
1.39	24.860
1.41	24.816
1.85	26.888
1.91	26.888
1.86	26.911
1.88	26.933
1.89	26.844
2.28	28.761
2.29	28.716
2.25	28.694
2.32	28.716
2.27	28.649
2.83	31.234
2.82	31.212
2.78	31.190
2.83	31.101
2.82	31.212
3.27	33.017
3.28	33.017
3.25	33.017
3.27	32.973
3.26	33.017
3.82	35.892
3.85	35.870
3.85	35.870
3.89	35.892
3.86	35.892
4.30	37.831
4.24	37.898
4.31	37.876
4.27	37.876
4.30	37.853
4.72	40.595
4.75	40.550
4.81	40.550
4.82	40.528
4.78	40.528
4.80	38.834
4.77	38.812
4.82	38.812
4.79	38.856
4.84	38.790
5.19	42.400
5.18	42.400
5.24	42.355
5.22	42.333
5.21	42.378
5.48	44.049
5.55	44.071
5.61	44.049
5.56	43.982
5.54	44.027
5.58	42.378
5.54	42.378
5.56	42.355
5.58	42.355
5.57	42.355
6.07	46.590
6.05	46.612
6.01	46.545
6.09	46.590
6.01	46.523
6.62	49.933
6.60	49.777
6.66	49.755
6.62	49.777
6.66	49.688
7.05	51.783
7.02	51.783
7.08	51.738
6.97	51.760
7.03	51.716
7.41	53.811
7.51	53.788
7.49	53.833
7.50	53.788
7.48	53.766
7.95	56.351
7.96	56.240
7.98	56.307
7.92	56.307
7.91	56.218
8.41	58.179
8.43	58.201
8.43	58.134
8.44	58.134
8.37	58.134
9.13	61.544
9.08	61.589
9.12	61.566
9.11	61.522
9.12	61.500
9.93	65.422
9.88	65.333
9.95	65.333
9.92	65.333
9.92	65.311
10.17	66.403
10.24	66.358
10.18	66.380
10.27	66.380
10.18	66.336
10.32	64.687
10.18	64.753
10.26	64.731
10.22	64.753
10.30	64.687
10.29	62.634
10.24	62.634
10.33	62.656
10.31	62.679
10.28	62.701
10.70	67.648
10.56	67.604
10.70	67.604
10.59	67.626
10.72	67.648
10.96	70.858
11.13	70.858
11.00	70.813
11.09	70.835
11.01	70.791
11.68	73.688
11.61	73.666
11.67	73.644
11.58	73.644
11.67	73.577
12.12	75.471
12.14	75.449
12.04	75.449
12.14	75.449
12.10	75.426
12.68	78.190
12.65	78.168
12.67	78.101
12.62	78.123
12.69	78.145
12.72	75.828
12.70	75.894
12.70	75.828
12.75	75.805
12.74	75.761
12.66	75.516
12.72	75.471
12.75	75.471
12.73	75.471
12.65	75.516
13.15	79.795
13.14	79.817
13.14	79.795
13.14	79.795
13.15	79.750
13.78	83.138
13.72	83.093
13.81	83.071
13.67	83.026
13.77	82.982
14.11	84.430
14.12	84.341
14.08	84.319
14.11	84.386
14.16	84.274
14.74	86.614
14.60	86.637
14.72	86.592
14.66	86.570
14.76	86.614
14.69	84.185
14.74	84.207
14.75	84.185
14.80	84.141
14.71	84.207
15.49	89.177
15.49	89.155
15.45	89.155
15.54	89.155
15.48	89.110
15.51	86.035
15.57	86.013
15.58	85.990
15.54	86.013
15.53	85.990
15.77	89.155
15.81	89.110
15.71	89.110
15.83	89.110
15.74	89.066
16.18	91.607
16.27	91.562
16.19	91.584
16.25	91.562
16.20	91.562
16.78	93.791
16.67	93.657
16.74	93.746
16.74	93.679
16.76	93.701
17.28	95.239
17.20	95.306
17.24	95.239
17.17	95.217
17.26	95.239
17.24	93.100
17.29	93.077
17.30	93.122
17.25	93.100
17.23	93.100
17.77	96.666
17.76	96.599
17.75	96.510
17.65	96.510
17.78	96.576
18.34	98.226
18.29	98.203
18.35	98.203
18.31	98.226
18.38	98.248
18.36	96.042
18.38	96.042
18.30	96.042
18.37	95.997
18.40	95.975
18.64	99.139
18.70	99.206
18.68	99.139
18.70	99.162
18.65	99.073
18.74	97.869
18.71	97.824
18.67	97.824
18.74	97.847
18.74	97.824
18.70	95.062
18.83	95.062
18.78	95.017
18.77	95.062
18.73	95.039
19.19	100.165
19.09	100.143
19.23	100.099
19.15	100.143
19.17	100.099
19.18	98.605
19.17	98.672
19.17	98.605
19.19	98.628
19.15	98.583
19.68	102.349
19.68	102.283
19.71	102.216
19.73	102.260
19.67	102.216
20.22	103.219
20.19	103.241
20.16	103.174
20.14	103.174
20.21	103.152
20.22	101.280
20.27	101.280
20.14	101.302
20.26	101.347
20.19	101.280
20.14	101.101
20.29	101.079
20.16	101.101
20.27	101.101
20.13	101.146
20.29	97.488
20.27	97.510
20.31	97.510
20.27	97.510
20.30	97.532
20.22	92.005
20.07	92.005
20.23	92.027
20.13	92.027
20.23	92.050
19.91	88.306
20.01	88.328
19.90	88.306
20.01	88.328
19.94	88.328
19.91	88.462
20.04	88.484
19.85	88.462
20.04	88.439
19.89	88.439
19.94	89.175
19.93	89.108
19.93	89.175
19.92	89.175
19.96	89.108
19.96	89.086
19.94	89.152
19.96	89.130
19.93	89.197
19.93	89.152
19.72	84.963
19.74	84.918
19.74	84.963
19.78	84.896
19.69	84.940
19.61	82.868
19.57	82.823
19.65	82.801
19.60	82.845
19.63	82.801
19.35	78.544
19.38	78.544
19.30	78.544
19.41	78.544
19.33	78.566
18.91	72.727
18.99	72.683
18.87	72.660
19.01	72.660
18.90	72.727
18.53	66.777
18.52	66.688
18.49	66.777
18.47	66.754
18.48	66.777
18.46	67.401
18.55	67.312
18.42	67.334
18.50	67.334
18.50	67.289
18.05	61.250
18.01	61.205
18.09	61.227
18.05	61.272
18.08	61.227
18.02	62.832
18.05	62.810
17.98	62.854
18.05	62.854
18.02	62.854
17.51	55.834
17.57	55.834
17.57	55.834
17.56	55.834
17.51	55.856
17.08	50.151
17.04	50.173
17.06	50.129
17.01	50.173
17.13	50.173
16.67	45.292
16.57	45.315
16.63	45.270
16.54	45.292
16.63	45.292
16.60	46.139
16.55	46.117
16.59	46.162
16.65	46.139
16.57	46.117
16.58	46.761
16.54	46.806
16.58	46.783
16.58	46.806
16.58	46.783
16.11	40.387
16.10	40.476
16.10	40.499
16.11	40.454
16.12	40.476
15.68	35.506
15.63	35.484
15.60	35.573
15.66	35.529
15.69	35.529
15.32	31.874
15.18	31.851
15.32	31.918
15.26	31.896
15.34	31.851
15.27	33.033
15.25	32.966
15.27	32.943
15.27	33.055
15.21	32.988
14.84	27.974
14.77	28.018
14.87	27.996
14.73	27.996
14.80	27.996
14.19	22.469
14.29	22.469
14.12	22.469
14.23	22.469
14.19	22.424
14.22	23.137
14.17	23.160
14.19	23.115
14.22	23.182
14.19	23.137
14.19	23.338
14.13	23.405
14.23	23.449
14.20	23.405
14.22	23.383
13.75	18.992
13.66	18.992
13.82	18.970
13.67	19.014
13.78	18.925
13.17	14.624
13.23	14.602
13.15	14.602
13.14	14.624
13.21	14.624
12.48	10.055
12.51	10.011
12.52	10.055
12.55	10.077
12.53	10.033
12.44	11.058
12.57	11.058
12.43	11.013
12.49	11.058
12.51	11.013
11.95	6.980
11.89	6.935
12.01	6.980
11.88	7.002
11.91	6.935
11.36	4.238
11.40	4.350
11.38	4.261
11.41	4.283
11.38	4.305
10.93	1.987
10.81	1.943
10.90	2.010
10.87	1.987
10.95	1.965
10.83	3.195
10.90	3.261
10.85	3.239
10.87	3.217
10.84	3.239
10.89	4.242
10.88	4.242
10.82	4.220
10.83	4.242
10.89	4.242
10.84	3.217
10.88	3.217
10.87	3.172
10.86	3.172
10.84	3.195
10.67	1.813
10.71	1.790
10.67	1.768
10.69	1.790
10.72	1.790
10.68	2.102
10.71	2.169
10.68	2.102
10.70	2.147
10.64	2.125
10.64	2.258
10.74	2.258
10.63	2.258
10.66	2.303
10.70	2.281
10.48	3.160
10.49	3.204
10.44	3.182
10.47	3.182
10.48	3.271
10.48	3.227
10.47	3.182
10.48	3.160
10.48	3.182
10.41	3.160
10.49	2.268
10.48	2.224
10.41	2.224
10.47	2.224
10.47	2.224
10.44	2.179
10.42	2.201
10.42	2.246
10.44	2.246
10.47	2.201
10.46	2.268
10.45	2.313
10.45	2.268
10.41	2.246
10.50	2.357
10.45	2.001
10.50	1.978
10.49	1.934
10.44	2.001
10.44	1.978
10.39	1.978
10.45	1.934
10.44	1.867
10.44	1.889
10.40	1.889
9.51	-0.674
9.51	-0.674
9.50	-0.696
9.49	-0.718
9.49	-0.718
8.31	-4.128
8.29	-4.173
8.30	-4.150
8.29	-4.173
8.30	-4.150
7.40	-6.736
7.45	-6.758
7.45	-6.780
7.46	-6.713
7.46	-6.713
7.49	-6.557
7.50	-6.557
7.50	-6.535
7.47	-6.535
7.40	-6.513
7.44	-5.822
7.44	-5.822
7.40	-5.844
7.49	-5.844
7.49	-5.844
7.47	-5.933
7.41	-5.933
7.45	-5.911
7.44	-5.933
7.48	-5.956
5.80	-8.987
5.77	-8.942
5.79	-8.964
5.81	-8.920
5.85	-8.942
5.83	-8.184
5.82	-8.184
5.78	-8.206
5.79	-8.229
5.79	-8.229
4.57	-11.260
4.52	-11.215
4.55	-11.260
4.56	-11.237
4.58	-11.237
3.78	-13.043
3.81	-12.998
3.80	-13.020
3.79	-12.998
3.77	-12.998
3.02	-15.294
3.05	-15.316
3.00	-15.338
3.04	-15.271
3.01	-15.338
2.33	-17.522
2.31	-17.522
2.30	-17.522
2.24	-17.522
2.30	-17.522
1.68	-19.929
1.66	-19.907
1.66	-19.885
1.58	-19.907
1.64	-19.907
1.12	-22.180
1.12	-22.158
1.06	-22.113
1.10	-22.158
1.09	-22.113
1.05	-20.665
1.07	-20.687
1.04	-20.665
1.02	-20.687
1.00	-20.642
0.50	-23.562
0.50	-23.540
0.45	-23.607
0.51	-23.607
0.53	-23.607
-0.08	-26.392
-0.12	-26.415
-0.06	-26.392
-0.08	-26.370
-0.05	-26.437
-0.62	-29.022
-0.62	-29.022
-0.60	-29.000
-0.65	-28.978
-0.65	-28.955
-1.17	-31.340
-1.19	-31.318
-1.25	-31.362
-1.22	-31.318
-1.22	-31.340
-1.73	-33.613
-1.74	-33.569
-1.76	-33.591
-1.75	-33.546
-1.83	-33.591
-2.12	-35.463
-2.13	-35.463
-2.15	-35.463
-2.19	-35.463
-2.15	-35.441
-2.49	-36.778
-2.47	-36.822
-2.51	-36.800
-2.52	-36.800
-2.58	-36.800
-2.48	-36.109
-2.51	-35.998
-2.51	-36.020
-2.55	-36.042
-2.50	-36.042
-2.81	-38.137
-2.83	-38.182
-2.82	-38.160
-2.80	-38.182
-2.90	-38.160
-3.24	-40.344
-3.22	-40.366
-3.27	-40.321
-3.23	-40.321
-3.23	-40.344
-3.71	-42.394
-3.73	-42.416
-3.72	-42.372
-3.77	-42.416
-3.74	-42.372
-4.04	-43.976
-4.06	-43.976
-4.10	-43.976
-4.08	-43.976
-4.12	-43.954
-4.05	-42.528
-4.12	-42.528
-4.07	-42.528
-4.15	-42.506
-4.11	-42.506
-4.13	-42.260
-4.10	-42.260
-4.10	-42.283
-4.11	-42.283
-4.16	-42.260
-4.50	-45.626
-4.52	-45.626
-4.55	-45.693
-4.50	-45.648
-4.47	-45.648
-4.81	-47.119
-4.78	-47.119
-4.78	-47.119
-4.71	-47.074
-4.73	-47.119
-5.21	-49.281
-5.20	-49.281
-5.25	-49.303
-5.23	-49.258
-5.29	-49.236
-5.64	-51.197
-5.63	-51.242
-5.60	-51.197
-5.68	-51.175
-5.63	-51.175
-6.11	-53.515
-6.13	-53.493
-6.11	-53.493
-6.12	-53.471
-6.07	-53.448
-6.60	-55.721
-6.63	-55.677
-6.62	-55.677
-6.62	-55.677
-6.59	-55.677
-6.97	-57.371
-7.00	-57.371
-7.01	-57.348
-7.05	-57.348
-7.03	-57.326
-7.42	-59.265
-7.44	-59.310
-7.47	-59.310
-7.44	-59.243
-7.45	-59.243
-7.98	-62.051
-7.94	-62.073
-7.97	-62.006
-7.96	-62.095
-7.99	-61.984
-8.47	-64.124
-8.45	-64.079
-8.50	-64.057
-8.45	-64.079
-8.43	-64.079
-9.02	-65.193
-9.01	-65.216
-9.08	-65.216
-9.04	-65.238
-9.03	-65.193
-9.02	-64.079
-9.02	-64.124
-9.01	-64.124
-9.04	-64.057
-9.05	-64.079
-9.06	-63.388
-9.05	-63.388
-9.01	-63.410
-9.01	-63.410
-9.04	-63.410
-9.17	-65.951
-9.11	-65.973
-9.14	-65.973
-9.10	-65.973
-9.10	-65.951
-9.19	-63.995
-9.19	-63.973
-9.17	-63.995
-9.15	-63.951
-9.17	-63.995
-9.53	-68.319
-9.49	-68.341
-9.46	-68.341
-9.55	-68.319
-9.52	-68.341
-9.51	-67.026
-9.58	-67.049
-9.53	-67.026
-9.54	-67.026
-9.55	-67.026
-10.04	-70.726
-10.05	-70.748
-10.04	-70.748
-10.02	-70.770
-10.07	-70.748
-10.38	-72.910
-10.39	-72.843
-10.41	-72.910
-10.37	-72.865
-10.34	-72.888
-10.91	-75.406
-10.90	-75.406
-10.92	-75.384
-10.91	-75.362
-10.92	-75.362
-10.93	-73.690
-10.93	-73.668
-10.91	-73.712
-10.92	-73.712
-10.98	-73.668
-11.34	-76.766
-11.33	-76.721
-11.33	-76.743
-11.38	-76.721
-11.32	-76.743
-11.97	-79.373
-11.98	-79.329
-12.02	-79.351
-11.97	-79.329
-11.93	-79.329
-12.45	-81.178
-12.42	-81.201
-12.40	-81.178
-12.45	-81.201
-12.42	-81.134
-12.44	-79.819
-12.47	-79.819
-12.50	-79.841
-12.45	-79.797
-12.45	-79.863
-13.01	-83.652
-13.01	-83.652
-13.00	-83.630
-13.07	-83.608
-13.01	-83.630
-13.50	-85.747
-13.47	-85.725
-13.47	-85.702
-13.53	-85.725
-13.48	-85.702
-14.13	-88.577
-14.11	-88.555
-14.10	-88.511
-14.16	-88.488
-14.13	-88.511
-14.16	-85.212
-14.17	-85.212
-14.19	-85.168
-14.17	-85.212
-14.24	-85.190
-14.41	-88.020
-14.46	-88.020
-14.44	-88.020
-14.45	-87.998
-14.44	-88.043
-14.98	-91.185
-14.99	-91.230
-14.95	-91.207
-14.93	-91.163
-14.91	-91.140
-15.44	-93.057
-15.41	-93.012
-15.46	-93.012
-15.43	-92.968
-15.40	-92.990
-15.47	-91.386
-15.45	-91.452
-15.48	-91.408
-15.42	-91.408
-15.45	-91.408
-15.49	-90.873
-15.44	-90.895
-15.45	-90.918
-15.45	-90.895
-15.45	-90.895
-16.00	-94.483
-15.99	-94.461
-16.03	-94.506
-16.01	-94.439
-16.04	-94.483
-16.39	-95.865
-16.35	-95.887
-16.36	-95.865
-16.30	-95.865
-16.30	-95.865
-16.40	-94.394
-16.39	-94.372
-16.39	-94.350
-16.37	-94.327
-16.35	-94.372
-16.85	-96.801
-16.87	-96.801
-16.83	-96.823
-16.84	-96.801
-16.87	-96.823
-17.40	-99.453
-17.38	-99.453
-17.38	-99.453
-17.35	-99.431
-17.33	-99.386
-17.35	-97.225
-17.34	-97.202
-17.40	-97.202
-17.38	-97.158
-17.46	-97.180
-17.88	-100.412
-17.83	-100.389
-17.87	-100.367
-17.83	-100.412
-17.83	-100.412
-18.39	-102.083
-18.37	-102.061
-18.37	-102.083
-18.37	-102.061
-18.33	-102.061
-18.42	-99.921
-18.39	-99.966
-18.34	-99.966
-18.42	-99.944
-18.37	-99.944
-18.41	-99.275
-18.41	-99.230
-18.43	-99.253
-18.46	-99.275
-18.42	-99.275
-18.43	-99.208
-18.41	-99.208
-18.40	-99.208
-18.44	-99.208
-18.41	-99.208
-18.75	-103.064
-18.74	-103.064
-18.79	-103.041
-18.78	-102.997
-18.83	-103.041
-18.79	-101.125
-18.84	-101.125
-18.84	-101.125
-18.87	-101.103
-18.81	-101.103
-19.23	-103.755
-19.17	-103.732
-19.17	-103.755
-19.16	-103.732
-19.17	-103.755
-19.68	-105.560
-19.72	-105.560
-19.72	-105.515
-19.73	-105.515
-19.71	-105.538
-19.78	-103.465
-19.77	-103.509
-19.77	-103.487
-19.77	-103.443
-19.74	-103.487
-19.80	-101.459
-19.76	-101.504
-19.77	-101.504
-19.86	-101.481
-19.82	-101.526
-19.82	-99.874
-19.82	-99.829
-19.87	-99.851
-19.86	-99.851
-19.84	-99.762
-19.83	-99.785
-19.84	-99.829
-19.86	-99.829
-19.82	-99.785
-19.85	-99.762
-19.75	-93.789
-19.74	-93.812
-19.76	-93.789
-19.74	-93.856
-19.73	-93.812
-19.51	-89.466
-19.45	-89.399
-19.44	-89.399
-19.46	-89.399
-19.48	-89.399
-19.50	-89.711
-19.48	-89.711
-19.45	-89.756
-19.48	-89.733
-19.46	-89.756
-19.45	-90.246
-19.54	-90.268
-19.49	-90.290
-19.51	-90.246
-19.47	-90.268
-18.98	-82.624
-19.04	-82.602
-19.03	-82.579
-19.04	-82.624
-18.99	-82.602
-18.76	-78.590
-18.70	-78.657
-18.74	-78.635
-18.69	-78.612
-18.67	-78.635
-18.72	-79.281
-18.68	-79.281
-18.68	-79.281
-18.69	-79.236
-18.70	-79.281
-18.23	-72.394
-18.22	-72.394
-18.29	-72.394
-18.25	-72.394
-18.24	-72.417
-17.83	-67.358
-17.83	-67.313
-17.88	-67.358
-17.85	-67.313
-17.85	-67.335
-17.78	-68.472
-17.77	-68.450
-17.77	-68.494
-17.77	-68.539
-17.81	-68.561
-17.78	-68.450
-17.77	-68.427
-17.80	-68.427
-17.76	-68.427
-17.81	-68.472
-17.82	-68.806
-17.83	-68.806
-17.81	-68.828
-17.75	-68.806
-17.76	-68.806
-17.13	-59.780
-17.15	-59.869
-17.16	-59.825
-17.21	-59.825
-17.21	-59.847
-17.15	-60.805
-17.14	-60.805
-17.10	-60.805
-17.12	-60.828
-17.21	-60.805
-16.64	-54.097
-16.64	-54.208
-16.63	-54.186
-16.64	-54.298
-16.60	-54.275
-16.32	-50.732
-16.34	-50.776
-16.37	-50.754
-16.29	-50.754
-16.29	-50.776
-16.29	-51.200
-16.28	-51.178
-16.30	-51.178
-16.26	-51.200
-16.32	-51.200
-15.75	-44.581
-15.74	-44.558
-15.73	-44.581
-15.71	-44.581
-15.68	-44.581
-15.69	-45.584
-15.68	-45.584
-15.73	-45.561
-15.73	-45.584
-15.75	-45.606
-15.67	-45.987
-15.71	-46.009
-15.69	-45.987
-15.69	-46.009
-15.67	-45.987
-15.66	-46.477
-15.67	-46.500
-15.71	-46.500
-15.68	-46.522
-15.74	-46.522
-15.07	-39.056
-15.08	-39.078
-15.12	-39.056
-15.13	-39.100
-15.13	-39.123
-14.52	-33.462
-14.53	-33.484
-14.54	-33.462
-14.54	-33.506
-14.53	-33.506
-14.51	-34.287
-14.47	-34.242
-14.54	-34.264
-14.50	-34.242
-14.52	-34.242
-13.83	-27.801
-13.89	-27.823
-13.86	-27.823
-13.90	-27.823
-13.85	-27.823
-13.24	-22.898
-13.21	-22.898
-13.23	-22.920
-13.22	-22.898
-13.28	-22.898
-13.23	-23.745
-13.19	-23.745
-13.25	-23.790
-13.22	-23.790
-13.27	-23.790
-12.58	-17.973
-12.57	-17.995
-12.57	-17.973
-12.53	-17.995
-12.56	-18.040
-12.52	-18.574
-12.59	-18.552
-12.58	-18.530
-12.59	-18.552
-12.56	-18.552
-12.52	-18.797
-12.57	-18.820
-12.56	-18.842
-12.56	-18.886
-12.54	-18.842
-11.77	-12.713
-11.86	-12.691
-11.85	-12.713
-11.89	-12.691
-11.81	-12.735
-11.23	-9.526
-11.22	-9.482
-11.18	-9.526
-11.21	-9.504
-11.22	-9.482
-10.67	-6.919
-10.72	-6.941
-10.74	-6.963
-10.77	-6.941
-10.68	-6.941
-10.69	-7.498
-10.73	-7.520
-10.69	-7.476
-10.71	-7.476
-10.68	-7.520
-10.71	-7.899
-10.68	-7.944
-10.65	-7.921
-10.69	-7.921
-10.68	-7.921
-10.67	-8.055
-10.71	-8.055
-10.69	-8.055
-10.68	-8.100
-10.65	-8.100
-9.09	-3.286
-9.11	-3.353
-9.09	-3.308
-9.09	-3.286
-9.11	-3.353
-7.94	0.235
-7.94	0.235
-7.96	0.191
-7.94	0.258
-7.94	0.235
-7.50	1.595
-7.44	1.550
-7.45	1.573
-7.48	1.595
-7.48	1.639
-7.47	1.372
-7.49	1.372
-7.44	1.350
-7.43	1.350
-7.43	1.350
-7.44	1.368
-7.39	1.390
-7.37	1.324
-7.38	1.390
-7.39	1.368
-7.02	2.371
-7.01	2.416
-7.04	2.416
-6.97	2.393
-7.00	2.416
-5.39	4.377
-5.35	4.377
-5.37	4.377
-5.34	4.355
-5.32	4.377
-5.39	3.708
-5.34	3.686
-5.35	3.686
-5.33	3.664
-5.34	3.641
-3.59	7.073
-3.58	7.051
-3.62	6.984
-3.53	7.007
-3.53	7.051
-2.68	8.834
-2.76	8.856
-2.73	8.812
-2.73	8.879
-2.67	8.834
-1.93	11.152
-1.91	11.107
-1.94	11.130
-1.98	11.152
-1.95	11.063
-1.17	13.069
-1.15	13.024
-1.20	13.024
-1.16	13.024
-1.16	13.002
-0.61	15.074
-0.71	15.074
-0.71	15.097
-0.70	15.074
-0.65	15.074
0.01	18.284
0.04	18.239
0.11	18.194
0.07	18.172
0.06	18.194
0.60	20.334
0.63	20.379
0.65	20.379
0.59	20.356
0.64	20.356
1.02	22.117
1.02	22.139
1.06	22.139
1.06	22.139
1.06	22.139
1.12	20.713
1.03	20.713
1.03	20.691
1.02	20.713
1.09	20.691
1.52	24.234
1.58	24.190
1.59	24.212
1.60	24.212
1.61	24.212
2.14	27.109
2.16	27.109
2.17	27.065
2.20	27.020
2.12	27.042
2.57	29.204
2.63	29.182
2.63	29.182
2.64	29.226
2.66	29.159
3.07	31.054
3.10	30.987
3.06	31.032
2.97	31.032
3.02	30.965
3.60	33.862
3.61	33.795
3.59	33.751
3.64	33.795
3.63	33.840
4.08	36.091
4.16	36.091
4.20	35.979
4.22	36.024
4.19	35.979
4.65	39.010
4.62	38.988
4.69	38.943
4.66	38.921
4.70	38.899
5.17	40.905
5.12	40.927
5.11	40.860
5.07	40.882
5.03	40.793
5.13	40.013
5.07	39.968
5.08	40.013
5.06	40.013
5.14	39.968
5.56	42.888
5.50	42.821
5.45	42.843
5.43	42.821
5.45	42.777
5.93	44.894
5.94	44.916
5.93	44.938
5.89	44.872
5.91	44.849
5.96	43.378
5.93	43.356
5.97	43.378
5.94	43.378
5.98	43.356
5.96	43.155
6.00	43.133
5.96	43.111
5.99	43.111
5.96	43.089
6.34	46.900
6.37	46.922
6.39	46.922
6.40	46.877
6.39	46.989
6.81	49.262
6.84	49.240
6.79	49.240
6.80	49.240
6.73	49.217
7.13	50.621
7.07	50.644
7.07	50.644
7.06	50.621
7.13	50.621
7.70	53.964
7.74	53.964
7.69	53.942
7.76	53.853
7.75	53.920
8.20	56.438
8.21	56.438
8.19	56.416
8.22	56.416
8.24	56.438
8.69	58.444
8.58	58.466
8.67	58.444
8.66	58.466
8.70	58.377
9.04	60.561
8.99	60.517
9.06	60.494
9.08	60.405
9.11	60.428
9.48	61.609
9.41	61.564
9.47	61.542
9.48	61.520
9.50	61.542
9.51	60.806
9.50	60.762
9.45	60.784
9.46	60.829
9.42	60.784
9.92	64.439
9.92	64.372
9.87	64.350
10.02	64.372
10.00	64.328
10.20	65.732
10.27	65.687
10.31	65.687
10.35	65.709
10.31	65.687
10.55	66.757
10.52	66.712
10.50	66.712
10.53	66.712
10.53	66.690
10.66	63.681
10.64	63.659
10.56	63.659
10.57	63.726
10.53	63.704
10.59	63.570
10.56	63.481
10.61	63.503
10.60	63.503
10.66	63.481
11.04	68.785
10.99	68.830
10.97	68.763
10.93	68.807
10.99	68.807
11.29	70.323
11.34	70.278
11.36	70.301
11.31	70.301
11.29	70.301
11.78	72.663
11.77	72.663
11.79	72.551
11.83	72.618
11.78	72.551
11.77	71.125
11.80	71.170
11.75	71.147
11.84	71.170
11.81	71.103
12.27	74.802
12.29	74.825
12.28	74.736
12.38	74.758
12.35	74.736
13.00	77.477
12.98	77.477
12.92	77.477
12.92	77.499
12.86	77.455
12.97	76.518
12.93	76.518
12.98	76.518
12.93	76.496
12.97	76.518
13.33	79.527
13.28	79.527
13.33	79.549
13.32	79.527
13.40	79.527
13.95	82.090
13.95	82.046
13.85	82.001
13.86	82.001
13.84	82.023
13.97	80.263
13.92	80.285
13.92	80.285
13.86	80.263
13.95	80.263
14.56	84.274
14.52	84.297
14.46	84.274
14.45	84.297
14.39	84.252
15.10	86.882
15.08	86.837
15.02	86.837
15.10	86.793
15.09	86.793
15.73	89.088
15.69	88.999
15.68	89.021
15.60	88.954
15.68	88.888
15.70	86.592
15.67	86.614
15.71	86.614
15.73	86.703
15.76	86.637
15.72	85.790
15.80	85.790
15.79	85.767
15.83	85.790
15.79	85.834
16.33	91.763
16.36	91.763
16.30	91.740
16.35	91.718
16.34	91.673
16.37	89.177
16.37	89.155
16.34	89.177
16.42	89.155
16.46	89.155
16.77	91.919
16.79	91.919
16.79	91.896
16.72	91.874
16.69	91.874
17.36	94.259
17.39	94.259
17.34	94.259
17.32	94.192
17.26	94.214
17.69	95.373
17.73	95.395
17.75	95.351
17.70	95.418
17.65	95.351
17.67	94.058
17.71	94.058
17.68	94.036
17.73	94.058
17.74	94.036
17.75	93.635
17.71	93.635
17.76	93.657
17.75	93.612
17.74	93.612
18.19	97.267
18.20	97.267
18.28	97.245
18.29	97.267
18.33	97.178
18.81	98.783
18.84	98.760
18.76	98.760
18.79	98.716
18.75	98.716
18.85	96.532
18.84	96.554
18.78	96.576
18.81	96.576
18.79	96.532
19.17	98.939
19.17	98.939
19.12	98.939
19.12	98.961
19.07	98.961
19.63	100.499
19.60	100.499
19.62	100.499
19.56	100.477
19.63	100.477
19.64	98.805
19.65	98.850
19.62	98.805
19.59	98.850
19.65	98.805
20.20	101.858
20.16	101.814
20.13	101.814
20.20	101.814
20.19	101.814
20.25	99.028
20.24	99.006
20.25	98.983
20.26	98.983
20.27	99.006
20.34	95.642
20.38	95.642
20.36	95.687
20.30	95.687
20.33	95.620
20.27	95.464
20.28	95.441
20.36	95.441
20.34	95.441
20.31	95.464
20.17	89.803
20.13	89.803
20.19	89.781
20.19	89.870
20.19	89.825
20.19	89.937
20.21	89.892
20.18	89.914
20.10	89.937
20.14	89.914
19.81	83.117
19.76	83.184
19.76	83.162
19.74	83.095
19.84	83.139
19.82	83.696
19.83	83.674
19.79	83.696
19.82	83.696
19.79	83.696
19.41	77.813
19.38	77.835
19.46	77.880
19.45	77.835
19.42	77.857
19.11	73.110
19.06	73.043
19.01	73.110
19.01	73.133
19.03	73.110
19.03	73.757
19.04	73.779
19.01	73.734
19.08	73.779
19.09	73.734
19.05	74.002
19.02	74.002
18.97	74.002
19.04	74.002
19.07	74.024
18.56	66.357
18.55	66.447
18.57	66.424
18.56	66.447
18.50	66.424
18.49	67.093
18.58	67.071
18.61	67.115
18.62	67.004
18.59	67.071
18.09	60.407
18.04	60.385
18.03	60.429
18.00	60.385
18.12	60.429
17.75	55.860
17.65	55.794
17.66	55.838
17.71	55.838
17.73	55.816
17.64	56.529
17.66	56.529
17.63	56.551
17.71	56.507
17.71	56.529
17.42	52.339
17.42	52.384
17.37	52.317
17.34	52.339
17.32	52.317
17.08	49.152
17.04	49.197
17.10	49.197
17.11	49.241
17.08	49.175
16.69	44.962
16.73	44.962
16.72	44.985
16.69	44.962
16.71	44.985
16.69	45.787
16.70	45.787
16.66	45.787
16.69	45.809
16.69	45.809
16.70	46.500
16.61	46.455
16.65	46.500
16.72	46.500
16.73	46.500
16.24	40.972
16.27	41.017
16.34	40.950
16.31	40.995
16.21	40.972
15.94	36.872
15.92	36.939
15.97	36.894
15.94	36.872
15.90	36.849
15.92	37.674
15.95	37.674
15.86	37.741
15.93	37.696
15.90	37.674
15.59	33.551
15.59	33.573
15.51	33.551
15.51	33.551
15.54	33.551
15.12	29.250
15.13	29.294
15.14	29.272
15.11	29.227
15.03	29.250
14.49	24.347
14.55	24.369
14.58	24.436
14.62	24.391
14.58	24.414
14.24	22.163
14.30	22.185
14.28	22.229
14.26	22.229
14.24	22.252
14.29	22.742
14.26	22.809
14.23	22.764
14.25	22.764
14.28	22.742
14.31	23.188
14.25	23.210
14.20	23.121
14.25	23.166
14.29	23.188
14.21	23.255
14.17	23.299
14.27	23.255
14.28	23.232
14.21	23.232
13.61	16.613
13.58	16.569
13.53	16.591
13.50	16.636
13.60	16.658
12.84	11.799
12.91	11.822
12.94	11.844
12.96	11.822
12.87	11.844
12.91	12.334
12.80	12.334
12.89	12.379
12.91	12.312
12.89	12.446
12.20	7.387
12.10	7.431
12.15	7.387
12.17	7.387
12.11	7.387
11.38	3.865
11.47	3.888
11.44	3.888
11.42	3.865
11.47	3.865
11.44	4.400
11.46	4.378
11.42	4.422
11.44	4.400
11.42	4.422
11.07	2.372
11.08	2.394
11.13	2.394
11.11	2.394
11.03	2.394
11.02	3.464
11.14	3.442
11.14	3.486
11.05	3.464
11.07	3.486
11.02	4.467
11.09	4.467
11.09	4.467
11.01	4.489
11.04	4.467
10.95	2.172
10.87	2.172
10.94	2.194
10.99	2.149
10.94	2.127
10.90	1.949
10.91	1.904
10.87	1.926
10.84	1.926
10.91	1.949
10.84	2.952
10.90	2.929
10.91	2.952
10.94	2.929
10.91	2.907
10.89	3.375
10.82	3.375
10.86	3.397
10.85	3.375
10.87	3.375
10.78	3.224
10.83	3.246
10.79	3.246
10.74	3.224
10.80	3.246
10.76	3.402
10.83	3.380
10.80	3.447
10.71	3.380
10.81	3.425
10.79	3.332
10.73	3.354
10.83	3.332
10.82	3.354
10.76	3.376
10.78	2.507
10.71	2.529
10.70	2.552
10.72	2.507
10.75	2.462
9.92	0.078
9.93	0.122
9.93	0.100
9.92	0.078
9.93	0.100
7.71	-6.252
7.74	-6.252
7.68	-6.229
7.68	-6.252
7.69	-6.207
7.65	-5.895
7.58	-5.851
7.68	-5.851
7.71	-5.851
7.63	-5.895
5.82	-8.792
5.76	-8.792
5.81	-8.770
5.80	-8.770
5.83	-8.770
4.53	-11.132
4.43	-11.132
4.48	-11.155
4.46	-11.088
4.41	-11.088
4.42	-10.219
4.48	-10.219
4.47	-10.196
4.42	-10.241
4.45	-10.241
3.32	-13.629
3.31	-13.606
3.37	-13.673
3.33	-13.629
3.27	-13.584
2.67	-15.567
2.61	-15.545
2.61	-15.590
2.60	-15.501
2.62	-15.545
1.92	-18.041
1.90	-18.108
1.85	-18.019
1.90	-18.108
1.91	-18.041
1.31	-19.891
1.29	-19.936
1.28	-19.913
1.31	-19.958
1.32	-19.913
0.78	-21.719
0.75	-21.719
0.70	-21.741
0.72	-21.741
0.72	-21.741
0.71	-20.738
0.72	-20.783
0.71	-20.738
0.70	-20.738
0.74	-20.783
0.71	-20.493
0.67	-20.471
0.76	-20.493
0.78	-20.493
0.63	-20.448
0.68	-20.270
0.70	-20.337
0.71	-20.314
0.69	-20.270
0.70	-20.314
-0.05	-25.039
0.02	-24.995
-0.01	-24.972
-0.03	-24.950
-0.04	-24.950
-0.49	-26.911
-0.48	-26.956
-0.57	-26.867
-0.46	-26.889
-0.45	-26.867
-1.14	-29.541
-1.07	-29.519
-1.05	-29.519
-1.12	-29.541
-1.10	-29.519
-1.56	-31.235
-1.51	-31.235
-1.52	-31.213
-1.56	-31.213
-1.46	-31.190
-1.98	-32.973
-1.97	-32.951
-1.92	-32.951
-1.92	-32.906
-1.97	-32.929
-2.56	-35.559
-2.53	-35.559
-2.51	-35.536
-2.53	-35.536
-2.48	-35.536
-3.03	-38.188
-3.13	-38.144
-3.11	-38.099
-3.05	-38.099
-3.09	-38.099
-3.49	-39.994
-3.49	-39.927
-3.53	-39.949
-3.43	-39.949
-3.47	-39.882
-3.99	-42.311
-3.98	-42.311
-3.98	-42.289
-3.98	-42.267
-3.97	-42.289
-4.52	-44.607
-4.54	-44.562
-4.49	-44.585
-4.49	-44.540
-4.52	-44.562
-4.55	-42.802
-4.52	-42.802
-4.52	-42.779
-4.57	-42.802
-4.46	-42.802
-5.04	-46.858
-5.09	-46.858
-5.04	-46.813
-5.06	-46.836
-5.06	-46.813
-5.59	-49.354
-5.52	-49.376
-5.51	-49.332
-5.57	-49.376
-5.55	-49.332
-6.00	-51.694
-6.06	-51.716
-6.00	-51.672
-5.99	-51.649
-6.05	-51.649
-6.42	-53.588
-6.46	-53.588
-6.45	-53.544
-6.42	-53.544
-6.52	-53.544
-6.87	-55.327
-6.85	-55.327
-6.84	-55.327
-6.83	-55.282
-6.88	-55.282
-7.31	-57.533
-7.37	-57.533
-7.30	-57.511
-7.29	-57.466
-7.35	-57.489
-7.71	-59.316
-7.75	-59.249
-7.72	-59.271
-7.68	-59.271
-7.70	-59.294
-8.27	-62.213
-8.27	-62.191
-8.27	-62.146
-8.28	-62.124
-8.27	-62.124
-8.76	-64.420
-8.74	-64.397
-8.77	-64.420
-8.81	-64.397
-8.76	-64.397
-9.27	-66.626
-9.31	-66.648
-9.30	-66.626
-9.29	-66.604
-9.29	-66.581
-9.34	-63.372
-9.33	-63.328
-9.31	-63.350
-9.32	-63.350
-9.38	-63.306
-9.76	-68.744
-9.85	-68.721
-9.84	-68.744
-9.83	-68.699
-9.79	-68.721
-10.29	-71.150
-10.29	-71.195
-10.28	-71.128
-10.28	-71.173
-10.24	-71.106
-10.69	-73.491
-10.72	-73.468
-10.75	-73.468
-10.77	-73.468
-10.72	-73.446
-10.78	-71.128
-10.75	-71.150
-10.74	-71.195
-10.78	-71.128
-10.83	-71.128
-11.25	-75.519
-11.26	-75.496
-11.34	-75.496
-11.28	-75.452
-11.24	-75.429
-11.87	-77.859
-11.83	-77.836
-11.82	-77.881
-11.84	-77.836
-11.84	-77.836
-12.34	-80.489
-12.37	-80.489
-12.37	-80.444
-12.32	-80.466
-12.32	-80.422
-12.79	-81.737
-12.77	-81.714
-12.77	-81.737
-12.74	-81.737
-12.77	-81.714
-12.74	-79.664
-12.83	-79.686
-12.80	-79.709
-12.80	-79.686
-12.75	-79.664
-13.47	-84.411
-13.39	-84.389
-13.46	-84.366
-13.42	-84.366
-13.43	-84.389
-13.93	-86.350
-13.93	-86.350
-13.93	-86.350
-13.90	-86.328
-13.92	-86.328
-14.45	-87.955
-14.37	-87.932
-14.35	-87.910
-14.41	-87.888
-14.44	-87.955
-14.47	-85.837
-14.41	-85.837
-14.40	-85.837
-14.46	-85.837
-14.45	-85.837
-14.43	-84.990
-14.43	-84.990
-14.43	-85.013
-14.48	-84.990
-14.45	-84.990
-14.84	-88.445
-14.87	-88.467
-14.87	-88.445
-14.84	-88.400
-14.84	-88.423
-15.35	-91.587
-15.34	-91.587
-15.32	-91.565
-15.34	-91.587
-15.34	-91.543
-15.34	-89.604
-15.33	-89.581
-15.39	-89.581
-15.34	-89.604
-15.36	-89.581
-15.86	-93.214
-15.86	-93.147
-15.87	-93.147
-15.85	-93.170
-15.86	-93.170
-16.42	-94.173
-16.44	-94.173
-16.42	-94.239
-16.36	-94.150
-16.39	-94.173
-16.88	-97.114
-16.85	-97.070
-16.82	-97.070
-16.89	-97.092
-16.87	-97.070
-16.94	-94.373
-16.87	-94.373
-16.89	-94.395
-16.92	-94.373
-16.94	-94.373
-17.36	-97.694
-17.35	-97.716
-17.35	-97.694
-17.34	-97.738
-17.33	-97.694
-17.88	-99.477
-17.78	-99.477
-17.76	-99.454
-17.82	-99.410
-17.83	-99.477
-17.82	-97.337
-17.82	-97.337
-17.89	-97.359
-17.85	-97.315
-17.80	-97.359
-18.32	-100.613
-18.34	-100.613
-18.30	-100.591
-18.29	-100.569
-18.33	-100.591
-18.79	-101.861
-18.74	-101.861
-18.78	-101.861
-18.82	-101.839
-18.83	-101.839
-18.79	-99.700
-18.78	-99.722
-18.85	-99.677
-18.79	-99.744
-18.80	-99.677
-19.21	-103.288
-19.26	-103.288
-19.25	-103.243
-19.26	-103.265
-19.26	-103.221
-19.68	-104.313
-19.66	-104.313
-19.63	-104.246
-19.66	-104.268
-19.65	-104.246
-19.72	-101.572
-19.68	-101.549
-19.68	-101.549
-19.70	-101.527
-19.75	-101.527
-19.73	-98.876
-19.78	-98.853
-19.77	-98.831
-19.80	-98.853
-19.76	-98.853
-19.74	-93.839
-19.79	-93.839
-19.77	-93.816
-19.69	-93.839
-19.73	-93.861
-19.51	-89.203
-19.49	-89.248
-19.41	-89.225
-19.45	-89.203
-19.46	-89.248
-19.40	-90.072
-19.47	-90.095
-19.47	-90.028
-19.40	-90.117
-19.41	-90.050
-19.46	-90.117
-19.43	-90.139
-19.42	-90.139
-19.48	-90.117
-19.39	-90.161
-18.96	-82.227
-19.00	-82.227
-18.98	-82.272
-18.92	-82.227
-18.95	-82.227
-18.68	-78.951
-18.69	-78.929
-18.70	-78.951
-18.71	-78.929
-18.65	-78.974
-18.25	-71.842
-18.21	-71.886
-18.19	-71.842
-18.21	-71.886
-18.25	-71.886
-18.18	-73.892
-18.15	-73.870
-18.20	-73.892
-18.15	-73.892
-18.20	-73.915
-17.67	-65.802
-17.71	-65.758
-17.69	-65.780
-17.67	-65.780
-17.71	-65.735
-17.70	-66.515
-17.63	-66.515
-17.65	-66.538
-17.73	-66.515
-17.71	-66.493
-17.16	-60.632
-17.20	-60.609
-17.25	-60.632
-17.22	-60.609
-17.17	-60.632
-16.84	-55.528
-16.81	-55.528
-16.79	-55.550
-16.76	-55.573
-16.78	-55.573
-16.28	-49.845
-16.26	-49.845
-16.23	-49.867
-16.31	-49.867
-16.26	-49.845
-16.25	-51.316
-16.22	-51.338
-16.25	-51.361
-16.23	-51.294
-16.22	-51.338
-15.64	-43.538
-15.62	-43.538
-15.58	-43.516
-15.57	-43.493
-15.60	-43.560
-15.65	-44.006
-15.63	-43.961
-15.59	-44.051
-15.60	-43.984
-15.57	-44.028
-15.59	-44.407
-15.61	-44.407
-15.56	-44.429
-15.54	-44.429
-15.62	-44.452
-15.61	-45.032
-15.59	-45.010
-15.55	-44.988
-15.60	-44.965
-15.61	-45.010
-15.02	-38.235
-15.02	-38.213
-15.03	-38.257
-15.02	-38.279
-14.99	-38.279
-14.58	-33.911
-14.54	-33.867
-14.59	-33.911
-14.57	-33.934
-14.55	-33.956
-13.90	-28.072
-13.90	-28.028
-13.89	-28.005
-13.90	-28.028
-13.93	-28.050
-13.88	-29.231
-13.90	-29.187
-13.88	-29.231
-13.90	-29.231
-13.86	-29.209
-13.29	-23.147
-13.32	-23.147
-13.30	-23.102
-13.28	-23.125
-13.31	-23.169
-13.27	-24.061
-13.31	-24.083
-13.26	-24.061
-13.24	-24.083
-13.35	-24.083
-12.61	-18.222
-12.57	-18.266
-12.65	-18.266
-12.65	-18.288
-12.61	-18.244
-12.07	-14.344
-12.04	-14.344
-12.05	-14.366
-12.07	-14.366
-12.10	-14.388
-11.30	-10.065
-11.33	-10.065
-11.38	-10.042
-11.33	-10.087
-11.29	-10.087
-11.32	-10.912
-11.27	-10.912
-11.29	-10.978
-11.32	-10.912
-11.36	-10.956
-10.71	-7.034
-10.63	-7.034
-10.64	-7.056
-10.71	-7.078
-10.67	-7.034
-10.63	-7.725
-10.67	-7.747
-10.65	-7.725
-10.64	-7.725
-10.65	-7.725
-9.51	-4.248
-9.51	-4.248
-9.51	-4.248
-9.52	-4.292
-9.52	-4.270
-8.08	0.098
-8.09	0.076
-8.09	0.076
-8.09	0.053
-8.09	0.053
-8.38	-0.816
-8.38	-0.816
-8.37	-0.793
-8.38	-0.816
-8.38	-0.816
-7.42	2.104
-7.49	2.104
-7.41	2.104
-7.44	2.015
-7.48	2.104
-7.44	1.480
-7.39	1.502
-7.41	1.502
-7.47	1.458
-7.45	1.458
-7.37	1.328
-7.43	1.328
-7.39	1.328
-7.43	1.373
-7.39	1.373
-6.63	2.643
-6.70	2.665
-6.70	2.665
-6.73	2.665
-6.70	2.687
-6.75	2.442
-6.67	2.465
-6.65	2.442
-6.68	2.442
-6.70	2.465
-6.66	1.796
-6.67	1.841
-6.70	1.774
-6.65	1.751
-6.65	1.796
-6.62	2.598
-6.61	2.621
-6.65	2.598
-6.62	2.621
-6.62	2.621
-6.47	2.910
-6.53	2.933
-6.53	2.933
-6.54	2.910
-6.51	2.910
-6.18	3.049
-6.17	3.049
-6.26	3.005
-6.18	3.005
-6.16	3.005
-6.20	3.027
-6.15	3.138
-6.17	3.049
-6.14	3.138
-6.19	3.071
-6.05	1.311
-6.06	1.378
-6.02	1.333
-6.00	1.400
-6.07	1.311
-6.09	1.422
-6.03	1.422
-5.98	1.355
-6.09	1.355
-6.04	1.333
-6.05	1.333
-6.05	1.288
-6.01	1.311
-6.04	1.333
-6.00	1.400
-6.12	1.288
-6.11	1.266
-6.09	1.266
-6.06	1.266
-6.12	1.266
-6.14	1.288
-6.09	1.244
-6.14	1.288
-6.08	1.266
-6.05	1.244
-5.30	3.606
-5.31	3.606
-5.31	3.606
-5.40	3.606
-5.36	3.629
-4.88	4.342
-4.95	4.297
-4.87	4.342
-4.91	4.297
-4.95	4.342
-4.90	3.985
-4.93	3.963
-4.90	3.985
-4.92	3.941
-4.89	3.941
-4.05	5.679
-4.07	5.634
-4.02	5.701
-4.06	5.657
-4.14	5.634
-3.52	6.548
-3.53	6.548
-3.59	6.526
-3.57	6.570
-3.56	6.570
-3.54	6.258
-3.58	6.281
-3.52	6.303
-3.55	6.281
-3.57	6.258
-2.96	7.796
-2.91	7.774
-2.90	7.774
-2.99	7.752
-2.90	7.774
-2.47	8.799
-2.47	8.777
-2.52	8.799
-2.49	8.754
-2.49	8.799
-2.49	8.376
-2.52	8.309
-2.51	8.376
-2.45	8.353
-2.50	8.353
-1.66	11.340
-1.53	11.317
-1.57	11.295
-1.66	11.317
-1.60	11.295
-1.61	10.471
-1.62	10.471
-1.57	10.493
-1.55	10.493
-1.58	10.404
-0.92	13.345
-0.86	13.345
-0.84	13.323
-0.90	13.345
-0.87	13.345
-0.20	15.775
-0.20	15.708
-0.17	15.708
-0.16	15.686
-0.26	15.708
-0.13	14.794
-0.20	14.727
-0.17	14.816
-0.13	14.794
-0.23	14.816
-0.18	14.482
-0.18	14.504
-0.14	14.527
-0.20	14.549
-0.12	14.527
0.40	17.937
0.46	17.937
0.47	17.937
0.42	17.937
0.41	17.914
0.99	20.254
1.04	20.254
1.00	20.232
1.03	20.232
1.05	20.210
1.49	22.394
1.46	22.305
1.49	22.349
1.51	22.282
1.44	22.305
1.47	21.057
1.52	21.057
1.51	21.057
1.53	21.101
1.54	21.034
2.20	25.068
2.11	25.091
2.16	25.024
2.18	25.068
2.13	25.068
2.46	26.539
2.55	26.495
2.53	26.495
2.47	26.539
2.53	26.539
3.12	29.214
3.04	29.169
3.10	29.124
3.11	29.169
3.07	29.124
3.09	27.921
3.16	27.832
3.11	27.921
3.13	27.899
3.12	27.921
3.54	31.197
3.64	31.219
3.56	31.197
3.51	31.175
3.61	31.152
4.09	33.916
4.15	33.849
4.14	33.894
4.06	33.916
4.13	33.827
4.50	35.632
4.43	35.565
4.55	35.588
4.53	35.588
4.46	35.588
5.06	38.306
5.00	38.284
4.99	38.284
5.06	38.240
5.03	38.240
5.45	40.624
5.53	40.513
5.47	40.535
5.43	40.513
5.50	40.491
5.51	39.309
5.44	39.376
5.49	39.332
5.55	39.354
5.48	39.376
5.81	41.471
5.84	41.516
5.89	41.471
5.84	41.427
5.86	41.471
6.32	44.859
6.25	44.836
6.35	44.836
6.37	44.859
6.29	44.770
6.35	42.162
6.36	42.184
6.39	42.140
6.41	42.140
6.36	42.184
6.34	42.006
6.34	42.117
6.39	42.073
6.38	42.095
6.35	42.051
6.45	41.828
6.44	41.828
6.35	41.872
6.35	41.828
6.41	41.828
6.66	45.505
6.66	45.572
6.63	45.550
6.67	45.483
6.65	45.527
6.82	46.887
6.84	46.887
6.88	46.931
6.88	46.865
6.85	46.865
7.26	49.361
7.21	49.361
7.28	49.427
7.33	49.338
7.23	49.361
7.52	50.586
7.60	50.631
7.55	50.542
7.49	50.564
7.63	50.520
8.02	53.439
8.14	53.394
8.16	53.417
8.05	53.417
8.14	53.394
8.18	52.414
8.05	52.436
8.15	52.436
8.20	52.436
8.13	52.369
8.35	53.796
8.24	53.818
8.27	53.729
8.32	53.818
8.28	53.773
8.64	55.623
8.52	55.623
8.60	55.623
8.66	55.601
8.59	55.601
9.04	57.852
8.99	57.874
9.02	57.941
9.00	57.941
8.99	57.874
9.49	59.724
9.43	59.746
9.40	59.679
9.51	59.702
9.46	59.679
9.97	62.198
9.94	62.175
9.96	62.220
9.97	62.153
9.91	62.109
10.43	63.981
10.46	63.958
10.42	63.958
10.38	63.958
10.42	63.958
10.94	66.454
10.95	66.477
10.92	66.454
10.91	66.454
10.99	66.432
10.93	63.060
11.03	63.037
11.07	63.037
11.01	63.060
10.98	63.037
11.00	62.837
11.04	62.904
11.01	62.837
11.01	62.814
10.99	62.792
11.41	68.631
11.48	68.542
11.48	68.631
11.44	68.631
11.48	68.587
11.98	71.350
11.94	71.373
11.93	71.306
12.01	71.306
12.01	71.283
12.00	69.857
12.00	69.879
11.95	69.857
11.95	69.879
12.01	69.835
12.50	73.913
12.48	73.935
12.62	73.891
12.57	73.913
12.45	73.846
13.06	76.900
13.12	76.855
13.09	76.810
13.02	76.833
13.10	76.766
13.61	78.482
13.61	78.527
13.47	78.482
13.54	78.504
13.60	78.460
14.11	80.243
14.04	80.287
14.10	80.287
14.07	80.243
14.03	80.287
14.08	78.772
14.11	78.816
14.17	78.727
14.07	78.749
14.03	78.683
14.12	78.125
14.06	78.103
14.13	78.125
14.13	78.148
14.08	78.081
14.31	81.067
14.33	81.089
14.42	81.067
14.35	81.067
14.30	81.067
14.84	83.608
14.88	83.630
14.85	83.630
14.81	83.608
14.82	83.563
15.55	86.305
15.54	86.238
15.51	86.260
15.55	86.193
15.53	86.215
15.99	88.333
15.93	88.310
16.08	88.266
16.08	88.266
15.96	88.177
16.12	85.680
15.99	85.703
16.05	85.680
16.10	85.725
16.04	85.725
16.14	84.967
16.09	84.923
16.06	84.990
16.12	84.923
16.14	84.923
16.58	90.071
16.50	90.004
16.51	90.049
16.58	90.004
16.59	89.960
16.64	88.845
16.53	88.801
16.58	88.823
16.64	88.890
16.59	88.823
17.03	91.475
17.01	91.453
16.99	91.430
16.99	91.453
17.05	91.430
17.27	91.720
17.31	91.765
17.21	91.765
17.21	91.720
17.26	91.698
17.19	90.160
17.31	90.138
17.35	90.138
17.25	90.116
17.27	90.093
17.76	94.283
17.79	94.305
17.76	94.216
17.81	94.194
17.84	94.172
17.80	91.676
17.83	91.698
17.85	91.653
17.80	91.742
17.85	91.698
18.34	94.840
18.31	94.818
18.20	94.840
18.29	94.796
18.34	94.773
18.85	96.935
18.86	96.935
18.93	96.891
18.86	96.935
18.82	96.868
18.92	94.484
18.92	94.417
18.99	94.461
19.00	94.484
18.93	94.461
18.92	94.305
18.97	94.305
18.94	94.350
18.93	94.283
18.95	94.328
18.94	93.726
18.98	93.659
19.01	93.726
18.96	93.681
18.94	93.681
19.57	98.406
19.52	98.339
19.41	98.406
19.52	98.384
19.54	98.362
20.15	100.390
20.19	100.367
20.13	100.345
20.07	100.345
20.18	100.300
20.18	98.116
20.22	98.139
20.20	98.116
20.21	98.116
20.18	98.139
20.29	93.753
20.28	93.686
20.27	93.753
20.29	93.753
20.29	93.753
20.18	88.649
20.17	88.627
20.13	88.627
20.20	88.649
20.18	88.627
20.17	88.738
20.24	88.761
20.13	88.716
20.14	88.761
20.21	88.738
20.17	89.028
20.24	89.028
20.11	89.006
20.14	89.117
20.18	89.050
20.17	89.117
20.15	89.117
20.12	89.095
20.15	89.117
20.18	89.073
19.84	83.055
19.87	83.055
19.79	83.033
19.83	83.100
19.85	83.122
19.61	79.289
19.61	79.356
19.61	79.289
19.64	79.356
19.56	79.289
19.62	79.645
19.62	79.578
19.61	79.601
19.60	79.578
19.57	79.578
19.02	72.603
19.12	72.603
19.16	72.536
19.02	72.491
19.12	72.469
18.83	68.769
18.91	68.792
18.85	68.814
18.82	68.792
18.87	68.881
18.86	69.260
18.80	69.304
18.83	69.304
18.86	69.304
18.84	69.282
18.31	62.173
18.27	62.106
18.24	62.173
18.30	62.173
18.31	62.173
18.26	63.332
18.25	63.287
18.21	63.287
18.30	63.265
18.25	63.354
17.95	57.648
17.95	57.671
17.81	57.671
17.93	57.671
17.98	57.671
17.33	51.386
17.34	51.364
17.43	51.386
17.36	51.386
17.34	51.408
17.39	52.389
17.31	52.433
17.35	52.367
17.37	52.389
17.32	52.389
16.88	47.619
16.97	47.597
16.90	47.597
16.87	47.619
17.00	47.597
16.63	43.006
16.60	43.006
16.59	43.006
16.64	43.051
16.63	43.028
16.57	44.273
16.59	44.340
16.58	44.363
16.57	44.363
16.65	44.318
16.64	44.563
16.54	44.563
16.56	44.563
16.64	44.519
16.55	44.585
16.20	39.616
16.22	39.616
16.25	39.638
16.17	39.616
16.24	39.593
15.67	34.579
15.56	34.712
15.67	34.824
15.66	34.824
15.60	34.958
15.03	28.428
15.07	28.361
14.97	28.450
15.02	28.428
15.02	28.405
14.58	23.747
14.57	23.747
14.51	23.725
14.59	23.770
14.57	23.770
14.54	24.416
14.53	24.416
14.53	24.461
14.54	24.416
14.55	24.416
14.59	25.129
14.51	25.129
14.48	25.107
14.61	25.107
14.54	25.129
14.57	25.508
14.53	25.464
14.47	25.464
14.56	25.464
14.52	25.486
14.53	25.508
14.52	25.508
14.51	25.575
14.58	25.553
14.52	25.530
14.20	21.073
14.16	21.029
14.14	21.029
14.16	21.029
14.18	21.073
13.76	18.198
13.87	18.198
13.78	18.243
13.77	18.243
13.91	18.243
13.59	16.237
13.63	16.259
13.54	16.259
13.60	16.237
13.59	16.259
12.84	11.200
12.87	11.178
12.87	11.178
12.86	11.156
12.82	11.178
12.08	6.899
12.10	6.943
12.11	6.943
12.08	6.943
12.10	6.988
11.32	2.731
11.31	2.754
11.27	2.776
11.32	2.776
11.26	2.798
11.27	4.446
11.24	4.424
11.24	4.424
11.20	4.424
11.27	4.424
11.26	4.469
11.25	4.402
11.26	4.491
11.29	4.469
11.27	4.469
10.95	2.775
10.95	2.797
10.92	2.775
10.99	2.797
11.01	2.820
10.94	2.909
10.91	2.931
10.98	2.886
10.97	2.864
10.96	2.864
10.95	4.001
10.97	4.045
10.98	4.090
10.95	4.068
10.94	4.068
10.98	4.491
10.93	4.491
11.00	4.491
10.99	4.491
10.96	4.513
10.96	4.380
10.97	4.357
11.01	4.402
11.04	4.380
10.90	4.380
10.97	4.201
10.99	4.157
10.95	4.201
11.02	4.179
10.98	4.134
10.99	3.778
10.99	3.778
10.99	3.778
11.00	3.756
10.99	3.756
11.03	3.399
10.96	3.444
11.05	3.399
10.97	3.377
10.92	3.377
10.85	1.928
10.92	1.906
10.95	1.950
10.82	1.906
10.91	1.906
10.92	2.173
10.86	2.173
10.91	2.173
10.97	2.173
10.85	2.151
10.81	2.508
10.91	2.485
10.91	2.463
10.81	2.485
10.96	2.508
10.74	3.357
10.81	3.379
10.84	3.379
10.80	3.379
10.84	3.357
10.85	3.334
10.83	3.357
10.73	3.312
10.82	3.312
10.85	3.334
10.64	2.799
10.57	2.777
10.66	2.799
10.66	2.799
10.61	2.822
10.68	2.220
10.70	2.131
10.63	2.109
10.68	2.175
10.72	2.175
10.03	0.459
10.02	0.415
10.05	0.504
10.05	0.504
10.06	0.526
7.27	-6.472
7.33	-6.494
7.33	-6.494
7.24	-6.539
7.33	-6.494
7.26	-6.004
7.33	-5.981
7.30	-5.959
7.22	-5.981
7.31	-6.048
7.32	-5.959
7.26	-5.959
7.29	-5.981
7.27	-5.981
7.25	-5.981
5.66	-8.678
5.67	-8.790
5.64	-8.700
5.62	-8.723
5.67	-8.723
5.64	-8.010
5.63	-8.010
5.64	-8.032
5.58	-8.010
5.65	-8.010
4.25	-11.241
4.16	-11.219
4.27	-11.219
4.31	-11.174
4.23	-11.219
3.33	-13.135
3.37	-13.135
3.35	-13.158
3.35	-13.091
3.35	-13.069
2.37	-15.899
2.33	-15.877
2.35	-15.921
2.32	-15.877
2.28	-15.877
1.66	-17.882
1.59	-17.838
1.65	-17.838
1.64	-17.838
1.65	-17.838
1.59	-17.058
1.65	-17.058
1.66	-17.058
1.60	-17.080
1.66	-17.058
0.95	-20.267
0.88	-20.223
0.88	-20.223
0.97	-20.223
0.91	-20.223
0.15	-22.897
0.24	-22.919
0.23	-22.897
0.19	-22.919
0.25	-22.897
0.24	-21.471
0.25	-21.493
0.13	-21.471
0.22	-21.471
0.18	-21.448
-0.37	-25.126
-0.45	-25.103
-0.40	-25.059
-0.41	-25.103
-0.38	-25.081
-0.80	-26.753
-0.72	-26.708
-0.72	-26.730
-0.78	-26.708
-0.74	-26.730
-1.46	-29.338
-1.36	-29.315
-1.37	-29.315
-1.45	-29.293
-1.37	-29.315
-1.83	-31.455
-1.84	-31.433
-1.93	-31.388
-1.85	-31.410
-1.88	-31.388
-2.43	-33.595
-2.40	-33.572
-2.42	-33.550
-2.37	-33.595
-2.40	-33.528
-2.79	-35.801
-2.84	-35.779
-2.79	-35.734
-2.80	-35.712
-2.79	-35.734
-3.37	-38.230
-3.41	-38.141
-3.39	-38.163
-3.34	-38.141
-3.41	-38.119
-3.86	-40.147
-3.89	-40.124
-3.82	-40.147
-3.80	-40.124
-3.80	-40.124
-3.83	-39.545
-3.84	-39.523
-3.82	-39.567
-3.85	-39.567
-3.89	-39.545
-3.87	-39.166
-3.89	-39.166
-3.85	-39.211
-3.80	-39.188
-3.90	-39.166
-4.45	-42.821
-4.40	-42.799
-4.40	-42.777
-4.45	-42.754
-4.40	-42.777
-4.91	-45.696
-4.91	-45.696
-4.93	-45.674
-4.90	-45.652
-4.94	-45.674
-4.98	-44.849
-4.90	-44.827
-4.98	-44.827
-4.94	-44.782
-4.93	-44.805
-4.95	-43.713
-5.01	-43.646
-4.91	-43.646
-4.89	-43.668
-4.99	-43.690
-5.46	-47.457
-5.48	-47.434
-5.54	-47.412
-5.45	-47.412
-5.44	-47.434
-5.81	-49.329
-5.88	-49.329
-5.79	-49.329
-5.77	-49.307
-5.83	-49.307
-6.20	-51.045
-6.17	-51.089
-6.25	-51.067
-6.22	-51.023
-6.18	-51.067
-6.73	-53.430
-6.63	-53.407
-6.66	-53.407
-6.71	-53.385
-6.71	-53.340
-7.17	-55.926
-7.26	-55.926
-7.16	-55.903
-7.14	-55.881
-7.21	-55.881
-7.70	-57.887
-7.66	-57.887
-7.64	-57.842
-7.68	-57.820
-7.67	-57.909
-8.22	-60.650
-8.21	-60.650
-8.18	-60.606
-8.21	-60.606
-8.15	-60.606
-8.65	-62.389
-8.61	-62.344
-8.58	-62.322
-8.67	-62.366
-8.60	-62.344
-9.12	-64.016
-9.08	-63.993
-9.14	-63.971
-9.05	-63.993
-9.08	-63.993
-9.53	-66.267
-9.48	-66.267
-9.47	-66.267
-9.49	-66.244
-9.48	-66.244
-9.52	-64.662
-9.51	-64.640
-9.53	-64.640
-9.55	-64.640
-9.52	-64.617
-9.52	-63.418
-9.58	-63.440
-9.54	-63.418
-9.53	-63.418
-9.53	-63.440
-10.16	-69.168
-10.12	-69.123
-10.11	-69.123
-10.21	-69.123
-10.15	-69.123
-10.17	-67.407
-10.15	-67.385
-10.17	-67.429
-10.18	-67.385
-10.19	-67.385
-10.18	-67.340
-10.21	-67.362
-10.16	-67.340
-10.19	-67.362
-10.23	-67.318
-10.59	-71.597
-10.65	-71.574
-10.61	-71.574
-10.58	-71.597
-10.66	-71.508
-11.10	-73.714
-11.13	-73.669
-11.11	-73.669
-11.07	-73.647
-11.10	-73.647
-11.51	-74.873
-11.48	-74.917
-11.50	-74.873
-11.50	-74.873
-11.50	-74.873
-11.83	-77.391
-11.92	-77.369
-11.87	-77.369
-11.88	-77.324
-11.85	-77.324
-12.05	-75.385
-12.02	-75.385
-12.02	-75.363
-12.05	-75.385
-11.98	-75.341
-12.47	-79.508
-12.53	-79.486
-12.49	-79.486
-12.50	-79.464
-12.53	-79.464
-13.23	-82.918
-13.17	-82.851
-13.10	-82.851
-13.18	-82.829
-13.17	-82.829
-13.23	-80.645
-13.20	-80.645
-13.17	-80.623
-13.24	-80.667
-13.21	-80.645
-13.89	-84.946
-13.82	-84.902
-13.84	-84.902
-13.90	-84.902
-13.85	-84.835
-14.34	-86.662
-14.31	-86.596
-14.36	-86.618
-14.33	-86.573
-14.29	-86.573
-14.77	-88.111
-14.75	-88.133
-14.80	-88.089
-14.81	-88.089
-14.81	-88.067
-14.78	-86.796
-14.80	-86.796
-14.78	-86.752
-14.82	-86.796
-14.84	-86.774
-14.80	-85.793
-14.82	-85.793
-14.81	-85.771
-14.79	-85.793
-14.80	-85.726
-15.25	-90.228
-15.26	-90.228
-15.25	-90.228
-15.24	-90.184
-15.33	-90.139
-15.32	-88.713
-15.31	-88.713
-15.27	-88.691
-15.32	-88.713
-15.25	-88.668
-15.80	-92.301
-15.80	-92.301
-15.89	-92.256
-15.81	-92.256
-15.79	-92.212
-16.38	-93.839
-16.30	-93.794
-16.29	-93.794
-16.33	-93.816
-16.32	-93.772
-16.35	-92.256
-16.38	-92.212
-16.34	-92.234
-16.33	-92.234
-16.33	-92.190
-16.35	-91.944
-16.34	-91.900
-16.35	-91.900
-16.35	-91.900
-16.29	-91.900
-16.84	-96.023
-16.92	-95.978
-16.89	-96.001
-16.86	-96.001
-16.88	-96.001
-17.37	-97.003
-17.36	-96.981
-17.36	-96.959
-17.45	-96.959
-17.36	-96.937
-17.44	-94.819
-17.39	-94.797
-17.41	-94.819
-17.37	-94.819
-17.38	-94.797
-17.88	-98.252
-17.83	-98.252
-17.90	-98.185
-17.85	-98.185
-17.87	-98.185
-18.44	-100.525
-18.44	-100.525
-18.45	-100.525
-18.41	-100.502
-18.44	-100.502
-18.50	-97.939
-18.47	-97.939
-18.48	-97.939
-18.50	-97.984
-18.46	-97.962
-18.87	-100.369
-18.85	-100.346
-18.84	-100.369
-18.88	-100.369
-18.81	-100.324
-19.36	-102.865
-19.34	-102.820
-19.35	-102.843
-19.40	-102.798
-19.32	-102.820
-19.43	-100.413
-19.42	-100.369
-19.40	-100.369
-19.37	-100.369
-19.40	-100.369
-19.69	-103.221
-19.67	-103.244
-19.73	-103.244
-19.73	-103.199
-19.72	-103.155
-19.88	-100.458
-19.88	-100.458
-19.87	-100.458
-19.85	-100.413
-19.92	-100.436
-19.88	-98.072
-19.85	-98.050
-19.96	-98.072
-19.93	-98.050
-19.85	-98.050
-19.86	-97.961
-19.93	-97.939
-19.92	-97.939
-19.93	-97.939
-19.87	-97.961
-19.82	-92.612
-19.73	-92.612
-19.78	-92.590
-19.79	-92.634
-19.80	-92.612
-19.51	-88.043
-19.55	-87.999
-19.50	-87.999
-19.52	-87.999
-19.54	-87.954
-19.55	-88.199
-19.49	-88.155
-19.46	-88.133
-19.53	-88.155
-19.52	-88.155
-19.48	-88.556
-19.54	-88.578
-19.48	-88.511
-19.48	-88.578
-19.54	-88.534
-19.48	-88.578
-19.48	-88.578
-19.54	-88.601
-19.47	-88.578
-19.47	-88.601
-19.20	-83.720
-19.27	-83.720
-19.21	-83.698
-19.16	-83.698
-19.25	-83.742
-18.81	-78.794
-18.80	-78.772
-18.85	-78.750
-18.81	-78.750
-18.82	-78.750
-18.83	-79.285
-18.81	-79.218
-18.78	-79.285
-18.81	-79.263
-18.84	-79.307
-18.26	-70.459
-18.25	-70.459
-18.22	-70.437
-18.23	-70.482
-18.21	-70.459
-17.77	-66.760
-17.75	-66.737
-17.86	-66.760
-17.79	-66.715
-17.78	-66.737
-17.81	-66.916
-17.77	-66.893
-17.83	-66.893
-17.78	-66.893
-17.79	-66.893
-17.49	-62.258
-17.52	-62.258
-17.55	-62.280
-17.48	-62.280
-17.49	-62.325
-17.52	-62.748
-17.53	-62.793
-17.50	-62.770
-17.47	-62.748
-17.55	-62.726
-17.48	-63.172
-17.50	-63.172
-17.51	-63.172
-17.45	-63.216
-17.50	-63.194
-17.47	-63.929
-17.47	-63.907
-17.45	-63.929
-17.52	-63.929
-17.51	-63.929
-17.50	-64.041
-17.50	-64.018
-17.43	-64.063
-17.53	-64.018
-17.45	-64.041
-17.10	-58.558
-17.15	-58.581
-17.07	-58.581
-17.09	-58.558
-17.17	-58.558
-16.91	-55.951
-16.97	-55.973
-16.90	-55.995
-16.87	-55.973
-16.93	-55.973
-16.27	-49.265
-16.24	-49.287
-16.34	-49.265
-16.29	-49.287
-16.28	-49.287
-15.87	-45.097
-15.92	-45.097
-15.88	-45.053
-15.85	-45.053
-15.93	-45.142
-15.90	-46.833
-15.84	-46.856
-15.81	-46.833
-15.91	-46.856
-15.87	-46.856
-15.22	-39.078
-15.25	-39.100
-15.25	-39.055
-15.19	-39.078
-15.26	-39.078
-14.64	-33.729
-14.62	-33.729
-14.73	-33.751
-14.68	-33.773
-14.64	-33.773
-14.00	-27.555
-13.96	-27.555
-14.01	-27.578
-14.00	-27.578
-13.94	-27.533
-13.31	-22.452
-13.35	-22.452
-13.34	-22.452
-13.33	-22.452
-13.29	-22.452
-13.26	-23.744
-13.33	-23.722
-13.29	-23.744
-13.30	-23.722
-13.33	-23.744
-13.33	-24.212
-13.30	-24.212
-13.26	-24.279
-13.33	-24.279
-13.30	-24.279
-12.66	-17.772
-12.66	-17.816
-12.65	-17.794
-12.63	-17.794
-12.65	-17.772
-12.00	-13.493
-12.01	-13.470
-12.03	-13.515
-11.99	-13.537
-12.02	-13.515
-11.32	-9.615
-11.32	-9.615
-11.36	-9.615
-11.32	-9.659
-11.32	-9.615
-10.70	-6.896
-10.74	-6.896
-10.77	-6.896
-10.75	-6.918
-10.76	-6.873
-10.70	-7.899
-10.77	-7.921
-10.72	-7.921
-10.74	-7.921
-10.76	-7.921
-10.65	-6.896
-10.62	-6.896
-10.63	-6.940
-10.61	-6.918
-10.62	-6.940
-7.61	0.303
-7.62	0.281
-7.61	0.303
-7.62	0.281
-7.64	0.214
-6.51	2.955
-6.51	2.910
-6.48	2.910
-6.48	2.910
-6.52	2.888
-6.47	2.375
-6.55	2.398
-6.51	2.331
-6.47	2.353
-6.53	2.398
-6.48	2.019
-6.50	2.086
-6.52	2.063
-6.49	2.063
-6.51	2.019
-6.75	0.838
-6.77	0.815
-6.72	0.949
-6.76	0.815
-6.76	0.838
-6.77	0.860
-6.77	0.860
-6.74	0.838
-6.74	0.882
-6.73	0.905
-6.53	2.264
-6.58	2.264
-6.55	2.331
-6.56	2.264
-6.51	2.264
-6.49	2.509
-6.44	2.487
-6.45	2.509
-6.53	2.487
-6.45	2.554
-6.41	2.754
-6.38	2.799
-6.34	2.799
-6.35	2.799
-6.36	2.777
-5.87	2.913
-5.87	2.957
-5.90	2.935
-5.83	2.935
-5.92	2.913
-5.77	1.570
-5.81	1.592
-5.82	1.570
-5.78	1.570
-5.81	1.548
-5.90	1.459
-5.84	1.503
-5.81	1.459
-5.87	1.459
-5.87	1.526
-5.87	1.436
-5.85	1.436
-5.92	1.436
-5.85	1.392
-5.88	1.414
-5.63	2.528
-5.70	2.595
-5.67	2.595
-5.70	2.573
-5.67	2.551
-4.76	4.601
-4.74	4.579
-4.79	4.623
-4.76	4.579
-4.75	4.646
-3.47	6.963
-3.44	7.008
-3.44	7.008
-3.44	6.986
-3.48	6.941
-3.40	5.827
-3.44	5.805
-3.45	5.805
-3.42	5.805
-3.40	5.827
-3.45	5.782
-3.40	5.760
-3.40	5.782
-3.38	5.760
-3.48	5.760
-2.20	9.370
-2.25	9.370
-2.24	9.370
-2.28	9.370
-2.24	9.348
-1.41	11.644
-1.38	11.621
-1.47	11.599
-1.36	11.666
-1.38	11.599
-0.85	13.516
-0.72	13.449
-0.77	13.493
-0.76	13.471
-0.73	13.449
-0.77	12.580
-0.71	12.580
-0.76	12.580
-0.66	12.580
-0.75	12.580
-0.03	15.789
-0.07	15.767
-0.01	15.811
-0.06	15.789
-0.05	15.767
0.67	18.174
0.70	18.151
0.60	18.107
0.68	18.129
0.65	18.129
1.15	20.291
1.24	20.269
1.21	20.246
1.22	20.269
1.22	20.224
1.70	22.319
1.74	22.363
1.75	22.319
1.73	22.363
1.68	22.341
1.79	21.071
1.71	21.093
1.75	21.093
1.78	21.093
1.76	21.049
2.26	24.414
2.31	24.392
2.19	24.436
2.26	24.392
2.23	24.392
2.86	27.467
2.91	27.445
2.80	27.423
2.93	27.378
2.89	27.400
3.27	29.228
3.29	29.228
3.27	29.205
3.30	29.161
3.27	29.183
3.87	31.724
3.89	31.657
3.86	31.657
3.92	31.612
3.85	31.657
4.20	33.150
4.23	33.150
4.22	33.128
4.30	33.128
4.20	33.106
4.76	35.914
4.81	35.914
4.78	35.891
4.80	35.914
4.73	35.869
4.79	34.643
4.90	34.599
4.82	34.599
4.83	34.599
4.77	34.621
5.29	38.165
5.32	38.165
5.27	38.120
5.31	38.120
5.24	38.120
5.69	40.104
5.70	40.104
5.69	40.126
5.69	40.081
5.68	40.126
6.11	42.600
6.22	42.577
6.15	42.533
6.19	42.555
6.15	42.511
6.60	44.650
6.72	44.650
6.69	44.650
6.69	44.650
6.63	44.628
6.70	43.848
6.69	43.803
6.71	43.870
6.69	43.825
6.69	43.892
6.74	42.644
6.71	42.689
6.70	42.711
6.67	42.644
6.77	42.689
6.69	42.644
6.73	42.667
6.66	42.667
6.71	42.622
6.71	42.622
7.12	47.525
7.25	47.480
7.23	47.503
7.22	47.458
7.14	47.503
7.73	50.511
7.79	50.578
7.75	50.534
7.83	50.511
7.77	50.467
8.16	52.250
8.23	52.227
8.13	52.250
8.23	52.272
8.24	52.227
8.60	54.434
8.65	54.389
8.68	54.389
8.60	54.367
8.61	54.367
9.28	57.242
9.25	57.264
9.18	57.242
9.30	57.242
9.24	57.242
9.30	55.726
9.26	55.726
9.33	55.704
9.23	55.726
9.31	55.726
9.84	60.006
9.85	59.961
9.92	59.983
9.81	59.961
9.89	59.961
10.33	62.323
10.23	62.301
10.30	62.301
10.30	62.212
10.34	62.234
10.90	65.265
10.89	65.265
10.88	65.287
10.91	65.332
10.94	65.377
11.51	67.538
11.43	67.494
11.54	67.538
11.52	67.472
11.53	67.449
11.56	63.570
11.64	63.593
11.54	63.548
11.60	63.593
11.62	63.593
11.60	63.459
11.59	63.414
11.60	63.392
11.56	63.437
11.57	63.437
11.91	68.050
11.87	68.050
11.87	68.094
11.86	68.028
11.97	68.072
12.09	69.989
12.17	69.967
12.07	69.922
12.17	69.900
12.16	69.900
12.36	71.304
12.33	71.304
12.36	71.326
12.31	71.348
12.40	71.281
12.83	73.198
12.69	73.220
12.84	73.153
12.75	73.176
12.80	73.176
12.82	71.281
12.78	71.326
12.82	71.281
12.83	71.281
12.88	71.281
13.29	75.182
13.25	75.226
13.26	75.226
13.31	75.182
13.21	75.182
13.85	77.722
13.70	77.722
13.84	77.633
13.76	77.678
13.81	77.633
14.42	80.196
14.38	80.174
14.44	80.129
14.39	80.085
14.49	80.107
14.92	81.890
14.90	81.868
14.90	81.845
14.87	81.823
14.86	81.823
15.37	83.985
15.46	83.985
15.42	83.918
15.46	83.918
15.42	83.940
15.48	82.536
15.53	82.514
15.47	82.558
15.54	82.536
15.41	82.558
16.32	87.060
16.27	87.060
16.34	87.038
16.18	86.971
16.33	86.927
16.63	88.620
16.71	88.576
16.68	88.598
16.72	88.531
16.67	88.531
16.73	87.149
16.77	87.127
16.79	87.149
16.64	87.105
16.75	87.105
16.74	85.879
16.75	85.857
16.80	85.901
16.74	85.901
16.81	85.879
17.29	90.582
17.29	90.537
17.34	90.537
17.19	90.537
17.33	90.515
17.35	88.687
17.37	88.710
17.26	88.665
17.35	88.665
17.29	88.665
17.79	91.584
17.68	91.584
17.76	91.584
17.75	91.562
17.69	91.540
18.48	94.326
18.43	94.348
18.38	94.303
18.46	94.326
18.42	94.259
18.49	92.030
18.41	92.075
18.53	92.008
18.50	92.030
18.47	91.986
18.91	95.017
18.93	95.017
18.94	94.994
18.92	94.950
19.01	94.972
19.02	92.431
19.05	92.454
19.00	92.476
18.93	92.431
19.07	92.431
19.38	96.109
19.27	96.153
19.42	96.109
19.29	96.086
19.38	96.109
19.56	96.911
19.55	96.933
19.56	96.866
19.60	96.911
19.54	96.866
20.12	98.360
20.08	98.293
20.10	98.337
20.04	98.293
20.12	98.315
20.32	99.229
20.39	99.162
20.35	99.184
20.31	99.117
20.35	99.140
20.40	97.490
20.32	97.468
20.42	97.490
20.35	97.468
20.47	97.468
20.40	93.122
20.51	93.122
20.47	93.100
20.40	93.100
20.52	93.145
20.42	93.055
20.48	93.078
20.51	93.055
20.38	93.055
20.52	93.033
20.37	88.019
20.30	87.974
20.41	88.019
20.36	87.996
20.38	88.019
20.04	82.001
20.02	82.046
20.03	82.046
20.07	82.024
20.01	82.046
19.86	78.725
19.74	78.703
19.88	78.747
19.83	78.703
19.80	78.725
19.73	79.550
19.80	79.550
19.78	79.550
19.80	79.550
19.81	79.527
19.26	71.772
19.27	71.772
19.26	71.772
19.29	71.772
19.24	71.772
18.93	66.423
18.88	66.445
19.00	66.423
18.87	66.423
18.92	66.401
18.85	66.846
18.93	66.824
18.90	66.869
18.93	66.891
18.95	66.869
18.89	67.337
18.92	67.359
18.87	67.314
18.91	67.359
18.86	67.359
18.38	59.648
18.37	59.670
18.37	59.715
18.36	59.759
18.35	59.759
17.96	55.725
18.12	55.681
18.01	55.659
17.98	55.681
18.07	55.681
17.64	50.934
17.52	51.023
17.66	50.956
17.59	50.956
17.55	50.978
17.16	45.830
17.13	45.808
17.10	45.830
17.15	45.830
17.15	45.808
17.01	46.948
17.11	46.948
17.05	46.926
17.08	46.948
17.11	46.948
17.04	47.795
17.05	47.795
17.10	47.795
17.00	47.840
17.11	47.817
16.47	39.304
16.40	39.348
16.40	39.326
16.44	39.326
16.39	39.259
15.90	33.777
15.90	33.777
15.91	33.799
15.94	33.732
15.97	33.643
15.24	28.116
15.26	28.138
15.12	28.116
15.28	28.116
15.20	28.116
14.80	23.347
14.70	23.324
14.77	23.302
14.80	23.369
14.78	23.369
14.75	24.216
14.73	24.238
14.74	24.193
14.73	24.260
14.75	24.193
14.75	24.483
14.70	24.572
14.78	24.483
14.77	24.483
14.66	24.439
14.11	17.664
14.04	17.619
14.02	17.641
14.01	17.686
14.05	17.664
13.41	13.340
13.42	13.407
13.44	13.384
13.41	13.384
13.37	13.407
12.62	8.303
12.57	8.236
12.63	8.325
12.63	8.303
12.65	8.325
12.57	9.061
12.61	9.061
12.53	9.016
12.63	9.016
12.61	9.061
11.87	4.916
11.90	4.893
11.94	4.916
11.90	4.893
11.88	4.916
11.46	2.977
11.47	2.977
11.42	2.999
11.41	2.999
11.45	2.999
11.36	3.868
11.45	3.868
11.42	3.846
11.40	3.846
11.45	3.868
10.77	0.770
10.83	0.726
10.85	0.748
10.78	0.770
10.85	0.815
10.82	1.194
10.74	1.238
10.86	1.216
10.86	1.216
10.77	1.238
10.67	1.261
10.79	1.261
10.77	1.261
10.74	1.261
10.70	1.283
10.73	1.394
10.77	1.417
10.75	1.394
10.69	1.417
10.75	1.372
10.78	1.595
10.76	1.595
10.71	1.550
10.70	1.573
10.74	1.617
10.79	1.662
10.68	1.684
10.72	1.706
10.69	1.706
10.76	1.729
10.71	1.795
10.75	1.751
10.72	1.795
10.74	1.751
10.73	1.795
10.66	1.861
10.78	1.839
10.68	1.884
10.79	1.861
10.69	1.861
10.72	1.817
10.71	1.906
10.73	1.817
10.76	1.817
10.75	1.817
10.73	2.062
10.67	2.084
10.78	2.106
10.68	2.084
10.76	2.062
10.08	0.413
10.08	0.435
10.09	0.457
10.08	0.435
10.08	0.413
7.19	-6.585
7.30	-6.585
7.25	-6.585
7.25	-6.608
7.20	-6.585
7.24	-5.961
7.29	-5.939
7.29	-5.917
7.28	-5.917
7.27	-5.939
5.67	-8.814
5.57	-8.814
5.65	-8.814
5.55	-8.814
5.65	-8.792
5.60	-7.945
5.57	-7.923
5.61	-7.945
5.59	-7.945
5.60	-7.945
3.99	-11.622
3.98	-11.644
3.95	-11.622
4.02	-11.622
3.94	-11.622
3.23	-13.271
3.24	-13.271
3.25	-13.227
3.22	-13.271
3.22	-13.271
3.25	-12.647
3.20	-12.647
3.25	-12.670
3.24	-12.625
3.21	-12.647
2.37	-15.522
2.37	-15.522
2.34	-15.478
2.39	-15.478
2.33	-15.478
1.65	-17.706
1.65	-17.706
1.63	-17.729
1.67	-17.751
1.66	-17.684
0.84	-20.470
0.77	-20.515
0.87	-20.492
0.79	-20.492
0.85	-20.470
0.16	-22.676
0.14	-22.676
0.20	-22.676
0.10	-22.654
0.15	-22.654
0.14	-21.517
0.16	-21.517
0.09	-21.473
0.16	-21.495
0.14	-21.540
0.10	-21.361
0.10	-21.361
0.14	-21.361
0.12	-21.384
0.13	-21.384
-0.36	-24.303
-0.36	-24.348
-0.37	-24.348
-0.34	-24.326
-0.34	-24.326
-0.99	-26.978
-0.93	-26.955
-0.98	-26.955
-0.94	-26.933
-1.02	-26.955
-1.42	-28.783
-1.42	-28.761
-1.40	-28.738
-1.45	-28.783
-1.39	-28.738
-2.03	-31.279
-2.00	-31.279
-1.96	-31.190
-2.00	-31.234
-1.99	-31.190
-2.56	-33.574
-2.54	-33.530
-2.55	-33.530
-2.53	-33.508
-2.52	-33.508
-2.93	-35.357
-3.04	-35.313
-3.00	-35.335
-2.99	-35.335
-2.96	-35.291
-3.59	-38.411
-3.55	-38.388
-3.58	-38.388
-3.57	-38.321
-3.53	-38.299
-4.08	-40.127
-4.02	-40.104
-4.00	-40.104
-4.02	-40.104
-4.10	-40.060
-4.46	-42.066
-4.50	-42.021
-4.47	-42.043
-4.48	-42.043
-4.45	-42.021
-5.05	-44.896
-5.01	-44.918
-5.08	-44.896
-4.97	-44.829
-5.08	-44.851
-5.05	-43.024
-5.03	-43.069
-5.09	-43.024
-5.03	-43.046
-5.07	-43.024
-5.54	-46.857
-5.57	-46.857
-5.52	-46.835
-5.52	-46.857
-5.52	-46.880
-5.89	-48.863
-5.99	-48.885
-5.90	-48.818
-5.95	-48.818
-5.88	-48.818
-6.45	-51.471
-6.48	-51.471
-6.44	-51.426
-6.47	-51.426
-6.43	-51.426
-6.96	-53.588
-6.95	-53.588
-6.95	-53.566
-6.99	-53.566
-6.97	-53.521
-7.45	-55.972
-7.38	-55.928
-7.45	-55.950
-7.38	-55.928
-7.46	-55.950
-7.88	-57.867
-7.83	-57.867
-7.80	-57.845
-7.86	-57.822
-7.88	-57.845
-8.27	-59.917
-8.32	-59.850
-8.31	-59.873
-8.26	-59.850
-8.27	-59.873
-8.56	-60.898
-8.57	-60.853
-8.59	-60.876
-8.54	-60.831
-8.60	-60.831
-8.98	-62.636
-8.90	-62.636
-8.95	-62.569
-8.93	-62.547
-8.93	-62.525
-9.27	-64.375
-9.25	-64.375
-9.26	-64.352
-9.21	-64.352
-9.30	-64.375
-9.32	-62.881
-9.27	-62.859
-9.25	-62.881
-9.27	-62.837
-9.27	-62.859
-9.54	-64.776
-9.46	-64.753
-9.48	-64.753
-9.48	-64.776
-9.52	-64.753
-9.79	-66.625
-9.83	-66.603
-9.79	-66.603
-9.80	-66.625
-9.79	-66.603
-9.79	-65.266
-9.86	-65.333
-9.81	-65.266
-9.80	-65.266
-9.76	-65.288
-9.87	-64.731
-9.80	-64.776
-9.81	-64.798
-9.84	-64.798
-9.87	-64.798
-9.81	-64.709
-9.79	-64.709
-9.90	-64.687
-9.81	-64.709
-9.82	-64.709
-9.85	-63.419
-9.88	-63.419
-9.82	-63.375
-9.90	-63.397
-9.83	-63.375
-10.21	-67.921
-10.21	-67.921
-10.20	-67.921
-10.21	-67.899
-10.21	-67.899
-10.38	-69.236
-10.45	-69.191
-10.42	-69.214
-10.43	-69.169
-10.35	-69.191
-10.44	-67.520
-10.45	-67.565
-10.41	-67.520
-10.52	-67.565
-10.44	-67.520
-10.84	-71.220
-10.79	-71.153
-10.81	-71.175
-10.76	-71.197
-10.84	-71.175
-11.27	-73.381
-11.25	-73.359
-11.28	-73.359
-11.22	-73.314
-11.30	-73.314
-11.72	-75.387
-11.72	-75.365
-11.72	-75.387
-11.80	-75.320
-11.73	-75.320
-12.26	-77.906
-12.28	-77.861
-12.28	-77.883
-12.30	-77.861
-12.28	-77.839
-12.30	-76.323
-12.29	-76.279
-12.39	-76.301
-12.30	-76.301
-12.31	-76.279
-12.93	-79.443
-12.89	-79.466
-12.89	-79.443
-12.85	-79.399
-12.85	-79.421
-13.26	-81.717
-13.28	-81.694
-13.21	-81.650
-13.30	-81.650
-13.25	-81.650
-13.84	-84.123
-13.81	-84.101
-13.82	-84.101
-13.87	-84.057
-13.80	-84.079
-13.89	-82.140
-13.82	-82.118
-13.90	-82.140
-13.84	-82.118
-13.88	-82.118
-14.46	-86.152
-14.45	-86.129
-14.42	-86.107
-14.42	-86.107
-14.51	-86.107
-15.13	-89.160
-15.10	-89.116
-15.10	-89.093
-15.16	-89.093
-15.14	-89.071
-15.15	-86.664
-15.23	-86.686
-15.14	-86.686
-15.17	-86.664
-15.11	-86.686
-15.18	-85.884
-15.20	-85.862
-15.20	-85.884
-15.20	-85.862
-15.19	-85.862
-15.57	-89.717
-15.50	-89.717
-15.57	-89.695
-15.52	-89.673
-15.59	-89.695
-16.06	-90.921
-16.06	-90.921
-16.04	-90.899
-16.07	-90.921
-16.05	-90.899
-16.07	-89.561
-16.08	-89.584
-16.02	-89.539
-16.06	-89.561
-16.01	-89.539
-16.53	-93.261
-16.49	-93.239
-16.62	-93.261
-16.53	-93.239
-16.55	-93.216
-16.96	-95.244
-16.97	-95.222
-16.94	-95.200
-16.97	-95.155
-16.98	-95.155
-17.04	-93.350
-16.95	-93.350
-17.01	-93.328
-16.96	-93.328
-17.01	-93.350
-17.49	-96.203
-17.52	-96.181
-17.55	-96.136
-17.49	-96.158
-17.53	-96.136
-17.51	-93.974
-17.56	-93.996
-17.51	-93.974
-17.52	-94.019
-17.54	-94.041
-17.52	-93.484
-17.52	-93.506
-17.59	-93.484
-17.55	-93.484
-17.54	-93.484
-17.89	-97.473
-17.93	-97.473
-17.87	-97.429
-17.92	-97.406
-17.95	-97.362
-18.43	-98.186
-18.42	-98.186
-18.42	-98.209
-18.41	-98.209
-18.46	-98.209
-18.44	-96.582
-18.50	-96.582
-18.42	-96.582
-18.45	-96.559
-18.39	-96.559
-18.42	-96.381
-18.46	-96.359
-18.40	-96.359
-18.45	-96.381
-18.48	-96.359
-18.96	-100.259
-18.94	-100.259
-18.99	-100.281
-18.89	-100.237
-19.00	-100.237
-18.98	-98.365
-19.01	-98.342
-18.98	-98.342
-18.99	-98.365
-18.96	-98.409
-19.51	-102.153
-19.47	-102.131
-19.48	-102.086
-19.50	-102.086
-19.51	-102.064
-19.57	-100.103
-19.51	-100.125
-19.54	-100.125
-19.51	-100.125
-19.55	-100.103
-19.63	-97.246
-19.61	-97.246
-19.64	-97.246
-19.57	-97.224
-19.58	-97.246
-19.66	-96.354
-19.61	-96.376
-19.63	-96.354
-19.62	-96.354
-19.67	-96.398
-19.62	-96.242
-19.63	-96.175
-19.66	-96.175
-19.63	-96.242
-19.65	-96.175
-19.69	-92.832
-19.65	-92.788
-19.66	-92.832
-19.67	-92.832
-19.61	-92.855
-19.46	-89.021
-19.44	-89.044
-19.45	-89.044
-19.50	-89.044
-19.46	-89.044
-19.46	-89.155
-19.42	-89.177
-19.44	-89.222
-19.43	-89.177
-19.46	-89.200
-19.04	-82.380
-19.06	-82.358
-19.00	-82.313
-19.05	-82.291
-19.00	-82.313
-19.01	-83.182
-18.99	-83.160
-19.00	-83.182
-19.03	-83.182
-18.97	-83.204
-19.00	-83.516
-19.01	-83.539
-19.00	-83.561
-18.98	-83.561
-19.01	-83.583
-18.68	-77.900
-18.65	-77.945
-18.65	-77.878
-18.73	-77.878
-18.66	-77.833
-18.12	-69.788
-18.06	-69.832
-18.05	-69.855
-18.04	-69.832
-18.09	-69.855
-17.76	-66.244
-17.74	-66.222
-17.80	-66.200
-17.76	-66.244
-17.77	-66.244
-17.72	-67.381
-17.82	-67.336
-17.72	-67.359
-17.77	-67.359
-17.76	-67.292
-17.68	-67.648
-17.80	-67.693
-17.76	-67.671
-17.76	-67.648
-17.73	-67.693
-17.25	-60.829
-17.35	-60.873
-17.26	-60.829
-17.32	-60.851
-17.31	-60.806
-16.81	-55.881
-16.84	-55.903
-16.84	-55.948
-16.87	-55.903
-16.84	-55.970
-16.37	-50.287
-16.30	-50.287
-16.32	-50.265
-16.26	-50.309
-16.35	-50.309
-16.31	-50.867
-16.35	-50.889
-16.31	-50.844
-16.31	-50.844
-16.32	-50.867
-16.31	-51.468
-16.33	-51.401
-16.30	-51.446
-16.33	-51.424
-16.30	-51.401
-15.77	-45.005
-15.81	-45.050
-15.80	-45.028
-15.78	-45.005
-15.75	-45.028
-15.73	-45.763
-15.83	-45.785
-15.77	-45.785
-15.80	-45.785
-15.75	-45.785
-15.81	-46.341
-15.76	-46.319
-15.77	-46.386
-15.76	-46.386
-15.78	-46.341
-15.76	-46.609
-15.80	-46.653
-15.74	-46.609
-15.80	-46.676
-15.73	-46.631
-15.17	-38.430
-15.07	-38.452
-15.11	-38.407
-15.04	-38.452
-15.12	-38.430
-14.65	-34.507
-14.64	-34.507
-14.64	-34.507
-14.63	-34.485
-14.67	-34.485
-13.89	-27.465
-13.92	-27.487
-13.86	-27.465
-13.93	-27.465
-13.86	-27.509
-13.90	-28.824
-13.84	-28.846
-13.87	-28.802
-13.87	-28.824
-13.87	-28.802
-13.32	-22.829
-13.23	-22.784
-13.26	-22.784
-13.23	-22.762
-13.25	-22.807
-13.23	-23.208
-13.22	-23.208
-13.26	-23.186
-13.31	-23.208
-13.25	-23.208
-13.24	-23.453
-13.31	-23.475
-13.22	-23.453
-13.23	-23.498
-13.23	-23.475
-12.55	-17.681
-12.59	-17.748
-12.56	-17.681
-12.58	-17.748
-12.60	-17.725
-11.91	-13.535
-12.01	-13.558
-11.93	-13.558
-11.96	-13.580
-11.92	-13.580
-11.33	-10.304
-11.40	-10.326
-11.31	-10.348
-11.37	-10.326
-11.28	-10.371
-10.65	-6.916
-10.61	-6.872
-10.70	-6.916
-10.65	-6.894
-10.63	-6.916
-10.59	-7.674
-10.69	-7.652
-10.61	-7.696
-10.65	-7.674
-10.60	-7.719
-7.70	-0.030
-7.72	-0.074
-7.71	-0.052
-7.70	-0.030
-7.72	-0.074
-7.93	-0.632
-7.93	-0.654
-7.88	-0.520
-7.92	-0.609
-7.91	-0.587
-6.62	2.823
-6.66	2.845
-6.63	2.778
-6.62	2.823
-6.66	2.778
-6.62	1.971
-6.60	1.971
-6.63	1.948
-6.59	1.993
-6.70	1.971
-6.25	2.974
-6.30	2.884
-6.31	2.929
-6.30	2.929
-6.25	2.907
-6.29	2.795
-6.24	2.751
-6.30	2.773
-6.24	2.795
-6.30	2.751
-6.25	2.639
-6.23	2.684
-6.31	2.639
-6.26	2.595
-6.27	2.684
-6.24	2.416
-6.23	2.416
-6.25	2.595
-6.33	2.483
-6.24	2.506
-6.27	2.283
-6.26	2.283
-6.27	2.327
-6.34	2.260
-6.26	2.238
-6.30	2.104
-6.34	2.082
-6.28	2.104
-6.33	2.104
-6.34	2.060
-6.30	2.104
-6.32	2.060
-6.25	2.082
-6.40	2.082
-6.31	2.104
-6.30	2.060
-6.35	2.038
-6.31	2.060
-6.30	2.060
-6.29	2.038
-6.50	1.168
-6.58	1.191
-6.55	1.146
-6.52	1.168
-6.50	1.124
-6.49	1.280
-6.55	1.258
-6.55	1.280
-6.54	1.235
-6.58	1.280
-6.49	1.458
-6.62	1.436
-6.54	1.458
-6.54	1.436
-6.52	1.436
-6.56	1.592
-6.49	1.547
-6.56	1.592
-6.54	1.592
-6.59	1.592
-6.54	1.815
-6.48	1.859
-6.52	1.837
-6.47	1.859
-6.51	1.837
-6.46	1.971
-6.43	1.926
-6.48	1.971
-6.49	1.948
-6.43	1.993
-6.48	2.104
-6.41	2.082
-6.45	2.060
-6.46	2.082
-6.43	2.038
-6.37	2.327
-6.38	2.305
-6.42	2.350
-6.38	2.327
-6.42	2.372
-6.38	2.572
-6.31	2.572
-6.40	2.550
-6.32	2.572
-6.35	2.506
-6.24	2.773
-6.26	2.728
-6.27	2.773
-6.28	2.773
-6.24	2.773
-6.23	2.773
-6.27	2.751
-6.24	2.773
-6.28	2.773
-6.30	2.818
-5.77	2.996
-5.81	3.018
-5.82	3.040
-5.78	3.018
-5.81	2.974
-5.73	1.414
-5.76	1.414
-5.76	1.436
-5.77	1.391
-5.84	1.458
-5.79	1.414
-5.76	1.436
-5.69	1.369
-5.78	1.391
-5.71	1.369
-5.37	2.662
-5.43	2.662
-5.35	2.639
-5.47	2.684
-5.43	2.639
-4.53	4.578
-4.53	4.623
-4.56	4.578
-4.56	4.601
-4.53	4.556
-3.20	6.673
-3.19	6.629
-3.19	6.606
-3.24	6.651
-3.23	6.651
-3.20	6.339
-3.17	6.406
-3.16	6.361
-3.17	6.383
-3.14	6.361
-3.18	6.183
-3.21	6.183
-3.11	6.205
-3.17	6.227
-3.19	6.205
-3.16	5.759
-3.09	5.737
-3.22	5.782
-3.18	5.737
-3.15	5.804
-2.87	6.963
-2.79	6.963
-2.79	6.963
-2.82	6.941
-2.78	6.941
-2.04	8.746
-2.06	8.746
-2.00	8.768
-2.05	8.724
-1.98	8.724
-1.04	11.353
-1.00	11.376
-0.93	11.376
-1.03	11.376
-0.94	11.398
-0.20	13.827
-0.22	13.827
-0.19	13.783
-0.13	13.783
-0.21	13.738
0.56	15.878
0.58	15.878
0.53	15.878
0.55	15.922
0.57	15.878
1.08	18.106
1.06	18.106
1.14	18.084
1.11	18.017
1.07	18.084
1.76	20.736
1.84	20.736
1.80	20.736
1.82	20.803
1.81	20.691
2.30	22.564
2.28	22.586
2.21	22.586
2.27	22.608
2.23	22.541
2.30	21.048
2.42	21.093
2.34	21.070
2.34	21.115
2.39	21.115
2.89	24.993
2.87	24.970
2.83	24.948
2.84	24.970
2.92	24.948
3.28	26.843
3.35	26.865
3.29	26.820
3.30	26.843
3.29	26.820
3.86	29.428
3.86	29.428
3.84	29.428
3.83	29.405
3.86	29.383
4.33	31.567
4.28	31.567
4.40	31.500
4.34	31.567
4.35	31.456
4.75	33.038
4.78	33.038
4.73	32.994
4.78	32.994
4.79	32.994
4.78	32.013
4.77	31.991
4.75	31.968
4.78	31.991
4.80	32.013
5.31	35.646
5.35	35.646
5.25	35.646
5.30	35.646
5.29	35.623
5.74	37.562
5.66	37.496
5.70	37.518
5.68	37.518
5.62	37.496
6.35	41.217
6.33	41.173
6.38	41.195
6.35	41.106
6.30	41.151
6.80	43.335
6.70	43.290
6.81	43.312
6.77	43.335
6.75	43.268
7.10	44.761
7.12	44.806
7.15	44.761
7.09	44.761
7.09	44.739
7.19	42.956
7.15	42.978
7.18	42.978
7.20	42.956
7.15	42.978
7.15	42.599
7.17	42.599
7.13	42.599
7.14	42.599
7.18	42.577
7.69	47.034
7.57	46.990
7.67	46.990
7.67	46.967
7.67	46.967
8.18	49.976
8.20	49.976
8.13	49.909
8.15	49.909
8.25	49.909
8.72	52.494
8.66	52.472
8.67	52.472
8.69	52.450
8.72	52.428
8.98	53.341
9.02	53.319
8.96	53.274
8.95	53.319
9.03	53.252
9.49	55.503
9.45	55.481
9.37	55.503
9.42	55.525
9.52	55.525
9.91	57.821
9.89	57.799
9.83	57.799
9.92	57.799
9.95	57.776
10.38	60.763
10.42	60.740
10.44	60.740
10.41	60.763
10.40	60.674
10.94	62.501
10.99	62.501
10.90	62.546
10.94	62.546
10.99	62.479
11.44	65.109
11.47	65.086
11.47	65.042
11.40	64.997
11.46	64.908
12.06	67.471
12.03	67.493
12.01	67.404
12.03	67.404
12.09	67.382
12.11	65.042
12.09	65.086
12.06	65.042
12.11	65.086
12.08	65.064
12.09	63.279
12.13	63.235
12.12	63.257
12.08	63.235
12.17	63.235
12.44	68.026
12.38	68.026
12.41	68.004
12.39	68.004
12.37	68.026
12.66	70.567
12.70	70.523
12.73	70.523
12.70	70.456
12.71	70.433
13.01	71.548
12.99	71.548
12.94	71.525
12.96	71.481
13.03	71.481
13.48	73.687
13.31	73.620
13.39	73.643
13.40	73.598
13.44	73.598
13.45	71.659
13.46	71.615
13.44	71.592
13.45	71.592
13.46	71.592
14.04	76.005
13.93	75.960
14.02	75.938
13.93	75.983
13.98	75.960
14.46	77.788
14.45	77.766
14.37	77.721
14.43	77.699
14.44	77.699
15.02	80.440
15.05	80.440
15.02	80.396
15.04	80.418
15.07	80.329
15.53	82.178
15.50	82.201
15.52	82.178
15.57	82.112
15.51	82.134
16.14	84.987
16.09	84.964
16.17	84.920
16.08	84.920
16.07	84.875
16.13	82.624
16.23	82.624
16.20	82.602
16.21	82.580
16.24	82.646
16.53	85.811
16.58	85.811
16.63	85.789
16.59	85.767
16.59	85.811
17.32	88.530
17.28	88.508
17.29	88.486
17.35	88.486
17.27	88.419
17.27	86.368
17.35	86.346
17.36	86.346
17.35	86.301
17.36	86.346
17.38	85.521
17.40	85.477
17.34	85.521
17.43	85.499
17.30	85.477
17.68	89.466
17.79	89.511
17.81	89.488
17.74	89.488
17.82	89.466
17.73	87.906
17.85	87.906
17.76	87.862
17.80	87.862
17.79	87.884
18.37	91.717
18.37	91.673
18.37	91.673
18.35	91.650
18.41	91.606
18.89	93.857
18.99	93.857
18.87	93.790
18.96	93.812
18.95	93.790
19.05	91.494
18.98	91.517
19.00	91.494
18.95	91.494
18.93	91.494
19.37	94.302
19.42	94.325
19.30	94.325
19.44	94.302
19.39	94.302
19.99	96.241
20.02	96.219
19.95	96.241
20.03	96.197
19.96	96.174
20.47	97.668
20.42	97.690
20.55	97.645
20.50	97.668
20.49	97.601
20.57	95.394
20.51	95.417
20.57	95.394
20.45	95.394
20.59	95.394
20.56	94.525
20.56	94.503
20.55	94.503
20.51	94.503
20.65	94.525
20.64	93.745
20.52	93.767
20.56	93.745
20.61	93.745
20.57	93.745
20.58	93.366
20.58	93.411
20.60	93.389
20.62	93.411
20.52	93.366
20.55	92.363
20.59	92.363
20.62	92.363
20.60	92.363
20.60	92.363
20.66	91.094
20.63	91.117
20.62	91.117
20.65	91.072
20.56	91.139
20.53	86.927
20.59	86.927
20.48	86.949
20.55	86.905
20.55	86.949
20.49	87.038
20.52	86.994
20.56	86.994
20.50	86.994
20.57	86.971
20.28	82.848
20.41	82.804
20.30	82.826
20.36	82.848
20.28	82.871
20.38	83.651
20.28	83.628
20.34	83.628
20.31	83.651
20.22	83.628
20.02	78.503
20.03	78.458
19.96	78.525
20.00	78.525
20.03	78.525
19.63	71.995
19.57	72.017
19.55	72.039
19.56	71.995
19.61	72.062
19.23	67.471
19.16	67.515
19.28	67.515
19.19	67.493
19.29	67.493
19.24	67.939
19.25	67.894
19.24	67.983
19.22	68.006
19.15	67.939
19.24	68.318
19.18	68.340
19.19	68.384
19.26	68.340
19.16	68.362
18.53	59.113
18.55	59.113
18.59	59.113
18.55	59.069
18.62	59.136
18.26	55.926
18.33	55.926
18.29	55.949
18.20	55.949
18.28	55.993
17.81	50.087
17.71	50.065
17.79	50.065
17.79	50.065
17.81	50.132
17.73	51.268
17.76	51.313
17.84	51.291
17.76	51.268
17.82	51.268
17.07	44.984
17.12	44.939
17.19	44.805
17.08	44.828
17.13	44.828
17.10	43.802
17.16	43.713
17.03	43.802
17.08	43.780
17.17	43.758
17.10	44.047
17.05	44.092
17.08	44.047
17.16	44.070
17.09	44.070
17.10	44.537
17.08	44.559
17.04	44.515
17.10	44.492
17.17	44.537
16.64	38.809
16.65	38.765
16.56	38.765
16.66	38.787
16.67	38.809
15.97	33.483
16.06	33.461
16.08	33.394
16.06	33.394
16.11	33.416
15.59	28.156
15.51	28.156
15.59	28.179
15.63	28.201
15.61	28.179
14.95	22.874
14.94	22.874
14.99	22.897
14.92	22.852
14.93	22.763
14.95	24.033
14.95	23.966
14.91	23.989
14.94	24.033
14.90	23.989
14.90	24.278
14.96	24.278
14.87	24.256
14.90	24.278
14.93	24.256
14.32	17.971
14.30	18.016
14.24	18.016
14.38	17.994
14.32	18.016
13.58	12.489
13.63	12.511
13.53	12.489
13.56	12.511
13.66	12.511
13.34	11.219
13.29	11.196
13.33	11.219
13.42	11.196
13.32	11.219
12.69	7.965
12.82	7.965
12.78	7.942
12.73	7.987
12.79	7.965
12.79	8.656
12.68	8.611
12.75	8.633
12.77	8.656
12.75	8.656
12.13	4.733
12.01	4.733
12.03	4.755
12.08	4.733
12.08	4.755
11.63	2.638
11.53	2.638
11.58	2.638
11.60	2.683
11.63	2.683
11.50	3.440
11.59	3.396
11.59	3.396
11.54	3.440
11.58	3.418
11.50	3.864
11.53	3.864
11.58	3.886
11.57	3.841
11.58	3.864
10.95	0.855
10.92	0.810
11.02	0.810
10.94	0.788
10.97	0.833
10.97	1.011
10.98	0.989
10.94	1.033
10.89	0.989
11.00	0.989
10.97	1.100
10.93	1.167
11.00	1.122
10.97	1.145
10.91	1.167
10.91	1.323
10.90	1.345
10.98	1.345
10.91	1.301
10.87	1.368
10.89	1.368
10.93	1.412
10.92	1.368
10.90	1.390
10.97	1.368
10.88	1.368
10.88	1.390
10.91	1.345
10.99	1.323
10.92	1.368
10.94	1.390
10.91	1.390
10.91	1.412
10.91	1.390
10.91	1.390
10.83	1.349
10.89	1.349
10.97	1.371
10.91	1.371
10.89	1.349
10.85	1.460
10.89	1.460
10.89	1.460
10.88	1.460
10.87	1.460
10.93	1.460
10.82	1.460
10.89	1.438
10.88	1.438
10.86	1.460
10.89	1.572
10.85	1.572
10.89	1.572
10.84	1.549
10.85	1.549
10.23	0.145
10.20	0.079
10.21	0.101
10.23	0.145
10.24	0.168
7.26	-6.652
7.20	-6.630
7.15	-6.652
7.17	-6.630
7.26	-6.607
7.25	-5.961
7.17	-6.050
7.22	-6.028
7.24	-6.050
7.18	-6.028
5.63	-8.791
5.55	-8.836
5.54	-8.769
5.52	-8.769
5.63	-8.791
4.37	-10.864
4.30	-10.909
4.33	-10.864
4.31	-10.886
4.32	-10.864
4.31	-9.884
4.30	-9.861
4.31	-9.884
4.27	-9.906
4.27	-9.884
4.23	-9.928
4.29	-9.906
4.30	-9.906
4.32	-9.928
4.28	-9.884
3.04	-13.650
2.99	-13.672
2.96	-13.605
2.94	-13.628
3.05	-13.672
2.28	-15.477
2.27	-15.455
2.23	-15.477
2.35	-15.455
2.28	-15.477
1.55	-17.706
1.47	-17.751
1.55	-17.706
1.55	-17.728
1.55	-17.684
0.79	-19.801
0.87	-19.846
0.89	-19.823
0.89	-19.779
0.87	-19.779
0.08	-22.676
0.05	-22.654
0.08	-22.609
0.00	-22.631
0.07	-22.587
0.01	-21.183
0.08	-21.205
0.00	-21.161
-0.02	-21.205
0.00	-21.183
-0.33	-23.590
-0.30	-23.612
-0.36	-23.590
-0.33	-23.590
-0.32	-23.568
-0.50	-24.660
-0.62	-24.660
-0.59	-24.660
-0.53	-24.637
-0.54	-24.660
-1.03	-26.621
-1.01	-26.576
-1.05	-26.598
-1.00	-26.576
-1.04	-26.576
-1.06	-25.885
-1.03	-25.908
-1.05	-25.885
-1.08	-25.863
-1.06	-25.885
-1.60	-28.671
-1.60	-28.738
-1.57	-28.671
-1.56	-28.716
-1.67	-28.693
-2.17	-31.056
-2.13	-31.078
-2.13	-31.034
-2.13	-31.011
-2.15	-31.011
-2.75	-33.485
-2.72	-33.418
-2.66	-33.485
-2.66	-33.418
-2.69	-33.418
-2.68	-32.192
-2.74	-32.237
-2.68	-32.170
-2.69	-32.192
-2.70	-32.215
-3.38	-36.093
-3.29	-36.137
-3.30	-36.070
-3.31	-36.093
-3.32	-36.070
-3.32	-34.555
-3.32	-34.510
-3.38	-34.532
-3.35	-34.532
-3.32	-34.510
-3.85	-38.477
-3.89	-38.477
-3.90	-38.477
-3.90	-38.477
-3.84	-38.455
-4.28	-40.015
-4.26	-39.993
-4.30	-39.970
-4.28	-39.970
-4.27	-39.970
-4.74	-42.221
-4.72	-42.221
-4.69	-42.199
-4.67	-42.199
-4.71	-42.199
-5.18	-44.584
-5.18	-44.561
-5.25	-44.561
-5.20	-44.561
-5.18	-44.561
-5.25	-42.912
-5.25	-42.868
-5.26	-42.912
-5.19	-42.890
-5.20	-42.868
-5.24	-42.779
-5.21	-42.756
-5.22	-42.756
-5.24	-42.801
-5.27	-42.734
-5.87	-47.280
-5.79	-47.258
-5.84	-47.280
-5.82	-47.303
-5.77	-47.303
-6.25	-49.286
-6.21	-49.242
-6.26	-49.242
-6.23	-49.242
-6.21	-49.197
-6.68	-51.337
-6.69	-51.337
-6.73	-51.292
-6.66	-51.314
-6.68	-51.292
-7.20	-53.610
-7.19	-53.588
-7.19	-53.588
-7.16	-53.565
-7.19	-53.588
-7.67	-55.705
-7.63	-55.682
-7.62	-55.660
-7.62	-55.705
-7.69	-55.682
-8.15	-57.733
-8.12	-57.711
-8.14	-57.733
-8.12	-57.733
-8.16	-57.711
-8.48	-59.895
-8.49	-59.872
-8.51	-59.850
-8.48	-59.872
-8.54	-59.805
-9.08	-62.190
-9.01	-62.190
-9.02	-62.212
-9.03	-62.190
-9.00	-62.168
-9.35	-63.416
-9.39	-63.438
-9.36	-63.394
-9.36	-63.416
-9.45	-63.371
-9.94	-66.625
-10.03	-66.647
-9.95	-66.603
-9.95	-66.603
-10.06	-66.581
-10.00	-64.530
-10.03	-64.530
-10.02	-64.553
-10.04	-64.508
-10.10	-64.508
-10.03	-63.328
-10.07	-63.328
-10.04	-63.328
-10.06	-63.350
-10.08	-63.328
-10.56	-68.476
-10.55	-68.543
-10.54	-68.543
-10.60	-68.499
-10.54	-68.521
-10.57	-67.206
-10.52	-67.184
-10.63	-67.206
-10.61	-67.184
-10.53	-67.206
-11.15	-71.596
-11.14	-71.530
-11.17	-71.507
-11.17	-71.530
-11.17	-71.530
-11.17	-70.282
-11.17	-70.282
-11.25	-70.282
-11.20	-70.304
-11.13	-70.259
-11.53	-72.822
-11.54	-72.800
-11.56	-72.822
-11.53	-72.778
-11.56	-72.778
-12.07	-75.140
-12.12	-75.162
-12.12	-75.140
-12.15	-75.118
-12.08	-75.140
-12.51	-77.725
-12.55	-77.681
-12.57	-77.681
-12.50	-77.703
-12.52	-77.614
-12.63	-75.764
-12.56	-75.809
-12.59	-75.742
-12.59	-75.720
-12.55	-75.742
-13.24	-80.533
-13.25	-80.489
-13.27	-80.489
-13.27	-80.489
-13.21	-80.422
-13.71	-81.804
-13.69	-81.826
-13.75	-81.804
-13.67	-81.781
-13.71	-81.759
-14.44	-84.322
-14.37	-84.389
-14.41	-84.300
-14.39	-84.344
-14.36	-84.322
-14.43	-82.717
-14.39	-82.717
-14.39	-82.717
-14.41	-82.740
-14.45	-82.717
-14.42	-82.517
-14.46	-82.539
-14.40	-82.517
-14.39	-82.539
-14.41	-82.539
-15.00	-86.863
-14.96	-86.841
-14.97	-86.841
-14.95	-86.841
-15.00	-86.796
-15.41	-88.824
-15.43	-88.779
-15.42	-88.713
-15.37	-88.713
-15.41	-88.690
-15.46	-86.729
-15.43	-86.729
-15.40	-86.751
-15.44	-86.729
-15.50	-86.729
-15.52	-85.124
-15.54	-85.102
-15.53	-85.147
-15.46	-85.080
-15.53	-85.102
-15.80	-89.225
-15.79	-89.225
-15.87	-89.247
-15.85	-89.203
-15.78	-89.181
-16.33	-91.543
-16.34	-91.543
-16.41	-91.543
-16.32	-91.521
-16.35	-91.543
-16.37	-89.671
-16.43	-89.671
-16.35	-89.649
-16.36	-89.626
-16.41	-89.649
-16.40	-89.225
-16.39	-89.225
-16.38	-89.247
-16.40	-89.247
-16.41	-89.247
-16.78	-92.657
-16.78	-92.657
-16.80	-92.635
-16.76	-92.635
-16.78	-92.613
-17.08	-94.217
-17.08	-94.173
-17.10	-94.173
-17.04	-94.151
-17.12	-94.084
-17.14	-91.900
-17.13	-91.877
-17.14	-91.922
-17.11	-91.922
-17.17	-91.900
-17.15	-91.966
-17.15	-91.944
-17.12	-91.944
-17.15	-91.966
-17.14	-91.989
-17.62	-95.421
-17.66	-95.354
-17.62	-95.376
-17.65	-95.354
-17.57	-95.399
-18.16	-96.869
-18.17	-96.825
-18.23	-96.847
-18.20	-96.825
-18.20	-96.825
-18.24	-94.819
-18.16	-94.819
-18.22	-94.819
-18.23	-94.841
-18.25	-94.797
-18.83	-99.031
-18.83	-99.009
-18.81	-98.964
-18.83	-98.920
-18.89	-98.920
-18.86	-96.803
-18.87	-96.758
-18.88	-96.758
-18.90	-96.736
-18.82	-96.780
-19.45	-100.101
-19.40	-100.101
-19.41	-100.079
-19.46	-100.056
-19.41	-100.012
-19.65	-100.190
-19.68	-100.212
-19.60	-100.190
-19.66	-100.190
-19.69	-100.190
-19.63	-99.343
-19.66	-99.321
-19.67	-99.343
-19.70	-99.321
-19.63	-99.343
-19.65	-98.385
-19.68	-98.407
-19.69	-98.385
-19.68	-98.407
-19.66	-98.385
-19.71	-98.296
-19.66	-98.296
-19.71	-98.318
-19.72	-98.274
-19.72	-98.274
-19.78	-95.528
-19.78	-95.528
-19.83	-95.528
-19.76	-95.550
-19.78	-95.505
-19.76	-95.327
-19.79	-95.349
-19.82	-95.305
-19.72	-95.372
-19.79	-95.327
-19.59	-89.265
-19.63	-89.287
-19.62	-89.332
-19.62	-89.332
-19.58	-89.376
-19.63	-89.087
-19.58	-89.064
-19.58	-89.087
-19.64	-89.087
-19.59	-89.109
-19.21	-83.136
-19.23	-83.136
-19.24	-83.203
-19.19	-83.225
-19.28	-83.203
-18.89	-77.943
-18.85	-77.966
-18.98	-77.943
-18.87	-77.988
-18.90	-77.943
-18.88	-79.459
-18.90	-79.392
-18.86	-79.414
-18.88	-79.414
-18.86	-79.414
-18.32	-71.636
-18.37	-71.748
-18.30	-71.859
-18.37	-71.792
-18.38	-71.725
-17.93	-66.421
-17.95	-66.421
-17.91	-66.421
-17.90	-66.421
-17.92	-66.421
-17.90	-66.845
-17.86	-66.822
-17.91	-66.822
-17.95	-66.845
-17.88	-66.845
-17.91	-66.934
-17.86	-66.889
-17.94	-66.934
-17.87	-66.867
-17.90	-66.889
-17.48	-61.719
-17.45	-61.697
-17.49	-61.697
-17.49	-61.719
-17.47	-61.697
-17.47	-62.432
-17.47	-62.477
-17.44	-62.454
-17.42	-62.477
-17.53	-62.499
-16.94	-55.568
-16.97	-55.479
-16.98	-55.523
-17.01	-55.501
-16.94	-55.434
-16.53	-50.353
-16.49	-50.375
-16.48	-50.375
-16.46	-50.330
-16.50	-50.353
-16.03	-45.561
-16.04	-45.561
-15.98	-45.583
-16.02	-45.606
-16.00	-45.561
-16.01	-46.721
-16.01	-46.699
-15.99	-46.721
-15.99	-46.699
-15.99	-46.744
-15.15	-37.250
-15.16	-37.294
-15.15	-37.272
-15.12	-37.316
-15.17	-37.316
-15.09	-38.498
-15.20	-38.520
-15.13	-38.520
-15.15	-38.498
-15.09	-38.542
-14.73	-33.617
-14.73	-33.661
-14.69	-33.639
-14.72	-33.639
-14.64	-33.639
-14.08	-28.112
-14.08	-28.134
-14.07	-28.112
-14.14	-28.134
-14.07	-28.112
-13.51	-23.075
-13.46	-23.098
-13.43	-23.120
-13.45	-23.120
-13.45	-23.098
-13.40	-24.056
-13.48	-24.034
-13.39	-24.078
-13.44	-24.056
-13.47	-24.011
-13.43	-24.256
-13.41	-24.234
-13.44	-24.279
-13.43	-24.279
-13.45	-24.234
-12.76	-17.994
-12.75	-17.972
-12.71	-17.972
-12.80	-17.972
-12.77	-18.016
-11.89	-12.846
-11.97	-12.846
-12.02	-12.890
-11.94	-12.890
-11.96	-12.890
-11.25	-9.057
-11.21	-9.035
-11.24	-9.079
-11.18	-9.102
-11.30	-9.102
-10.76	-6.962
-10.82	-6.962
-10.76	-6.940
-10.80	-7.007
-10.82	-6.984
-10.79	-7.787
-10.75	-7.742
-10.78	-7.809
-10.74	-7.809
-10.81	-7.809
-10.75	-8.166
-10.76	-8.143
-10.76	-8.143
-10.77	-8.143
-10.77	-8.143
-10.57	-6.271
-10.58	-6.293
-10.54	-6.316
-10.53	-6.271
-10.54	-6.316
-7.66	0.147
-7.65	0.170
-7.65	0.170
-7.66	0.147
-7.68	0.103
-6.22	3.379
-6.26	3.379
-6.21	3.357
-6.24	3.379
-6.18	3.312
-6.24	2.755
-6.16	2.755
-6.25	2.710
-6.20	2.710
-6.20	2.710
-6.19	2.398
-6.18	2.421
-6.22	2.421
-6.21	2.398
-6.25	2.398
-6.30	2.153
-6.21	2.220
-6.26	2.153
-6.25	2.153
-6.21	2.175
-6.27	1.997
-6.29	1.953
-6.26	1.997
-6.28	1.975
-6.33	2.019
-6.37	1.774
-6.33	1.774
-6.32	1.730
-6.38	1.797
-6.32	1.752
-6.36	1.485
-6.42	1.485
-6.43	1.507
-6.39	1.485
-6.37	1.485
-6.46	1.373
-6.46	1.329
-6.44	1.395
-6.50	1.373
-6.44	1.351
-6.57	1.306
-6.43	1.329
-6.50	1.329
-6.48	1.284
-6.46	1.284
-6.60	1.150
-6.54	1.173
-6.65	1.128
-6.60	1.128
-6.59	1.150
-6.65	1.039
-6.59	1.039
-6.63	1.017
-6.62	1.039
-6.60	1.017
-6.62	1.017
-6.67	0.972
-6.65	0.994
-6.66	0.927
-6.68	0.972
-6.75	0.838
-6.70	0.838
-6.70	0.861
-6.74	0.905
-6.72	0.816
-6.74	0.816
-6.74	0.749
-6.74	0.794
-6.74	0.794
-6.75	0.838
-6.73	0.816
-6.74	0.816
-6.82	0.838
-6.74	0.816
-6.72	0.838
-6.74	0.883
-6.74	0.883
-6.76	0.861
-6.72	0.794
-6.73	0.861
-6.76	0.883
-6.76	0.861
-6.75	0.838
-6.80	0.883
-6.72	0.905
-6.78	0.883
-6.74	0.883
-6.72	0.861
-6.76	0.905
-6.78	0.861
-6.75	0.927
-6.76	0.972
-6.80	0.950
-6.71	0.927
-6.76	0.950
-6.78	1.017
-6.72	1.061
-6.73	1.039
-6.79	1.061
-6.74	1.039
-6.71	1.284
-6.79	1.284
-6.78	1.284
-6.75	1.284
-6.75	1.262
-6.67	1.485
-6.68	1.462
-6.73	1.529
-6.73	1.529
-6.67	1.507
-6.35	2.510
-6.35	2.487
-6.39	2.510
-6.33	2.532
-6.36	2.532
-6.32	2.710
-6.35	2.688
-6.24	2.643
-6.30	2.643
-6.28	2.666
-6.09	3.156
-6.08	3.201
-6.06	3.178
-6.04	3.178
-6.06	3.178
-5.35	2.736
-5.39	2.781
-5.37	2.736
-5.34	2.759
-5.32	2.714
-5.35	2.803
-5.29	2.736
-5.41	2.759
-5.31	2.759
-5.36	2.736
-5.35	2.825
-5.31	2.803
-5.43	2.803
-5.33	2.781
-5.36	2.803
-5.39	2.870
-5.35	2.870
-5.35	2.870
-5.36	2.848
-5.36	2.848
-5.41	2.868
-5.33	2.846
-5.35	2.891
-5.33	2.824
-5.40	2.868
-5.35	2.935
-5.35	2.935
-5.36	2.957
-5.40	2.980
-5.35	2.980
-5.40	2.913
-5.38	2.935
-5.35	2.913
-5.37	2.980
-5.35	2.913
-5.29	3.042
-5.38	2.998
-5.30	3.065
-5.25	3.042
-5.30	2.998
-5.28	1.527
-5.28	1.482
-5.28	1.527
-5.24	1.505
-5.26	1.482
-5.08	2.485
-5.05	2.485
-5.05	2.441
-5.06	2.485
-5.01	2.441
-4.05	5.115
-4.08	5.115
-4.03	5.115
-4.03	5.093
-4.05	5.093
-3.20	6.408
-3.17	6.341
-3.20	6.408
-3.16	6.385
-3.17	6.452
-3.20	5.851
-3.21	5.851
-3.18	5.873
-3.14	5.828
-3.17	5.895
-1.95	8.859
-2.00	8.859
-1.93	8.859
-1.94	8.881
-1.96	8.837
-0.96	11.222
-0.96	11.222
-0.98	11.244
-1.00	11.222
-0.97	11.244
-0.14	13.495
-0.12	13.562
-0.12	13.584
-0.18	13.517
-0.14	13.539
0.54	15.590
0.49	15.612
0.54	15.590
0.53	15.590
0.47	15.545
1.27	18.309
1.29	18.331
1.26	18.353
1.27	18.264
1.27	18.286
1.85	20.315
1.77	20.359
1.79	20.337
1.84	20.315
1.74	20.337
2.35	22.432
2.39	22.387
2.40	22.387
2.36	22.343
2.43	22.387
2.38	21.228
2.44	21.273
2.43	21.228
2.38	21.206
2.37	21.206
2.94	24.750
3.07	24.727
3.05	24.727
2.99	24.750
3.06	24.750
3.45	26.510
3.44	26.510
3.42	26.510
3.46	26.532
3.45	26.488
3.99	29.274
4.02	29.251
4.03	29.207
3.99	29.251
4.03	29.207
4.45	31.146
4.43	31.123
4.49	31.123
4.46	31.146
4.43	31.146
5.07	33.352
5.04	33.397
5.10	33.263
5.03	33.308
4.97	33.308
5.56	35.826
5.59	35.826
5.48	35.826
5.52	35.781
5.59	35.826
5.95	37.564
5.89	37.520
5.86	37.520
5.98	37.497
5.94	37.475
5.96	36.517
5.95	36.561
5.93	36.584
5.98	36.539
5.91	36.539
6.46	39.949
6.39	39.904
6.40	39.927
6.48	39.927
6.40	39.949
6.43	38.857
6.49	38.902
6.39	38.812
6.36	38.879
6.47	38.879
6.92	42.557
6.95	42.579
6.93	42.534
6.85	42.534
6.94	42.534
7.32	44.429
7.34	44.429
7.41	44.406
7.38	44.384
7.39	44.384
7.40	42.490
7.46	42.467
7.41	42.467
7.39	42.423
7.44	42.423
7.37	42.222
7.39	42.200
7.46	42.245
7.42	42.267
7.41	42.245
7.68	44.852
7.65	44.874
7.58	44.852
7.65	44.830
7.69	44.852
8.10	47.571
8.09	47.616
8.02	47.549
8.08	47.571
8.07	47.571
8.40	49.577
8.42	49.621
8.41	49.599
8.43	49.577
8.42	49.555
8.81	50.936
8.69	50.914
8.74	50.914
8.84	50.892
8.80	50.847
9.32	53.655
9.26	53.633
9.31	53.633
9.31	53.611
9.27	53.588
9.84	55.906
9.90	55.884
9.85	55.884
9.78	55.884
9.84	55.839
10.30	58.113
10.31	58.068
10.29	58.068
10.32	58.046
10.25	57.979
10.83	60.542
10.82	60.564
10.87	60.497
10.87	60.497
10.75	60.497
10.86	59.472
10.86	59.517
10.84	59.494
10.89	59.517
10.90	59.472
11.38	62.726
11.32	62.793
11.37	62.748
11.38	62.748
11.37	62.748
11.80	64.799
11.79	64.843
11.73	64.776
11.78	64.799
11.81	64.754
12.23	66.113
12.09	66.069
12.12	66.113
12.24	66.069
12.16	66.047
12.22	62.142
12.27	62.142
12.21	62.142
12.21	62.142
12.28	62.142
12.28	61.897
12.19	61.941
12.19	61.897
12.26	61.897
12.21	61.919
12.64	67.312
12.60	67.312
12.53	67.290
12.59	67.268
12.62	67.268
12.82	69.006
12.84	68.939
12.92	68.962
12.86	68.962
12.86	68.939
13.39	71.190
13.36	71.123
13.38	71.146
13.39	71.146
13.29	71.123
13.33	69.675
13.44	69.653
13.43	69.653
13.30	69.653
13.37	69.608
13.80	73.196
13.82	73.285
13.86	73.330
13.79	73.263
13.76	73.352
14.36	75.514
14.39	75.514
14.36	75.536
14.35	75.514
14.39	75.536
15.06	79.191
15.04	79.191
15.13	79.213
15.10	79.169
15.12	79.213
15.21	76.963
15.11	76.963
15.05	76.963
15.19	76.896
15.14	76.940
15.49	79.904
15.60	79.882
15.58	79.882
15.53	79.860
15.59	79.838
15.92	80.907
15.99	80.907
15.96	80.885
15.85	80.863
15.95	80.818
16.31	82.735
16.28	82.712
16.38	82.690
16.28	82.712
16.21	82.690
16.80	85.298
16.87	85.320
16.94	85.320
16.83	85.253
16.90	85.275
16.95	83.337
16.87	83.292
16.92	83.337
16.98	83.381
16.91	83.337
17.35	86.523
17.34	86.523
17.42	86.501
17.31	86.501
17.32	86.479
17.90	88.685
17.96	88.708
17.96	88.641
17.90	88.663
17.99	88.641
17.99	86.746
17.91	86.702
18.03	86.702
17.98	86.702
17.88	86.679
18.48	90.624
18.58	90.580
18.44	90.602
18.43	90.535
18.56	90.557
18.94	91.560
19.00	91.538
18.92	91.538
18.95	91.538
18.95	91.516
18.98	89.688
18.99	89.688
18.96	89.710
19.00	89.688
18.91	89.710
19.52	93.499
19.58	93.477
19.55	93.455
19.59	93.388
19.62	93.432
19.58	91.427
19.58	91.449
19.68	91.471
19.61	91.382
19.63	91.404
20.06	94.324
20.08	94.279
20.07	94.302
20.05	94.235
20.03	94.279
20.45	96.151
20.52	96.196
20.54	96.107
20.54	96.129
20.52	96.151
20.63	89.869
20.65	89.869
20.63	89.869
20.70	89.869
20.67	89.847
20.44	83.428
20.47	83.428
20.37	83.450
20.46	83.428
20.44	83.450
20.42	83.941
20.45	83.963
20.40	83.985
20.46	84.008
20.47	83.963
20.13	79.751
20.06	79.773
20.17	79.751
20.13	79.773
20.00	79.751
19.70	73.600
19.65	73.622
19.65	73.600
19.69	73.644
19.69	73.644
19.28	67.048
19.32	67.048
19.34	67.048
19.35	67.025
19.34	67.025
19.32	67.471
19.27	67.404
19.36	67.382
19.29	67.404
19.24	67.426
18.67	59.648
18.76	59.648
18.80	59.693
18.73	59.715
18.78	59.693
18.26	54.210
18.27	54.210
18.28	54.210
18.22	54.166
18.28	54.188
18.22	55.458
18.26	55.436
18.27	55.481
18.20	55.458
18.25	55.436
17.88	49.909
17.84	49.909
17.83	50.021
17.87	49.954
17.83	49.909
17.30	43.691
17.24	43.535
17.33	43.513
17.27	43.758
17.32	43.959
17.22	43.156
17.16	43.179
17.24	43.201
17.17	43.268
17.16	43.357
17.21	44.625
17.15	44.692
17.19	44.580
17.21	44.669
17.13	44.625
16.73	38.719
16.75	38.719
16.70	38.719
16.74	38.719
16.70	38.696
16.71	39.365
16.73	39.365
16.66	39.365
16.71	39.343
16.74	39.410
16.22	33.214
16.16	33.236
16.22	33.192
16.20	33.259
16.21	33.236
15.61	28.400
15.61	28.445
15.66	28.400
15.53	28.489
15.64	28.445
15.00	22.472
14.93	22.516
15.03	22.472
14.99	22.516
14.99	22.516
15.00	23.007
14.96	23.029
14.97	22.984
14.97	23.007
14.99	23.007
14.95	23.452
14.99	23.408
14.87	23.408
14.98	23.408
15.01	23.430
14.42	17.881
14.39	17.859
14.41	17.814
14.39	17.925
14.42	17.948
13.77	13.312
13.81	13.334
13.76	13.290
13.85	13.334
13.79	13.357
13.08	9.456
13.18	9.456
13.14	9.434
13.07	9.523
13.18	9.434
12.92	9.456
12.94	9.456
13.02	9.479
12.96	9.479
13.02	9.501
12.67	7.473
12.76	7.451
12.70	7.406
12.63	7.518
12.75	7.473
12.08	4.888
12.09	4.910
12.20	4.910
12.12	4.910
12.16	4.910
11.70	3.016
11.78	2.993
11.69	2.993
11.69	2.993
11.79	3.016
11.71	3.996
11.63	3.996
11.66	4.019
11.70	3.974
11.63	3.996
11.63	5.044
11.70	5.088
11.64	4.999
11.60	4.999
11.73	5.044
11.59	3.461
11.63	3.417
11.61	3.417
11.66	3.395
11.60	3.372
11.39	2.503
11.49	2.525
11.52	2.458
11.46	2.503
11.49	2.525
11.03	0.720
11.06	0.720
11.05	0.720
11.08	0.742
10.98	0.742
11.06	0.876
11.07	0.854
11.02	0.876
11.09	0.876
10.98	0.921
11.03	2.325
11.04	2.280
11.07	2.280
11.03	2.280
11.01	2.302
11.02	2.815
11.08	2.860
11.00	2.860
11.11	2.860
11.03	2.904
10.87	3.178
10.90	3.223
10.84	3.156
10.92	3.223
10.85	3.156
10.85	3.156
10.84	3.156
10.89	3.178
10.86	3.178
10.88	3.178
10.79	2.086
10.74	2.109
10.82	2.131
10.77	2.109
10.77	2.153
9.78	-0.343
9.80	-0.298
9.80	-0.298
9.79	-0.321
9.81	-0.276
7.32	-6.583
7.24	-6.583
7.29	-6.583
7.26	-6.605
7.30	-6.539
7.32	-6.160
7.30	-6.115
7.31	-6.115
7.30	-6.115
7.31	-6.115
7.26	-5.848
7.28	-5.848
7.21	-5.848
7.26	-5.892
7.24	-5.803
5.37	-9.035
5.33	-9.012
5.39	-9.035
5.34	-8.990
5.37	-9.012
4.07	-11.040
4.09	-11.040
4.12	-11.085
4.12	-11.040
4.11	-11.018
3.09	-13.158
3.12	-13.180
3.07	-13.180
3.12	-13.135
3.08	-13.135
2.08	-15.654
2.09	-15.654
2.10	-15.676
2.14	-15.632
2.14	-15.609
2.06	-14.718
2.04	-14.718
2.05	-14.695
2.07	-14.740
2.05	-14.695
1.14	-18.261
1.11	-18.239
1.11	-18.261
1.11	-18.261
1.13	-18.217
0.49	-20.289
0.54	-20.289
0.54	-20.267
0.54	-20.245
0.51	-20.223
-0.15	-22.496
-0.13	-22.518
-0.13	-22.496
-0.11	-22.474
-0.16	-22.474
-0.16	-21.404
-0.20	-21.426
-0.15	-21.404
-0.18	-21.404
-0.13	-21.381
-0.13	-21.159
-0.13	-21.203
-0.13	-21.181
-0.15	-21.203
-0.15	-21.203
-0.78	-24.858
-0.78	-24.858
-0.78	-24.858
-0.80	-24.836
-0.82	-24.814
-0.86	-24.034
-0.86	-24.034
-0.89	-24.034
-0.85	-24.011
-0.84	-24.034
-1.31	-26.730
-1.34	-26.686
-1.31	-26.708
-1.36	-26.686
-1.33	-26.686
-1.85	-28.870
-1.88	-28.870
-1.86	-28.847
-1.89	-28.825
-1.88	-28.870
-2.46	-31.366
-2.46	-31.366
-2.41	-31.366
-2.44	-31.344
-2.44	-31.321
-2.97	-33.684
-3.03	-33.684
-2.97	-33.661
-3.04	-33.639
-3.01	-33.639
-3.51	-35.578
-3.42	-35.556
-3.48	-35.578
-3.41	-35.533
-3.45	-35.511
-4.15	-38.520
-4.12	-38.498
-4.15	-38.498
-4.14	-38.453
-4.13	-38.453
-4.58	-40.704
-4.57	-40.704
-4.60	-40.682
-4.55	-40.659
-4.55	-40.682
-4.97	-41.907
-4.93	-41.885
-4.93	-41.930
-4.87	-41.885
-4.86	-41.885
-5.38	-44.091
-5.40	-44.069
-5.33	-44.069
-5.37	-44.069
-5.35	-44.025
-5.39	-42.554
-5.39	-42.598
-5.41	-42.598
-5.38	-42.554
-5.41	-42.576
-5.98	-46.855
-6.01	-46.877
-6.00	-46.855
-6.03	-46.855
-6.01	-46.810
-6.45	-48.816
-6.45	-48.861
-6.42	-48.839
-6.43	-48.839
-6.40	-48.794
-6.98	-51.491
-6.97	-51.468
-7.00	-51.468
-6.95	-51.446
-7.02	-51.468
-7.30	-53.140
-7.33	-53.095
-7.32	-53.118
-7.32	-53.118
-7.32	-53.118
-7.82	-55.257
-7.88	-55.257
-7.83	-55.213
-7.89	-55.257
-7.87	-55.257
-8.29	-57.419
-8.30	-57.419
-8.30	-57.374
-8.28	-57.397
-8.27	-57.374
-8.91	-59.180
-8.92	-59.224
-8.89	-59.202
-8.93	-59.224
-8.91	-59.224
-9.33	-62.456
-9.32	-62.478
-9.34	-62.478
-9.28	-62.411
-9.30	-62.411
-9.83	-65.353
-9.80	-65.286
-9.79	-65.286
-9.81	-65.286
-9.82	-65.264
-10.33	-67.091
-10.38	-67.114
-10.33	-67.091
-10.32	-67.069
-10.34	-67.069
-10.40	-65.175
-10.36	-65.219
-10.41	-65.197
-10.39	-65.197
-10.38	-65.241
-10.45	-63.857
-10.43	-63.835
-10.44	-63.835
-10.44	-63.857
-10.41	-63.835
-10.65	-66.666
-10.63	-66.688
-10.67	-66.666
-10.66	-66.688
-10.62	-66.666
-10.89	-68.850
-10.88	-68.872
-10.91	-68.872
-10.87	-68.805
-10.93	-68.850
-10.96	-67.624
-10.95	-67.602
-10.98	-67.602
-10.92	-67.602
-10.97	-67.602
-11.31	-71.323
-11.35	-71.368
-11.33	-71.301
-11.37	-71.279
-11.35	-71.279
-11.85	-72.839
-11.84	-72.861
-11.87	-72.839
-11.85	-72.817
-11.90	-72.817
-12.29	-75.848
-12.29	-75.781
-12.25	-75.781
-12.26	-75.736
-12.25	-75.692
-12.32	-73.641
-12.35	-73.686
-12.30	-73.686
-12.36	-73.664
-12.32	-73.664
-12.69	-77.341
-12.71	-77.296
-12.71	-77.274
-12.69	-77.274
-12.70	-77.274
-13.14	-79.436
-13.16	-79.414
-13.16	-79.414
-13.19	-79.369
-13.19	-79.324
-13.22	-77.385
-13.25	-77.430
-13.19	-77.408
-13.23	-77.452
-13.17	-77.363
-13.89	-81.776
-13.90	-81.731
-13.88	-81.731
-13.87	-81.709
-13.85	-81.709
-14.35	-83.737
-14.32	-83.737
-14.34	-83.737
-14.35	-83.737
-14.37	-83.715
-14.85	-85.921
-14.83	-85.899
-14.86	-85.899
-14.84	-85.854
-14.85	-85.877
-14.93	-83.737
-14.88	-83.715
-14.94	-83.737
-14.91	-83.782
-14.93	-83.759
-15.49	-87.927
-15.55	-87.882
-15.49	-87.905
-15.53	-87.882
-15.49	-87.882
-15.57	-85.966
-15.58	-85.988
-15.58	-85.943
-15.56	-85.943
-15.56	-85.988
-15.54	-85.253
-15.57	-85.253
-15.58	-85.275
-15.57	-85.253
-15.58	-85.230
-15.98	-89.420
-16.00	-89.420
-16.00	-89.398
-16.00	-89.398
-16.04	-89.353
-16.76	-92.696
-16.72	-92.674
-16.73	-92.652
-16.73	-92.629
-16.76	-92.652
-16.78	-90.089
-16.77	-90.111
-16.79	-90.044
-16.82	-90.066
-16.80	-90.044
-17.26	-94.212
-17.29	-94.256
-17.25	-94.190
-17.28	-94.167
-17.26	-94.167
-17.75	-95.504
-17.76	-95.504
-17.77	-95.460
-17.77	-95.460
-17.80	-95.460
-17.85	-93.276
-17.78	-93.253
-17.80	-93.253
-17.82	-93.231
-17.80	-93.276
-18.37	-96.975
-18.35	-96.953
-18.35	-96.931
-18.33	-96.908
-18.33	-96.886
-18.83	-97.845
-18.83	-97.822
-18.82	-97.822
-18.82	-97.822
-18.79	-97.800
-18.83	-95.861
-18.85	-95.861
-18.79	-95.861
-18.80	-95.861
-18.83	-95.861
-19.25	-99.627
-19.27	-99.627
-19.27	-99.561
-19.28	-99.561
-19.32	-99.561
-19.78	-100.987
-19.82	-100.965
-19.77	-100.987
-19.76	-100.942
-19.74	-100.920
-19.84	-95.818
-19.86	-95.818
-19.89	-95.818
-19.90	-95.840
-19.93	-95.862
-19.80	-90.647
-19.81	-90.692
-19.84	-90.692
-19.86	-90.647
-19.86	-90.670
-19.72	-89.087
-19.66	-89.065
-19.68	-89.065
-19.69	-89.087
-19.71	-89.087
-19.68	-89.020
-19.72	-89.020
-19.75	-89.020
-19.76	-88.998
-19.74	-88.998
-19.24	-82.268
-19.27	-82.268
-19.26	-82.312
-19.27	-82.268
-19.23	-82.268
-19.23	-83.582
-19.19	-83.538
-19.20	-83.538
-19.24	-83.560
-19.25	-83.560
-18.92	-78.301
-18.91	-78.345
-18.92	-78.345
-18.92	-78.412
-18.97	-78.523
-18.41	-71.481
-18.45	-71.280
-18.45	-71.147
-18.49	-71.102
-18.42	-71.124
-17.92	-65.196
-17.94	-65.285
-17.94	-65.241
-17.95	-65.285
-17.88	-65.241
-17.84	-65.976
-17.87	-65.954
-17.88	-65.932
-17.90	-65.932
-17.92	-65.954
-17.89	-66.266
-17.89	-66.244
-17.88	-66.199
-17.89	-66.177
-17.92	-66.132
-17.46	-60.338
-17.47	-60.338
-17.47	-60.360
-17.52	-60.338
-17.50	-60.338
-17.14	-56.482
-17.17	-56.460
-17.16	-56.460
-17.17	-56.415
-17.13	-56.371
-16.48	-49.751
-16.50	-49.774
-16.49	-49.729
-16.53	-49.774
-16.46	-49.751
-16.00	-44.960
-16.00	-44.960
-15.98	-45.004
-16.00	-45.027
-16.03	-45.049
-16.04	-45.829
-15.97	-45.784
-15.98	-45.784
-16.00	-45.784
-16.01	-45.807
-15.99	-46.833
-16.01	-46.856
-16.00	-46.811
-15.97	-46.856
-15.97	-46.833
-15.99	-46.967
-16.03	-46.967
-15.98	-47.012
-15.98	-46.967
-15.99	-46.945
-15.40	-38.832
-15.34	-38.810
-15.35	-38.855
-15.38	-38.877
-15.35	-38.832
-14.77	-33.105
-14.73	-33.082
-14.73	-33.105
-14.73	-33.105
-14.77	-33.082
-14.11	-27.867
-14.13	-27.890
-14.07	-27.867
-14.09	-27.890
-14.14	-27.890
-13.39	-22.585
-13.41	-22.541
-13.45	-22.563
-13.45	-22.541
-13.43	-22.563
-13.38	-23.566
-13.41	-23.566
-13.39	-23.566
-13.38	-23.566
-13.35	-23.566
-13.38	-23.900
-13.42	-23.900
-13.48	-23.923
-13.39	-23.878
-13.40	-23.878
-12.56	-16.590
-12.54	-16.635
-12.59	-16.568
-12.51	-16.635
-12.56	-16.635
-11.77	-11.620
-11.70	-11.665
-11.71	-11.643
-11.72	-11.665
-11.72	-11.665
-10.73	-6.673
-10.67	-6.673
-10.70	-6.695
-10.73	-6.717
-10.72	-6.717
-10.69	-7.252
-10.66	-7.275
-10.68	-7.297
-10.69	-7.297
-10.66	-7.297
-7.55	0.058
-7.54	0.080
-7.55	0.058
-7.55	0.058
-7.54	0.080
-7.82	-0.566
-7.82	-0.566
-7.82	-0.566
-7.82	-0.566
-7.82	-0.566
-6.36	2.866
-6.35	2.821
-6.36	2.888
-6.40	2.843
-6.36	2.799
-6.37	2.398
-6.36	2.442
-6.33	2.398
-6.41	2.420
-6.34	2.353
-6.43	1.328
-6.50	1.306
-6.47	1.350
-6.46	1.328
-6.46	1.350
-6.45	1.350
-6.51	1.350
-6.45	1.328
-6.43	1.328
-6.48	1.328
-6.50	1.462
-6.46	1.417
-6.47	1.462
-6.46	1.417
-6.47	1.350
-6.91	0.147
-6.96	0.147
-6.93	0.169
-6.97	0.125
-6.91	0.169
-7.00	0.169
-6.91	0.147
-6.93	0.191
-6.94	0.191
-6.95	0.191
-6.91	0.191
-6.90	0.169
-6.97	0.214
-6.92	0.214
-6.92	0.236
-6.92	0.370
-6.98	0.347
-6.94	0.370
-6.92	0.347
-6.89	0.325
-6.97	0.481
-6.92	0.481
-6.92	0.459
-6.96	0.481
-6.92	0.459
-6.92	0.682
-6.91	0.704
-6.89	0.704
-6.90	0.726
-6.96	0.771
-6.90	0.771
-6.90	0.793
-6.90	0.815
-6.91	0.771
-6.94	0.793
-6.94	0.882
-6.88	0.838
-6.86	0.860
-6.90	0.882
-6.90	0.882
-6.91	0.905
-6.93	0.905
-6.87	0.927
-6.90	0.971
-6.95	0.927
-6.90	0.971
-6.90	0.971
-6.89	0.994
-6.87	1.038
-6.87	1.016
-6.86	1.016
-6.89	1.061
-6.82	1.105
-6.84	1.061
-6.89	1.061
-6.89	1.194
-6.82	1.150
-6.83	1.172
-6.87	1.194
-6.84	1.172
-6.81	1.239
-6.80	1.239
-6.82	1.217
-6.84	1.217
-6.78	1.261
-6.80	1.239
-6.77	1.217
-6.80	1.239
-6.77	1.217
-6.76	1.239
-6.84	1.306
-6.80	1.306
-6.81	1.261
-6.82	1.328
-6.83	1.283
-6.82	1.306
-6.83	1.373
-6.76	1.306
-6.77	1.350
-6.82	1.328
-6.79	1.373
-6.77	1.417
-6.73	1.395
-6.74	1.395
-6.72	1.373
-6.70	1.529
-6.68	1.551
-6.68	1.529
-6.74	1.529
-6.68	1.551
-5.81	2.892
-5.77	2.892
-5.76	2.914
-5.78	2.914
-5.78	2.914
-5.76	2.892
-5.73	2.869
-5.77	2.892
-5.76	2.936
-5.73	2.914
-5.71	1.398
-5.67	1.354
-5.68	1.376
-5.71	1.398
-5.77	1.421
-5.59	2.468
-5.57	2.424
-5.56	2.491
-5.55	2.446
-5.62	2.491
-4.67	4.340
-4.73	4.385
-4.69	4.385
-4.73	4.318
-4.67	4.385
-4.68	3.917
-4.65	3.961
-4.72	3.984
-4.69	3.939
-4.67	3.961
-3.09	6.680
-3.10	6.636
-3.11	6.658
-3.17	6.614
-3.09	6.614
-1.94	8.820
-1.92	8.842
-1.89	8.820
-1.90	8.775
-1.93	8.798
-1.97	8.018
-1.87	8.018
-1.87	8.018
-1.91	7.973
-1.92	7.995
-0.76	11.071
-0.80	11.138
-0.86	11.093
-0.88	11.049
-0.82	11.093
0.08	13.433
0.11	13.389
0.04	13.411
0.06	13.411
0.05	13.389
0.78	15.305
0.79	15.261
0.78	15.283
0.78	15.261
0.78	15.283
1.51	17.868
1.54	17.913
1.50	17.868
1.46	17.801
1.52	17.868
2.33	20.877
2.32	20.855
2.36	20.877
2.32	20.832
2.32	20.810
2.72	22.080
2.66	22.058
2.71	22.036
2.78	22.036
2.73	22.058
2.77	20.832
2.70	20.832
2.74	20.832
2.73	20.832
2.72	20.832
3.31	24.398
3.32	24.421
3.26	24.443
3.30	24.421
3.35	24.443
3.80	26.159
3.83	26.159
3.75	26.159
3.78	26.159
3.75	26.159
4.31	28.856
4.27	28.811
4.28	28.766
4.35	28.811
4.37	28.789
4.83	31.218
4.77	31.151
4.84	31.196
4.87	31.218
4.79	31.151
5.78	35.408
5.72	35.408
5.80	35.475
5.86	35.452
5.79	35.386
6.39	38.015
6.37	37.993
6.34	38.015
6.39	37.971
6.42	37.948
6.84	40.177
6.83	40.177
6.79	40.133
6.80	40.155
6.83	40.110
7.24	42.562
7.15	42.584
7.21	42.540
7.25	42.562
7.23	42.495
7.24	40.890
7.27	40.935
7.27	40.890
7.27	40.935
7.28	40.913
7.76	44.724
7.71	44.724
7.72	44.724
7.74	44.701
7.81	44.724
7.75	42.852
7.81	42.829
7.81	42.807
7.80	42.829
7.80	42.918
7.83	42.673
7.81	42.696
7.78	42.718
7.83	42.740
7.86	42.696
8.36	48.067
8.34	48.044
8.44	48.022
8.43	48.000
8.35	48.022
8.66	49.114
8.61	49.159
8.72	49.114
8.71	49.069
8.64	49.114
8.98	50.830
8.97	50.741
9.01	50.719
9.09	50.808
9.10	50.719
9.62	53.772
9.62	53.750
9.61	53.750
9.58	53.750
9.62	53.683
10.14	55.800
10.09	55.822
10.05	55.822
10.02	55.755
10.10	55.778
10.55	58.341
10.51	58.408
10.61	58.363
10.61	58.318
10.59	58.341
11.06	60.636
11.11	60.636
11.12	60.592
11.03	60.569
11.11	60.503
11.74	62.865
11.77	62.909
11.72	62.843
11.64	62.887
11.73	62.843
11.98	64.336
12.07	64.358
12.11	64.336
12.07	64.314
12.09	64.336
12.63	67.233
12.64	67.233
12.57	67.188
12.63	67.188
12.65	67.166
12.69	64.826
12.66	64.848
12.61	64.848
12.66	64.848
12.73	64.848
12.73	62.907
12.73	62.907
12.75	62.862
12.71	62.885
12.65	62.907
12.78	62.550
12.75	62.506
12.72	62.595
12.65	62.550
12.68	62.573
13.10	68.389
13.05	68.434
13.14	68.367
13.16	68.389
13.09	68.367
13.44	70.239
13.44	70.262
13.45	70.239
13.42	70.239
13.43	70.195
13.49	68.568
13.51	68.590
13.46	68.590
13.46	68.568
13.45	68.568
13.93	72.446
13.93	72.423
13.96	72.423
13.93	72.401
13.95	72.401
14.41	74.496
14.39	74.451
14.38	74.451
14.43	74.474
14.47	74.429
14.90	76.680
14.90	76.635
14.89	76.658
14.86	76.546
14.88	76.613
15.29	77.973
15.30	77.950
15.28	77.928
15.30	77.906
15.24	77.928
15.76	79.978
15.82	79.978
15.82	79.978
15.78	79.934
15.71	79.934
16.23	82.096
16.27	82.073
16.32	82.051
16.31	82.051
16.28	82.051
16.26	79.934
16.34	79.912
16.39	79.912
16.39	79.912
16.31	79.912
16.79	83.232
16.80	83.188
16.75	83.165
16.70	83.099
16.69	83.165
17.19	85.127
17.27	85.149
17.31	85.171
17.29	85.149
17.26	85.104
17.82	86.843
17.75	86.865
17.72	86.865
17.70	86.865
17.78	86.798
18.20	88.537
18.26	88.537
18.33	88.470
18.32	88.470
18.21	88.492
18.32	86.397
18.32	86.442
18.30	86.419
18.26	86.442
18.31	86.419
18.63	89.428
18.68	89.406
18.74	89.406
18.74	89.383
18.73	89.383
19.10	90.966
19.20	90.966
19.15	90.943
19.07	90.877
19.12	90.943
19.61	92.593
19.57	92.548
19.54	92.526
19.66	92.548
19.66	92.526
19.67	89.896
19.65	89.896
19.72	89.896
19.68	89.896
19.64	89.896
20.09	92.726
20.09	92.726
20.02	92.682
20.05	92.704
20.05	92.660
20.47	94.576
20.50	94.554
20.51	94.509
20.53	94.509
20.42	94.487
20.51	91.902
20.57	91.902
20.58	91.902
20.51	91.902
20.57	91.902
20.56	91.857
20.57	91.880
20.58	91.857
20.57	91.857
20.60	91.835
20.62	88.692
20.63	88.737
20.62	88.737
20.55	88.715
20.62	88.715
20.63	88.425
20.69	88.447
20.63	88.447
20.59	88.447
20.61	88.447
20.58	88.313
20.59	88.336
20.64	88.291
20.72	88.336
20.66	88.358
20.57	88.247
20.60	88.180
20.66	88.224
20.62	88.157
20.56	88.180
20.47	83.098
20.58	83.098
20.53	83.143
20.41	83.098
20.47	83.121
20.06	77.326
20.09	77.304
20.12	77.348
20.12	77.304
20.07	77.371
19.78	72.690
19.83	72.713
19.83	72.780
19.83	72.735
19.84	72.802
19.29	66.740
19.31	66.918
19.38	67.007
19.37	67.097
19.30	67.163
19.43	67.409
19.33	67.409
19.26	67.409
19.36	67.409
19.34	67.431
18.83	59.252
18.75	59.274
18.80	59.296
18.85	59.274
18.76	59.252
18.83	60.656
18.75	60.633
18.74	60.700
18.77	60.723
18.80	60.633
18.72	60.767
18.78	60.789
18.77	60.789
18.70	60.812
18.77	60.812
18.41	55.864
18.37	55.842
18.48	55.864
18.45	55.864
18.35	55.909
17.97	51.674
18.08	51.719
18.05	51.697
17.95	51.674
18.06	51.719
17.62	46.125
17.62	46.125
17.55	46.103
17.59	46.103
17.69	46.125
17.66	47.168
17.60	47.191
17.55	47.191
17.60	47.213
17.58	47.168
16.85	38.833
16.87	38.900
16.95	38.922
16.91	38.900
16.81	38.878
16.82	39.457
16.92	39.457
16.87	39.457
16.83	39.457
16.90	39.413
16.91	39.769
16.86	39.814
16.84	39.747
16.92	39.769
16.84	39.769
16.32	34.599
16.41	34.532
16.43	34.577
16.38	34.621
16.38	34.577
16.37	35.334
16.38	35.290
16.36	35.312
16.42	35.267
16.36	35.290
15.77	29.049
15.80	29.072
15.83	29.072
15.78	29.094
15.75	29.094
15.18	23.210
15.18	23.210
15.17	23.210
15.14	23.210
15.21	23.188
15.23	24.236
15.13	24.236
15.16	24.302
15.18	24.280
15.16	24.302
14.44	17.327
14.45	17.394
14.43	17.416
14.39	17.438
14.42	17.371
13.51	11.889
13.59	11.844
13.65	11.866
13.54	11.844
13.53	11.911
13.57	12.647
13.56	12.624
13.56	12.624
13.50	12.602
13.57	12.691
12.75	7.431
12.79	7.454
12.80	7.409
12.79	7.498
12.76	7.476
12.15	4.556
12.17	4.556
12.20	4.623
12.17	4.579
12.12	4.601
11.53	2.239
11.57	2.239
11.61	2.194
11.58	2.261
11.57	2.306
11.52	3.063
11.53	3.041
11.60	3.041
11.59	3.019
11.54	3.086
11.51	3.152
11.50	3.175
11.60	3.108
11.57	3.175
11.48	3.152
11.59	4.022
11.48	4.044
11.52	4.022
11.54	3.999
11.56	4.066
11.60	3.843
11.55	3.866
11.49	3.910
11.54	3.843
11.51	3.843
11.58	3.464
11.62	3.464
11.54	3.398
11.49	3.464
11.59	3.442
11.56	3.242
11.60	3.242
11.51	3.242
11.55	3.264
11.57	3.219
11.51	3.041
11.55	3.041
11.55	3.019
11.55	3.019
11.57	3.041
11.24	1.124
11.21	1.102
11.18	1.080
11.21	1.102
11.17	1.102
11.06	1.280
11.17	1.258
11.17	1.258
11.11	1.258
11.12	1.280
11.11	1.927
11.16	1.971
11.16	1.949
11.12	1.949
11.10	1.904
11.07	2.439
11.15	2.395
11.17	2.439
11.10	2.395
11.14	2.462
11.12	2.528
11.08	2.528
11.19	2.506
11.17	2.551
11.07	2.528
11.13	2.573
11.18	2.551
11.11	2.573
11.12	2.595
11.21	2.573
11.16	2.618
11.15	2.662
11.15	2.618
11.09	2.640
11.17	2.640
11.19	2.640
11.15	2.684
11.08	2.684
11.17	2.662
11.16	2.662
11.08	2.751
11.19	2.729
11.18	2.751
11.09	2.729
11.14	2.729
11.18	2.751
11.07	2.729
11.16	2.751
11.18	2.751
11.08	2.729
11.13	2.751
11.12	2.796
11.19	2.774
11.16	2.774
11.09	2.751
11.13	3.107
11.11	3.084
11.14	3.107
11.15	3.129
11.11	3.107
11.00	2.059
11.11	2.059
11.06	2.082
11.03	2.104
11.06	2.059
11.09	1.881
10.96	1.859
11.05	1.859
11.05	1.881
10.98	1.836
11.05	1.792
11.04	1.814
10.96	1.836
11.08	1.859
11.01	1.814
10.25	0.031
10.26	0.053
10.27	0.076
10.25	0.031
10.24	0.009
7.42	-6.588
7.45	-6.499
7.39	-6.521
7.41	-6.521
7.41	-6.543
7.41	-6.098
7.44	-6.120
7.43	-6.098
7.37	-6.098
7.40	-6.120
5.63	-8.750
5.69	-8.727
5.74	-8.727
5.66	-8.683
5.70	-8.727
4.24	-11.068
4.20	-11.023
4.32	-11.068
4.23	-11.068
4.19	-11.090
4.24	-10.310
4.22	-10.310
4.21	-10.287
4.24	-10.332
4.18	-10.332
3.05	-13.363
3.09	-13.341
3.01	-13.341
3.00	-13.318
3.07	-13.341
2.01	-15.904
2.04	-15.926
2.00	-15.926
1.97	-15.904
2.03	-15.859
1.07	-18.444
1.07	-18.422
1.07	-18.400
1.05	-18.378
1.09	-18.400
0.54	-19.982
0.54	-19.960
0.50	-19.960
0.55	-19.982
0.56	-20.004
-0.12	-22.345
-0.16	-22.322
-0.16	-22.345
-0.13	-22.300
-0.12	-22.367
-0.13	-21.453
-0.23	-21.431
-0.11	-21.453
-0.14	-21.453
-0.23	-21.408
-0.20	-21.119
-0.18	-21.119
-0.18	-21.096
-0.15	-21.096
-0.15	-21.119
-0.81	-24.551
-0.74	-24.529
-0.83	-24.551
-0.80	-24.529
-0.82	-24.529
-1.46	-27.248
-1.52	-27.248
-1.46	-27.203
-1.46	-27.203
-1.44	-27.181
-2.04	-29.320
-2.01	-29.298
-1.96	-29.298
-1.96	-29.320
-1.93	-29.276
-2.48	-31.437
-2.49	-31.437
-2.52	-31.415
-2.52	-31.393
-2.48	-31.415
-3.17	-33.956
-3.12	-33.911
-3.10	-33.911
-3.14	-33.956
-3.18	-33.934
-3.48	-35.494
-3.50	-35.404
-3.48	-35.449
-3.44	-35.427
-3.43	-35.449
-4.12	-37.878
-4.02	-37.901
-4.02	-37.834
-4.04	-37.856
-4.03	-37.834
-4.57	-40.508
-4.64	-40.508
-4.60	-40.464
-4.57	-40.486
-4.61	-40.441
-5.22	-43.049
-5.14	-43.071
-5.14	-43.049
-5.17	-43.071
-5.14	-43.026
-5.50	-44.653
-5.50	-44.698
-5.58	-44.653
-5.56	-44.653
-5.60	-44.609
-5.62	-43.383
-5.54	-43.361
-5.57	-43.338
-5.56	-43.294
-5.57	-43.338
-5.61	-42.469
-5.59	-42.424
-5.55	-42.424
-5.63	-42.424
-5.60	-42.447
-6.28	-47.996
-6.36	-47.996
-6.31	-47.974
-6.35	-47.907
-6.28	-47.952
-6.53	-48.843
-6.53	-48.843
-6.53	-48.843
-6.56	-48.843
-6.49	-48.821
-6.96	-50.849
-6.97	-50.916
-6.96	-50.871
-7.00	-50.871
-6.94	-50.871
-7.48	-53.857
-7.49	-53.813
-7.44	-53.813
-7.44	-53.791
-7.47	-53.813
-8.15	-56.331
-8.15	-56.309
-8.11	-56.309
-8.11	-56.287
-8.07	-56.287
-8.83	-59.474
-8.81	-59.474
-8.82	-59.429
-8.81	-59.429
-8.87	-59.429
-9.35	-62.416
-9.34	-62.438
-9.38	-62.393
-9.38	-62.371
-9.42	-62.393
-9.90	-64.800
-9.86	-64.778
-9.93	-64.756
-9.87	-64.778
-9.87	-64.733
-9.95	-62.950
-9.92	-62.973
-9.91	-62.995
-9.88	-62.973
-9.89	-62.973
-10.12	-65.090
-10.13	-65.045
-10.15	-65.023
-10.12	-65.090
-10.10	-65.023
-10.41	-66.494
-10.40	-66.472
-10.37	-66.427
-10.31	-66.449
-10.37	-66.472
-10.39	-64.778
-10.38	-64.778
-10.47	-64.778
-10.44	-64.800
-10.41	-64.778
-10.94	-69.458
-11.01	-69.458
-10.98	-69.480
-11.00	-69.436
-10.96	-69.436
-11.38	-70.706
-11.39	-70.728
-11.45	-70.728
-11.39	-70.706
-11.35	-70.706
-11.88	-72.913
-11.88	-72.935
-11.88	-72.913
-11.85	-72.890
-11.87	-72.913
-11.86	-71.397
-11.92	-71.442
-11.84	-71.419
-11.89	-71.397
-11.90	-71.419
-12.41	-75.498
-12.39	-75.475
-12.41	-75.475
-12.42	-75.453
-12.43	-75.453
-12.93	-77.972
-12.94	-77.972
-12.94	-77.927
-12.95	-77.927
-12.94	-77.905
-13.50	-80.289
-13.46	-80.289
-13.48	-80.289
-13.46	-80.245
-13.48	-80.223
-13.54	-78.350
-13.49	-78.350
-13.48	-78.306
-13.51	-78.328
-13.53	-78.306
-13.98	-82.072
-14.07	-82.072
-14.06	-82.050
-14.03	-82.028
-14.01	-82.005
-14.05	-80.780
-14.06	-80.802
-14.00	-80.780
-14.03	-80.802
-14.04	-80.780
-14.77	-84.056
-14.73	-84.056
-14.70	-84.034
-14.71	-84.011
-14.67	-84.034
-14.72	-82.340
-14.74	-82.340
-14.76	-82.362
-14.67	-82.295
-14.74	-82.295
-15.23	-86.128
-15.21	-86.128
-15.26	-86.128
-15.28	-86.106
-15.21	-86.084
-15.77	-87.778
-15.79	-87.755
-15.76	-87.778
-15.79	-87.755
-15.75	-87.755
-15.77	-86.307
-15.82	-86.374
-15.77	-86.351
-15.80	-86.284
-15.76	-86.329
-15.76	-85.527
-15.86	-85.549
-15.79	-85.549
-15.80	-85.527
-15.76	-85.549
-16.19	-89.917
-16.15	-89.895
-16.20	-89.873
-16.24	-89.895
-16.19	-89.917
-16.23	-87.778
-16.24	-87.778
-16.22	-87.733
-16.28	-87.800
-16.22	-87.778
-16.77	-91.165
-16.76	-91.143
-16.73	-91.143
-16.82	-91.121
-16.78	-91.121
-17.15	-92.346
-17.15	-92.302
-17.16	-92.346
-17.17	-92.280
-17.22	-92.280
-17.18	-90.519
-17.22	-90.474
-17.20	-90.541
-17.21	-90.497
-17.21	-90.541
-17.56	-92.970
-17.63	-92.948
-17.61	-92.948
-17.57	-92.970
-17.58	-92.948
-17.59	-92.658
-17.57	-92.636
-17.58	-92.681
-17.57	-92.636
-17.64	-92.681
-17.89	-94.664
-17.89	-94.664
-17.89	-94.709
-17.96	-94.686
-17.86	-94.686
-18.26	-95.244
-18.30	-95.266
-18.26	-95.266
-18.28	-95.266
-18.29	-95.266
-18.37	-93.505
-18.33	-93.550
-18.29	-93.572
-18.33	-93.550
-18.33	-93.572
-18.51	-96.247
-18.61	-96.247
-18.56	-96.247
-18.50	-96.224
-18.57	-96.224
-18.68	-96.336
-18.67	-96.358
-18.72	-96.403
-18.70	-96.380
-18.69	-96.358
-18.97	-97.918
-18.98	-97.918
-18.99	-97.896
-18.95	-97.896
-19.00	-97.851
-19.08	-95.935
-19.01	-95.912
-18.99	-95.890
-19.06	-95.912
-19.06	-95.912
-19.21	-97.873
-19.18	-97.873
-19.26	-97.829
-19.20	-97.873
-19.16	-97.807
-19.52	-98.876
-19.51	-98.854
-19.53	-98.854
-19.52	-98.854
-19.50	-98.832
-19.57	-96.425
-19.53	-96.447
-19.59	-96.447
-19.55	-96.469
-19.53	-96.447
-19.59	-93.993
-19.65	-93.948
-19.67	-93.948
-19.67	-93.971
-19.67	-93.971
-19.46	-89.669
-19.41	-89.446
-19.39	-89.380
-19.37	-89.402
-19.33	-89.402
-19.47	-88.599
-19.39	-88.599
-19.44	-88.577
-19.42	-88.466
-19.37	-88.488
-19.38	-89.714
-19.40	-89.736
-19.41	-89.758
-19.38	-89.758
-19.44	-89.758
-19.40	-85.435
-19.42	-85.390
-19.43	-85.390
-19.48	-85.390
-19.40	-85.390
-19.41	-86.170
-19.37	-86.126
-19.46	-86.148
-19.41	-86.148
-19.40	-86.193
-19.38	-86.616
-19.47	-86.616
-19.41	-86.594
-19.39	-86.638
-19.41	-86.638
-19.05	-79.885
-19.01	-79.975
-18.99	-80.041
-19.07	-80.064
-19.06	-80.108
-18.60	-74.225
-18.65	-74.291
-18.59	-74.336
-18.65	-74.403
-18.64	-74.447
-18.26	-69.455
-18.26	-69.411
-18.27	-69.388
-18.27	-69.388
-18.24	-69.344
-17.57	-64.419
-17.54	-64.463
-17.52	-64.597
-17.53	-64.664
-17.49	-64.731
-17.37	-59.538
-17.39	-59.560
-17.36	-59.582
-17.43	-59.560
-17.34	-59.538
-17.34	-61.053
-17.35	-61.053
-17.39	-61.098
-17.37	-61.076
-17.40	-61.098
-17.38	-61.098
-17.33	-61.098
-17.31	-61.076
-17.41	-61.076
-17.39	-61.098
-17.04	-55.972
-17.01	-55.927
-16.95	-55.883
-17.02	-55.905
-17.01	-55.883
-16.69	-51.983
-16.68	-51.983
-16.65	-52.027
-16.65	-52.005
-16.65	-52.005
-16.11	-47.815
-16.05	-47.815
-16.14	-47.837
-16.10	-47.882
-16.03	-47.860
-15.78	-42.801
-15.74	-42.801
-15.77	-42.801
-15.75	-42.823
-15.72	-42.845
-15.75	-44.563
-15.71	-44.629
-15.77	-44.585
-15.71	-44.607
-15.73	-44.607
-15.39	-39.704
-15.40	-39.749
-15.38	-39.749
-15.39	-39.793
-15.41	-39.749
-14.73	-33.575
-14.77	-33.553
-14.72	-33.575
-14.74	-33.575
-14.76	-33.575
-14.67	-34.400
-14.78	-34.355
-14.72	-34.400
-14.74	-34.378
-14.77	-34.378
-14.11	-28.449
-14.11	-28.449
-14.13	-28.427
-14.10	-28.449
-14.14	-28.449
-13.52	-23.814
-13.53	-23.836
-13.52	-23.814
-13.58	-23.836
-13.50	-23.814
-13.54	-24.482
-13.52	-24.438
-13.56	-24.460
-13.49	-24.482
-13.52	-24.482
-13.50	-25.218
-13.49	-25.240
-13.50	-25.173
-13.53	-25.196
-13.49	-25.218
-13.10	-21.028
-13.18	-21.028
-13.11	-21.006
-13.14	-21.050
-13.12	-21.050
-12.65	-17.284
-12.61	-17.284
-12.57	-17.306
-12.62	-17.239
-12.62	-17.284
-11.79	-12.024
-11.74	-12.069
-11.79	-12.046
-11.76	-12.069
-11.78	-12.091
-10.72	-6.987
-10.69	-6.943
-10.75	-7.032
-10.74	-6.987
-10.71	-7.010
-10.71	-7.790
-10.67	-7.767
-10.76	-7.767
-10.68	-7.745
-10.70	-7.745
-10.48	-6.319
-10.47	-6.363
-10.53	-6.319
-10.47	-6.319
-10.49	-6.341
-7.36	0.100
-7.37	0.077
-7.38	0.055
-7.36	0.100
-7.37	0.077
-6.04	2.819
-6.03	2.863
-6.04	2.886
-6.04	2.886
-6.03	2.841
-6.06	2.129
-6.04	2.107
-6.00	2.129
-6.06	2.085
-6.01	2.152
-6.00	1.973
-6.04	1.951
-6.03	2.040
-6.01	2.018
-5.99	2.040
-5.76	2.731
-5.79	2.798
-5.85	2.687
-5.80	2.776
-5.76	2.798
-5.76	2.932
-5.85	2.910
-5.76	2.954
-5.77	2.976
-5.78	3.021
-5.77	2.843
-5.75	2.820
-5.80	2.843
-5.70	2.843
-5.79	2.887
-5.75	2.976
-5.74	2.976
-5.78	2.976
-5.77	2.999
-5.75	2.954
-5.72	3.110
-5.72	3.177
-5.73	3.110
-5.74	3.155
-5.72	3.110
-5.67	3.155
-5.68	3.155
-5.69	3.199
-5.66	3.177
-5.67	3.222
-5.66	2.241
-5.72	2.263
-5.67	2.263
-5.71	2.285
-5.74	2.285
-5.72	2.196
-5.75	2.241
-5.71	2.196
-5.67	2.174
-5.78	2.152
-5.70	2.397
-5.75	2.330
-5.72	2.308
-5.69	2.352
-5.75	2.330
-5.69	2.575
-5.71	2.598
-5.69	2.553
-5.70	2.553
-5.70	2.598
-5.70	2.642
-5.72	2.642
-5.67	2.598
-5.69	2.642
-5.76	2.620
-5.71	2.754
-5.68	2.776
-5.67	2.731
-5.73	2.709
-5.66	2.709
-5.67	2.932
-5.61	2.932
-5.70	2.999
-5.60	2.910
-5.66	2.976
-5.20	3.067
-5.16	3.089
-5.23	3.134
-5.12	3.112
-5.20	3.134
-5.17	2.198
-5.26	2.176
-5.19	2.220
-5.20	2.176
-5.22	2.220
-5.22	2.131
-5.20	2.176
-5.25	2.176
-5.20	2.198
-5.19	2.198
-5.25	2.109
-5.28	2.131
-5.21	2.109
-5.22	2.153
-5.18	2.131
-5.25	2.443
-5.17	2.510
-5.22	2.465
-5.26	2.488
-5.18	2.465
-5.23	2.399
-5.19	2.443
-5.16	2.376
-5.24	2.399
-5.15	2.354
-5.32	1.619
-5.34	1.596
-5.40	1.596
-5.31	1.596
-5.33	1.596
-5.82	0.772
-5.79	0.772
-5.86	0.749
-5.80	0.705
-5.79	0.772
-5.38	2.376
-5.40	2.399
-5.37	2.376
-5.39	2.376
-5.38	2.399
-5.15	3.045
-5.19	3.045
-5.16	3.067
-5.14	3.045
-5.18	3.023
-5.08	1.841
-5.05	1.864
-5.10	1.864
-5.16	1.864
-5.04	1.819
-5.11	1.953
-5.16	1.886
-5.07	1.886
-5.12	1.908
-5.17	1.931
-5.12	2.465
-5.19	2.399
-5.12	2.421
-5.13	2.421
-5.13	2.443
-4.95	3.245
-4.95	3.201
-4.92	3.223
-4.97	3.268
-4.99	3.245
-4.71	3.870
-4.80	3.847
-4.76	3.825
-4.72	3.825
-4.78	3.847
-4.51	4.248
-4.53	4.226
-4.47	4.293
-4.49	4.204
-4.47	4.226
-4.03	4.939
-4.10	4.939
-4.05	4.939
-4.03	4.984
-4.06	4.962
-4.09	4.650
-4.07	4.627
-3.98	4.672
-4.05	4.650
-4.05	4.672
-3.63	5.563
-3.62	5.563
-3.58	5.563
-3.57	5.541
-3.60	5.519
-3.17	6.321
-3.12	6.276
-3.10	6.299
-3.15	6.299
-3.11	6.276
-3.12	6.098
-3.09	6.054
-3.13	6.054
-3.18	6.120
-3.10	6.098
-3.08	6.031
-3.13	6.054
-3.06	5.987
-3.15	6.031
-3.17	6.054
-2.66	7.012
-2.66	7.034
-2.67	7.034
-2.67	6.990
-2.66	7.012
-2.66	6.722
-2.64	6.700
-2.66	6.722
-2.64	6.722
-2.69	6.700
-2.26	7.703
-2.24	7.747
-2.30	7.658
-2.30	7.681
-2.22	7.703
-2.26	7.324
-2.24	7.346
-2.23	7.279
-2.25	7.279
-2.27	7.324
-1.69	8.795
-1.64	8.839
-1.61	8.750
-1.66	8.817
-1.65	8.817
-1.65	8.572
-1.61	8.639
-1.60	8.594
-1.60	8.661
-1.63	8.617
-0.96	10.243
-0.99	10.243
-0.99	10.221
-0.95	10.177
-0.99	10.243
-0.94	10.377
-0.92	10.377
-0.87	10.399
-1.00	10.422
-0.92	10.377
-0.48	11.336
-0.50	11.358
-0.46	11.291
-0.51	11.313
-0.50	11.291
0.28	13.141
0.23	13.141
0.21	13.163
0.23	13.141
0.25	13.185
1.04	15.414
1.02	15.436
1.12	15.414
1.03	15.481
1.08	15.436
1.62	17.353
1.68	17.286
1.65	17.331
1.60	17.286
1.69	17.331
2.05	18.868
2.15	18.868
2.12	18.868
2.17	18.846
2.13	18.868
2.64	20.562
2.62	20.518
2.63	20.495
2.60	20.562
2.60	20.562
3.10	22.100
3.06	22.122
3.08	22.145
3.08	22.100
3.03	22.145
3.17	21.832
3.15	21.832
3.10	21.832
3.21	21.899
3.19	21.877
3.67	24.395
3.67	24.373
3.68	24.351
3.62	24.373
3.71	24.395
4.34	27.137
4.35	27.070
4.31	27.048
4.38	27.025
4.31	27.003
4.81	28.920
4.79	28.920
4.81	28.920
4.73	28.942
4.81	28.875
5.28	31.015
5.30	31.104
5.26	31.015
5.31	31.081
5.31	31.015
5.81	33.355
5.79	33.399
5.78	33.332
5.79	33.377
5.83	33.310
6.28	35.427
6.27	35.450
6.30	35.450
6.29	35.405
6.32	35.405
6.82	37.857
6.75	37.812
6.81	37.834
6.76	37.834
6.83	37.857
7.22	39.996
7.27	39.996
7.21	40.041
7.28	40.018
7.29	39.996
7.72	42.225
7.77	42.247
7.73	42.247
7.74	42.269
7.81	42.247
7.76	41.578
7.77	41.623
7.75	41.645
7.81	41.601
7.75	41.623
8.20	44.387
8.22	44.431
8.15	44.342
8.28	44.387
8.17	44.364
8.24	42.087
8.30	41.998
8.20	42.020
8.27	42.020
8.27	42.020
8.46	44.449
8.42	44.449
8.51	44.449
8.40	44.427
8.48	44.405
8.74	46.789
8.79	46.789
8.79	46.789
8.75	46.745
8.72	46.722
9.19	48.862
9.18	48.929
9.13	48.884
9.15	48.884
9.18	48.907
9.62	51.157
9.67	51.091
9.65	51.157
9.71	51.113
9.60	51.180
10.13	53.275
10.18	53.342
10.13	53.342
10.16	53.319
10.18	53.319
10.61	55.637
10.61	55.592
10.63	55.637
10.64	55.570
10.66	55.615
11.10	57.843
11.13	57.843
11.10	57.888
11.14	57.799
11.08	57.821
11.10	56.885
11.15	56.885
11.15	56.885
11.15	56.863
11.13	56.885
11.57	59.894
11.62	59.894
11.68	59.894
11.60	59.894
11.66	59.894
12.18	62.189
12.04	62.167
12.14	62.189
12.12	62.167
12.13	62.167
12.62	64.396
12.70	64.373
12.56	64.373
12.61	64.418
12.65	64.373
13.16	66.491
13.12	66.513
13.11	66.535
13.17	66.468
13.13	66.446
13.22	64.685
13.11	64.730
13.19	64.663
13.21	64.730
13.18	64.685
13.23	64.685
13.24	64.641
13.15	64.574
13.20	64.596
13.22	64.619
13.24	64.373
13.23	64.373
13.18	64.351
13.19	64.351
13.21	64.373
13.69	68.853
13.67	68.831
13.71	68.875
13.67	68.831
13.75	68.808
13.76	68.028
13.69	68.051
13.75	68.028
13.71	68.073
13.72	68.028
14.25	71.015
14.20	71.037
14.16	70.993
14.20	70.993
14.12	70.993
14.76	73.199
14.79	73.243
14.74	73.221
14.72	73.221
14.72	73.288
15.27	75.361
15.24	75.361
15.26	75.361
15.19	75.316
15.32	75.361
15.62	76.988
15.58	76.943
15.68	76.965
15.61	76.921
15.67	76.965
15.68	75.450
15.69	75.472
15.65	75.472
15.74	75.428
15.62	75.450
16.00	77.835
15.94	77.835
15.95	77.835
15.99	77.857
15.92	77.857
16.44	80.085
16.49	80.063
16.43	80.108
16.46	80.108
16.47	80.041
17.15	82.247
17.07	82.247
17.06	82.203
17.12	82.225
17.09	82.247
17.78	84.409
17.76	84.409
17.74	84.431
17.70	84.387
17.74	84.431
18.32	86.615
18.37	86.593
18.39	86.638
18.38	86.615
18.38	86.615
18.34	85.902
18.41	85.947
18.34	85.925
18.37	85.969
18.40	85.947
18.34	84.587
18.42	84.610
18.41	84.565
18.45	84.543
18.34	84.543
18.99	87.930
18.92	87.908
18.99	87.908
18.94	87.886
19.02	87.886
19.28	89.067
19.22	89.067
19.32	89.089
19.21	89.045
19.24	89.022
19.34	88.153
19.22	88.131
19.31	88.153
19.23	88.109
19.25	88.131
19.69	90.315
19.69	90.204
19.75	90.226
19.60	90.226
19.71	90.248
20.12	91.541
20.22	91.541
20.14	91.518
20.19	91.541
20.18	91.496
20.54	92.588
20.56	92.611
20.57	92.611
20.49	92.588
20.60	92.588
20.67	92.566
20.65	92.499
20.69	92.544
20.67	92.477
20.68	92.477
20.65	92.165
20.70	92.142
20.63	92.187
20.69	92.165
20.66	92.165
20.71	91.942
20.60	92.031
20.69	92.031
20.70	92.009
20.70	91.986
20.66	91.452
20.73	91.429
20.66	91.429
20.74	91.385
20.61	91.407
20.72	91.095
20.68	91.073
20.78	91.050
20.63	91.117
20.73	91.095
20.67	90.070
20.73	90.114
20.71	90.137
20.83	90.092
20.67	90.070
20.77	88.577
20.77	88.644
20.77	88.577
20.67	88.599
20.84	88.554
20.73	87.198
20.80	87.243
20.74	87.176
20.80	87.243
20.73	87.198
20.77	87.132
20.80	87.109
20.71	87.154
20.86	87.154
20.74	87.154
20.80	84.457
20.82	84.435
20.68	84.480
20.82	84.480
20.72	84.480
20.74	84.480
20.75	84.502
20.71	84.502
20.78	84.480
20.81	84.502
20.59	80.535
20.51	80.535
20.56	80.490
20.53	80.535
20.58	80.513
20.32	75.832
20.25	75.832
20.35	75.765
20.22	75.810
20.29	75.810
20.01	71.375
19.95	71.397
20.05	71.375
19.86	71.375
20.03	71.397
19.55	66.673
19.65	66.695
19.66	66.650
19.63	66.784
19.65	66.717
19.63	67.185
19.60	67.207
19.64	67.163
19.59	67.163
19.66	67.141
19.55	67.854
19.69	67.809
19.58	67.854
19.65	67.765
19.55	67.809
19.22	62.349
19.28	62.349
19.23	62.371
19.24	62.349
19.25	62.349
19.23	62.616
19.25	62.683
19.23	62.639
19.27	62.661
19.18	62.572
18.86	58.003
18.87	58.048
18.86	58.070
18.88	58.003
18.94	58.048
18.52	53.523
18.55	53.523
18.52	53.523
18.52	53.501
18.50	53.501
18.04	48.866
18.13	48.866
18.10	48.910
18.03	48.866
18.20	48.866
18.09	49.445
18.07	49.467
18.06	49.445
18.11	49.423
18.09	49.445
17.63	44.631
17.75	44.698
17.70	44.631
17.69	44.676
17.66	44.631
17.63	45.496
17.70	45.474
17.70	45.429
17.71	45.451
17.63	45.496
17.62	45.830
17.68	45.808
17.69	45.830
17.69	45.808
17.64	45.830
17.28	40.102
17.19	40.147
17.30	40.147
17.23	40.169
17.27	40.125
16.76	35.734
16.81	35.734
16.77	35.757
16.81	35.734
16.75	35.757
16.55	33.194
16.51	33.149
16.50	33.171
16.56	33.127
16.52	33.149
16.51	34.041
16.46	33.996
16.52	34.018
16.51	33.996
16.53	34.018
16.01	29.026
16.10	29.071
15.98	29.048
16.07	29.071
16.09	29.026
15.62	24.613
15.52	24.658
15.60	24.613
15.47	24.658
15.58	24.658
15.26	22.340
15.24	22.385
15.31	22.362
15.26	22.362
15.32	22.362
15.25	23.076
15.19	23.053
15.30	23.076
15.27	23.076
15.28	23.076
14.67	18.150
14.76	18.128
14.78	18.128
14.75	18.172
14.70	18.083
14.15	14.139
14.19	14.116
14.16	14.116
14.16	14.072
14.23	14.139
13.44	9.503
13.42	9.548
13.34	9.548
13.46	9.548
13.42	9.525
13.26	9.035
13.27	9.102
13.24	9.013
13.36	9.013
13.24	9.035
13.25	9.704
13.33	9.704
13.22	9.681
13.31	9.681
13.21	9.726
12.56	5.737
12.55	5.781
12.59	5.737
12.51	5.737
12.66	5.737
12.24	4.087
12.16	4.132
12.28	4.087
12.11	4.087
12.22	4.110
11.80	3.552
11.85	3.597
11.84	3.530
11.85	3.575
11.82	3.575
11.80	3.597
11.79	3.575
11.83	3.575
11.84	3.597
11.84	3.575
11.85	3.844
11.78	3.844
11.87	3.844
11.77	3.822
11.86	3.822
11.86	3.911
11.77	3.911
11.86	3.889
11.80	3.911
11.83	3.911
11.33	1.326
11.23	1.348
11.33	1.304
11.29	1.304
11.33	1.304
10.99	0.234
10.94	0.212
10.98	0.256
10.97	0.212
11.00	0.212
10.99	0.524
10.98	0.524
10.99	0.546
10.90	0.524
11.03	0.524
10.97	0.769
10.96	0.813
10.90	0.747
11.02	0.791
10.96	0.769
7.29	-6.519
7.25	-6.519
7.27	-6.474
7.22	-6.474
7.27	-6.474
7.29	-5.917
7.18	-5.939
7.29	-5.917
7.24	-5.917
7.30	-5.939
7.27	-5.672
7.19	-5.717
7.28	-5.694
7.23	-5.694
7.32	-5.650
5.69	-8.480
5.74	-8.480
5.64	-8.458
5.75	-8.480
5.64	-8.435
4.77	-9.862
4.68	-9.862
4.77	-9.840
4.73	-9.884
4.72	-9.840
4.68	-8.970
4.73	-9.015
4.71	-8.993
4.67	-9.037
4.71	-8.970
4.71	-9.082
4.73	-9.037
4.72	-9.082
4.69	-9.082
4.72	-9.037
3.98	-10.998
3.99	-11.021
4.02	-11.021
3.97	-10.998
3.97	-11.021
2.93	-13.160
2.97	-13.183
2.93	-13.183
3.01	-13.183
2.96	-13.183
2.02	-15.456
2.01	-15.456
2.01	-15.433
1.96	-15.411
2.01	-15.433
1.24	-17.662
1.19	-17.684
1.19	-17.640
1.15	-17.662
1.22	-17.684
1.16	-16.994
1.17	-16.949
1.18	-16.949
1.19	-16.949
1.16	-16.971
0.35	-19.779
0.35	-19.779
0.36	-19.757
0.40	-19.802
0.37	-19.757
-0.30	-22.053
-0.21	-22.053
-0.31	-22.053
-0.24	-22.053
-0.25	-22.053
-0.30	-21.362
-0.23	-21.362
-0.32	-21.339
-0.27	-21.339
-0.28	-21.362
-0.89	-24.393
-0.90	-24.370
-0.86	-24.348
-0.95	-24.415
-0.90	-24.348
-1.48	-26.465
-1.53	-26.465
-1.47	-26.465
-1.52	-26.465
-1.44	-26.465
-2.09	-28.783
-2.08	-28.761
-2.13	-28.805
-2.01	-28.739
-2.09	-28.761
-2.68	-30.900
-2.61	-30.945
-2.65	-30.900
-2.57	-30.900
-2.66	-30.900
-3.19	-33.196
-3.17	-33.240
-3.22	-33.174
-3.20	-33.218
-3.16	-33.196
-3.73	-35.447
-3.66	-35.447
-3.74	-35.447
-3.65	-35.425
-3.78	-35.447
-4.29	-37.586
-4.19	-37.586
-4.28	-37.564
-4.24	-37.586
-4.25	-37.586
-4.68	-39.860
-4.75	-39.860
-4.72	-39.882
-4.77	-39.837
-4.73	-39.860
-5.23	-42.066
-5.25	-42.066
-5.18	-42.044
-5.25	-42.066
-5.22	-42.088
-5.68	-43.983
-5.71	-44.005
-5.65	-43.983
-5.75	-43.983
-5.70	-43.960
-5.71	-42.248
-5.73	-42.181
-5.71	-42.226
-5.74	-42.159
-5.68	-42.203
-6.23	-46.661
-6.26	-46.594
-6.21	-46.616
-6.30	-46.571
-6.24	-46.594
-6.69	-48.800
-6.68	-48.800
-6.69	-48.756
-6.71	-48.733
-6.68	-48.733
-6.69	-48.042
-6.72	-47.975
-6.68	-47.998
-6.75	-47.998
-6.69	-47.975
-7.18	-50.940
-7.26	-51.006
-7.17	-50.940
-7.19	-50.984
-7.15	-50.962
-7.69	-53.168
-7.68	-53.191
-7.71	-53.168
-7.68	-53.191
-7.72	-53.168
-8.23	-55.464
-8.17	-55.419
-8.22	-55.441
-8.16	-55.397
-8.22	-55.419
-8.66	-57.737
-8.72	-57.737
-8.68	-57.737
-8.66	-57.670
-8.70	-57.715
-9.14	-60.033
-9.16	-59.943
-9.17	-60.010
-9.14	-59.988
-9.12	-59.966
-9.66	-62.150
-9.67	-62.083
-9.58	-62.105
-9.64	-62.105
-9.62	-62.127
-9.65	-60.991
-9.60	-60.969
-9.70	-60.991
-9.63	-60.969
-9.66	-60.991
-10.12	-64.356
-10.21	-64.356
-10.17	-64.356
-10.18	-64.334
-10.12	-64.356
-10.62	-66.362
-10.63	-66.362
-10.62	-66.362
-10.64	-66.317
-10.62	-66.317
-10.66	-65.069
-10.66	-65.114
-10.66	-65.114
-10.64	-65.114
-10.65	-65.114
-11.19	-68.769
-11.11	-68.813
-11.17	-68.791
-11.12	-68.769
-11.21	-68.769
-11.69	-70.975
-11.64	-70.975
-11.73	-70.953
-11.63	-71.042
-11.71	-70.931
-12.18	-73.360
-12.14	-73.315
-12.25	-73.293
-12.15	-73.338
-12.20	-73.293
-12.26	-72.023
-12.21	-72.023
-12.22	-72.000
-12.18	-72.023
-12.25	-72.045
-12.81	-75.388
-12.72	-75.410
-12.77	-75.366
-12.73	-75.366
-12.81	-75.343
-13.25	-77.661
-13.30	-77.706
-13.25	-77.684
-13.25	-77.706
-13.29	-77.661
-13.76	-79.778
-13.78	-79.778
-13.82	-79.756
-13.73	-79.778
-13.80	-79.734
-13.84	-78.040
-13.82	-78.062
-13.79	-78.018
-13.78	-78.062
-13.80	-78.040
-14.50	-82.141
-14.37	-82.119
-14.41	-82.096
-14.39	-82.119
-14.40	-82.096
-14.93	-84.213
-14.91	-84.213
-14.94	-84.236
-14.95	-84.236
-14.89	-84.213
-15.04	-84.570
-15.07	-84.525
-15.02	-84.548
-15.09	-84.548
-15.03	-84.525
-15.11	-83.188
-15.08	-83.233
-15.07	-83.233
-15.05	-83.233
-15.05	-83.211
-15.20	-84.459
-15.21	-84.481
-15.27	-84.459
-15.18	-84.436
-15.26	-84.436
-15.67	-86.643
-15.60	-86.687
-15.68	-86.643
-15.66	-86.643
-15.64	-86.643
-16.22	-88.827
-16.19	-88.827
-16.22	-88.760
-16.26	-88.805
-16.21	-88.760
-16.31	-86.955
-16.25	-86.999
-16.24	-87.044
-16.25	-86.955
-16.29	-86.955
-16.28	-86.242
-16.32	-86.242
-16.25	-86.242
-16.24	-86.219
-16.24	-86.219
-16.66	-89.696
-16.62	-89.674
-16.69	-89.674
-16.64	-89.651
-16.67	-89.629
-17.15	-91.657
-17.12	-91.635
-17.15	-91.613
-17.18	-91.635
-17.12	-91.635
-17.15	-89.897
-17.17	-89.897
-17.15	-89.919
-17.20	-89.897
-17.16	-89.897
-17.61	-92.571
-17.63	-92.571
-17.61	-92.526
-17.64	-92.526
-17.58	-92.526
-18.08	-94.086
-18.04	-94.109
-18.16	-94.042
-18.07	-94.064
-18.11	-94.109
-18.60	-95.446
-18.64	-95.446
-18.58	-95.424
-18.62	-95.424
-18.59	-95.468
-18.68	-93.797
-18.62	-93.819
-18.65	-93.841
-18.59	-93.819
-18.68	-93.819
-19.03	-96.471
-19.11	-96.449
-19.14	-96.404
-19.06	-96.404
-19.08	-96.404
-19.58	-97.563
-19.56	-97.541
-19.54	-97.541
-19.56	-97.519
-19.52	-97.541
-19.58	-96.404
-19.55	-96.404
-19.60	-96.360
-19.64	-96.382
-19.59	-96.337
-19.64	-96.092
-19.60	-96.070
-19.57	-96.070
-19.58	-96.092
-19.62	-96.070
-19.68	-93.100
-19.65	-93.055
-19.73	-93.055
-19.67	-93.078
-19.72	-93.078
-19.62	-88.710
-19.72	-88.754
-19.70	-88.732
-19.66	-88.732
-19.66	-88.732
-19.47	-85.233
-19.51	-85.233
-19.51	-85.233
-19.48	-85.211
-19.48	-85.233
-19.46	-85.790
-19.49	-85.812
-19.48	-85.812
-19.46	-85.812
-19.49	-85.812
-19.32	-82.224
-19.24	-82.291
-19.31	-82.269
-19.21	-82.336
-19.31	-82.269
-19.00	-77.745
-18.92	-77.767
-18.99	-77.745
-18.97	-77.789
-18.98	-77.767
-18.65	-73.399
-18.60	-73.376
-18.70	-73.399
-18.63	-73.376
-18.66	-73.399
-18.33	-69.409
-18.31	-69.387
-18.34	-69.365
-18.32	-69.409
-18.34	-69.387
-18.28	-70.546
-18.30	-70.568
-18.24	-70.524
-18.35	-70.546
-18.28	-70.546
-18.01	-66.601
-18.03	-66.668
-18.04	-66.646
-18.03	-66.690
-18.01	-66.668
-18.04	-66.913
-17.97	-66.913
-18.01	-66.936
-18.04	-66.913
-17.99	-66.891
-17.68	-62.456
-17.68	-62.456
-17.68	-62.456
-17.66	-62.478
-17.75	-62.456
-17.31	-57.932
-17.27	-57.954
-17.30	-57.932
-17.24	-57.954
-17.30	-57.954
-16.87	-53.541
-16.84	-53.541
-16.88	-53.497
-16.89	-53.519
-16.84	-53.541
-16.38	-48.883
-16.45	-48.906
-16.40	-48.950
-16.46	-48.928
-16.44	-48.906
-16.02	-44.381
-15.98	-44.381
-15.99	-44.404
-15.96	-44.448
-16.02	-44.404
-15.99	-44.961
-15.95	-44.939
-16.01	-44.939
-15.94	-44.916
-16.00	-44.939
-16.04	-45.453
-15.94	-45.497
-15.94	-45.453
-15.98	-45.497
-15.97	-45.475
-15.77	-43.135
-15.86	-43.157
-15.80	-43.135
-15.80	-43.202
-15.79	-43.157
-15.77	-43.982
-15.79	-43.915
-15.80	-43.937
-15.83	-43.937
-15.78	-43.960
-15.52	-39.993
-15.51	-39.970
-15.52	-39.970
-15.50	-39.970
-15.50	-39.993
-15.04	-35.580
-14.98	-35.558
-15.03	-35.558
-15.03	-35.558
-15.05	-35.558
-14.50	-31.190
-14.52	-31.167
-14.54	-31.167
-14.50	-31.167
-14.52	-31.167
-13.99	-26.754
-13.99	-26.754
-13.96	-26.844
-13.97	-26.732
-14.00	-26.777
-13.41	-22.163
-13.38	-22.186
-13.44	-22.186
-13.38	-22.186
-13.40	-22.208
-13.36	-22.877
-13.42	-22.899
-13.40	-22.899
-13.38	-22.877
-13.37	-22.899
-13.40	-23.367
-13.35	-23.322
-13.34	-23.300
-13.43	-23.300
-13.37	-23.278
-13.35	-23.568
-13.39	-23.523
-13.36	-23.568
-13.37	-23.568
-13.38	-23.568
-12.82	-17.884
-12.72	-17.929
-12.73	-17.884
-12.73	-17.907
-12.76	-17.907
-12.01	-13.271
-12.07	-13.316
-12.04	-13.316
-12.04	-13.316
-12.01	-13.271
-11.17	-8.725
-11.15	-8.725
-11.15	-8.791
-11.18	-8.769
-11.20	-8.747
-10.71	-6.607
-10.66	-6.630
-10.65	-6.585
-10.66	-6.630
-10.70	-6.585
-10.71	-7.142
-10.64	-7.098
-10.66	-7.098
-10.64	-7.120
-10.68	-7.075
-7.86	1.260
-7.89	1.260
-7.89	1.282
-7.88	1.237
-7.83	1.260
-6.37	2.931
-6.35	2.954
-6.42	2.909
-6.36	2.820
-6.37	2.842
-6.32	2.419
-6.39	2.419
-6.34	2.441
-6.35	2.396
-6.38	2.530
-6.36	1.683
-6.36	1.705
-6.43	1.639
-6.39	1.683
-6.37	1.639
-6.63	0.769
-6.66	0.814
-6.60	0.792
-6.61	0.814
-6.62	0.769
-6.64	0.613
-6.68	0.591
-6.68	0.658
-6.70	0.636
-6.66	0.680
-6.76	0.413
-6.85	0.391
-6.74	0.391
-6.82	0.391
-6.79	0.346
-6.81	0.324
-6.81	0.346
-6.78	0.324
-6.81	0.368
-6.87	0.324
-6.78	0.301
-6.82	0.301
-6.84	0.301
-6.79	0.235
-6.78	0.257
-6.77	0.279
-6.81	0.257
-6.87	0.324
-6.79	0.257
-6.81	0.279
-6.86	0.235
-6.84	0.301
-6.75	0.346
-6.85	0.346
-6.79	0.301
-6.83	0.324
-6.80	0.324
-6.86	0.279
-6.84	0.301
-6.78	0.368
-6.83	0.747
-6.85	0.769
-6.84	0.725
-6.89	0.747
-6.85	0.792
-6.54	2.151
-6.59	2.107
-6.54	2.174
-6.53	2.107
-6.55	2.151
-6.33	2.664
-6.36	2.642
-6.35	2.731
-6.32	2.686
-6.32	2.642
-6.05	2.998
-6.15	2.998
-6.11	2.954
-6.18	3.020
-6.09	2.998
-5.47	3.025
-5.45	3.048
-5.48	2.981
-5.45	3.048
-5.40	3.025
-5.41	3.092
-5.52	3.003
-5.49	3.070
-5.41	3.048
-5.47	3.048
-5.46	2.914
-5.41	3.003
-5.49	2.981
-5.47	2.959
-5.40	2.936
-5.43	3.003
-5.42	2.981
-5.42	3.048
-5.43	2.981
-5.46	3.003
-5.27	1.443
-5.32	1.465
-5.34	1.443
-5.27	1.421
-5.30	1.443
-5.51	1.346
-5.48	1.324
-5.45	1.346
-5.41	1.391
-5.45	1.346
-5.30	2.327
-5.34	2.305
-5.33	2.282
-5.39	2.260
-5.37	2.327
-4.49	4.377
-4.47	4.400
-4.43	4.400
-4.43	4.377
-4.43	4.422
-2.77	6.673
-2.79	6.628
-2.75	6.606
-2.81	6.673
-2.81	6.584
-1.59	8.924
-1.53	8.879
-1.59	8.812
-1.54	8.879
-1.56	8.835
-1.58	8.300
-1.57	8.344
-1.58	8.344
-1.59	8.322
-1.61	8.300
-0.55	10.996
-0.56	10.974
-0.56	11.041
-0.55	10.885
-0.56	10.974
0.35	13.314
0.38	13.337
0.31	13.381
0.33	13.314
0.37	13.314
1.20	15.565
1.21	15.521
1.21	15.498
1.23	15.543
1.25	15.565
1.95	17.861
2.02	17.816
2.00	17.794
2.03	17.794
1.97	17.838
2.60	19.978
2.61	19.956
2.62	20.023
2.69	20.023
2.66	19.978
3.30	22.140
3.28	22.184
3.34	22.229
3.33	22.207
3.34	22.184
3.35	21.471
3.31	21.471
3.31	21.493
3.28	21.471
3.27	21.493
3.29	21.293
3.34	21.248
3.32	21.248
3.32	21.226
3.33	21.248
3.93	24.435
3.93	24.368
3.93	24.413
3.95	24.413
3.94	24.413
4.51	26.575
4.56	26.597
4.48	26.575
4.49	26.597
4.48	26.597
5.04	28.915
5.08	28.937
5.08	28.870
5.08	28.893
5.04	28.893
5.58	30.965
5.59	31.010
5.54	30.988
5.57	30.988
5.56	31.099
6.14	33.305
6.15	33.328
6.13	33.350
6.17	33.328
6.15	33.350
6.60	35.579
6.62	35.556
6.62	35.556
6.65	35.512
6.59	35.556
6.64	34.665
6.68	34.643
6.62	34.665
6.62	34.687
6.58	34.665
7.13	37.852
7.18	37.830
7.12	37.852
7.16	37.830
7.12	37.807
7.62	39.947
7.61	39.902
7.61	39.947
7.60	39.947
7.50	39.924
8.15	42.220
8.07	42.242
8.09	42.220
8.03	42.220
8.05	42.220
8.53	44.359
8.57	44.337
8.61	44.382
8.62	44.337
8.59	44.359
8.66	42.131
8.65	42.109
8.60	42.154
8.68	42.109
8.64	42.109
8.82	44.427
8.79	44.427
8.82	44.449
8.86	44.427
8.82	44.427
9.14	46.856
9.19	46.878
9.21	46.901
9.11	46.834
9.10	46.856
9.53	48.862
9.57	48.862
9.60	48.840
9.56	48.862
9.48	48.840
10.10	51.135
10.01	51.091
10.03	51.135
10.05	51.091
10.07	51.113
10.47	53.386
10.52	53.431
10.60	53.342
10.56	53.342
10.51	53.342
10.99	55.592
11.04	55.592
11.05	55.503
11.05	55.592
11.07	55.548
11.57	57.910
11.59	57.888
11.54	57.821
11.53	57.866
11.62	57.843
12.05	59.961
12.05	59.938
12.12	59.961
12.09	59.961
12.02	59.938
12.18	60.139
12.15	60.005
12.17	60.072
12.13	60.072
12.06	60.072
12.09	59.292
12.15	59.337
12.15	59.337
12.17	59.359
12.19	59.314
12.59	62.368
12.59	62.412
12.66	62.412
12.66	62.323
12.53	62.345
13.07	64.463
13.14	64.529
13.15	64.440
13.00	64.463
13.05	64.396
13.67	66.557
13.59	66.513
13.62	66.513
13.66	66.535
13.61	66.557
13.65	64.997
13.68	65.064
13.65	65.042
13.61	65.020
13.63	65.020
14.11	68.786
14.15	68.786
14.22	68.808
14.20	68.808
14.15	68.786
14.72	71.104
14.71	71.126
14.73	71.082
14.78	71.059
14.68	71.082
15.26	73.288
15.27	73.310
15.27	73.333
15.26	73.243
15.21	73.243
15.86	75.517
15.79	75.539
15.81	75.561
15.86	75.561
15.86	75.584
15.78	74.291
15.84	74.269
15.96	74.291
15.86	74.291
15.85	74.291
16.46	77.857
16.51	77.857
16.46	77.857
16.51	77.857
16.47	77.835
17.07	80.041
17.09	80.019
17.05	79.996
17.04	79.974
17.08	79.996
17.75	82.158
17.70	82.158
17.63	82.136
17.75	82.091
17.76	82.091
18.36	84.409
18.42	84.409
18.41	84.409
18.34	84.364
18.41	84.387
18.42	82.715
18.45	82.782
18.42	82.760
18.41	82.738
18.42	82.738
18.64	84.676
18.71	84.587
18.75	84.610
18.68	84.610
18.67	84.565
19.19	86.749
19.25	86.749
19.18	86.705
19.13	86.749
19.17	86.660
19.70	88.242
19.65	88.220
19.74	88.242
19.72	88.198
19.72	88.175
20.14	89.513
20.17	89.424
20.13	89.446
20.10	89.446
20.14	89.401
20.63	90.716
20.64	90.716
20.63	90.716
20.58	90.716
20.66	90.672
20.85	85.121
20.71	85.144
20.73	85.121
20.83	85.188
20.76	85.188
20.79	83.294
20.75	83.272
20.87	83.272
20.76	83.338
20.70	83.338
20.58	80.196
20.72	80.196
20.68	80.174
20.62	80.174
20.71	80.196
20.41	76.006
20.35	75.962
20.43	75.962
20.39	75.962
20.29	75.917
20.07	71.482
20.12	71.482
20.09	71.504
20.07	71.527
20.14	71.460
19.75	67.025
19.77	67.002
19.76	67.025
19.72	67.047
19.70	67.002
19.70	67.738
19.68	67.716
19.75	67.760
19.77	67.738
19.69	67.738
19.72	67.849
19.73	67.849
19.71	67.894
19.75	67.849
19.73	67.849
19.34	62.344
19.36	62.367
19.41	62.322
19.25	62.367
19.29	62.344
19.00	58.021
19.02	58.065
19.01	58.088
19.02	57.999
19.01	58.021
18.66	53.363
18.61	53.363
18.58	53.385
18.58	53.363
18.59	53.385
18.28	49.129
18.16	49.106
18.19	49.151
18.29	49.129
18.20	49.151
17.69	44.538
17.73	44.538
17.89	44.560
17.79	44.604
17.74	44.538
17.70	45.942
17.73	45.852
17.80	45.919
17.80	45.897
17.76	45.986
17.81	46.031
17.74	46.008
17.79	46.031
17.77	46.008
17.71	45.986
17.72	46.075
17.77	46.053
17.80	46.098
17.77	46.075
17.75	46.031
17.72	46.454
17.72	46.432
17.79	46.410
17.72	46.454
17.81	46.432
17.27	39.991
17.32	39.991
17.31	40.013
17.36	39.991
17.24	39.969
16.85	35.623
16.90	35.578
16.85	35.601
16.87	35.578
16.80	35.556
16.39	31.210
16.41	31.255
16.36	31.232
16.38	31.188
16.40	31.210
15.87	26.797
15.86	26.797
15.85	26.797
15.88	26.820
15.88	26.842
15.88	27.667
15.82	27.667
15.85	27.622
15.91	27.644
15.83	27.622
15.83	27.845
15.83	27.756
15.88	27.778
15.84	27.867
15.91	27.778
15.36	22.385
15.25	22.385
15.32	22.318
15.36	22.340
15.30	22.385
15.37	23.009
15.29	23.009
15.32	23.009
15.30	23.009
15.28	22.964
14.73	17.972
14.84	18.016
14.70	18.016
14.72	18.039
14.81	17.994
14.73	17.972
14.73	17.950
14.76	17.950
14.73	17.905
14.76	17.927
14.10	13.470
14.05	13.492
14.14	13.515
14.11	13.470
14.01	13.492
13.29	8.924
13.33	8.946
13.28	8.968
13.32	8.990
13.32	9.013
12.70	6.316
12.72	6.361
12.73	6.361
12.68	6.316
12.69	6.338
12.74	6.851
12.70	6.806
12.64	6.829
12.70	6.829
12.76	6.829
12.25	4.555
12.26	4.600
12.32	4.533
12.23	4.555
12.25	4.622
11.65	2.327
11.64	2.304
11.71	2.304
11.70	2.260
11.64	2.304
11.38	1.368
11.26	1.368
11.30	1.346
11.41	1.368
11.36	1.346
11.28	1.765
11.33	1.787
11.26	1.832
11.20	1.809
11.24	1.809
11.23	2.144
11.24	2.121
11.23	2.144
11.24	2.188
11.25	2.144
11.30	2.300
11.24	2.300
11.20	2.277
11.29	2.277
11.27	2.277
11.17	2.372
11.24	2.372
11.26	2.350
11.26	2.394
11.29	2.372
10.23	0.210
10.23	0.210
10.24	0.232
10.23	0.210
10.23	0.210
6.99	-6.387
6.98	-6.387
6.95	-6.409
7.00	-6.387
6.96	-6.364
7.03	-5.919
6.96	-5.896
6.98	-5.919
7.02	-5.896
6.96	-5.896
6.09	-7.568
6.09	-7.568
6.11	-7.613
6.10	-7.590
6.01	-7.568
5.22	-8.705
5.32	-8.682
5.24	-8.682
5.23	-8.727
5.31	-8.727
4.40	-9.841
4.44	-9.863
4.51	-9.886
4.44	-9.886
4.46	-9.908
4.47	-9.284
4.37	-9.284
4.46	-9.329
4.45	-9.306
4.45	-9.351
3.70	-11.022
3.75	-11.022
3.70	-11.022
3.77	-11.000
3.71	-11.000
3.17	-12.025
3.14	-12.048
3.18	-12.025
3.14	-12.003
3.11	-12.025
2.59	-13.184
2.62	-13.140
2.64	-13.140
2.57	-13.140
2.64	-13.162
2.11	-14.432
2.06	-14.410
2.08	-14.388
2.08	-14.365
2.03	-14.410
1.59	-15.591
1.58	-15.569
1.62	-15.569
1.59	-15.547
1.60	-15.547
0.81	-17.641
0.84	-17.686
0.85	-17.686
0.83	-17.686
0.89	-17.664
0.04	-19.870
0.07	-19.937
0.10	-19.870
0.08	-19.848
0.04	-19.848
-0.65	-22.032
-0.58	-22.054
-0.60	-21.987
-0.62	-22.032
-0.54	-22.010
-0.65	-21.274
-0.63	-21.274
-0.59	-21.319
-0.68	-21.274
-0.64	-21.296
-1.32	-24.350
-1.26	-24.372
-1.31	-24.350
-1.36	-24.350
-1.26	-24.327
-1.92	-26.779
-1.96	-26.779
-1.94	-26.779
-1.94	-26.779
-2.01	-26.734
-2.00	-26.021
-1.98	-26.021
-1.92	-26.021
-2.01	-25.999
-2.00	-26.021
-2.55	-28.807
-2.50	-28.807
-2.52	-28.763
-2.50	-28.785
-2.48	-28.785
-3.12	-31.013
-3.06	-31.013
-3.06	-31.013
-3.13	-31.013
-3.10	-31.013
-3.66	-33.242
-3.60	-33.220
-3.64	-33.220
-3.66	-33.175
-3.64	-33.220
-4.16	-35.538
-4.17	-35.538
-4.23	-35.515
-4.24	-35.515
-4.17	-35.448
-4.77	-37.655
-4.74	-37.610
-4.73	-37.655
-4.76	-37.633
-4.72	-37.610
-5.23	-39.839
-5.23	-39.817
-5.21	-39.817
-5.22	-39.817
-5.21	-39.839
-5.75	-42.201
-5.74	-42.201
-5.74	-42.224
-5.77	-42.157
-5.74	-42.201
-6.33	-44.408
-6.28	-44.408
-6.28	-44.385
-6.30	-44.363
-6.28	-44.319
-6.31	-43.316
-6.27	-43.316
-6.31	-43.293
-6.32	-43.271
-6.27	-43.316
-6.34	-42.331
-6.29	-42.353
-6.34	-42.353
-6.34	-42.375
-6.32	-42.353
-6.47	-44.359
-6.50	-44.336
-6.56	-44.314
-6.54	-44.314
-6.51	-44.336
-6.77	-46.565
-6.80	-46.565
-6.86	-46.565
-6.83	-46.543
-6.83	-46.498
-7.27	-48.838
-7.24	-48.838
-7.25	-48.816
-7.29	-48.771
-7.31	-48.794
-7.74	-51.022
-7.77	-51.045
-7.76	-51.022
-7.76	-51.000
-7.73	-51.000
-8.17	-53.117
-8.26	-53.095
-8.23	-53.117
-8.18	-53.073
-8.23	-53.117
-8.74	-55.658
-8.68	-55.658
-8.71	-55.658
-8.73	-55.680
-8.69	-55.636
-9.18	-57.641
-9.25	-57.619
-9.15	-57.597
-9.17	-57.597
-9.21	-57.575
-9.18	-56.639
-9.21	-56.616
-9.18	-56.661
-9.20	-56.661
-9.22	-56.661
-9.65	-59.915
-9.73	-59.892
-9.73	-59.848
-9.67	-59.848
-9.67	-59.848
-10.11	-62.099
-10.14	-62.099
-10.17	-62.076
-10.20	-62.076
-10.13	-62.099
-10.64	-64.439
-10.64	-64.483
-10.65	-64.439
-10.65	-64.461
-10.65	-64.439
-11.11	-66.712
-11.13	-66.779
-11.18	-66.734
-11.12	-66.690
-11.10	-66.668
-11.13	-65.308
-11.18	-65.286
-11.14	-65.241
-11.15	-65.263
-11.19	-65.241
-11.19	-64.372
-11.18	-64.439
-11.17	-64.350
-11.21	-64.394
-11.21	-64.372
-11.75	-68.807
-11.68	-68.829
-11.69	-68.807
-11.74	-68.785
-11.68	-68.785
-12.16	-70.924
-12.19	-70.947
-12.22	-70.902
-12.20	-70.902
-12.17	-70.880
-12.64	-73.153
-12.71	-73.175
-12.71	-73.153
-12.64	-73.153
-12.70	-73.153
-13.20	-75.448
-13.19	-75.426
-13.27	-75.448
-13.26	-75.426
-13.19	-75.404
-13.23	-74.223
-13.24	-74.267
-13.26	-74.223
-13.24	-74.245
-13.23	-74.267
-13.83	-77.811
-13.85	-77.789
-13.79	-77.789
-13.82	-77.789
-13.87	-77.766
-14.35	-79.906
-14.36	-79.883
-14.35	-79.839
-14.42	-79.861
-14.37	-79.817
-14.62	-80.753
-14.62	-80.753
-14.62	-80.753
-14.60	-80.730
-14.67	-80.797
-14.63	-79.415
-14.62	-79.438
-14.67	-79.460
-14.64	-79.460
-14.61	-79.438
-15.01	-82.224
-14.99	-82.179
-15.01	-82.201
-15.03	-82.157
-14.99	-82.224
-15.57	-84.296
-15.50	-84.229
-15.54	-84.252
-15.57	-84.229
-15.56	-84.229
-15.89	-85.255
-15.87	-85.255
-15.87	-85.277
-15.87	-85.277
-15.83	-85.299
-15.90	-83.962
-15.92	-83.940
-15.86	-83.917
-15.85	-83.984
-15.92	-83.940
-16.33	-86.547
-16.29	-86.547
-16.25	-86.547
-16.30	-86.525
-16.26	-86.525
-16.90	-88.865
-16.90	-88.887
-16.96	-88.820
-16.91	-88.820
-16.87	-88.820
-16.98	-86.569
-16.92	-86.592
-16.97	-86.569
-16.98	-86.592
-16.97	-86.592
-17.29	-89.957
-17.34	-89.912
-17.32	-89.957
-17.33	-89.935
-17.30	-89.912
-17.38	-88.709
-17.31	-88.664
-17.31	-88.664
-17.36	-88.664
-17.38	-88.687
-17.79	-91.094
-17.79	-91.160
-17.81	-91.116
-17.77	-91.116
-17.78	-91.071
-18.30	-92.988
-18.37	-92.943
-18.38	-92.966
-18.36	-92.966
-18.35	-92.921
-18.43	-91.383
-18.41	-91.361
-18.39	-91.361
-18.39	-91.339
-18.35	-91.406
-18.86	-93.902
-18.91	-93.924
-18.82	-93.857
-18.79	-93.879
-18.84	-93.879
-19.35	-95.105
-19.31	-95.127
-19.30	-95.061
-19.35	-95.083
-19.31	-95.105
-19.39	-93.501
-19.34	-93.456
-19.30	-93.501
-19.40	-93.501
-19.39	-93.501
-19.79	-96.086
-19.79	-96.108
-19.82	-96.108
-19.79	-96.064
-19.77	-96.064
-19.90	-94.281
-19.89	-94.281
-19.86	-94.258
-19.88	-94.258
-19.85	-94.236
-19.96	-91.538
-19.98	-91.494
-19.91	-91.494
-19.92	-91.471
-19.96	-91.561
-19.92	-91.338
-19.95	-91.338
-19.91	-91.315
-19.96	-91.293
-19.99	-91.293
-19.99	-88.819
-20.05	-88.797
-20.05	-88.819
-20.00	-88.842
-20.01	-88.819
-20.03	-88.886
-19.95	-88.864
-20.00	-88.864
-20.01	-88.864
-19.97	-88.953
-19.91	-84.451
-19.94	-84.473
-19.95	-84.429
-19.87	-84.429
-19.90	-84.496
-19.60	-79.815
-19.57	-79.838
-19.63	-79.815
-19.59	-79.838
-19.53	-79.905
-19.47	-77.654
-19.47	-77.721
-19.44	-77.698
-19.44	-77.698
-19.46	-77.698
-19.47	-78.523
-19.47	-78.478
-19.45	-78.478
-19.44	-78.478
-19.43	-78.456
-19.22	-75.536
-19.28	-75.536
-19.26	-75.581
-19.22	-75.536
-19.25	-75.536
-18.95	-71.057
-18.89	-71.012
-18.88	-71.079
-18.94	-71.035
-18.87	-71.079
-18.60	-66.666
-18.57	-66.666
-18.52	-66.711
-18.62	-66.689
-18.57	-66.689
-18.53	-67.112
-18.57	-67.090
-18.60	-67.112
-18.57	-67.112
-18.58	-67.112
-18.20	-62.410
-18.18	-62.410
-18.16	-62.410
-18.17	-62.432
-18.13	-62.387
-18.08	-60.760
-17.98	-60.738
-18.01	-60.783
-18.01	-60.760
-18.02	-60.760
-17.97	-61.763
-18.00	-61.763
-17.99	-61.763
-18.00	-61.786
-17.98	-61.786
-17.69	-57.640
-17.69	-57.663
-17.70	-57.685
-17.67	-57.685
-17.65	-57.685
-17.29	-53.540
-17.34	-53.517
-17.30	-53.517
-17.28	-53.540
-17.33	-53.562
-16.82	-48.837
-16.86	-48.904
-16.91	-48.882
-16.86	-48.882
-16.84	-48.859
-16.42	-44.514
-16.42	-44.514
-16.43	-44.491
-16.39	-44.536
-16.38	-44.536
-16.43	-45.449
-16.43	-45.404
-16.43	-45.449
-16.38	-45.471
-16.43	-45.471
-15.99	-40.056
-15.93	-40.100
-15.93	-40.078
-15.98	-40.078
-15.88	-40.123
-15.94	-41.036
-15.98	-40.992
-15.93	-40.947
-15.97	-41.014
-15.91	-40.992
-15.46	-35.554
-15.50	-35.576
-15.46	-35.621
-15.48	-35.621
-15.47	-35.621
-14.97	-31.208
-14.98	-31.208
-14.97	-31.230
-14.96	-31.208
-14.98	-31.208
-14.40	-26.572
-14.39	-26.595
-14.33	-26.595
-14.40	-26.595
-14.45	-26.572
-13.84	-22.160
-13.86	-22.182
-13.79	-22.160
-13.80	-22.160
-13.84	-22.160
-13.81	-22.739
-13.79	-22.694
-13.82	-22.717
-13.86	-22.739
-13.80	-22.739
-13.15	-17.791
-13.17	-17.791
-13.23	-17.836
-13.17	-17.836
-13.13	-17.769
-12.44	-13.312
-12.47	-13.312
-12.48	-13.312
-12.44	-13.312
-12.45	-13.289
-12.45	-14.248
-12.43	-14.248
-12.40	-14.292
-12.46	-14.292
-12.42	-14.315
-12.01	-11.039
-11.97	-11.039
-12.03	-11.039
-11.99	-11.039
-11.95	-11.039
-11.62	-8.832
-11.63	-8.832
-11.55	-8.877
-11.59	-8.854
-11.59	-8.877
-11.60	-9.122
-11.57	-9.077
-11.54	-9.100
-11.56	-9.144
-11.62	-9.100
-11.09	-6.760
-11.06	-6.737
-11.14	-6.760
-11.10	-6.737
-11.08	-6.760
-11.11	-7.205
-11.09	-7.183
-11.04	-7.250
-11.14	-7.250
-11.11	-7.250
-8.96	-1.700
-8.98	-1.745
-8.97	-1.723
-8.97	-1.723
-8.98	-1.745
-8.30	-0.007
-8.31	-0.029
-8.31	-0.029
-8.32	-0.051
-8.32	-0.051
-7.46	2.155
-7.47	2.244
-7.48	2.200
-7.48	2.177
-7.53	2.200
-7.49	1.592
-7.46	1.570
-7.46	1.570
-7.44	1.592
-7.46	1.547
-7.45	1.525
-7.47	1.503
-7.43	1.525
-7.43	1.503
-7.49	1.458
-7.38	1.547
-7.47	1.525
-7.45	1.525
-7.40	1.547
-7.46	1.503
-7.45	1.525
-7.42	1.525
-7.44	1.525
-7.40	1.480
-7.43	1.525
-7.36	1.636
-7.41	1.592
-7.43	1.525
-7.39	1.525
-7.37	1.458
-7.44	0.856
-7.41	0.834
-7.43	0.856
-7.47	0.856
-7.40	0.879
-7.41	1.035
-7.45	1.035
-7.40	1.035
-7.48	1.035
-7.46	1.035
-7.44	1.213
-7.44	1.213
-7.45	1.235
-7.38	1.168
-7.44	1.213
-7.41	1.436
-7.43	1.436
-7.43	1.414
-7.38	1.436
-7.43	1.458
-7.38	1.636
-7.41	1.681
-7.45	1.614
-7.39	1.570
-7.40	1.636
-7.25	2.171
-7.34	2.216
-7.30	2.194
-7.31	2.238
-7.33	2.194
-7.18	2.394
-7.12	2.483
-7.12	2.439
-7.13	2.461
-7.11	2.528
-6.80	2.974
-6.82	2.974
-6.83	2.840
-6.80	2.862
-6.87	2.862
-6.78	3.040
-6.79	2.929
-6.79	2.996
-6.73	2.974
-6.76	2.974
-6.71	2.996
-6.68	2.996
-6.72	3.018
-6.77	2.974
-6.73	2.996
-6.71	2.974
-6.72	2.996
-6.69	2.996
-6.71	2.974
-6.64	2.974
-6.70	2.996
-6.69	2.951
-6.72	2.974
-6.65	2.996
-6.76	2.996
-6.65	3.018
-6.66	2.974
-6.65	2.951
-6.62	2.996
-6.68	2.996
-6.52	3.018
-6.55	3.040
-6.59	3.018
-6.61	3.040
-6.54	3.018
-5.98	2.644
-6.01	2.644
-5.96	2.711
-6.02	2.689
-6.06	2.689
-5.96	2.667
-6.02	2.667
-6.04	2.644
-5.96	2.667
-6.01	2.689
-5.94	2.956
-5.92	3.001
-5.99	2.912
-5.99	2.934
-5.95	2.956
-5.97	2.934
-5.96	2.845
-5.92	2.956
-5.94	2.912
-6.00	2.934
-5.88	1.485
-5.85	1.463
-5.86	1.463
-5.92	1.508
-5.88	1.485
-5.82	2.355
-5.83	2.288
-5.84	2.243
-5.89	2.310
-5.88	2.288
-5.08	4.427
-5.06	4.383
-5.03	4.405
-5.04	4.383
-5.10	4.405
-4.77	4.717
-4.80	4.717
-4.77	4.695
-4.76	4.695
-4.84	4.717
-3.67	6.611
-3.57	6.634
-3.53	6.656
-3.61	6.611
-3.58	6.611
-2.30	8.818
-2.30	8.862
-2.35	8.840
-2.34	8.840
-2.32	8.840
-1.24	11.046
-1.23	11.046
-1.31	11.046
-1.31	11.024
-1.29	11.069
-1.23	10.066
-1.21	10.021
-1.26	10.043
-1.25	10.043
-1.22	9.999
-0.28	13.320
-0.31	13.275
-0.20	13.275
-0.24	13.253
-0.24	13.253
0.66	15.526
0.60	15.481
0.62	15.504
0.66	15.504
0.61	15.504
1.37	17.821
1.43	17.732
1.38	17.777
1.31	17.755
1.34	17.777
2.10	19.961
2.17	19.916
2.10	19.983
2.12	19.939
2.14	19.939
2.73	22.167
2.82	22.145
2.87	22.100
2.77	22.078
2.79	22.100
2.81	21.499
2.84	21.476
2.83	21.566
2.82	21.476
2.76	21.543
2.81	20.919
2.84	20.942
2.85	20.986
2.87	20.942
2.83	20.964
3.51	24.418
3.46	24.307
3.50	24.351
3.51	24.307
3.51	24.374
4.04	26.558
4.08	26.558
4.06	26.513
4.12	26.536
4.11	26.491
4.69	28.853
4.70	28.853
4.68	28.876
4.72	28.853
4.63	28.920
5.20	31.060
5.25	31.037
5.30	31.060
5.23	31.037
5.24	31.037
5.78	33.244
5.73	33.266
5.78	33.222
5.83	33.244
5.78	33.244
6.35	35.517
6.29	35.562
6.26	35.495
6.30	35.495
6.31	35.517
6.84	37.701
6.88	37.723
6.86	37.746
6.85	37.723
6.87	37.723
6.91	36.854
6.90	36.832
6.85	36.832
6.88	36.832
6.79	36.810
7.40	39.974
7.39	39.974
7.33	39.930
7.38	39.930
7.38	39.952
7.90	42.337
7.87	42.292
7.92	42.292
7.94	42.270
7.85	42.359
8.37	44.454
8.38	44.476
8.44	44.454
8.39	44.454
8.36	44.432
8.46	42.894
8.47	42.938
8.41	42.983
8.46	42.983
8.42	42.938
8.51	41.685
8.39	41.707
8.42	41.663
8.45	41.730
8.48	41.685
8.48	41.507
8.47	41.551
8.46	41.529
8.50	41.529
8.43	41.551
8.63	44.560
8.71	44.538
8.68	44.516
8.65	44.538
8.72	44.493
8.95	46.700
8.99	46.677
8.96	46.677
9.03	46.655
9.04	46.677
9.47	48.839
9.44	48.861
9.44	48.839
9.36	48.817
9.44	48.839
9.94	51.112
9.87	51.112
9.89	51.090
9.97	51.090
9.95	51.090
10.44	53.430
10.41	53.430
10.44	53.386
10.53	53.430
10.45	53.386
10.99	55.659
11.03	55.637
10.90	55.681
10.95	55.614
11.05	55.659
11.47	57.642
11.51	57.665
11.51	57.642
11.49	57.687
11.44	57.665
12.02	59.960
11.95	59.982
12.05	59.916
12.05	59.982
12.03	59.982
12.56	62.189
12.57	62.256
12.57	62.189
12.58	62.144
12.59	62.144
13.11	64.328
13.18	64.351
13.06	64.351
13.11	64.284
13.18	64.217
13.59	66.535
13.67	66.512
13.71	66.490
13.62	66.512
13.66	66.512
13.69	64.841
13.64	64.819
13.76	64.819
13.70	64.863
13.66	64.752
13.73	64.529
13.70	64.596
13.71	64.573
13.71	64.640
13.70	64.596
13.93	66.847
13.80	66.869
13.86	66.847
13.94	66.891
13.87	66.780
14.21	69.008
14.24	68.942
14.23	68.964
14.21	68.897
14.22	68.986
14.69	71.014
14.77	71.014
14.81	70.970
14.77	70.970
14.76	70.947
14.77	69.855
14.76	69.811
14.76	69.766
14.83	69.788
14.79	69.855
15.40	73.377
15.39	73.354
15.39	73.332
15.39	73.354
15.39	73.332
16.02	75.405
15.89	75.472
15.97	75.494
16.00	75.449
15.94	75.472
16.58	77.834
16.64	77.834
16.64	77.834
16.58	77.812
16.63	77.812
17.10	79.461
17.12	79.461
17.09	79.394
17.14	79.439
17.05	79.372
17.56	81.088
17.61	81.088
17.58	81.088
17.56	81.021
17.62	81.066
18.08	82.514
18.06	82.470
18.06	82.447
18.10	82.470
18.03	82.447
18.51	83.985
18.58	83.963
18.63	84.007
18.52	83.963
18.49	84.007
18.86	85.077
18.96	85.099
18.92	85.099
18.95	85.055
18.90	85.055
18.99	83.628
18.97	83.562
18.97	83.651
18.89	83.628
18.96	83.584
19.41	86.281
19.39	86.303
19.41	86.303
19.47	86.236
19.43	86.258
19.94	87.529
19.98	87.484
19.86	87.529
19.92	87.462
19.97	87.484
20.46	88.799
20.42	88.866
20.40	88.799
20.35	88.799
20.49	88.799
20.67	89.289
20.60	89.312
20.62	89.312
20.63	89.334
20.69	89.267
20.70	88.086
20.64	88.086
20.69	88.108
20.73	88.041
20.59	88.108
20.74	87.194
20.72	87.150
20.64	87.194
20.71	87.217
20.70	87.194
20.72	87.061
20.70	87.150
20.72	87.127
20.67	87.127
20.72	87.061
20.71	86.793
20.68	86.882
20.76	86.815
20.68	86.815
20.63	86.838
20.75	83.522
20.73	83.500
20.80	83.522
20.82	83.522
20.73	83.567
20.74	83.232
20.81	83.188
20.76	83.232
20.72	83.165
20.79	83.210
20.68	77.794
20.57	77.772
20.63	77.817
20.69	77.839
20.65	77.839
20.29	72.290
20.34	72.223
20.30	72.245
20.29	72.267
20.35	72.267
19.93	66.785
19.88	66.763
19.95	66.807
19.94	66.829
19.86	66.829
19.92	67.097
19.89	67.097
19.86	67.119
19.87	67.119
19.92	67.141
19.52	61.102
19.47	61.169
19.42	61.169
19.52	61.191
19.51	61.169
18.98	55.664
19.05	55.686
19.00	55.619
18.93	55.642
19.06	55.642
19.03	56.600
19.01	56.600
19.00	56.578
19.01	56.622
18.98	56.578
18.53	51.229
18.61	51.273
18.65	51.273
18.56	51.251
18.60	51.273
18.21	47.017
18.21	46.905
18.21	46.972
18.24	47.039
18.15	46.994
17.94	44.587
18.00	44.498
17.99	44.587
17.88	44.565
17.93	44.587
17.94	45.473
17.96	45.496
17.97	45.451
17.98	45.451
17.87	45.451
17.87	45.785
17.91	45.808
18.01	45.763
17.93	45.785
17.93	45.718
17.53	39.946
17.44	40.013
17.49	40.058
17.51	39.991
17.51	40.013
17.05	35.578
17.04	35.533
17.03	35.556
17.03	35.533
17.06	35.533
16.58	31.254
16.55	31.232
16.62	31.210
16.58	31.254
16.55	31.254
16.09	26.775
16.01	26.775
16.00	26.819
16.04	26.753
16.09	26.775
15.47	22.295
15.57	22.273
15.49	22.340
15.50	22.295
15.56	22.362
15.50	23.209
15.53	23.187
15.47	23.209
15.55	23.254
15.50	23.164
15.44	23.320
15.52	23.387
15.50	23.298
15.50	23.343
15.48	23.320
15.48	23.476
15.51	23.454
15.50	23.476
15.45	23.410
15.45	23.432
14.92	17.816
14.88	17.793
14.92	17.726
14.89	17.771
14.88	17.793
14.17	13.269
14.27	13.314
14.29	13.291
14.20	13.358
14.28	13.336
13.46	8.879
13.35	8.879
13.39	8.946
13.47	8.901
13.46	8.879
13.44	9.191
13.38	9.168
13.41	9.168
13.45	9.235
13.44	9.146
13.43	9.547
13.44	9.570
13.40	9.592
13.38	9.592
13.43	9.592
12.68	5.447
12.68	5.536
12.57	5.536
12.65	5.491
12.69	5.513
12.08	3.329
12.08	3.307
12.07	3.329
12.13	3.285
12.17	3.307
11.78	2.193
11.79	2.170
11.79	2.193
11.69	2.148
11.77	2.193
11.79	2.750
11.69	2.705
11.72	2.705
11.81	2.728
11.79	2.728
11.76	2.726
11.83	2.771
11.73	2.793
11.74	2.771
11.74	2.771
11.77	3.198
11.70	3.220
11.75	3.220
11.76	3.220
11.79	3.242
11.67	2.329
11.66	2.306
11.64	2.329
11.66	2.329
11.68	2.329
10.59	0.189
10.59	0.189
10.61	0.234
10.61	0.234
10.61	0.234
7.16	-6.497
7.12	-6.541
7.14	-6.475
7.14	-6.519
7.13	-6.475
7.17	-6.051
7.15	-6.051
7.09	-6.051
7.15	-6.051
7.13	-6.029
6.09	-7.700
6.04	-7.678
6.07	-7.678
6.17	-7.656
6.08	-7.700
5.19	-8.770
5.21	-8.748
5.22	-8.770
5.24	-8.770
5.22	-8.725
4.44	-9.907
4.40	-9.929
4.35	-9.929
4.41	-9.907
4.42	-9.907
3.71	-11.043
3.65	-11.066
3.76	-11.043
3.72	-11.088
3.70	-11.021
3.31	-11.690
3.33	-11.667
3.29	-11.712
3.32	-11.734
3.29	-11.690
3.26	-10.887
3.29	-10.910
3.32	-10.910
3.29	-10.887
3.28	-10.910
2.47	-13.317
2.42	-13.272
2.41	-13.294
2.45	-13.294
2.45	-13.250
2.46	-12.871
2.41	-12.871
2.38	-12.871
2.42	-12.893
2.46	-12.871
1.52	-15.501
1.47	-15.478
1.54	-15.456
1.56	-15.456
1.52	-15.478
0.64	-17.685
0.62	-17.729
0.65	-17.707
0.71	-17.685
0.69	-17.685
-0.17	-20.047
-0.21	-20.047
-0.14	-20.002
-0.16	-20.025
-0.14	-20.002
-0.85	-22.097
-0.82	-22.120
-0.87	-22.097
-0.82	-22.053
-0.78	-22.075
-0.91	-21.139
-0.87	-21.139
-0.93	-21.117
-0.85	-21.139
-0.81	-21.139
-0.85	-20.783
-0.87	-20.760
-0.93	-20.738
-0.94	-20.783
-0.84	-20.760
-1.58	-24.415
-1.54	-24.348
-1.57	-24.415
-1.60	-24.393
-1.60	-24.371
-2.24	-26.555
-2.20	-26.532
-2.15	-26.577
-2.20	-26.555
-2.20	-26.577
-2.86	-28.783
-2.86	-28.783
-2.88	-28.783
-2.82	-28.806
-2.77	-28.783
-3.41	-31.034
-3.39	-31.034
-3.38	-31.012
-3.36	-30.967
-3.33	-31.034
-3.88	-33.308
-3.98	-33.263
-3.99	-33.308
-3.96	-33.285
-3.99	-33.241
-4.44	-35.447
-4.44	-35.447
-4.47	-35.469
-4.49	-35.403
-4.49	-35.469
-5.01	-37.765
-5.02	-37.720
-5.06	-37.743
-5.03	-37.743
-5.02	-37.743
-5.52	-39.994
-5.45	-39.994
-5.50	-39.994
-5.51	-40.016
-5.47	-39.971
-6.03	-42.178
-6.05	-42.133
-6.00	-42.133
-6.03	-42.133
-6.02	-42.111
-6.49	-44.406
-6.45	-44.451
-6.54	-44.362
-6.53	-44.406
-6.51	-44.384
-6.55	-42.378
-6.56	-42.378
-6.55	-42.356
-6.57	-42.356
-6.64	-42.378
-6.74	-44.540
-6.77	-44.540
-6.78	-44.562
-6.75	-44.585
-6.74	-44.562
-7.11	-46.813
-7.09	-46.836
-7.09	-46.791
-7.09	-46.836
-7.08	-46.791
-7.59	-48.886
-7.57	-48.864
-7.53	-48.864
-7.54	-48.864
-7.55	-48.841
-7.99	-51.115
-8.02	-51.070
-8.05	-51.092
-8.02	-51.070
-8.03	-51.070
-8.49	-53.366
-8.56	-53.343
-8.57	-53.343
-8.51	-53.299
-8.51	-53.343
-9.01	-55.639
-8.99	-55.594
-9.03	-55.639
-9.02	-55.639
-8.98	-55.594
-9.49	-57.801
-9.52	-57.801
-9.54	-57.778
-9.45	-57.756
-9.50	-57.756
-10.04	-59.940
-9.98	-59.962
-9.98	-59.918
-9.99	-59.985
-9.97	-59.940
-10.49	-62.124
-10.51	-62.057
-10.56	-62.080
-10.53	-62.102
-10.53	-62.080
-10.52	-60.809
-10.55	-60.765
-10.53	-60.742
-10.51	-60.787
-10.56	-60.787
-11.06	-64.375
-11.07	-64.353
-11.13	-64.353
-11.10	-64.397
-11.05	-64.330
-11.64	-66.604
-11.60	-66.604
-11.54	-66.604
-11.60	-66.604
-11.55	-66.604
-11.58	-64.955
-11.60	-64.910
-11.65	-64.910
-11.63	-64.932
-11.67	-64.888
-11.75	-66.604
-11.75	-66.671
-11.73	-66.693
-11.83	-66.671
-11.76	-66.715
-12.15	-68.899
-12.13	-68.899
-12.12	-68.855
-12.10	-68.877
-12.12	-68.855
-12.64	-71.106
-12.60	-71.083
-12.63	-71.128
-12.60	-71.106
-12.64	-71.061
-13.18	-73.267
-13.17	-73.267
-13.23	-73.267
-13.19	-73.267
-13.16	-73.290
-13.20	-71.863
-13.14	-71.819
-13.22	-71.797
-13.17	-71.797
-13.17	-71.797
-13.77	-75.518
-13.79	-75.496
-13.81	-75.496
-13.80	-75.518
-13.79	-75.496
-14.33	-77.792
-14.36	-77.814
-14.37	-77.814
-14.30	-77.769
-14.33	-77.769
-14.95	-79.953
-14.95	-79.909
-14.93	-79.887
-14.97	-79.909
-14.93	-79.909
-14.99	-78.527
-14.98	-78.505
-14.97	-78.527
-14.97	-78.505
-14.99	-78.505
-15.67	-82.249
-15.66	-82.227
-15.66	-82.271
-15.63	-82.227
-15.59	-82.227
-16.28	-84.322
-16.27	-84.277
-16.23	-84.277
-16.24	-84.255
-16.21	-84.255
-16.28	-82.851
-16.33	-82.828
-16.32	-82.828
-16.32	-82.762
-16.34	-82.806
-17.06	-86.617
-17.07	-86.595
-17.05	-86.550
-17.05	-86.573
-17.05	-86.550
-17.82	-88.868
-17.77	-88.823
-17.75	-88.801
-17.80	-88.801
-17.78	-88.823
-17.76	-87.174
-17.81	-87.219
-17.83	-87.197
-17.84	-87.219
-17.88	-87.197
-17.88	-85.726
-17.87	-85.703
-17.83	-85.703
-17.85	-85.681
-17.83	-85.681
-18.25	-89.514
-18.32	-89.447
-18.28	-89.492
-18.22	-89.447
-18.25	-89.492
-18.69	-91.141
-18.69	-91.119
-18.72	-91.141
-18.76	-91.141
-18.76	-91.164
-19.19	-92.389
-19.19	-92.367
-19.22	-92.345
-19.25	-92.367
-19.29	-92.367
-19.32	-92.345
-19.35	-92.322
-19.34	-92.345
-19.36	-92.322
-19.37	-92.345
-19.39	-91.141
-19.42	-91.119
-19.35	-91.141
-19.34	-91.141
-19.39	-91.097
-20.02	-93.949
-20.00	-93.905
-19.97	-93.927
-19.98	-93.927
-19.96	-93.860
-20.27	-94.217
-20.25	-94.239
-20.27	-94.195
-20.23	-94.195
-20.22	-94.195
-20.27	-93.459
-20.27	-93.414
-20.25	-93.481
-20.34	-93.437
-20.30	-93.437
-20.34	-92.523
-20.29	-92.545
-20.29	-92.568
-20.34	-92.568
-20.31	-92.568
-20.44	-89.421
-20.47	-89.444
-20.43	-89.466
-20.43	-89.399
-20.44	-89.421
-20.38	-89.421
-20.45	-89.354
-20.45	-89.399
-20.43	-89.399
-20.45	-89.377
-20.40	-89.243
-20.41	-89.265
-20.43	-89.265
-20.46	-89.221
-20.45	-89.243
-20.43	-90.134
-20.52	-90.112
-20.45	-90.112
-20.42	-90.112
-20.48	-90.157
-20.43	-90.068
-20.49	-90.112
-20.47	-90.112
-20.49	-90.090
-20.45	-90.068
-20.47	-88.820
-20.46	-88.820
-20.49	-88.842
-20.50	-88.842
-20.46	-88.842
-20.51	-84.496
-20.57	-84.474
-20.57	-84.451
-20.54	-84.474
-20.53	-84.429
-20.42	-80.841
-20.39	-80.841
-20.40	-80.841
-20.40	-80.819
-20.37	-80.819
-20.37	-81.354
-20.39	-81.354
-20.40	-81.354
-20.37	-81.376
-20.37	-81.354
-20.19	-77.877
-20.16	-77.877
-20.13	-77.855
-20.15	-77.832
-20.13	-77.877
-20.21	-78.033
-20.18	-78.033
-20.14	-78.033
-20.18	-78.055
-20.16	-78.033
-20.15	-78.100
-20.14	-78.077
-20.20	-78.077
-20.19	-78.100
-20.18	-78.077
-20.12	-78.122
-20.14	-78.077
-20.16	-78.122
-20.17	-78.122
-20.19	-78.077
-20.05	-75.537
-19.97	-75.537
-20.00	-75.559
-20.04	-75.559
-19.99	-75.492
-19.62	-71.102
-19.69	-71.102
-19.70	-71.102
-19.72	-71.035
-19.68	-71.102
-19.29	-66.778
-19.34	-66.778
-19.35	-66.778
-19.30	-66.800
-19.30	-66.778
-19.33	-67.603
-19.30	-67.625
-19.32	-67.625
-19.29	-67.670
-19.34	-67.647
-19.28	-67.892
-19.31	-67.848
-19.30	-67.915
-19.31	-67.937
-19.39	-67.870
-18.89	-62.209
-18.86	-62.299
-18.93	-62.254
-18.91	-62.254
-18.85	-62.254
-18.50	-57.863
-18.49	-57.819
-18.50	-57.863
-18.47	-57.797
-18.48	-57.841
-18.13	-53.428
-18.08	-53.451
-18.09	-53.428
-18.11	-53.473
-18.11	-53.451
-17.71	-48.882
-17.67	-48.904
-17.63	-48.882
-17.68	-48.927
-17.63	-48.949
-17.70	-48.949
-17.65	-48.971
-17.62	-48.949
-17.70	-48.993
-17.68	-49.016
-17.29	-44.581
-17.24	-44.603
-17.17	-44.603
-17.25	-44.581
-17.25	-44.603
-17.24	-45.587
-17.25	-45.565
-17.23	-45.587
-17.20	-45.632
-17.23	-45.609
-17.27	-46.122
-17.22	-46.078
-17.18	-46.122
-17.22	-46.100
-17.23	-46.122
-17.13	-44.384
-17.05	-44.384
-17.09	-44.406
-17.10	-44.384
-17.14	-44.406
-16.71	-40.016
-16.72	-40.016
-16.72	-40.038
-16.69	-39.993
-16.67	-40.082
-16.66	-40.194
-16.71	-40.127
-16.71	-40.149
-16.72	-40.194
-16.72	-40.149
-16.23	-35.647
-16.27	-35.670
-16.29	-35.647
-16.24	-35.647
-16.21	-35.647
-15.81	-31.413
-15.76	-31.391
-15.71	-31.413
-15.76	-31.391
-15.76	-31.413
-15.17	-26.644
-15.20	-26.644
-15.18	-26.688
-15.14	-26.666
-15.19	-26.688
-15.21	-27.580
-15.18	-27.602
-15.19	-27.602
-15.15	-27.580
-15.13	-27.624
-14.57	-22.275
-14.53	-22.253
-14.59	-22.298
-14.52	-22.298
-14.52	-22.253
-13.91	-17.796
-13.94	-17.774
-13.91	-17.796
-13.86	-17.863
-13.90	-17.818
-13.19	-13.361
-13.22	-13.428
-13.23	-13.405
-13.20	-13.405
-13.24	-13.405
-12.80	-11.244
-12.85	-11.266
-12.82	-11.199
-12.81	-11.288
-12.81	-11.221
-12.30	-8.903
-12.34	-8.859
-12.31	-8.903
-12.36	-8.903
-12.38	-8.903
-11.77	-6.653
-11.79	-6.653
-11.80	-6.697
-11.74	-6.675
-11.77	-6.630
-11.81	-6.809
-11.75	-6.809
-11.74	-6.786
-11.77	-6.831
-11.81	-6.853
-11.79	-7.076
-11.82	-7.121
-11.79	-7.098
-11.76	-7.121
-11.75	-7.076
-11.80	-7.321
-11.76	-7.277
-11.72	-7.321
-11.77	-7.321
-11.78	-7.321
-11.68	-6.675
-11.70	-6.719
-11.68	-6.675
-11.66	-6.697
-11.69	-6.697
-9.38	-0.056
-9.37	-0.033
-9.38	-0.056
-9.41	-0.123
-9.37	-0.033
-9.30	0.189
-9.27	0.279
-9.27	0.279
-9.28	0.234
-9.29	0.212
-9.00	1.059
-8.98	1.103
-8.99	1.036
-8.97	1.081
-9.00	1.036
-9.01	0.546
-8.98	0.546
-8.98	0.591
-8.97	0.546
-9.01	0.524
-8.21	2.173
-8.21	2.173
-8.24	2.218
-8.23	2.173
-8.18	2.195
-7.64	2.797
-7.67	2.797
-7.69	2.797
-7.67	2.797
-7.66	2.819
-7.65	2.596
-7.70	2.619
-7.64	2.596
-7.62	2.596
-7.72	2.596
-7.68	2.440
-7.67	2.507
-7.66	2.440
-7.66	2.463
-7.63	2.440
-7.72	2.374
-7.69	2.418
-7.64	2.374
-7.65	2.396
-7.67	2.418
-7.24	3.265
-7.22	3.221
-7.30	3.288
-7.25	3.243
-7.19	3.288
-7.22	2.909
-7.15	2.909
-7.14	2.886
-7.18	2.842
-7.22	2.886
-7.18	2.619
-7.14	2.552
-7.09	2.485
-7.17	2.574
-7.18	2.530
-7.37	0.769
-7.40	0.702
-7.39	0.747
-7.35	0.747
-7.38	0.702
-7.39	1.193
-7.40	1.170
-7.39	1.126
-7.39	1.193
-7.39	1.170
-7.51	1.549
-7.48	1.527
-7.44	1.549
-7.44	1.549
-7.44	1.549
-7.36	2.418
-7.35	2.418
-7.40	2.418
-7.37	2.396
-7.34	2.418
-6.60	3.200
-6.61	3.155
-6.60	3.155
-6.56	3.178
-6.56	3.200
-6.54	3.044
-6.50	3.022
-6.54	3.044
-6.52	3.044
-6.55	3.022
-6.55	3.111
-6.52	3.088
-6.51	3.111
-6.53	3.088
-6.50	3.088
-6.31	1.640
-6.28	1.684
-6.33	1.662
-6.32	1.640
-6.31	1.684
-6.37	1.371
-6.39	1.282
-6.40	1.327
-6.43	1.327
-6.42	1.327
-6.39	1.349
-6.44	1.394
-6.43	1.371
-6.44	1.349
-6.44	1.349
-6.39	1.416
-6.40	1.416
-6.42	1.416
-6.43	1.483
-6.45	1.527
-6.30	3.333
-6.32	3.333
-6.34	3.444
-6.34	3.377
-6.31	3.333
-5.82	4.402
-5.81	4.380
-5.79	4.402
-5.80	4.380
-5.79	4.425
-5.05	5.539
-5.06	5.517
-5.07	5.517
-5.08	5.517
-5.09	5.450
-5.06	4.982
-5.05	5.026
-5.03	4.982
-5.08	5.049
-5.05	5.004
-4.21	6.564
-4.17	6.587
-4.18	6.587
-4.16	6.587
-4.13	6.587
-3.45	7.745
-3.45	7.701
-3.47	7.745
-3.46	7.723
-3.47	7.723
-2.69	8.815
-2.70	8.793
-2.71	8.793
-2.74	8.815
-2.75	8.793
-2.01	10.019
-2.03	10.041
-2.03	9.996
-2.08	9.996
-2.05	10.019
-1.54	11.066
-1.52	11.066
-1.49	11.044
-1.45	11.044
-1.46	10.999
-0.97	12.180
-0.95	12.158
-0.92	12.180
-0.94	12.158
-0.93	12.136
-0.93	11.601
-0.95	11.623
-0.92	11.556
-0.96	11.579
-0.95	11.579
-0.40	13.339
-0.42	13.250
-0.39	13.295
-0.46	13.273
-0.45	13.273
0.42	15.345
0.44	15.367
0.43	15.345
0.47	15.345
0.47	15.390
1.29	17.552
1.30	17.552
1.30	17.552
1.33	17.574
1.33	17.596
2.13	19.869
2.17	19.847
2.16	19.892
2.19	19.869
2.18	19.825
2.86	21.207
2.90	21.207
2.90	21.184
2.89	21.207
2.89	21.251
3.55	24.416
3.58	24.438
3.55	24.438
3.58	24.394
3.58	24.438
4.14	26.644
4.17	26.644
4.19	26.644
4.21	26.555
4.21	26.600
4.83	28.873
4.82	28.918
4.79	28.895
4.84	28.873
4.80	28.895
5.40	31.102
5.41	31.079
5.43	31.057
5.42	31.013
5.41	31.035
5.95	33.308
5.95	33.308
5.97	33.353
5.98	33.308
6.01	33.286
6.57	35.425
6.53	35.403
6.56	35.448
6.55	35.403
6.56	35.403
7.05	37.699
7.01	37.743
7.00	37.699
7.02	37.632
7.01	37.699
7.54	40.061
7.55	40.016
7.53	39.994
7.55	40.039
7.57	39.972
8.16	42.200
8.15	42.200
8.14	42.223
8.16	42.178
8.18	42.178
8.64	44.407
8.59	44.385
8.60	44.407
8.62	44.407
8.61	44.385
8.72	42.267
8.68	42.290
8.67	42.267
8.67	42.290
8.68	42.267
8.74	41.755
8.76	41.732
8.68	41.755
8.68	41.732
8.66	41.732
8.66	41.732
8.68	41.688
8.63	41.688
8.67	41.710
8.67	41.732
8.77	41.218
8.73	41.173
8.75	41.218
8.66	41.262
8.68	41.195
9.01	44.627
8.96	44.605
8.97	44.627
8.95	44.627
8.96	44.583
9.31	46.722
9.28	46.722
9.29	46.722
9.31	46.700
9.29	46.700
9.71	48.862
9.71	48.929
9.70	48.884
9.73	48.862
9.67	48.884
9.79	48.037
9.78	47.970
9.76	48.015
9.76	48.037
9.76	48.015
10.27	51.068
10.26	51.091
10.28	51.091
10.29	51.046
10.30	51.091
10.77	53.141
10.76	53.096
10.81	53.119
10.80	53.141
10.83	53.074
11.37	55.503
11.40	55.481
11.35	55.414
11.33	55.481
11.32	55.526
11.81	57.554
11.81	57.554
11.84	57.487
11.82	57.576
11.85	57.576
11.89	57.710
11.92	57.687
11.90	57.687
11.88	57.687
11.85	57.643
11.95	57.041
11.88	57.019
11.92	57.019
11.89	56.997
11.90	56.952
12.45	59.938
12.44	59.983
12.48	59.916
12.45	59.938
12.48	59.938
12.99	62.212
12.96	62.278
12.99	62.256
12.99	62.189
12.99	62.234
13.46	64.329
13.53	64.373
13.53	64.307
13.55	64.351
13.51	64.284
14.08	66.602
14.08	66.647
14.05	66.624
14.09	66.624
14.06	66.580
14.22	65.198
14.18	65.220
14.19	65.198
14.13	65.220
14.12	65.176
14.15	64.908
14.19	64.864
14.19	64.931
14.23	64.908
14.18	64.886
14.31	66.647
14.32	66.714
14.36	66.669
14.33	66.647
14.34	66.669
14.62	68.808
14.63	68.831
14.63	68.808
14.67	68.808
14.65	68.786
15.32	70.903
15.28	70.903
15.30	70.948
15.27	70.903
15.26	70.881
15.81	73.221
15.84	73.243
15.81	73.221
15.83	73.199
15.86	73.266
16.47	75.517
16.53	75.517
16.48	75.472
16.51	75.472
16.47	75.450
17.14	77.812
17.14	77.723
17.15	77.768
17.09	77.745
17.12	77.745
17.93	79.751
17.89	79.729
17.90	79.729
17.84	79.707
17.85	79.684
18.18	81.021
18.19	81.021
18.21	80.955
18.23	80.955
18.24	80.955
18.23	79.796
18.26	79.796
18.23	79.773
18.24	79.773
18.21	79.751
18.67	82.091
18.66	82.136
18.67	82.091
18.70	82.114
18.65	82.069
19.50	84.364
19.51	84.387
19.51	84.387
19.55	84.364
19.52	84.364
19.83	85.055
19.83	85.100
19.83	85.122
19.83	85.055
19.90	85.055
20.14	86.125
20.15	86.147
20.14	86.125
20.14	86.103
20.15	86.103
20.33	86.125
20.29	86.103
20.29	86.125
20.28	86.103
20.26	86.103
20.70	87.106
20.73	87.195
20.76	87.173
20.76	87.150
20.76	87.128
20.87	83.830
20.88	83.807
20.87	83.807
20.87	83.830
20.90	83.807
20.87	81.919
20.84	81.941
20.84	81.897
20.85	81.941
20.88	81.919
20.82	81.607
20.83	81.540
20.87	81.607
20.88	81.584
20.95	81.584
20.86	77.774
20.87	77.751
20.91	77.751
20.86	77.751
20.84	77.751
20.74	75.300
20.73	75.300
20.75	75.322
20.75	75.300
20.73	75.322
20.37	71.310
20.39	71.310
20.40	71.333
20.40	71.333
20.37	71.355
20.11	66.719
20.15	66.719
20.12	66.697
20.17	66.697
20.16	66.742
20.15	67.031
20.12	66.987
20.12	67.054
20.13	67.009
20.12	67.031
19.81	62.307
19.85	62.262
19.80	62.262
19.79	62.262
19.76	62.284
19.37	57.872
19.39	57.894
19.38	57.872
19.43	57.916
19.41	57.894
19.08	53.570
19.09	53.526
19.04	53.548
19.02	53.548
19.01	53.570
18.87	52.233
18.88	52.300
18.88	52.278
18.88	52.300
18.89	52.255
18.95	53.147
18.91	53.147
18.90	53.191
18.89	53.169
18.87	53.169
18.61	49.046
18.63	49.068
18.63	49.046
18.60	49.046
18.62	49.068
18.23	44.477
18.27	44.477
18.24	44.500
18.22	44.455
18.23	44.522
18.16	45.408
18.17	45.430
18.18	45.408
18.19	45.430
18.23	45.430
17.80	40.170
17.79	40.237
17.77	40.170
17.75	40.193
17.72	40.170
17.31	35.423
17.29	35.446
17.31	35.446
17.29	35.513
17.34	35.468
16.80	31.211
16.82	31.189
16.85	31.278
16.85	31.189
16.89	31.256
16.36	26.865
16.37	26.910
16.33	26.888
16.33	26.910
16.27	26.865
15.74	22.297
15.73	22.341
15.73	22.297
15.75	22.319
15.80	22.319
15.78	23.188
15.80	23.188
15.80	23.210
15.77	23.210
15.77	23.121
15.75	23.567
15.78	23.456
15.79	23.478
15.79	23.500
15.78	23.478
15.10	17.772
15.07	17.795
15.07	17.884
15.09	17.817
15.10	17.817
14.43	13.560
14.48	13.427
14.49	13.427
14.51	13.337
14.49	13.427
13.70	9.058
13.72	9.014
13.77	9.081
13.73	9.014
13.76	9.036
13.13	6.696
13.11	6.696
13.14	6.741
13.17	6.696
13.23	6.718
12.66	4.601
12.69	4.601
12.67	4.623
12.74	4.623
12.72	4.601
12.34	3.108
12.33	3.108
12.35	3.130
12.30	3.152
12.31	3.130
12.21	3.554
12.22	3.554
12.21	3.554
12.19	3.576
12.25	3.576
12.31	3.888
12.30	3.866
12.34	3.888
12.30	3.866
12.32	3.888
12.23	3.888
12.24	3.888
12.24	3.888
12.26	3.843
12.28	3.888
12.28	3.866
12.31	3.910
12.27	3.843
12.31	3.866
12.25	3.866
12.29	4.109
12.27	4.131
12.24	4.064
12.23	4.064
12.19	4.087
12.18	3.351
12.17	3.396
12.24	3.396
12.20	3.351
12.21	3.418
12.19	4.198
12.12	4.220
12.13	4.220
12.14	4.220
12.18	4.265
12.13	3.017
12.13	3.017
12.16	3.017
12.10	2.972
12.07	2.994
12.01	2.682
12.08	2.638
12.05	2.660
12.08	2.660
12.02	2.660
12.06	2.571
12.05	2.549
12.00	2.549
12.01	2.549
11.93	2.549
12.04	2.437
12.07	2.437
11.99	2.460
11.96	2.482
11.94	2.482
11.22	0.298
11.31	0.276
11.32	0.276
11.36	0.298
11.35	0.276
11.19	0.677
11.25	0.654
11.27	0.654
11.33	0.677
11.30	0.632
11.30	0.877
11.26	0.877
11.26	0.877
11.23	0.877
11.19	0.877
11.27	1.323
11.28	1.301
11.30	1.301
11.32	1.368
11.25	1.323
11.25	1.301
11.31	1.301
11.32	1.323
11.36	1.345
11.33	1.278
11.30	1.278
11.31	1.278
11.33	1.301
11.30	1.345
11.32	1.301
11.28	1.323
11.31	1.278
11.32	1.256
11.32	1.301
11.29	1.278
11.31	1.992
11.36	1.969
11.31	1.969
11.34	1.992
11.34	1.992
11.38	3.045
11.40	2.978
11.38	3.045
11.40	3.022
11.39	3.045
11.46	3.288
11.53	3.288
11.48	3.266
11.45	3.288
11.41	3.221
11.49	3.288
11.46	3.244
11.48	3.266
11.47	3.266
11.46	3.221
11.43	3.266
11.52	3.221
11.50	3.221
11.46	3.221
11.37	3.266
11.46	3.556
11.53	3.622
11.54	3.578
11.45	3.489
11.42	3.511
11.48	3.466
11.49	3.400
11.53	3.377
11.49	3.444
11.48	3.400
11.51	3.154
11.46	3.065
11.48	3.110
11.56	3.132
11.49	3.132
11.41	2.887
11.52	2.909
11.51	2.865
11.52	2.909
11.44	2.887
11.54	2.709
11.52	2.664
11.45	2.597
11.46	2.686
11.49	2.642
11.47	2.553
11.45	2.553
11.39	2.553
11.45	2.597
11.52	2.597
11.46	2.486
11.48	2.508
11.48	2.486
11.43	2.464
11.42	2.530
11.42	2.040
11.42	2.062
11.40	2.018
11.47	2.040
11.43	2.040
11.46	2.218
11.39	2.218
11.37	2.241
11.39	2.218
11.43	2.263
11.16	0.993
11.18	0.948
11.22	0.970
11.23	0.970
11.19	0.926
10.83	0.190
10.82	0.168
10.82	0.168
10.83	0.190
10.83	0.190
11.00	0.547
10.98	0.502
10.99	0.525
10.99	0.525
10.98	0.502
7.97	-5.560
7.98	-5.560
8.04	-5.582
7.96	-5.515
7.97	-5.537
6.93	-6.629
6.96	-6.629
6.96	-6.629
6.97	-6.607
6.95	-6.652
6.89	-6.340
6.86	-6.362
6.84	-6.362
6.90	-6.317
6.96	-6.317
5.98	-7.632
5.93	-7.610
5.92	-7.655
5.89	-7.610
5.92	-7.632
5.01	-8.747
5.00	-8.747
5.00	-8.702
4.96	-8.747
4.93	-8.724
3.94	-10.173
3.92	-10.128
3.95	-10.151
4.02	-10.173
3.96	-10.128
3.36	-11.020
3.38	-11.020
3.36	-11.042
3.36	-11.042
3.38	-11.020
2.10	-13.182
2.12	-13.182
2.09	-13.182
2.11	-13.249
2.16	-13.182
2.08	-12.246
2.06	-12.223
2.07	-12.268
2.14	-12.268
2.12	-12.268
2.10	-12.335
2.09	-12.290
2.12	-12.357
2.13	-12.290
2.09	-12.335
1.51	-14.430
1.44	-14.452
1.41	-14.430
1.42	-14.430
1.42	-14.407
1.10	-15.477
1.03	-15.433
1.08	-15.455
1.04	-15.455
1.04	-15.455
1.06	-14.786
1.04	-14.809
1.05	-14.809
1.00	-14.786
0.99	-14.831
0.14	-17.728
0.12	-17.706
0.17	-17.728
0.19	-17.706
0.18	-17.706
-0.67	-19.935
-0.64	-19.912
-0.68	-19.890
-0.70	-19.912
-0.66	-19.890
-1.12	-21.160
-1.09	-21.160
-1.06	-21.183
-1.08	-21.138
-1.12	-21.272
-1.14	-20.068
-1.17	-20.091
-1.15	-20.091
-1.10	-20.135
-1.11	-20.068
-1.11	-20.113
-1.12	-20.157
-1.13	-20.113
-1.13	-20.113
-1.15	-20.135
-1.65	-22.431
-1.64	-22.475
-1.64	-22.408
-1.60	-22.386
-1.63	-22.386
-1.65	-21.807
-1.62	-21.740
-1.64	-21.784
-1.63	-21.784
-1.69	-21.784
-2.78	-26.308
-2.76	-26.286
-2.80	-26.286
-2.79	-26.308
-2.77	-26.308
-2.89	-26.620
-2.83	-26.598
-2.86	-26.620
-2.89	-26.598
-2.84	-26.576
-3.52	-28.805
-3.52	-28.827
-3.52	-28.805
-3.48	-28.805
-3.43	-28.827
-4.05	-31.011
-4.07	-31.011
-4.09	-30.989
-4.15	-31.011
-4.17	-30.989
-4.65	-33.217
-4.73	-33.240
-4.73	-33.195
-4.77	-33.217
-4.74	-33.195
-5.33	-35.557
-5.34	-35.535
-5.30	-35.513
-5.26	-35.513
-5.31	-35.513
-5.84	-37.719
-5.88	-37.697
-5.87	-37.675
-5.90	-37.652
-5.88	-37.697
-6.45	-39.948
-6.44	-39.948
-6.45	-39.948
-6.44	-39.903
-6.45	-39.948
-6.45	-39.168
-6.44	-39.146
-6.41	-39.123
-6.49	-39.190
-6.49	-39.146
-7.01	-42.199
-7.03	-42.199
-7.00	-42.177
-7.01	-42.177
-6.99	-42.199
-7.55	-44.405
-7.52	-44.383
-7.53	-44.427
-7.53	-44.383
-7.58	-44.361
-7.61	-43.335
-7.63	-43.335
-7.57	-43.335
-7.56	-43.335
-7.57	-43.291
-7.58	-42.867
-7.56	-42.867
-7.59	-42.867
-7.61	-42.845
-7.55	-42.867
-8.06	-46.545
-8.05	-46.545
-8.10	-46.522
-8.08	-46.545
-8.17	-46.522
-8.63	-48.974
-8.67	-48.952
-8.63	-48.974
-8.62	-48.907
-8.60	-48.974
-8.87	-49.955
-8.85	-49.955
-8.80	-49.955
-8.87	-49.955
-8.88	-49.932
-8.90	-48.840
-8.88	-48.840
-8.91	-48.885
-8.86	-48.862
-8.89	-48.862
-9.22	-51.180
-9.28	-51.136
-9.23	-51.203
-9.21	-51.158
-9.17	-51.180
-9.68	-53.231
-9.67	-53.275
-9.68	-53.253
-9.72	-53.231
-9.72	-53.253
-10.19	-55.548
-10.17	-55.615
-10.20	-55.571
-10.17	-55.571
-10.16	-55.615
-10.22	-55.058
-10.22	-55.103
-10.24	-55.080
-10.23	-55.080
-10.22	-55.058
-10.24	-53.164
-10.33	-53.209
-10.29	-53.231
-10.29	-53.209
-10.23	-53.209
-10.27	-53.097
-10.23	-53.030
-10.24	-53.075
-10.26	-53.030
-10.29	-53.053
-10.49	-55.682
-10.53	-55.705
-10.48	-55.705
-10.43	-55.705
-10.41	-55.705
-10.79	-57.755
-10.78	-57.711
-10.73	-57.755
-10.76	-57.755
-10.78	-57.711
-11.17	-59.939
-11.11	-60.006
-11.22	-59.939
-11.22	-59.961
-11.24	-59.917
-11.77	-62.458
-11.77	-62.502
-11.79	-62.458
-11.78	-62.480
-11.78	-62.458
-11.79	-61.232
-11.78	-61.210
-11.80	-61.210
-11.78	-61.232
-11.79	-61.254
-12.33	-64.397
-12.34	-64.397
-12.28	-64.374
-12.29	-64.374
-12.25	-64.374
-12.80	-66.670
-12.81	-66.625
-12.84	-66.670
-12.86	-66.670
-12.86	-66.625
-12.87	-65.154
-12.90	-65.132
-12.90	-65.154
-12.87	-65.154
-12.88	-65.154
-12.93	-64.196
-12.90	-64.196
-12.89	-64.218
-12.93	-64.173
-12.95	-64.173
-13.09	-66.781
-13.09	-66.736
-13.11	-66.736
-13.13	-66.736
-13.15	-66.781
-13.52	-69.010
-13.47	-68.965
-13.43	-68.965
-13.47	-68.920
-13.46	-68.965
-13.95	-70.993
-13.94	-70.971
-13.90	-70.948
-13.93	-70.993
-13.91	-70.926
-14.50	-73.266
-14.57	-73.289
-14.58	-73.222
-14.54	-73.244
-14.49	-73.222
-14.56	-72.486
-14.53	-72.509
-14.49	-72.531
-14.55	-72.464
-14.52	-72.531
-14.55	-72.330
-14.57	-72.286
-14.59	-72.330
-14.53	-72.308
-14.56	-72.308
-14.83	-74.381
-14.82	-74.403
-14.82	-74.381
-14.84	-74.358
-14.82	-74.336
-15.17	-75.495
-15.17	-75.450
-15.13	-75.450
-15.11	-75.450
-15.11	-75.428
-15.15	-74.269
-15.11	-74.336
-15.17	-74.247
-15.15	-74.269
-15.12	-74.314
-15.16	-74.069
-15.13	-74.046
-15.15	-74.046
-15.21	-74.046
-15.18	-74.069
-15.81	-77.724
-15.81	-77.724
-15.80	-77.724
-15.87	-77.701
-15.78	-77.724
-16.40	-79.841
-16.44	-79.841
-16.51	-79.841
-16.45	-79.841
-16.46	-79.796
-16.82	-81.089
-16.89	-81.111
-16.85	-81.089
-16.80	-81.067
-16.84	-81.022
-17.14	-82.114
-17.13	-82.159
-17.19	-82.181
-17.16	-82.136
-17.14	-82.136
-17.25	-80.465
-17.18	-80.487
-17.16	-80.465
-17.23	-80.487
-17.22	-80.465
-17.20	-80.153
-17.19	-80.153
-17.21	-80.153
-17.28	-80.175
-17.27	-80.131
-17.46	-82.292
-17.47	-82.292
-17.46	-82.292
-17.42	-82.270
-17.41	-82.270
-17.97	-84.432
-17.99	-84.432
-17.96	-84.432
-17.94	-84.387
-17.93	-84.410
-17.97	-82.983
-18.00	-83.006
-17.97	-83.006
-17.95	-82.983
-17.96	-83.006
-18.44	-85.457
-18.43	-85.435
-18.43	-85.457
-18.44	-85.435
-18.53	-85.412
-18.88	-86.638
-18.86	-86.594
-18.94	-86.571
-18.93	-86.594
-18.90	-86.571
-19.36	-87.597
-19.33	-87.641
-19.37	-87.597
-19.37	-87.552
-19.38	-87.597
-19.90	-88.822
-19.93	-88.800
-19.88	-88.778
-19.84	-88.822
-19.88	-88.733
-19.91	-87.374
-19.91	-87.351
-19.90	-87.396
-19.89	-87.396
-19.90	-87.374
-20.32	-89.380
-20.33	-89.357
-20.30	-89.335
-20.28	-89.357
-20.31	-89.313
-20.77	-90.405
-20.81	-90.382
-20.79	-90.360
-20.79	-90.382
-20.76	-90.382
-20.81	-89.491
-20.80	-89.491
-20.83	-89.491
-20.81	-89.424
-20.78	-89.513
-20.87	-88.711
-20.87	-88.689
-20.83	-88.689
-20.82	-88.711
-20.81	-88.689
-20.92	-87.819
-20.88	-87.864
-20.89	-87.819
-20.87	-87.819
-20.89	-87.819
-20.95	-87.129
-20.97	-87.106
-20.93	-87.062
-20.92	-87.106
-20.89	-87.106
-20.94	-86.995
-20.91	-86.950
-20.92	-86.906
-20.96	-86.950
-20.92	-86.973
-20.92	-86.772
-20.96	-86.794
-20.95	-86.794
-20.94	-86.772
-20.89	-86.750
-20.99	-85.860
-20.97	-85.882
-20.96	-85.860
-20.98	-85.860
-20.98	-85.838
-20.95	-85.660
-20.96	-85.682
-20.95	-85.682
-20.98	-85.660
-21.00	-85.682
-20.94	-85.080
-20.98	-85.036
-21.02	-85.058
-21.04	-85.080
-21.01	-85.080
-21.00	-85.102
-21.00	-85.058
-21.01	-85.080
-21.03	-85.080
-20.97	-85.169
-20.99	-84.902
-20.99	-84.857
-21.01	-84.902
-21.02	-84.880
-21.01	-84.880
-21.03	-82.985
-21.10	-82.963
-21.05	-82.985
-20.99	-82.985
-21.05	-83.007
-20.98	-79.887
-21.02	-79.821
-20.99	-79.887
-20.95	-79.865
-20.97	-79.865
-20.76	-75.720
-20.74	-75.675
-20.69	-75.675
-20.72	-75.720
-20.71	-75.675
-20.34	-71.040
-20.34	-71.084
-20.34	-71.062
-20.42	-71.084
-20.41	-71.062
-20.03	-66.649
-20.04	-66.605
-20.01	-66.605
-19.98	-66.627
-19.98	-66.627
-19.93	-65.379
-19.91	-65.379
-19.89	-65.423
-19.97	-65.423
-19.96	-65.401
-19.91	-65.691
-19.90	-65.713
-19.94	-65.691
-19.93	-65.669
-19.95	-65.691
-19.91	-65.891
-19.94	-65.825
-19.91	-65.847
-19.87	-65.891
-19.89	-65.847
-19.64	-62.236
-19.69	-62.214
-19.68	-62.192
-19.63	-62.214
-19.61	-62.236
-19.65	-62.303
-19.69	-62.370
-19.66	-62.326
-19.61	-62.348
-19.61	-62.348
-19.63	-62.415
-19.61	-62.459
-19.60	-62.370
-19.58	-62.459
-19.66	-62.392
-19.63	-62.482
-19.58	-62.504
-19.59	-62.482
-19.61	-62.482
-19.67	-62.415
-19.52	-60.788
-19.51	-60.810
-19.49	-60.810
-19.49	-60.855
-19.50	-60.832
-19.51	-62.014
-19.47	-62.014
-19.46	-61.991
-19.49	-61.991
-19.50	-62.014
-19.22	-57.757
-19.21	-57.779
-19.21	-57.801
-19.19	-57.735
-19.18	-57.779
-18.80	-53.723
-18.86	-53.723
-18.84	-53.723
-18.86	-53.678
-18.90	-53.745
-18.81	-53.946
-18.83	-53.924
-18.81	-53.946
-18.75	-53.946
-18.77	-53.901
-18.44	-49.444
-18.43	-49.399
-18.46	-49.399
-18.43	-49.399
-18.41	-49.399
-18.05	-45.321
-17.98	-45.299
-18.02	-45.276
-18.00	-45.299
-18.01	-45.276
-17.91	-45.031
-17.99	-45.031
-17.97	-45.053
-17.98	-45.053
-17.92	-45.009
-17.93	-45.590
-17.96	-45.612
-17.90	-45.612
-17.89	-45.612
-17.92	-45.634
-17.91	-46.035
-17.87	-46.058
-17.91	-46.035
-17.91	-46.058
-17.87	-46.058
-17.53	-40.798
-17.47	-40.754
-17.47	-40.776
-17.56	-40.754
-17.53	-40.731
-17.02	-36.675
-17.09	-36.675
-17.13	-36.675
-17.09	-36.675
-17.05	-36.608
-16.61	-32.753
-16.63	-32.730
-16.66	-32.753
-16.65	-32.753
-16.61	-32.708
-16.42	-30.814
-16.39	-30.814
-16.32	-30.814
-16.36	-30.814
-16.40	-30.814
-16.13	-29.296
-16.18	-29.318
-16.15	-29.340
-16.11	-29.318
-16.13	-29.296
-15.80	-26.777
-15.88	-26.777
-15.88	-26.777
-15.84	-26.733
-15.84	-26.777
-15.22	-22.209
-15.22	-22.186
-15.24	-22.209
-15.21	-22.164
-15.22	-22.186
-14.89	-20.002
-14.95	-20.002
-14.95	-20.047
-14.87	-20.024
-14.89	-20.024
-14.89	-20.470
-14.88	-20.470
-14.93	-20.448
-14.91	-20.448
-14.94	-20.426
-14.88	-20.715
-14.90	-20.760
-14.88	-20.671
-14.88	-20.738
-14.90	-20.738
-14.85	-21.250
-14.90	-21.250
-14.90	-21.250
-14.85	-21.228
-14.88	-21.273
-14.48	-17.662
-14.48	-17.640
-14.46	-17.662
-14.46	-17.662
-14.47	-17.707
-14.25	-15.589
-14.22	-15.589
-14.17	-15.589
-14.16	-15.589
-14.20	-15.612
-13.78	-13.405
-13.83	-13.405
-13.79	-13.383
-13.79	-13.428
-13.79	-13.383
-13.40	-11.043
-13.39	-11.065
-13.38	-11.088
-13.40	-11.110
-13.38	-11.065
-12.96	-8.926
-12.98	-8.903
-12.95	-8.881
-13.01	-8.926
-13.00	-8.903
-12.60	-6.920
-12.56	-6.898
-12.52	-6.942
-12.51	-6.920
-12.51	-6.920
-12.54	-7.343
-12.49	-7.343
-12.50	-7.321
-12.50	-7.321
-12.55	-7.343
-12.54	-7.499
-12.56	-7.522
-12.54	-7.544
-12.52	-7.522
-12.53	-7.522
-12.41	-6.563
-12.38	-6.519
-12.39	-6.563
-12.40	-6.586
-12.38	-6.563
-10.23	-0.212
-10.23	-0.212
-10.24	-0.234
-10.24	-0.234
-10.24	-0.234
-10.04	0.345
-10.06	0.301
-10.05	0.323
-10.07	0.256
-10.07	0.279
-9.79	1.103
-9.80	1.148
-9.79	1.081
-9.82	1.125
-9.85	1.125
-8.93	2.218
-8.98	2.195
-8.94	2.284
-8.90	2.218
-8.92	2.173
-8.89	1.727
-8.91	1.616
-8.94	1.816
-8.90	1.727
-8.90	1.772
-8.90	1.613
-8.85	1.613
-8.91	1.613
-8.91	1.613
-8.89	1.569
-8.89	1.636
-8.88	1.613
-8.87	1.613
-8.85	1.524
-8.89	1.658
-7.81	3.352
-7.80	3.329
-7.83	3.262
-7.80	3.307
-7.74	3.262
-7.80	2.906
-7.79	2.906
-7.83	2.884
-7.79	2.906
-7.75	2.817
-6.52	4.355
-6.52	4.355
-6.53	4.310
-6.50	4.355
-6.48	4.355
-5.30	5.447
-5.31	5.424
-5.39	5.491
-5.37	5.491
-5.28	5.491
-4.32	6.605
-4.33	6.605
-4.32	6.717
-4.27	6.650
-4.29	6.628
-3.34	7.764
-3.44	7.742
-3.45	7.742
-3.41	7.764
-3.42	7.742
-3.37	7.386
-3.37	7.386
-3.35	7.363
-3.36	7.363
-3.41	7.408
-2.55	8.879
-2.57	8.856
-2.57	8.834
-2.56	8.879
-2.59	8.834
-2.58	8.901
-2.58	8.901
-2.55	8.901
-2.57	8.856
-2.56	8.856
-1.93	10.015
-1.92	9.971
-1.83	9.971
-1.89	10.015
-1.90	10.015
-1.23	11.263
-1.20	11.241
-1.24	11.241
-1.27	11.219
-1.28	11.219
-0.14	13.291
-0.19	13.269
-0.20	13.247
-0.21	13.269
-0.26	13.225
0.82	15.542
0.87	15.542
0.91	15.476
0.87	15.542
0.84	15.520
1.76	17.793
1.78	17.816
1.79	17.771
1.77	17.816
1.77	17.793
2.61	19.977
2.59	20.022
2.61	19.977
2.68	19.955
2.67	19.911
3.46	22.162
3.43	22.184
3.42	22.206
3.44	22.206
3.41	22.162
3.45	21.515
3.46	21.471
3.45	21.537
3.45	21.537
3.47	21.493
3.49	21.181
3.47	21.092
3.49	21.092
3.51	21.114
3.41	21.069
4.10	24.390
4.09	24.323
4.16	24.323
4.14	24.346
4.16	24.323
4.79	26.753
4.79	26.708
4.79	26.730
4.84	26.686
4.86	26.708
5.51	28.825
5.48	28.825
5.46	28.803
5.49	28.781
5.51	28.803
6.13	31.143
6.10	31.188
6.08	31.143
6.12	31.143
6.08	31.143
6.37	32.480
6.46	32.458
6.50	32.458
6.46	32.480
6.47	32.480
6.46	31.611
6.48	31.633
6.53	31.611
6.49	31.589
6.49	31.589
6.75	33.394
6.81	33.394
6.74	33.372
6.73	33.349
6.73	33.372
6.72	32.681
6.72	32.681
6.72	32.636
6.78	32.658
6.77	32.658
7.30	35.578
7.27	35.511
7.27	35.578
7.33	35.556
7.30	35.511
7.98	37.762
8.01	37.740
7.98	37.718
7.93	37.718
7.96	37.740
8.40	39.946
8.46	39.968
8.41	39.902
8.39	39.968
8.42	40.013
8.93	42.353
8.92	42.353
9.01	42.309
9.02	42.286
8.98	42.398
9.57	44.493
9.52	44.404
9.53	44.448
9.53	44.448
9.59	44.426
9.63	43.601
9.56	43.579
9.52	43.557
9.59	43.601
9.61	43.579
9.56	42.710
9.57	42.710
9.62	42.732
9.64	42.710
9.63	42.710
9.65	41.732
9.66	41.732
9.57	41.709
9.66	41.687
9.67	41.732
9.86	44.428
9.79	44.451
9.83	44.451
9.79	44.495
9.79	44.428
10.24	47.125
10.23	47.080
10.24	47.125
10.20	47.103
10.25	47.125
10.61	48.952
10.67	48.952
10.63	48.952
10.58	48.930
10.64	48.908
11.18	51.025
11.18	51.025
11.12	51.025
11.22	51.003
11.15	51.003
11.70	53.566
11.71	53.544
11.77	53.544
11.76	53.521
11.73	53.499
12.30	55.594
12.25	55.594
12.35	55.572
12.23	55.549
12.23	55.594
12.91	57.867
12.85	57.867
12.86	57.845
12.82	57.823
12.85	57.867
13.43	60.007
13.41	60.118
13.42	60.140
13.49	60.096
13.35	60.051
13.52	58.781
13.52	58.759
13.45	58.759
13.48	58.803
13.47	58.759
13.95	62.235
13.96	62.235
14.02	62.235
13.92	62.235
14.01	62.168
14.05	61.455
13.99	61.322
13.91	61.411
14.04	61.366
14.00	61.433
14.50	64.486
14.48	64.486
14.61	64.464
14.54	64.442
14.53	64.486
15.17	66.826
15.04	66.782
15.04	66.826
15.16	66.804
15.11	66.759
15.71	69.010
15.79	68.988
15.72	68.966
15.65	69.010
15.71	68.988
16.37	71.217
16.28	71.172
16.32	71.150
16.35	71.217
16.32	71.128
17.06	73.579
17.04	73.646
16.97	73.601
17.02	73.601
17.07	73.579
17.67	75.719
17.71	75.630
17.70	75.607
17.62	75.630
17.62	75.674
17.70	74.983
17.70	74.939
17.72	74.916
17.65	74.939
17.65	74.983
18.46	77.791
18.41	77.791
18.35	77.769
18.39	77.791
18.49	77.702
18.94	79.285
18.92	79.240
18.88	79.240
18.86	79.351
18.89	79.218
19.44	80.555
19.44	80.533
19.40	80.533
19.39	80.488
19.42	80.555
19.48	79.039
19.44	79.017
19.43	79.017
19.42	79.039
19.48	79.039
19.42	78.750
19.48	78.861
19.50	78.794
19.47	78.817
19.44	78.817
19.96	81.714
19.89	81.625
19.87	81.647
19.89	81.669
19.99	81.647
20.49	83.006
20.47	83.006
20.39	82.984
20.37	82.984
20.46	82.962
20.66	83.608
20.65	83.675
20.67	83.608
20.73	83.630
20.76	83.541
20.98	81.201
20.95	81.223
20.97	81.223
21.05	81.201
21.04	81.223
21.08	80.755
21.10	80.733
21.05	80.733
21.05	80.689
21.07	80.711
21.02	79.975
21.12	79.953
21.15	79.909
21.11	79.909
21.13	79.909
21.15	78.794
21.20	78.727
21.17	78.772
21.08	78.817
21.12	78.772
21.20	77.970
21.23	77.992
21.14	77.970
21.15	77.947
21.25	77.992
21.25	77.118
21.25	77.230
21.14	77.207
21.22	77.163
21.25	77.163
21.19	77.051
21.24	77.096
21.20	77.096
21.19	77.096
21.18	77.051
21.19	77.029
21.18	77.007
21.22	77.029
21.24	77.074
21.15	77.051
21.22	76.962
21.24	77.007
21.23	77.029
21.16	76.985
21.23	77.029
21.27	77.965
21.20	77.987
21.25	77.965
21.25	77.965
21.13	78.010
21.27	77.965
21.13	77.898
21.20	77.921
21.26	77.921
21.23	77.987
21.29	76.026
21.22	76.049
21.20	76.049
21.25	76.026
21.25	76.004
21.05	72.126
21.07	72.171
21.05	72.148
21.04	72.215
21.00	72.171
20.68	66.755
20.69	66.755
20.71	66.755
20.59	66.777
20.65	66.755
20.69	67.000
20.65	67.022
20.71	66.978
20.69	66.956
20.70	66.978
20.69	67.089
20.70	67.045
20.72	67.022
20.68	67.112
20.68	67.022
20.35	61.183
20.28	61.183
20.27	61.206
20.37	61.117
20.28	61.161
19.76	55.656
19.86	55.634
19.89	55.656
19.87	55.634
19.85	55.634
19.76	56.503
19.91	56.525
19.81	56.548
19.79	56.548
19.86	56.525
19.31	50.040
19.30	50.107
19.36	50.062
19.43	50.018
19.35	50.085
19.32	50.285
19.35	50.285
19.41	50.196
19.40	50.285
19.34	50.241
19.33	50.419
19.37	50.441
19.41	50.464
19.28	50.464
19.31	50.508
18.84	44.602
18.80	44.558
18.89	44.624
18.95	44.602
18.89	44.580
18.84	45.248
18.87	45.360
18.88	45.271
18.89	45.248
18.86	45.293
18.89	45.545
18.91	45.545
18.81	45.523
18.84	45.545
18.94	45.500
18.46	40.330
18.46	40.330
18.39	40.352
18.40	40.352
18.46	40.330
18.34	40.776
18.43	40.686
18.45	40.731
18.42	40.776
18.40	40.753
17.92	35.583
17.91	35.583
17.92	35.538
17.85	35.605
17.88	35.560
17.93	36.274
17.93	36.274
17.93	36.229
17.92	36.318
17.93	36.296
17.30	30.747
17.35	30.702
17.40	30.747
17.39	30.791
17.40	30.702
16.91	26.646
16.97	26.690
16.86	26.713
16.90	26.713
16.95	26.757
16.85	27.292
16.90	27.337
16.93	27.381
16.85	27.314
16.88	27.292
16.28	22.278
16.29	22.278
16.35	22.322
16.37	22.300
16.30	22.255
16.33	22.679
16.33	22.634
16.30	22.657
16.31	22.679
16.34	22.701
16.26	22.835
16.35	22.857
16.34	22.857
16.28	22.835
16.25	22.813
16.03	19.893
15.95	19.915
16.02	19.915
16.04	19.848
15.93	19.915
15.71	17.798
15.66	17.798
15.74	17.820
15.69	17.865
15.64	17.820
15.74	17.910
15.65	17.954
15.70	17.954
15.74	17.932
15.61	17.932
15.36	15.659
15.43	15.636
15.35	15.614
15.35	15.681
15.45	15.659
15.08	13.408
14.98	13.474
14.97	13.430
15.04	13.452
15.04	13.452
14.65	11.201
14.73	11.246
14.64	11.201
14.61	11.246
14.67	11.246
14.21	8.995
14.21	8.950
14.19	9.017
14.24	9.062
14.29	9.039
13.81	6.744
13.73	6.788
13.79	6.811
13.82	6.766
13.70	6.788
13.80	7.034
13.72	7.011
13.76	7.011
13.78	7.034
13.73	7.034
13.18	4.337
13.19	4.315
13.25	4.359
13.16	4.359
13.13	4.337
12.81	3.089
12.81	3.067
12.83	3.111
12.87	3.089
12.87	3.089
12.88	3.223
12.79	3.245
12.87	3.223
12.88	3.245
12.76	3.223
12.81	3.758
12.86	3.758
12.82	3.735
12.82	3.758
12.86	3.713
12.87	3.735
12.83	3.735
12.75	3.713
12.85	3.691
12.86	3.713
12.75	3.111
12.77	3.111
12.73	3.111
12.68	3.133
12.73	3.089
12.68	3.980
12.77	4.003
12.78	3.958
12.67	4.003
12.74	3.958
12.84	5.652
12.84	5.696
12.78	5.652
12.76	5.696
12.86	5.630
12.77	3.512
12.69	3.535
12.78	3.512
12.79	3.490
12.76	3.535
12.80	3.446
12.74	3.446
12.77	3.446
12.74	3.446
12.73	3.423
12.66	3.111
12.65	3.111
12.79	3.156
12.70	3.089
12.71	3.111
12.73	3.267
12.69	3.290
12.68	3.245
12.76	3.312
12.72	3.312
12.67	3.356
12.74	3.334
12.74	3.356
12.72	3.334
12.74	3.379
12.76	3.401
12.68	3.446
12.66	3.423
12.72	3.468
12.76	3.446
12.65	3.446
12.77	3.446
12.76	3.468
12.67	3.468
12.73	3.490
12.76	3.446
12.72	3.423
12.68	3.446
12.73	3.468
12.73	3.423
12.76	3.490
12.71	3.490
12.65	3.490
12.74	3.512
12.71	3.490
12.73	3.512
12.72	3.535
12.71	3.512
12.66	3.490
12.70	3.512
12.77	3.512
12.72	3.535
12.65	3.557
12.66	3.535
12.74	3.468
12.70	3.512
12.72	3.535
12.72	3.535
12.67	3.468
12.68	3.512
12.74	3.557
12.65	3.535
12.65	3.535
12.73	3.512
12.79	3.490
12.62	3.535
12.67	3.535
12.73	3.557
12.76	3.535
12.71	3.512
12.45	3.310
12.46	3.377
12.47	3.355
12.47	3.377
12.52	3.355
12.40	3.511
12.54	3.511
12.45	3.466
12.47	3.489
12.49	3.466
12.43	2.731
12.39	2.709
12.45	2.731
12.39	2.709
12.45	2.731
12.14	1.149
12.12	1.193
12.10	1.149
12.11	1.149
12.09	1.126
11.52	0.213
11.51	0.190
11.52	0.213
11.52	0.213
11.54	0.235
7.40	-6.473
7.37	-6.451
7.43	-6.473
7.40	-6.473
7.51	-6.451
7.41	-5.916
7.43	-5.894
7.41	-5.916
7.42	-5.916
7.39	-5.916
7.41	-5.872
7.36	-5.849
7.46	-5.894
7.41	-5.872
7.46	-5.894
7.40	-5.872
7.41	-5.894
7.40	-5.872
7.45	-5.827
7.40	-5.849
5.88	-7.655
6.00	-7.632
5.97	-7.677
5.97	-7.655
5.92	-7.655
4.89	-8.724
4.92	-8.702
4.95	-8.724
4.96	-8.724
4.85	-8.724
3.82	-9.928
3.91	-9.906
3.89	-9.928
3.86	-9.906
3.87	-9.928
3.83	-10.039
3.80	-10.017
3.82	-10.017
3.76	-10.039
3.84	-10.039
3.09	-10.998
3.03	-10.998
3.06	-10.975
3.05	-10.998
3.09	-10.953
1.55	-13.293
1.53	-13.315
1.50	-13.293
1.52	-13.293
1.60	-13.271
0.41	-15.433
0.46	-15.410
0.49	-15.410
0.44	-15.410
0.48	-15.388
0.43	-14.430
0.37	-14.497
0.45	-14.474
0.38	-14.430
0.48	-14.452
0.20	-15.433
0.18	-15.433
0.24	-15.455
0.23	-15.433
0.22	-15.410
-0.20	-16.569
-0.15	-16.547
-0.22	-16.569
-0.17	-16.525
-0.18	-16.547
-0.61	-17.661
-0.63	-17.728
-0.56	-17.684
-0.64	-17.661
-0.63	-17.684
-1.58	-20.024
-1.50	-19.979
-1.55	-20.024
-1.51	-20.001
-1.58	-19.979
-2.32	-22.141
-2.33	-22.119
-2.33	-22.096
-2.34	-22.074
-2.32	-22.096
-2.39	-21.272
-2.37	-21.294
-2.33	-21.294
-2.35	-21.249
-2.39	-21.272
-3.09	-24.325
-3.07	-24.303
-3.13	-24.303
-3.03	-24.303
-3.09	-24.325
-3.81	-26.554
-3.87	-26.509
-3.81	-26.531
-3.85	-26.531
-3.78	-26.487
-4.57	-28.738
-4.48	-28.715
-4.51	-28.715
-4.47	-28.715
-4.52	-28.738
-5.19	-30.989
-5.12	-30.966
-5.21	-30.966
-5.12	-30.966
-5.17	-30.966
-5.81	-33.284
-5.85	-33.240
-5.77	-33.262
-5.83	-33.240
-5.81	-33.262
-6.45	-35.468
-6.42	-35.491
-6.46	-35.446
-6.41	-35.446
-6.43	-35.379
-7.02	-37.652
-7.02	-37.652
-6.99	-37.630
-7.00	-37.652
-7.03	-37.630
-7.55	-39.881
-7.65	-39.903
-7.61	-39.903
-7.62	-39.859
-7.59	-39.859
-8.19	-42.132
-8.21	-42.154
-8.13	-42.154
-8.22	-42.132
-8.21	-42.154
-8.72	-44.361
-8.81	-44.361
-8.69	-44.316
-8.75	-44.361
-8.71	-44.294
-8.78	-43.135
-8.79	-43.157
-8.78	-43.135
-8.78	-43.157
-8.82	-43.135
-9.37	-46.678
-9.36	-46.678
-9.34	-46.701
-9.42	-46.634
-9.36	-46.656
-9.45	-44.895
-9.40	-44.895
-9.48	-44.895
-9.45	-44.872
-9.43	-44.872
-9.61	-46.678
-9.60	-46.700
-9.60	-46.678
-9.58	-46.700
-9.54	-46.678
-9.87	-48.795
-9.91	-48.795
-9.86	-48.817
-9.91	-48.817
-9.92	-48.773
-10.40	-51.157
-10.37	-51.113
-10.37	-51.135
-10.32	-51.135
-10.41	-51.113
-10.94	-53.230
-10.95	-53.230
-10.92	-53.208
-10.95	-53.185
-10.91	-53.230
-11.47	-55.481
-11.47	-55.436
-11.42	-55.436
-11.53	-55.458
-11.49	-55.458
-11.49	-54.389
-11.45	-54.344
-11.54	-54.389
-11.50	-54.344
-11.48	-54.344
-12.00	-57.576
-12.08	-57.598
-12.07	-57.598
-12.03	-57.598
-12.04	-57.620
-12.58	-59.894
-12.69	-59.849
-12.61	-59.849
-12.60	-59.894
-12.63	-59.894
-13.14	-62.033
-13.18	-62.011
-13.17	-62.011
-13.21	-62.011
-13.18	-61.988
-13.79	-64.373
-13.74	-64.351
-13.80	-64.351
-13.74	-64.373
-13.75	-64.351
-14.37	-66.579
-14.36	-66.535
-14.36	-66.513
-14.37	-66.513
-14.37	-66.490
-14.41	-65.153
-14.45	-65.086
-14.39	-65.109
-14.46	-65.109
-14.39	-65.131
-14.40	-64.819
-14.43	-64.841
-14.43	-64.797
-14.46	-64.819
-14.43	-64.886
-14.99	-69.053
-15.09	-68.986
-15.07	-68.942
-15.06	-68.986
-15.02	-68.964
-15.53	-70.970
-15.53	-70.925
-15.52	-70.948
-15.51	-70.925
-15.54	-70.903
-15.51	-69.610
-15.55	-69.655
-15.58	-69.633
-15.61	-69.610
-15.54	-69.633
-16.07	-72.396
-15.98	-72.419
-16.02	-72.374
-16.00	-72.419
-16.05	-72.352
-16.51	-74.202
-16.54	-74.202
-16.52	-74.179
-16.58	-74.157
-16.53	-74.179
-17.32	-76.564
-17.27	-76.542
-17.29	-76.542
-17.23	-76.519
-17.33	-76.519
-18.09	-78.815
-18.03	-78.859
-18.04	-78.815
-18.02	-78.859
-18.06	-78.815
-18.07	-77.678
-18.10	-77.701
-18.06	-77.678
-18.08	-77.723
-18.12	-77.678
-18.85	-80.776
-18.79	-80.754
-18.87	-80.798
-18.85	-80.754
-18.85	-80.754
-19.58	-82.648
-19.60	-82.626
-19.64	-82.670
-19.60	-82.648
-19.63	-82.626
-20.23	-83.941
-20.26	-83.896
-20.21	-83.941
-20.26	-83.918
-20.25	-83.896
-20.31	-82.782
-20.26	-82.760
-20.29	-82.760
-20.24	-82.804
-20.31	-82.737
-21.19	-85.746
-21.21	-85.746
-21.21	-85.768
-21.21	-85.724
-21.24	-85.701
-21.31	-84.386
-21.26	-84.364
-21.31	-84.364
-21.25	-84.342
-21.32	-84.364
-21.66	-80.865
-21.68	-80.865
-21.74	-80.865
-21.64	-80.843
-21.70	-80.887
-21.72	-77.790
-21.65	-77.790
-21.69	-77.790
-21.72	-77.812
-21.67	-77.790
-21.65	-78.035
-21.72	-78.079
-21.67	-78.057
-21.65	-78.079
-21.72	-78.013
-21.36	-72.151
-21.30	-72.129
-21.32	-72.129
-21.31	-72.129
-21.27	-72.129
-20.86	-66.624
-20.93	-66.646
-20.87	-66.624
-20.85	-66.624
-20.92	-66.602
-20.87	-66.958
-20.87	-66.981
-20.94	-66.958
-20.84	-66.981
-20.90	-66.981
-20.43	-61.164
-20.42	-61.142
-20.46	-61.142
-20.42	-61.142
-20.45	-61.208
-20.45	-61.922
-20.41	-61.899
-20.38	-61.922
-20.48	-61.899
-20.40	-61.944
-19.91	-55.525
-19.90	-55.503
-19.93	-55.503
-19.92	-55.503
-19.95	-55.503
-19.43	-50.087
-19.45	-50.065
-19.46	-50.087
-19.41	-50.132
-19.47	-50.132
-18.93	-44.560
-18.89	-44.516
-18.91	-44.538
-18.89	-44.516
-18.92	-44.516
-18.88	-45.542
-18.89	-45.498
-18.91	-45.498
-18.90	-45.498
-18.88	-45.475
-18.91	-45.899
-18.87	-45.921
-18.91	-45.899
-18.88	-45.921
-18.89	-45.899
-18.85	-45.163
-18.86	-45.141
-18.85	-45.208
-18.82	-45.119
-18.91	-45.163
-18.38	-39.815
-18.40	-39.792
-18.37	-39.815
-18.38	-39.792
-18.33	-39.792
-17.93	-35.647
-17.93	-35.625
-17.90	-35.625
-17.95	-35.580
-17.97	-35.603
-17.44	-31.123
-17.48	-31.123
-17.40	-31.145
-17.45	-31.145
-17.38	-31.145
-16.83	-26.643
-16.86	-26.688
-16.83	-26.643
-16.83	-26.599
-16.84	-26.621
-16.20	-22.186
-16.27	-22.208
-16.29	-22.231
-16.28	-22.208
-16.28	-22.208
-16.28	-23.033
-16.23	-23.011
-16.27	-23.033
-16.27	-23.011
-16.23	-22.988
-16.26	-23.278
-16.21	-23.256
-16.27	-23.256
-16.24	-23.256
-16.22	-23.233
-15.56	-17.796
-15.58	-17.729
-15.52	-17.751
-15.57	-17.796
-15.57	-17.751
-14.80	-13.182
-14.82	-13.182
-14.78	-13.138
-14.75	-13.160
-14.85	-13.160
-13.91	-8.792
-13.88	-8.814
-13.95	-8.792
-13.92	-8.792
-13.93	-8.814
-13.42	-6.675
-13.38	-6.675
-13.42	-6.675
-13.35	-6.675
-13.41	-6.697
-13.31	-7.209
-13.38	-7.187
-13.39	-7.143
-13.39	-7.120
-13.35	-7.165
-13.24	-6.585
-13.34	-6.585
-13.32	-6.585
-13.28	-6.585
-13.29	-6.585
-12.33	-4.178
-12.35	-4.223
-12.34	-4.201
-12.34	-4.201
-12.34	-4.201
-12.43	-4.424
-12.41	-4.379
-12.41	-4.379
-12.40	-4.357
-12.41	-4.379
-12.29	-4.089
-12.29	-4.089
-12.29	-4.089
-12.30	-4.112
-12.30	-4.112
-10.70	-0.100
-10.74	-0.189
-10.76	-0.234
-10.73	-0.167
-10.73	-0.167
-10.57	0.234
-10.55	0.279
-10.56	0.257
-10.59	0.190
-10.58	0.212
-10.32	0.858
-10.30	0.836
-10.29	0.881
-10.37	0.903
-10.34	0.903
-9.31	2.040
-9.28	2.062
-9.27	2.106
-9.34	2.062
-9.31	1.995
-9.27	1.683
-9.34	1.683
-9.29	1.750
-9.30	1.727
-9.31	1.727
-9.36	1.527
-9.28	1.571
-9.32	1.460
-9.29	1.549
-9.31	1.527
-9.29	1.505
-9.33	1.415
-9.24	1.415
-9.31	1.527
-9.28	1.415
-8.97	2.196
-8.93	2.196
-8.88	2.173
-8.93	2.196
-8.95	2.240
-8.89	2.151
-9.00	2.106
-8.87	2.084
-8.94	2.106
-8.88	2.017
-8.91	1.795
-8.89	1.840
-8.88	1.840
-8.86	1.818
-8.90	1.840
-8.89	1.862
-8.88	1.795
-8.91	1.818
-8.93	1.840
-8.84	1.795
-8.88	1.818
-8.87	1.840
-8.89	1.840
-8.89	1.818
-8.87	1.907
-8.87	1.840
-8.90	1.751
-8.90	1.840
-8.88	1.818
-8.93	1.795
-8.84	1.662
-8.89	1.751
-8.87	1.729
-8.87	1.773
-8.87	1.751
-8.73	1.751
-8.73	1.729
-8.70	1.706
-8.69	1.729
-8.71	1.729
-8.69	2.174
-8.67	2.219
-8.68	2.197
-8.79	2.197
-8.70	2.219
-8.17	2.977
-8.14	2.910
-8.19	2.932
-8.18	2.932
-8.16	2.999
-7.50	3.534
-7.51	3.489
-7.46	3.512
-7.52	3.489
-7.50	3.534
-6.90	3.913
-6.96	3.935
-6.87	3.957
-6.92	3.935
-6.90	3.957
-6.66	4.314
-6.69	4.269
-6.59	4.269
-6.67	4.247
-6.66	4.225
-6.53	4.336
-6.44	4.358
-6.47	4.358
-6.42	4.425
-6.49	4.314
-6.46	4.158
-6.45	4.113
-6.47	4.158
-6.44	4.069
-6.44	4.136
-6.42	3.935
-6.48	3.980
-6.40	3.913
-6.49	3.980
-6.39	3.890
-6.40	3.735
-6.47	3.779
-6.35	3.735
-6.43	3.779
-6.42	3.735
-6.41	4.047
-6.38	4.114
-6.36	4.091
-6.37	4.091
-6.38	4.069
-5.21	5.562
-5.19	5.518
-5.19	5.518
-5.21	5.540
-5.18	5.584
-4.29	6.587
-4.28	6.721
-4.31	6.587
-4.29	6.587
-4.27	6.587
-4.25	6.431
-4.22	6.431
-4.24	6.409
-4.33	6.454
-4.22	6.454
-4.27	5.740
-4.23	5.785
-4.23	5.830
-4.22	5.740
-4.26	5.740
-4.23	5.696
-4.23	5.696
-4.23	5.718
-4.24	5.696
-4.24	5.763
-3.90	6.677
-3.96	6.654
-3.89	6.654
-3.95	6.632
-3.91	6.632
-3.20	7.657
-3.20	7.679
-3.19	7.746
-3.17	7.702
-3.16	7.590
-2.39	8.794
-2.36	8.838
-2.39	8.794
-2.43	8.838
-2.43	8.816
-1.60	9.863
-1.57	9.863
-1.63	9.908
-1.62	9.863
-1.61	9.886
-0.87	11.045
-0.91	11.022
-0.91	11.067
-0.92	11.022
-0.96	11.089
-0.33	12.092
-0.27	12.181
-0.24	12.137
-0.21	12.114
-0.23	12.092
0.38	13.229
0.35	13.206
0.37	13.206
0.36	13.184
0.36	13.184
0.97	14.276
1.04	14.254
1.00	14.299
1.02	14.254
0.99	14.254
1.02	13.697
1.00	13.697
1.04	13.630
1.07	13.652
1.07	13.697
1.66	15.480
1.67	15.502
1.71	15.502
1.63	15.480
1.68	15.569
2.22	16.572
2.12	16.549
2.24	16.572
2.20	16.549
2.19	16.549
2.71	17.731
2.69	17.708
2.74	17.753
2.73	17.708
2.64	17.686
3.71	19.870
3.62	19.826
3.74	19.848
3.68	19.870
3.66	19.848
4.56	22.299
4.58	22.255
4.60	22.299
4.53	22.277
4.60	22.299
4.61	21.341
4.68	21.341
4.67	21.341
4.64	21.341
4.60	21.297
4.61	21.141
4.70	21.051
4.63	21.096
4.70	21.118
4.61	21.096
5.34	24.394
5.41	24.417
5.36	24.461
5.38	24.439
5.41	24.439
6.08	26.489
6.19	26.556
6.09	26.534
6.16	26.556
6.19	26.512
6.85	28.896
6.97	28.919
6.92	28.896
6.89	28.919
6.85	28.896
7.57	30.947
7.66	30.991
7.61	30.969
7.64	30.969
7.61	30.947
8.35	33.331
8.36	33.398
8.38	33.376
8.30	33.354
8.40	33.354
9.05	35.426
9.01	35.404
9.01	35.382
8.92	35.404
8.99	35.382
9.64	37.699
9.67	37.610
9.69	37.633
9.69	37.610
9.57	37.633
10.27	39.817
10.33	39.839
10.32	39.861
10.28	39.794
10.26	39.794
11.01	42.224
10.90	42.201
10.92	42.201
10.97	42.179
10.93	42.179
11.47	44.363
11.58	44.319
11.54	44.296
11.58	44.296
11.58	44.274
11.68	43.093
11.66	43.070
11.62	43.070
11.56	42.981
11.67	43.004
11.64	42.625
11.67	42.781
11.68	42.803
11.55	42.848
11.65	42.848
11.71	41.533
11.68	41.556
11.63	41.556
11.71	41.533
11.67	41.533
11.90	44.609
11.83	44.587
11.95	44.676
11.88	44.564
11.86	44.542
12.18	46.704
12.22	46.771
12.19	46.748
12.23	46.771
12.19	46.771
12.66	48.888
12.75	48.866
12.70	48.888
12.73	48.866
12.68	48.888
13.27	51.072
13.26	51.094
13.31	51.094
13.20	51.027
13.30	51.094
13.83	53.278
13.90	53.301
13.82	53.256
13.89	53.278
13.88	53.234
14.62	55.641
14.60	55.596
14.59	55.596
14.57	55.685
14.65	55.641
15.28	57.580
15.21	57.580
15.25	57.602
15.18	57.580
15.32	57.557
15.95	59.942
15.86	59.920
15.93	59.964
15.89	59.964
15.91	59.920
16.66	62.126
16.55	62.104
16.56	62.104
16.61	62.104
16.58	62.126
17.29	64.355
17.35	64.332
17.21	64.332
17.30	64.377
17.29	64.332
18.01	66.739
18.05	66.695
18.05	66.673
17.97	66.695
18.05	66.673
18.21	63.775
18.19	63.820
18.21	63.798
18.22	63.798
18.24	63.798
18.18	63.463
18.26	63.486
18.20	63.463
18.22	63.552
18.17	63.508
18.27	63.441
18.19	63.396
18.24	63.441
18.17	63.463
18.21	63.463
18.61	68.077
18.61	68.188
18.58	68.099
18.65	68.121
18.62	68.099
19.02	70.016
19.18	69.993
19.14	70.038
19.13	69.993
19.07	70.038
19.58	71.576
19.64	71.598
19.56	71.576
19.64	71.531
19.53	71.509
19.64	70.238
19.69	70.328
19.63	70.350
19.63	70.305
19.74	70.350
20.30	72.846
20.24	72.824
20.28	72.824
20.26	72.824
20.30	72.801
20.82	73.916
20.78	73.871
20.81	73.871
20.82	73.849
20.85	73.871
21.08	69.075
21.10	69.031
21.10	69.053
21.10	69.031
21.11	69.075
21.12	68.986
21.07	68.942
21.10	69.031
21.12	68.964
21.10	68.986
21.09	66.780
21.09	66.824
21.04	66.824
21.06	66.824
21.14	66.758
21.03	66.869
21.11	66.869
21.05	66.847
21.13	66.869
21.07	66.847
20.87	62.389
20.83	62.412
20.77	62.412
20.81	62.434
20.88	62.412
20.50	57.932
20.49	57.932
20.53	57.954
20.53	57.954
20.45	57.977
20.17	53.341
20.15	53.363
20.09	53.363
20.19	53.386
20.16	53.363
19.79	48.973
19.75	48.951
19.72	48.951
19.77	49.040
19.81	48.928
19.34	44.426
19.39	44.493
19.29	44.449
19.39	44.449
19.36	44.449
19.31	44.984
19.35	45.073
19.35	44.984
19.28	44.984
19.41	45.006
19.19	42.220
19.08	42.287
19.12	42.220
19.11	42.220
19.08	42.220
18.78	39.078
18.77	39.078
18.83	39.078
18.78	39.078
18.80	39.078
18.72	40.107
18.76	40.018
18.75	40.062
18.72	40.018
18.81	39.995
18.39	35.649
18.45	35.649
18.41	35.627
18.43	35.649
18.37	35.672
17.87	31.081
17.94	31.103
17.94	31.192
17.86	31.103
17.95	31.081
17.35	26.712
17.43	26.802
17.38	26.779
17.38	26.757
17.45	26.779
16.87	22.300
16.81	22.344
16.84	22.300
16.80	22.367
16.87	22.277
16.89	23.013
16.77	23.035
16.81	23.013
16.82	23.057
16.79	23.013
16.79	23.147
16.81	23.124
16.77	23.191
16.84	23.102
16.80	23.147
16.73	23.414
16.84	23.369
16.81	23.347
16.79	23.347
16.80	23.347
16.09	17.865
16.20	17.887
16.20	17.887
16.14	17.932
16.23	17.909
15.48	13.496
15.55	13.407
15.42	13.452
15.53	13.385
15.54	13.452
14.68	9.017
14.70	8.995
14.63	9.017
14.69	9.017
14.72	9.017
14.09	6.298
14.06	6.342
14.09	6.320
14.14	6.342
14.10	6.342
13.28	3.356
13.41	3.334
13.36	3.334
13.37	3.378
13.39	3.334
13.42	3.891
13.34	3.869
13.33	3.869
13.35	3.891
13.31	3.891
13.40	4.092
13.29	4.069
13.36	4.114
13.37	4.069
13.28	4.092
13.18	3.133
13.21	3.111
13.18	3.133
13.21	3.111
13.18	3.133
13.30	4.693
13.24	4.716
13.16	4.760
13.25	4.738
13.19	4.782
13.19	5.184
13.21	5.161
13.26	5.228
13.20	5.206
13.29	5.206
13.30	5.629
13.27	5.629
13.32	5.585
13.25	5.607
13.28	5.652
13.39	6.788
13.40	6.766
13.46	6.766
13.39	6.788
13.43	6.766
13.31	3.869
13.27	3.846
13.29	3.780
13.29	3.824
13.32	3.802
13.32	3.534
13.27	3.490
13.21	3.468
13.31	3.512
13.21	3.534
13.19	3.222
13.24	3.156
13.12	3.222
13.24	3.222
13.22	3.245
13.20	3.312
13.23	3.312
13.20	3.334
13.17	3.289
13.22	3.334
13.15	3.356
13.22	3.334
13.18	3.334
13.16	3.334
13.20	3.334
13.12	3.334
13.23	3.356
13.23	3.356
13.14	3.334
13.24	3.356
13.18	3.356
13.21	3.356
13.22	3.356
13.13	3.356
13.21	3.401
13.25	3.378
13.10	3.356
13.24	3.356
13.18	3.378
13.18	3.356
13.15	3.378
13.21	3.401
13.16	3.401
13.23	3.445
13.15	3.401
13.21	3.445
13.15	3.468
13.22	3.401
13.10	3.445
13.25	3.445
13.01	3.605
13.11	3.583
13.03	3.605
13.06	3.627
13.08	3.627
13.00	3.605
13.06	3.583
13.07	3.627
13.07	3.605
13.07	3.583
13.09	3.689
13.04	3.666
13.07	3.666
13.03	3.666
13.06	3.689
12.94	2.864
12.97	2.864
12.95	2.842
12.95	2.886
12.92	2.842
12.83	2.106
12.85	2.084
12.88	2.129
12.80	2.084
12.84	2.151
11.38	0.190
11.38	0.190
11.37	0.167
11.38	0.190
11.40	0.212
6.33	-6.585
6.29	-6.563
6.32	-6.585
6.38	-6.541
6.30	-6.585
6.31	-5.872
6.38	-5.850
6.32	-5.872
6.41	-5.828
6.27	-5.895
6.34	-5.739
6.30	-5.739
6.31	-5.761
6.34	-5.761
6.34	-5.761
5.14	-7.343
5.12	-7.388
5.18	-7.388
5.04	-7.388
5.15	-7.388
4.73	-7.677
4.76	-7.655
4.75	-7.655
4.73	-7.677
4.74	-7.655
3.42	-8.792
3.39	-8.792
3.44	-8.747
3.35	-8.747
3.41	-8.747
2.26	-9.884
2.31	-9.884
2.30	-9.884
2.25	-9.884
2.30	-9.906
1.27	-10.887
1.38	-10.887
1.28	-10.864
1.32	-10.887
1.35	-10.887
1.02	-11.399
0.98	-11.332
0.94	-11.377
1.03	-11.377
0.96	-11.377
0.95	-10.753
1.02	-10.731
0.93	-10.753
0.97	-10.731
0.99	-10.753
-0.37	-13.271
-0.36	-13.294
-0.34	-13.249
-0.42	-13.294
-0.37	-13.271
-1.11	-14.297
-1.04	-14.319
-1.07	-14.274
-1.08	-14.341
-1.07	-14.297
-1.70	-15.478
-1.66	-15.455
-1.69	-15.478
-1.74	-15.455
-1.64	-15.411
-2.23	-16.570
-2.22	-16.548
-2.24	-16.503
-2.24	-16.592
-2.20	-16.525
-2.82	-17.729
-2.73	-17.706
-2.77	-17.729
-2.78	-17.706
-2.72	-17.684
-3.24	-18.821
-3.28	-18.798
-3.20	-18.821
-3.29	-18.798
-3.31	-18.798
-3.78	-20.024
-3.86	-20.002
-3.79	-19.957
-3.82	-20.002
-3.78	-20.002
-4.64	-22.119
-4.65	-22.119
-4.68	-22.141
-4.67	-22.119
-4.66	-22.119
-4.72	-21.272
-4.65	-21.295
-4.75	-21.228
-4.69	-21.228
-4.72	-21.250
-4.74	-21.005
-4.72	-21.005
-4.73	-20.983
-4.73	-21.027
-4.73	-20.983
-5.12	-23.323
-5.19	-23.367
-5.16	-23.389
-5.15	-23.300
-5.14	-23.345
-5.52	-24.482
-5.49	-24.459
-5.53	-24.504
-5.49	-24.415
-5.52	-24.482
-5.86	-25.507
-5.86	-25.529
-5.86	-25.551
-5.80	-25.507
-5.87	-25.507
-6.22	-26.532
-6.22	-26.532
-6.26	-26.554
-6.22	-26.532
-6.20	-26.510
-6.56	-27.735
-6.55	-27.780
-6.55	-27.780
-6.57	-27.802
-6.58	-27.758
-6.87	-28.872
-6.94	-28.872
-6.91	-28.872
-6.88	-28.827
-6.98	-28.872
-7.29	-29.897
-7.25	-29.897
-7.23	-29.853
-7.28	-29.853
-7.19	-29.853
-7.62	-30.967
-7.61	-31.011
-7.61	-31.011
-7.60	-30.967
-7.60	-30.967
-7.94	-32.126
-7.93	-32.104
-7.95	-32.126
-7.91	-32.104
-7.94	-32.081
-8.21	-33.329
-8.24	-33.285
-8.31	-33.307
-8.24	-33.307
-8.27	-33.307
-8.51	-34.354
-8.56	-34.332
-8.53	-34.354
-8.51	-34.310
-8.60	-34.332
-8.83	-35.491
-8.84	-35.513
-8.87	-35.491
-8.85	-35.491
-8.88	-35.513
-8.91	-34.756
-8.86	-34.756
-8.90	-34.800
-8.94	-34.756
-8.88	-34.778
-9.20	-36.695
-9.22	-36.695
-9.21	-36.695
-9.15	-36.695
-9.25	-36.672
-9.56	-37.943
-9.51	-38.009
-9.52	-37.965
-9.61	-37.987
-9.55	-37.965
-9.81	-38.923
-9.84	-38.946
-9.85	-38.946
-9.81	-38.923
-9.83	-38.946
-10.06	-40.082
-10.12	-40.060
-10.15	-40.104
-10.13	-40.060
-10.14	-40.104
-10.48	-41.219
-10.41	-41.196
-10.39	-41.174
-10.38	-41.196
-10.46	-41.085
-10.70	-42.244
-10.68	-42.289
-10.65	-42.266
-10.69	-42.266
-10.66	-42.244
-11.01	-43.314
-10.96	-43.291
-10.98	-43.291
-10.94	-43.291
-10.95	-43.269
-11.25	-44.294
-11.27	-44.361
-11.24	-44.339
-11.26	-44.339
-11.23	-44.294
-11.37	-42.957
-11.31	-42.957
-11.37	-42.957
-11.36	-42.979
-11.35	-42.957
-11.41	-42.423
-11.34	-42.423
-11.48	-42.423
-11.35	-42.468
-11.41	-42.445
-11.56	-44.563
-11.57	-44.585
-11.62	-44.585
-11.55	-44.585
-11.55	-44.540
-11.86	-46.769
-11.90	-46.747
-11.87	-46.769
-11.97	-46.791
-11.90	-46.724
-12.37	-48.908
-12.48	-48.908
-12.38	-48.886
-12.42	-48.931
-12.36	-48.886
-13.02	-51.093
-12.91	-51.115
-12.99	-51.115
-12.94	-51.115
-12.99	-51.093
-13.56	-53.277
-13.55	-53.321
-13.48	-53.299
-13.55	-53.277
-13.52	-53.299
-14.16	-55.550
-14.16	-55.617
-14.09	-55.550
-14.15	-55.594
-14.07	-55.572
-14.86	-57.600
-14.77	-57.556
-14.82	-57.533
-14.78	-57.533
-14.85	-57.511
-15.20	-58.826
-15.25	-58.826
-15.18	-58.826
-15.22	-58.826
-15.25	-58.781
-15.57	-59.985
-15.57	-60.029
-15.56	-60.007
-15.55	-59.985
-15.60	-60.007
-15.63	-59.093
-15.66	-59.116
-15.60	-59.049
-15.67	-59.093
-15.58	-59.093
-15.92	-61.166
-15.98	-61.144
-15.98	-61.144
-15.94	-61.144
-15.98	-61.122
-16.22	-62.280
-16.27	-62.214
-16.20	-62.214
-16.23	-62.214
-16.23	-62.169
-16.61	-63.439
-16.65	-63.439
-16.61	-63.417
-16.59	-63.439
-16.64	-63.417
-17.00	-64.353
-16.92	-64.308
-16.96	-64.353
-16.91	-64.308
-16.95	-64.353
-17.35	-65.557
-17.40	-65.534
-17.39	-65.512
-17.37	-65.534
-17.32	-65.512
-17.69	-66.738
-17.66	-66.738
-17.76	-66.760
-17.69	-66.715
-17.69	-66.693
-17.78	-64.754
-17.90	-64.777
-17.83	-64.754
-17.83	-64.754
-17.86	-64.754
-17.90	-64.509
-17.88	-64.487
-17.83	-64.509
-17.90	-64.509
-17.84	-64.464
-18.08	-66.782
-18.00	-66.738
-18.02	-66.760
-17.99	-66.760
-18.01	-66.738
-18.64	-69.345
-18.67	-69.390
-18.58	-69.345
-18.69	-69.345
-18.66	-69.368
-19.44	-71.128
-19.47	-71.173
-19.40	-71.128
-19.48	-71.128
-19.42	-71.128
-20.14	-72.510
-20.09	-72.488
-20.12	-72.488
-20.11	-72.555
-20.10	-72.488
-20.94	-74.137
-20.91	-74.115
-20.92	-74.070
-20.92	-74.070
-20.90	-74.048
-21.03	-73.892
-20.97	-73.936
-21.10	-73.914
-21.03	-73.959
-20.97	-73.981
-21.63	-75.140
-21.60	-75.140
-21.61	-75.117
-21.59	-75.117
-21.59	-75.073
-21.79	-73.312
-21.78	-73.290
-21.75	-73.335
-21.79	-73.290
-21.72	-73.335
-21.80	-73.023
-21.79	-73.023
-21.79	-73.000
-21.78	-73.045
-21.78	-73.045
-21.95	-70.947
-21.88	-70.947
-21.90	-70.925
-21.89	-70.925
-21.97	-70.970
-21.92	-66.646
-21.87	-66.646
-21.90	-66.624
-21.90	-66.668
-21.90	-66.668
-21.94	-66.980
-21.87	-66.980
-21.94	-66.980
-21.87	-67.003
-21.90	-66.980
-21.89	-67.070
-21.90	-67.025
-21.92	-67.003
-21.92	-67.047
-21.86	-67.070
-21.86	-67.025
-21.92	-66.980
-21.89	-67.003
-21.94	-67.025
-21.87	-67.003
-21.55	-62.256
-21.60	-62.278
-21.59	-62.256
-21.59	-62.256
-21.55	-62.300
-21.27	-57.575
-21.19	-57.620
-21.30	-57.620
-21.22	-57.598
-21.28	-57.642
-20.91	-53.475
-20.92	-53.497
-20.92	-53.542
-20.87	-53.452
-20.98	-53.475
-20.89	-54.255
-20.89	-54.232
-20.85	-54.232
-20.95	-54.188
-20.86	-54.255
-20.41	-48.817
-20.44	-48.839
-20.41	-48.817
-20.48	-48.839
-20.44	-48.817
-20.06	-44.560
-19.99	-44.538
-20.08	-44.538
-20.05	-44.560
-20.04	-44.605
-20.06	-44.872
-20.04	-44.828
-20.07	-44.828
-20.02	-44.872
-20.06	-44.850
-20.06	-44.984
-20.01	-44.984
-20.04	-45.006
-20.02	-44.984
-20.07	-44.961
-19.81	-41.797
-19.74	-41.797
-19.78	-41.774
-19.76	-41.797
-19.76	-41.730
-19.53	-39.969
-19.62	-40.014
-19.58	-39.991
-19.63	-40.036
-19.56	-40.014
-19.09	-35.445
-19.13	-35.467
-19.08	-35.445
-19.12	-35.445
-19.07	-35.400
-18.81	-33.350
-18.88	-33.372
-18.86	-33.372
-18.86	-33.328
-18.88	-33.372
-18.84	-34.331
-18.88	-34.331
-18.81	-34.331
-18.86	-34.331
-18.87	-34.309
-18.87	-34.665
-18.82	-34.687
-18.86	-34.643
-18.83	-34.643
-18.83	-34.621
-18.57	-31.122
-18.52	-31.077
-18.52	-31.099
-18.54	-31.055
-18.51	-31.099
-17.94	-26.597
-18.02	-26.597
-18.03	-26.597
-17.96	-26.597
-18.04	-26.597
-17.49	-22.318
-17.39	-22.341
-17.42	-22.318
-17.36	-22.318
-17.46	-22.341
-16.71	-17.705
-16.69	-17.705
-16.75	-17.727
-16.69	-17.750
-16.73	-17.727
-15.91	-13.404
-15.98	-13.404
-15.93	-13.381
-15.96	-13.359
-15.95	-13.359
-15.02	-8.991
-15.04	-8.991
-15.00	-9.036
-15.08	-9.036
-15.03	-9.013
-14.45	-6.695
-14.51	-6.695
-14.54	-6.695
-14.50	-6.673
-14.47	-6.695
-14.47	-7.279
-14.54	-7.256
-14.45	-7.279
-14.51	-7.279
-14.52	-7.234
-14.47	-7.613
-14.48	-7.591
-14.49	-7.613
-14.51	-7.635
-14.45	-7.657
-14.33	-6.588
-14.46	-6.610
-14.38	-6.565
-14.37	-6.588
-14.39	-6.565
-11.59	-0.169
-11.59	-0.169
-11.61	-0.214
-11.59	-0.169
-11.57	-0.125
-11.25	0.611
-11.25	0.633
-11.27	0.656
-11.32	0.500
-11.23	0.633
-10.74	1.057
-10.76	1.079
-10.81	1.034
-10.77	1.079
-10.76	0.990
-10.76	0.522
-10.79	0.566
-10.74	0.500
-10.75	0.455
-10.70	0.678
-10.73	0.505
-10.77	0.527
-10.76	0.483
-10.69	0.460
-10.76	0.549
-10.69	0.505
-10.77	0.505
-10.75	0.549
-10.71	0.460
-10.68	0.505
-10.61	0.549
-10.54	0.572
-10.51	0.616
-10.55	0.572
-10.53	0.527
-10.50	0.460
-10.51	0.483
-10.61	0.460
-10.56	0.460
-10.53	0.483
-10.55	0.371
-10.59	0.371
-10.53	0.327
-10.55	0.371
-10.50	0.416
-10.48	1.129
-10.47	1.084
-10.41	1.062
-10.46	1.084
-10.46	1.129
-9.33	2.154
-9.30	2.043
-9.36	2.109
-9.29	2.065
-9.35	2.109
-8.24	2.845
-8.19	2.823
-8.31	2.889
-8.25	2.867
-8.25	2.889
-7.64	3.246
-7.69	3.224
-7.68	3.135
-7.58	3.224
-7.67	3.268
-7.62	3.112
-7.61	3.135
-7.63	3.090
-7.63	3.135
-7.68	3.090
-6.78	3.892
-6.90	3.759
-6.85	3.848
-6.83	3.848
-6.80	3.803
-6.13	4.294
-6.16	4.360
-6.13	4.360
-6.16	4.338
-6.18	4.316
-5.34	5.074
-5.32	5.140
-5.38	5.051
-5.32	5.051
-5.35	5.096
-5.24	5.163
-5.30	5.096
-5.32	5.185
-5.26	5.185
-5.26	5.140
-5.24	4.717
-5.26	4.739
-5.34	4.739
-5.25	4.762
-5.24	4.695
-4.77	5.430
-4.70	5.497
-4.72	5.519
-4.69	5.519
-4.77	5.475
-4.04	6.076
-4.03	6.121
-4.03	6.143
-4.01	6.121
-4.01	6.099
-3.48	6.589
-3.57	6.589
-3.50	6.634
-3.56	6.634
-3.54	6.544
-2.97	7.213
-2.97	7.168
-2.95	7.191
-2.98	7.168
-2.93	7.168
-2.43	7.681
-2.45	7.703
-2.43	7.703
-2.46	7.681
-2.42	7.703
-1.95	8.283
-1.86	8.283
-1.92	8.305
-1.87	8.305
-1.89	8.305
-1.42	8.795
-1.43	8.795
-1.41	8.773
-1.49	8.751
-1.43	8.773
-0.98	9.375
-0.90	9.375
-0.91	9.375
-0.86	9.375
-0.92	9.397
-0.51	9.776
-0.44	9.865
-0.47	9.843
-0.47	9.887
-0.53	9.932
0.33	11.046
0.38	11.002
0.33	11.069
0.39	11.002
0.35	11.002
1.22	12.138
1.20	12.116
1.18	12.138
1.23	12.138
1.18	12.161
1.59	12.718
1.58	12.696
1.60	12.718
1.51	12.718
1.60	12.651
1.96	13.275
1.90	13.230
1.88	13.275
1.99	13.230
1.89	13.230
2.68	14.367
2.61	14.389
2.67	14.367
2.71	14.367
2.70	14.434
3.29	15.526
3.28	15.526
3.30	15.504
3.36	15.526
3.28	15.459
3.91	16.596
3.89	16.618
3.93	16.640
3.82	16.618
3.91	16.640
3.91	16.083
3.94	16.061
3.89	16.083
3.99	16.061
3.91	16.172
3.97	16.752
4.05	16.729
4.05	16.707
4.03	16.774
4.04	16.729
4.51	17.732
4.49	17.732
4.44	17.755
4.51	17.710
4.49	17.732
4.97	18.735
5.02	18.802
5.00	18.824
4.99	18.758
5.01	18.735
5.61	19.939
5.59	19.961
5.60	19.916
5.53	19.916
5.59	19.939
6.47	22.279
6.59	22.212
6.54	22.234
6.59	22.234
6.55	22.234
7.03	23.193
6.91	23.193
7.04	23.193
6.96	23.193
7.05	23.170
7.44	24.463
7.55	24.463
7.43	24.485
7.52	24.441
7.45	24.441
8.33	26.558
8.36	26.602
8.25	26.625
8.36	26.602
8.31	26.580
9.17	28.853
9.16	28.898
9.15	28.853
9.10	28.853
9.19	28.809
9.96	31.015
9.98	31.104
9.96	31.060
10.02	31.127
9.91	31.060
10.43	32.352
10.32	32.397
10.38	32.330
10.41	32.308
10.42	32.330
10.71	33.444
10.78	33.355
10.75	33.378
10.78	33.400
10.77	33.378
11.53	35.584
11.47	35.562
11.48	35.517
11.50	35.517
11.43	35.517
11.87	36.743
11.83	36.787
11.88	36.810
11.81	36.787
11.92	36.787
12.24	37.924
12.34	37.946
12.22	37.946
12.28	37.879
12.29	37.879
12.54	38.838
12.53	38.815
12.64	38.815
12.54	38.771
12.62	38.793
12.97	40.086
12.91	39.930
12.93	39.885
12.99	39.907
12.94	39.952
13.68	42.203
13.64	42.203
13.70	42.181
13.65	42.181
13.69	42.158
14.36	44.454
14.33	44.387
14.33	44.409
14.42	44.409
14.33	44.454
15.13	46.638
15.16	46.638
15.13	46.638
15.06	46.660
15.16	46.638
15.88	48.867
15.78	48.822
15.89	48.844
15.83	48.867
15.88	48.844
16.74	51.251
16.59	51.229
16.75	51.251
16.65	51.207
16.74	51.207
16.74	50.449
16.73	50.427
16.66	50.494
16.74	50.449
16.73	50.449
17.46	53.257
17.43	53.302
17.46	53.302
17.35	53.302
17.45	53.235
17.82	54.461
17.90	54.438
17.84	54.438
17.86	54.416
17.83	54.461
18.32	55.530
18.32	55.553
18.31	55.486
18.28	55.508
18.33	55.530
19.26	57.581
19.25	57.558
19.28	57.558
19.33	57.558
19.23	57.581
19.81	58.873
19.80	58.918
19.78	58.896
19.75	58.896
19.77	58.851
19.95	59.252
20.11	59.230
20.03	59.185
20.04	59.208
20.03	59.208
20.75	60.634
20.61	60.634
20.78	60.612
20.67	60.612
20.73	60.612
20.76	60.032
20.80	60.032
20.77	59.965
20.69	59.988
20.78	59.988
20.87	59.341
20.81	59.297
20.91	59.297
20.78	59.319
20.88	59.319
20.80	58.940
20.95	58.985
20.88	58.963
20.85	58.985
20.90	58.963
20.86	57.581
20.97	57.558
20.85	57.581
20.90	57.581
20.88	57.558
20.90	55.464
20.79	55.397
20.89	55.441
20.84	55.464
20.90	55.464
20.82	55.330
20.82	55.308
20.85	55.330
20.81	55.330
20.86	55.330
20.84	55.330
20.82	55.285
20.84	55.308
20.85	55.308
20.87	55.308
20.72	53.146
20.73	53.168
20.74	53.146
20.66	53.168
20.80	53.123
20.79	53.369
20.69	53.346
20.76	53.391
20.70	53.346
20.73	53.346
20.47	49.090
20.45	49.134
20.46	49.134
20.42	49.067
20.45	49.112
20.13	44.788
20.11	44.766
20.10	44.811
20.08	44.766
20.12	44.766
19.70	40.086
19.68	40.063
19.67	40.063
19.75	40.086
19.65	40.086
19.73	40.219
19.61	40.219
19.74	40.219
19.72	40.219
19.68	40.219
19.26	35.851
19.27	35.896
19.30	35.851
19.33	35.918
19.23	35.874
18.79	31.260
18.73	31.305
18.86	31.260
18.77	31.260
18.77	31.260
18.22	26.781
18.27	26.758
18.30	26.781
18.32	26.758
18.24	26.803
17.69	22.457
17.72	22.457
17.64	22.390
17.70	22.390
17.70	22.457
17.06	17.710
16.99	17.710
17.07	17.732
17.00	17.732
17.09	17.710
16.62	15.348
16.69	15.370
16.59	15.415
16.70	15.370
16.63	15.370
16.35	13.409
16.35	13.431
16.26	13.431
16.33	13.453
16.32	13.409
15.95	11.069
15.87	11.069
15.89	11.091
15.82	11.069
15.93	11.135
15.40	8.885
15.35	8.907
15.37	8.862
15.40	8.885
15.42	8.907
14.87	6.656
14.93	6.700
14.84	6.589
14.95	6.700
14.87	6.700
14.39	4.405
14.32	4.450
14.28	4.472
14.39	4.450
14.32	4.450
13.63	2.332
13.71	2.288
13.62	2.355
13.72	2.310
13.66	2.310
12.79	0.237
12.72	0.237
12.84	0.237
12.77	0.237
12.78	0.193
12.70	0.772
12.84	0.705
12.71	0.750
12.77	0.728
12.70	0.750
12.73	0.730
12.79	0.730
12.66	0.752
12.78	0.730
12.74	0.797
12.71	0.730
12.75	0.730
12.81	0.730
12.69	0.752
12.76	0.797
12.03	0.084
12.07	0.128
12.05	0.106
12.07	0.128
12.05	0.106
6.34	-5.421
6.34	-5.443
6.31	-5.421
6.36	-5.421
6.35	-5.421
4.59	-6.602
4.59	-6.558
4.61	-6.580
4.64	-6.602
4.54	-6.580
4.33	-6.736
4.38	-6.758
4.36	-6.714
4.33	-6.736
4.38	-6.736
3.05	-7.672
3.09	-7.650
3.00	-7.650
3.04	-7.628
3.07	-7.672
1.74	-8.720
1.67	-8.742
1.67	-8.720
1.70	-8.720
1.72	-8.742
0.37	-9.812
0.42	-9.834
0.37	-9.767
0.44	-9.812
0.40	-9.812
0.36	-9.366
0.41	-9.366
0.40	-9.321
0.44	-9.321
0.40	-9.344
-0.72	-11.015
-0.76	-10.993
-0.81	-11.037
-0.70	-11.015
-0.76	-10.971
-0.85	-10.547
-0.83	-10.569
-0.83	-10.547
-0.84	-10.569
-0.87	-10.525
-1.64	-12.107
-1.70	-12.107
-1.74	-12.107
-1.66	-12.107
-1.67	-12.085
-2.51	-13.222
-2.48	-13.244
-2.50	-13.244
-2.46	-13.222
-2.54	-13.244
-3.32	-14.358
-3.34	-14.358
-3.30	-14.380
-3.28	-14.380
-3.31	-14.336
-4.00	-15.406
-4.06	-15.472
-4.00	-15.428
-4.02	-15.428
-3.99	-15.428
-4.73	-16.564
-4.72	-16.631
-4.72	-16.609
-4.71	-16.609
-4.79	-16.564
-5.32	-17.768
-5.37	-17.768
-5.36	-17.746
-5.33	-17.723
-5.35	-17.768
-5.94	-18.815
-5.90	-18.793
-5.90	-18.793
-5.96	-18.749
-5.87	-18.793
-6.47	-19.952
-6.40	-19.952
-6.47	-19.907
-6.45	-19.907
-6.44	-19.885
-6.98	-21.066
-6.91	-21.111
-6.98	-21.066
-6.94	-21.089
-7.01	-21.089
-7.77	-22.849
-7.74	-22.827
-7.76	-22.872
-7.75	-22.782
-7.77	-22.805
-8.37	-24.365
-8.34	-24.320
-8.37	-24.365
-8.35	-24.343
-8.39	-24.365
-8.83	-25.479
-8.76	-25.524
-8.74	-25.524
-8.80	-25.457
-8.77	-25.479
-9.35	-27.173
-9.38	-27.151
-9.46	-27.173
-9.37	-27.151
-9.40	-27.128
-10.04	-28.867
-9.97	-28.844
-10.00	-28.822
-10.02	-28.844
-9.97	-28.778
-10.35	-30.003
-10.35	-30.003
-10.43	-30.026
-10.37	-30.003
-10.36	-29.981
-10.88	-31.363
-10.85	-31.385
-10.88	-31.363
-10.87	-31.407
-10.86	-31.385
-11.50	-33.435
-11.55	-33.324
-11.50	-33.369
-11.56	-33.324
-11.55	-33.324
-12.19	-35.575
-12.18	-35.553
-12.21	-35.575
-12.19	-35.553
-12.15	-35.530
-12.86	-37.781
-12.93	-37.781
-12.86	-37.826
-12.88	-37.759
-12.87	-37.804
-13.66	-40.010
-13.65	-39.988
-13.63	-39.988
-13.64	-39.988
-13.59	-39.988
-14.34	-42.372
-14.33	-42.372
-14.34	-42.350
-14.38	-42.350
-14.34	-42.328
-15.08	-44.512
-15.13	-44.512
-15.12	-44.445
-15.07	-44.490
-15.13	-44.467
-15.15	-43.509
-15.18	-43.554
-15.14	-43.509
-15.18	-43.554
-15.16	-43.554
-15.69	-46.696
-15.66	-46.718
-15.65	-46.674
-15.61	-46.696
-15.68	-46.674
-16.43	-49.014
-16.49	-49.058
-16.40	-49.014
-16.48	-49.014
-16.41	-48.969
-17.13	-51.020
-17.10	-50.975
-17.15	-51.020
-17.11	-50.997
-17.13	-50.997
-17.16	-50.574
-17.10	-50.574
-17.18	-50.574
-17.17	-50.596
-17.17	-50.596
-17.96	-53.337
-17.93	-53.293
-17.97	-53.337
-17.96	-53.315
-17.95	-53.271
-18.81	-55.432
-18.87	-55.432
-18.87	-55.432
-18.87	-55.432
-18.86	-55.455
-18.91	-54.741
-18.95	-54.741
-18.88	-54.764
-19.00	-54.719
-18.89	-54.719
-19.27	-56.859
-19.29	-56.859
-19.24	-56.814
-19.30	-56.814
-19.28	-56.814
-19.71	-57.706
-19.67	-57.706
-19.68	-57.683
-19.68	-57.683
-19.69	-57.683
-20.16	-58.642
-20.20	-58.619
-20.15	-58.597
-20.22	-58.575
-20.20	-58.619
-20.69	-59.800
-20.69	-59.800
-20.68	-59.800
-20.68	-59.800
-20.72	-59.756
-21.37	-61.227
-21.39	-61.227
-21.36	-61.205
-21.38	-61.160
-21.36	-61.160
-21.43	-60.781
-21.42	-60.737
-21.42	-60.781
-21.38	-60.759
-21.48	-60.759
-21.43	-60.603
-21.47	-60.581
-21.41	-60.603
-21.42	-60.581
-21.44	-60.603
-21.46	-60.447
-21.45	-60.424
-21.45	-60.402
-21.48	-60.402
-21.44	-60.447
-21.48	-59.800
-21.50	-59.800
-21.52	-59.823
-21.49	-59.800
-21.52	-59.800
-21.54	-59.020
-21.62	-59.043
-21.58	-59.020
-21.55	-59.065
-21.63	-59.043
-21.61	-57.952
-21.69	-58.019
-21.61	-57.975
-21.69	-57.975
-21.65	-57.975
-21.67	-57.952
-21.68	-57.997
-21.58	-57.952
-21.72	-57.975
-21.64	-57.952
-21.67	-57.351
-21.71	-57.395
-21.68	-57.440
-21.63	-57.395
-21.73	-57.440
-21.64	-57.373
-21.71	-57.373
-21.67	-57.395
-21.67	-57.351
-21.68	-57.351
-21.71	-55.367
-21.71	-55.389
-21.74	-55.367
-21.73	-55.367
-21.71	-55.389
-21.49	-51.200
-21.50	-51.244
-21.49	-51.222
-21.55	-51.222
-21.47	-51.266
-21.50	-51.868
-21.50	-51.846
-21.48	-51.824
-21.51	-51.846
-21.51	-51.846
-21.30	-48.859
-21.27	-48.837
-21.27	-48.882
-21.33	-48.837
-21.29	-48.859
-20.97	-44.647
-20.94	-44.647
-20.93	-44.603
-20.97	-44.580
-20.98	-44.647
-20.52	-39.767
-20.48	-39.744
-20.50	-39.767
-20.50	-39.744
-20.49	-39.700
-20.09	-35.911
-20.12	-35.911
-20.14	-35.911
-20.09	-35.889
-20.16	-35.911
-19.71	-31.699
-19.67	-31.699
-19.60	-31.699
-19.68	-31.721
-19.62	-31.699
-19.08	-26.840
-19.04	-26.863
-19.09	-26.863
-19.06	-26.863
-19.02	-26.863
-18.48	-22.383
-18.49	-22.383
-18.48	-22.405
-18.45	-22.383
-18.44	-22.361
-17.78	-17.792
-17.76	-17.814
-17.78	-17.792
-17.75	-17.792
-17.80	-17.792
-16.98	-13.468
-17.00	-13.446
-17.00	-13.446
-16.95	-13.468
-17.00	-13.468
-16.50	-11.039
-16.47	-11.061
-16.51	-11.084
-16.53	-11.061
-16.47	-11.039
-15.98	-8.766
-15.96	-8.810
-15.96	-8.766
-16.00	-8.810
-15.98	-8.810
-15.44	-6.760
-15.41	-6.738
-15.47	-6.738
-15.39	-6.760
-15.41	-6.738
-15.03	-5.356
-14.97	-5.490
-15.03	-5.423
-14.97	-5.445
-15.07	-5.467
-14.99	-5.824
-15.04	-5.891
-14.99	-5.869
-15.02	-5.913
-14.96	-5.891
-11.38	-0.052
-11.37	-0.030
-11.33	0.037
-11.38	-0.052
-11.36	-0.007
-11.60	-0.408
-11.56	-0.342
-11.59	-0.386
-11.51	-0.252
-11.59	-0.386
-11.23	0.193
-11.25	0.171
-11.28	0.126
-11.25	0.171
-11.23	0.193
-11.02	0.550
-11.00	0.572
-11.06	0.572
-11.02	0.550
-11.01	0.550
-10.18	1.040
-10.18	1.085
-10.17	1.063
-10.19	0.996
-10.17	1.085
-9.39	1.464
-9.32	1.531
-9.34	1.531
-9.31	1.575
-9.38	1.486
-8.23	2.221
-8.22	2.221
-8.27	2.199
-8.23	2.132
-8.24	2.266
-7.16	2.801
-7.18	2.823
-7.15	2.801
-7.16	2.845
-7.20	2.823
-7.15	2.712
-7.18	2.756
-7.14	2.756
-7.19	2.689
-7.15	2.712
-7.13	2.533
-7.19	2.489
-7.13	2.489
-7.17	2.489
-7.16	2.489
-7.13	1.909
-7.11	1.909
-7.11	1.909
-7.08	1.932
-7.20	1.865
-7.17	1.553
-7.20	1.553
-7.15	1.642
-7.18	1.575
-7.15	1.597
-7.25	1.441
-7.22	1.441
-7.27	1.441
-7.24	1.486
-7.27	1.419
-7.28	1.330
-7.26	1.352
-7.27	1.308
-7.29	1.375
-7.27	1.330
-7.33	1.308
-7.32	1.263
-7.32	1.308
-7.30	1.241
-7.37	1.263
-7.37	1.129
-7.38	1.174
-7.38	1.107
-7.33	1.263
-7.39	1.152
-7.34	1.152
-7.44	1.107
-7.40	1.085
-7.41	1.129
-7.33	1.129
-7.42	1.085
-7.47	1.018
-7.37	1.063
-7.46	1.040
-7.40	1.085
-7.44	0.996
-7.40	1.107
-7.41	1.085
-7.46	1.107
-7.42	0.996
-7.47	1.085
-7.44	1.063
-7.40	1.107
-7.45	1.063
-7.38	1.085
-7.44	1.107
-7.35	1.085
-7.49	1.085
-7.44	1.129
-7.43	1.085
-7.43	1.085
-7.43	1.063
-7.46	1.063
-7.44	1.085
-7.41	1.063
-7.38	1.129
-7.45	1.107
-7.46	1.152
-7.37	1.107
-7.46	1.152
-7.46	1.196
-7.43	1.241
-7.45	1.219
-7.42	1.196
-7.42	1.174
-7.44	1.241
-7.45	1.219
-7.39	1.285
-7.38	1.285
-7.45	1.285
-7.40	1.326
-7.41	1.370
-7.43	1.348
-7.43	1.370
-7.46	1.392
-7.43	1.103
-7.47	0.991
-7.48	1.013
-7.41	1.013
-7.41	1.013
-7.45	1.236
-7.44	1.192
-7.50	1.192
-7.51	1.214
-7.52	1.259
-7.42	1.526
-7.36	1.504
-7.39	1.526
-7.40	1.459
-7.43	1.482
-7.40	1.526
-7.39	1.548
-7.41	1.593
-7.45	1.593
-7.41	1.571
