"Pujol 2002, No. 10-1-2.25N"	
32189	
-0.105183669	0.238716727
-0.204727349	0.35014966
-0.146120353	0.216430158
-0.165897511	0.261003318
-0.150020282	0.216430158
-0.195957445	0.216430158
-0.101745462	0.238716727
-0.133338638	0.238716727
-0.211529815	0.238716727
-0.14210459	0.261003318
-0.081455008	0.238716727
-0.138653659	0.216430158
-0.18323999	0.238716727
-0.206308414	0.238716727
-0.144853809	0.283289909
-0.175680664	0.261003318
-0.207671342	0.261003318
-0.124970557	0.216430158
-0.127151571	0.216430158
-0.177556868	0.238716727
-0.080747367	0.216430158
-0.077401562	0.194143567
-0.158938544	0.216430158
-0.109300197	0.216430158
-0.079227194	0.216430158
-0.007403165	0.194143567
-0.041215494	0.104997224
0.007245621	0.171856975
0.034476747	0.171856975
0.034287372	0.238716727
-0.000818341	0.862741056
0.018243444	0.885027669
-0.013202192	0.840454487
0.032125294	0.885027669
0.024523155	0.885027669
-0.004426525	0.885027669
-0.000327838	0.885027669
-0.004228403	0.885027669
0.013723741	0.862741056
-0.056153865	0.907314238
-0.046463718	0.885027669
0.006266177	0.929600852
0.038931741	0.885027669
0.037055542	0.862741056
-0.006515521	0.907314238
0.020780566	0.216430158
-0.003904038	0.3055765
0.007754341	0.327863069
-0.028040275	0.238716727
0.057355187	0.238716727
-0.037928542	0.261003318
0.020077892	0.238716727
-0.027180321	0.238716727
0.002033347	0.238716727
0.042748479	0.238716727
0.021187522	0.283289909
-0.031029079	0.283289909
0.033626528	0.238716727
0.021492349	0.261003318
-0.035086305	0.261003318
-0.022263142	0.261003318
0.055530179	0.261003318
0.018914097	0.261003318
-0.073634099	0.3055765
0.033613458	0.283289909
0.063635265	0.238716727
-0.00183883	0.261003318
0.017633867	0.238716727
0.048367711	0.238716727
-0.020091846	0.194143567
0.051385897	0.216430158
0.013364458	0.261003318
0.097650291	0.216430158
0.042513871	0.261003318
-0.00682027	0.238716727
-0.002458214	0.238716727
0.078177339	0.238716727
0.072798678	0.216430158
-0.015742865	0.238716727
0.081616166	0.238716727
0.040438926	0.238716727
0.090141542	0.238716727
0.0346618	0.216430158
0.025277099	0.216430158
0.050581084	0.149570406
0.09480842	0.216430158
-0.004944074	0.261003318
0.044694895	0.261003318
0.066505897	0.261003318
0.024061125	0.194143567
0.067406685	0.238716727
-0.019508954	0.238716727
0.061325353	0.238716727
0.084393163	0.238716727
-0.007637782	0.216430158
0.02933469	0.238716727
0.055641847	0.238716727
0.072230853	0.238716727
0.059911259	0.216430158
0.042407153	0.283289909
0.029385264	0.283289909
0.091754362	0.261003318
0.041442108	0.3055765
0.025171374	0.238716727
0.047379231	0.238716727
0.014621269	0.261003318
0.085765432	0.283289909
0.069597444	0.3055765
0.012334159	0.283289909
0.043321643	0.216430158
0.086426637	0.283289909
0.064458351	0.261003318
0.008235474	0.283289909
0.060609608	0.3055765
0.06684823	0.327863069
0.052652431	0.283289909
0.104217544	0.35014966
-0.00708327	0.238716727
0.111583084	0.261003318
0.066649115	0.327863069
0.058377393	0.261003318
0.034857201	0.327863069
0.044986023	0.283289909
0.027601712	0.283289909
0.053880853	0.261003318
0.058136822	0.283289909
0.084906469	0.283289909
0.007468538	0.3055765
0.05640483	0.327863069
0.072480775	0.283289909
-0.004190202	0.283289909
0.079125985	0.372436229
0.115839049	0.283289909
0.005948358	0.3055765
0.041746936	0.283289909
0.085659697	0.3055765
0.024006593	0.261003318
0.095206261	0.216430158
0.067153045	0.3055765
-0.034208308	0.216430158
-0.03111676	0.261003318
0.059500344	0.261003318
0.05762414	0.238716727
-0.003635705	0.3055765
0.114623431	0.261003318
0.038604183	0.194143567
0.068677191	0.194143567
0.041192169	0.261003318
0.034847465	0.261003318
0.079277492	0.216430158
0.027560258	0.3055765
0.032413169	0.327863069
0.067906298	0.327863069
0.006410466	0.3055765
0.044588547	0.283289909
0.089929353	0.283289909
-9.11508E-05	0.283289909
0.084601629	0.3055765
0.062129792	0.3055765
0.015744228	0.261003318
0.101389366	0.3055765
0.031303538	0.283289909
0.050323852	0.327863069
0.063649965	0.3055765
0.030693885	0.327863069
0.052652431	0.283289909
0.041612454	0.283289909
0.063649965	0.3055765
0.057462903	0.327863069
0.028817684	0.3055765
0.061168068	0.216430158
0.095667753	0.216430158
0.042911088	0.261003318
0.054583165	0.238716727
0.070803062	0.261003318
0.087392313	0.261003318
0.070341581	0.261003318
0.029376148	0.216430158
0.101578372	0.238716727
0.125528572	0.261003318
0.082263319	0.283289909
0.044181589	0.216430158
0.087485324	0.283289909
0.075059036	0.283289909
0.116698371	0.283289909
0.118430987	0.238716727
0.046150819	0.261003318
0.104776637	0.261003318
0.069892544	0.216430158
0.115483023	0.261003318
0.012999325	0.171856975
0.08575669	0.216430158
0.100122822	0.238716727
0.091532822	0.238716727
0.05762414	0.238716727
0.027195129	0.216430158
0.084485814	0.261003318
0.114110404	0.216430158
0.055484581	0.216430158
0.041497004	0.238716727
0.091615694	0.216708728
0.064093173	0.194422136
0.080618155	0.194422136
0.122506818	0.238995319
0.090451901	0.238995319
0.114126881	1.799056187
0.079903628	1.754483071
0.076401157	1.754483071
0.091761118	1.776769618
0.076401157	1.754483071
0.098311516	2.757379339
0.042130087	2.757379339
0.157492475	2.779665775
0.096990443	2.757379339
0.132746572	2.757379339
0.137465964	4.785458599
0.13336727	4.785458599
0.148066655	4.807745279
0.093973229	4.785458599
0.154202506	4.740885217
0.124790354	4.740885217
0.153712642	4.718598537
0.137613514	4.740885217
0.129919342	4.718598537
0.147303667	4.718598537
0.136888349	5.431769431
0.159955775	5.431769431
0.154484472	5.387196048
0.134245205	5.431769431
0.131509069	5.409482729
0.24847817	7.170122761
0.106791849	7.303842375
0.195124919	7.214696144
0.137570861	7.170122761
0.23260098	7.214696144
0.211840163	8.641037421
0.171272589	8.596464572
0.23552697	8.663324101
0.210518691	8.641037421
0.23907192	8.641037421
0.159581576	9.175915319
0.227486622	9.198202533
0.226626631	9.198202533
0.268359036	9.220488702
0.154872872	9.220488702
0.258165308	9.265062084
0.194067828	9.220488702
0.249745652	9.24277487
0.172164156	9.198202533
0.271200338	9.220488702
0.153246969	9.24277487
0.271556673	9.24277487
0.197358476	9.265062084
0.275299361	9.220488702
0.177488308	9.28734823
0.252742198	11.38228755
0.269581091	11.42686094
0.213704492	11.40457372
0.288960797	11.38228755
0.206394099	11.42686094
0.305169652	13.74466504
0.292651331	13.72237887
0.301112423	13.72237887
0.276233062	13.70009165
0.303187722	13.74466504
0.309823826	13.76695225
0.285498618	13.76695225
0.324786615	13.78923842
0.324189988	13.78923842
0.317489256	13.76695225
0.226020184	14.74756133
0.361409971	14.76984854
0.319280154	14.74756133
0.360749115	14.76984854
0.270543214	14.72527516
0.338731494	16.19618928
0.364811493	16.17390311
0.319618526	16.12932973
0.370328632	16.08475635
0.360241268	16.10704356
0.335811832	16.93164632
0.407062085	16.93164632
0.363492057	16.97621971
0.394530052	16.95393356
0.312836419	16.95393356
0.378203896	18.15740846
0.404524486	18.11283612
0.353763722	18.11283612
0.395190349	18.15740846
0.368463186	18.13512229
0.436977244	18.11283612
0.367090498	18.09054997
0.35167477	18.13512229
0.434491379	18.13512229
0.358772974	18.15740846
0.492046325	20.18548716
0.404114559	20.16320102
0.465726095	20.23006161
0.385658734	20.20777544
0.464468972	20.23006161
0.388034582	20.31920838
0.471460792	20.27463393
0.432862373	20.27463393
0.449848866	20.27463393
0.442404686	20.29692009
0.427830646	22.90445168
0.555567777	22.88216553
0.461646911	22.88216553
0.507846431	22.88216553
0.465057095	22.85987725
0.495661732	22.85987725
0.505258934	22.81530492
0.538372588	22.81530492
0.450399186	22.81530492
0.503937541	22.81530492
0.495001196	22.85987725
0.449272278	22.92673785
0.528220595	22.83759108
0.512606431	22.88216553
0.495001196	22.85987725
0.475189289	23.90734797
0.538270196	23.92963412
0.557543678	23.90734797
0.534517708	23.8850618
0.539434308	23.90734797
0.560998651	24.95481655
0.536756714	24.91024424
0.551664475	24.999391
0.508611435	24.97710272
0.488028896	24.95481655
0.569155023	24.97710272
0.53274663	25.04396332
0.586696468	24.999391
0.504711128	24.97710272
0.538421049	24.97710272
0.53584892	27.16118881
0.622621005	27.09432819
0.583505078	27.16118881
0.569004369	27.13890264
0.598019319	27.13890264
0.522752715	27.09432819
0.623322658	27.07204204
0.59733571	27.11661647
0.589640919	27.09432819
0.638419953	27.09432819
0.607086998	28.00807983
0.636763163	28.00807983
0.59598334	28.00807983
0.611671035	28.030366
0.618034054	27.98579157
0.655913016	29.36756104
0.613215613	29.36756104
0.704095384	29.36756104
0.599625493	29.38984719
0.637456992	29.41213336
0.630147617	29.43441953
0.678370742	29.41213336
0.60312793	29.38984719
0.662918169	29.36756104
0.633441119	29.36756104
0.705287998	29.36756104
0.683066472	29.41213336
0.664305548	29.47899395
0.691143405	29.36756104
0.63276733	29.41213336
0.731814689	30.30359671
0.675489003	30.23673823
0.66036568	30.30359671
0.745668194	30.28131055
0.665998584	30.2590244
0.714166741	31.50707268
0.671334971	31.50707268
0.694893299	31.52935883
0.70565086	31.57393328
0.697032468	31.551645
0.712845428	31.50707268
0.72414836	31.50707268
0.710756956	31.52935883
0.714984997	31.52935883
0.729620032	31.551645
0.733321145	31.551645
0.706658331	31.52935883
0.72368618	31.50707268
0.740788438	31.551645
0.730783746	31.52935883
0.806221202	34.07002984
0.755409342	34.0254575
0.832448821	34.00316922
0.782229516	34.07002984
0.730118459	34.04774367
0.814649341	35.87524483
0.853488032	35.85295655
0.821590185	35.87524483
0.902424346	35.87524483
0.776512743	35.87524483
0.958060953	35.74152364
0.904560242	35.83066827
0.91804354	35.83066827
0.913880167	35.83066827
0.952941046	35.83066827
1.002316148	35.83066827
0.947484144	35.85295655
0.903886093	35.87524483
0.936841868	35.85295655
0.959711756	35.85295655
0.920021837	36.45469347
0.934378957	36.41012115
1.010347175	36.43240943
0.939189494	36.45469347
0.990916373	36.43240943
1.015496223	37.85874911
0.999013664	37.83646083
0.992072501	37.83646083
0.972799139	37.85874911
1.059621681	37.83646083
1.163892976	40.33256162
1.042081195	40.33256162
1.110133032	40.31027333
1.07120165	40.31027333
1.078183929	40.28798505
1.166607375	39.12908354
1.109449861	39.08451122
1.119694945	39.08451122
1.101095093	39.06222294
1.077552015	39.1067995
1.183639137	43.40810681
1.228559139	43.38582278
1.232616487	43.40810681
1.277813606	43.34125046
1.197826123	43.38582278
1.313173452	44.65615723
1.289127636	44.72301782
1.317430315	44.67844551
1.286336513	44.76759014
1.280628122	44.63386895
1.285694538	44.21042554
1.270981581	44.23271382
1.386001176	44.18813726
1.258662476	44.21042554
1.311802959	44.21042554
1.309077303	43.56411631
1.322112312	43.51953975
1.330494385	43.45268338
1.292606641	43.49725571
1.34143709	43.54182803
1.356850542	43.20752927
1.311638973	43.20752927
1.32459646	43.20752927
1.343117033	43.16295693
1.333782817	43.20752927
1.396776222	47.10768145
1.470008883	47.10768145
1.366453412	47.06310914
1.394752818	47.12996973
1.4304487	47.01853682
1.440852181	46.6396615
1.402770591	46.57280513
1.477324724	46.57280513
1.340905531	46.57280513
1.444105565	46.59508917
1.475039612	46.19392982
1.427938286	46.2162181
1.399584591	46.2162181
1.45860791	46.2162181
1.465613183	46.2162181
1.50624351	45.97106397
1.422608485	45.94877994
1.469414891	46.01564053
1.414254276	45.92649166
1.423625936	45.97106397
1.561573221	49.47006105
1.569123945	49.42548449
1.554581361	49.42548449
1.485867829	49.44777277
1.549346727	49.47006105
1.614794421	48.33344357
1.562656778	48.40030418
1.497962272	48.35573185
1.61017789	48.40030418
1.558044717	48.35573185
1.59090828	48.31115528
1.589231051	48.28887125
1.563626166	48.26658297
1.588319944	48.24429894
1.498415271	48.28887125
1.69036329	51.78786408
1.659837693	51.8547247
1.665429041	51.83243642
1.661759544	51.74329177
1.678810466	51.74329177
1.72310055	50.13865858
1.672394395	50.07179796
1.725900775	50.16094262
1.728877441	50.16094262
1.709921593	50.1163703
1.768912977	49.51463336
1.710841961	49.53691742
1.745225473	49.4923451
1.71420105	49.47006105
1.727074548	49.51463336
1.805569466	53.61536313
1.848972554	53.48164616
1.847753114	53.57079082
1.801502537	53.52621848
1.890917008	53.45935788
1.899333331	52.90219328
1.886475641	52.70161574
1.837111077	52.879905
1.82378506	52.90219328
1.822569292	52.879905
1.871264816	51.54270998
1.890192242	51.56499826
1.860160999	51.54270998
1.903874815	51.56499826
1.872587406	51.54270998
1.859656904	51.56499826
1.936540061	51.52042592
1.835928682	51.56499826
1.881772566	51.54270998
1.894845977	51.58728654
1.918232494	51.52042592
1.836432298	51.54270998
1.860423984	51.54270998
1.935379701	51.43127704
1.846981563	51.52042592
1.975187221	56.20060857
2.018190162	56.17832029
2.035929923	56.20060857
2.03766256	56.15603626
2.028171622	56.17832029
2.034794792	55.04170705
2.097930069	54.99713049
2.024194431	55.01941877
2.099344472	55.01941877
1.994777299	55.13085168
2.191273668	58.16182881
2.117787283	58.22868516
2.100746421	58.29554576
2.179149366	58.25097344
2.109262062	58.22868516
2.177239171	57.3372218
2.119274179	57.3372218
2.174041515	57.31493777
2.111867483	57.44865472
2.180187096	57.31493777
2.154232362	56.75777317
2.18991084	56.80234549
2.153253074	56.82463377
2.222428546	56.80234549
2.154112765	56.82463377
2.2645793	60.27905428
2.291454083	60.256766
2.279888485	60.256766
2.195061485	60.23447772
2.309207417	60.23447772
2.412902763	61.48252811
2.34357049	61.48252811
2.376591173	61.46023983
2.400730718	61.41566752
2.306159056	61.48252811
2.39481986	60.70249769
2.370764463	60.70249769
2.365301494	60.72478597
2.359364129	60.79164232
2.38892449	60.74707
2.451975298	59.766462
2.425562296	59.78874603
2.421597081	59.78874603
2.353599373	59.74417371
2.37907061	59.766462
2.438921526	58.47383929
2.459808647	58.47383929
2.433500711	58.47383929
2.413566214	58.49612757
2.459650888	58.45155101
2.423136989	58.28886013
2.466140409	58.26657609
2.423760042	58.1997155
2.430950538	58.24428781
2.454374898	58.26657609
2.44341862	58.22199953
2.416251313	58.22199953
2.425526529	58.35572072
2.447886653	58.1997155
2.440534726	58.24428781
2.414926327	58.33343244
2.421825097	58.35572072
2.474453742	58.31114841
2.397529229	58.378009
2.49799227	58.378009
2.636705996	63.05819165
2.548972587	63.03590337
2.573561139	63.03590337
2.580672596	63.01361509
2.496692034	63.03590337
2.824421504	66.89148324
2.749866572	66.89148324
2.784712503	66.84691092
2.703429495	66.80233436
2.779850072	66.75776205
2.827839832	65.55428819
2.799804689	65.4874276
2.804208213	65.46513931
2.826083404	65.46513931
2.729164356	65.44285528
2.857651202	63.65992857
2.830512476	63.6822126
2.888384218	63.65992857
2.853077464	63.70450088
2.757344164	63.6822126
2.828945423	63.23480951
2.833191507	63.1902372
2.897197014	63.21252548
2.839023487	63.14566486
2.886740521	63.2570978
2.816584004	62.54392795
2.877882057	62.566212
2.87596276	62.566212
2.846486708	62.566212
2.866066088	62.52163967
2.987008597	67.38011582
2.984734502	67.35782754
3.003029454	67.40239986
3.018464303	67.49154876
2.957291435	67.40239986
3.092004339	69.58648594
3.101633076	69.45276898
3.069097646	69.49734131
3.060452828	69.56420191
3.08733767	69.60877423
3.177457426	71.63685082
3.144814055	71.70371566
3.186033584	71.68142738
3.218842059	71.70371566
3.176238146	71.72599547
3.185305145	69.89850067
3.23470324	69.9207847
3.227993367	69.83164007
3.211931313	69.83164007
3.253916325	69.78706776
3.431751767	73.70950822
3.379220843	73.66493166
3.344637099	73.70950822
3.467812826	73.68721994
3.366134179	73.66493166
3.556945151	76.00502297
3.530107892	76.1164559
3.470635566	76.07187934
3.582098794	76.09416762
3.514696994	76.04959953
3.758045277	77.63194021
3.710588194	77.63194021
3.718031616	77.60966042
3.71321613	77.67651677
3.703446878	77.63194021
3.897742923	80.35090686
3.914624429	80.37319512
3.919753837	80.35090686
3.837810093	80.3063303
3.908283405	80.26176221
4.022479316	78.12224846
3.883838401	78.14453674
3.935208805	78.09996018
3.983378678	78.14453674
3.918064792	78.0776719
3.932748529	76.36161001
4.04903395	76.38389829
3.955617219	76.36161001
3.974784636	76.36161001
4.028345465	76.38389829
4.124394283	80.97492781
4.146048164	80.952648
4.081803144	80.952648
4.140522442	80.97492781
4.100771926	80.952648
4.274884699	83.93904857
4.304389812	83.96133685
4.304666369	83.91676029
4.231527118	83.93904857
4.313922105	83.91676029
4.45968773	87.08145861
4.521552949	87.08145861
4.510461906	87.03688205
4.414610128	87.08145861
4.513900353	87.03688205
4.627721985	89.15410752
4.648581321	89.13181924
4.64111299	89.13181924
4.580370607	89.13181924
4.664813908	89.10953095
4.724715122	87.86148903
4.638502938	87.83920077
4.681556178	87.86148903
4.680803149	87.83920077
4.585769547	87.90605712
4.730421915	85.81111994
4.74498845	85.83340822
4.658363347	85.85569648
4.720335549	85.83340822
4.781697472	85.85569648
4.704940299	84.91965656
4.733095198	84.91965656
4.722879814	84.94194484
4.734196638	84.89736828
4.790188044	84.96423312
4.917845217	89.62212749
4.862273438	89.57755092
4.883737625	89.62212749
4.908765444	89.59983921
4.89116923	89.64441577
5.014445553	91.93993052
5.002944145	91.93993052
4.999705292	91.93993052
5.002879317	91.93993052
5.016931378	91.91764224
4.995814645	90.62502376
5.077665458	90.64731204
5.000176334	90.62502376
5.042768111	90.64731204
5.080257626	90.60273547
5.101560221	94.16858892
5.15991993	94.16858892
5.140439549	94.12401236
5.153483421	94.14630064
5.233501801	94.12401236
5.130429827	93.41084676
5.122774356	93.47770311
5.148618116	93.47770311
5.177277908	93.45541483
5.198229218	93.45541483
5.306499579	97.17727775
5.378159598	97.13270118
5.2999695	97.13270118
5.339310289	97.08813312
5.331867826	97.1104214
5.436243708	98.60361742
5.483317251	98.55904936
5.422602332	98.58132914
5.450691764	98.58132914
5.422162905	98.60361742
5.600644712	100.5648419
5.523169001	100.4979771
5.509023689	100.4979771
5.601665357	100.4756888
5.584571801	100.4979771
5.636653399	98.31389523
5.593387791	98.33618351
5.61488519	98.29160695
5.617841099	98.33618351
5.537868066	98.33618351
5.804409499	102.8380684
5.755935924	102.8157801
5.836214894	102.7935003
5.776069696	102.7935003
5.729417058	102.8603567
5.875063884	99.96310075
5.81219271	100.0076773
5.769535146	99.98538903
5.861472965	99.98538903
5.85919855	99.96310075
6.120408746	104.8215727
6.053918692	104.8215727
6.040897494	104.8215727
6.161586439	104.8215727
6.067508972	104.7992929
6.481796003	107.986271
6.440701341	107.9416944
6.526556809	107.9416944
6.49934112	107.8971263
6.475032159	107.8525498
6.547237949	106.2702006
6.466801219	106.2702006
6.551945814	106.2256325
6.513264802	106.2702006
6.45464099	106.2702006
6.492326267	105.5347467
6.585482088	105.557035
6.533001303	105.557035
6.528020073	105.5347467
6.56767702	105.5347467
6.543548811	105.2450245
6.531426905	105.2227363
6.583760789	105.2673043
6.548876217	105.2227363
6.45541829	105.2227363
6.561231888	103.9596432
6.529136523	103.9819315
6.601045955	103.9819315
6.599064066	103.9819315
6.502869943	103.9596432
6.606875379	103.6476327
6.562352169	103.669921
6.602776196	103.6476327
6.624273595	103.6030561
6.523462942	103.6476327
6.579195354	103.6030561
6.544312059	103.5584881
6.544801304	103.5807679
6.585581726	103.5807679
6.595732601	103.5584881
6.601570328	103.0013235
6.659685096	102.9567469
6.56023743	102.9790352
6.53184206	103.0013235
6.613441226	102.9790352
6.570199889	100.4553519
6.599055762	100.4330721
6.700685869	100.4107838
6.664623532	100.4330721
6.653362594	100.4107838
6.637218148	97.87011495
6.586549358	97.89239474
6.643747589	97.91468302
6.715816057	97.9369713
6.633452367	97.87011495
6.612617301	93.50194278
6.563973831	93.50194278
6.570357009	93.4796545
6.590393699	93.54651087
6.566614221	93.50194278
6.402071426	88.66575068
6.467242562	88.66575068
6.451868389	88.68803896
6.390772166	88.66575068
6.341025021	88.68803896
6.313104844	89.86922451
6.343838499	89.86922451
6.424621404	89.82465644
6.419436429	89.91380107
6.359199897	89.89151279
6.354843956	89.95837763
6.397330348	90.0029457
6.409800347	89.98065742
6.3729952	90.04752226
6.423200294	90.02523398
6.166251512	84.49816456
6.270111324	84.52044435
6.218932211	84.49816456
6.171170148	84.52044435
6.248407624	84.49816456
6.036841743	80.15228069
6.05656483	80.17456048
6.053324061	80.17456048
6.015912788	80.17456048
5.970918217	80.12999241
5.929257665	76.56413896
5.926509335	76.58642724
5.9283852	76.60870705
5.852785353	76.56413896
5.907248667	76.56413896
5.681282632	71.48279273
5.697764951	71.50508101
5.754975318	71.48279273
5.686305377	71.48279273
5.646300977	71.5273693
5.473870863	66.84718667
5.505160187	66.86947495
5.475615155	66.86947495
5.463336767	66.82490261
5.509826537	66.84718667
5.412082287	68.40724754
5.415386287	68.40724754
5.484150117	68.42953582
5.480225938	68.40724754
5.461720214	68.40724754
5.383529158	68.69697398
5.417158044	68.74154629
5.478007729	68.71926226
5.447010291	68.71926226
5.41197754	68.71926226
5.233373422	62.52359106
5.2301978	62.52359106
5.206205635	62.52359106
5.251786853	62.50130277
5.268113329	62.50130277
5.04666802	57.73197552
5.025426421	57.70968724
4.961218446	57.79883611
5.057971431	57.73197552
5.086376382	57.77654783
4.96877875	56.10505403
4.975520878	56.10505403
4.968381797	56.10505403
4.976801793	56.12734231
4.958229006	56.12734231
4.93306163	57.17481092
4.952586401	57.19709495
4.973486296	57.15252264
4.951213514	57.15252264
4.894065101	57.17481092
4.812004474	53.76496272
4.79877027	53.80953503
4.851818222	53.787251
4.853033351	53.80953503
4.755370535	53.83182331
4.612015049	48.97334716
4.6439501	49.04020775
4.640659193	48.99563544
4.570515131	49.15164069
4.614893994	49.06249181
4.400953742	44.38230916
4.360738571	44.47145804
4.401915625	44.47145804
4.435399526	44.44916976
4.319363199	44.47145804
4.36888137	45.92008599
4.390336615	45.89779771
4.369583941	45.89779771
4.330942849	45.92008599
4.353072881	45.8532254
4.367251085	46.05380296
4.362995101	46.03151893
4.407781456	46.00923065
4.366789943	46.05380296
4.320904065	46.09837952
4.11366219	39.94728066
4.104583055	39.92499238
4.144807487	39.90270832
4.165744745	39.94728066
4.093080688	39.92499238
3.882484355	36.13627308
3.91169822	36.13627308
3.97999963	36.15856137
3.934857839	36.15856137
3.912648927	36.15856137
3.694650688	31.85724981
3.694535083	31.81267749
3.727289587	31.90182426
3.741951608	31.83496366
3.73551446	31.81267749
3.486357511	27.08792255
3.508975191	27.0433481
3.410139082	27.02106196
3.411760744	27.1102087
3.510598769	27.13249487
3.12821198	20.64709936
3.154731805	20.60252491
3.172987157	20.55795259
3.145137557	20.53566642
3.096677714	20.46880583
3.124917241	20.71395784
3.175530784	20.75853227
3.119284537	20.75853227
3.086369399	20.75853227
3.184454076	20.75853227
3.088327018	22.51917284
3.078041376	22.54145898
3.107850511	22.54145898
3.108206587	22.56374515
3.055462976	22.56374515
3.074787833	22.58603132
3.062583854	22.60831747
3.047252474	22.60831747
3.082084673	22.60831747
3.12052681	22.58603132
3.083202719	22.7197504
3.051568496	22.74203868
3.017599183	22.63060575
3.068250728	22.76432483
3.073208326	22.76432483
2.896886925	17.86127635
2.87904098	17.86127635
2.871981098	17.92813484
2.91974316	17.90584867
2.932723162	17.92813484
2.682994895	13.33709895
2.672025205	13.33709895
2.67643799	13.38167234
2.716662422	13.35938619
2.713715136	13.38167234
2.407288102	8.857496003
2.456320541	8.79063594
2.480561799	8.835209323
2.465663459	8.81292262
2.443336547	8.879782705
2.360353317	7.252861752
2.330636634	7.275148432
2.340682443	7.275148432
2.384900354	7.275148432
2.37810713	7.23057505
2.218350759	4.712191274
2.197265482	4.712191274
2.156550048	4.712191274
2.147456543	4.734477976
2.199539258	4.734477976
2.150279282	5.982526791
2.189340001	5.982526791
2.094097064	5.982526791
2.105150584	5.937953408
2.187200352	5.960240089
1.967152043	3.08527061
1.968011415	3.08527061
2.048078336	3.10755729
2.028712282	3.10755729
2.024100063	3.062984174
1.942652589	3.909874148
1.976837624	3.865301033
1.97904721	3.887587735
1.981029419	3.887587735
2.008879498	3.909874148
1.881414095	4.58181501
1.955852783	4.53724165
1.986425804	4.626387881
2.000635145	4.626387881
1.934753933	4.58181501
1.860501746	2.954894079
1.967957604	2.999467462
1.949081115	3.021753875
1.915717609	2.97718076
1.940568987	2.97718076
1.901727821	4.604101179
1.914814166	4.604101179
1.910718975	4.492668268
1.860211616	4.425808717
1.89687018	4.403522037
1.979655733	3.400625747
1.872094329	3.378339333
1.8546043	3.400625747
1.922920081	3.378339333
1.951962774	3.400625747
1.866378594	3.467485564
1.944875109	3.445199129
1.92868324	3.445199129
1.889487755	3.445199129
1.944875109	3.445199129
1.924427415	3.422912449
1.914750296	3.400625747
1.858000752	3.422912449
1.931274609	3.400625747
1.962470524	3.400625747
1.891829871	3.356052631
1.939999106	3.400625747
1.931473724	3.400625747
1.912966564	3.400625747
1.941782838	3.400625747
1.915734215	3.51205868
1.870080026	3.467485564
1.892034256	3.53434536
1.875971564	3.53434536
1.83357954	3.51205868
1.795748959	3.430712695
1.772773446	3.452999397
1.822268304	3.386139579
1.800601171	3.452999397
1.817190312	3.452999397
1.844525438	4.344462753
1.834585813	4.322176073
1.868623149	4.322176073
1.814914301	4.344462753
1.867712361	4.277602958
1.807455071	1.7146458
1.813296631	1.736932346
1.771352177	1.759218915
1.773482085	1.7146458
1.779415617	1.759218915
1.704066621	1.759218915
1.71917685	1.736932346
1.7560984	1.7146458
1.74980464	1.759218915
1.800473271	1.736932346
1.811314422	1.736932346
1.827441783	1.736932346
1.773838161	1.736932346
1.782008105	1.7146458
1.760908936	1.759218915
1.786412108	1.692359231
1.750613235	1.7146458
1.742498698	1.670072551
1.722827825	1.692359231
1.719985286	1.692359231
1.731881412	0.087725136
1.756627404	0.110011704
1.733651571	0.132298296
1.741822154	0.110011704
1.722348639	0.132298296
1.766326238	0.154584887
1.717639976	0.176871478
1.704766477	0.132298296
1.677679007	0.199158047
1.659424932	0.132298296
1.679096445	-5.729073417
1.710500735	-5.684500035
1.688481518	-5.729073417
1.693739783	-5.706786715
1.698753906	-5.751360098
1.645493905	-5.394774662
1.700644301	-5.417061342
1.69734062	-5.417061342
1.713477242	-5.372487959
1.69734062	-5.417061342
1.507378162	-6.887975467
1.515233706	-6.93254885
1.532654595	-6.910262147
1.543758892	-6.910262147
1.572339166	-6.93254885
1.605605589	-6.687396303
1.540011633	-6.665109623
1.578781424	-6.642823454
1.525432164	-6.687396303
1.535649624	-6.665109623
1.541350829	-6.731969685
1.560689738	-6.709683005
1.580744631	-6.731969685
1.546771804	-6.731969685
1.555523924	-6.754256388
1.392110032	-8.893768025
1.367919391	-8.893768025
1.380780115	-8.871481856
1.389902043	-8.871481856
1.393167881	-8.893768025
1.42250789	-8.782335092
1.446046737	-8.737762243
1.436661504	-8.737762243
1.455232535	-8.737762243
1.419240615	-8.760048945
1.43686046	-8.581755949
1.431403079	-8.604042652
1.406325122	-8.581755949
1.380840632	-8.604042652
1.389338549	-8.581755949
1.327048992	-8.559469269
1.387864267	-8.51489642
1.381312792	-8.559469269
1.432299176	-8.581755949
1.403520745	-8.559469269
1.427276751	-8.581755949
1.465621965	-8.537183101
1.413104614	-8.559469269
1.416380671	-8.537183101
1.396977253	-8.559469269
1.407429755	-8.51489642
1.402199113	-8.559469269
1.416750479	-8.51489642
1.415257994	-8.537183101
1.384325385	-8.537183101
1.275386223	-11.36757895
1.304401452	-11.36757895
1.269938503	-11.34529278
1.292211524	-11.34529278
1.229223308	-11.34529278
1.243040727	-10.87727388
1.201827026	-10.89956112
1.205990399	-10.89956112
1.247338306	-10.87727388
1.243600947	-10.89956112
1.258342087	-10.58754851
1.274667764	-10.58754851
1.22566271	-10.56526234
1.216476034	-10.56526234
1.206522756	-10.58754851
1.098526158	-13.64081071
1.129259413	-13.64081071
1.117269079	-13.6185235
1.124897325	-13.64081071
1.121802339	-13.59623735
1.054541134	-13.03907275
1.037147548	-13.08364614
1.041283377	-13.0613589
1.05604256	-12.9722132
1.101799181	-13.03907275
1.108070507	-12.92763982
1.11268592	-12.9722132
1.091915602	-12.90535367
1.131627158	-12.94992599
1.089798867	-12.90535367
1.016907033	-16.07004775
1.022827393	-16.04776158
0.989450394	-16.04776158
0.981150554	-16.07004775
0.986635319	-16.07004775
0.888992943	-15.26773113
0.91605223	-15.2900173
0.942133426	-15.26773113
0.97746485	-15.24544499
0.963707709	-15.2900173
0.889440672	-18.41013906
0.856308136	-18.34328058
0.856298556	-18.38785289
0.879828541	-18.38785289
0.865656005	-18.36556675
0.739980881	-17.56324909
0.777456823	-17.56324909
0.795737723	-17.54096292
0.839095942	-17.54096292
0.839095942	-17.54096292
0.72410924	-20.70565806
0.721702056	-20.68337189
0.727122312	-20.68337189
0.756968332	-20.66108361
0.747186147	-20.66108361
0.652040093	-22.26571893
0.654891294	-22.2211445
0.67029325	-22.2211445
0.645903773	-22.2211445
0.664609769	-22.2211445
0.552179068	-21.32968114
0.541075451	-21.32968114
0.554558829	-21.32968114
0.597700807	-21.26282266
0.631257121	-21.35196943
0.600912475	-21.24053649
0.652162684	-21.26282266
0.627537646	-21.28510881
0.679629702	-21.24053649
0.633194062	-21.26282266
0.651682141	-21.19596206
0.627491619	-21.19596206
0.666117822	-21.21824821
0.636903677	-21.21824821
0.63165567	-21.19596206
0.646659236	-21.19596206
0.652606261	-21.19596206
0.63102148	-21.21824821
0.630596544	-21.19596206
0.57131028	-21.19596206
0.62772706	-21.01767065
0.611138079	-21.01767065
0.657763652	-21.03995682
0.610025461	-20.97309622
0.622006854	-21.03995682
0.533648396	-23.04574937
0.544752612	-23.04574937
0.549946968	-23.02346321
0.603812537	-23.02346321
0.588318648	-23.00117492
0.435657887	-25.54184594
0.473503278	-25.51955977
0.463693189	-25.49727362
0.499214826	-25.51955977
0.475657377	-25.49727362
0.388112504	-27.1019068
0.352817406	-27.1019068
0.347342781	-27.05733449
0.356953515	-27.07962066
0.375470615	-27.03504832
0.369140728	-26.52245606
0.382624426	-26.52245606
0.403151159	-26.50016989
0.405068739	-26.50016989
0.449142742	-26.5447422
0.390866024	-25.72013944
0.374078286	-25.72013944
0.38891124	-25.74242561
0.377119222	-25.72013944
0.42007961	-25.72013944
0.250826414	-29.30827904
0.313154073	-29.30827904
0.283940367	-29.30827904
0.337117776	-29.28599289
0.312002834	-29.28599289
0.188840021	-31.15806637
0.222198257	-31.247211
0.200368474	-31.18035252
0.222641835	-31.18035252
0.21432467	-31.13577809
0.17642036	-30.37803592
0.177361965	-30.44489441
0.130011954	-30.42260824
0.170501018	-30.40032209
0.182266111	-30.40032209
0.178561245	-29.66486396
0.191357201	-29.64257782
0.169601328	-29.68715013
0.187909832	-29.68715013
0.158216243	-29.62029165
0.090830321	-32.11638821
0.156660058	-32.11638821
0.121355669	-32.16096264
0.179094202	-32.13867436
0.119174276	-32.16096264
0.07165707	-33.74330967
0.09733093	-33.76559584
0.072715747	-33.74330967
0.036759552	-33.74330967
0.063765645	-33.72102353
-0.054448688	-35.32565671
-0.008900147	-35.2810844
-0.024809999	-35.34794288
-0.009995551	-35.30337056
-0.04793308	-35.30337056
-0.055036253	-33.65416293
-0.035804127	-33.65416293
-0.054546519	-33.67644908
-0.089406686	-33.65416293
-0.123417246	-33.67644908
-0.124323014	-33.58730231
-0.104258032	-33.56501617
-0.098611446	-33.58730231
-0.033442543	-33.58730231
-0.05459295	-33.58730231
-0.100639601	-33.34215032
-0.107418444	-33.36443649
-0.011515325	-33.36443649
-0.064258911	-33.36443649
-0.076476124	-33.31986415
-0.175262395	-36.28398069
-0.154773455	-36.28398069
-0.157652609	-36.30626472
-0.152449212	-36.23940835
-0.150873157	-36.28398069
-0.223994544	-39.00294307
-0.293063792	-39.00294307
-0.259279841	-38.95837076
-0.305017242	-38.95837076
-0.250319884	-38.93608247
-0.277494996	-40.2955658
-0.318699834	-40.27327752
-0.326329118	-40.25099346
-0.33769612	-40.25099346
-0.29740676	-40.22870518
-0.333120506	-39.58239595
-0.274060062	-39.56010767
-0.334459981	-39.51553536
-0.347954057	-39.56010767
-0.31312116	-39.56010767
-0.325179496	-38.64635603
-0.314509576	-38.66864431
-0.351749818	-38.64635603
-0.384212156	-38.6909326
-0.3342737	-38.66864431
-0.349271099	-40.98644735
-0.407470973	-41.00873563
-0.426666613	-40.98644735
-0.414666339	-40.96416331
-0.462783879	-40.96416331
-0.442260619	-43.1482494
-0.475147614	-43.17053343
-0.461862672	-43.17053343
-0.459311341	-43.1482494
-0.491103882	-43.1482494
-0.588530857	-44.61916139
-0.569164524	-44.61916139
-0.51449491	-44.57458908
-0.551942629	-44.59687736
-0.549697396	-44.59687736
-0.580899218	-43.43797159
-0.622302732	-43.41568756
-0.56149588	-43.41568756
-0.533812382	-43.46025988
-0.54054481	-43.41568756
-0.55350577	-43.1482494
-0.631904684	-43.19282172
-0.64914554	-43.1482494
-0.606448057	-43.1482494
-0.599904964	-43.1482494
-0.584460216	-42.5019359
-0.60491278	-42.47965187
-0.619556517	-42.5019359
-0.588225398	-42.5019359
-0.599266343	-42.5019359
-0.592297077	-42.52422418
-0.630027382	-42.47965187
-0.603563524	-42.5019359
-0.637139557	-42.5019359
-0.625202515	-42.47965187
-0.578174599	-41.72190548
-0.628971889	-41.74419376
-0.65032055	-41.74419376
-0.670320554	-41.76647779
-0.694510557	-41.76647779
-0.758970739	-46.95925271
-0.748120327	-46.91468039
-0.747168183	-46.93696867
-0.810817614	-46.93696867
-0.83655479	-46.91468039
-0.930664113	-49.18791111
-0.914772433	-49.21019939
-0.908030464	-49.21019939
-0.914393284	-49.14333879
-0.853559566	-49.16562707
-0.895629685	-47.98443725
-0.931377063	-47.93986494
-0.901928475	-47.91757666
-0.933295401	-47.93986494
-0.867700167	-47.962149
-0.955026804	-47.42727268
-0.917398452	-47.33812378
-0.909741065	-47.38270034
-0.952466092	-47.36041206
-0.92712523	-47.38270034
-0.955726262	-49.65593106
-0.978161753	-49.63364277
-0.990549758	-49.61135874
-0.957181622	-49.65593106
-0.950703038	-49.65593106
-1.047944789	-51.90687349
-1.042976414	-51.86230118
-1.0416555	-51.86230118
-1.087195202	-51.86230118
-1.113131733	-51.84001714
-1.167760949	-53.44465035
-1.178856464	-53.40007801
-1.227011407	-53.42236207
-1.209391562	-53.40007801
-1.118312796	-53.40007801
-1.17816515	-52.37489346
-1.217133257	-52.39718174
-1.228926552	-52.37489346
-1.16527752	-52.37489346
-1.169006257	-52.35260518
-1.21688568	-51.28285254
-1.202261423	-51.34970889
-1.240415027	-51.28285254
-1.180693847	-51.26056426
-1.200532619	-51.30513658
-1.315935195	-54.09095958
-1.330741163	-54.09095958
-1.267544571	-54.04638726
-1.277164287	-54.06867555
-1.262331573	-54.09095958
-1.462737112	-56.87678258
-1.467118282	-56.80992196
-1.458629466	-56.83221025
-1.373433456	-56.83221025
-1.411398324	-56.80992196
-1.520401915	-58.01340004
-1.518202548	-58.08026066
-1.495615046	-58.01340004
-1.537227056	-58.0356841
-1.496437373	-57.99111176
-1.566535609	-56.96593146
-1.515302526	-56.9213549
-1.545186069	-56.96593146
-1.529538852	-56.89907086
-1.521656643	-56.96593146
-1.571879301	-55.87388629
-1.586729898	-55.94074689
-1.540295535	-55.91845861
-1.541209517	-55.87388629
-1.54046559	-55.94074689
-1.586437373	-54.75955709
-1.617198651	-54.73727306
-1.576247377	-54.71498478
-1.571224313	-54.71498478
-1.576815821	-54.73727306
-1.623269504	-54.69269649
-1.616131063	-54.69269649
-1.547033512	-54.71498478
-1.558364547	-54.69269649
-1.580544877	-54.71498478
-1.723569995	-58.50370405
-1.716818925	-58.45913173
-1.641414362	-58.50370405
-1.685289769	-58.45913173
-1.693298601	-58.50370405
-1.78249703	-60.26434248
-1.791023529	-60.26434248
-1.793573863	-60.28663076
-1.812081023	-60.28663076
-1.813817971	-60.21977016
-1.938045798	-62.55986148
-1.918208862	-62.51528916
-1.922172162	-62.51528916
-1.907621914	-62.47071685
-1.856199775	-62.47071685
-1.920903861	-61.11123352
-1.912244193	-61.11123352
-1.919646099	-61.11123352
-1.915709466	-61.08894949
-1.907157259	-61.11123352
-1.98315805	-63.4290408
-1.981375755	-63.4290408
-2.021494163	-63.4290408
-2.021267903	-63.45132486
-1.984444553	-63.40675252
-2.107103891	-64.94452513
-2.112287908	-64.92224109
-2.142360986	-64.92224109
-2.109020633	-64.94452513
-2.110370208	-64.92224109
-2.230575018	-66.25943612
-2.212530117	-66.25943612
-2.202313615	-66.23714784
-2.175977737	-66.25943612
-2.207363665	-66.2148638
-2.24435627	-64.92224109
-2.208899421	-64.94452513
-2.218681766	-64.94452513
-2.210780396	-64.92224109
-2.256809822	-64.89995281
-2.264928351	-64.69937525
-2.291724254	-64.67708697
-2.286448583	-64.72165928
-2.242058702	-64.69937525
-2.205470076	-64.67708697
-2.244235715	-62.56905424
-2.271240473	-62.59134252
-2.284525135	-62.59134252
-2.292842938	-62.54677021
-2.288263133	-62.6136308
-2.29250283	-61.61073451
-2.264609958	-61.61073451
-2.309516708	-61.58844623
-2.338504633	-61.61073451
-2.300303924	-61.61073451
-2.467594891	-66.02347475
-2.454338172	-66.00119072
-2.405522094	-65.97890244
-2.472608854	-65.97890244
-2.454734965	-66.00119072
-2.653109914	-69.29960599
-2.613225909	-69.32189002
-2.611045224	-69.32189002
-2.57990344	-69.27731771
-2.647651895	-69.27731771
-2.77747123	-71.48369207
-2.753044748	-71.46140379
-2.768085838	-71.48369207
-2.796033479	-71.43911551
-2.766764046	-71.48369207
-2.943171991	-73.64548563
-2.954067911	-73.60091754
-2.931407118	-73.64548563
-2.951065058	-73.62319735
-2.981128716	-73.57862926
-3.154540833	-75.49527719
-3.136205643	-75.51755697
-3.12059579	-75.47298891
-3.12105789	-75.47298891
-3.085699082	-75.47298891
-3.137031483	-73.28889857
-3.172959693	-73.31118685
-3.192977861	-73.26661879
-3.229603532	-73.31118685
-3.21375704	-73.24433051
-3.33057897	-75.53984526
-3.344534268	-75.58442182
-3.366344311	-75.58442182
-3.332560859	-75.53984526
-3.35890568	-75.56213354
-3.544823563	-77.9913695
-3.481401191	-77.96908122
-3.488867606	-77.96908122
-3.50694987	-77.9913695
-3.487972147	-77.94680141
-3.573026684	-75.22783478
-3.536032163	-75.16097843
-3.490899633	-75.2055465
-3.551508208	-75.2055465
-3.556096317	-75.18325822
-3.658751219	-78.43710117
-3.684661404	-78.43710117
-3.638234865	-78.45938945
-3.675539156	-78.43710117
-3.682517284	-78.45938945
-3.847553796	-82.51555113
-3.851237824	-82.5824075
-3.875163883	-82.5824075
-3.896058668	-82.62698406
-3.846988865	-82.64926385
-4.026308329	-84.07561202
-4.058153323	-84.03103546
-4.01149302	-84.03103546
-4.062451461	-84.03103546
-4.056569344	-84.03103546
-4.241338524	-86.32655021
-4.277492515	-86.32655021
-4.221906684	-86.32655021
-4.189480472	-86.3042704
-4.207356117	-86.28198212
-4.227480947	-86.41570333
-4.279533484	-86.43798312
-4.260094618	-86.39341505
-4.272990631	-86.43798312
-4.247507099	-86.41570333
-4.289871818	-84.16475665
-4.305111863	-84.18704493
-4.329726442	-84.16475665
-4.347175116	-84.16475665
-4.326922545	-84.18704493
-4.458554035	-87.10658065
-4.478004397	-87.03972428
-4.458872428	-87.06201256
-4.408962094	-87.017436
-4.424410037	-87.08430085
-4.573408766	-88.91179565
-4.615183964	-88.91179565
-4.611256911	-88.93408393
-4.556810523	-88.86722756
-4.545336579	-88.84493928
-4.555353007	-87.50774425
-4.619860852	-87.50774425
-4.64879337	-87.5746006
-4.584537812	-87.53003254
-4.573235997	-87.53003254
-4.604125175	-87.03972428
-4.619827001	-87.06201256
-4.618215878	-87.08430085
-4.62085052	-87.03972428
-4.580133968	-87.03972428
-4.648777722	-86.90600309
-4.611708153	-86.95057965
-4.615039937	-86.92829137
-4.61461552	-86.95057965
-4.613681739	-86.90600309
-4.631956892	-86.6162809
-4.615736441	-86.63856918
-4.658660023	-86.6162809
-4.649999876	-86.6162809
-4.596888693	-86.59399262
-4.602865018	-85.52423998
-4.639047431	-85.5019517
-4.734224741	-85.5019517
-4.673680675	-85.5019517
-4.63600434	-85.5019517
-4.853180571	-89.66953781
-4.801152625	-89.62496972
-4.768011706	-89.647258
-4.786346896	-89.62496972
-4.832521148	-89.647258
-4.934427493	-92.07649397
-4.907558937	-92.05420569
-4.97053869	-92.00962913
-4.987335569	-92.05420569
-4.951179982	-92.05420569
-5.045366028	-93.79255584
-4.997817292	-93.81484412
-5.041862433	-93.79255584
-5.10372893	-93.79255584
-5.060541564	-93.81484412
-5.065099015	-92.76737976
-5.068394074	-92.7228032
-5.093018234	-92.74509148
-5.093814694	-92.74509148
-5.096484783	-92.7228032
-5.214028445	-95.75378031
-5.173049707	-95.75378031
-5.207947692	-95.75378031
-5.257812358	-95.73149203
-5.23011924	-95.73149203
-5.334278603	-98.31673747
-5.376569872	-98.2721609
-5.367810087	-98.24987262
-5.359121198	-98.2721609
-5.348903579	-98.24987262
-5.411742498	-95.48633792
-5.419975993	-95.5086262
-5.416047343	-95.53091449
-5.410601778	-95.55320277
-5.400185203	-95.53091449
-5.609639539	-98.4281704
-5.54011821	-98.47273847
-5.548668501	-98.45045868
-5.573719632	-98.45045868
-5.527058052	-98.45045868
-5.69740664	-100.2779535
-5.651404837	-100.2779535
-5.669946967	-100.3002417
-5.691777768	-100.2333854
-5.70216624	-100.2779535
-5.793461525	-102.3728907
-5.888212822	-102.395179
-5.883904145	-102.3506109
-5.826338021	-102.3506109
-5.784556755	-102.3060343
-5.806923427	-101.2362817
-5.858118507	-101.2585615
-5.929794174	-101.2362817
-5.862046518	-101.2362817
-5.825003136	-101.2585615
-5.865717772	-100.2110971
-5.882241606	-100.2110971
-5.897671984	-100.1888088
-5.897707112	-100.2110971
-5.888559636	-100.2333854
-6.133283681	-104.7798468
-6.081835675	-104.8021351
-6.067257324	-104.7798468
-6.104070135	-104.7798468
-6.138733078	-104.7575585
-6.102104213	-103.5095082
-6.089732574	-103.4649401
-6.132865971	-103.4872199
-6.123509001	-103.4649401
-6.132865971	-103.4872199
-6.356773472	-107.2982274
-6.326990204	-107.2759391
-6.308446798	-107.2536593
-6.341532788	-107.2759391
-6.332808132	-107.2759391
-6.430441247	-104.8021351
-6.367861321	-104.8467032
-6.363272893	-104.8689915
-6.385962108	-104.8021351
-6.400114446	-104.8467032
-6.405340297	-104.1112493
-6.446698743	-104.1781057
-6.434562785	-104.1558174
-6.396453411	-104.1335376
-6.39622795	-104.1558174
-6.4147011	-103.5540847
-6.452837938	-103.5540847
-6.476369599	-103.5540847
-6.4080139	-103.5095082
-6.418666155	-103.5540847
-6.408975784	-103.219786
-6.408776509	-103.219786
-6.408776509	-103.219786
-6.44186186	-103.2420742
-6.434187868	-103.1974977
-6.648060098	-108.2565556
-6.675109725	-108.1896908
-6.640819784	-108.2342673
-6.631036161	-108.2342673
-6.666558157	-108.2119791
-6.745570583	-109.3485965
-6.747035125	-109.3931646
-6.771680681	-109.3485965
-6.772142462	-109.3485965
-6.715299987	-109.3485965
-6.831108618	-110.3960609
-6.806003835	-110.4406375
-6.871850717	-110.3737811
-6.891018773	-110.3737811
-6.835433262	-110.3737811
-6.983126486	-111.2429562
-6.982202925	-111.2429562
-6.985996809	-111.2206679
-6.929816028	-111.2206679
-6.898185638	-111.1983796
-7.128490368	-111.9784101
-7.161131184	-111.933842
-7.164690665	-111.8892654
-7.160157165	-111.8669771
-7.139574386	-111.8892654
-7.256702572	-109.6828953
-7.232801103	-109.660607
-7.184646239	-109.6383187
-7.191596584	-109.6828953
-7.170011683	-109.660607
-7.269337995	-109.148019
-7.192865044	-109.148019
-7.196368319	-109.148019
-7.177825551	-109.1257307
-7.225346823	-109.1257307
-7.177083381	-108.9251531
-7.233700394	-108.9474329
-7.185716064	-108.9474329
-7.170739163	-108.9251531
-7.219980457	-108.9251531
-7.269767841	-108.5462778
-7.210046102	-108.5239895
-7.224255283	-108.5239895
-7.234300773	-108.5239895
-7.197449001	-108.5017013
-7.306360938	-107.2536593
-7.214422481	-107.2536593
-7.248931497	-107.1422264
-7.28831508	-107.2536593
-7.23467569	-107.2313711
-7.312567835	-104.7539357
-7.290095778	-104.7539357
-7.317117941	-104.7093677
-7.292078945	-104.7539357
-7.315174374	-104.7316475
-7.319309963	-104.7539357
-7.302456559	-104.7539357
-7.359362904	-104.7539357
-7.330442522	-104.7316475
-7.27723681	-104.7316475
-7.292923946	-102.458421
-7.336506349	-102.4361327
-7.33175633	-102.4807093
-7.288824763	-102.458421
-7.289456438	-102.4807093
-7.207711649	-98.58055709
-7.169112392	-98.58055709
-7.170262054	-98.5582688
-7.214227677	-98.60283687
-7.220523353	-98.53598052
-6.950014948	-93.52149912
-6.985970622	-93.52149912
-7.068479936	-93.61064377
-7.033835515	-93.56607568
-6.982271266	-93.52149912
-6.861880594	-88.86360477
-6.86190742	-88.84131649
-6.773209093	-88.84131649
-6.78546321	-88.81902821
-6.851861291	-88.84131649
-6.8283737	-89.33162472
-6.78590583	-89.30933644
-6.765621963	-89.35390453
-6.806799018	-89.35390453
-6.804013004	-89.30933644
-6.811352318	-89.46533744
-6.787160878	-89.46533744
-6.821151907	-89.39848109
-6.77582138	-89.44305765
-6.795912359	-89.44305765
-6.798320901	-89.42076937
-6.741613192	-89.42076937
-6.828554452	-89.39848109
-6.809858396	-89.44305765
-6.752518373	-89.42076937
-6.783978869	-90.46823373
-6.771844188	-90.44595392
-6.779409602	-90.42366564
-6.831689197	-90.42366564
-6.78530098	-90.46823373
-6.620924885	-86.10007005
-6.61641885	-86.05549349
-6.593458187	-86.07778177
-6.66293289	-86.12234986
-6.637260303	-86.14463812
-6.542881369	-84.56228897
-6.545922863	-84.56228897
-6.567045345	-84.58457725
-6.548339069	-84.58457725
-6.512618437	-84.60686553
-6.384837995	-79.57009587
-6.346305801	-79.57009587
-6.276773614	-79.57009587
-6.297724285	-79.57009587
-6.350440751	-79.59238415
-6.051247644	-75.31335662
-6.125566895	-75.29107682
-6.194381821	-75.33564491
-6.124245423	-75.29107682
-6.087412174	-75.35793319
-5.877181178	-71.07890991
-5.900313651	-71.07890991
-5.949093164	-71.07890991
-5.926791641	-71.10119395
-5.916638849	-71.07890991
-5.902396455	-72.57211018
-5.900206988	-72.52753362
-5.836397563	-72.5498219
-5.887609249	-72.50525384
-5.889102532	-72.52753362
-5.575191199	-66.59930483
-5.585688889	-66.55473251
-5.624865532	-66.62159311
-5.569073082	-66.57702079
-5.602421579	-66.59930483
-5.589349923	-67.26790236
-5.577749197	-67.2456183
-5.614997602	-67.26790236
-5.64748002	-67.2456183
-5.552707007	-67.29019064
-5.386994111	-62.72144093
-5.431674441	-62.72144093
-5.370905232	-62.74372496
-5.318397941	-62.76601324
-5.385709045	-62.74372496
-5.170957642	-58.06354233
-5.113249089	-58.01896999
-5.092742315	-58.08583061
-5.143275382	-58.10811887
-5.188379809	-58.08583061
-5.004788394	-55.70116696
-5.002009086	-55.70116696
-4.978850107	-55.723451
-5.019575281	-55.76802756
-5.051184275	-55.70116696
-4.998804723	-55.9908934
-5.018461386	-55.96860512
-4.974406025	-55.94631684
-5.052142646	-55.9908934
-5.048045698	-55.9908934
-4.9524197	-56.50348144
-4.989867699	-56.52576972
-5.069634751	-56.48119741
-5.006448378	-56.48119741
-4.941975661	-56.50348144
-5.032077853	-57.10967688
-4.939215515	-57.10967688
-4.945134996	-57.13196516
-5.010755778	-57.08739282
-4.938555737	-57.10967688
-4.950198937	-58.20172202
-4.993754834	-58.20172202
-4.979175844	-58.17943374
-4.911429466	-58.17943374
-4.934760575	-58.17943374
-4.717954471	-53.29867355
-4.731247436	-53.34324586
-4.808813843	-53.36553415
-4.768458477	-53.34324586
-4.714893816	-53.36553415
-4.554050696	-48.8636408
-4.51746175	-48.84135677
-4.446855268	-48.90821736
-4.509635107	-48.8636408
-4.547516146	-48.90821736
-4.289775055	-44.82977165
-4.264869547	-44.87434397
-4.265330051	-44.87434397
-4.283864516	-44.85205569
-4.291637826	-44.87434397
-4.28891217	-45.40922029
-4.285346621	-45.40922029
-4.309139192	-45.40922029
-4.273445705	-45.40922029
-4.193235715	-45.38693625
-4.288557052	-45.58751379
-4.235045403	-45.56522976
-4.267047518	-45.60980207
-4.237369636	-45.60980207
-4.267932119	-45.58751379
-3.955787752	-39.72614137
-3.941777526	-39.72614137
-4.01824888	-39.72614137
-3.98494605	-39.77071793
-3.918709561	-39.72614137
-3.739736912	-35.87056573
-3.708406072	-35.87056573
-3.727746578	-35.89284978
-3.774370475	-35.87056573
-3.777420592	-35.91513806
-3.730009176	-37.6089159
-3.746750169	-37.54205953
-3.685329166	-37.6089159
-3.683202291	-37.56434356
-3.692324858	-37.56434356
-3.379485585	-31.41324681
-3.386463074	-31.43553298
-3.312767515	-31.43553298
-3.395131524	-31.48010743
-3.451766102	-31.43553298
-3.096574245	-26.53248451
-3.05279129	-26.55477067
-3.047296545	-26.51019834
-3.07213914	-26.62163127
-3.080455666	-26.57705893
-2.702520943	-20.78254711
-2.654033316	-20.76025882
-2.622637967	-20.76025882
-2.668349001	-20.78254711
-2.658357801	-20.73797268
-2.645098048	-21.29513728
-2.662546402	-21.29513728
-2.625242271	-21.31742342
-2.639650248	-21.31742342
-2.69413895	-21.29513728
-2.657538986	-21.80772954
-2.576723507	-21.74086895
-2.649756574	-21.74086895
-2.669331483	-21.7854434
-2.5882329	-21.7854434
-2.464906918	-18.04129644
-2.468580726	-18.06358259
-2.459791402	-18.06358259
-2.521694464	-18.08586875
-2.46269813	-18.06358259
-2.090119234	-12.42507705
-2.060046156	-12.42507705
-2.100391782	-12.4027909
-2.141125578	-12.33593135
-2.063766909	-12.35821752
-1.586702434	-6.964864513
-1.545136729	-7.009437361
-1.55933681	-6.964864513
-1.524430841	-6.92029113
-1.542169165	-6.89800445
-1.41621397	-4.825352341
-1.383561339	-4.825352341
-1.340494527	-4.803065661
-1.335236261	-4.780778981
-1.379018897	-4.758492813
-1.222106582	-4.223614625
-1.215568519	-4.201327945
-1.215568519	-4.201327945
-1.222106582	-4.223614625
-1.202492553	-4.15675483
-1.3005627	-4.491053585
-1.282545183	-4.468766905
-1.236290136	-4.513340288
-1.259159864	-4.513340288
-1.261377594	-4.535626968
-1.246388398	-5.048218186
-1.276886292	-5.025931506
-1.225002373	-5.025931506
-1.228967908	-5.025931506
-1.259691583	-4.981358657
-1.230404985	-5.248797351
-1.256946925	-5.271084031
-1.312921006	-5.226510648
-1.254133287	-5.248797351
-1.231065482	-5.248797351
-1.29138257	-5.271084031
-1.240394668	-5.293370711
-1.229291649	-5.293370711
-1.248250611	-5.248797351
-1.239101698	-5.271084031
-1.20587687	-3.220718357
-1.20587687	-3.220718357
-1.205515684	-3.198431677
-1.206237976	-3.243004793
-1.20587687	-3.220718357
-1.146649965	0.4342815
-1.089945928	0.389708318
-1.103952881	0.4342815
-1.138388047	0.4342815
-1.105012726	0.411994909
-0.925523128	2.573793471
-0.94309555	2.640653289
-0.944431712	2.529220355
-0.91528036	2.551507058
-0.952554233	2.596080173
-0.922478281	2.105775368
-0.910328351	2.016629004
-0.943827262	2.105775368
-0.943827262	2.105775368
-0.884203483	2.150348484
-0.917883705	1.860622844
-0.972670042	1.905196093
-0.907442141	1.838336275
-0.85726499	1.927482639
-0.884819989	1.972055755
-0.925735656	1.949769208
-0.886939998	1.927482639
-0.877555165	1.927482639
-0.916936432	2.016629004
-0.869416118	1.994342457
-0.93485958	1.927482639
-0.890842541	1.905196093
-0.881915257	1.949769208
-0.939096643	1.882909524
-0.929575207	1.905196093
-0.790798489	3.643549557
-0.783797048	3.598976441
-0.805206466	3.643549557
-0.842356591	3.621263143
-0.821670741	3.598976441
-0.717082251	3.77726917
-0.786537794	3.844128966
-0.849338072	3.77726917
-0.767966763	3.844128966
-0.732598694	3.888702081
-0.784754461	3.844128966
-0.740277158	3.799555606
-0.737696726	3.821842286
-0.79367935	3.821842286
-0.75806067	3.77726917
-0.83999699	3.442970414
-0.732129968	3.442970414
-0.744955244	3.420683712
-0.803779688	3.420683712
-0.745676736	3.465256827
-0.795593217	3.353823916
-0.733665006	3.331537481
-0.766841692	3.353823916
-0.809076755	3.353823916
-0.756334022	3.353823916
-0.727767879	3.442970414
-0.801935439	3.376110596
-0.780312535	3.442970414
-0.72400617	3.398397299
-0.816602808	3.420683712
-0.798219636	3.48754353
-0.784338427	3.48754353
-0.739334435	3.442970414
-0.749963937	3.532116645
-0.779576512	3.50983021
-0.73488213	3.621263143
-0.735344151	3.621263143
-0.793108431	3.643549557
-0.765739373	3.688122672
-0.740565532	3.621263143
-0.747247063	3.576689761
-0.790726635	3.665836259
-0.823640176	3.688122672
-0.788409907	3.688122672
-0.746111213	3.665836259
-0.778318031	3.532116645
-0.775187199	3.710409375
-0.745710188	3.710409375
-0.763696249	3.643549557
-0.776246883	3.688122672
-0.723178333	3.665836259
-0.777182261	3.621263143
-0.800774839	3.643549557
-0.78682497	3.688122672
-0.790068054	3.643549557
-0.784124542	3.598976441
-0.739768912	3.643549557
-0.712274669	3.643549557
-0.769181094	3.643549557
-0.76151716	3.621263143
-0.641480249	3.417897946
-0.544519087	3.417897946
-0.668910742	3.417897946
-0.591181107	3.417897946
-0.611869391	3.417897946
-0.520384212	3.908202751
-0.520184139	3.930489431
-0.50029479	3.885916316
-0.537980465	3.81905652
-0.497452929	3.885916316
-0.553570878	1.924696874
-0.619859501	1.969269989
-0.599907439	1.902410194
-0.563027325	1.902410194
-0.584702483	1.924696874
-0.583288718	3.105885871
-0.559235717	3.06131251
-0.615419332	3.039026075
-0.593271535	3.08359919
-0.570404242	3.06131251
-0.545629189	4.933385721
-0.473195025	4.888812339
-0.551710142	4.933385721
-0.514236795	4.911099019
-0.513975406	4.888812339
-0.471680425	7.228903653
-0.363154383	7.20661695
-0.430628196	7.273477035
-0.381921016	7.251190333
-0.427276732	7.139757421
-0.284025953	9.190123362
-0.241915277	9.234696744
-0.249255708	9.212409508
-0.237291501	9.212409508
-0.227905131	9.234696744
-0.071870282	11.46335515
-0.045223959	11.53021468
-0.071273685	11.46335515
-0.027453341	11.46335515
-0.133998566	11.46335515
0.096078667	13.80344646
0.148345478	13.69201353
0.073993533	13.73658584
0.196803944	13.78115922
0.134138172	13.7142997
0.332207682	15.92067193
0.405041354	15.89838472
0.286133128	15.87609855
0.355001644	15.85381133
0.305761149	15.85381133
0.534176202	18.10475695
0.578919205	18.08247078
0.518575371	18.10475695
0.5588897	18.06018463
0.55096394	18.10475695
0.696626973	20.3557015
0.777660089	20.3557015
0.736282163	20.33341535
0.764100946	20.28884304
0.759414158	20.33341535
0.912839963	22.31692174
0.964524927	22.31692174
0.963339258	22.33920791
0.991031259	22.31692174
0.901200355	22.27234731
0.929314218	21.44774455
0.949019182	21.51460515
0.993437725	21.5368913
0.97816814	21.51460515
0.935535246	21.51460515
1.054192802	23.05237774
1.059800996	22.98551925
1.022262382	23.00780542
1.042415155	22.96323311
1.080029217	23.00780542
1.22303693	24.72387154
1.146366381	24.72387154
1.228518342	24.67929922
1.189984392	24.67929922
1.173457843	24.65701305
1.320563223	25.90506134
1.264319051	25.9273475
1.29293653	25.9273475
1.256180483	25.86048902
1.288311137	25.9273475
1.282363712	24.94673738
1.343890181	24.8798789
1.289827493	24.90216507
1.300532202	24.8798789
1.310255467	24.94673738
1.306268296	24.27813987
1.307665135	24.34500047
1.331194162	24.34500047
1.293785044	24.36728661
1.315926972	24.34500047
1.545167547	27.35368929
1.444369348	27.33140315
1.526263753	27.35368929
1.502733688	27.35368929
1.473719417	27.35368929
1.640447528	29.49320093
1.63805687	29.42634245
1.637530421	29.42634245
1.645472349	29.5154871
1.6057378	29.42634245
1.768092087	31.47670734
1.807747596	31.45442117
1.785875919	31.49899349
1.819112483	31.432135
1.803389101	31.49899349
1.952445313	33.92823157
1.946822987	33.88365925
2.007170015	33.90594542
1.914495295	33.8390848
1.975760455	33.79451249
2.15534482	36.64719397
2.17577463	36.71405457
2.128650789	36.71405457
2.162886921	36.71405457
2.145375495	36.73634285
2.344215578	38.31868777
2.326644114	38.38554837
2.30549369	38.38554837
2.285652283	38.29640372
2.286326272	38.38554837
2.348469007	37.00378101
2.25389	37.02606504
2.355211774	37.00378101
2.300548228	36.98149273
2.362664457	36.89234808
2.421677717	38.71984713
2.367940127	38.71984713
2.404229043	38.71984713
2.390146005	38.69755885
2.409588703	38.76441944
2.526828663	40.56963444
2.502439385	40.56963444
2.513481089	40.59191847
2.507986823	40.54734615
2.526429155	40.54734615
2.659723504	42.77600456
2.62336928	42.75372052
2.682456789	42.75372052
2.621311705	42.68685993
2.661304927	42.73143224
2.780239041	44.82636943
2.732522965	44.87094599
2.755588375	44.84865771
2.784342376	44.87094599
2.808992723	44.84865771
2.775429942	43.95719435
2.781249786	43.97948264
2.823609715	43.93490607
2.737815881	43.91262204
2.840460564	43.91262204
2.854295467	46.92131086
2.958397346	46.94359492
2.9094176	46.89902258
2.935328104	46.92131086
2.863417395	46.92131086
3.062914701	49.43969571
3.093376907	49.39511915
3.081946714	49.41740743
3.012803496	49.37283511
3.102571966	49.43969571
3.212199568	51.62377755
3.226132192	51.53463292
3.169762675	51.60149351
3.21774477	51.57920523
3.218407422	51.60149351
3.196459101	50.06371668
3.275834947	50.04143262
3.198380313	50.10829322
3.250782858	50.01914434
3.225534368	50.01914434
3.246626192	49.57341268
3.280462975	49.55112864
3.201611182	49.55112864
3.286870743	49.52884036
3.243325704	49.61798499
3.290946933	52.24780274
3.356972332	52.20323043
3.358833507	52.29237506
3.367615646	52.22551871
3.292529953	52.22551871
3.445997674	54.07530179
3.4714349	54.00844542
3.360328386	54.00844542
3.454509962	53.98615714
3.456904771	54.09759005
3.505913578	56.21481555
3.572077894	56.23710383
3.549469155	56.21481555
3.559976106	56.19252726
3.52322525	56.19252726
3.718958052	58.71091211
3.667673873	58.75548442
3.736929502	58.68862805
3.618360406	58.71091211
3.730261783	58.73320039
3.726069349	56.73019068
3.760953921	56.64104603
3.756530598	56.66333431
3.677876802	56.66333431
3.719452406	56.68561835
3.800158668	58.62455031
3.790636593	58.60226627
3.77894581	58.64683859
3.796133574	58.66912687
3.779480083	58.6914109
3.810607178	60.58577055
3.813449397	60.58577055
3.868907487	60.60805883
3.872474952	60.60805883
3.847819496	60.58577055
3.887992193	62.39098554
3.978867852	62.34641323
3.960686269	62.30183667
3.901199572	62.30183667
3.99095974	62.32412495
4.034913867	65.17680855
4.14311461	65.19909258
4.062281248	65.19909258
4.131948839	65.22138086
4.059301069	65.15452027
4.204875402	66.33571006
4.17492735	66.29113775
4.09429422	66.31342178
4.225030571	66.31342178
4.104538026	66.31342178
4.230822312	64.64192798
4.127994002	64.75336091
4.26175588	64.66421626
4.212389081	64.68650454
4.170877027	64.66421626
4.124497753	64.30762922
4.262710418	64.37448982
4.193704202	64.35220579
4.212670429	64.32991751
4.177378046	64.35220579
4.367177316	67.49461158
4.331806692	67.42775098
4.348009259	67.49461158
4.323157722	67.49461158
4.36406269	67.45003926
4.614144478	71.52848073
4.510044515	71.52848073
4.59213516	71.52848073
4.541573033	71.52848073
4.590216183	71.52848073
4.691271139	73.84629226
4.703225068	73.80171569
4.668664636	73.84629226
4.6515417	73.82400398
4.691657554	73.77942741
4.826237288	76.23095166
4.755249821	76.20866338
4.872439004	76.23095166
4.80296909	76.20866338
4.797086015	76.20866338
4.907663684	78.57104297
4.95690434	78.57104297
4.920487843	78.57104297
4.897346747	78.54875469
4.96212604	78.57104297
5.039512972	80.86656622
5.052409303	80.91113429
5.110837673	80.91113429
5.021341289	80.888846
5.114200753	80.86656622
5.139423376	79.17278414
5.124557609	79.2173522
5.064137132	79.15049585
5.082643174	79.15049585
5.147213931	79.12820757
5.31053617	82.93921513
5.234449633	82.87235878
5.251048515	82.91692684
5.298832932	82.89463856
5.177420977	82.93921513
5.312533707	84.94500768
5.393963617	84.94500768
5.359466736	84.96729596
5.384245142	84.94500768
5.38398072	84.9227194
5.506502098	87.64168603
5.519583972	87.59710947
5.496917112	87.61939775
5.452959791	87.57482119
5.498699087	87.59710947
5.658882749	89.26860327
5.577249733	89.22403521
5.658682835	89.24631499
5.540896148	89.22403521
5.612806218	89.20174692
5.603282548	88.17656235
5.632033035	88.15427407
5.650079533	88.17656235
5.609163707	88.17656235
5.624567259	88.17656235
5.622236639	88.06512944
5.656746933	88.10970601
5.612129195	88.08741772
5.631434572	88.13198579
5.607305087	88.08741772
5.788659771	91.85384871
5.728578443	91.83156043
5.821040635	91.80927215
5.749068611	91.83156043
5.802868314	91.83156043
5.904817132	93.9487859
5.866346253	93.90421783
5.924185741	93.9487859
5.912744689	93.92649764
5.918624571	93.88192955
5.970317199	91.94299334
5.894969001	91.96528162
5.951746328	91.96528162
5.924977091	91.96528162
5.898143345	91.96528162
6.018553817	94.23851659
6.062899467	94.21622831
6.055692365	94.19394003
6.011675007	94.21622831
6.034942885	94.21622831
6.103371396	96.26658895
6.150564376	96.26658895
6.207334678	96.24430915
6.077859122	96.26658895
6.156971186	96.24430915
6.1787758	98.56211218
6.31255109	98.56211218
6.264232081	98.51753562
6.282017988	98.56211218
6.242083845	98.47296755
6.381496311	100.9690599
6.398674175	100.9022035
6.460873435	100.9467716
6.381160354	100.9244918
6.443487355	100.9244918
6.58214743	102.7296983
6.476922076	102.7296983
6.631911182	102.6851302
6.547639053	102.6851302
6.546651621	102.7074185
6.778207567	105.2035108
6.829954485	105.1812225
6.742380272	105.1812225
6.777609743	105.1812225
6.743962973	105.1366545
6.780918853	103.7325946
6.81508808	103.7103148
6.799224663	103.7103148
6.807087072	103.6880265
6.739877841	103.7548829
6.91223195	99.45078421
6.809524994	99.49536077
6.885537441	99.49536077
6.861008767	99.45078421
6.888102465	99.4285044
6.919838241	98.00215625
6.845746368	98.02444453
6.896248457	98.04673282
6.815872405	98.02444453
6.92717947	98.04673282
6.797924906	93.87913823
6.827735638	93.87913823
6.774331929	93.90142649
6.878160444	93.85685842
6.797463125	93.87913823
6.625473075	89.48868627
6.659705534	89.4441097
6.668429551	89.4441097
6.64264583	89.42182142
6.67794939	89.46639798
6.659112181	90.44700597
6.590704108	90.46929425
6.634658873	90.46929425
6.668631381	90.46929425
6.626921649	90.44700597
6.647346669	90.44700597
6.61046935	90.49158253
6.659447499	90.49158253
6.619193367	90.46929425
6.693745744	90.46929425
6.430446357	84.38506023
6.424028689	84.36277195
6.417487752	84.38506023
6.410219334	84.38506023
6.430909415	84.40734002
6.286193815	80.8192068
6.223207037	80.84148659
6.330876061	80.84148659
6.297760691	80.8192068
6.210047879	80.79691852
6.02597169	75.53728299
6.044940472	75.53728299
6.017247034	75.53728299
6.080897423	75.55957127
6.083936363	75.53728299
5.825674411	71.52569788
5.857463838	71.50340959
5.867247461	71.52569788
5.83261262	71.50340959
5.854426176	71.52569788
5.763222225	73.08575877
5.817497122	73.13033533
5.876709178	73.08575877
5.785368544	73.10804705
5.830906011	73.08575877
5.733823456	70.79023977
5.746049471	70.76795573
5.693833746	70.76795573
5.729001263	70.79023977
5.733553285	70.74566745
5.53895769	66.84551525
5.569555301	66.82323122
5.58886004	66.84551525
5.478216584	66.84551525
5.598443749	66.84551525
5.572789045	67.26896288
5.563268567	67.26896288
5.525990143	67.2466746
5.52797331	67.2466746
5.540198048	67.22438632
5.38545548	62.83393013
5.332837693	62.78935782
5.404089583	62.8116461
5.339443459	62.76706954
5.360532089	62.78935782
5.240507393	59.02292683
5.144468156	59.00063855
5.215656175	59.02292683
5.201449229	59.04521086
5.112414626	59.02292683
5.1002429	56.57140258
5.027072673	56.5491143
5.062568482	56.57140258
5.060850057	56.57140258
5.046715922	56.63825893
4.97773238	57.64004377
5.016592227	57.61775548
4.970329516	57.64004377
4.991741009	57.61775548
4.96106867	57.5954672
5.011266419	58.3086413
5.049204302	58.3086413
5.012524341	58.33092533
5.040617286	58.35321361
4.971870382	58.28635302
4.745666431	53.80674793
4.761992907	53.80674793
4.772574586	53.8513245
4.770777601	53.76217562
4.786382344	53.80674793
4.602091551	48.92598774
4.629585395	48.92598774
4.592507523	48.92598774
4.604472629	48.94827602
4.576119413	48.94827602
4.318003085	44.58010387
4.350917584	44.58010387
4.334130286	44.58010387
4.354021352	44.55781559
4.290971981	44.60239215
4.281521441	45.11498019
4.296651949	45.07040787
4.304990191	45.13726847
4.350789844	45.11498019
4.35072789	45.13726847
4.280984613	45.04812382
4.325679633	45.15955675
4.31317738	45.07040787
4.338625783	45.09269616
4.356809282	45.13726847
4.229766858	46.09559242
4.248212863	46.11787646
4.277026582	46.09559242
4.313056026	46.14016474
4.318801142	46.11787646
4.074808091	40.61309107
4.074010034	40.59080704
4.066806125	40.59080704
4.052861685	40.61309107
4.011821312	40.63537935
3.801335794	36.08891367
3.805961586	36.08891367
3.768284612	36.06662964
3.810323275	36.08891367
3.783491764	36.11120195
3.495076418	32.50077621
3.538495952	32.47849004
3.532750198	32.50077621
3.596398352	32.50077621
3.575709229	32.47849004
3.177393556	26.61711762
3.146797222	26.68397821
3.111365602	26.63940376
3.152080876	26.63940376
3.201122895	26.63940376
2.948965009	23.31870233
3.018433645	23.34099061
2.982875563	23.34099061
2.9580269	23.36327678
2.924849575	23.38556295
2.953676388	24.94562381
2.934187703	25.01248441
3.004040518	24.94562381
2.949713886	24.96790998
2.93782766	25.05705673
2.951925389	25.21306197
2.95172292	25.16848966
2.941281117	25.16848966
2.864285389	25.21306197
2.87260958	25.19077581
2.799814589	22.15980081
2.747731714	22.15980081
2.720040512	22.18208698
2.720899884	22.18208698
2.789369911	22.13751467
2.480987494	18.03678278
2.53471199	17.94763602
2.526586116	17.96992219
2.497173295	17.96992219
2.491891397	18.01449662
2.132037981	13.57946598
2.161450163	13.57946598
2.178897399	13.55717983
2.135478663	13.60175215
2.14658248	13.60175215
1.806036836	9.233582109
1.789910114	9.233582109
1.784029115	9.255868277
1.802013339	9.30044166
1.830765263	9.30044166
1.568176272	7.027210409
1.611197576	6.982637026
1.60664747	7.049496555
1.657732375	7.004923706
1.653906076	7.049496555
1.436859502	4.820838175
1.374070401	4.820838175
1.379555725	4.820838175
1.367130116	4.820838175
1.381274789	4.820838175
1.124668191	2.324741079
1.117066531	2.324741079
1.101799022	2.324741079
1.109862223	2.324741079
1.138214161	2.302454399
1.154935434	2.792759182
1.19643631	2.748186066
1.193132868	2.748186066
1.212762546	2.748186066
1.148914718	2.748186066
1.101267383	3.536852467
1.089763579	3.514566054
1.142905739	3.536852467
1.133521465	3.536852467
1.177278393	3.559139169
0.922702704	0.416730819
0.919339864	0.483590593
0.850532044	0.461304001
0.858796116	0.483590593
0.848873976	0.416730819
0.827363803	1.196761287
0.820423278	1.196761287
0.822740166	1.219047856
0.851092344	1.196761287
0.889888002	1.17447474
0.875036128	1.330480767
0.848601889	1.352767336
0.879796047	1.330480767
0.849785322	1.30819422
0.816548599	1.375053882
0.810906713	0.260724726
0.811168181	0.238438157
0.850563739	0.260724726
0.843819855	0.238438157
0.790741804	0.216151566
0.475032687	-6.358390708
0.529061524	-6.380677388
0.493766587	-6.380677388
0.471992111	-6.358390708
0.477939256	-6.358390708
0.48798259	-5.934945721
0.486516132	-5.97951857
0.478796473	-5.934945721
0.52326671	-5.97951857
0.484931675	-5.97951857
0.305603489	-8.341896564
0.339576456	-8.341896564
0.318255318	-8.364183266
0.346147292	-8.364183266
0.385152564	-8.319609883
0.319980729	-7.584152821
0.350488383	-7.56186614
0.280957015	-7.56186614
0.351745187	-7.56186614
0.315553812	-7.584152821
0.152774271	-9.545371996
0.190060558	-9.500798613
0.198882077	-9.52308585
0.153379579	-9.500798613
0.169072424	-9.52308585
0.046600854	-11.52887841
0.020492405	-11.52887841
-0.047029183	-11.55116455
0.013695683	-11.48430502
0.046600854	-11.52887841
-0.112657759	-13.40095082
-0.178838921	-13.33409127
-0.170839909	-13.33409127
-0.142957675	-13.37866465
-0.149093546	-13.33409127
-0.36059415	-15.60732305
-0.381688649	-15.65189643
-0.409109561	-15.60732305
-0.377516374	-15.60732305
-0.308474969	-15.58503688
-0.609242175	-17.88055484
-0.541494479	-17.88055484
-0.600383711	-17.88055484
-0.614981223	-17.8359825
-0.574662981	-17.8359825
-0.866508671	-20.13149938
-0.797901084	-20.13149938
-0.756062893	-20.13149938
-0.767790801	-20.10921322
-0.804208096	-20.10921322
-0.964161107	-22.27101102
-0.968948171	-22.24872485
-1.007084929	-22.24872485
-1.009728672	-22.24872485
-0.989900199	-22.24872485
-1.06156908	-21.44640826
-1.04312603	-21.44640826
-0.99999455	-21.42412212
-1.018021646	-21.49098058
-1.007804186	-21.46869443
-1.180980384	-24.67796293
-1.268330333	-24.7002491
-1.227407082	-24.65567679
-1.226347956	-24.65567679
-1.21849385	-24.7002491
-1.369652506	-26.70604166
-1.397905286	-26.68375549
-1.425145406	-26.72832783
-1.392946571	-26.68375549
-1.380584992	-26.68375549
-1.436503745	-24.90082878
-1.404258924	-24.94540109
-1.37828471	-24.94540109
-1.433634221	-24.92311495
-1.403996258	-24.94540109
-1.718109581	-28.97927449
-1.727341046	-28.89012775
-1.666363301	-28.86784158
-1.694227432	-28.89012775
-1.688542992	-28.89012775
-1.863626431	-31.47537105
-1.8884133	-31.47537105
-1.909527319	-31.45308488
-1.847452924	-31.40851045
-1.850992605	-31.43079874
-2.004669341	-33.32515838
-2.00444324	-33.34744453
-2.029890367	-33.34744453
-2.068254422	-33.32515838
-2.035312299	-33.34744453
-2.167889706	-35.62067736
-2.184622395	-35.6652497
-2.225328249	-35.62067736
-2.219681333	-35.64296141
-2.171789774	-35.62067736
-2.372938761	-37.87161979
-2.394975383	-37.84933576
-2.331127636	-37.84933576
-2.335753109	-37.84933576
-2.353825633	-37.82704748
-2.520466083	-40.34543232
-2.498854037	-40.34543232
-2.544646824	-40.30086001
-2.512185484	-40.25628345
-2.547951783	-40.30086001
-2.636331558	-38.56250561
-2.580122515	-38.58478964
-2.543958943	-38.54021733
-2.565940957	-38.56250561
-2.567886759	-38.54021733
-2.698633489	-40.47914929
-2.738054116	-40.45686523
-2.709782973	-40.39000464
-2.674696093	-40.43457695
-2.694117873	-40.39000464
-2.771956366	-42.46265779
-2.756054627	-42.44036951
-2.835170523	-42.44036951
-2.82554913	-42.41808548
-2.839957906	-42.41808548
-2.897721068	-44.57988328
-2.917712091	-44.557595
-2.948447023	-44.557595
-2.895703412	-44.557595
-2.915822813	-44.53531097
-2.947571683	-44.04500272
-2.963624795	-44.0004304
-2.967996384	-44.04500272
-2.92727121	-44.0004304
-2.922086554	-44.02271868
-3.046574174	-46.47424291
-3.062520942	-46.40738231
-3.060946544	-46.45195463
-3.074295714	-46.45195463
-3.042240268	-46.45195463
-3.204833429	-49.19320531
-3.284137422	-49.148633
-3.273638774	-49.19320531
-3.282418039	-49.148633
-3.254299546	-49.17091703
-3.431502354	-51.64472954
-3.432307117	-51.68930188
-3.462606136	-51.66701782
-3.416235483	-51.64472954
-3.422091094	-51.66701782
-3.559211262	-54.00710916
-3.577680899	-53.98482087
-3.564913904	-53.94024854
-3.577509727	-53.96253259
-3.604542428	-53.96253259
-3.712245623	-55.99061343
-3.757747642	-55.96832515
-3.748995522	-55.99061343
-3.722027968	-55.99061343
-3.646643045	-55.96832515
-3.742217308	-54.18539842
-3.75728682	-54.18539842
-3.725032737	-54.18539842
-3.773902307	-54.16311438
-3.754481325	-54.2076867
-3.775938805	-53.43462188
-3.762163302	-53.45690593
-3.791441676	-53.45690593
-3.817115222	-53.43462188
-3.796797503	-53.45690593
-3.89500545	-56.04215135
-3.871212879	-56.04215135
-3.897847669	-56.04215135
-3.893285747	-56.04215135
-3.934599165	-56.04215135
-4.049415254	-57.98108331
-3.974446125	-58.04794391
-4.023741709	-58.00337159
-4.026545606	-57.98108331
-3.95163396	-58.00337159
-4.134971811	-60.43260756
-4.18963408	-60.43260756
-4.13021253	-60.43260756
-4.136926236	-60.45489584
-4.114453221	-60.45489584
-4.247328262	-62.43840012
-4.287381842	-62.43840012
-4.181904839	-62.48297243
-4.287144565	-62.41611184
-4.29320935	-62.48297243
-4.400756064	-64.84535203
-4.389813838	-64.82306375
-4.384854963	-64.82306375
-4.412285575	-64.82306375
-4.488756929	-64.82306375
-4.560357549	-67.07401043
-4.565823552	-67.14087103
-4.603027248	-67.09629446
-4.573589199	-67.11858274
-4.553417104	-67.07401043
-4.554934339	-65.7145271
-4.601623703	-65.69224307
-4.605958886	-65.7145271
-4.567387412	-65.69224307
-4.593504216	-65.73681538
-4.589705542	-65.44708894
-4.57136109	-65.42480066
-4.574692236	-65.40251663
-4.618882043	-65.42480066
-4.657416792	-65.42480066
-4.59232198	-65.31336775
-4.618522774	-65.29108372
-4.584974045	-65.26879544
-4.600150539	-65.29108372
-4.639409255	-65.29108372
-4.670884442	-67.54202615
-4.64930976	-67.56431443
-4.767817221	-67.56431443
-4.758433745	-67.56431443
-4.6630182	-67.54202615
-4.756262162	-69.5032464
-4.785639535	-69.48096234
-4.845794632	-69.52553465
-4.809404961	-69.5032464
-4.795429863	-69.52553465
-4.961163198	-71.55361127
-4.907133562	-71.57589955
-4.860102813	-71.55361127
-4.897343234	-71.53132299
-4.900446682	-71.53132299
-5.057559788	-74.00513549
-5.038789323	-74.00513549
-5.056211491	-74.02742377
-5.04751366	-74.00513549
-5.101115366	-74.00513549
-5.18471111	-75.96635998
-5.136357292	-75.9440717
-5.158756217	-75.89949514
-5.250276644	-75.96635998
-5.177534666	-75.9440717
-5.313915856	-78.08358545
-5.3025853	-78.10586526
-5.267317826	-78.08358545
-5.34553507	-78.06129717
-5.334602424	-78.08358545
-5.40444981	-76.52352458
-5.32559674	-76.52352458
-5.345624807	-76.52352458
-5.369787505	-76.54580437
-5.311596733	-76.56809265
-5.539613636	-80.15623438
-5.495425106	-80.1339461
-5.549489231	-80.1339461
-5.528567302	-80.11165782
-5.491949295	-80.11165782
-5.695569736	-82.49632569
-5.649369297	-82.49632569
-5.690509946	-82.47403741
-5.712955177	-82.49632569
-5.656347745	-82.51861398
-5.779420322	-84.4129736
-5.782894855	-84.43526188
-5.771147866	-84.36839704
-5.816603579	-84.43526188
-5.822910752	-84.4129736
-5.987330278	-86.75306494
-5.918512159	-86.70848837
-5.933156935	-86.73077665
-5.959284278	-86.66392028
-5.922468912	-86.66392028
-6.125517077	-89.13772432
-6.069506191	-89.1600126
-6.107208712	-89.13772432
-6.085805841	-89.18230088
-6.080873153	-89.1600126
-6.158699511	-88.24626096
-6.178091751	-88.22398117
-6.134544477	-88.26854924
-6.083349396	-88.24626096
-6.106814633	-88.24626096
-6.125916903	-86.77535322
-6.168786516	-86.797633
-6.17595338	-86.77535322
-6.117791349	-86.77535322
-6.138344109	-86.77535322
-6.295796046	-89.60574429
-6.309253477	-89.62803257
-6.272238837	-89.62803257
-6.291805442	-89.62803257
-6.310965196	-89.58345601
-6.412516742	-91.61153684
-6.369384623	-91.58924856
-6.393273319	-91.56696876
-6.405907464	-91.61153684
-6.37764686	-91.58924856
-6.520136587	-93.86248351
-6.495340297	-93.81790694
-6.514678887	-93.84019522
-6.512233939	-93.84019522
-6.481619722	-93.79562716
-6.634375929	-95.57855387
-6.627199484	-95.55626559
-6.608891119	-95.55626559
-6.589949163	-95.53397731
-6.616863386	-95.57855387
-6.777395139	-98.27522375
-6.731881943	-98.25294396
-6.814236691	-98.25294396
-6.82247338	-98.27522375
-6.755176647	-98.23065568
-6.983647666	-100.4593141
-6.910907285	-100.4370258
-6.873637803	-100.4816023
-6.948616832	-100.4593141
-6.929016375	-100.4370258
-6.973250891	-98.43123322
-6.921656623	-98.40894494
-7.004899166	-98.38665666
-6.94108974	-98.40894494
-6.929946323	-98.38665666
-7.300984992	-104.8274862
-7.249788634	-104.8051979
-7.361104641	-104.849766
-7.328866846	-104.7829097
-7.277482072	-104.8051979
-7.538830226	-107.2790105
-7.425976866	-107.3012903
-7.474820249	-107.3012903
-7.485491665	-107.2790105
-7.469364465	-107.2790105
-7.52802085	-105.7858059
-7.494736863	-105.7635177
-7.524979995	-105.7858059
-7.52963357	-105.7635177
-7.534140245	-105.8080942
-7.514259398	-105.2732179
-7.50489157	-105.3623625
-7.548270866	-105.2954977
-7.514323268	-105.2732179
-7.537338221	-105.317786
-7.644394093	-103.2002805
-7.543930893	-103.2002805
-7.610013455	-103.1557124
-7.592544344	-103.2225688
-7.550303213	-103.1780007
-7.608538056	-103.0665678
-7.582801598	-103.0888476
-7.57033607	-103.0665678
-7.583462654	-103.0888476
-7.56689922	-103.0665678
-7.487591714	-98.07436621
-7.520587648	-98.00750984
-7.493274876	-98.07436621
-7.461274039	-98.02979812
-7.537321615	-98.05208641
-7.318487316	-93.26047087
-7.262051055	-93.30503893
-7.333989867	-93.28275065
-7.350032759	-93.3496155
-7.286005537	-93.28275065
-7.14444512	-88.84772213
-7.103922095	-88.80315406
-7.134137124	-88.84772213
-7.12507204	-88.80315406
-7.125701799	-88.82543385
-7.121736105	-90.14034911
-7.046610813	-90.11806083
-7.099816524	-90.11806083
-7.081481334	-90.14034911
-7.035271315	-90.09577255
-7.087723359	-90.27406183
-7.070112456	-90.29635009
-7.093605796	-90.27406183
-7.059632011	-90.27406183
-7.119969458	-90.22949374
-6.810568631	-84.65784775
-6.927357668	-84.65784775
-6.861820556	-84.63555947
-6.795101847	-84.65784775
-6.859611289	-84.65784775
-6.661694449	-79.732511
-6.632027425	-79.77708754
-6.581918775	-79.732511
-6.64468137	-79.75479928
-6.668643516	-79.77708754
-6.390800907	-75.65406952
-6.429996073	-75.65406952
-6.408448217	-75.65406952
-6.402764416	-75.65406952
-6.447840741	-75.65406952
-6.219568996	-70.95159861
-6.172575291	-70.95159861
-6.187343336	-70.92931033
-6.14485375	-70.97388264
-6.197824419	-70.95159861
-6.150923326	-70.34985744
-6.108397973	-70.37214572
-6.111935738	-70.39443401
-6.186389755	-70.37214572
-6.153484517	-70.41671804
-6.083761997	-72.40022656
-6.085310209	-72.37793828
-6.096123417	-72.40022656
-6.153692095	-72.40022656
-6.082476931	-72.42251485
-6.077182099	-72.53394776
-6.099363547	-72.55622756
-6.096521328	-72.55622756
-6.073056091	-72.55622756
-6.096576895	-72.51165948
-6.067215809	-72.89052632
-6.095569663	-72.89052632
-6.14302962	-72.89052632
-6.07636584	-72.86824651
-6.082918273	-72.9128146
-5.987313033	-70.72873276
-6.050120337	-70.66187217
-5.989351128	-70.6841562
-6.034391686	-70.66187217
-6.016743099	-70.66187217
-5.830746975	-66.71714765
-5.811325993	-66.76171996
-5.816140521	-66.71714765
-5.846819247	-66.76171996
-5.796473639	-66.69485937
-5.831461042	-67.09601872
-5.801170008	-67.16287934
-5.736889221	-67.14059105
-5.844518007	-67.11830277
-5.839269162	-67.14059105
-5.561486591	-62.39354781
-5.561549823	-62.39354781
-5.59592088	-62.39354781
-5.641485172	-62.37126378
-5.607712578	-62.37126378
-5.320732712	-58.04766394
-5.374988448	-58.00309162
-5.343374344	-58.06995222
-5.316370065	-58.04766394
-5.360127153	-58.04766394
-5.220866378	-56.04187138
-5.17920902	-56.10873198
-5.251743102	-56.08644369
-5.228667473	-56.04187138
-5.193580751	-56.08644369
-5.239966733	-57.02108794
-5.186372052	-57.06566028
-5.176118346	-57.02108794
-5.186163836	-57.02108794
-5.260854491	-57.02108794
-5.012198603	-53.49980683
-5.078698557	-53.54438339
-5.057285786	-53.54438339
-5.050080599	-53.54438339
-5.049484372	-53.54438339
-4.796643076	-48.93105711
-4.756814638	-48.90877308
-4.783782192	-48.90877308
-4.753058438	-48.95334539
-4.803818563	-48.95334539
-4.507610425	-44.4514563
-4.476875493	-44.4514563
-4.521719011	-44.42916802
-4.503048503	-44.4514563
-4.505166116	-44.4514563
-4.406449445	-46.52410945
-4.477463098	-46.50182117
-4.448739755	-46.47953289
-4.431527402	-46.50182117
-4.425851585	-46.54639348
-4.451596026	-46.83611993
-4.427480911	-46.88069224
-4.445127582	-46.88069224
-4.430547634	-46.85840821
-4.421389939	-46.83611993
-4.287614329	-44.3623074
-4.361488725	-44.42916802
-4.337315807	-44.3623074
-4.294828457	-44.40688396
-4.371263086	-44.38459568
-4.059785523	-39.72670133
-4.022328582	-39.81584596
-4.100085003	-39.79355768
-4.078999566	-39.79355768
-4.100085003	-39.79355768
-3.882920269	-35.98255438
-3.831536133	-36.00483841
-3.87096634	-36.02712669
-3.835906444	-36.04941497
-3.804684503	-36.07169901
-3.461612317	-30.99035914
-3.477748779	-31.03493146
-3.530652704	-31.01264531
-3.563595625	-30.99035914
-3.478616135	-31.07950591
-3.269062162	-27.46907803
-3.208491589	-27.49136631
-3.264538562	-27.49136631
-3.246429152	-27.49136631
-3.231596279	-27.51365246
-3.239515214	-29.09599949
-3.199923415	-29.09599949
-3.19467457	-29.11828566
-3.172202833	-29.11828566
-3.170482811	-29.11828566
-3.133039602	-26.35474883
-3.05987161	-26.35474883
-3.052441281	-26.37703711
-3.050459073	-26.37703711
-2.991001756	-26.35474883
-2.756856836	-22.00886496
-2.7625681	-21.98657879
-2.833527464	-22.00886496
-2.756801588	-22.05343938
-2.748159963	-21.98657879
-2.750953003	-22.65517632
-2.753332803	-22.65517632
-2.744898436	-22.63289015
-2.785162149	-22.67746247
-2.77748592	-22.63289015
-2.695206219	-21.51856095
-2.656634745	-21.49627478
-2.686615371	-21.51856095
-2.67733265	-21.54084712
-2.696726647	-21.51856095
-2.423707828	-17.70755551
-2.379743801	-17.66298213
-2.408703623	-17.70755551
-2.475592226	-17.70755551
-2.438975656	-17.70755551
-2.093083126	-13.76282995
-2.095461968	-13.76282995
-2.050755611	-13.78511609
-2.069288479	-13.76282995
-2.108710863	-13.74054271
-1.659236356	-8.74834801
-1.638492305	-8.792921392
-1.603451091	-8.74834801
-1.609052818	-8.815208094
-1.623741664	-8.74834801
-1.610973871	-10.33069558
-1.584194734	-10.2861222
-1.616647772	-10.2861222
-1.541932207	-10.30840943
-1.52728807	-10.2861222
-1.487076252	-8.726061863
-1.475574524	-8.726061863
-1.524325455	-8.74834801
-1.509917318	-8.74834801
-1.456605103	-8.726061863
-1.374739121	-6.965421296
-1.398864615	-6.965421296
-1.362022584	-6.987707999
-1.342909136	-6.94313515
-1.314736673	-7.009994679
-1.375829703	-7.411152986
-1.33405666	-7.411152986
-1.358446018	-7.411152986
-1.328997988	-7.388866817
-1.318327051	-7.411152986
-1.297849258	-6.296823785
-1.263214817	-6.296823785
-1.274120238	-6.296823785
-1.316553937	-6.296823785
-1.275178486	-6.296823785
-0.957306168	0.322291449
-0.901185426	0.366864587
-0.858427426	0.322291449
-0.868745801	0.277718267
-0.867686914	0.277718267
-0.625008669	3.375553568
-0.585552354	3.353266865
-0.610402016	3.375553568
-0.644112057	3.375553568
-0.64239471	3.353266865
-0.605635709	2.929821878
-0.676499588	2.862962083
-0.636706678	2.885248496
-0.5616924	2.862962083
-0.596788263	2.862962083
-0.598348131	2.238380347
-0.542764296	2.216093933
-0.669399627	2.238380347
-0.613939741	2.282953729
-0.561672361	2.171520684
-0.494707433	3.687008304
-0.521801091	3.731581686
-0.491267589	3.709295006
-0.565573307	3.597862095
-0.535073218	3.820727917
-0.467442644	4.86819759
-0.421443197	4.845910887
-0.469962679	4.801337505
-0.466123127	4.845910887
-0.383245842	4.801337505
-0.399985357	4.667617914
-0.430979043	4.712191274
-0.413335286	4.667617914
-0.49356807	4.734477976
-0.456566603	4.645331745
-0.44669025	3.37499625
-0.408355215	3.37499625
-0.423557576	3.37499625
-0.416081421	3.419569366
-0.461495659	3.37499625
-0.419185029	3.441856046
-0.436968821	3.419569366
-0.399952903	3.441856046
-0.424343738	3.419569366
-0.461817803	3.441856046
-0.401750447	3.330423135
-0.454554815	3.37499625
-0.399232848	3.37499625
-0.418074727	3.352709548
-0.456012291	3.352709548
-0.513716493	3.330423135
-0.413776988	3.352709548
-0.403867342	3.330423135
-0.435324605	3.352709548
-0.416157147	3.352709548
-0.381505461	3.359952765
-0.336154336	3.426812583
-0.345539049	3.426812583
-0.383352225	3.382239467
-0.376288032	3.315379649
-0.390003578	3.560532174
-0.384585437	3.538245494
-0.392186618	3.538245494
-0.343606939	3.538245494
-0.453590017	3.538245494
-0.358880955	2.022757719
-0.467806344	2.022757719
-0.348115888	1.955898057
-0.365100465	1.978184626
-0.397940436	2.045044421
-0.432384464	2.000471172
-0.461995921	2.000471172
-0.409716087	1.978184626
-0.496830515	1.978184626
-0.441769777	2.000471172
-0.431537747	1.911324808
-0.442700604	1.978184626
-0.390283608	2.000471172
-0.421153346	1.978184626
-0.407932315	1.978184626
-0.450165821	2.981080893
-0.411044226	2.936507778
-0.423071086	2.958794213
-0.465307985	2.936507778
-0.442301296	2.981080893
-0.376985614	5.009160131
-0.362778388	4.986873451
-0.3771201	5.009160131
-0.362117532	4.986873451
-0.362042405	5.05373298
-0.251641995	7.10409892
-0.218318707	7.170958471
-0.240725956	7.170958471
-0.247601992	7.170958471
-0.194786866	7.193245151
-0.097611639	9.199038243
-0.029591313	9.243610558
-0.084129299	9.176751029
-0.096092858	9.176751029
-0.07903254	9.221324411
0.202453733	11.47226896
0.15771109	11.49455617
0.071380902	11.42769665
0.190425636	11.47226896
0.133583011	11.47226896
0.271182793	13.72321458
0.383547668	13.74550074
0.357914081	13.83464751
0.347331005	13.76778796
0.325446233	13.72321458
0.590350835	15.99644636
0.543818073	15.99644636
0.617122069	16.01873251
0.563058462	16.04101868
0.59525075	16.06330589
0.562215936	14.68153748
0.60927403	14.65925132
0.629626996	14.6369641
0.614894798	14.68153748
0.599292011	14.65925132
0.823395234	18.22510476
0.916855955	18.24739091
0.823334557	18.26967708
0.871578121	18.22510476
0.886780961	18.22510476
0.894066304	17.84623156
0.867233916	17.86851984
0.936764266	17.84623156
0.849051375	17.82394539
0.82195672	17.84623156
1.047537378	20.18632287
1.061742408	20.14175056
1.033852171	20.1640367
1.087913182	20.11946439
1.024467657	20.1640367
1.230013382	22.41498127
1.223597789	22.3926951
1.269072903	22.3926951
1.240381655	22.34812279
1.268737665	22.37040896
1.244198452	21.72409759
1.313269257	21.74638376
1.264488387	21.72409759
1.235075726	21.72409759
1.214189085	21.72409759
1.451887977	24.6882141
1.447723806	24.6882141
1.474097687	24.71050027
1.454668881	24.73278642
1.466694823	24.71050027
1.647041637	26.85001191
1.669115624	26.85001191
1.618689699	26.87229806
1.573213068	26.85001191
1.609630523	26.85001191
1.888101614	29.27924999
1.845340101	29.27924999
1.831655134	29.25696382
1.806144936	29.27924999
1.783737548	29.27924999
1.986741961	31.32961486
1.993683204	31.32961486
2.026660615	31.30732869
2.012714578	31.30732869
2.007033013	31.32961486
2.066963927	29.70269551
2.020964679	29.72498166
2.004303684	29.70269551
1.994395675	29.74726782
1.984872323	29.70269551
2.230046333	33.66970617
2.299577083	33.66970617
2.28371143	33.64742001
2.30916143	33.66970617
2.266325988	33.62513386
2.383690494	35.83150398
2.439875426	35.87608054
2.43227217	35.85379226
2.437094682	35.83150398
2.409001896	35.80921992
2.528747001	38.03787833
2.546917566	37.99330601
2.56799454	37.94872945
2.57216909	38.01559005
2.5814178	37.99330601
2.717603548	40.55626317
2.743377689	40.53397489
2.697897706	40.48940257
2.678469059	40.51168661
2.708603612	40.46711429
2.917186121	42.74034501
2.890614242	42.71806098
2.869202748	42.74034501
2.880966983	42.74034501
2.848375986	42.6957727
3.069356639	44.74613757
3.04602553	44.74613757
3.046687863	44.76842585
3.025137771	44.74613757
3.012649888	44.76842585
3.008837163	43.94382309
2.990727753	43.94382309
3.029464012	43.9883954
3.022720607	43.96610712
3.084911883	43.94382309
3.179770482	47.35367129
3.158283941	47.30909473
3.167206913	47.30909473
3.165485614	47.28681067
3.185514639	47.30909473
3.27322266	49.67147432
3.238449861	49.62690201
3.241690949	49.64918604
3.235072729	49.58232967
3.2357456	49.67147432
3.31246509	48.04455283
3.356545999	48.0222688
3.312129133	47.99998052
3.327134455	48.0222688
3.321311738	47.97769224
3.511005622	51.78869979
3.531891784	51.78869979
3.535993202	51.81098807
3.528265559	51.85556039
3.534734642	51.78869979
3.680255325	54.01735819
3.67053685	53.99506991
3.678735216	54.01735819
3.682237533	54.01735819
3.695323559	53.99506991
3.806671502	56.20144428
3.807205137	56.24601659
3.821539184	56.179156
3.789622336	56.22372831
3.799069682	56.20144428
3.869038102	54.16779349
3.822115931	54.19007752
3.755227328	54.19007752
3.851316703	54.10093289
3.821316278	54.14550521
3.776245063	56.61931771
3.882053871	56.55245712
3.847293526	56.5747454
3.839030331	56.5747454
3.868046519	56.59702943
3.949558501	58.60282199
3.951674517	58.60282199
3.943013412	58.58053796
3.942814457	58.58053796
3.957820737	58.60282199
4.050884905	60.98748564
4.010033907	60.96520159
4.079564817	60.96520159
4.051408321	60.9429133
4.056168559	60.96520159
4.181694707	63.88474155
4.281696126	63.88474155
4.241376527	63.86245752
4.221350056	63.86245752
4.23271606	63.86245752
4.396827414	67.13858451
4.402508659	67.11629623
4.427897664	67.18315682
4.452548649	67.16087279
4.36397423	67.11629623
4.469501051	66.42541466
4.364475291	66.4031264
4.35217359	66.35855406
4.431625442	66.4031264
4.445706564	66.4031264
4.408558435	64.9099261
4.432946595	64.9099261
4.458794826	64.93221439
4.480802227	64.9099261
4.464277754	64.9099261
4.518117376	67.5843162
4.533784712	67.60660448
4.572841919	67.56202791
4.593790354	67.53974386
4.565972689	67.5843162
4.615641913	69.25580998
4.630972015	69.23352169
4.56467932	69.23352169
4.61385866	69.25580998
4.694692661	69.25580998
4.757410546	71.57361726
4.843729393	71.57361726
4.75437001	71.57361726
4.718875798	71.57361726
4.725881709	71.57361726
4.803680923	71.12788134
4.73164407	71.17245366
4.745851974	71.15016962
4.811283061	71.12788134
4.77672231	71.17245366
4.901517145	74.09199785
4.830863399	74.11428613
4.798672229	74.09199785
4.863779495	74.11428613
4.879243724	74.09199785
4.992159039	76.16464678
5.005371528	76.12007869
4.992622417	76.16464678
4.998502937	76.14236697
5.061029532	76.16464678
5.104566906	78.39330518
5.137096588	78.46017
5.165049977	78.43788172
5.117790572	78.41559346
5.072973241	78.39330518
5.258426789	80.68882841
5.263985084	80.7333965
5.250364146	80.71111669
5.204289213	80.64425184
5.229213243	80.68882841
5.324310396	82.96205488
5.298138664	82.98434316
5.352601977	82.98434316
5.396296153	83.00663144
5.380293499	82.96205488
5.523965461	85.19071328
5.496535807	85.19071328
5.467711869	85.14614521
5.443458475	85.16843349
5.467710591	85.12385693
5.622202149	87.21879412
5.623788044	87.21879412
5.52986642	87.21879412
5.574944661	87.21879412
5.644875397	87.2410824
5.634724521	85.45815569
5.645031879	85.4358674
5.683293263	85.39129934
5.624205116	85.39129934
5.649714834	85.36901106
5.614668671	85.25757812
5.61803718	85.23528984
5.624454848	85.2798664
5.652605595	85.23528984
5.657565747	85.25757812
5.734087239	87.53080459
5.696484994	87.55309287
5.763768953	87.55309287
5.799650538	87.50852481
5.761191156	87.55309287
5.845144573	89.53659715
5.831533854	89.58117371
5.855787887	89.55888543
5.876353421	89.62575027
5.801525125	89.58117371
5.833176593	88.51142107
5.862066318	88.55598916
5.898345813	88.51142107
5.864709901	88.55598916
5.871314709	88.53370088
5.945214972	91.92126505
6.014941962	91.89897677
6.00515834	91.87668848
5.991013028	91.87668848
5.998416851	91.89897677
6.128857483	94.03849052
6.105461226	94.03849052
6.121328475	94.0607788
6.12581535	94.01620224
6.093960137	94.03849052
6.251246011	96.24486064
6.262213147	96.22257236
6.234718984	96.22257236
6.190762302	96.20029255
6.258313238	96.22257236
6.430241334	100.5684562
6.415500114	100.5461764
6.486415089	100.5238881
6.435128674	100.5461764
6.490249211	100.5238881
6.602347627	102.8862678
6.592226132	102.8194029
6.618136317	102.8194029
6.645303465	102.8416912
6.680726462	102.8194029
6.735752471	104.9589167
6.674746304	104.9366284
6.708057117	104.9366284
6.790671817	104.9143401
6.7819478	104.9143401
6.778708947	103.4211441
6.791995844	103.4434324
6.778311036	103.4211441
6.767070537	103.3988558
6.713668106	103.3988558
6.838395558	101.9502278
6.829333667	101.9056513
6.792456987	101.9279396
6.796022216	101.9056513
6.819554516	101.9279396
6.953013649	98.74291282
6.888564884	98.69833625
6.861471825	98.74291282
6.878247308	98.67604797
6.813353368	98.74291282
6.890830995	95.89022499
6.870741293	95.91251327
6.894932095	95.91251327
6.888651109	95.91251327
6.871005077	95.91251327
6.798776933	93.10440199
6.834134783	93.10440199
6.763082488	93.10440199
6.770623631	93.14897855
6.75746128	93.08212218
6.673440799	89.62770167
6.694392109	89.62770167
6.693130675	89.5831251
6.705496565	89.62770167
6.644487205	89.60541338
6.6317547	91.2546189
6.626457314	91.18776256
6.656669149	91.23233062
6.663935012	91.21004234
6.632677623	91.23233062
6.651582534	91.27690719
6.655087726	91.27690719
6.614907044	91.29919547
6.653764337	91.2546189
6.65408752	91.21004234
6.341299662	85.3040976
6.349102034	85.32638588
6.415193538	85.3040976
6.38439793	85.32638588
6.399863436	85.32638588
6.23053677	80.60163517
6.25148744	80.60163517
6.224853608	80.62391495
6.212428957	80.62391495
6.204164166	80.60163517
5.985038619	75.69858669
5.938440909	75.67629841
5.996143075	75.69858669
6.012656051	75.63172185
5.987218506	75.67629841
5.826410195	71.39727089
5.796014413	71.46413573
5.870829296	71.44184745
5.797597114	71.44184745
5.822910113	71.41955917
5.566253856	67.09595933
5.510606391	67.11824762
5.534855314	67.0736753
5.539617468	67.09595933
5.600101816	67.1405359
5.614733179	68.8120297
5.568272151	68.85660201
5.540117571	68.85660201
5.548504354	68.8120297
5.590606248	68.8120297
5.53749251	68.99031898
5.593138698	68.96803492
5.541653647	68.96803492
5.541914876	68.94574667
5.603120956	68.96803492
5.469445303	66.36050545
5.462240117	66.33821717
5.464159414	66.36050545
5.450213377	66.36050545
5.46978126	66.38278951
5.301876342	62.88379666
5.286409558	62.88379666
5.318925827	62.86150837
5.333928914	62.86150837
5.314761816	62.86150837
5.097945812	58.40419159
5.108327897	58.44876815
5.109312455	58.40419159
5.091664507	58.40419159
5.094506726	58.40419159
4.965594825	55.84123443
4.989451266	55.8189504
4.968898187	55.8189504
4.94318568	55.8189504
4.99890979	55.86352271
4.9441399	56.84301927
4.890475282	56.88759158
4.901443375	56.8653033
4.870573358	56.84301927
4.934420467	56.84301927
4.731642792	53.50003166
4.779961483	53.5223157
4.801184879	53.56689226
4.804886471	53.56689226
4.763110953	53.54460398
4.551932125	49.24329242
4.618557902	49.2655807
4.604288363	49.31015304
4.590866381	49.28786476
4.566612987	49.31015304
4.333276023	44.89740855
4.311526337	44.85283624
4.369567335	44.91969683
4.329048142	44.89740855
4.329110096	44.87512452
4.308500491	46.45746944
4.233026469	46.50204176
4.256555257	46.50204176
4.201432804	46.50204176
4.258673509	46.52433004
3.996363789	40.48466408
4.007468245	40.48466408
4.017850969	40.52924065
3.972374179	40.50695237
3.978070434	40.596097
3.796380751	36.38393434
3.795197238	36.42850665
3.795260469	36.4062226
3.741134709	36.45079494
3.731536949	36.36164606
3.487204428	31.32488062
3.425937352	31.34716676
3.494408656	31.32488062
3.467314001	31.34716676
3.49460825	31.32488062
3.343244092	32.77350858
3.344689792	32.70664798
3.340267426	32.75122029
3.35382641	32.81808089
3.397046669	32.77350858
3.023990664	26.97899675
3.032128673	27.04585521
3.048976967	27.00128289
3.056178321	26.97899675
3.098353346	27.02356906
2.786032379	22.63311288
2.799580505	22.63311288
2.769844182	22.67768519
2.784975009	22.65539902
2.738451069	22.69997134
2.76848343	23.36856887
2.759436549	23.43542947
2.76339905	23.4131433
2.797174199	23.4131433
2.766577865	23.45771561
2.51600268	18.66610008
2.473502716	18.66610008
2.469464369	18.62152776
2.483149656	18.64381391
2.483810712	18.64381391
2.109566243	14.34250235
2.136336438	14.36478956
2.123972145	14.3202162
2.15034395	14.3202162
2.12318782	14.38707573
2.048624585	15.83570369
2.079358399	15.83570369
2.056027449	15.83570369
2.108370914	15.81341754
2.120534177	15.81341754
1.933010918	13.3618933
1.886151181	13.38417947
1.908498371	13.42875283
1.910143505	13.38417947
1.921983585	13.45103899
1.626504046	9.461741092
1.630864458	9.439453879
1.654257841	9.41716771
1.610899622	9.41716771
1.632911814	9.439453879
1.335162491	6.72049096
1.34018348	6.698204258
1.366893477	6.765064343
1.373036025	6.72049096
1.388702403	6.74277764
1.167827853	4.53640594
1.162466916	4.469545856
1.161608422	4.491832558
1.13979774	4.491832558
1.124931814	4.53640594
1.075289576	3.578082766
1.096962059	3.53350965
1.034634979	3.53350965
1.054726916	3.53350965
0.992399117	3.53350965
1.007460086	4.807745279
0.986297127	4.718598537
0.951404252	4.763171897
1.021468955	4.785458599
1.041759289	4.785458599
0.99334671	5.052897293
0.962349591	5.052897293
1.016748635	5.075183973
0.970013125	5.030611124
0.950521806	5.075183973
0.860591744	2.400793903
0.813395651	2.378507468
0.832899744	2.423080583
0.876718945	2.400793903
0.85841066	2.400793903
0.610578816	0.261281888
0.6850688	0.261281888
0.705892609	0.283568479
0.683286584	0.283568479
0.632262636	0.283568479
0.169591029	-6.558412533
0.245827121	-6.580699235
0.242758981	-6.558412533
0.245429889	-6.580699235
0.215102988	-6.536126386
0.18897323	-6.045821315
0.234964933	-6.090394697
0.163949992	-6.068108017
0.190783488	-6.068108017
0.208602847	-6.045821315
0.011586971	-8.853930998
-0.004368974	-8.831644318
-0.004567712	-8.831644318
-0.06689511	-8.831644318
-0.102587589	-8.831644318
-0.225651434	-10.94886979
-0.203452722	-10.99344317
-0.240030969	-10.97115596
-0.269046518	-10.97115596
-0.226547612	-10.97115596
-0.480482244	-13.24438774
-0.469341183	-13.22210157
-0.512491744	-13.17752819
-0.484580908	-13.24438774
-0.464835307	-13.17752819
-0.685087721	-15.27246751
-0.685747978	-15.27246751
-0.680027612	-15.2501803
-0.677050866	-15.2501803
-0.684615881	-15.22789413
-1.017481545	-17.70170452
-0.953870436	-17.72399174
-0.94345426	-17.70170452
-0.96632319	-17.70170452
-0.96830484	-17.70170452
-1.19723261	-20.15322981
-1.222679258	-20.15322981
-1.208599253	-20.15322981
-1.263892958	-20.17551598
-1.256463188	-20.19780215
-1.422156285	-22.15902237
-1.392174861	-22.13673409
-1.366199688	-22.13673409
-1.393204766	-22.15902237
-1.356417663	-22.13673409
-1.425226521	-21.55728334
-1.346600828	-21.53499718
-1.416963805	-21.55728334
-1.395642688	-21.53499718
-1.430249904	-21.55728334
-1.632924269	-24.27624786
-1.567727585	-24.29853401
-1.616533923	-24.27624786
-1.608036645	-24.25395958
-1.585864299	-24.27624786
-1.851420216	-26.50490627
-1.836850966	-26.52719241
-1.793229283	-26.52719241
-1.802405661	-26.48261798
-1.755952776	-26.52719241
-1.892359514	-25.12313677
-1.792648545	-25.10085062
-1.857155751	-25.10085062
-1.824703033	-25.10085062
-1.831417218	-25.12313677
-1.977918147	-27.1512155
-2.054787411	-27.1512155
-1.974151088	-27.1512155
-1.965029958	-27.1512155
-1.962160913	-27.17350378
-2.058797336	-29.0678634
-2.109349085	-29.02328897
-2.10829938	-29.0678634
-2.162064433	-29.04557514
-2.128789068	-29.0678634
-2.27362187	-31.16280061
-2.301079627	-31.14051444
-2.290979049	-31.18508889
-2.237439936	-31.18508889
-2.266617715	-31.16280061
-2.454779994	-33.28002608
-2.435648343	-33.30231436
-2.452834351	-33.30231436
-2.443712263	-33.30231436
-2.470616107	-33.30231436
-2.657598386	-36.04356505
-2.703337203	-36.04356505
-2.627298249	-36.06584908
-2.637109176	-36.04356505
-2.599199556	-36.02127677
-2.773291571	-38.02706933
-2.824223506	-38.04935761
-2.800549734	-38.00478105
-2.864568653	-38.02706933
-2.799598069	-38.02706933
-3.027464559	-40.05515017
-2.940151893	-40.05515017
-2.993754877	-40.05515017
-2.984170529	-40.05515017
-2.999798266	-40.03286188
-2.990585004	-38.42822868
-3.02043246	-38.45051271
-2.957264291	-38.38365636
-3.074884916	-38.4059404
-3.018967919	-38.4059404
-3.169954286	-40.54545417
-3.139258314	-40.5677382
-3.160089548	-40.61231477
-3.125708592	-40.5677382
-3.106966549	-40.54545417
-3.276391256	-42.52895845
-3.248961283	-42.52895845
-3.235837254	-42.50667439
-3.231331857	-42.46209783
-3.281377276	-42.50667439
-3.381332389	-44.75761683
-3.382028892	-44.77990511
-3.419731094	-44.75761683
-3.427559014	-44.73533279
-3.383631712	-44.71304451
-3.378819739	-44.02215872
-3.403010859	-44.02215872
-3.391471767	-43.99987468
-3.430902294	-44.02215872
-3.480115805	-44.044447
-3.618084167	-46.91941463
-3.57610203	-46.87484232
-3.568445921	-46.91941463
-3.575838885	-46.87484232
-3.564933704	-46.87484232
-3.717802961	-49.14807303
-3.731116365	-49.12578898
-3.669648417	-49.12578898
-3.739367743	-49.08121666
-3.764335524	-49.14807303
-3.89100814	-51.3321591
-3.886899695	-51.28758679
-3.870944305	-51.30987507
-3.898401104	-51.28758679
-3.818000781	-51.30987507
-4.034376081	-53.38252397
-4.020211289	-53.44938459
-4.035632405	-53.38252397
-4.000781045	-53.44938459
-4.01970416	-53.38252397
-4.027431165	-51.86703967
-4.033152329	-51.8893237
-4.061469459	-51.86703967
-4.017233026	-51.93389602
-4.107205881	-51.86703967
-4.256120301	-55.49974946
-4.241277848	-55.47746543
-4.228454008	-55.47746543
-4.266092021	-55.45517715
-4.259386299	-55.47746543
-4.273854154	-54.54477255
-4.270350879	-54.54477255
-4.30822585	-54.54477255
-4.275138582	-54.52248427
-4.235245955	-54.50019599
-4.30576717	-56.23855039
-4.391824469	-56.23855039
-4.333641041	-56.30541101
-4.312347068	-56.26083867
-4.362871832	-56.23855039
-4.48791576	-58.08833772
-4.450703761	-58.08833772
-4.458136325	-58.06604944
-4.450703761	-58.08833772
-4.455728103	-58.08833772
-4.595186874	-60.2501355
-4.568180679	-60.22785147
-4.619122514	-60.29470784
-4.621294098	-60.2501355
-4.576453134	-60.27242379
-4.74273192	-62.65708744
-4.682621212	-62.67937572
-4.747753706	-62.65708744
-4.766695982	-62.67937572
-4.725770895	-62.63479915
-4.878087356	-65.08632338
-4.887670746	-65.08632338
-4.880307481	-65.10861166
-4.880069245	-65.08632338
-4.883136607	-65.06403935
-5.010760568	-66.91382668
-4.944325762	-66.86925011
-5.030380505	-66.86925011
-4.969386154	-66.91382668
-5.046508025	-66.86925011
-5.044978656	-65.04175106
-5.029946827	-65.06403935
-5.117495492	-65.08632338
-5.023857452	-65.01946703
-5.041938119	-65.04175106
-5.203933137	-69.09790849
-5.271247434	-69.07562446
-5.232684902	-69.09790849
-5.267744479	-69.07562446
-5.220855521	-69.09790849
-5.374921384	-71.41571577
-5.346830675	-71.41571577
-5.395610188	-71.41571577
-5.363146931	-71.37113921
-5.341806972	-71.41571577
-5.526045072	-73.71123053
-5.544539937	-73.66666246
-5.526071897	-73.68895074
-5.511229124	-73.66666246
-5.514732399	-73.66666246
-5.692198672	-75.98446549
-5.64301039	-75.93988893
-5.64757327	-75.93988893
-5.661518029	-75.93988893
-5.612912882	-75.96217721
-5.837312821	-78.16854733
-5.804661147	-78.16854733
-5.782624046	-78.19083561
-5.785484149	-78.12397926
-5.745572361	-78.16854733
-5.784940615	-76.56391837
-5.825484078	-76.54163009
-5.805165083	-76.56391837
-5.808921922	-76.51934181
-5.831963061	-76.54163009
-6.000972932	-80.48635886
-6.060447494	-80.4417823
-5.980048448	-80.46407058
-6.018620241	-80.48635886
-6.019734775	-80.4417823
-6.186213473	-82.55900776
-6.134423762	-82.53671948
-6.148076635	-82.55900776
-6.134848499	-82.5144312
-6.154649508	-82.53671948
-6.298741736	-84.5870886
-6.282417176	-84.5870886
-6.270387242	-84.5870886
-6.284164023	-84.56480032
-6.324414962	-84.56480032
-6.43569137	-86.90489164
-6.479909919	-86.90489164
-6.407599383	-86.90489164
-6.448777076	-86.90489164
-6.390123884	-86.92717992
-6.519936035	-88.82153956
-6.558933203	-88.82153956
-6.560254675	-88.82153956
-6.50863422	-88.82153956
-6.577268393	-88.79925128
-6.589971518	-87.95236449
-6.581734829	-87.93007621
-6.518719948	-87.95236449
-6.541870305	-87.88549964
-6.581039284	-87.90778793
-6.717645936	-91.49592963
-6.736786528	-91.51821791
-6.713455418	-91.51821791
-6.746596337	-91.49592963
-6.726831734	-91.49592963
-6.871645694	-93.65772319
-6.831165462	-93.68001147
-6.822442083	-93.68001147
-6.899774726	-93.68001147
-6.88582805	-93.68001147
-6.88338438	-91.31763188
-6.956357249	-91.31763188
-6.898652528	-91.31763188
-6.914752903	-91.33992016
-6.87833481	-91.33992016
-6.9749773	-93.85830923
-7.082408728	-93.83602095
-7.040814601	-93.90287732
-7.016354268	-93.85830923
-7.012716227	-93.85830923
-7.109609727	-96.17611228
-7.148002684	-96.13153572
-7.22665616	-96.13153572
-7.136237173	-96.13153572
-7.163893566	-96.10924744
-7.46481372	-101.1237288
-7.418394846	-101.1905937
-7.466143495	-101.1683054
-7.433482241	-101.1237288
-7.456098006	-101.1683054
-7.455957492	-100.5442844
-7.428200184	-100.5442844
-7.439793246	-100.5219962
-7.49947794	-100.5219962
-7.412787051	-100.4997079
-7.494328733	-100.4105632
-7.40628252	-100.3659867
-7.462472242	-100.4105632
-7.459921909	-100.3882749
-7.448788711	-100.4105632
-7.448845556	-100.2099857
-7.438402155	-100.2099857
-7.464773482	-100.2099857
-7.479080385	-100.1876974
-7.442763206	-100.2099857
-7.469761737	-99.60824452
-7.528096217	-99.6305328
-7.453408436	-99.6305328
-7.508758266	-99.60824452
-7.412429378	-99.6305328
-7.538517263	-98.33623442
-7.440034675	-98.33623442
-7.495819461	-98.33623442
-7.544427164	-98.31395461
-7.443735947	-98.33623442
-7.460777129	-98.29166633
-7.49494955	-98.29166633
-7.55288612	-98.31395461
-7.438315292	-98.33623442
-7.494288495	-98.29166633
-7.448681409	-93.72291662
-7.361992436	-93.70062833
-7.387702707	-93.70062833
-7.451287948	-93.70062833
-7.35435421	-93.67834005
-7.206556239	-88.53013748
-7.149975632	-88.53013748
-7.184354992	-88.57471404
-7.213099731	-88.53013748
-7.160852071	-88.55242576
-7.116978421	-88.7530033
-7.175576685	-88.77529158
-7.259468787	-88.70843523
-7.127213605	-88.70843523
-7.166452202	-88.77529158
-7.077525859	-84.69685012
-7.001062489	-84.74141818
-6.99408468	-84.7191384
-7.048375544	-84.69685012
-6.999080599	-84.74141818
-6.843747233	-80.48468744
-6.830163979	-80.46239916
-6.83306943	-80.46239916
-6.825666885	-80.46239916
-6.804253794	-80.46239916
-6.787866004	-82.13389296
-6.768632161	-82.13389296
-6.830479497	-82.20074931
-6.761266661	-82.15618124
-6.742262112	-82.13389296
-6.661342525	-79.5709358
-6.708569994	-79.59322408
-6.640670966	-79.50407096
-6.675918959	-79.59322408
-6.719268236	-79.54864752
-6.461859589	-75.47020606
-6.52174292	-75.47020606
-6.460764217	-75.44791777
-6.467977707	-75.49248584
-6.523471245	-75.51477412
-6.196799304	-70.58944162
-6.292042401	-70.58944162
-6.200140988	-70.61172565
-6.216402955	-70.61172565
-6.300739592	-70.61172565
-6.017697957	-66.88986698
-6.041228341	-66.88986698
-6.061092582	-66.91215526
-6.007227731	-66.91215526
-6.031878397	-66.91215526
-6.017948967	-67.4247433
-6.061986763	-67.35788695
-6.038690782	-67.38017098
-6.016853594	-67.40245926
-6.033867312	-67.38017098
-5.80109017	-62.63312774
-5.735204966	-62.6777043
-5.824121729	-62.6108437
-5.792999106	-62.65541602
-5.765504304	-62.65541602
-5.788438142	-64.43834273
-5.712220671	-64.39377041
-5.741171072	-64.39377041
-5.816293809	-64.41605445
-5.759054701	-64.41605445
-5.475443345	-58.46553739
-5.434527518	-58.46553739
-5.400091953	-58.46553739
-5.475905125	-58.46553739
-5.422074765	-58.48782568
-5.235082905	-55.54599742
-5.302886128	-55.50142086
-5.308768565	-55.50142086
-5.213100093	-55.52370914
-5.281746082	-55.54599742
-5.260041744	-55.88029618
-5.321689486	-55.94715255
-5.306602729	-55.85800792
-5.288368135	-55.90258024
-5.283806532	-55.90258024
-5.222792701	-56.41294539
-5.262477431	-56.3906571
-5.311038189	-56.4575177
-5.228902195	-56.3906571
-5.252640158	-56.43522942
-5.070923969	-53.29282363
-5.117559682	-53.31510766
-5.076608088	-53.29282363
-5.140889833	-53.31510766
-5.153225066	-53.33739594
-4.89995105	-49.59324899
-4.862410759	-49.59324899
-4.961760383	-49.6378213
-4.862855614	-49.66010958
-4.892067883	-49.66010958
-4.565630665	-44.33361348
-4.548616947	-44.35590176
-4.603069083	-44.31132944
-4.539654694	-44.33361348
-4.573892262	-44.33361348
-4.591847745	-45.87139031
-4.506407432	-45.96053494
-4.50362046	-45.91596263
-4.543677553	-45.91596263
-4.551143968	-45.91596263
-4.595504947	-46.11654019
-4.474098102	-46.16111675
-4.504859859	-46.13882847
-4.540788069	-46.16111675
-4.564572657	-46.11654019
-4.13251888	-39.63114679
-4.170230023	-39.65343083
-4.228159248	-39.63114679
-4.202711483	-39.63114679
-4.161468642	-39.63114679
-3.938560069	-35.86471156
-3.887943013	-35.90928812
-3.924378991	-35.84242752
-3.90802569	-35.86471156
-3.986451788	-35.88699984
-3.651097984	-31.02852582
-3.581133078	-31.00623753
-3.621251166	-31.00623753
-3.581802436	-31.05081196
-3.604755116	-30.98395137
-3.275080003	-26.54892073
-3.238209709	-26.59349518
-3.312473393	-26.61578133
-3.268083672	-26.59349518
-3.290329628	-26.61578133
-3.226725865	-28.3095613
-3.274446092	-28.3095613
-3.163133278	-28.26498898
-3.22523322	-28.28727513
-3.241795057	-28.3095613
-2.829544205	-22.15846454
-2.869690077	-22.13617837
-2.834170317	-22.15846454
-2.841192196	-22.09160395
-2.787562707	-22.11389223
-2.864012664	-22.76020146
-2.784782122	-22.69334298
-2.819850001	-22.71562914
-2.840773847	-22.73791529
-2.800220483	-22.71562914
-2.472554405	-17.52285528
-2.437402855	-17.56742761
-2.511722904	-17.54514144
-2.455511945	-17.56742761
-2.501967225	-17.52285528
-2.077133644	-13.33297665
-2.033257598	-13.37755004
-2.085603778	-13.37755004
-2.058570597	-13.37755004
-2.104138083	-13.35526387
-1.869273985	-10.79230671
-1.84012383	-10.79230671
-1.821155208	-10.79230671
-1.768648076	-10.81459288
-1.832740127	-10.72544718
-1.771700269	-12.0626422
-1.814435115	-12.08492837
-1.781049095	-12.04035499
-1.83726724	-12.0626422
-1.791094745	-12.04035499
-1.496653733	-8.496788244
-1.587732499	-8.496788244
-1.501639753	-8.474502075
-1.562853817	-8.519074924
-1.481621905	-8.519074924
-1.334372338	-6.557855749
-1.399965895	-6.535569069
-1.263982137	-6.557855749
-1.349006336	-6.535569069
-1.305394952	-6.580142451
-1.273852622	-6.959014056
-1.293085427	-6.959014056
-1.349439056	-6.981300736
-1.348407394	-6.959014056
-1.354054788	-6.936727376
-0.791826957	0.506991485
-0.774455886	0.417845143
-0.831609408	0.551564668
-0.853431267	0.484704917
-0.845369423	0.462418325
-0.450637701	3.315100991
-0.53042575	3.225954759
-0.501659734	3.337387693
-0.579666924	3.225954759
-0.475287968	3.337387693
-0.489430885	2.33114832
-0.507128332	2.442581253
-0.480693854	2.420294818
-0.422467952	2.398008138
-0.483934902	2.398008138
-0.445511687	3.980355708
-0.419664614	4.002642122
-0.446511254	3.91349589
-0.37333919	3.958069006
-0.393828718	3.958069006
-0.40068697	4.047215237
-0.347209452	4.09178862
-0.340264856	4.136361735
-0.319053435	4.09178862
-0.351818079	4.225507966
-0.307780502	2.88831292
-0.345457255	2.866026507
-0.326287742	2.88831292
-0.314922097	2.866026507
-0.376650615	2.88831292
-0.378253036	3.267184792
-0.373890987	3.267184792
-0.357561159	3.311758174
-0.335354842	3.289471494
-0.41976485	3.244898379
-0.37997194	3.267184792
-0.386128619	3.200325263
-0.367884763	3.200325263
-0.343231821	3.200325263
-0.29207177	3.222611676
-0.200294245	3.245455429
-0.170833901	3.111736083
-0.205515227	3.245455429
-0.186210289	3.290028545
-0.145168878	3.267742109
-0.239487195	3.267742109
-0.246753777	3.290028545
-0.264214865	3.200882314
-0.196714326	3.334601927
-0.236584678	3.223168994
-0.178974485	3.022589585
-0.185653422	3.000303149
-0.164965756	3.000303149
-0.165699813	2.955729767
-0.168468252	3.000303149
-0.194462047	2.376278753
-0.218516306	2.398565188
-0.231739313	2.376278753
-0.184079303	2.420851869
-0.172052782	2.398565188
-0.178081761	1.796827606
-0.208094082	1.752254357
-0.170156519	1.752254357
-0.134723542	1.796827606
-0.163937178	1.796827606
-0.182779007	1.774540903
-0.232743012	1.796827606
-0.216155966	1.774540903
-0.259514285	1.774540903
-0.220379975	1.819114152
-0.158744748	3.0671627
-0.194825567	3.111736083
-0.203687464	3.0671627
-0.189005903	3.134022496
-0.183721331	3.111736083
-0.067346766	5.362681165
-0.088634656	5.318107783
-0.060542285	5.340394485
-0.049697536	5.384967334
-0.07904957	5.340394485
0.041179899	7.234754109
0.060012203	7.212467429
0.025313787	7.212467429
0.030012993	7.257040812
0.047922087	7.234754109
0.077559311	6.454723664
0.064671887	6.454723664
0.043659551	6.499296513
0.051323968	6.477010366
0.064870627	6.454723664
0.276830667	9.218260521
0.32871275	9.195973285
0.335717903	9.195973285
0.314568097	9.195973285
0.339419096	9.195973285
0.571487719	11.58063798
0.511738995	11.58063798
0.505197658	11.60292415
0.513460015	11.60292415
0.534733349	11.5360646
0.749503114	13.58643054
0.725559411	13.45271146
0.741362231	13.49728377
0.720012133	13.47499763
0.75148197	13.54185716
0.992546737	15.97109523
1.009460258	15.92652185
0.979985005	15.94880802
0.986789566	15.92652185
0.968218535	15.92652185
1.206478846	18.15517921
1.216786283	18.13289304
1.20686518	18.08832073
1.251683389	18.13289304
1.187572657	18.13289304
1.340576121	20.40612587
1.358024794	20.40612587
1.374213789	20.38383759
1.37223174	20.38383759
1.375535901	20.38383759
1.533547499	22.54563751
1.564740699	22.52335136
1.544651796	22.54563751
1.546634004	22.54563751
1.599040541	22.50106308
1.621947553	21.78789323
1.599152154	21.83246555
1.585991879	21.78789323
1.629412691	21.76560709
1.623791802	21.74332092
1.81318374	24.77429591
1.809421791	24.81886823
1.799240258	24.79658208
1.829250105	24.81886823
1.872932465	24.77429591
1.925151702	27.13667339
1.939022851	27.0698128
1.99652718	27.09210108
1.956471045	27.0698128
1.974256154	27.11438722
2.194659742	29.27618503
2.195458437	29.32075946
2.153020746	29.27618503
2.153482527	29.27618503
2.160948303	29.25389886
2.221663382	27.56011891
2.23236849	27.53783274
2.288153755	27.56011891
2.23197042	27.53783274
2.280949367	27.56011891
2.343757948	30.05621548
2.336815268	30.03392931
2.331394613	30.03392931
2.375415803	30.05621548
2.351086883	30.01164314
2.471763214	31.79456987
2.468983906	31.7722837
2.444793424	31.7722837
2.44783428	31.7722837
2.46990619	31.74999542
2.569273539	33.82264858
2.572974971	33.82264858
2.565572107	33.82264858
2.587981092	33.84493475
2.627363876	33.77807626
2.777605038	36.16273989
2.790953251	36.14045161
2.79987782	36.16273989
2.802242291	36.05130698
2.819967522	36.14045161
2.899532425	38.39139829
2.934429452	38.39139829
2.871440438	38.39139829
2.920282863	38.36911001
2.86621746	38.36911001
3.147596876	40.82063426
3.139594271	40.77606192
3.12756817	40.7983502
3.100596145	40.75377789
3.107538825	40.77606192
3.236966797	42.75957045
3.249916141	42.71499388
3.265258059	42.78185448
3.28832762	42.80414276
3.276299602	42.80414276
3.369937324	45.03280116
3.339663215	45.01051288
3.350046577	45.0550852
3.362658368	44.96594057
3.378200199	45.03280116
3.395607357	43.22758617
3.433943469	43.24987445
3.391779621	43.27215848
3.393886377	43.20530214
3.382057634	43.22758617
3.457582752	43.07158092
3.420104415	43.04929264
3.445092954	43.07158092
3.41363629	43.11615326
3.411380078	43.04929264
3.654544096	47.32832016
3.623994707	47.23917128
3.658892053	47.23917128
3.611969882	47.26145957
3.605762986	47.30603188
3.750811669	49.46782969
3.750136881	49.35639675
3.730983195	49.46782969
3.721398209	49.44554565
3.737323261	49.42325737
3.874671126	51.807921
3.910689712	51.78563697
3.859866036	51.807921
3.881475846	51.78563697
3.85464242	51.78563697
4.028975863	53.96971881
4.055023049	54.01429535
4.056269793	53.94743475
4.016626579	54.0365794
4.032813179	53.99200707
4.190277252	56.55496422
4.18123069	56.59953656
4.165826818	56.57725251
4.114802271	56.57725251
4.129931502	56.53267594
4.154378741	55.99779962
4.104613393	56.0200879
4.110096003	55.99779962
4.109372674	56.0200879
4.084385732	55.99779962
4.204586071	54.45695997
4.24192549	54.43467591
4.22407699	54.41238763
4.212051527	54.43467591
4.184557045	54.43467591
4.196428262	57.15363832
4.204291949	57.13135004
4.202571288	57.109066
4.238651509	57.06448944
4.244731623	57.06448944
4.454071631	60.47433764
4.464453078	60.51890995
4.492607338	60.49662592
4.459555199	60.47433764
4.485006796	60.51890995
4.488785351	59.11485856
4.432539423	59.11485856
4.464992461	59.11485856
4.434459359	59.13714259
4.446085633	59.09257028
4.698520396	63.0372948
4.66884475	63.0372948
4.671287143	63.01501074
4.624166017	63.0372948
4.646698111	62.99272246
4.754256002	65.04308735
4.765957963	65.06537564
4.749033982	65.04308735
4.810101784	65.0208033
4.780227182	65.0208033
4.911045926	67.51689986
4.882430523	67.53918389
4.907744799	67.53918389
4.855921557	67.49461158
4.843895774	67.51689986
4.839437003	66.80373003
4.878879984	66.6922971
4.859526066	66.78144175
4.858867884	66.80373003
4.830513391	66.80373003
4.873334143	66.73686942
4.916631685	66.78144175
4.866605428	66.82601407
4.856621573	66.80373003
4.824628719	66.78144175
5.050806483	69.63412535
5.019162041	69.74555826
5.018041759	69.7678423
5.015998236	69.81241886
5.020147876	69.70098595
5.144869899	72.08564533
5.151215393	72.08564533
5.10561214	72.10793361
5.112952412	72.13022189
5.114259514	72.01878898
5.115847005	70.54787274
5.14896014	70.54787274
5.097736637	70.54787274
5.097214819	70.5924493
5.115508174	70.48101637
5.328905211	74.11372617
5.362081578	74.09143789
5.314696988	74.13601445
5.339548206	74.13601445
5.318396344	74.11372617
5.431666138	76.36467285
5.48096747	76.34238457
5.444089511	76.34238457
5.436038685	76.45381748
5.44825001	76.32009629
5.491564158	78.37046541
5.4944051	78.37046541
5.497447233	78.39275369
5.503453578	78.32588885
5.546090703	78.37046541
5.70679299	80.91113429
5.668655513	80.888846
5.673079795	80.86656622
5.703352308	80.86656622
5.691186969	80.84427794
5.816316802	82.80549393
5.840244459	82.82778221
5.837864659	82.82778221
5.88895116	82.78320565
5.840830786	82.76092584
5.906328937	85.12329697
5.870370709	85.10101716
5.86945034	85.12329697
5.880416837	85.10101716
5.871094996	85.07872888
5.919495759	83.22893732
5.974219663	83.22893732
5.946004406	83.27351388
5.995445614	83.29580216
5.959611931	83.20665753
6.04703605	85.43531591
6.042088672	85.52446057
6.096612662	85.50217228
6.087490095	85.479884
6.100651168	85.54674885
6.068539197	85.12329697
6.088229711	85.07872888
6.111037724	85.12329697
6.108922985	85.12329697
6.09153435	85.07872888
6.115460729	87.46338828
6.135949619	87.46338828
6.122863913	87.48567656
6.166683912	87.48567656
6.125306305	87.44110847
6.205796685	89.73662324
6.224442284	89.78119981
6.244196668	89.73662324
6.268062371	89.75891153
6.263962549	89.75891153
6.284215119	88.9565928
6.336958411	88.9565928
6.300203083	88.88973645
6.282155947	88.86744817
6.266090701	88.84515989
6.415489895	91.89842528
6.344498277	91.85384871
6.356663615	91.87613699
6.357186073	91.83156043
6.340796366	91.85384871
6.509798572	94.19394003
6.582970077	94.21622831
6.516541977	94.19394003
6.541727236	94.23851659
6.531545703	94.19394003
6.766633027	98.85183439
6.791947303	98.85183439
6.758170877	98.82954611
6.767294082	98.85183439
6.734179351	98.82954611
6.806605492	97.75979347
6.817052086	97.75979347
6.816392307	97.78208176
6.893786904	97.75979347
6.841839433	97.80437004
6.840781745	95.17845082
6.866752606	95.15616253
6.804686834	95.13387425
6.804748788	95.11159445
6.81156756	95.17845082
6.83487887	94.55442984
6.798584684	94.48756502
6.855950255	94.46527674
6.850053767	94.33156402
6.853818271	94.30927574
6.838883525	93.35094754
6.869280584	93.28409117
6.866836275	93.30637945
6.886666665	93.32866773
6.879463395	93.32866773
6.782507302	88.51476389
6.777086008	88.51476389
6.780327415	88.51476389
6.801016219	88.53705217
6.795393734	88.51476389
6.815894121	88.60390854
6.752186248	88.6484851
6.781860298	88.62619682
6.752909897	88.60390854
6.72924283	88.58162026
6.511765132	83.14369547
6.509508602	83.09911891
6.50494636	83.0768391
6.524901296	83.03226254
6.514979076	82.96540619
6.064961194	74.13991723
6.055765177	74.07305239
5.998784743	74.02848432
5.997525224	74.00619604
5.986805905	73.91705141
5.856954794	70.75235309
5.870759039	70.70778077
5.835143792	70.77464137
5.84102559	70.77464137
5.845850338	70.75235309
5.797374846	68.65741588
5.828904961	68.67969993
5.803455919	68.65741588
5.8224247	68.65741588
5.807094598	68.67969993
5.776806119	66.67390737
5.747669217	66.74076797
5.785330861	66.65162332
5.739205789	66.71848394
5.769940083	66.71848394
5.581746827	63.24177514
5.541429463	63.24177514
5.564360746	63.21948686
5.559211538	63.2640634
5.543547396	63.2640634
5.288129899	58.33872665
5.285090321	58.33872665
5.284690814	58.31643837
5.29215627	58.29415433
5.296655919	58.33872665
5.238724778	56.22150118
5.208850816	56.22150118
5.249230772	56.1992129
5.24844485	56.24378946
5.233441124	56.24378946
5.212651406	56.9321639
5.219393853	56.95445218
5.191901607	56.97673621
5.235845514	56.90987986
5.212390497	56.95445218
5.12710443	58.29164723
5.163457057	58.29164723
5.133846558	58.29164723
5.137148642	58.26935894
5.126780928	58.33621954
4.913646716	53.25487754
4.923031789	53.25487754
4.910542629	53.27716582
4.958987144	53.25487754
4.935394486	53.27716582
4.715252127	49.15414779
4.722718542	49.13185951
4.731780113	49.17643183
4.734558143	49.19872011
4.71855517	49.13185951
4.461872726	44.62997039
4.500869575	44.62997039
4.479857588	44.67454271
4.498429098	44.67454271
4.492944253	44.67454271
4.511171822	45.07570208
4.478807883	45.23170731
4.503920649	45.20942327
4.488391912	45.23170731
4.489837931	45.18713499
4.23765769	40.21722592
4.20474351	40.21722592
4.242356933	40.26179824
4.222128314	40.23951421
4.236137901	40.21722592
3.950982166	35.82676974
3.91964941	35.80448146
3.95910772	35.80448146
3.950857299	35.87134205
3.972991164	35.82676974
3.917110254	37.56512414
3.900121764	37.56512414
3.921486633	37.67655705
3.925708447	37.60969645
3.927091873	37.58740817
3.850931247	36.00506325
3.854692238	35.96049093
3.8420054	35.98277496
3.862707936	36.0942079
3.867778903	35.96049093
3.729415504	34.35585561
3.775417306	34.35585561
3.752348383	34.33356944
3.806137228	34.2444227
3.76800039	34.2444227
3.596715786	31.63689109
3.633069051	31.65917937
3.612718759	31.70375169
3.666183145	31.65917937
3.602336994	31.65917937
3.270082806	27.00128289
3.251912401	27.04585521
3.281262948	27.06814138
3.281985958	27.04585521
3.302873078	27.04585521
3.044379278	22.8559787
3.075375438	22.83369042
3.042859169	22.8559787
3.077480597	22.76683196
3.057066754	22.83369042
2.952865557	23.56914855
2.986961972	23.50228795
2.993766693	23.48000178
2.99356646	23.45771561
3.023777018	23.50228795
2.895947076	22.05365999
2.915176767	22.03137383
2.869911068	22.09823442
2.915699544	21.98680151
2.843664607	22.05365999
2.638840375	18.33180132
2.622512463	18.30951515
2.681274234	18.33180132
2.657282548	18.33180132
2.680153633	18.35408747
2.322272844	14.3202162
2.297424022	14.34250235
2.30840425	14.40936295
2.311045918	14.38707573
2.274554054	14.34250235
2.220964643	15.92485045
2.25301961	15.92485045
2.261942743	15.92485045
2.27516561	15.94713662
2.273444151	15.92485045
2.105270979	13.85219835
2.150486221	13.89677068
2.126343642	13.7630516
2.176918863	13.85219835
2.168455914	13.82991113
1.849954876	9.23887527
1.802571244	9.28344863
1.840508807	9.28344863
1.826101628	9.28344863
1.804815001	9.261161416
1.572972757	7.077076396
1.621554592	7.099363099
1.586720318	7.077076396
1.62855763	7.077076396
1.575553269	7.099363099
1.289970322	4.424973007
1.293611317	4.469545856
1.30081315	4.447259442
1.356335749	4.469545856
1.323881035	4.447259442
1.044723101	2.352320654
1.076638193	2.285460858
1.046504518	2.330033974
1.018213177	2.307747538
1.057546541	2.352320654
0.942149075	3.420405053
0.998793552	3.420405053
0.913398108	3.420405053
0.96614108	3.420405053
0.972224628	3.442691755
0.85096181	2.172356527
0.85440361	2.216929643
0.874753103	2.150069825
0.856645291	2.172356527
0.925777172	2.150069825
0.629264533	0.211137085
0.695356038	0.188850494
0.710560236	0.211137085
0.707317551	0.166563903
0.680025137	0.211137085
0.304442371	-6.385691624
0.334317272	-6.385691624
0.283926017	-6.363404921
0.295491714	-6.363404921
0.290931589	-6.363404921
0.25816934	-5.962246637
0.232223209	-5.984533317
0.237823918	-5.917673254
0.241779194	-5.962246637
0.233489294	-5.939959934
0.245888337	-6.920569522
0.250421657	-6.898283376
0.191823712	-6.920569522
0.21121747	-6.942856224
0.190302866	-6.920569522
0.015859339	-8.859502551
0.011986572	-8.881789231
0.002953826	-8.792643
-0.013118779	-8.837215849
-0.002466921	-8.792643
-0.230427621	-11.06587478
-0.266156656	-11.08816095
-0.257252245	-11.0213014
-0.214499215	-11.06587478
-0.194245188	-11.08816095
-0.506933807	-13.04938013
-0.439593603	-13.09395351
-0.45568324	-13.07166734
-0.479503954	-13.04938013
-0.491015103	-13.09395351
-0.702973266	-15.47861821
-0.747851992	-15.47861821
-0.735462789	-15.50090435
-0.772241669	-15.47861821
-0.743979628	-15.45633097
-0.943497452	-17.64041706
-0.963986502	-17.64041706
-0.949126165	-17.68498937
-0.94602096	-17.68498937
-0.950013161	-17.66270323
-1.198019809	-20.02508069
-1.170787833	-20.02508069
-1.164642412	-20.02508069
-1.130668867	-20.02508069
-1.155294304	-20.04736686
-1.365656473	-21.96401476
-1.320379916	-21.96401476
-1.371141158	-21.96401476
-1.353304953	-22.0085871
-1.33739515	-21.94172648
-1.444990964	-21.31770342
-1.415588682	-21.36227573
-1.400085013	-21.33998956
-1.359795753	-21.31770342
-1.453687837	-21.33998956
-1.581898285	-24.3041061
-1.586259974	-24.3041061
-1.616568892	-24.32639224
-1.589301308	-24.3041061
-1.553543791	-24.3041061
-1.826738573	-26.71105589
-1.783805569	-26.68876973
-1.747387795	-26.68876973
-1.773352429	-26.64419741
-1.804493894	-26.68876973
-1.833993897	-25.150995
-1.856437851	-25.17328117
-1.846392202	-25.17328117
-1.787105418	-25.17328117
-1.872300949	-25.17328117
-1.97623996	-27.20136201
-2.005262694	-27.24593433
-2.03139818	-27.22364816
-1.969967916	-27.24593433
-2.014411926	-27.22364816
-2.126384998	-29.27401305
-2.116837535	-29.2962992
-2.173255274	-29.31858748
-2.13792409	-29.2962992
-2.133099502	-29.2962992
-2.294206405	-31.32438004
-2.271337715	-31.32438004
-2.217245327	-31.34666621
-2.242520962	-31.32438004
-2.261111473	-31.25751944
-2.428216738	-33.35245876
-2.405547003	-33.35245876
-2.373690193	-33.35245876
-2.390477172	-33.35245876
-2.441266517	-33.3301726
-2.596367556	-35.67026391
-2.685039377	-35.69254796
-2.602911207	-35.67026391
-2.636394789	-35.69254796
-2.590909855	-35.64797563
-2.733017639	-37.96578291
-2.785099556	-37.96578291
-2.797524526	-37.96578291
-2.794855395	-37.98806694
-2.787535242	-37.92120635
-2.843162269	-36.31657316
-2.863027468	-36.33886144
-2.859950845	-36.31657316
-2.77257399	-36.31657316
-2.815043457	-36.33886144
-2.9120532	-38.14407219
-2.942352857	-38.12178816
-2.939944635	-38.14407219
-2.894831904	-38.12178816
-2.89677611	-38.09949987
-3.14521963	-40.52874007
-3.050440231	-40.52874007
-3.107282067	-40.52874007
-3.07575323	-40.52874007
-3.110840909	-40.4841635
-3.253024379	-42.42309971
-3.269548533	-42.42309971
-3.222914736	-42.40081143
-3.222651271	-42.40081143
-3.214860716	-42.44538375
-3.366046038	-44.5848975
-3.453849545	-44.56260922
-3.381286083	-44.60718155
-3.383629796	-44.5848975
-3.333764491	-44.60718155
-3.378248421	-44.0277329
-3.328782304	-44.05001695
-3.394149521	-44.05001695
-3.352112456	-44.05001695
-3.374114109	-44.00544461
-3.495168072	-46.76898358
-3.52093391	-46.72440702
-3.505468403	-46.72440702
-3.512634629	-46.70212299
-3.530717532	-46.72440702
-3.727295974	-49.08678662
-3.686145106	-49.06449833
-3.731196202	-49.08678662
-3.674977419	-49.06449833
-3.707402034	-49.08678662
-3.820091568	-51.24858442
-3.807402176	-51.24858442
-3.777566216	-51.2708727
-3.84904197	-51.24858442
-3.827720852	-51.22630037
-3.901366912	-49.79995647
-3.875447467	-49.75538413
-3.934931928	-49.75538413
-3.906670047	-49.73309585
-3.922308961	-49.75538413
-3.983325027	-51.69431609
-3.97936061	-51.69431609
-3.940770614	-51.7388884
-3.994591394	-51.67203206
-3.997904017	-51.71660437
-4.112030628	-53.94526277
-4.116329086	-53.94526277
-4.096582686	-53.87840218
-4.141443449	-53.94526277
-4.111198401	-53.92297449
-4.24816049	-55.86190645
-4.21178008	-55.88419473
-4.223716124	-55.90648302
-4.225037916	-55.90648302
-4.278659741	-55.83962242
-4.189617154	-55.63904061
-4.216423755	-55.66132889
-4.216224481	-55.66132889
-4.257166813	-55.63904061
-4.216848172	-55.63904061
-4.266227745	-54.96849593
-4.266253932	-54.94620765
-4.243611022	-54.92392362
-4.276236829	-54.94620765
-4.264046581	-54.96849593
-4.361028541	-58.11090175
-4.389806493	-58.08861769
-4.442087045	-58.08861769
-4.413560742	-58.06632941
-4.43269335	-58.04404538
-4.551009202	-60.2504155
-4.599155762	-60.22812722
-4.556685338	-60.20584318
-4.567335677	-60.2504155
-4.520965025	-60.22812722
-4.666315174	-62.27849634
-4.63773522	-62.30078037
-4.649933771	-62.32306865
-4.626639067	-62.34535268
-4.72967208	-62.30078037
-4.691255811	-60.7407195
-4.675563565	-60.76300778
-4.708903759	-60.7407195
-4.771229162	-60.7407195
-4.746377306	-60.7407195
-4.895352083	-64.64087168
-4.906881595	-64.61858765
-4.870039723	-64.64087168
-4.868980438	-64.64087168
-4.966971226	-64.66315996
-5.066999151	-66.95867896
-5.057867962	-66.9141024
-5.0441212	-66.9141024
-5.027333582	-66.9141024
-5.103777791	-66.93639068
-5.047825346	-66.33465377
-5.102487296	-66.33465377
-5.069429089	-66.29008145
-5.107537824	-66.31236549
-5.050923685	-66.29008145
-5.167831839	-69.1427608
-5.236006148	-69.12047677
-5.214430827	-69.1427608
-5.193967804	-69.12047677
-5.16109035	-69.1427608
-5.344101825	-71.72800624
-5.346509408	-71.70571796
-5.374147279	-71.75029452
-5.361892522	-71.77258281
-5.363631066	-71.70571796
-5.486216315	-73.35492348
-5.423257	-73.33264367
-5.406694205	-73.31035539
-5.425664903	-73.31035539
-5.428913336	-73.35492348
-5.464078299	-71.88401572
-5.468213888	-71.90629552
-5.474312844	-71.83943915
-5.491732775	-71.86172744
-5.528348866	-71.86172744
-5.629742015	-75.65044673
-5.702910965	-75.65044673
-5.684657529	-75.60587017
-5.728215022	-75.60587017
-5.693127982	-75.65044673
-5.834736301	-78.25797195
-5.849748969	-78.30254852
-5.900709007	-78.30254852
-5.81230065	-78.28026023
-5.807938322	-78.28026023
-5.965784977	-80.64263983
-5.99014695	-80.66492811
-5.988863161	-80.68721639
-6.037631816	-80.64263983
-5.976437232	-80.68721639
-6.107340923	-82.87129823
-6.135865949	-82.89358651
-6.18139639	-82.84900995
-6.091874139	-82.87129823
-6.082489066	-82.87129823
-6.244229881	-84.92166735
-6.214392324	-84.94394714
-6.289959596	-84.87709079
-6.257052442	-84.92166735
-6.261207193	-84.87709079
-6.302663998	-86.97202798
-6.383236132	-86.97202798
-6.383272538	-86.99431626
-6.390674444	-86.99431626
-6.366512385	-86.97202798
-6.383436046	-85.18910126
-6.401251972	-85.21138955
-6.399297547	-85.18910126
-6.434392252	-85.18910126
-6.361887551	-85.18910126
-6.610826384	-89.22297466
-6.652634475	-89.24526294
-6.59859973	-89.22297466
-6.614934509	-89.26755122
-6.594897819	-89.22297466
-6.665978855	-88.4652325
-6.634849845	-88.4652325
-6.582567696	-88.4652325
-6.614819542	-88.4652325
-6.648565949	-88.48752078
-6.813106829	-91.51848941
-6.750182643	-91.51848941
-6.763013508	-91.56306597
-6.790245804	-91.56306597
-6.773032172	-91.58535426
-6.905332702	-93.65800318
-6.865279761	-93.65800318
-6.882927709	-93.65800318
-6.884899379	-93.6134351
-6.886855081	-93.6357149
-7.045860978	-95.86437328
-6.969189391	-95.86437328
-6.972890664	-95.86437328
-6.985515228	-95.86437328
-6.982717079	-95.77522865
-7.048420892	-94.30431241
-7.043596783	-94.30431241
-7.042936366	-94.30431241
-7.090672881	-94.23745604
-7.000038651	-94.30431241
-7.206235611	-98.00388706
-7.223222504	-98.00388706
-7.267235391	-97.95931897
-7.224309573	-97.98159877
-7.215614297	-97.95931897
-7.356916679	-100.3885549
-7.442915855	-100.433123
-7.35752089	-100.433123
-7.365178915	-100.3885549
-7.381279291	-100.4108432
-7.455826558	-102.2606263
-7.45125282	-102.2160497
-7.458221687	-102.1937699
-7.457135256	-102.2160497
-7.463679387	-102.2160497
-7.473901158	-101.0794407
-7.523975318	-101.1017205
-7.473213916	-101.1017205
-7.469965482	-101.0571524
-7.512210445	-101.1017205
-7.468094727	-99.51909986
-7.482040125	-99.51909986
-7.478575811	-99.54138815
-7.561156021	-99.51909986
-7.513896616	-99.51909986
-7.519970663	-99.4745233
-7.451588777	-99.45223502
-7.4905291	-99.49681158
-7.452910888	-99.45223502
-7.569211957	-99.4745233
-7.512670949	-97.13443199
-7.543603239	-97.13443199
-7.483722464	-97.13443199
-7.528535643	-97.13443199
-7.447964787	-97.13443199
-7.378362343	-93.45714563
-7.379448774	-93.43485735
-7.340886561	-93.45714563
-7.395310275	-93.43485735
-7.358505767	-93.47943391
-7.218997496	-89.20040641
-7.184798889	-89.22269467
-7.179578785	-89.22269467
-7.207207714	-89.22269467
-7.206112981	-89.20040641
-7.211287098	-89.44556051
-7.16712667	-89.40099245
-7.169514135	-89.44556051
-7.223307451	-89.40099245
-7.177342054	-89.42327223
-7.022564997	-84.25278985
-6.975994112	-84.23050157
-6.976402242	-84.27507813
-7.011063269	-84.25278985
-6.992529443	-84.27507813
-6.960657623	-85.7014178
-6.956955712	-85.7014178
-6.929525419	-85.7014178
-6.931271628	-85.67912952
-6.985934216	-85.67912952
-6.680746262	-80.01833889
-6.677476751	-80.04062717
-6.672935587	-79.97376232
-6.631966749	-80.01833889
-6.731704384	-80.01833889
-6.442989806	-75.18214679
-6.500228276	-75.18214679
-6.432745042	-75.18214679
-6.444916767	-75.22672333
-6.460609013	-75.20443505
-6.280004802	-71.28199458
-6.254105476	-71.32657115
-6.274158772	-71.30428286
-6.241735115	-71.28199458
-6.285896181	-71.32657115
-5.978838748	-66.46809499
-5.937007664	-66.5126673
-6.015850834	-66.46809499
-5.964701101	-66.5126673
-5.986278338	-66.49037902
-5.981723122	-67.11440422
-5.953849571	-67.04754362
-5.977379316	-67.04754362
-5.981315631	-67.0698319
-5.980446997	-67.02525959
-5.981643284	-68.54074389
-5.937226099	-68.54074389
-5.966837556	-68.54074389
-5.918286059	-68.51845986
-5.993407519	-68.54074389
-5.675849203	-62.56794278
-5.706529845	-62.61251512
-5.652065893	-62.61251512
-5.656627496	-62.61251512
-5.665152877	-62.61251512
-5.406302043	-58.15519832
-5.400682113	-58.15519832
-5.470373975	-58.13291003
-5.415912577	-58.13291003
-5.420473541	-58.13291003
-5.294198517	-56.10483344
-5.299230204	-56.14940576
-5.359113534	-56.14940576
-5.297485911	-56.17168979
-5.281980805	-56.14940576
-5.33377371	-57.06566028
-5.267572029	-57.04337622
-5.283038813	-57.04337622
-5.223790352	-57.06566028
-5.295409813	-57.08794856
-5.056232248	-53.54438339
-5.157490631	-53.54438339
-5.090667495	-53.54438339
-5.105878159	-53.58895571
-5.068431438	-53.56666743
-4.855493307	-49.59965465
-4.860110158	-49.55508231
-4.926944152	-49.59965465
-4.847031477	-49.59965465
-4.871168308	-49.64423121
-4.797219184	-49.84480875
-4.847980587	-49.84480875
-4.820785975	-49.86709703
-4.914670235	-49.84480875
-4.870026949	-49.86709703
-4.821867934	-51.15971552
-4.792916256	-51.15971552
-4.873051837	-51.13743148
-4.855413151	-51.1820038
-4.823413591	-51.13743148
-4.480996073	-44.11715752
-4.459686772	-44.13944157
-4.478852912	-44.13944157
-4.42763899	-44.18401814
-4.446590207	-44.09486924
-4.482298384	-44.76346677
-4.464905278	-44.71889443
-4.41348282	-44.71889443
-4.384042216	-44.74118272
-4.411528395	-44.69660618
-4.133410825	-40.1055724
-4.187871904	-40.1055724
-4.160812057	-40.12785646
-4.135959562	-40.12785646
-4.191536451	-40.08328412
-3.977677633	-36.00483841
-3.915596852	-36.07169901
-3.902735648	-36.04941497
-3.919723499	-36.04941497
-3.903423849	-36.02712669
-3.568398018	-31.01264531
-3.543575542	-30.99035914
-3.560071592	-31.01264531
-3.577718901	-31.01264531
-3.536804991	-31.01264531
-3.538079839	-33.04072401
-3.517826629	-33.06301229
-3.509272187	-33.08529846
-3.511915451	-33.08529846
-3.4812099	-33.06301229
-3.318191044	-30.18804255
-3.33689732	-30.18804255
-3.308381235	-30.21032869
-3.351250209	-30.23261486
-3.345558106	-30.18804255
-3.092168166	-26.37703711
-3.057715355	-26.44389559
-3.135499559	-26.39932328
-3.105435263	-26.44389559
-3.050075533	-26.42160942
-2.793331773	-22.54374339
-2.821657844	-22.56602956
-2.825095972	-22.56602956
-2.797232001	-22.54374339
-2.781141526	-22.56602956
-2.759128695	-23.14548244
-2.803111883	-23.12319416
-2.773508729	-23.16776859
-2.769771051	-23.14548244
-2.815906661	-23.14548244
-2.418975692	-17.6852683
-2.370487267	-17.66298213
-2.390486912	-17.6852683
-2.385238067	-17.70755551
-2.386153006	-17.66298213
-2.016678357	-13.49539072
-2.049103771	-13.51767689
-1.98830598	-13.56225027
-2.011654814	-13.49539072
-1.981355476	-13.51767689
-2.044586079	-14.00798194
-1.978330588	-14.03026915
-1.959362285	-14.03026915
-1.996639112	-14.03026915
-2.004276699	-14.05255532
-1.681580034	-10.79871448
-1.710700968	-10.82100065
-1.76237731	-10.77642727
-1.739346389	-10.79871448
-1.741038308	-10.82100065
-1.470422602	-8.726061863
-1.524025266	-8.726061863
-1.538377676	-8.770634712
-1.474132816	-8.770634712
-1.500504302	-8.770634712
-1.465684558	-10.01868404
-1.488063524	-10.04097021
-1.493285224	-10.04097021
-1.446289922	-10.04097021
-1.436244113	-10.04097021
-1.168199976	-6.742555452
-1.220942709	-6.742555452
-1.198933232	-6.742555452
-1.183901323	-6.764842154
-1.23376591	-6.742555452
-1.174784665	-7.07685423
-1.221419819	-7.09914091
-1.193846058	-7.054568061
-1.158070977	-7.12142759
-1.186822502	-7.12142759
-1.13178843	-6.207677554
-1.087515511	-6.252250936
-1.110873366	-6.229964234
-1.192342795	-6.252250936
-1.170068736	-6.252250936
-0.673284447	0.300004858
-0.659340486	0.277718267
-0.647113273	0.277718267
-0.66694007	0.300004858
-0.656098838	0.300004858
-0.521493835	2.394943713
-0.440908329	2.506376625
-0.436932654	2.57323642
-0.444546929	2.484090189
-0.409637207	2.57323642
-0.325389489	3.30869375
-0.403643358	3.330980185
-0.340194918	3.30869375
-0.28739065	3.264120634
-0.340320223	3.353266865
-0.244413995	2.552899796
-0.273413756	2.664332729
-0.3498112	2.731192525
-0.293228018	2.775765641
-0.270635167	2.68661941
-0.20211594	3.956954637
-0.188307963	3.912381522
-0.18638669	3.956954637
-0.233447738	3.934668224
-0.209395435	3.890094842
-0.140423958	4.135247367
-0.193229793	4.157534069
-0.230183058	4.112960687
-0.240885831	4.157534069
-0.257076004	4.179820482
-0.182015141	4.001527753
-0.239595375	3.912381522
-0.237611091	3.934668224
-0.229424521	3.867808406
-0.225436292	4.023814455
-0.200394242	3.466649855
-0.185848525	3.51122297
-0.217841179	3.488936535
-0.213751716	3.444363152
-0.255453324	3.466649855
-0.16675834	2.441466885
-0.160552421	2.396893769
-0.23997678	2.552899796
-0.212758116	2.463753565
-0.170260847	2.441466885
-0.257862883	2.263174422
-0.212984456	2.263174422
-0.212910666	2.307747538
-0.172331615	2.285460858
-0.184158721	2.307747538
-0.203175705	2.441466885
-0.177985876	2.50832668
-0.246532347	2.463753565
-0.234640353	2.441466885
-0.253410638	2.441466885
-0.180001856	2.753479227
-0.212517626	2.775765641
-0.19685029	2.798052343
-0.279803261	2.775765641
-0.219194526	2.775765641
-0.186178913	3.020918165
-0.229861232	3.065491281
-0.204347362	3.087777983
-0.243082224	3.065491281
-0.260532773	3.043204868
-0.153249574	3.132351099
-0.204934448	3.132351099
-0.225361364	3.110064397
-0.205794419	3.132351099
-0.198989599	3.110064397
-0.203615012	3.110064397
-0.167197078	3.110064397
-0.223579528	3.087777983
-0.232762133	3.132351099
-0.247107118	3.110064397
-0.276582552	3.132351099
-0.23612685	3.176924214
-0.219142332	3.154637779
-0.175185491	3.176924214
-0.150731695	3.176924214
-0.223242973	3.132351099
-0.176580713	3.132351099
-0.21557856	3.110064397
-0.203350011	3.132351099
-0.24202214	3.087777983
-0.207176149	3.176924214
-0.208698932	3.154637779
-0.161174716	3.176924214
-0.222780872	3.132351099
-0.265279559	3.132351099
-0.212893541	3.244341061
-0.234043906	3.244341061
-0.239327979	3.266627741
-0.227163679	3.288914443
-0.211435965	3.266627741
-0.110848688	3.199767945
-0.145208647	3.266627741
-0.132122492	3.266627741
-0.170135402	3.199767945
-0.137406785	3.288914443
-0.190287816	3.244341061
-0.220559889	3.244341061
-0.202974893	3.266627741
-0.192343895	3.199767945
-0.237284994	3.222054625
-0.085415044	2.575743549
-0.034653722	2.575743549
-0.072790625	2.575743549
-0.050120047	2.575743549
-0.083173294	2.531170434
-0.133370384	1.817999784
-0.174210434	1.862572899
-0.122266137	1.817999784
-0.127150933	1.862572899
-0.074545456	1.817999784
-0.154706092	3.400347355
-0.169774536	3.400347355
-0.155829048	3.400347355
-0.171496094	3.378060674
-0.157212823	3.42263379
-0.060697654	4.982694925
-0.026262618	4.982694925
-0.029704333	4.938121543
0.000307938	4.982694925
-0.017938912	4.938121543
-0.053255685	4.291810711
-0.08022507	4.269524031
-0.091515318	4.358670262
-0.101835339	4.291810711
-0.091990132	4.269524031
0.136560735	7.055347034
0.118850773	7.077633714
0.11316864	7.099920416
0.100343503	7.077633714
0.115872441	7.055347034
0.285627516	9.083425738
0.330905351	9.105712974
0.30121713	9.016566209
0.365202378	9.061139592
0.344651175	9.083425738
0.568070509	11.53494999
0.57169853	11.49037767
0.584459417	11.51266382
0.56191379	11.46809043
0.583798242	11.51266382
0.812660586	13.65217545
0.834471268	13.65217545
0.808836044	13.71903605
0.831431211	13.65217545
0.771945551	13.65217545
1.065951288	16.05912739
1.073217949	16.03684015
1.08815996	16.05912739
1.072295745	16.05912739
1.053264291	16.08141353
1.260914136	18.24321238
1.256815592	18.24321238
1.279684122	18.24321238
1.291974167	18.22092624
1.255357517	18.22092624
1.261205384	16.95059074
1.302445111	16.92830351
1.28519699	16.95059074
1.302846056	16.97287689
1.297685352	16.92830351
1.550988987	20.40501019
1.579602314	20.36043788
1.560372304	20.38272402
1.573857997	20.40501019
1.541402883	20.38272402
1.764511848	22.52223566
1.720891922	22.54452394
1.758431415	22.52223566
1.746266236	22.49994951
1.769873584	22.58909628
1.66674748	21.96507106
1.698478626	22.00964551
1.69087489	21.98735934
1.702579405	22.03193168
1.672243183	22.03193168
1.883755253	24.90690142
1.897041193	24.90690142
1.944698668	24.92918759
1.939276415	24.90690142
1.95156646	24.88461528
2.14851503	27.11327366
2.146730978	27.11327366
2.158222487	27.04641306
2.132647621	27.06869923
2.144150786	27.09098537
2.339323128	29.40879054
2.310110221	29.40879054
2.304290057	29.38650437
2.295365328	29.36421823
2.318296611	29.34193206
2.467129597	31.59287661
2.434936351	31.54830218
2.474994402	31.59287661
2.434214619	31.59287661
2.448300532	31.65973509
2.507602644	29.76537547
2.489955016	29.76537547
2.506744869	29.78766375
2.505222844	29.76537547
2.556446027	29.76537547
2.604978363	31.79345631
2.597575499	31.79345631
2.576028601	31.79345631
2.610662164	31.79345631
2.619984963	31.81574245
2.779512519	33.9998264
2.828293629	34.02211469
2.769791489	33.95525409
2.767885925	34.04440085
2.746934615	34.04440085
2.857084674	36.18391249
2.88345632	36.18391249
2.868188811	36.18391249
2.875855139	36.18391249
2.868650911	36.18391249
3.062949191	38.39028261
3.061290803	38.3457103
3.052966613	38.36799858
3.048405968	38.36799858
3.029635503	38.36799858
3.157580411	40.61894102
3.15083988	40.61894102
3.145755501	40.66351758
3.143833969	40.61894102
3.17905322	40.55208464
3.311176191	42.89217596
3.362136549	42.91446001
3.339929872	42.91446001
3.36021853	42.91446001
3.359818064	42.86988768
3.441651633	44.80881964
3.475550689	44.76424732
3.47350493	44.7865356
3.494979974	44.74195904
3.483350825	44.76424732
3.456235093	44.14022213
3.456297686	44.11793809
3.46053419	44.16251041
3.432642116	44.16251041
3.492649354	44.11793809
3.570942922	47.23805983
3.565322353	47.21577155
3.569883637	47.21577155
3.581648829	47.21577155
3.606239138	47.23805983
3.704816573	45.47741715
3.682545068	45.49970543
3.686572717	45.47741715
3.647112809	45.45513312
3.696814287	45.45513312
3.800151003	47.57235861
3.781779726	47.59464264
3.782642611	47.61693092
3.770213809	47.59464264
3.804388146	47.61693092
3.821200992	49.22156411
3.836083365	49.31070876
3.838662439	49.31070876
3.902450468	49.35528532
3.866368651	49.39985764
3.89950925	49.6004352
3.878035802	49.64500751
3.88027892	49.62272348
3.856212027	49.55586288
3.858332834	49.6004352
3.85581252	49.5335746
3.853832547	49.55586288
3.836906011	49.51129055
3.850789775	49.5335746
3.861109906	49.6004352
3.836780507	49.55586288
3.830960663	49.5335746
3.833403375	49.51129055
3.83842612	49.51129055
3.839745996	49.48900227
3.796039046	49.35528532
3.800600968	49.37756935
3.811244282	49.37756935
3.84964171	49.35528532
3.840256637	49.35528532
3.991776638	51.94052651
3.97974926	51.96281479
3.968444571	51.94052651
4.004600158	51.94052651
3.986951572	51.94052651
4.098809517	54.01317967
4.093787092	54.01317967
4.105813512	53.99089139
4.092987757	53.96860735
4.116979922	53.96860735
4.203216696	56.21954979
4.158936831	56.24183807
4.173143777	56.21954979
4.162176323	56.24183807
4.174126738	56.15269344
4.240033977	53.94743475
4.189408938	53.96971881
4.210097741	53.96971881
4.219082987	53.94743475
4.204214666	53.96971881
4.327051882	56.62182484
4.315747513	56.59953656
4.379734497	56.64410888
4.361025986	56.62182484
4.396383836	56.59953656
4.40538473	58.58304506
4.374788396	58.6276174
4.408763778	58.64990143
4.386615862	58.60532912
4.394068545	58.49389619
4.552860796	60.61112168
4.517167309	60.58883762
4.5406351	60.63340996
4.532709779	60.67798227
4.572691824	60.63340996
4.576679873	59.29621491
4.589616124	59.16249372
4.584867701	59.2516426
4.602779113	59.2516426
4.572243456	59.2516426
4.782773364	62.70606311
4.760500263	62.70606311
4.739688828	62.77291946
4.734390165	62.68377483
4.708018519	62.68377483
4.811194282	65.06843846
4.814958147	65.04615443
4.829040547	65.06843846
4.855750704	65.13529906
4.851773193	65.04615443
4.963429629	67.0965193
4.969910209	67.11880333
4.983059146	67.0965193
4.975531416	67.14109161
5.013132384	67.0965193
4.965679772	66.62849935
4.986492803	66.58392701
4.973542501	66.60621529
4.985969068	66.60621529
4.957814489	66.62849935
5.072003373	69.79319342
5.094274878	69.77090937
5.075827915	69.72633705
5.146817298	69.74862109
5.063141397	69.74862109
5.190204578	71.84356254
5.169777322	71.82127426
5.198266582	71.84356254
5.151270002	71.82127426
5.162573094	71.82127426
5.332649596	74.29508677
5.301255205	74.29508677
5.339193088	74.29508677
5.335290625	74.27279849
5.34051456	74.29508677
5.47604564	76.43460054
5.471808497	76.3677357
5.461702969	76.43460054
5.481069662	76.43460054
5.492896489	76.41231226
5.585251379	78.4403931
5.603622336	78.41810482
5.558942007	78.41810482
5.594695212	78.39581654
5.574868655	78.39581654
5.639862871	76.10030176
5.625119735	76.07801348
5.609652313	76.0557252
5.602049855	76.0557252
5.60026724	76.0557252
5.65973797	78.35123997
5.718166978	78.35123997
5.652410153	78.41810482
5.70255968	78.2843836
5.661059442	78.32896017
5.870817161	80.98106198
5.904915492	80.93648541
5.86883591	81.00335024
5.875840544	81.00335024
5.884963111	81.00335024
5.852340179	83.09828744
5.873490763	83.09828744
5.873352165	83.05371088
5.914331223	83.05371088
5.921272625	83.05371088
6.046191687	85.43837876
6.03198506	85.46066704
6.023520994	85.43837876
6.052658535	85.34923413
6.095632256	85.43837876
6.123775978	87.24359375
6.117033211	87.22130547
6.13996641	87.22130547
6.109644079	87.33273841
6.210892242	87.26587356
6.294747938	89.49453196
6.292103077	89.49453196
6.341544923	89.51682022
6.310273482	89.44996387
6.324481387	89.42767559
6.264831821	89.18252147
6.234097528	89.18252147
6.281881306	89.16023318
6.282740359	89.16023318
6.310036524	89.16023318
6.262552936	88.44706761
6.254425465	88.46935589
6.279075492	88.44706761
6.299764935	88.46935589
6.251647116	88.44706761
6.352798835	87.15444063
6.333494097	87.13216084
6.323386014	87.15444063
6.320805662	87.13216084
6.29179203	87.15444063
6.30384815	87.37730647
6.26365725	87.31045012
6.238942075	87.35502669
6.23226254	87.31045012
6.232661089	87.33273841
6.335489399	87.22130547
6.350295766	87.22130547
6.362122593	87.19901719
6.321542723	87.22130547
6.329731509	87.17672891
6.392400853	90.11856139
6.353341731	90.14084967
6.394577546	90.0962731
6.378392224	90.14084967
6.403302202	90.0962731
6.502602328	92.19121031
6.550399519	92.25807516
6.545361445	92.14664222
6.52044955	92.19121031
6.516808954	92.14664222
6.638650116	94.26386772
6.643339459	94.24157943
6.597536293	94.24157943
6.612142108	94.24157943
6.593772428	94.26386772
6.702530438	96.38109319
6.763998385	96.38109319
6.715217595	96.3588049
6.743246989	96.40337299
6.739741798	96.38109319
6.823600687	98.63203137
6.852814233	98.63203137
6.822539805	98.60975159
6.858493563	98.60975159
6.824060552	98.60975159
6.855149324	98.3200209
6.816291393	98.36459746
6.86519673	98.3200209
6.80776665	98.36459746
6.810133037	98.27545283
6.867427074	97.69599995
6.869610154	97.71828823
6.847799153	97.71828823
6.841516889	97.69599995
6.793275163	97.74056802
6.915062673	95.24308428
6.893112435	95.19850771
6.823385445	95.22079599
6.80593741	95.22079599
6.796551699	95.22079599
6.866939106	95.19850771
6.928469008	95.17621943
6.897673399	95.19850771
6.875067215	95.17621943
6.838188618	95.19850771
6.859472053	93.23729172
6.855096951	93.14813859
6.844529642	93.19271516
6.863495869	93.17042687
6.907913054	93.19271516
6.839147947	89.60457345
6.849456582	89.58228517
6.797910855	89.62686173
6.8295636	89.58228517
6.857455673	89.58228517
6.834413895	89.7828712
6.814711246	89.71600636
6.823635816	89.73829464
6.804070487	89.71600636
6.818678218	89.73829464
6.653109669	84.9466791
6.646889359	84.90210254
6.684367697	84.92439082
6.632946516	84.92439082
6.623162894	84.92439082
6.484825362	81.09110346
6.452970787	81.11338325
6.495733098	81.11338325
6.463079508	81.09110346
6.481125367	81.11338325
6.344597914	76.03204549
6.305725292	75.96518914
6.330713831	76.00975721
6.254304751	75.96518914
6.234874188	75.98746893
6.290521015	77.43609691
6.29482075	77.45838519
6.280874074	77.45838519
6.263362809	77.48067345
6.221987756	77.48067345
5.937220351	71.55244043
5.955665398	71.57472871
5.973312068	71.57472871
6.035502387	71.53015215
6.043762707	71.53015215
5.735106606	66.82768546
5.781247007	66.8722578
5.780846541	66.82768546
5.817396846	66.84997375
5.789840729	66.8722578
5.781549751	67.16198424
5.760998268	67.18427252
5.727946129	67.16198424
5.71465987	67.13970019
5.754253585	67.16198424
5.61849449	62.88296097
5.631122248	62.90524925
5.585643541	62.86067269
5.562251117	62.90524925
5.550685518	62.90524925
5.23249936	57.17759377
5.268577984	57.1107374
5.310415455	57.1107374
5.32938264	57.08844912
5.362883147	57.02158852
5.093837368	53.92375504
5.060064774	53.92375504
5.026028716	53.94603908
5.07963138	53.94603908
5.118825587	53.94603908
5.054983268	54.81410272
5.067607833	54.81410272
5.069201392	54.85867503
5.077065398	54.836391
5.132250763	54.81410272
5.060937878	56.32959127
5.068729392	56.28501896
5.048777011	56.35187955
5.015987378	56.30730299
4.993452728	56.32959127
4.974099129	54.01178824
5.012310056	54.07864461
4.976941349	54.01178824
4.997830704	54.05636056
4.94733085	54.03407227
4.761343987	49.28702905
4.798622091	49.30931733
4.757705307	49.28702905
4.731273623	49.33160561
4.712503797	49.33160561
4.454566625	45.29773222
4.492627138	45.23087162
4.537319923	45.3200205
4.607833154	45.2531599
4.572875131	45.27544394
4.585865991	45.56517038
4.562734475	45.56517038
4.551106604	45.60974269
4.512709814	45.63203097
4.493466072	45.56517038
4.282601804	40.19410618
4.250010807	40.14952962
4.219413834	40.19410618
4.296149291	40.19410618
4.291001041	40.2386785
3.986689385	35.91507866
4.00598071	35.84822231
4.058786595	35.82593403
4.049737798	35.87050634
4.022707971	35.89279462
3.934146326	37.43056721
3.985244962	37.47513955
4.025426921	37.45285549
3.965876993	37.47513955
3.980022624	37.47513955
3.670420606	31.23489814
3.633081825	31.25718431
3.604655478	31.212612
3.566454451	31.23489814
3.543263536	31.30175663
3.300097922	25.61867771
3.298503724	25.5741054
3.268890032	25.55181923
3.242906078	25.48495863
3.23332173	25.48495863
3.033026367	22.47626981
3.010707279	22.63227717
3.0124768	22.52084423
2.983923352	22.52084423
3.019604384	22.45398364
3.026280088	22.94428764
3.020335378	22.96657592
3.010027701	22.98886209
2.99462351	22.96657592
2.996531629	22.89971533
2.721445654	18.21953268
2.71120089	18.21953268
2.731690738	18.21953268
2.68786978	18.21953268
2.666521997	18.21953268
2.606945722	19.53444155
2.619969315	19.55672772
2.678333974	19.57901389
2.691481315	19.53444155
2.696966479	19.53444155
2.285965565	13.73992973
2.281404761	13.73992973
2.226542579	13.71764251
2.20975544	13.71764251
2.220399233	13.73992973
1.79619078	9.015173716
1.793150723	9.015173716
1.807756858	9.015173716
1.782706684	9.015173716
1.824608186	8.992886502
1.602851191	7.098527389
1.575556941	7.120814069
1.625519648	7.076240709
1.561548791	7.143100238
1.550904679	7.120814069
1.32120879	4.713862693
1.333437519	4.736149373
1.277653452	4.736149373
1.288096852	4.736149373
1.240836729	4.713862693
1.198499155	3.554960376
1.12989029	3.532673963
1.129505632	3.621820172
1.152895502	3.554960376
1.155013994	3.577247079
1.171768239	4.361456295
1.186910723	4.40602941
1.150033403	4.428315823
1.124721921	4.450602526
1.188171678	4.450602526
1.02139295	2.422523266
0.979891994	2.467096648
0.940559268	2.422523266
1.048624766	2.422523266
1.04367659	2.489383083
0.747005634	0.394444228
0.813694803	0.394444228
0.810391441	0.394444228
0.806365549	0.43901741
0.75480569	0.394444228
0.255506615	-6.514397002
0.311055042	-6.53668317
0.351580722	-6.492110322
0.295768651	-6.469823619
0.262456561	-6.469823619
0.263059255	-5.689793174
0.2140544	-5.667506494
0.186795798	-5.645219814
0.27331362	-5.645219814
0.285927985	-5.689793174
0.279122805	-5.53378688
0.341222867	-5.511500734
0.274561642	-5.53378688
0.255818062	-5.556073583
0.231655743	-5.578360263
0.206291029	-6.960128691
0.203883725	-6.937841989
0.173177654	-6.960128691
0.144199809	-6.937841989
0.17935072	-6.982414838
-0.077997795	-9.166499857
-0.068196543	-9.233360454
0.009804512	-9.188787071
0.015848677	-9.21107324
0.006925828	-9.21107324
-0.236709085	-11.6848847
-0.236445701	-11.6848847
-0.285224136	-11.6848847
-0.2402915	-11.72945702
-0.258247441	-11.64031132
-0.326300217	-10.03567707
-0.309549424	-10.05796321
-0.263783582	-10.08025043
-0.252498972	-10.0133909
-0.226959274	-10.03567707
-0.340949543	-11.37287209
-0.372598336	-11.32829871
-0.358660842	-11.37287209
-0.353139312	-11.35058594
-0.408687699	-11.32829871
-0.557826623	-13.46781141
-0.56112204	-13.42323803
-0.605085907	-13.46781141
-0.639312857	-13.42323803
-0.572850348	-13.40095082
-0.710423634	-15.54046352
-0.767121682	-15.49589014
-0.784289646	-15.56274967
-0.789700641	-15.51817629
-0.823701012	-15.49589014
-0.949634331	-17.74683469
-0.997355756	-17.74683469
-0.975254386	-17.7691219
-0.997753108	-17.74683469
-1.025645341	-17.74683469
-1.196647081	-19.95320799
-1.242583896	-19.95320799
-1.213135308	-19.93091971
-1.211415046	-19.93091971
-1.167688058	-19.90863354
-1.410965285	-21.82527933
-1.378974507	-21.82527933
-1.311161943	-21.82527933
-1.35934483	-21.82527933
-1.420747949	-21.82527933
-1.376722607	-21.3572615
-1.386512936	-21.40183595
-1.351210493	-21.3572615
-1.404387782	-21.37954767
-1.451873447	-21.3572615
-1.601821605	-25.01226171
-1.699623337	-25.07912231
-1.704412158	-25.05683403
-1.686256602	-25.14598079
-1.655350658	-25.12369462
-1.860250257	-26.86204902
-1.809489174	-26.86204902
-1.838467678	-26.83976074
-1.797687417	-26.83976074
-1.837344363	-26.83976074
-1.900901182	-25.07912231
-1.927717204	-25.14598079
-1.884214799	-25.10140845
-1.844266924	-25.12369462
-1.846910029	-25.12369462
-2.179276308	-29.20214033
-2.120443002	-29.15756591
-2.134814095	-29.13527974
-2.146957557	-29.20214033
-2.216915119	-29.17985205
-2.342145388	-31.25250521
-2.341059277	-31.27479137
-2.294687347	-31.25250521
-2.288407958	-31.25250521
-2.304353928	-31.18564461
-2.4876814	-33.68174328
-2.53740124	-33.61488269
-2.522171734	-33.63716886
-2.476622611	-33.59259652
-2.476830827	-33.63716886
-2.685783144	-35.62067736
-2.665926568	-35.64296141
-2.652670168	-35.62067736
-2.601645621	-35.62067736
-2.667673734	-35.62067736
-2.874395707	-37.96076869
-2.83690268	-38.02762504
-2.856125026	-37.98305273
-2.852025523	-37.98305273
-2.794457484	-37.98305273
-3.013319566	-40.07799416
-3.019917029	-40.0334176
-3.014676487	-40.1002782
-2.981827135	-40.1002782
-2.985754508	-40.07799416
-3.213099817	-42.57409073
-3.199181883	-42.55180244
-3.191353963	-42.57409073
-3.200739355	-42.57409073
-3.199804936	-42.52951841
-3.312684484	-44.64674388
-3.359083239	-44.64674388
-3.34189803	-44.64674388
-3.286077157	-44.6244556
-3.329896837	-44.6244556
-3.389337229	-42.93067351
-3.341842782	-42.90838948
-3.337914771	-42.93067351
-3.366864533	-42.93067351
-3.407618129	-42.9529618
-3.388757607	-42.70780767
-3.387002138	-42.68552364
-3.405320402	-42.73009595
-3.333551804	-42.77466829
-3.380469504	-42.73009595
-3.47734001	-44.80274913
-3.524578338	-44.86960972
-3.554010958	-44.80274913
-3.514390098	-44.82503316
-3.44509487	-44.84732144
-3.591123	-46.98683519
-3.597865448	-46.98683519
-3.561619803	-47.00911923
-3.608706759	-46.98683519
-3.599557686	-47.00911923
-3.727167595	-49.23777763
-3.730527163	-49.19320531
-3.767133034	-49.148633
-3.748807744	-49.2154936
-3.799351669	-49.12634472
-3.910438383	-51.3550031
-3.839793898	-51.39957544
-3.88016587	-51.3550031
-3.92438442	-51.3550031
-3.943259951	-51.37729138
-3.989260795	-53.53908919
-4.023005925	-53.56137747
-4.052644846	-53.53908919
-4.095541923	-53.53908919
-4.090583367	-53.53908919
-4.191388272	-55.74545931
-4.150662459	-55.70088699
-4.171387669	-55.72317527
-4.201025951	-55.70088699
-4.215513287	-55.74545931
-4.252064869	-54.60940179
-4.272318717	-54.58711351
-4.250164734	-54.54254119
-4.207478748	-54.58711351
-4.177773402	-54.60940179
-4.252705806	-53.47278431
-4.261030635	-53.47278431
-4.226567924	-53.49507259
-4.203925015	-53.47278431
-4.223065607	-53.49507259
-4.320879156	-55.50086514
-4.368800255	-55.50086514
-4.349990829	-55.47857686
-4.37464373	-55.47857686
-4.344381437	-55.52315343
-4.508034842	-58.15296693
-4.499048957	-58.15296693
-4.506678241	-58.1306829
-4.500597169	-58.1306829
-4.453138489	-58.1306829
-4.595719551	-60.06961486
-4.659614243	-59.98047023
-4.644157359	-60.02504255
-4.576610255	-60.02504255
-4.562265988	-60.02504255
-4.760788955	-62.52113911
-4.710859461	-62.54342739
-4.723945806	-62.54342739
-4.723945806	-62.54342739
-4.770146245	-62.54342739
-4.910579674	-64.77208577
-4.86817312	-64.74979749
-4.877105992	-64.79436982
-4.843058757	-64.74979749
-4.887975087	-64.77208577
-5.047876442	-66.86702298
-5.022853094	-66.8447347
-4.972980125	-66.82245066
-4.993931754	-66.82245066
-5.012665174	-66.80016238
-5.047678764	-66.2875701
-5.044213492	-66.30985838
-4.967479632	-66.30985838
-5.0395976	-66.35443069
-5.074250962	-66.2875701
-5.029867948	-64.95037505
-5.040311348	-64.95037505
-5.0847643	-64.97266333
-5.11871094	-64.99495161
-5.071180088	-64.95037505
-5.15741718	-67.06760054
-5.19402401	-67.02302821
-5.1633175	-67.00074417
-5.153744649	-67.04531649
-5.151165575	-67.04531649
-5.268850389	-69.0733931
-5.243429131	-69.05110904
-5.271754882	-69.0733931
-5.277836913	-69.0733931
-5.271746579	-69.02882076
-5.357446524	-71.52491732
-5.357682205	-71.54720561
-5.408896446	-71.50262904
-5.429582056	-71.50262904
-5.390823762	-71.52491732
-5.503276658	-73.66443108
-5.533376082	-73.64214279
-5.536220218	-73.64214279
-5.50283276	-73.59757473
-5.496326952	-73.61985453
-5.656916188	-75.84851291
-5.638335098	-75.80394485
-5.650542591	-75.8708012
-5.658002619	-75.82623313
-5.625974956	-75.80394485
-5.796229655	-77.80973741
-5.785116258	-77.76516084
-5.825859634	-77.74287256
-5.788526282	-77.78744912
-5.791197969	-77.76516084
-5.907359801	-80.21668507
-5.937894181	-80.21668507
-5.96423932	-80.23897335
-5.970318477	-80.23897335
-5.914770649	-80.26126163
-6.110227213	-82.77964223
-6.150102595	-82.71278588
-6.100805095	-82.75735394
-6.087583346	-82.75735394
-6.074759506	-82.75735394
-6.112680463	-80.7292816
-6.116316588	-80.7292816
-6.196952592	-80.7292816
-6.202409654	-80.75156139
-6.146625507	-80.75156139
-6.390839868	-84.919156
-6.390468144	-84.89686772
-6.348034126	-84.89686772
-6.31052066	-84.87457944
-6.345380323	-84.85229963
-6.48175321	-87.10323784
-6.529266179	-87.05866975
-6.512079373	-87.05866975
-6.473546541	-87.05866975
-6.468758838	-87.08095803
-6.646824212	-89.13131868
-6.659169025	-89.1981835
-6.658119639	-89.08675059
-6.600795584	-89.15360694
-6.606306935	-89.13131868
-6.654015347	-88.46272114
-6.629018505	-88.41815308
-6.591079664	-88.41815308
-6.597623795	-88.41815308
-6.583641352	-88.39586479
-6.821203003	-91.38226534
-6.799881886	-91.35997706
-6.75017945	-91.35997706
-6.737584904	-91.33768878
-6.748063433	-91.35997706
-6.88083277	-93.74464493
-6.903012301	-93.76693322
-6.90171957	-93.74464493
-6.919601922	-93.76693322
-6.90416324	-93.74464493
-6.992018482	-95.83958214
-7.032336484	-95.83958214
-7.020126437	-95.77272577
-7.046246115	-95.81729386
-7.029022264	-95.79500558
-7.215972608	-98.4025393
-7.183757167	-98.42482758
-7.138180101	-98.4025393
-7.162370902	-98.4025393
-7.202252672	-98.38025102
-7.2020815	-96.41903503
-7.242371399	-96.44132331
-7.249340905	-96.41903503
-7.192007907	-96.44132331
-7.182025649	-96.44132331
-7.348255254	-98.33568293
-7.314476273	-98.29110637
-7.308627688	-98.31339465
-7.27729621	-98.31339465
-7.275080556	-98.29110637
-7.404132013	-100.4751882
-7.407000419	-100.4529084
-7.453599407	-100.4529084
-7.409090888	-100.4751882
-7.43658569	-100.4751882
-7.508258802	-102.7707115
-7.574513814	-102.7484232
-7.565590522	-102.7484232
-7.498439413	-102.7484232
-7.530947378	-102.7038466
-7.554933795	-102.0798257
-7.515882337	-102.1244022
-7.53009088	-102.1244022
-7.574110155	-102.1244022
-7.545321345	-102.1021139
-7.562191994	-101.8792481
-7.562022099	-101.8569598
-7.52623632	-101.8792481
-7.529738317	-101.8792481
-7.592501551	-101.9015364
-7.621697852	-100.2116571
-7.596126818	-100.2562251
-7.600309032	-100.1893688
-7.600347993	-100.2116571
-7.602237909	-100.2339369
-7.571077602	-100.2562251
-7.578517831	-100.2785134
-7.63447315	-100.3008017
-7.624057852	-100.2785134
-7.585486059	-100.2562251
-7.592314411	-97.98299867
-7.614477975	-97.91613383
-7.617953786	-97.93842211
-7.591815586	-97.96071039
-7.58596253	-97.93842211
-7.486222978	-93.25823948
-7.401423282	-93.25823948
-7.394718199	-93.28052777
-7.429549759	-93.28052777
-7.421062061	-93.30281605
-7.242217472	-88.82321096
-7.253149479	-88.80092268
-7.213267071	-88.82321096
-7.223482455	-88.84549924
-7.261160067	-88.84549924
-7.251293414	-89.06836509
-7.224948912	-89.04607681
-7.212288581	-89.02378852
-7.24411633	-89.04607681
-7.249366453	-89.02378852
-7.078665301	-84.744761
-7.064520629	-84.744761
-7.01898891	-84.78933756
-7.053425753	-84.78933756
-7.068654302	-84.76704928
-7.028096148	-86.05967626
-7.046640193	-86.08195605
-7.028386118	-86.03738798
-6.959490078	-86.05967626
-7.003507436	-86.05967626
-6.72873187	-79.86400081
-6.755898379	-79.86400081
-6.736566815	-79.88628909
-6.761844685	-79.86400081
-6.715806477	-79.84171253
-6.53735405	-75.36211594
-6.557209988	-75.33982766
-6.542765764	-75.31753938
-6.569560549	-75.29525109
-6.558664948	-75.33982766
-6.249055906	-71.19452135
-6.289402649	-71.17223307
-6.321024098	-71.14994903
-6.278072093	-71.19452135
-6.276343129	-71.14994903
-6.040047383	-66.46976639
-6.02719608	-66.49205044
-6.045712023	-66.53662276
-6.069429546	-66.49205044
-6.059214162	-66.46976639
-5.993272753	-66.87092151
-6.039936249	-66.87092151
-6.038840877	-66.84863748
-6.005897956	-66.87092151
-6.014395873	-66.89320979
-5.962024305	-68.58699188
-5.978060172	-68.60927591
-6.036261802	-68.63156419
-6.040415275	-68.58699188
-5.976603933	-68.60927591
-5.89869646	-66.06860703
-5.819580565	-66.06860703
-5.907565463	-66.11317935
-5.918462341	-66.06860703
-5.892578343	-66.04631875
-5.645977795	-61.83415607
-5.662765412	-61.83415607
-5.652955603	-61.85644013
-5.605198651	-61.83415607
-5.673434913	-61.81186779
-5.433986539	-57.95628792
-5.468223468	-57.95628792
-5.47261326	-57.93400389
-5.416179554	-57.97857621
-5.408115315	-57.97857621
-5.303149912	-55.34875845
-5.303631173	-55.28189785
-5.245412297	-55.32647442
-5.264354892	-55.34875845
-5.277864377	-55.32647442
-5.218553961	-56.30847383
-5.249088022	-56.30847383
-5.311208403	-56.26390152
-5.261505966	-56.26390152
-5.269776825	-56.30847383
-5.106927865	-53.72323264
-5.206494328	-53.70094436
-5.1975985	-53.67866032
-5.112346923	-53.72323264
-5.115679665	-53.70094436
-4.8514944	-49.48878168
-4.931033435	-49.4664934
-4.962176178	-49.51106571
-4.910716675	-49.48878168
-4.864374126	-49.44420936
-4.852991196	-50.87054904
-4.826428579	-50.91512135
-4.871941775	-50.93740964
-4.889352126	-50.91512135
-4.899598168	-50.91512135
-4.503700298	-44.58573321
-4.528287732	-44.58573321
-4.559419936	-44.58573321
-4.487082255	-44.60801724
-4.497182992	-44.56344492
-4.529462303	-44.9646043
-4.51990542	-44.94231602
-4.478238162	-44.9646043
-4.536402429	-44.9646043
-4.56343513	-44.9646043
-4.273247708	-40.19527702
-4.199552787	-40.19527702
-4.23571572	-40.23984933
-4.291716387	-40.17298874
-4.253797984	-40.26213337
-3.930981562	-35.89396546
-3.902022858	-35.84939315
-3.986729304	-35.87167718
-3.96320818	-35.9162495
-3.881912079	-35.9162495
-3.903283015	-37.36487745
-3.883426439	-37.38716574
-3.90363462	-37.45402633
-3.957028748	-37.40945402
-3.911725046	-37.43173805
-3.806230159	-35.22536793
-3.776392922	-35.2476541
-3.735840197	-35.22536793
-3.816222637	-35.26994027
-3.852403134	-35.2476541
-3.497078427	-30.9240564
-3.503161096	-30.9240564
-3.493577068	-30.9240564
-3.478309558	-30.9240564
-3.502075304	-30.94634254
-3.226872446	-26.55588636
-3.234410077	-26.55588636
-3.2019663	-26.60045867
-3.166472407	-26.60045867
-3.171514313	-26.53360019
-2.815490228	-21.92027604
-2.787399838	-21.92027604
-2.815725589	-21.94256219
-2.820946651	-21.94256219
-2.77428507	-21.94256219
-2.834710339	-22.45515448
-2.756634248	-22.52201507
-2.759305296	-22.49972679
-2.829261899	-22.47744064
-2.857930634	-22.54430124
-2.511227592	-17.93097707
-2.419487611	-17.93097707
-2.455480968	-17.95326536
-2.477716227	-17.93097707
-2.419497351	-17.97555152
-2.415282723	-19.53561239
-2.408683664	-19.58018471
-2.407652481	-19.55789856
-2.418784401	-19.53561239
-2.417597535	-19.53561239
-1.9812057	-13.49594751
-1.968609558	-13.47366134
-1.956788639	-13.51823472
-1.985756924	-13.45137412
-1.961774819	-13.49594751
-1.429137447	-8.882624941
-1.47275897	-8.882624941
-1.520270981	-8.838051558
-1.506894346	-8.860338261
-1.491002347	-8.882624941
-1.152038046	-6.475674076
-1.218527382	-6.475674076
-1.248402143	-6.475674076
-1.188256466	-6.475674076
-1.218527382	-6.475674076
-1.216162831	-6.988265294
-1.219004811	-6.988265294
-1.197684092	-6.965978614
-1.167328708	-7.032838677
-1.229447572	-6.988265294
-0.645137851	0.366307447
-0.679908095	0.344020856
-0.683074376	0.388593994
-0.651022602	0.344020856
-0.593866845	0.232587922
-0.262770083	3.642435188
-0.222989728	3.575575392
-0.270249911	3.553288979
-0.345048806	3.709295006
-0.282458761	3.709295006
-0.329045114	2.822010442
-0.251188577	2.79972374
-0.249333151	2.822010442
-0.256750685	2.710577509
-0.257994995	2.79972374
-0.236128386	3.668900683
-0.22547168	3.780333595
-0.198113441	3.758046914
-0.250794379	3.735760212
-0.25523381	3.646613981
-0.223598669	3.958626057
-0.178062879	3.914052941
-0.21624742	4.047772555
-0.170595267	3.914052941
-0.199547883	3.891766506
-0.201805751	3.80262003
-0.161490045	3.780333595
-0.140262876	3.869479826
-0.227778069	3.82490671
-0.245025951	3.847193146
-0.170689176	3.691187097
-0.133150511	3.668900683
-0.210020584	3.668900683
-0.223566634	3.691187097
-0.198779885	3.691187097
-0.230048991	3.646613981
-0.175540489	3.490607954
-0.155112026	3.53518107
-0.178579309	3.512894367
-0.148905708	3.490607954
-0.127955985	3.468321252
-0.175016096	3.468321252
-0.21050925	3.468321252
-0.248123311	3.423748136
-0.183817416	3.379175021
-0.194411629	3.245455429
-0.239996859	3.401461456
-0.193660856	3.423748136
-0.099369823	3.223168994
-0.167180232	3.245455429
-0.192245016	3.134022496
-0.176576123	3.178595611
-0.188253274	3.334601927
-0.156461322	3.334601927
-0.176854157	3.0671627
-0.216310512	3.08944938
-0.177652813	3.022589585
-0.146182996	3.08944938
-0.174934501	3.08944938
-0.139378145	3.0671627
-0.105047456	2.777437327
-0.185544643	2.822010442
-0.193608463	2.822010442
-0.138498265	2.732863944
-0.129361188	2.844296856
-0.222497888	2.777437327
-0.2310473	2.621431011
-0.169953352	2.777437327
-0.140342484	2.777437327
-0.19130389	2.755150624
-0.162042291	2.621431011
-0.20824282	2.621431011
-0.163039693	2.576857895
-0.121003116	2.576857895
-0.171363364	2.621431011
-0.117115662	2.487711664
-0.182545961	2.5099981
-0.203432722	2.5099981
-0.127634469	2.420851869
-0.153208956	2.443138549
-0.158918744	2.264845842
-0.172203376	2.264845842
-0.169825851	2.242559139
-0.194413885	2.242559139
-0.199970364	2.220272593
-0.184231813	2.264845842
-0.256477501	2.242559139
-0.143389806	2.242559139
-0.175844511	2.220272593
-0.164204424	2.264845842
-0.231793163	1.975120179
-0.155121157	1.997406748
-0.145599373	2.019693428
-0.213807622	2.041979997
-0.23581704	2.041979997
-0.184706447	2.175699477
-0.220336663	2.153412908
-0.228399944	2.153412908
-0.166135547	2.175699477
-0.198514505	2.220272593
-0.264141953	2.264845842
-0.215363518	2.264845842
-0.124681804	2.264845842
-0.178548352	2.264845842
-0.242994083	2.242559139
-0.16538636	2.331705637
-0.213565275	2.376278753
-0.232334922	2.376278753
-0.205965032	2.353992073
-0.150118821	2.331705637
-0.175555858	2.398565188
-0.189562012	2.443138549
-0.233380435	2.465424984
-0.216990549	2.465424984
-0.200728901	2.465424984
-0.162975414	2.576857895
-0.163961957	2.599144598
-0.209762649	2.621431011
-0.247174381	2.621431011
-0.208577419	2.599144598
-0.192038556	2.710577509
-0.191902073	2.732863944
-0.144579207	2.732863944
-0.218533271	2.777437327
-0.249204852	2.755150624
-0.196172628	2.933443354
-0.169999578	2.933443354
-0.166362615	2.933443354
-0.236291774	2.933443354
-0.267159516	2.933443354
-0.206588404	3.134022496
-0.224237769	3.111736083
-0.166210424	3.08944938
-0.232236721	3.111736083
-0.241620038	3.134022496
-0.202922201	3.356888341
-0.219844405	3.356888341
-0.229428493	3.356888341
-0.17912931	3.356888341
-0.185611706	3.312315225
-0.178794751	3.379175021
-0.218847033	3.401461456
-0.234512453	3.401461456
-0.175166749	3.334601927
-0.16788925	3.379175021
-0.195381776	3.401461456
-0.192600533	3.446034839
-0.230013902	3.423748136
-0.226511465	3.423748136
-0.210448614	3.423748136
-0.189799489	3.185281778
-0.165719483	3.341287827
-0.141665154	3.319001125
-0.154615256	3.341287827
-0.243003165	3.207568213
-0.134337906	3.252141596
-0.185561329	3.252141596
-0.214837028	3.274428009
-0.170157277	3.274428009
-0.146690084	3.296714711
-0.141142357	3.274428009
-0.147687446	3.252141596
-0.247551235	3.296714711
-0.145169287	3.296714711
-0.182382374	3.296714711
-0.158392235	3.274428009
-0.176302938	3.274428009
-0.208293596	3.274428009
-0.136781945	3.252141596
-0.137643902	3.229854893
-0.245830275	3.319001125
-0.181786346	3.296714711
-0.165272462	3.229854893
-0.141068577	3.319001125
-0.208092944	3.296714711
-0.129851411	3.65329988
-0.206151573	3.452720738
-0.133828153	3.564153649
-0.145206911	3.497293854
-0.143213465	3.564153649
-0.098377641	2.271531741
-0.128712008	2.293818421
-0.178814111	2.271531741
-0.146235379	2.226958626
-0.160230037	2.360678239
-0.107032998	1.803513505
-0.149929137	1.803513505
-0.138429664	1.781226936
-0.157595196	1.803513505
-0.135847196	1.825800052
-0.139464091	3.430434058
-0.149108845	3.475007418
-0.224073384	3.385860942
-0.152163922	3.363574507
-0.162344267	3.363574507
-0.100573156	5.079641424
-0.044715738	5.124214273
-0.086616092	5.146500953
-0.108239554	5.079641424
-0.059259784	5.101928104
0.108202819	7.286013124
0.085394746	7.241439742
0.051423446	7.263726444
0.103504175	7.241439742
0.067948178	7.263726444
0.292089973	9.224946153
0.295717994	9.180372771
0.261420368	9.224946153
0.238748458	9.202658917
0.271925084	9.180372771
0.528829995	11.45360453
0.535050983	11.52046408
0.44925667	11.49817792
0.507420418	11.49817792
0.54846127	11.4758907
0.763230236	13.97198831
0.806922177	13.97198831
0.734887799	14.03884786
0.739973216	14.01656169
0.772426014	14.01656169
0.851184078	12.81308575
0.847607751	12.76851237
0.781118815	12.79079958
0.782451065	12.85765913
0.782438531	12.76851237
1.024822375	16.13378718
1.078746944	16.06692763
1.083372337	16.06692763
1.055740135	16.02235425
1.06712075	16.11149995
1.310256265	18.25101158
1.263257929	18.20643927
1.209069257	18.27329987
1.253673981	18.20643927
1.267557744	18.22872544
1.453860925	20.4128115
1.448289216	20.27909242
1.483272628	20.4128115
1.481614719	20.36823708
1.448441706	20.43509767
1.674859941	22.57460931
1.694691129	22.59689548
1.678166017	22.59689548
1.684705198	22.55232314
1.645709147	22.55232314
1.675498003	21.9060118
1.693483984	21.97287239
1.683964305	21.97287239
1.716491112	22.01744471
1.646760609	22.01744471
1.879644893	24.58040187
1.862398688	24.62497632
1.932525665	24.62497632
1.900930882	24.60268804
1.812159104	24.5581157
1.988754987	26.36332858
2.025369641	26.34104243
1.991660598	26.36332858
2.091661378	26.34104243
2.002701024	26.36332858
1.985452583	24.89241448
2.038719131	24.84784214
2.013545049	24.91470062
2.024512185	24.87012831
2.033234286	24.84784214
2.191742634	27.29936639
2.192328323	27.23250579
2.13978734	27.27707811
2.216456053	27.25479194
2.186583687	27.27707811
2.399265538	29.55031094
2.377518726	29.55031094
2.324988921	29.66174387
2.363446227	29.5725971
2.303427651	29.55031094
2.515185303	31.82354165
2.524842622	31.8681161
2.483989229	31.82354165
2.502573672	31.91268842
2.552063261	31.80125551
2.690649407	34.02991389
2.67022279	34.00762774
2.668240262	34.00762774
2.668504046	34.00762774
2.741672996	34.02991389
2.865332859	36.34771905
2.857269897	36.34771905
2.853041377	36.34771905
2.772472756	36.37000734
2.851784094	36.34771905
3.003274077	38.71009865
2.994686741	38.73238268
3.008768822	38.75467096
2.990848468	38.71009865
3.038904333	38.73238268
2.994730492	37.57348117
3.012947204	37.3729036
3.062463458	37.46204825
3.011874825	37.28375472
3.057625618	37.3729036
3.09561268	38.66552209
3.064081607	38.64323805
3.131168208	38.64323805
3.111143334	38.66552209
3.147556957	38.62094977
3.184789394	40.67131464
3.210832748	40.67131464
3.239309871	40.6044583
3.193712047	40.67131464
3.232444794	40.67131464
3.321878904	42.61025085
3.377001676	42.61025085
3.33688742	42.65482317
3.351293322	42.63253489
3.353409338	42.63253489
3.366528896	42.38738501
3.319071813	42.36509673
3.282257406	42.38738501
3.374655089	42.36509673
3.338439144	42.38738501
3.450764299	44.9726262
3.480111015	44.9726262
3.481294528	44.92805388
3.475813515	44.9726262
3.515468864	44.95034217
3.509254623	44.43774988
3.449110064	44.46003391
3.500991748	44.43774988
3.563457985	44.4823222
3.493654031	44.43774988
3.57525607	47.11213995
3.635736586	47.11213995
3.613452627	47.04527935
3.611549617	47.15671229
3.636197409	47.11213995
3.801835577	49.4968036
3.80758197	49.47451532
3.810034263	49.51909188
3.73626685	49.47451532
3.776458389	49.51909188
3.882168198	47.71387689
3.807678095	47.71387689
3.839405249	47.71387689
3.794066099	47.73616517
3.833600095	47.80302152
3.990616757	51.90375551
3.99371829	51.8591832
3.992185088	51.77003432
4.041625337	51.77003432
3.955556223	51.68088967
4.150715472	53.88725979
4.086994825	53.86497575
4.157120365	53.84268747
4.114360929	53.88725979
4.132008238	53.88725979
4.257268686	56.33878403
4.271673629	56.29421172
4.202070866	56.27192344
4.333864586	56.27192344
4.284164386	56.29421172
4.267784579	54.37254956
4.302879284	54.35026552
4.311203474	54.32797724
4.274649657	54.30568896
4.30790107	54.35026552
4.258801568	56.37834211
4.299253697	56.37834211
4.299854076	56.42291445
4.298656831	56.37834211
4.289209485	56.4006304
4.421746653	58.42870701
4.312945212	58.36185064
4.356241796	58.38413467
4.422130832	58.33956236
4.361261028	58.36185064
4.486830926	60.65736539
4.46719055	60.59050904
4.491319078	60.61279307
4.503742133	60.59050904
4.53057524	60.56822076
4.644464893	62.529441
4.592057558	62.57401332
4.591794413	62.57401332
4.634880546	62.529441
4.544000097	62.529441
4.738976038	64.86953232
4.754239076	64.82496
4.71293971	64.89181635
4.740496785	64.86953232
4.774206148	64.86953232
4.818789715	67.00904184
4.898655764	67.18733535
4.867059544	67.16505131
4.83254957	67.09819072
4.910943095	67.14276303
4.829799004	65.80556799
4.958876648	65.76099567
4.90673182	65.78327971
4.828664671	65.71642336
4.97236314	65.78327971
4.895862406	65.56041386
4.901358109	65.62727448
4.909409893	65.56041386
4.922171139	65.58270214
4.875324974	65.69413508
4.960369931	65.56041386
4.873191393	65.56041386
4.880131838	65.56041386
4.930822025	65.53812983
4.855146493	65.56041386
4.959866316	67.65535532
4.905540323	67.67763935
4.989017269	67.67763935
5.011824324	67.69992763
4.906998797	67.69992763
5.053034911	69.86172542
5.045489936	69.77258079
5.091888691	69.77258079
5.083168506	69.8171531
5.094668318	69.79486482
5.186699706	71.88980203
5.207911925	71.86752222
5.098663073	71.91209031
5.187161487	71.88980203
5.223976533	71.88980203
5.281200312	74.16303697
5.30018091	74.22989334
5.264812202	74.18532525
5.298908618	74.11846041
5.305251238	74.09618062
5.419625346	76.19111781
5.367667018	76.14654125
5.452726027	76.10197318
5.416907035	76.12425297
5.369249719	76.12425297
5.488365544	78.57577722
5.564971344	78.57577722
5.559275408	78.48663259
5.535885538	78.55349741
5.536604077	78.48663259
5.613969293	77.26087045
5.550458141	77.30544701
5.583571595	77.28315873
5.618007161	77.30544701
5.505643045	77.28315873
5.57472878	76.90428341
5.589261783	76.85971535
5.585497279	76.85971535
5.584175806	76.85971535
5.563688194	76.90428341
5.736856647	80.69300268
5.715245559	80.71529097
5.745717346	80.71529097
5.753780947	80.71529097
5.731647401	80.78215581
5.866099076	82.76566009
5.788354472	82.67651546
5.800595815	82.76566009
5.843752205	82.72108352
5.864964743	82.69879524
5.941734051	85.30632896
5.991632568	85.28404068
5.983704373	85.30632896
5.974570309	85.21718433
6.016420555	85.30632896
6.118782613	87.51269908
6.091613549	87.51269908
6.100736754	87.51269908
6.067160242	87.51269908
6.038611583	87.55727565
6.172112871	89.36249064
6.181983995	89.51849164
6.22870753	89.49620336
6.177935269	89.40705873
6.179314225	89.34020236
6.220433158	87.91386268
6.252610277	87.82470956
6.268935475	87.80242977
6.183095335	87.95843077
6.208929514	87.8915744
6.211989531	87.53498737
6.278615628	87.53498737
6.240142833	87.51269908
6.28502116	87.4904108
6.22171056	87.55727565
6.35741856	91.50199592
6.380761166	91.56886076
6.433029903	91.47971613
6.385173951	91.45742785
6.440492485	91.43513957
6.526660279	94.13181792
6.553630707	94.17638599
6.588065634	94.1541062
6.498045835	94.17638599
6.480461118	94.1541062
6.666410617	96.22675511
6.65702299	96.20446683
6.596878431	96.22675511
6.704745453	96.22675511
6.627688729	96.29361148
6.842024018	99.52516615
6.822318175	99.4583098
6.843603526	99.48059808
6.829522723	99.4583098
6.779162425	99.48059808
6.838497111	98.85656864
6.825995177	98.76742398
6.875039751	98.78971227
6.820175972	98.76742398
6.801394969	98.67827936
6.777864584	98.67827936
6.849510233	98.65599107
6.893593377	98.65599107
6.838347016	98.72285592
6.865054299	98.7451357
6.822913445	98.47770179
6.872951838	98.49999007
6.898464111	98.49999007
6.802623829	98.47770179
6.850481058	98.49999007
6.877022279	97.29650775
6.841465793	97.34108431
6.851435278	97.27422796
6.840343596	97.34108431
6.866778154	97.29650775
6.880984142	95.31217201
6.994393811	95.22302738
6.943449102	95.33446029
6.937492576	95.26759545
6.927905674	95.24530716
6.889351125	93.1280817
6.940050573	93.15036998
6.905616924	93.17265826
6.964702517	93.1280817
6.882225138	93.21723482
6.923556758	89.47308362
6.866713006	89.45079534
6.916872113	89.40622727
6.794676473	89.51766018
6.882573869	89.45079534
6.86348565	89.56222825
6.864346619	89.58451653
6.904664621	89.58451653
6.92555206	89.58451653
6.798644083	89.53994846
6.697896023	85.08263166
6.639412086	85.17177631
6.707679645	85.10491146
6.729490646	85.10491146
6.696839611	85.10491146
6.65848817	86.46439479
6.648841868	86.48668307
6.614207028	86.48668307
6.665368257	86.50897133
6.725377412	86.46439479
6.645588325	86.37525014
6.700250914	86.37525014
6.637462132	86.4198267
6.704477198	86.35296186
6.713597849	86.37525014
6.462641359	79.68927495
6.42794712	79.7561313
6.513739357	79.7561313
6.482283971	79.80070787
6.390746618	79.82299615
6.304850911	75.7222664
6.245826633	75.7222664
6.267971675	75.74454619
6.303928627	75.74454619
6.238623363	75.74454619
6.102059504	71.84439401
6.024589541	71.79982592
6.093072981	71.84439401
6.105437594	71.88897057
6.107344116	71.8221142
5.831921546	67.03049441
5.8724401	67.03049441
5.853072769	67.03049441
5.916258183	67.03049441
5.849971875	67.07506673
5.839105016	68.85799344
5.829995862	68.94714232
5.813855887	68.85799344
5.869640035	68.85799344
5.833349043	68.83570941
5.81922864	68.99171465
5.819154551	68.94714232
5.89292388	68.99171465
5.863910248	69.01399869
5.853004428	69.01399869
5.766493013	67.14192732
5.766266913	66.94134976
5.832185968	67.09735501
5.742492545	67.09735501
5.789301665	67.18649964
5.565813152	62.28345117
5.551666563	62.26116713
5.525569239	62.32802348
5.53337225	62.35031176
5.545922086	62.30573945
5.375135349	58.51702018
5.343806425	58.51702018
5.40943551	58.4947319
5.396226534	58.56159249
5.385977938	58.53930421
5.162856997	55.33003782
5.173163715	55.30774954
5.244351096	55.33003782
5.216523531	55.33003782
5.236288134	55.33003782
5.199212817	56.20060857
5.112420055	56.13374797
5.178386374	56.15603626
5.197094246	56.17832029
5.171780289	56.17832029
5.133332084	56.82463377
5.185996816	56.71320086
5.175292825	56.75777317
5.179594157	56.7800572
5.11236832	56.73548489
5.138937324	57.22578889
5.18348704	57.22578889
5.165704326	57.20350484
5.182627987	57.22578889
5.111380249	57.24807718
5.101030738	55.53201104
5.103209667	55.50972278
5.061038154	55.50972278
5.077637036	55.55429509
5.151854094	55.50972278
4.949342439	53.63765141
5.055624205	53.63765141
4.96804616	53.61536313
5.061519415	53.72679604
4.954102678	53.63765141
4.78280977	49.0689017
4.779633829	49.04661341
4.766085064	49.04661341
4.827552693	49.04661341
4.817770667	49.04661341
4.502179231	44.87902305
4.570062611	44.90131133
4.544477845	44.85673477
4.565762237	44.87902305
4.563709133	44.85673477
4.55339475	45.30246646
4.553991297	45.32475474
4.573546725	45.25789414
4.550155258	45.30246646
4.519682833	45.28018243
4.324959817	40.48856686
4.299386228	40.53313918
4.375261993	40.5108509
4.241209826	40.44399455
4.311413287	40.5108509
4.028508015	35.65237899
4.056277777	35.74152364
4.039687838	35.71923536
3.998514296	35.7638119
4.011137263	35.74152364
3.9674466	36.74441991
3.966676008	36.90042516
3.998791811	36.85585282
3.97928684	36.78899222
4.02668644	36.8781411
3.908307357	37.34615682
4.034816465	37.36844511
3.946443875	37.34615682
4.044451908	37.25701219
3.901166041	37.32387279
3.872091093	35.94210118
3.935091284	36.03125006
3.875132268	35.94210118
3.953186323	35.91981715
3.841433763	36.03125006
3.755150684	32.50996895
3.714693445	32.44310835
3.683378253	32.55454126
3.748865547	32.44310835
3.715818836	32.46539663
3.36585826	26.89375065
3.379820583	27.02746973
3.359054178	26.9160368
3.317941312	26.9160368
3.371416555	26.93832297
3.056805206	22.72615817
3.083622027	22.59243909
3.050848361	22.68158584
3.043118163	22.68158584
3.057465623	22.72615817
3.017993261	24.10792765
3.03979053	24.01878088
2.994401561	24.15249996
3.036037523	24.10792765
3.025458718	24.08563937
3.028925587	24.30850521
3.057342354	24.28621904
2.998776983	24.24164673
3.027392705	24.21936056
2.985293046	24.24164673
2.91659149	22.12442124
2.871900302	22.05756064
2.87752151	22.07984681
2.973959297	22.12442124
2.883278122	22.12442124
2.564191395	18.04597552
2.6100051	18.11283612
2.618317953	18.00140321
2.651705251	18.06826169
2.586400147	18.04597552
2.270296952	14.05667764
2.326618726	14.12353717
2.271755106	14.07896379
2.223438013	14.07896379
2.285178047	14.12353717
1.723046899	9.086769622
1.834950512	9.10905579
1.755959801	9.064482408
1.833754225	9.064482408
1.73435063	9.086769622
1.532246146	6.880397388
1.527026043	6.902684068
1.550430603	6.947256917
1.578062885	6.991830299
1.533504547	6.902684068
1.302162805	4.540306074
1.235538145	4.540306074
1.324833418	4.540306074
1.257546186	4.518019372
1.313466137	4.540306074
1.206682192	5.743781507
1.28368758	5.766068187
1.244555885	5.743781507
1.275226468	5.766068187
1.234310802	5.743781507
1.025066359	2.55679993
1.029493276	2.55679993
1.014100581	2.601373312
0.964984472	2.55679993
0.995915485	2.534513517
0.957723879	2.645946428
0.986274214	2.623659748
0.940661859	2.579086632
0.958434194	2.534513517
0.952748957	2.512226814
0.684376767	0.016129474
0.717889889	0.038416065
0.683978936	0.016129474
0.754769604	0.038416065
0.662766398	0.038416065
0.381057892	-3.995455641
0.384170681	-3.950882526
0.384170681	-3.950882526
0.382614326	-3.973168961
0.385727115	-3.928595846
0.396621918	-3.772589819
0.398178312	-3.750303117
0.398178312	-3.750303117
0.402847496	-3.683443588
0.398178312	-3.750303117
0.170943858	-7.004144222
0.196174344	-6.937284671
0.190781432	-6.959571374
0.181151438	-7.026430902
0.164002305	-7.004144222
0.167275538	-6.558412533
0.184091318	-6.580699235
0.172543065	-6.647559298
0.208932956	-6.625272618
0.119139536	-6.491553004
0.204913451	-6.424693453
0.196253583	-6.424693453
0.152387567	-6.33554671
0.168730938	-6.402406773
0.147927298	-6.469266302
0.128719702	-5.912101701
0.155055072	-5.77838211
0.166666676	-5.867528852
0.176412715	-5.889815021
0.12854852	-5.934388403
0.041249283	-7.31615681
-0.040300755	-7.271583449
0.04402628	-7.31615681
0.061447769	-7.293870129
0.029628397	-7.271583449
-0.130998597	-9.054510162
-0.115758133	-9.032223994
-0.141876275	-9.076796309
-0.173631751	-9.054510162
-0.138863113	-9.054510162
-0.328543355	-11.28316856
-0.3572949	-11.28316856
-0.405847116	-11.30545471
-0.388652246	-11.2608824
-0.337503392	-11.30545471
-0.541691957	-13.24438774
-0.608325678	-13.28896112
-0.590678968	-13.28896112
-0.577874649	-13.22210157
-0.543438684	-13.22210157
-0.77329848	-15.56219289
-0.823491039	-15.53990567
-0.884205799	-15.56219289
-0.826665623	-15.53990567
-0.811726007	-15.53990567
-1.061704884	-17.70170452
-1.03841042	-17.72399174
-1.064320764	-17.72399174
-1.069361872	-17.65713114
-1.017278438	-17.65713114
-1.274942406	-19.90807571
-1.254019838	-19.88578954
-1.3376955	-19.88578954
-1.297829618	-19.84121723
-1.239268479	-19.84121723
-1.433338982	-22.04758946
-1.526164435	-22.02530118
-1.469066799	-22.06987563
-1.456234976	-22.02530118
-1.532217564	-22.04758946
-1.512137762	-21.51271103
-1.513523743	-21.51271103
-1.499115766	-21.51271103
-1.491052325	-21.51271103
-1.514383754	-21.51271103
-1.517356269	-20.46524031
-1.55606171	-20.48752859
-1.558705613	-20.48752859
-1.507546939	-20.48752859
-1.489399686	-20.46524031
-1.642031826	-22.13673409
-1.673986038	-22.11444794
-1.660312727	-22.15902237
-1.615659701	-22.13673409
-1.602745167	-22.15902237
-1.78658807	-24.61054662
-1.891387092	-24.63283279
-1.854345307	-24.65511893
-1.79027098	-24.6774051
-1.864816171	-24.63283279
-2.018707191	-26.88377734
-2.056090042	-26.90606351
-2.032333558	-26.92834965
-2.001918934	-26.88377734
-2.011673176	-26.90606351
-2.213672753	-29.11243574
-2.239638026	-29.0678634
-2.206533513	-29.11243574
-2.160097394	-29.09014957
-2.217438854	-29.11243574
-2.416558368	-31.2965218
-2.466650412	-31.25194738
-2.398703002	-31.25194738
-2.401807568	-31.25194738
-2.36513607	-31.2965218
-2.552149645	-33.43603344
-2.606215208	-33.43603344
-2.571807426	-33.4137473
-2.603797565	-33.4137473
-2.629707749	-33.4137473
-2.717731288	-35.79841092
-2.786629245	-35.77612264
-2.80986902	-35.79841092
-2.770872171	-35.79841092
-2.765913616	-35.79841092
-2.924130078	-38.02706933
-2.951623922	-38.02706933
-2.929840704	-38.00478105
-2.947026871	-38.00478105
-2.971217034	-38.00478105
-2.956882667	-36.1104214
-2.951595819	-36.1104214
-3.038521431	-36.15499796
-2.98124432	-36.13270968
-2.946628961	-36.06584908
-3.085689821	-38.22764689
-3.100693547	-38.22764689
-3.104224605	-38.20536283
-3.081734346	-38.27222345
-3.136848176	-38.22764689
-3.304350713	-40.47859355
-3.224385664	-40.52316589
-3.257781424	-40.45630527
-3.221562606	-40.45630527
-3.235771468	-40.45630527
-3.341247513	-42.57353076
-3.379582348	-42.57353076
-3.3747675	-42.61810732
-3.347564585	-42.59581904
-3.404425263	-42.52895845
-3.506055689	-44.44560635
-3.53506996	-44.44560635
-3.513259598	-44.44560635
-3.485829624	-44.44560635
-3.500861133	-44.42331807
-3.477561001	-43.82158116
-3.53744497	-43.82158116
-3.581010447	-43.86615347
-3.483189234	-43.86615347
-3.481263231	-43.82158116
-3.661085991	-46.62969244
-3.719231735	-46.69654879
-3.707657195	-46.65197647
-3.684824273	-46.67426475
-3.679999525	-46.67426475
-3.904134723	-49.30408251
-3.907608937	-49.32636654
-3.789960528	-49.32636654
-3.884993811	-49.28179423
-3.862532932	-49.32636654
-3.967526438	-51.35444738
-4.039900525	-51.35444738
-4.055737436	-51.37673141
-3.977337844	-51.3321591
-4.018550985	-51.35444738
-4.173084059	-53.67225041
-4.179627551	-53.67225041
-4.159600122	-53.67225041
-4.157645697	-53.64996638
-4.18416137	-53.6945387
-4.305883414	-55.61118238
-4.353141222	-55.61118238
-4.285826924	-55.63347066
-4.27888648	-55.63347066
-4.323302707	-55.63347066
-4.315554944	-54.65620549
-4.294893924	-54.63391721
-4.300975955	-54.63391721
-4.307083852	-54.61162892
-4.277274398	-54.61162892
-4.316773905	-53.00699572
-4.391300095	-53.029284
-4.346394942	-53.05156803
-4.322656661	-53.00699572
-4.378874805	-53.029284
-4.49008415	-55.94882395
-4.452806045	-55.94882395
-4.505259047	-55.97111223
-4.50535134	-55.94882395
-4.469369479	-55.97111223
-4.678302635	-58.17748235
-4.624879126	-58.24434295
-4.596353142	-58.22205891
-4.644337153	-58.22205891
-4.661287001	-58.19977063
-4.729476638	-60.42842903
-4.733470116	-60.40614075
-4.766781248	-60.40614075
-4.772400859	-60.40614075
-4.797027574	-60.42842903
-4.853767537	-62.45650987
-4.904982737	-62.41193331
-4.934830194	-62.43422159
-4.869234002	-62.45650987
-4.848149523	-62.45650987
-5.00010448	-64.7743129
-5.002683555	-64.7743129
-5.075518784	-64.7743129
-5.006013422	-64.75202462
-4.982881907	-64.75202462
-5.163183692	-66.75781718
-5.132188171	-66.75781718
-5.138369519	-66.78010546
-5.134233611	-66.75781718
-5.162053511	-66.71324487
-5.204595789	-64.8411735
-5.177828149	-64.8411735
-5.159286019	-64.81888522
-5.196278625	-64.88574584
-5.180688252	-64.7743129
-5.326851468	-67.0698319
-5.282163154	-67.18126481
-5.274344176	-67.09211594
-5.31335827	-67.02525959
-5.349031	-67.09211594
-5.397892267	-69.34306262
-5.432101732	-69.3653509
-5.435794063	-69.32077434
-5.40380089	-69.32077434
-5.379809363	-69.32077434
-5.541080732	-71.48257215
-5.58335316	-71.50486043
-5.597695191	-71.50486043
-5.541251266	-71.50486043
-5.557007381	-71.48257215
-5.662675994	-73.28778714
-5.598376046	-73.3323637
-5.665319578	-73.28778714
-5.655934505	-73.28778714
-5.638259732	-73.31007542
-5.833534266	-75.76159965
-5.809119919	-75.78388793
-5.807173159	-75.80617621
-5.807796531	-75.78388793
-5.800395263	-75.78388793
-5.975960761	-78.03483461
-5.973344642	-78.01254633
-5.964477556	-77.96796977
-5.905455194	-77.96796977
-5.954004775	-77.99025805
-6.073742694	-80.33034936
-6.067624577	-80.30806108
-6.135003703	-80.2857728
-6.093797268	-80.30806108
-6.023634044	-80.2857728
-6.138441192	-78.34684509
-6.137419909	-78.36913337
-6.132396525	-78.36913337
-6.115344485	-78.36913337
-6.130188536	-78.39141318
-6.209760464	-80.97665861
-6.272086187	-80.97665861
-6.284938129	-80.95437033
-6.211931409	-80.93209053
-6.242898828	-80.95437033
-6.387395353	-82.73729705
-6.377323038	-82.75958533
-6.33547407	-82.71501724
-6.347539132	-82.73729705
-6.394770434	-82.75958533
-6.56949604	-84.94367564
-6.512624185	-84.96595545
-6.48106022	-84.94367564
-6.479767489	-84.92138736
-6.510009343	-84.94367564
-6.575033578	-87.06090113
-6.607316083	-87.03861285
-6.618591072	-87.06090113
-6.670012252	-87.06090113
-6.590727101	-87.03861285
-6.731579199	-89.08897348
-6.712611694	-89.08897348
-6.748359791	-89.04440541
-6.720646553	-89.11126176
-6.725724865	-89.06669369
-6.75873485	-88.15294205
-6.791357782	-88.17523033
-6.750805377	-88.15294205
-6.767432042	-88.17523033
-6.738671335	-88.13065377
-6.859801622	-90.51532165
-6.866752606	-90.55988971
-6.874779161	-90.53760143
-6.875893695	-90.49303337
-6.822072276	-90.55988971
-7.050388091	-93.12284687
-7.001345433	-93.12284687
-7.025600743	-93.12284687
-6.997273714	-93.10055859
-6.957353623	-93.10055859
-7.05978019	-91.80794011
-7.076975298	-91.85251667
-7.060468709	-91.78565183
-7.039327705	-91.83022839
-7.01530616	-91.85251667
-7.139502212	-93.90287732
-7.154676471	-93.9251656
-7.174760425	-93.88058904
-7.145810024	-93.88058904
-7.113130886	-93.90287732
-7.222316826	-96.06467935
-7.220597442	-96.06467935
-7.24736668	-96.06467935
-7.284379404	-96.06467935
-7.286969336	-96.10924744
-7.41929733	-98.31562603
-7.421213433	-98.31562603
-7.34692484	-98.31562603
-7.387099134	-98.27104947
-7.373983409	-98.29333775
-7.496007878	-100.8117183
-7.510123809	-100.8340066
-7.545909589	-100.8117183
-7.51628919	-100.7671503
-7.482487216	-100.7894301
-7.525713224	-100.0539762
-7.488209977	-100.0762645
-7.512627517	-100.0539762
-7.566657153	-100.0316879
-7.579281717	-100.0316879
-7.547788647	-99.89796671
-7.49090785	-99.8756869
-7.52595082	-99.92025499
-7.573417803	-99.96483155
-7.578060521	-99.89796671
-7.556185011	-98.51481217
-7.552085827	-98.51481217
-7.532689755	-98.53709196
-7.576709668	-98.53709196
-7.556193314	-98.55938024
-7.562169001	-96.75416524
-7.564113206	-96.73188544
-7.556674256	-96.70959715
-7.560809845	-96.73188544
-7.571688201	-96.75416524
-7.415956285	-93.18831179
-7.38981042	-93.16603201
-7.395758004	-93.16603201
-7.402063261	-93.14374373
-7.451105919	-93.14374373
-7.409265253	-93.72319661
-7.371563371	-93.7454764
-7.395518491	-93.72319661
-7.402921675	-93.72319661
-7.439338491	-93.72319661
-7.277954072	-88.7087152
-7.22874088	-88.68642692
-7.196460292	-88.7087152
-7.221574655	-88.7087152
-7.236579019	-88.7087152
-7.190956605	-88.93158105
-7.182459327	-88.90929277
-7.221056668	-88.90929277
-7.232794716	-88.93158105
-7.210181506	-88.88700449
-7.107406847	-84.67484181
-7.030960722	-84.65255355
-7.028118503	-84.65255355
-7.016552904	-84.65255355
-7.042500133	-84.67484181
-6.889985994	-80.75240134
-6.842490909	-80.73011306
-6.825451643	-80.77468963
-6.865832876	-80.77468963
-6.851679261	-80.73011306
-6.578972447	-75.9384975
-6.607977777	-75.89392944
-6.616013913	-75.91620922
-6.655037907	-75.89392944
-6.660638676	-75.96078578
-6.598882036	-77.49855839
-6.626602937	-77.47627011
-6.579117433	-77.49855839
-6.602222442	-77.52084667
-6.561470123	-77.49855839
-6.244188365	-71.25831487
-6.306314814	-71.25831487
-6.265590598	-71.21374679
-6.303472594	-71.25831487
-6.314341369	-71.23602659
-6.121074911	-66.71185344
-6.11215098	-66.71185344
-6.08749776	-66.71185344
-6.052637458	-66.73414172
-6.037659919	-66.71185344
-6.014853183	-67.13529685
-6.013729069	-67.13529685
-6.064093838	-67.13529685
-6.089569706	-67.11301279
-6.066899013	-67.11301279
-5.861043119	-62.4551142
-5.813556975	-62.47740248
-5.821884998	-62.47740248
-5.801593466	-62.47740248
-5.790453243	-62.4551142
-5.556622883	-58.17609092
-5.585005479	-58.15380689
-5.515935712	-58.15380689
-5.548153708	-58.13151861
-5.586262443	-58.15380689
-5.540598513	-59.82530069
-5.524670587	-59.82530069
-5.513366218	-59.82530069
-5.497448511	-59.86987301
-5.511448199	-59.82530069
-5.39928719	-57.35148816
-5.359855705	-57.32919988
-5.416988788	-57.30691585
-5.355123249	-57.30691585
-5.398861815	-57.37377645
-5.269173892	-55.59084973
-5.279010845	-55.54627317
-5.297895957	-55.61313377
-5.287822684	-55.63542205
-5.370459419	-55.56856145
-5.24150217	-56.23660325
-5.284897433	-56.25888728
-5.290541634	-56.23660325
-5.281196161	-56.25888728
-5.309048635	-56.23660325
-5.132212122	-53.31705905
-5.168892402	-53.31705905
-5.171064305	-53.27248674
-5.152755302	-53.27248674
-5.122456922	-53.29477077
-4.958411035	-49.97407145
-4.987587217	-49.95178317
-4.983461847	-49.97407145
-4.945099229	-49.99635973
-4.898690574	-49.95178317
-4.59669836	-44.58071899
-4.596037304	-44.58071899
-4.5715923	-44.62529131
-4.648325521	-44.62529131
-4.620001367	-44.60300303
-4.58483353	-46.22992449
-4.597249878	-46.18535218
-4.615767098	-46.22992449
-4.594201358	-46.14077986
-4.556651806	-46.25221277
-4.590390229	-46.38592974
-4.585657455	-46.36364571
-4.572344051	-46.38592974
-4.550080211	-46.4305063
-4.577992084	-46.36364571
-4.217171994	-40.10111391
-4.249623754	-40.10111391
-4.246320073	-40.10111391
-4.22428361	-40.12340219
-4.276356585	-40.07882987
-3.920063288	-36.00038416
-3.955555265	-36.00038416
-3.926570054	-35.97809588
-3.977801221	-36.02266819
-3.988679897	-36.04495648
-3.55816475	-31.11962184
-3.610528973	-31.05276124
-3.576726999	-31.07504741
-3.638196543	-31.07504741
-3.637733485	-31.07504741
-3.264738156	-26.66230505
-3.301571086	-26.59544443
-3.290384876	-26.66230505
-3.332683809	-26.66230505
-3.332910548	-26.64001888
-3.238693844	-28.44523177
-3.237344588	-28.46751791
-3.206176617	-28.44523177
-3.243444503	-28.40065732
-3.234465644	-28.44523177
-2.807305594	-22.00440857
-2.833215459	-22.00440857
-2.744544277	-21.9821224
-2.777875209	-22.07126917
-2.785731231	-22.02669472
-2.773630721	-22.45014024
-2.813277129	-22.40556792
-2.785159275	-22.42785409
-2.810843359	-22.45014024
-2.7920994	-22.42785409
-2.41892747	-17.68081085
-2.43826606	-17.70309808
-2.507589231	-17.6585247
-2.478584062	-17.70309808
-2.467045289	-17.68081085
-2.127776088	-13.93666496
-2.137450812	-13.91437879
-2.070997643	-13.93666496
-2.05813676	-13.91437879
-2.079920776	-13.93666496
-1.737189815	-10.68282412
-1.744619824	-10.66053691
-1.791416969	-10.66053691
-1.759804941	-10.57139121
-1.770069186	-10.66053691
-1.463007922	-8.743891114
-1.530576262	-8.677031029
-1.506763412	-8.743891114
-1.572820108	-8.721604412
-1.58082846	-8.76617726
-1.488787172	-9.947366012
-1.498107257	-9.947366012
-1.504849225	-9.947366012
-1.438821112	-9.947366012
-1.463500839	-9.925079844
-1.264169835	-6.804958085
-1.287528329	-6.782671405
-1.272468557	-6.827244787
-1.248532917	-6.782671405
-1.202359623	-6.760384702
-1.238865458	-7.005537227
-1.219444636	-7.05011061
-1.257201527	-6.983250547
-1.212304917	-7.05011061
-1.198612444	-7.005537227
-1.204800659	-7.183830223
-1.214194274	-7.228403072
-1.205470177	-7.228403072
-1.232729218	-7.206116392
-1.239670461	-7.206116392
-0.651826328	0.282175563
-0.668861043	0.415895087
-0.657432686	0.371321905
-0.628741876	0.415895087
-0.60481442	0.415895087
-0.402265081	2.488547374
-0.436560092	2.555407192
-0.405827835	2.533120489
-0.372850264	2.510834076
-0.393973544	2.711413219
-0.349717391	3.424583846
-0.266564626	3.469156961
-0.275228046	3.424583846
-0.285794756	3.491443664
-0.311706058	3.469156961
-0.24482456	2.934279063
-0.295587879	2.911992361
-0.326718945	2.911992361
-0.348728682	2.911992361
-0.335903526	2.934279063
-0.236769962	3.803455717
-0.235372783	3.870315535
-0.2667051	3.8480291
-0.274045292	3.82574242
-0.240607257	3.781169304
-0.176745059	3.38001073
-0.203515654	3.35772405
-0.246150444	3.335437615
-0.221560834	3.35772405
-0.267497968	3.35772405
-0.233039109	2.533120489
-0.232116865	2.510834076
-0.246322414	2.555407192
-0.229409112	2.510834076
-0.272370538	2.510834076
-0.295143543	2.243394849
-0.283791989	2.109675502
-0.258790457	2.243394849
-0.180536009	2.221108414
-0.195803558	2.221108414
-0.22515678	1.708516929
-0.234976629	1.909096227
-0.238615169	1.886809658
-0.264740037	1.753090044
-0.289589658	1.775376746
-0.290268098	1.173638897
-0.267200293	1.173638897
-0.251932744	1.173638897
-0.299192967	1.151352328
-0.286044109	1.129065781
-0.366680412	0.661047479
-0.33786821	0.616474363
-0.337930843	0.63876091
-0.316581961	0.63876091
-0.315460981	0.616474363
-0.32592965	0.438181678
-0.318663069	0.415895087
-0.382311821	0.415895087
-0.34173311	0.393608496
-0.359904593	0.415895087
-0.429273951	0.170742651
-0.40832288	0.170742651
-0.416448794	0.193029243
-0.332373445	0.215315811
-0.342358278	0.170742651
-0.407540312	0.081596331
-0.390091759	0.081596331
-0.410257027	0.037023149
-0.351032636	0.05930974
-0.30701416	0.05930974
-0.391934052	0.148456082
-0.360478585	0.1038829
-0.402778796	0.1038829
-0.380108223	0.1038829
-0.354198478	0.1038829
-0.453088038	1.01763287
-0.418192568	0.995346234
-0.439666973	1.039919417
-0.393068984	1.039919417
-0.341384059	1.039919417
-0.305112608	1.418791288
-0.34728889	1.351931626
-0.373060437	1.396504742
-0.403458134	1.441077991
-0.425603376	1.418791288
-0.289400782	2.243394849
-0.303146506	2.265681529
-0.348411327	2.332541347
-0.348547371	2.310254645
-0.341544134	2.287968232
-0.262076394	2.911992361
-0.252955045	2.911992361
-0.256254814	2.956565743
-0.296572676	2.956565743
-0.293406855	2.911992361
-0.322904183	3.246291117
-0.292370602	3.224004704
-0.306379411	3.246291117
-0.265601345	3.224004704
-0.263284517	3.246291117
-0.291348002	3.446870548
-0.261412464	3.402297433
-0.204568832	3.424583846
-0.215275177	3.424583846
-0.19372756	3.424583846
-0.183880288	3.535459729
-0.170733086	3.490886613
-0.168487773	3.490886613
-0.19360018	3.513173026
-0.153481612	3.513173026
-0.0021762	5.452105788
-0.001455245	5.40753294
0.024193673	5.429819086
0.028204403	5.273813326
0.037405131	5.385246237
-0.124760943	1.774819562
-0.176059114	1.707959767
-0.146998597	1.551953718
-0.214072404	1.641100082
-0.210818222	1.752533016
-0.129914712	3.245734088
-0.141018958	3.245734088
-0.128195798	3.245734088
-0.099379594	3.245734088
-0.113986307	3.245734088
-0.015912219	5.073234184
-0.036876294	4.984087419
-0.023852509	5.006374099
-0.03673827	5.028660801
-0.031254924	5.006374099
0.161248875	7.14588627
0.086420759	7.079026741
0.107432735	7.034453359
0.062629445	7.101312888
0.076972779	7.101312888
0.168708743	6.076130451
0.143583243	6.009270389
0.116626008	6.076130451
0.091176188	6.053843771
0.122970335	6.076130451
0.479719835	9.107105445
0.471656673	9.107105445
0.524138776	9.129392682
0.464914466	9.107105445
0.476617225	9.129392682
0.708344582	11.42491061
0.699620405	11.42491061
0.716933195	11.4026234
0.679133591	11.44719676
0.721111098	11.51405631
0.889113098	13.72042854
0.915299361	13.80957531
0.934328739	13.76500193
0.994399608	13.69814238
0.967382076	13.80957531
1.213154229	15.85994018
1.194320852	15.8822274
1.179316727	15.8822274
1.177933062	15.90451356
1.143098068	15.8822274
1.419583118	18.26689209
1.412640278	18.24460594
1.41084457	18.15545918
1.431011395	18.22231766
1.399541638	18.15545918
1.692764168	20.65155574
1.637503116	20.60698343
1.677760602	20.65155574
1.656871565	20.62926957
1.655351457	20.62926957
1.808441864	22.59048982
1.807780809	22.59048982
1.820668678	22.59048982
1.787952495	22.59048982
1.770752596	22.47905691
1.82448332	21.94417845
1.816619154	21.94417845
1.854556877	21.94417845
1.848934711	21.9218923
1.873327022	21.94417845
2.026824123	24.93058113
2.067942577	24.99743961
2.033382305	25.04201406
2.048374055	24.9528673
2.049693132	24.93058113
2.032403655	23.14765442
2.045688956	23.14765442
2.067898027	23.16994059
2.027967717	23.10307997
2.07212511	23.14765442
2.221854513	25.19801929
2.223373664	25.19801929
2.215770726	25.17573314
2.235398488	25.15344697
2.257534109	25.10887252
2.369789486	27.1815257
2.365427158	27.1815257
2.384534059	27.22609802
2.37402583	27.22609802
2.399737219	27.22609802
2.48364928	29.36560965
2.480346557	29.38789793
2.505198094	29.38789793
2.489470401	29.41018408
2.529451488	29.36560965
2.649980439	31.5051234
2.669409724	31.48283512
2.618050338	31.46054895
2.609800556	31.54969572
2.625851113	31.46054895
2.822940995	33.77835412
2.860816285	33.80064029
2.830668319	33.73378181
2.801056862	33.73378181
2.778584486	33.73378181
2.974751925	36.05158695
3.019968444	36.11844332
3.004761931	36.07387101
3.038262438	36.00701039
3.007912962	35.91786576
3.082145669	38.32481767
3.085050801	38.30252939
3.088090379	38.30252939
3.13733327	38.32481767
3.122203081	38.36939001
3.255218637	40.46432719
3.275572441	40.44204316
3.265003217	40.48661547
3.308424348	40.46432719
3.265525674	40.44204316
3.357069095	42.80441851
3.403132851	42.78213447
3.349929695	42.80441851
3.4109365	42.82670679
3.335785661	42.80441851
3.458729859	44.74335472
3.510091321	44.78792703
3.489264878	44.74335472
3.535528228	44.72106643
3.509815402	44.6987824
3.520096892	43.00500032
3.510310715	42.96042798
3.492540136	43.0272886
3.539000207	42.98271204
3.547924137	42.98271204
3.589349647	42.8712791
3.559874234	42.89356738
3.610360675	42.82670679
3.607593184	42.8712791
3.578379638	42.89356738
3.819983947	47.35088419
3.850518966	47.35088419
3.824547785	47.37317247
3.809343508	47.37317247
3.770484299	47.3954565
3.937400188	49.46810966
3.909707709	49.46810966
3.918369133	49.49039794
3.929598775	49.44582138
3.91929046	49.46810966
4.053924483	51.83048925
4.007587044	51.78591269
4.03283713	51.80820097
3.979632058	51.80820097
3.981813222	51.80820097
4.17194781	54.01457109
4.184096861	53.92542646
4.15852423	53.96999878
4.152367152	53.90313818
4.140815606	54.01457109
4.287190551	55.70835318
4.278867638	55.75292549
4.294009962	55.79749781
4.337829323	55.79749781
4.300180772	55.97579134
4.334166692	56.06494021
4.368649521	55.93121902
4.30858001	55.99807962
4.320407156	55.97579134
4.282607552	56.02036365
4.311025277	54.34775842
4.316583891	54.39233073
4.317504898	54.37004245
4.330855666	54.37004245
4.281476732	54.32547013
4.483059716	58.09190112
4.461909132	58.09190112
4.430577653	58.06961709
4.428534129	58.11418941
4.404545157	58.13647769
4.401567214	56.62098913
4.424697452	56.59870085
4.48992671	56.55412854
4.504347621	56.64327317
4.535666006	56.57641682
4.706751975	60.58800193
4.687448195	60.56571365
4.677863528	60.56571365
4.733186852	60.58800193
4.682625363	60.58800193
4.809752095	63.12867081
4.846905653	63.19553141
4.798449003	63.12867081
4.81788212	63.15095909
4.7651235	63.03952616
4.802666027	64.9338858
4.856069096	64.9338858
4.872456568	64.88930924
4.936441636	64.9338858
4.908486651	64.95616984
5.075817696	67.16254421
5.065969565	67.16254421
5.048385806	67.14025593
5.047860794	67.16254421
5.014485792	67.18482824
5.05857213	66.69452424
5.091026764	66.71681252
5.076018567	66.67223595
5.078922421	66.64995192
5.056650278	66.64995192
5.151209645	69.36891431
5.12253133	69.41348664
5.186241119	69.36891431
5.172106665	69.43577492
5.163508153	69.39120259
5.287151729	72.08787671
5.235266532	72.08787671
5.262822329	72.04330862
5.262760375	72.06558843
5.259255503	72.06558843
5.378843009	70.72839763
5.329737119	70.75068167
5.340444303	70.75068167
5.289220481	70.75068167
5.254324732	70.77296995
5.300081592	70.41638291
5.333595193	70.43867119
5.345821208	70.41638291
5.401469631	70.39409888
5.362011321	70.39409888
5.447065858	74.13824583
5.421294272	74.1828139
5.409190888	74.11595755
5.440061224	74.13824583
5.473635182	74.13824583
5.56302139	76.21089474
5.596995813	76.23318302
5.61570145	76.23318302
5.676970762	76.23318302
5.646696972	76.21089474
5.726869279	78.57327433
5.71443888	78.55098605
5.686749274	78.57327433
5.711535345	78.57327433
5.696990845	78.55098605
5.867951948	81.20308786
5.878196712	81.20308786
5.856124482	81.22537614
5.852160065	81.22537614
5.835834867	81.22537614
6.007426367	83.18660061
5.9740536	83.20888042
5.959968965	83.16431233
5.917669713	83.18660061
5.910590989	83.14202405
6.11563254	85.12552833
6.066789795	85.14781661
6.078616622	85.10324005
6.071213438	85.10324005
6.057530546	85.10324005
6.197876793	87.17589745
6.187632667	87.17589745
6.244336544	87.15360917
6.202040485	87.17589745
6.253124431	87.13132088
6.354550153	89.27083466
6.324077728	89.24854638
6.319515486	89.22625809
6.299361276	89.27083466
6.311653077	89.24854638
6.31404118	87.35418673
6.335515586	87.30961866
6.351116497	87.33189845
6.378149517	87.33189845
6.36532504	87.28733038
6.319911481	87.24275382
6.368950945	87.24275382
6.381375596	87.22046554
6.426978849	87.19818573
6.381375596	87.22046554
6.414837782	89.73885461
6.396927966	89.76114289
6.393427246	89.78342269
6.41331895	89.73885461
6.460043124	89.71656632
6.626626569	92.27952348
6.616842947	92.2572352
6.616307077	92.21266713
6.557619395	92.23494692
6.537730245	92.27952348
6.674725866	94.50818188
6.706383082	94.50818188
6.671347776	94.46360532
6.704139325	94.53047017
6.682852059	94.4858936
6.768644935	95.91223328
6.742471606	95.91223328
6.743731763	95.93452156
6.741216558	95.91223328
6.731494251	95.86766521
6.706367753	95.80080037
6.763935154	95.80080037
6.699948169	95.75623228
6.727118511	95.77852056
6.725995674	95.77852056
6.764825503	95.51107815
6.776528422	95.55565472
6.756561989	95.51107815
6.79450083	95.51107815
6.772228687	95.53336643
6.757794682	95.33278889
6.71351354	95.35506868
6.693285879	95.33278889
6.705647299	95.35506868
6.706835282	95.31050061
6.805245058	93.30470805
6.811913097	93.26013149
6.777877358	93.28241977
6.817534943	93.30470805
6.8188545	93.28241977
6.736172736	89.38226757
6.739013679	89.35997929
6.794797187	89.35997929
6.799097561	89.38226757
6.845359953	89.35997929
6.699155541	89.35997929
6.759703759	89.38226757
6.789451898	89.42684413
6.849860241	89.40455585
6.820983929	89.44912394
6.760300945	89.40455585
6.736708607	89.42684413
6.710925524	89.38226757
6.735712233	89.40455585
6.816547512	89.40455585
6.772526321	89.38226757
6.767902764	89.40455585
6.721105779	89.40455585
6.763728853	89.35997929
6.74641814	89.38226757
6.605807471	84.88037422
6.533632978	84.9026625
6.560468001	84.88037422
6.585915766	84.9026625
6.609644787	84.9026625
6.607453403	85.81641414
6.606069977	85.83870242
6.578837682	85.83870242
6.607254129	85.81641414
6.581543219	85.81641414
6.420953983	80.24476814
6.406088855	80.26705642
6.379517615	80.26705642
6.38936383	80.26705642
6.370395048	80.26705642
6.248769129	76.36690424
6.224979432	76.38919252
6.245207732	76.43376058
6.216717834	76.4114723
6.248175776	76.38919252
5.998649977	71.50842383
5.968115597	71.50842383
5.993103497	71.53071211
6.01405289	71.50842383
6.022516318	71.53071211
5.822374882	67.22940056
5.836783977	67.22940056
5.77095434	67.22940056
5.728057263	67.22940056
5.714771643	67.22940056
5.768494063	67.60827587
5.768168965	67.65284819
5.808089056	67.65284819
5.817470935	67.63055991
5.851907139	67.63055991
5.812912526	67.63055991
5.818396413	67.63055991
5.771074416	67.63055991
5.799163848	67.63055991
5.792819631	67.63055991
5.718713706	69.03461555
5.693862488	69.03461555
5.759767491	69.07918786
5.761286961	69.07918786
5.798563469	69.07918786
5.694580388	67.05111127
5.718634507	67.02882299
5.643618433	67.05111127
5.644941822	67.05111127
5.621212801	67.02882299
5.413861069	62.19263512
5.481287459	62.25949571
5.505737573	62.21491915
5.547376408	62.21491915
5.475802295	62.25949571
5.328524226	58.8050752
5.336524914	58.82735925
5.33526827	58.82735925
5.286612026	58.76049864
5.286092124	58.82735925
5.180694	56.13068513
5.236477828	56.13068513
5.220349031	56.13068513
5.197022073	56.15296916
5.121408175	56.15296916
5.177304414	56.97757192
5.15389698	56.91071557
5.141808924	56.95528789
5.192833471	56.95528789
5.193890521	56.95528789
5.136925735	55.59580456
5.07473382	55.61809284
5.071230864	55.61809284
5.097404513	55.61809284
5.136001216	55.59580456
5.013872	53.32257384
5.029598416	53.30028556
5.048769027	53.32257384
4.971574025	53.34486213
4.91499214	53.32257384
4.776027404	49.75672042
4.802795683	49.75672042
4.857983922	49.75672042
4.824209412	49.75672042
4.828049921	49.80129273
4.54213477	44.67537842
4.594618111	44.71995073
4.546036275	44.6976667
4.535131094	44.6976667
4.541212486	44.6976667
4.462789262	46.4360211
4.449104454	46.41373281
4.474352624	46.41373281
4.490478867	46.39144453
4.539982348	46.39144453
4.388757746	44.96510486
4.410703832	44.98739314
4.436676609	44.96510486
4.459545619	44.96510486
4.475076592	44.96510486
4.18814431	40.5969327
4.231825711	40.53007636
4.287350226	40.57464867
4.22832563	40.55236039
4.186426204	40.5969327
3.943685326	35.58245343
3.890283214	35.6047396
3.864773495	35.62702788
3.90719921	35.58245343
3.890608632	35.58245343
3.64010083	31.74915971
3.611689173	31.81602031
3.61545208	31.79373416
3.701048556	31.81602031
3.703030126	31.79373416
3.40510995	26.89068569
3.379858586	26.86839952
3.331018396	26.89068569
3.302266312	26.89068569
3.284955598	26.93525801
3.326469248	28.47303273
3.310739958	28.47303273
3.313120078	28.47303273
3.351519741	28.47303273
3.298640406	28.45074656
3.264091471	26.69010599
3.237719187	26.69010599
3.239302526	26.66781985
3.199781943	26.69010599
3.22529262	26.66781985
2.906417941	22.67852088
2.893992013	22.67852088
3.0132244	22.65623473
2.989169961	22.67852088
3.007738278	22.65623473
2.996218347	23.01281966
2.969596649	23.1019664
2.936807016	23.05739197
2.951213876	23.05739197
2.898273545	23.07968025
2.679006526	18.1543435
2.628368872	18.08748502
2.601489139	18.24349026
2.609079782	18.17663178
2.594735036	18.1543435
2.298947004	14.34333806
2.345471264	14.29876575
2.312494012	14.32105189
2.260075021	14.27647851
2.25175131	14.32105189
1.807393437	9.217423744
1.791663029	9.217423744
1.816452293	9.239710957
1.861855952	9.217423744
1.831046611	9.150564215
1.779360849	10.64376555
1.808897418	10.576906
1.819741603	10.62147939
1.777964489	10.576906
1.75919594	10.59919217
1.505655106	6.855046261
1.454233607	6.855046261
1.507240522	6.855046261
1.458660922	6.855046261
1.439155153	6.810473413
1.309418928	4.53724165
1.270821826	4.55952833
1.30485972	4.55952833
1.253239345	4.55952833
1.243979058	4.514954948
1.020664192	2.353156363
1.018621067	2.397729479
1.057082046	2.353156363
1.038911561	2.397729479
1.06005983	2.375443043
1.014063696	3.218711542
1.003019996	3.174138449
1.006861384	3.240998245
0.955826138	3.174138449
0.985238241	3.174138449
0.702739901	0.321455673
0.707501816	0.343742264
0.77849072	0.366028855
0.771347647	0.321455673
0.760778742	0.366028855
0.225326994	-6.631958784
0.214674878	-6.676531633
0.225987191	-6.631958784
0.255227922	-6.65424493
0.23818696	-6.609672082
0.230212039	-6.208513263
0.234772165	-6.208513263
0.233478556	-6.230799943
0.229343026	-6.253086646
0.225280788	-6.230799943
-0.035304139	-8.838330484
-0.051459093	-8.816043804
0.030272338	-8.793757102
0.007573933	-8.771470421
-0.022725629	-8.749184253
-0.27395262	-11.02241604
-0.299464674	-11.02241604
-0.326695812	-11.02241604
-0.27564396	-11.04470218
-0.269816013	-11.0001288
-0.588546345	-13.36250735
-0.559170649	-13.3847935
-0.499288077	-13.3847935
-0.508844082	-13.40707967
-0.501829828	-13.36250735
-0.530951361	-11.91387939
-0.586273129	-11.91387939
-0.528905202	-11.91387939
-0.614128716	-11.89159216
-0.594327867	-11.86930601
-0.708115687	-13.47394026
-0.702695591	-13.47394026
-0.669119517	-13.47394026
-0.686304686	-13.47394026
-0.699128126	-13.47394026
-0.949395218	-16.19290267
-0.954236651	-16.12604312
-0.9093307	-16.14833035
-0.903883618	-16.1706165
-0.906253359	-16.12604312
-1.087062592	-17.73067739
-1.148929169	-17.73067739
-1.113171652	-17.73067739
-1.110556012	-17.70839122
-1.078763391	-17.70839122
-1.325494394	-19.98162194
-1.348219935	-19.93704963
-1.319268336	-19.93704963
-1.278092319	-19.93704963
-1.296136741	-19.93704963
-1.538643695	-22.09884741
-1.589603254	-22.09884741
-1.54727542	-22.12113358
-1.548228362	-22.09884741
-1.514942139	-22.07656126
-1.575397905	-21.51939666
-1.547967452	-21.51939666
-1.544293005	-21.49711049
-1.532537553	-21.54168281
-1.531678341	-21.54168281
-1.779852649	-24.50579934
-1.756349888	-24.48351317
-1.734483799	-24.52808549
-1.796783495	-24.55037166
-1.798096505	-24.50579934
-1.972230674	-26.68988329
-2.005118507	-26.71217157
-1.985317179	-26.68988329
-1.920582116	-26.71217157
-1.942419942	-26.68988329
-2.186548398	-28.71796413
-2.149327458	-28.67338968
-2.134068571	-28.71796413
-2.115932496	-28.74025028
-2.162819857	-28.71796413
-2.163966804	-27.18018941
-2.181244465	-27.15790324
-2.167505687	-27.20247558
-2.119097099	-27.22476173
-2.150916546	-27.20247558
-2.263309723	-29.07454906
-2.314694497	-29.05226289
-2.346061743	-29.07454906
-2.283499701	-29.05226289
-2.288576735	-29.00768844
-2.490026071	-31.28092129
-2.397823671	-31.28092129
-2.441445354	-31.28092129
-2.468903111	-31.25863301
-2.47021612	-31.21406069
-2.604767272	-33.44271907
-2.618307095	-33.39814676
-2.56398733	-33.44271907
-2.573173767	-33.44271907
-2.602613732	-33.42043293
-2.736139929	-35.78280828
-2.778456746	-35.71595193
-2.822458776	-35.78280828
-2.820467306	-35.73823596
-2.849852024	-35.76052424
-3.038476722	-37.87774971
-3.003435987	-37.8331774
-2.953997335	-37.8331774
-2.908231213	-37.85546143
-2.952250488	-37.85546143
-3.105281336	-40.10640811
-3.162585273	-40.10640811
-3.106339344	-40.10640811
-3.100021953	-40.08411983
-3.081289171	-40.10640811
-3.273833258	-42.15677299
-3.266439336	-42.20134532
-3.274096723	-42.15677299
-3.276702623	-42.1344847
-3.294585613	-42.15677299
-3.368141297	-40.48527918
-3.282502986	-40.41841859
-3.285787825	-40.48527918
-3.283833081	-40.46299092
-3.341137337	-40.46299092
-3.410719023	-42.8476588
-3.490258696	-42.82537052
-3.544721691	-42.82537052
-3.487443622	-42.80308224
-3.438212866	-42.8476588
-3.553437724	-44.67515783
-3.552199602	-44.60829723
-3.61274303	-44.60829723
-3.631457289	-44.65286955
-3.630164558	-44.63058551
-3.543821441	-44.22942614
-3.555793573	-44.27399848
-3.632238101	-44.29628676
-3.642907283	-44.27399848
-3.567493298	-44.27399848
-3.685411877	-46.90381623
-3.659039912	-46.90381623
-3.732695872	-46.88152795
-3.803512806	-46.85924392
-3.766407151	-46.88152795
-3.840598023	-48.90960879
-3.842353493	-48.93189282
-3.845676654	-48.86503647
-3.822090703	-48.90960879
-3.846046142	-48.88732051
-4.022986764	-51.36113301
-3.979854965	-51.33884473
-3.998851849	-51.3165607
-4.037647507	-51.3165607
-4.045184499	-51.3165607
-4.221430533	-53.50064254
-4.183928883	-53.52293082
-4.177647578	-53.52293082
-4.130759578	-53.5452191
-4.193548359	-53.5452191
-4.342527288	-55.70701691
-4.315983513	-55.68472863
-4.276064379	-55.68472863
-4.325305354	-55.68472863
-4.333139661	-55.70701691
-4.366662522	-54.61135318
-4.350164236	-54.5890649
-4.353241498	-54.61135318
-4.324516558	-54.5890649
-4.369387221	-54.54449258
-4.394624534	-53.29644219
-4.377844261	-53.34101875
-4.366307405	-53.31873047
-4.334250681	-53.31873047
-4.390931245	-53.34101875
-4.535047744	-55.79254298
-4.470974854	-55.81482701
-4.49105753	-55.77025469
-4.539211755	-55.79254298
-4.500584714	-55.81482701
-4.733188768	-59.80412809
-4.659928803	-59.82641212
-4.711151986	-59.82641212
-4.742292174	-59.87098446
-4.718093389	-59.82641212
-4.931492981	-62.63452341
-4.908586288	-62.61223513
-4.873328714	-62.63452341
-4.863771511	-62.61223513
-4.900786152	-62.61223513
-5.17207473	-66.958119
-5.130633892	-66.958119
-5.168761468	-66.91354668
-5.216019276	-66.91354668
-5.16463546	-66.93583497
-5.211471086	-66.37867037
-5.146529244	-66.35638208
-5.132185935	-66.35638208
-5.196864313	-66.37867037
-5.160909278	-66.37867037
-5.21260989	-65.10833169
-5.160471768	-65.15290825
-5.179864966	-65.13061997
-5.190534148	-65.10833169
-5.192346781	-65.08604766
-5.400033192	-69.07534449
-5.387416931	-69.11991681
-5.412949643	-69.05306043
-5.391309175	-69.07534449
-5.445999866	-69.05306043
-5.507697107	-71.66058993
-5.499687797	-71.61601337
-5.532575151	-71.63830165
-5.581553939	-71.63830165
-5.608350001	-71.61601337
-5.695172464	-74.11211415
-5.716719681	-74.11211415
-5.716484639	-74.08982587
-5.676231146	-74.08982587
-5.690414141	-74.11211415
-5.822324424	-76.07333015
-5.783281269	-76.0064738
-5.868261079	-76.07333015
-5.90966615	-76.05104187
-5.824240527	-76.07333015
-5.945447459	-78.19055562
-5.89448742	-78.19055562
-5.906187146	-78.19055562
-5.96025191	-78.19055562
-5.962896132	-78.19055562
-6.108118222	-80.55293524
-6.063636528	-80.55293524
-6.055346189	-80.57522352
-6.083692379	-80.53064695
-6.142290004	-80.55293524
-6.12360289	-78.54714268
-6.134942388	-78.56943096
-6.131468493	-78.54714268
-6.110750309	-78.56943096
-6.071067815	-78.59171924
-6.324035573	-82.31357367
-6.317321548	-82.29128539
-6.341747391	-82.31357367
-6.338669491	-82.29128539
-6.323437749	-82.31357367
-6.471587006	-85.1885413
-6.484700177	-85.16626151
-6.550673521	-85.21082958
-6.551758674	-85.1885413
-6.490130413	-85.21082958
-6.582033741	-87.08290095
-6.60450516	-87.08290095
-6.614974747	-87.06062114
-6.577670775	-87.08290095
-6.643690745	-87.03833286
-6.725718478	-89.0886935
-6.775593363	-89.11098179
-6.775988719	-89.11098179
-6.736370734	-89.13327007
-6.695871979	-89.0664137
-6.700284126	-88.39781618
-6.727948183	-88.42009597
-6.754709117	-88.3755279
-6.76538756	-88.39781618
-6.749260359	-88.39781618
-6.840629095	-90.69333094
-6.87482898	-90.67104265
-6.844927553	-90.69333094
-6.805758574	-90.67104265
-6.819930711	-90.64875437
-6.83880241	-90.20302271
-6.869744281	-90.24759925
-6.855191478	-90.20302271
-6.828965137	-90.24759925
-6.868213953	-90.20302271
-6.886740754	-90.13616633
-6.913773136	-90.13616633
-6.893971488	-90.11387805
-6.820738668	-90.11387805
-6.829489511	-90.09158977
-6.918820152	-91.6962272
-6.931188597	-91.74080377
-6.954890792	-91.76308357
-6.946681567	-91.71851548
-6.936012067	-91.74080377
-7.031393123	-93.63516341
-6.999980529	-93.70201976
-7.020297609	-93.6797315
-7.035130801	-93.65744322
-7.011338549	-93.65744322
-7.085148117	-92.09738233
-7.034321567	-92.09738233
-7.063987313	-92.05281426
-7.05354519	-92.05281426
-7.048758765	-92.07510254
-7.245877868	-95.95296644
-7.27112508	-95.95296644
-7.273561725	-95.90838988
-7.259861588	-95.97525473
-7.254430713	-95.93067816
-7.34244052	-98.11476
-7.369218699	-98.15933657
-7.423725444	-98.07019194
-7.419778911	-98.15933657
-7.366204669	-98.13704828
-7.487781409	-100.276562
-7.485583	-100.3434184
-7.504551143	-100.3434184
-7.481915578	-100.3657067
-7.454441215	-100.2988503
-7.450442947	-100.0091196
-7.485058626	-100.0759845
-7.504226683	-100.0759845
-7.491800115	-100.0759845
-7.42688446	-100.0314079
-7.528592488	-98.04707219
-7.518915529	-98.06935198
-7.517858478	-98.06935198
-7.545353919	-98.06935198
-7.560318684	-98.04707219
-7.53489966	-98.02478391
-7.511561525	-97.98020735
-7.574916195	-98.00249563
-7.580230827	-97.98020735
-7.492825231	-98.00249563
-7.426629618	-93.3000247
-7.436176282	-93.27773642
-7.422241103	-93.32231298
-7.410068101	-93.27773642
-7.439273982	-93.23316835
-7.289420671	-89.08786204
-7.222534623	-89.08786204
-7.242625602	-89.08786204
-7.263541783	-89.06557376
-7.241041623	-89.08786204
-7.276110142	-89.2661513
-7.227927175	-89.2661513
-7.288677223	-89.31072787
-7.314181194	-89.2661513
-7.269312447	-89.31072787
-7.055475983	-84.2739582
-7.033700749	-84.29624648
-7.056137039	-84.2739582
-7.070652158	-84.29624648
-7.09229071	-84.2739582
-7.011658539	-85.63344153
-7.0066722	-85.65572981
-6.979837815	-85.65572981
-7.04384907	-85.63344153
-7.081558617	-85.65572981
-6.741655985	-79.79435311
-6.781369137	-79.74978505
-6.739673457	-79.79435311
-6.782825375	-79.74978505
-6.811810905	-79.77207333
-6.487564112	-75.18103533
-6.529610439	-75.2256034
-6.569926525	-75.2256034
-6.51632418	-75.2256034
-6.531582748	-75.18103533
-6.317812709	-71.03572902
-6.37706181	-71.01344074
-6.357498397	-71.01344074
-6.274879865	-71.01344074
-6.313713526	-71.03572902
-6.076017747	-66.89042269
-6.043735243	-66.91271097
-6.129620092	-66.89042269
-6.1204707	-66.91271097
-6.054868441	-66.89042269
-6.070178104	-67.38073095
-6.069735484	-67.31387035
-6.092669322	-67.31387035
-6.086984883	-67.31387035
-6.071482331	-67.29158207
-6.09890496	-68.76249831
-6.032650587	-68.78478234
-6.015255564	-68.74021002
-6.046596624	-68.78478234
-6.07818997	-68.78478234
-5.951677349	-65.84295411
-5.961080944	-65.77609349
-5.912735109	-65.79838177
-5.900971513	-65.79838177
-5.888489379	-65.84295411
-5.712580899	-62.23252835
-5.705177715	-62.23252835
-5.726328938	-62.23252835
-5.755913569	-62.25481663
-5.752173975	-62.23252835
-5.426172032	-57.50777338
-5.491749382	-57.55234572
-5.459560766	-57.55234572
-5.451403277	-57.574634
-5.521587577	-57.53005744
-5.347818426	-56.61658577
-5.340443345	-56.59430174
-5.339320828	-56.59430174
-5.428416427	-56.59430174
-5.360876349	-56.63887405
-5.268277475	-53.58561289
-5.216845117	-53.54104058
-5.168302881	-53.56332461
-5.177688593	-53.56332461
-5.184629037	-53.56332461
-4.985428089	-48.81628139
-4.959073368	-48.90543026
-4.84425664	-48.86085795
-4.914885157	-48.88314198
-4.937317615	-48.86085795
-4.878275134	-50.71064101
-4.825333526	-50.71064101
-4.887208645	-50.75521757
-4.8741223	-50.75521757
-4.835985462	-50.75521757
-4.737212265	-47.88024571
-4.703835985	-47.88024571
-4.704732722	-47.90253397
-4.73371889	-47.92481803
-4.742776309	-47.92481803
-4.514322534	-44.62640699
-4.525154904	-44.58183043
-4.489235636	-44.60411871
-4.514086854	-44.60411871
-4.535173248	-44.60411871
-4.498916746	-44.89384515
-4.536847603	-44.84927283
-4.535506331	-44.91612918
-4.51025816	-44.91612918
-4.522419347	-44.91612918
-4.236343563	-39.76793083
-4.28490496	-39.83479143
-4.268109997	-39.79021486
-4.191673452	-39.81250315
-4.257474347	-39.83479143
-3.886308897	-35.17689283
-3.870343287	-35.15460669
-3.951612244	-35.17689283
-3.930499343	-35.19918112
-3.850343962	-35.13232052
-3.806055794	-36.60323676
-3.8544358	-36.60323676
-3.900637516	-36.60323676
-3.825423125	-36.60323676
-3.85767593	-36.60323676
-3.543563087	-31.41046184
-3.521526944	-31.43274801
-3.551589962	-31.38817356
-3.552495959	-31.45503416
-3.547870806	-31.45503416
-3.18998395	-26.48512509
-3.173894432	-26.50741337
-3.245976313	-26.52969952
-3.218934351	-26.48512509
-3.23228448	-26.48512509
-2.867370315	-22.1615295
-2.797632147	-22.11695505
-2.856890509	-22.13924122
-2.861714618	-22.13924122
-2.813098612	-22.11695505
-2.91272671	-22.67411965
-2.824463339	-22.69640582
-2.817267414	-22.74098025
-2.84694306	-22.74098025
-2.841449273	-22.69640582
-2.416071997	-17.57049255
-2.440659592	-17.57049255
-2.416432704	-17.5482064
-2.441320009	-17.57049255
-2.435013634	-17.59277872
-1.975369251	-13.06860238
-1.983487141	-13.024029
-2.009378803	-13.0908896
-2.03961459	-13.06860238
-2.035713883	-13.06860238
-1.950465499	-14.78466957
-1.945152146	-14.80695571
-2.010718478	-14.80695571
-1.989000248	-14.78466957
-1.914427114	-14.8515291
-1.658334989	-10.92909075
-1.661121003	-10.97366413
-1.627175161	-10.95137692
-1.655067714	-10.95137692
-1.700768848	-10.92909075
-1.429658786	-8.700432345
-1.449421793	-8.700432345
-1.418489343	-8.700432345
-1.423105554	-8.655858962
-1.497132599	-8.655858962
-1.217442229	-6.627779724
-1.160988323	-6.583206876
-1.210012299	-6.650066404
-1.207659724	-6.627779724
-1.164463496	-6.605493022
-1.186561992	-7.006651863
-1.198761501	-7.028938543
-1.18983773	-7.028938543
-1.188054876	-7.028938543
-1.243177888	-7.028938543
-0.680643081	0.102768576
-0.557571422	0.125055167
-0.566559302	0.125055167
-0.641586114	0.058195416
-0.565298546	0.169628327
-0.233192318	3.245177037
-0.24342353	3.334323269
-0.285874633	3.200603655
-0.249532086	3.133744104
-0.265385684	3.200603655
-0.254812527	2.688012437
-0.322037885	2.643439054
-0.269953194	2.665725734
-0.254812527	2.688012437
-0.277545194	2.71029885
-0.173481736	3.688958649
-0.227145336	3.733531764
-0.154435632	3.77810488
-0.159322413	3.80039156
-0.19741055	3.666671946
-0.099758124	4.357556161
-0.124026318	4.268409663
-0.138108248	4.246123249
-0.103074649	4.268409663
-0.102154999	4.223836547
-0.108828576	2.77520859
-0.156350178	2.77520859
-0.128858969	2.730635474
-0.075254499	2.75292191
-0.116494366	2.77520859
-0.222960747	0.479690436
-0.23802954	0.479690436
-0.258916001	0.479690436
-0.202933298	0.479690436
-0.22164125	0.457403845
-0.267383041	1.906031802
-0.20988015	1.906031802
-0.233410075	1.906031802
-0.282387226	1.906031802
-0.258196445	1.906031802
-0.245969871	1.906031802
-0.234133224	1.928318349
-0.254360786	1.906031802
-0.219524894	1.950604918
-0.223027351	1.950604918
-0.189157874	2.641488976
-0.211692065	2.663775679
-0.173292461	2.663775679
-0.200724271	2.641488976
-0.195627796	2.686062359
-0.179211683	2.864354821
-0.179673783	2.864354821
-0.165663686	2.864354821
-0.230632264	2.886641523
-0.211466344	2.864354821
-0.191236547	2.908928203
-0.199425312	2.953501319
-0.198503108	2.931214639
-0.218267192	2.931214639
-0.23313729	2.931214639
-0.224000871	3.04264755
-0.242247741	2.998074435
-0.141708985	3.06493423
-0.165562612	3.109507346
-0.180644209	3.020361115
-0.098779285	0.345970912
-0.112329546	0.323684321
-0.104464382	0.323684321
-0.136915544	0.345970912
-0.187877578	0.323684321
-0.042220757	3.318722733
-0.082873234	3.296436052
-0.041098427	3.318722733
-0.033570126	3.27414935
-0.11670873	3.341009168
-0.094699352	3.341009168
-0.005417122	3.251862937
-0.060527306	3.341009168
-0.089416686	3.296436052
-0.006862106	3.318722733
-0.035325301	3.942746884
0.037842966	3.942746884
0.050669754	3.987320244
-0.023560471	3.942746884
0.019534427	3.942746884
-0.046732042	1.714088615
-0.011773561	1.669515366
-0.073625033	1.780948277
-0.091546225	1.714088615
-0.033446777	1.714088615
-0.106125324	1.914667891
-0.00844096	1.892381211
-0.050815991	1.825521526
-0.128532563	1.914667891
-0.087616697	1.93695446
-0.104555028	1.80323498
-0.044085295	1.758661731
-0.068601759	1.780948277
-0.102238519	1.825521526
-0.047388657	1.758661731
-0.067650005	2.962137297
-0.076571246	2.984423977
-0.055023988	2.984423977
-0.047484492	3.006710412
-0.072211178	2.962137297
0.006459329	4.990216267
0.091519589	4.967930099
0.048098673	4.990216267
-0.011984678	4.967930099
0.02522997	4.990216267
0.168351829	7.040582208
0.201862675	7.040582208
0.293003854	7.018295528
0.2160705	7.018295528
0.202061751	7.040582208
0.39013547	9.13552153
0.396741275	9.113234294
0.484517797	9.13552153
0.443077198	9.13552153
0.39945791	9.157807677
0.703508018	11.54247237
0.66907385	11.56475854
0.741246307	11.54247237
0.74898401	11.56475854
0.716916189	11.47561284
0.985712077	13.70427125
0.961121848	13.68198401
0.899055597	13.65969786
0.948819588	13.61512448
0.963041704	13.70427125
0.990427128	12.38936237
0.97781406	12.4562219
0.988854965	12.47850911
0.968816998	12.41164852
0.940938018	12.50079528
1.307797665	15.97750196
1.275085076	16.02207535
1.318104543	15.95521579
1.2900896	16.02207535
1.237594204	15.91064241
1.448485936	18.0947285
1.508832325	18.11701465
1.455030546	18.11701465
1.431563712	18.0947285
1.475917347	18.11701465
1.721382285	20.34567305
1.698512956	20.34567305
1.688730292	20.34567305
1.76600098	20.39024536
1.708495853	20.36795922
1.857172038	22.41832409
1.95433491	22.44061237
1.915535579	22.41832409
1.845744239	22.46289852
1.850495377	22.41832409
1.901794086	21.9725924
1.96590434	21.9725924
1.868880865	21.99488068
1.886265348	21.99488068
1.956520066	21.9725924
2.148203982	24.84756217
2.07583261	24.86984831
2.063007334	24.84756217
2.128174957	24.825276
2.136041359	24.84756217
2.07458842	23.46579481
2.206967989	23.39893421
2.154824598	23.44350864
2.132614568	23.42122036
2.165466794	23.44350864
2.355003717	27.0539344
2.385474546	27.0539344
2.370405353	27.0539344
2.32010653	27.0539344
2.348324182	27.03164823
2.572119271	29.3494534
2.556989562	29.39402572
2.49458927	29.3494534
2.499547187	29.3494534
2.544026965	29.32716512
2.700399817	31.62268412
2.689097364	31.62268412
2.74996621	31.60039795
2.730535328	31.60039795
2.659684862	31.62268412
2.859464793	33.78448192
2.788938149	33.76219576
2.818413243	33.73990959
2.920992779	33.73990959
2.853045529	33.71762344
3.00419668	36.0131403
3.063684016	36.03542859
3.015762917	36.0131403
2.982847779	36.0131403
3.030767282	36.0131403
3.343375345	40.09158604
3.259576494	40.15844663
3.272062141	40.1138743
3.33399123	40.1138743
3.265583796	40.1138743
3.33539286	38.21951467
3.354960424	38.24179871
3.363948544	38.24179871
3.322582114	38.3086593
3.330507755	38.26408699
3.513053297	42.94426962
3.586882345	42.94426962
3.647826877	42.98884195
3.586022334	42.94426962
3.562890499	42.94426962
3.781432273	45.06149511
3.697155354	45.01692279
3.669001413	45.03920683
3.756703686	44.99463451
3.706478473	45.06149511
3.737953659	44.66033573
3.733854156	44.66033573
3.69063262	44.68262401
3.709077666	44.70490807
3.728110638	44.70490807
3.698147576	44.54890282
3.730873977	44.59347514
3.707604503	44.5711911
3.743162904	44.5711911
3.730337149	44.54890282
3.852175756	47.57987995
3.895210154	47.62445226
3.833144382	47.60216398
3.801688676	47.6467363
3.885827316	47.6467363
3.984918906	49.65252886
4.001841928	49.65252886
3.984855674	49.65252886
3.933098537	49.63024482
3.984722186	49.65252886
4.137118485	51.88118726
4.108429632	51.8589032
4.061046638	51.90347554
4.118673119	51.83661494
4.15476803	51.90347554
4.253111381	53.73097457
4.192381133	53.82012345
4.181138398	53.77554688
4.273874593	53.79783516
4.262971328	53.82012345
4.369794393	56.27164769
4.414410214	56.29393173
4.354528161	56.29393173
4.310969071	56.27164769
4.382217447	56.24935941
4.37279022	54.57062426
4.41462865	54.57062426
4.418591151	54.54833598
4.384756603	54.59290829
4.345360247	54.57062426
4.421832559	53.590012
4.440012545	53.61230029
4.368500704	53.63458434
4.438692988	53.63458434
4.436449551	53.65687262
4.464415714	56.10839685
4.55153134	56.13068513
4.533158785	56.13068513
4.459129505	56.10839685
4.555368975	56.15296916
4.616659044	58.67135401
4.665698189	58.64906572
4.663256116	58.67135401
4.571641799	58.62678169
4.56331729	58.64906572
4.725137303	60.67714656
4.725063533	60.63257425
4.671859738	60.65485828
4.697046593	60.67714656
4.759311321	60.69943484
4.849844636	62.95037728
4.805565091	62.97266556
4.897104998	62.97266556
4.85612658	62.97266556
4.773174326	62.95037728
4.968211264	65.24589628
4.995378092	65.24589628
4.949701708	65.223608
5.006609011	65.223608
5.007005006	65.20132396
5.090311419	67.29626115
5.071467184	67.25168884
5.069887037	67.29626115
5.104916276	67.27397712
5.096056534	67.25168884
5.106430955	66.73909655
5.055134002	66.69452424
5.102727128	66.71681252
5.119515065	66.71681252
5.110393776	66.71681252
5.240183572	69.90379063
5.183542288	69.92607891
5.213078378	69.85921831
5.291007567	69.88150659
5.212813636	69.85921831
5.273858444	68.16544047
5.27313256	68.16544047
5.277693844	68.16544047
5.25727074	68.18772451
5.232554927	68.21001279
5.40726712	71.70900987
5.47415253	71.68672159
5.409447007	71.68672159
5.399525425	71.64214502
5.423652356	71.6644333
5.590425496	74.13824583
5.477402241	74.13824583
5.512756897	74.09366927
5.556451073	74.11595755
5.548987212	74.16053411
5.631522075	76.4114723
5.732383824	76.4114723
5.656371376	76.38919252
5.58908614	76.38919252
5.706199637	76.34461595
5.737847272	78.6178509
5.815501181	78.55098605
5.786614011	78.52869777
5.745434402	78.50641799
5.797392091	78.55098605
5.933717076	80.71278811
5.942575859	80.73507639
5.835495717	80.69049983
5.849579074	80.73507639
5.947924341	80.69049983
5.981972854	82.65171582
6.000879043	82.6740041
6.028772394	82.69629238
5.929891257	82.6740041
5.982172129	82.65171582
6.017160171	81.33680906
6.034470246	81.29224099
6.090914171	81.29224099
5.971943332	81.29224099
6.002353804	81.33680906
6.199861237	85.25924954
6.260731999	85.23696126
6.162909828	85.23696126
6.172430944	85.25924954
6.263510348	85.25924954
6.227585332	87.37647501
6.316220428	87.39876329
6.37220385	87.39876329
6.311396958	87.39876329
6.347813135	87.37647501
6.47180161	90.16229801
6.517067628	90.11772145
6.440532085	90.14000973
6.481847738	90.16229801
6.47562679	90.11772145
6.743045159	96.73684029
6.851573237	96.73684029
6.851373324	96.71455201
6.799688998	96.73684029
6.865254852	96.73684029
6.92873343	92.6586703
6.88088642	92.70324686
6.868661683	92.72553514
6.945595776	92.72553514
6.867002338	92.68095858
7.049449201	96.6925437
7.021418529	96.64797563
7.017983595	96.64797563
7.059297332	96.6925437
6.97462346	96.64797563
7.292367638	102.0413239
7.31279649	102.0859004
7.283181839	102.0413239
7.229244177	102.0190356
7.322104918	102.0190356
7.717580927	107.3455359
7.633969215	107.3232476
7.692129968	107.3009594
7.730865908	107.3232476
7.683069356	107.2786711
7.683335694	104.3145588
7.708321678	104.3145588
7.792459041	104.3145588
7.72749165	104.3368471
7.753198728	104.3145588
8.169532157	108.4598651
8.256711014	108.4598651
8.177932352	108.5044332
8.132781938	108.4375768
8.247650401	108.4152886
8.61974612	110.4433694
8.603484153	110.4210811
8.64135593	110.3987928
8.590457207	110.3765046
8.592701602	110.3542248
8.697343823	105.9860526
8.689083503	105.9860526
8.729326138	105.9414761
8.749026871	105.9637643
8.628474608	106.0083409
9.109429251	109.5073295
9.110288304	109.5073295
9.226680069	109.4850412
9.135861893	109.4627614
9.157869614	109.4404731
9.574749771	111.7582762
9.598478791	111.7582762
9.669128705	111.7136996
9.603762126	111.7136996
9.630455358	111.6468432
9.711497576	108.2592791
9.675940451	108.2815674
9.706537424	108.2369993
9.733906401	108.2815674
9.633965659	108.2592791
10.19994099	111.4239774
10.12934856	111.4016891
10.13535746	111.357121
10.18552104	111.3348328
10.06483209	111.3348328
10.22938574	110.643947
10.23361203	110.6216587
10.11482705	110.532514
10.21906497	110.5770906
10.22613284	110.5548023
10.26590731	107.9472686
10.21137182	107.9027005
10.26834076	107.8804122
10.29141958	107.9472686
10.22201386	107.9027005
10.18452977	107.3678157
10.26444213	107.390104
10.31652245	107.3678157
10.23040447	107.390104
10.30833494	107.4123923
10.64208369	112.3600173
10.62542125	112.3154408
10.62416237	112.2931525
10.65000869	112.3154408
10.55819733	112.2708642
10.71168166	109.3958966
10.640828	109.3958966
10.67064129	109.3958966
10.69323534	109.3736083
10.63844884	109.3958966
10.74148856	108.370712
10.71471932	108.370712
10.69178485	108.370712
10.69429111	108.3484322
10.65595563	108.3484322
11.10353751	111.8697091
11.18813218	111.8474208
11.14775095	111.8474208
11.12956713	111.8028527
11.23015488	111.7359879
11.68077122	113.2514807
11.61844422	113.2514807
11.65056322	113.2291924
11.66238813	113.1846158
11.55022073	113.1846158
12.02401937	114.0983675
12.01125557	114.0760792
11.99849432	114.0537909
12.04436839	114.0537909
12.04185063	114.0092228
12.16055577	109.0393095
12.08322568	109.0393095
12.0743043	109.0615978
12.16928042	109.0393095
12.09861837	108.9724532
12.62027616	112.8503171
12.62859843	112.805749
12.60103209	112.7834607
12.67056109	112.7611724
12.6114723	112.7611724
13.09923933	114.3212333
13.19302363	114.2766568
13.06023386	114.2320887
13.05303059	114.2320887
13.18158194	114.2320887
13.2468112	110.1982153
13.17800011	110.1982153
13.19036408	110.1982153
13.23088455	110.2205036
13.15169201	110.175927
13.50991514	113.2514807
13.61235896	113.2291924
13.63555147	113.1846158
13.53713403	113.1400478
13.60699514	113.1623276
13.62750128	112.7611724
13.63735005	112.7834607
13.64793077	112.7834607
13.5776034	112.7834607
13.67258208	112.805749
13.64797803	111.1788233
13.66602389	111.1788233
13.72352998	111.2233999
13.5732283	111.2011116
13.64421609	111.2011116
13.71068315	110.5102258
13.673208	110.5102258
13.62277361	110.5102258
13.70797889	110.5770906
13.67624822	110.5102258
13.77501439	107.2605656
13.77031483	107.1937007
13.66343843	107.1937007
13.75161366	107.215989
13.75418763	107.1937007
13.86749319	111.6510175
13.97047351	111.6955941
13.93213867	111.6733058
13.81758765	111.6510175
13.95844932	111.7178824
14.37693645	114.6819946
14.30218544	114.6819946
14.3110966	114.6151383
14.36833315	114.6151383
14.32331878	114.5705617
14.44536816	111.3835836
14.40941184	111.3835836
14.32996638	111.3835836
14.39962822	111.3835836
14.42037579	111.339007
14.42656097	110.6481212
14.36813387	110.6481212
14.42173877	110.6258414
14.45861865	110.6258414
14.42240047	110.6258414
14.87402979	114.3254076
14.91877463	114.2808395
14.83753825	114.2585512
14.90991202	114.236263
14.86159428	114.236263
15.33881125	114.5037054
15.40318593	114.4814171
15.36900776	114.4368405
15.27747168	114.4814171
15.37343395	114.4368405
15.46154021	110.9601402
15.34983523	110.9378519
15.37792658	110.9601402
15.4795107	110.9155637
15.41407833	110.9378519
15.95985347	114.3031278
15.83096232	114.2585512
15.79276545	114.2808395
15.96817829	114.2808395
15.83360143	114.236263
16.26147875	115.7517558
16.34039537	115.7294675
16.29003251	115.7517558
16.34825394	115.7071792
16.32895495	115.6848909
16.42444842	111.6510175
16.32161117	111.6733058
16.37493759	111.6287377
16.40224334	111.6510175
16.35472398	111.6733058
16.88248264	114.7265712
16.88584732	114.6819946
16.89390645	114.6597064
16.83230884	114.6819946
16.87050189	114.6151383
17.09109644	115.7071792
17.05354338	115.6403228
17.18884069	115.6403228
17.0764753	115.5957463
17.13053879	115.573458
17.18412453	112.9659328
17.13858642	112.9882126
17.17136711	112.9659328
17.22246192	112.9659328
17.12886667	112.9436445
17.28478508	111.4950165
17.1662805	111.4950165
17.22318365	111.45044
17.25312595	111.45044
17.13144574	111.4950165
17.37543592	114.5705617
17.44371178	114.5482735
17.40921043	114.5705617
17.42844044	114.5259936
17.38177567	114.5037054
17.77491403	115.8186121
17.73373314	115.7740356
17.63068895	115.7963238
17.77841283	115.7963238
17.70319685	115.7963238
17.73241997	112.3864799
17.72342323	112.319615
17.83294896	112.3641916
17.73214789	112.319615
17.81331273	112.3419033
18.43841581	115.216871
18.37793466	115.1945912
18.35195996	115.1945912
18.42651681	115.1723029
18.38169788	115.1500146
18.77836571	116.0860545
18.89145666	116.0860545
18.89780024	116.0637663
18.81306378	116.0637663
18.94273925	116.041478
18.87410571	112.8767796
18.87344402	112.8767796
19.02665051	112.8544998
18.89135703	112.8544998
18.92010113	112.8322116
19.35121793	115.8186121
19.39886758	115.7963238
19.36185486	115.7740356
19.4377913	115.7517558
19.4174359	115.7517558
19.89088964	116.5094979
19.79861267	116.4649214
19.95009722	116.4426331
19.89431307	116.4203533
19.84777476	116.3757767
19.98551192	112.8544998
19.95483766	112.8322116
19.96349717	112.8322116
20.00004236	112.787635
19.91154267	112.8322116
20.41918863	115.7517558
20.31171058	115.6848909
20.36875169	115.6848909
20.38600173	115.6848909
20.38143501	115.6626026
20.6297377	116.3757767
20.57949876	116.3312002
20.59187039	116.4203533
20.55458686	116.3757767
20.55908204	116.398065
20.70522067	113.8796759
20.61235865	113.9465408
20.59887056	113.9242525
20.65591422	113.9242525
20.61195754	113.9242525
20.70860067	107.1633354
20.78420116	107.0519025
20.77819353	107.1187673
20.7785857	107.0741907
20.80350653	107.096479
20.80441221	106.9627578
20.75206938	107.0073344
20.73568032	107.0073344
20.80144608	107.0073344
20.71915457	106.9850461
20.68204731	102.8620281
20.67642675	102.8620281
20.71860017	102.8843164
20.79705438	102.8843164
20.73762708	102.8620281
20.52165799	98.24870181
20.60506979	98.24870181
20.52793642	98.24870181
20.50388677	98.31556665
20.59258446	98.29327837
20.35435792	93.88053813
20.26658124	93.85824984
20.28548679	93.88053813
20.34186621	93.88053813
20.31820234	93.85824984
20.04619873	88.97748965
20.0374728	88.95520137
20.12088715	88.95520137
20.07236631	88.91062481
20.03681238	88.95520137
20.06243962	89.33406822
20.07334991	89.3563565
20.11704217	89.37864478
20.16264542	89.3563565
20.08378884	89.33406822
19.91573894	85.27791501
19.9037122	85.27791501
19.86650148	85.27791501
19.80212169	85.23333845
19.82902633	85.27791501
19.71190262	80.50858773
19.5980912	80.55315582
19.57694509	80.5754441
19.64382986	80.53086754
19.63478202	80.59773239
19.6770206	82.11321669
19.6196512	82.13550497
19.58705956	82.11321669
19.58891818	82.13550497
19.64992307	82.11321669
19.32699583	76.02898267
19.30162152	76.09583902
19.27167411	76.07355074
19.24748267	76.07355074
19.34378473	76.07355074
19.01544258	71.9282529
19.05450171	71.88367634
19.09865766	71.9282529
19.04689861	71.88367634
19.02019324	71.88367634
18.75964155	67.13663312
18.77577003	67.13663312
18.79381588	67.13663312
18.76968831	67.11434908
18.72990107	67.11434908
18.82013548	67.73837428
18.84392709	67.716086
18.76857442	67.69379772
18.74590948	67.716086
18.73335517	67.76065831
18.49289701	62.99133103
18.5186852	63.03590337
18.50368084	63.03590337
18.49720058	63.03590337
18.43711797	63.01361509
18.44642512	64.39538668
18.45910717	64.37309839
18.47133574	64.35081011
18.51997538	64.32852608
18.44740744	64.35081011
18.15340953	58.15514316
18.15770927	58.15514316
18.20007047	58.11056662
18.14884665	58.11056662
18.11713131	58.1997155
17.86500025	53.6086775
17.83670963	53.6086775
17.82428306	53.63096578
17.82382064	53.63096578
17.92144482	53.63096578
17.8732395	54.96899651
17.83002371	55.03585711
17.78678493	54.94670823
17.81805317	54.99128055
17.82281405	55.01356883
17.54420372	49.62021637
17.50963084	49.59792809
17.50308926	49.62021637
17.53798533	49.59792809
17.60651923	49.53106747
17.22067738	44.98460604
17.23066028	44.98460604
17.29094344	45.02917838
17.14883885	45.05146666
17.13535459	45.05146666
17.25659027	45.65320357
17.21204726	45.67549185
17.14560702	45.58634298
17.20100412	45.65320357
17.23960337	45.63091529
16.89318471	40.34899573
16.95365437	40.30442341
16.86787427	40.39356804
16.87520145	40.34899573
16.89998816	40.32671169
16.85278815	39.34609946
16.74968009	39.36838774
16.74895964	39.39067177
16.7869087	39.45753237
16.77995452	39.34609946
16.73522501	41.46332493
16.84388721	41.48561321
16.76999334	41.48561321
16.69668834	41.46332493
16.6685344	41.46332493
16.48065156	36.00311186
16.4294916	35.98082782
16.41726303	36.00311186
16.43974659	36.04768417
16.41263884	36.00311186
16.15424851	31.56808122
16.12701685	31.5903695
16.03447802	31.54579507
16.10580431	31.5903695
16.0859752	31.5903695
15.78254367	27.02161978
15.66159669	27.04390595
15.68399083	26.95475919
15.72721811	26.97704536
15.7342962	27.04390595
15.2838523	22.80945499
15.34168029	22.76488054
15.37856783	22.80945499
15.37697364	22.76488054
15.30956257	22.80945499
15.28079931	23.70091835
15.29580368	23.72320452
15.39124605	23.72320452
15.35013159	23.6786322
15.30453089	23.74549066
15.34394896	24.4140882
15.23891458	24.34722972
15.22280015	24.43637434
15.30607143	24.39180203
15.28479886	24.45866263
15.16097389	21.87341719
15.18536461	21.89570547
15.09012151	21.94027781
15.16025471	21.96256395
15.1929677	21.89570547
14.85667501	18.15155851
14.82870885	18.1069862
14.76862496	18.08469792
14.81840277	18.12927237
14.88198929	18.15155851
14.49263076	13.5828088
14.44875072	13.64966835
14.31399247	13.71652788
14.38894275	13.69424173
14.42217437	13.60509496
13.96003202	9.437504601
13.93305074	9.32607169
13.92824388	9.45979077
13.99056832	9.437504601
13.98989768	9.370644005
13.84799492	10.88613256
13.89301313	10.90841873
13.90807881	10.88613256
13.89519237	10.90841873
13.91746132	10.88613256
13.60289468	7.030553225
13.6206097	7.030553225
13.51121937	7.030553225
13.56020008	7.052839905
13.55351926	6.985979842
13.34706427	4.913327756
13.25301299	4.913327756
13.24970835	4.913327756
13.29386175	4.935614436
13.33470029	4.891041054
12.98240431	2.55094974
13.02179683	2.57323642
13.04354715	2.617809536
13.02424306	2.55094974
13.1083817	2.55094974
12.99660135	3.464699777
13.04960587	3.420126661
12.95588672	3.442413097
12.92541812	3.442413097
13.01761845	3.420126661
12.86954839	3.353266865
12.92909576	3.30869375
12.92255036	3.30869375
12.89346008	3.264120634
12.94732685	3.241833954
12.84876123	2.350649234
12.84618215	2.350649234
12.84057563	2.39522235
12.79747992	2.39522235
12.75246044	2.350649234
12.68708811	0.456289499
12.64564664	0.47857609
12.68847026	0.434002908
12.69580766	0.434002908
12.65377475	0.456289499
11.67212832	-6.474837855
11.77471009	-6.474837855
11.75925225	-6.430265006
11.73050049	-6.430265006
11.83030263	-6.430265006
11.74548441	-5.783954175
11.70063099	-5.806240321
11.71713886	-5.739380792
11.74680524	-5.783954175
11.68494833	-5.739380792
11.73447704	-5.338222485
11.75603447	-5.293649103
11.7638905	-5.338222485
11.73127459	-5.315935805
11.67262268	-5.293649103
11.08677161	-8.703496257
11.14970154	-8.658923386
11.18675387	-8.636636706
11.13510467	-8.614350026
11.19765905	-8.636636706
10.66026112	-10.84300894
10.57246017	-10.82072173
10.64523184	-10.82072173
10.61360145	-10.84300894
10.55177136	-10.82072173
10.07771852	-13.04938013
9.989652509	-13.02709396
10.01579901	-13.00480675
10.00640436	-13.04938013
9.955679363	-13.02709396
9.393061685	-15.25575236
9.420094067	-15.25575236
9.485857918	-15.25575236
9.449307613	-15.25575236
9.491106763	-15.27803851
8.930948722	-17.46212353
8.931291065	-17.41755121
8.953961119	-17.41755121
8.945265205	-17.43983738
8.965094317	-17.43983738
8.552967373	-19.44562994
8.536642814	-19.44562994
8.537473125	-19.42334377
8.529214082	-19.42334377
8.478252128	-19.42334377
8.068293574	-21.78572125
8.052400776	-21.76343509
8.00078096	-21.76343509
8.01168678	-21.76343509
8.080925803	-21.74114894
8.079311805	-20.67139205
8.049210465	-20.64910588
8.09455185	-20.64910588
8.060541659	-20.67139205
8.01464141	-20.64910588
7.897078268	-22.14230618
7.9221294	-22.14230618
7.874208939	-22.14230618
7.918655505	-22.16459232
7.892951621	-22.12002001
7.597159597	-24.28181782
7.574488266	-24.28181782
7.568219415	-24.23724548
7.522208671	-24.28181782
7.615666598	-24.28181782
7.100724757	-26.30989865
7.144706987	-26.3321848
7.128816106	-26.30989865
7.114000797	-26.35447097
7.137304442	-26.3321848
6.696536867	-28.7391346
6.690843486	-28.62770169
6.708284495	-28.67227611
6.672139127	-28.62770169
6.636210917	-28.64998997
6.339027164	-30.65578253
6.252954537	-30.58892193
6.238402373	-30.63349424
6.271884358	-30.61120808
6.306320562	-30.61120808
5.845294668	-33.15187909
5.768188764	-33.17416523
5.801737174	-33.15187909
5.827845356	-33.15187909
5.819809858	-33.17416523
5.32715517	-35.15767165
5.277064085	-35.11309931
5.351554827	-35.11309931
5.325201065	-35.17995779
5.308430372	-35.09081103
5.292044498	-33.57532459
5.320070699	-33.57532459
5.347310978	-33.53075016
5.292867145	-33.59761076
5.360822698	-33.55303844
5.086643997	-35.60340331
5.0902814	-35.60340331
5.111232709	-35.60340331
5.096164475	-35.60340331
5.106417223	-35.558831
4.41872432	-39.34755027
4.444009216	-39.32526199
4.448080935	-39.30297795
4.399592989	-39.32526199
4.374714307	-39.30297795
3.902148043	-42.02194034
3.922412749	-41.99965206
3.923496944	-42.02194034
3.891543371	-41.99965206
3.89670152	-41.99965206
3.489122767	-43.78257879
3.412434254	-43.71571817
3.518282662	-43.73800645
3.481438874	-43.71571817
3.501077334	-43.67114586
3.409813345	-42.42309971
3.423703176	-42.37852315
3.49581316	-42.37852315
3.447006502	-42.35623912
3.503216024	-42.37852315
3.023499503	-46.34553595
3.026803503	-46.34553595
2.975607784	-46.36782423
3.015445483	-46.30096361
3.036757339	-46.32325189
2.564023417	-48.4850497
2.516395002	-48.50733373
2.553805957	-48.50733373
2.567752472	-48.50733373
2.52090008	-48.46276142
2.132577364	-50.89200161
2.137373529	-50.86971333
2.105780662	-50.86971333
2.145672331	-50.84742505
2.078558107	-50.82514101
1.737443859	-52.89779417
1.676013116	-52.87550589
1.712827842	-52.87550589
1.712827842	-52.87550589
1.661867964	-52.87550589
1.220450031	-55.23788548
1.242394441	-55.23788548
1.208883555	-55.23788548
1.226475537	-55.19330894
1.233018709	-55.19330894
1.179795673	-52.29438161
1.187622954	-52.31666989
1.111821358	-52.27209757
1.138193004	-52.27209757
1.166048273	-52.29438161
1.139676627	-52.13837636
1.174481362	-52.11609233
1.182346565	-52.11609233
1.164237156	-52.11609233
1.175604597	-52.11609233
0.972802333	-55.68194575
0.887633068	-55.70422981
0.989760883	-55.65965749
0.938537061	-55.65965749
0.952077363	-55.70422981
0.675010696	-57.82145528
0.744070084	-57.86602759
0.670648607	-57.82145528
0.636873738	-57.82145528
0.716612088	-57.84374356
0.32270896	-59.82724783
0.327033904	-59.84953612
0.350943218	-59.78267552
0.320878583	-59.7381032
0.343974751	-59.76038724
-0.094642159	-61.87761271
-0.020605191	-61.83304039
-0.078768288	-61.83304039
-0.044795336	-61.83304039
-0.065031261	-61.87761271
-0.492660356	-64.21770402
-0.544743311	-64.21770402
-0.461094634	-64.19541999
-0.508787477	-64.21770402
-0.479139176	-64.19541999
-0.821875764	-66.2903572
-0.824915742	-66.2903572
-0.814727023	-66.24578486
-0.87939646	-66.22349658
-0.850220837	-66.24578486
-0.904853645	-64.32913695
-0.855270487	-64.28456464
-0.841297225	-64.30685292
-0.879434063	-64.30685292
-0.847217425	-64.32913695
-0.87532506	-64.26228058
-0.827170356	-64.2399923
-0.890783222	-64.21770402
-0.849605847	-64.21770402
-0.878620757	-64.21770402
-0.841670306	-63.90569355
-0.90617903	-63.90569355
-0.869815944	-63.86112123
-0.900269129	-63.92798183
-0.942531577	-63.90569355
-1.093504052	-66.8475218
-1.04489595	-66.86981008
-1.109177934	-66.89209411
-1.081702613	-66.82523774
-1.032960225	-66.8475218
-1.304790581	-68.60816448
-1.292562011	-68.60816448
-1.279540734	-68.60816448
-1.287766165	-68.5858762
-1.351812628	-68.5858762
-1.657479449	-70.88139519
-1.682955636	-70.85910691
-1.705596948	-70.88139519
-1.652738691	-70.81453458
-1.631107963	-70.88139519
-2.035598917	-73.22148226
-2.036223566	-73.19920245
-2.025146894	-73.17691419
-2.043418373	-73.15462591
-2.106142806	-73.15462591
-2.414119009	-75.13813019
-2.363557201	-75.13813019
-2.410645274	-75.11584191
-2.4299465	-75.11584191
-2.413042159	-75.04898554
-2.802600283	-77.54508635
-2.757758043	-77.56736613
-2.74553075	-77.56736613
-2.78544158	-77.52279806
-2.758409198	-77.52279806
-3.075379909	-79.97432229
-3.05227458	-79.95203401
-3.108077889	-79.88517766
-3.088618904	-79.90745744
-3.084783504	-79.90745744
-3.401652662	-82.33670188
-3.414567835	-82.3144136
-3.401019709	-82.3144136
-3.462251018	-82.29212532
-3.364232127	-82.29212532
-3.751512324	-84.38706253
-3.767205846	-84.36477425
-3.785939586	-84.34249444
-3.744127982	-84.32020616
-3.768744797	-84.29791788
-4.040240314	-86.74944213
-4.000809148	-86.72715384
-4.104512798	-86.72715384
-4.056359212	-86.70486556
-4.020286975	-86.63800921
-4.334164137	-88.8666676
-4.351415771	-88.8666676
-4.3557385	-88.84437931
-4.345984258	-88.82209103
-4.332887374	-88.77752297
-4.352444399	-86.95001969
-4.435884301	-86.92773141
-4.366817088	-86.92773141
-4.339186882	-86.92773141
-4.349169779	-86.92773141
-4.367606203	-86.61572093
-4.362845326	-86.61572093
-4.372168445	-86.61572093
-4.370447145	-86.61572093
-4.345596566	-86.61572093
-4.762061887	-91.67477888
-4.665989118	-91.6524906
-4.745530069	-91.63020232
-4.709338395	-91.60791404
-4.702171211	-91.63020232
-5.0024054	-93.61370659
-4.955590851	-93.52456196
-4.936433653	-93.56913853
-4.945782319	-93.54685024
-4.963230673	-93.54685024
-5.197218473	-95.44120987
-5.203960601	-95.44120987
-5.211816943	-95.39663331
-5.217472321	-95.41892159
-5.240974922	-95.44120987
-5.384827637	-97.42471414
-5.422557623	-97.38014608
-5.455634032	-97.3578578
-5.449788641	-97.38014608
-5.362033675	-97.31328123
-5.485774972	-94.83946871
-5.484029402	-94.86175699
-5.551946953	-94.88404527
-5.495794275	-94.86175699
-5.493813025	-94.86175699
-5.754180135	-98.11559996
-5.772915152	-98.09331168
-5.778825052	-98.0710234
-5.742238342	-98.04874359
-5.773593452	-98.02645531
-6.021063273	-99.92081495
-5.981859804	-99.87623839
-6.02610454	-99.85395011
-6.018673892	-99.87623839
-5.973850493	-99.8316703
-6.365471302	-101.7928863
-6.401623696	-101.7928863
-6.437779922	-101.7928863
-6.400359707	-101.7483097
-6.401906641	-101.7260299
-6.947440983	-103.9769681
-6.895848631	-103.9546884
-6.931369349	-103.9324001
-7.003242375	-103.9101118
-6.91374184	-103.8655352
-7.018614631	-101.1020005
-6.962170067	-101.1020005
-6.985067499	-101.0797122
-7.02029697	-101.0797122
-6.971981792	-101.0797122
-7.38184518	-104.0884011
-7.305416938	-103.9992564
-7.317181172	-103.9992564
-7.337670701	-103.9992564
-7.332016281	-103.9769681
-7.700145666	-105.9604809
-7.756804195	-105.8936161
-7.759874431	-105.8713278
-7.724814854	-105.8936161
-7.774480246	-105.8713278
-7.774923504	-103.9992564
-7.794553342	-103.9992564
-7.763131806	-104.0215447
-7.761611698	-104.0215447
-7.784416518	-104.0215447
-7.900795508	-99.8503358
-7.871836804	-99.80575923
-7.918415992	-99.87261558
-7.883628502	-99.78347095
-7.867276479	-99.80575923
-8.103989296	-104.5750865
-8.110449119	-104.6419513
-8.157763452	-104.5973748
-8.09916391	-104.5750865
-8.100722979	-104.5973748
-8.145421193	-102.5915822
-8.149095001	-102.6138705
-8.124071973	-102.5915822
-8.165846852	-102.5915822
-8.196156409	-102.6138705
-8.610847737	-106.2020122
-8.589671605	-106.224292
-8.6476548	-106.1574357
-8.630839079	-106.1797239
-8.596467384	-106.1797239
-9.095518343	-108.0740836
-9.114713863	-108.0517953
-9.099899832	-108.0072187
-9.15370209	-108.0072187
-9.129085914	-108.029507
-9.145211199	-104.3076526
-9.133409281	-104.2853643
-9.214914557	-104.3299324
-9.148450051	-104.3076526
-9.199447773	-104.3299324
-9.649112453	-107.6506402
-9.623855022	-107.6060636
-9.690771728	-107.5837753
-9.693321422	-107.6060636
-9.677937669	-107.5392073
-9.920831197	-109.2998457
-9.95853308	-109.2775574
-9.943690307	-109.2552691
-9.962913291	-109.2107011
-9.935020579	-109.2107011
-10.08003445	-105.6448476
-10.06889423	-105.6225593
-10.03584273	-105.6225593
-10.01292103	-105.6671274
-10.0338602	-105.6225593
-10.34519565	-107.9849389
-10.34503406	-108.0072187
-10.34325081	-108.0072187
-10.40035643	-108.0072187
-10.4094643	-107.9626507
-10.79763038	-109.9461549
-10.84339714	-109.9238667
-10.75128623	-109.9015784
-10.7657196	-109.8792986
-10.80835672	-109.8792986
-10.87621615	-106.536311
-10.88467766	-106.536311
-10.89299611	-106.4917344
-10.86510531	-106.4917344
-10.84766238	-106.536311
-11.28999478	-110.0130113
-11.31848851	-110.0575879
-11.35010038	-109.9907315
-11.3091507	-109.9684432
-11.25425562	-109.9461549
-11.70606506	-110.9267629
-11.64508572	-110.9044747
-11.60333256	-110.8376183
-11.60327763	-110.8821949
-11.67150112	-110.81533
-11.74078229	-107.1380437
-11.76169592	-107.1157554
-11.70895965	-107.1603319
-11.73882787	-107.1157554
-11.76427372	-107.1157554
-12.26515583	-110.9713395
-12.26194444	-110.9490512
-12.22710203	-110.9044747
-12.25763704	-110.9044747
-12.27461499	-110.8599066
-12.64298325	-111.9742358
-12.67364857	-111.9742358
-12.6371021	-111.9742358
-12.61511034	-111.9073709
-12.62690332	-111.8850911
-12.71431594	-108.029507
-12.73979883	-108.0517953
-12.7378163	-108.0517953
-12.74809045	-108.029507
-12.73282294	-108.029507
-13.18974326	-111.4170712
-13.19216011	-111.4393595
-13.20196289	-111.3724946
-13.20437974	-111.3947829
-13.17582597	-111.3947829
-13.66946777	-112.7542662
-13.67640662	-112.7542662
-13.6624906	-112.7319779
-13.66794	-112.7096897
-13.66750568	-112.6874014
-13.787478	-109.1661245
-13.8175506	-109.1661245
-13.7345348	-109.1661245
-13.76377581	-109.1438362
-13.76960459	-109.1884128
-14.17032306	-112.0633804
-14.16255007	-112.0410921
-14.15358781	-112.0188039
-14.19892026	-111.9742358
-14.2050288	-111.9519475
-14.55018155	-113.7571625
-14.5780749	-113.7571625
-14.51557417	-113.7348742
-14.52736715	-113.7125859
-14.55502035	-113.6902976
-14.58092351	-111.8628029
-14.5709074	-111.8405146
-14.57047819	-111.8628029
-14.62927317	-111.8405146
-14.58462542	-111.8628029
-14.61472612	-110.4810313
-14.62820016	-110.4364632
-14.64695114	-110.5033195
-14.58531394	-110.4810313
-14.58315641	-110.458743
-14.71195813	-108.4306706
-14.6938484	-108.4306706
-14.66840128	-108.4306706
-14.64114407	-108.4529504
-14.68713566	-108.4083823
-14.72020632	-108.497527
-14.67572462	-108.497527
-14.66292633	-108.4752387
-14.640453	-108.4752387
-14.66855584	-108.5198153
-14.66159272	-108.5866716
-14.65415569	-108.5643833
-14.67442806	-108.6312482
-14.64675187	-108.5643833
-14.70078981	-108.5866716
-15.15530095	-114.0468847
-15.12700138	-114.0023166
-15.16120127	-113.9800283
-15.17164531	-113.9800283
-15.13140842	-113.9131635
-15.20577366	-110.5478961
-15.23670723	-110.5478961
-15.2682961	-110.5033195
-15.24870331	-110.5256078
-15.21716808	-110.4810313
-15.6891988	-114.0914613
-15.63548532	-114.0245964
-15.64920334	-114.0468847
-15.68686626	-114.0023166
-15.65179647	-113.9800283
-16.07557843	-114.7600588
-16.0925666	-114.7600588
-16.10366339	-114.7154822
-16.11066866	-114.7154822
-16.07837594	-114.6931939
-16.20590281	-111.4170712
-16.13618093	-111.4616393
-16.18414866	-111.3724946
-16.22897142	-111.4170712
-16.18500963	-111.3724946
-16.61211411	-114.9160598
-16.61184075	-114.8714917
-16.60016912	-114.8492034
-16.54937068	-114.8269151
-16.59338867	-114.8269151
-17.11025364	-115.8075231
-17.07716765	-115.7852433
-17.12532188	-115.8075231
-17.14014485	-115.7406668
-17.1011777	-115.7183785
-17.20124171	-111.6845051
-17.20035392	-111.7067934
-17.19122049	-111.6622253
-17.20536644	-111.6622253
-17.20453358	-111.639937
-17.60594184	-115.0720693
-17.64736927	-115.0274927
-17.61487982	-115.0052129
-17.58573334	-115.0052129
-17.57175984	-115.0274927
-18.10604219	-116.1863985
-18.09517533	-116.2086867
-18.05900824	-116.1641102
-18.11720157	-116.1418219
-18.07667599	-116.0972538
-18.20072067	-112.5982567
-18.18657855	-112.5982567
-18.193755	-112.620545
-18.27893728	-112.5759685
-18.23013285	-112.5982567
-18.61786653	-115.6515221
-18.56078837	-115.6292339
-18.58388636	-115.6069456
-18.60499926	-115.5846573
-18.58281845	-115.5623775
-18.97055851	-116.5652738
-18.98129507	-116.5429855
-18.97734918	-116.4761206
-19.0096023	-116.4761206
-18.94886311	-116.4761206
-19.06000731	-113.244566
-19.11599073	-113.244566
-19.03564598	-113.2222862
-19.03982819	-113.1554213
-19.05827643	-113.1999979
-19.34174599	-115.9635326
-19.4042595	-115.918956
-19.38276848	-115.874388
-19.3858087	-115.874388
-19.43633378	-115.8520997
-19.84250165	-116.9218523
-19.83424197	-116.9218523
-19.79113731	-116.8772842
-19.88654008	-116.854996
-19.85388969	-116.854996
-19.90824314	-116.4761206
-19.86464924	-116.4538409
-19.94198061	-116.4538409
-19.90472901	-116.4315526
-19.84421464	-116.4092643
-19.91327738	-113.8463071
-19.98753532	-113.8685954
-19.96922121	-113.8240189
-19.95970073	-113.8240189
-19.94727544	-113.8240189
-20.28305717	-116.2978314
-20.2758935	-116.3201196
-20.30400018	-116.2532548
-20.33470382	-116.2755431
-20.28768009	-116.2532548
-20.79701605	-117.7464593
-20.83299791	-117.724171
-20.78639062	-117.679603
-20.8254408	-117.6350264
-20.85673715	-117.6127381
-20.86207542	-114.2697505
-20.88500223	-114.2251825
-20.91127839	-114.2474622
-20.87954261	-114.2028942
-20.82700945	-114.2474622
-21.01676242	-116.6767067
-21.05248113	-116.6544184
-21.0651338	-116.6321301
-21.02917877	-116.6321301
-21.12392751	-116.6544184
-21.05678726	-114.9160598
-21.13039116	-114.9383481
-21.11603699	-114.89378
-21.08448005	-114.9160598
-21.12020005	-114.89378
-21.18541142	-110.6122411
-21.19178438	-110.5899613
-21.15992853	-110.5899613
-21.17846108	-110.567673
-21.18583807	-110.5899613
-21.18722022	-110.4339518
-21.20441789	-110.4785284
-21.20206363	-110.4562401
-21.21227263	-110.4339518
-21.26283348	-110.4339518
-21.2051971	-110.1219413
-21.22651056	-110.0996531
-21.22828359	-110.0550765
-21.20212112	-110.0996531
-21.16186762	-110.0996531
-21.20972805	-106.8903867
-21.20404489	-106.8903867
-21.18296136	-106.8903867
-21.13633747	-106.9126749
-21.15639012	-106.8903867
-20.96740488	-101.853617
-21.00375846	-101.853617
-21.03317065	-101.853617
-21.00465648	-101.8759053
-20.98180503	-101.8090404
-20.82972266	-98.33234011
-20.79898836	-98.33234011
-20.8323541	-98.28776355
-20.82010254	-98.31005183
-20.8534504	-98.33234011
-20.86949585	-98.55520596
-20.8688878	-98.5106294
-20.82049215	-98.57748577
-20.83253805	-98.5106294
-20.80812179	-98.53291768
-20.76068418	-99.66953516
-20.80464981	-99.71410323
-20.8412576	-99.66953516
-20.80226107	-99.66953516
-20.80470474	-99.66953516
-20.48183626	-93.29557045
-20.50103945	-93.31785873
-20.47793891	-93.29557045
-20.49451448	-93.25099389
-20.45830907	-93.29557045
-20.30688072	-88.7713888
-20.2877644	-88.72682073
-20.20673496	-88.72682073
-20.27534805	-88.7713888
-20.26874388	-88.7713888
-20.25517787	-89.15026412
-20.30349177	-89.15026412
-20.27959541	-89.12797584
-20.26867107	-89.19484068
-20.28872117	-89.1725524
-20.05425658	-84.55922614
-20.1161531	-84.53693786
-20.02831894	-84.5815144
-20.01945377	-84.53693786
-19.99107756	-84.60380269
-19.80212936	-80.32477518
-19.79256034	-80.36935175
-19.79492609	-80.32477518
-19.81326191	-80.3024869
-19.78835641	-80.34706347
-19.64786901	-77.89553922
-19.63105456	-77.9178275
-19.69249122	-77.94011578
-19.66192937	-77.96239559
-19.65240378	-77.9178275
-19.58924136	-79.21044598
-19.63537985	-79.25502255
-19.62800541	-79.23273426
-19.64826756	-79.25502255
-19.63736238	-79.25502255
-19.62060797	-79.70075421
-19.65246382	-79.70075421
-19.58600826	-79.67846593
-19.58471936	-79.70075421
-19.55355458	-79.67846593
-19.4112124	-75.60002447
-19.36417973	-75.57773619
-19.39749182	-75.57773619
-19.41009084	-75.60002447
-19.43319521	-75.62230425
-19.13084819	-70.852977
-19.13997651	-70.89755356
-19.16961479	-70.87526528
-19.16069086	-70.87526528
-19.12909815	-70.87526528
-18.80461632	-66.46252079
-18.8499296	-66.48480907
-18.85273478	-66.46252079
-18.87147682	-66.48480907
-18.84659941	-66.50709313
-18.84921298	-67.26483951
-18.79344672	-67.19797892
-18.79303028	-67.26483951
-18.7890665	-67.26483951
-18.84679358	-67.24255123
-18.61156255	-62.7629504
-18.60329903	-62.7629504
-18.56953858	-62.80752271
-18.59392546	-62.80752271
-18.60829751	-62.78523445
-18.20884495	-57.85990192
-18.22497215	-57.85990192
-18.23868123	-57.83761364
-18.26416668	-57.85990192
-18.26763227	-57.83761364
-17.97770544	-53.80374025
-17.97311828	-53.82602853
-17.96465166	-53.82602853
-17.94809398	-53.80374025
-17.92198771	-53.80374025
-17.90529079	-55.41339191
-17.90288417	-55.43567595
-17.91005039	-55.41339191
-17.86448546	-55.43567595
-17.92990761	-55.39110363
-17.87985005	-56.46086052
-17.86044631	-56.43857224
-17.91015003	-56.43857224
-17.86960529	-56.46086052
-17.90926223	-56.46086052
-17.87575342	-56.92888047
-17.89012931	-56.90659218
-17.8567559	-56.95116452
-17.87902868	-56.95116452
-17.87119182	-56.92888047
-17.77475563	-54.14305748
-17.76448404	-54.16534152
-17.75662035	-54.16534152
-17.73463626	-54.14305748
-17.72195805	-54.1876298
-17.47950586	-49.50744717
-17.487542	-49.52973121
-17.46291624	-49.50744717
-17.50737111	-49.52973121
-17.45661099	-49.52973121
-17.09495164	-44.55982636
-17.08990335	-44.58211042
-17.06009134	-44.58211042
-17.04310573	-44.58211042
-17.06885176	-44.6043987
-17.01691132	-45.2284239
-17.06405384	-45.16156328
-17.04920149	-45.25070793
-17.04159839	-45.25070793
-17.05660403	-45.25070793
-17.05180739	-45.2284239
-17.03568019	-45.2284239
-17.08779947	-45.25070793
-17.0646951	-45.2284239
-17.03218522	-45.27299621
-16.71324858	-40.54824125
-16.70797164	-40.59281358
-16.75204712	-40.54824125
-16.70736487	-40.54824125
-16.71038465	-40.5705253
-16.33147144	-35.91263094
-16.36154659	-35.91263094
-16.31357248	-35.95720325
-16.29285557	-35.97949153
-16.31383435	-35.95720325
-15.84052495	-31.21016003
-15.90635204	-31.21016003
-15.86517754	-31.21016003
-15.87212916	-31.25473445
-15.85273053	-31.27702062
-15.81285132	-32.65878798
-15.81350279	-32.61421567
-15.79889314	-32.61421567
-15.80234341	-32.65878798
-15.82702281	-32.63650182
-15.32357568	-26.8865623
-15.36674548	-26.93113675
-15.38149692	-26.97570907
-15.39001208	-26.93113675
-15.33967605	-26.90885058
-14.83298814	-22.20637967
-14.83841838	-22.25095412
-14.81709471	-22.22866796
-14.85569269	-22.22866796
-14.84545175	-22.22866796
-14.87448838	-23.20927596
-14.87924798	-23.20927596
-14.87052332	-23.20927596
-14.87333744	-23.23156425
-14.84633444	-23.20927596
-14.39133661	-18.08336165
-14.38283933	-18.06107548
-14.40988448	-18.10564993
-14.40594242	-18.08336165
-14.39177603	-18.10564993
-13.82385969	-13.47003962
-13.8565714	-13.47003962
-13.86069996	-13.44775345
-13.83063631	-13.49232576
-13.79163978	-13.49232576
-13.76889563	-14.49522205
-13.79570192	-14.51750927
-13.77995155	-14.5843688
-13.79454842	-14.53979544
-13.79602254	-14.62894218
-13.74608762	-14.91866757
-13.72554316	-14.96324093
-13.76110093	-14.96324093
-13.76021441	-14.9855271
-13.73869402	-14.96324093
-13.63429961	-13.24717377
-13.62273402	-13.24717377
-13.60578417	-13.26945992
-13.63298772	-13.29174715
-13.6576403	-13.29174715
-13.17481554	-9.012722812
-13.16368171	-9.035008981
-13.15499537	-9.057296195
-13.1543605	-9.035008981
-13.15303839	-9.035008981
-12.78972609	-6.694918179
-12.8265191	-6.76177773
-12.77816944	-6.739491027
-12.84422517	-6.717204881
-12.82417124	-6.739491027
-12.81597543	-7.630954384
-12.82713353	-7.586381535
-12.78682639	-7.630954384
-12.80057379	-7.630954384
-12.78116878	-7.608668238
-12.68512219	-6.561198565
-12.67005396	-6.561198565
-12.69686152	-6.583485268
-12.67507798	-6.561198565
-12.69453537	-6.538911885
-11.80269542	0.280782646
-11.80673712	0.213922918
-11.79352622	0.147063166
-11.78421524	0.080203393
-11.78446306	0.213922918
-10.77607294	3.33404461
-10.7660134	3.423191108
-10.7557086	3.378617725
-10.75874754	3.400904405
-10.74848872	3.490050636
-10.71984043	2.732306894
-10.73416905	2.821453125
-10.72705519	2.643160662
-10.70363339	2.821453125
-10.69703114	2.776880009
-10.7505645	2.308861907
-10.7328546	2.286575204
-10.75248444	2.286575204
-10.74131739	2.264288524
-10.77561563	2.308861907
-10.73737021	2.108282475
-10.72402136	2.085995928
-10.74213365	2.085995928
-10.69977308	2.041422813
-10.72052384	2.063709359
-10.53187199	3.534624019
-10.52942896	3.512337339
-10.52387035	3.579197135
-10.4976983	3.556910454
-10.52202769	3.512337339
-10.62548257	1.929989902
-10.62450089	1.863130084
-10.63758659	1.885416653
-10.62317878	1.863130084
-10.62780297	1.885416653
-10.54591128	1.885416653
-10.58001089	1.929989902
-10.5467103	1.840843537
-10.57054981	1.996849564
-10.56724709	1.996849564
-10.62527052	2.041422813
-10.60923338	1.863130084
-10.63024536	1.907703333
-10.61319652	1.885416653
-10.63004737	1.907703333
-10.56645318	2.487154369
-10.5271967	2.464867933
-10.57147657	2.487154369
-10.53161843	2.509441049
-10.55931187	2.509441049
-10.54530515	2.464867933
-10.58390186	2.487154369
-10.56335101	2.464867933
-10.53888493	2.531727729
-10.49890416	2.487154369
-10.56109512	2.509441049
-10.51543119	2.464867933
-10.51859595	2.509441049
-10.5160271	2.442581253
-10.56387347	2.509441049
-10.57067947	2.509441049
-10.55058849	2.509441049
-10.57821869	2.487154369
-10.57187448	2.487154369
-10.56493307	2.487154369
-10.54767026	2.576300845
-10.53286453	2.576300845
-10.50239275	2.576300845
-10.59082921	2.576300845
-10.59751194	2.531727729
-10.53823154	1.996849564
-10.55283927	1.974563017
-10.57379122	1.996849564
-10.61232405	1.996849564
-10.55158231	1.996849564
-10.57392535	1.974563017
-10.54101244	1.929989902
-10.56202443	1.996849564
-10.54629578	1.974563017
-10.54477695	1.974563017
-10.52308858	2.041422813
-10.58449457	2.019136266
-10.58627782	2.019136266
-10.52573088	2.063709359
-10.58997782	2.041422813
-10.597305	2.108282475
-10.50814489	2.085995928
-10.55044478	2.085995928
-10.58812112	2.085995928
-10.55142774	2.152855724
-10.55565147	2.19742884
-10.58129979	2.175142293
-10.60324939	2.130569177
-10.49220291	2.175142293
-10.56385303	2.152855724
-10.58441282	2.59858728
-10.51124131	2.62087396
-10.53775188	2.576300845
-10.47707145	2.643160662
-10.58024976	2.59858728
-10.20827412	3.543259974
-10.187524	3.520973294
-10.15705349	3.520973294
-10.11825688	3.520973294
-10.18204075	3.498686881
-10.16995014	3.454113765
-10.17669546	3.431827063
-10.12183296	3.454113765
-10.1303724	3.364967267
-10.15826191	3.387253948
-10.12077591	3.476400179
-10.15620466	3.431827063
-10.19275752	3.431827063
-10.21430793	3.409540383
-10.14834225	3.431827063
-9.617148661	3.988991664
-9.579597512	4.033564779
-9.598890115	4.100424575
-9.621311714	3.988991664
-9.625475406	3.988991664
-9.899389365	2.094632017
-9.957092809	2.094632017
-9.917707949	2.027772222
-9.912287932	2.027772222
-9.849898978	2.005485675
-10.03285169	1.559753986
-10.00620445	1.626613781
-10.00990572	1.626613781
-10.06780908	1.604327235
-10.05994475	1.604327235
-10.05828732	1.64890035
-10.04011181	1.626613781
-10.05656474	1.671186897
-9.97916951	1.64890035
-9.960463873	1.64890035
-10.12711821	0.948822996
-10.10444816	0.948822996
-10.11231249	0.948822996
-10.16498999	0.948822996
-10.19314457	0.97110961
-9.985055778	2.531170434
-9.989291643	2.486597318
-10.02014857	2.553457114
-10.00541821	2.508883998
-9.984918457	2.575743549
-9.601059143	4.626109489
-9.648244459	4.692969018
-9.659610143	4.715255698
-9.603827274	4.692969018
-9.592123716	4.715255698
-9.5504951	4.135804417
-9.584329009	4.1803778
-9.603497065	4.1803778
-9.610254522	4.068944889
-9.619823541	4.1803778
-8.93538961	6.899340718
-8.968045116	6.877054572
-8.95383785	6.854767869
-8.960978528	6.832481189
-8.958611502	6.743334958
-8.928044548	6.475895731
-8.90589759	6.520469113
-8.933789025	6.520469113
-8.874902068	6.498182433
-8.886730811	6.498182433
-8.18461572	8.971992827
-8.23649932	8.971992827
-8.196443185	8.994280041
-8.225133635	8.949706658
-8.209005796	8.971992827
-7.621078951	11.13379168
-7.59516685	11.15607889
-7.63594791	11.15607889
-7.59304764	11.17836506
-7.667801208	11.17836506
-7.567458722	11.20065123
-7.551394753	11.22293844
-7.536588386	11.22293844
-7.529984856	11.17836506
-7.495290617	11.15607889
-6.918173786	13.51845637
-6.896965719	13.47388299
-6.852287943	13.45159685
-6.857571278	13.47388299
-6.854989649	13.49617023
-6.210943338	15.70254139
-6.20275583	15.65796801
-6.180149007	15.65796801
-6.199976203	15.68025523
-6.189669485	15.63568187
-5.599498244	17.79748072
-5.571405618	17.81976686
-5.619127443	17.79748072
-5.568104173	17.79748072
-5.57616905	17.7751935
-5.011083112	20.1598582
-4.91663903	20.11528586
-4.962303918	20.1598582
-4.935469533	20.1598582
-4.923109072	20.1598582
-4.474024332	22.07650399
-4.47310077	22.05421782
-4.512295617	22.05421782
-4.493528345	22.03193168
-4.484082596	21.98735934
-4.347656696	20.04842527
-4.421087833	20.04842527
-4.41382197	20.02613912
-4.435955835	20.07071143
-4.38797374	20.04842527
-4.157828046	22.36623043
-4.1633873	22.32165812
-4.183077814	22.36623043
-4.184012553	22.29936984
-4.152082292	22.34394426
-3.622883686	24.84004083
-3.650639078	24.86232699
-3.610782537	24.88461528
-3.666366771	24.88461528
-3.627507243	24.86232699
-3.252607307	26.62296754
-3.237677032	26.57839522
-3.25366787	26.60068139
-3.239259733	26.60068139
-3.227956641	26.60068139
-2.657194407	28.96305885
-2.656071571	28.96305885
-2.683242072	28.91848654
-2.642062622	28.94077271
-2.7056493	28.91848654
-2.080346629	31.37001078
-2.102096475	31.32543633
-2.082665434	31.32543633
-2.069642799	31.32543633
-2.071762009	31.30315017
-1.504205255	33.42037566
-1.510212398	33.46495009
-1.474593639	33.42037566
-1.51577245	33.39808949
-1.462891518	33.4426618
-0.974059216	35.53760113
-0.961309866	35.49302881
-1.001750977	35.55988729
-0.965209694	35.49302881
-1.02197808	35.53760113
-0.491668095	37.89997861
-0.499668663	37.87769458
-0.467353785	37.83311801
-0.493187804	37.89997861
-0.483880213	37.81083398
0.045108759	40.17320933
0.024818285	40.17320933
0.060238333	40.12863701
0.032806831	40.10635298
0.024084375	40.12863701
0.110377107	37.92226689
0.084268297	37.92226689
0.083544838	37.94455092
0.106951414	38.01141152
0.072440607	37.94455092
0.642531232	42.17900188
0.618141755	42.17900188
0.629108251	42.13442957
0.625866365	42.11214554
0.626665739	42.15671785
1.193258134	44.49680916
1.173228869	44.47452088
1.221672266	44.45223685
1.188295267	44.45223685
1.183076201	44.47452088
1.144418183	41.55498093
1.178527932	41.57726497
1.158701135	41.59955325
1.182628552	41.59955325
1.199677718	41.57726497
1.443110948	44.89796852
1.471464962	44.89796852
1.39301108	44.89796852
1.448396837	44.89796852
1.409137323	44.89796852
1.713988682	46.83690048
1.736397347	46.85918451
1.70604851	46.77003988
1.737518108	46.83690048
1.739237331	46.83690048
2.104309574	48.77583244
2.080182164	48.75354416
2.087446749	48.70897184
2.090949386	48.70897184
2.088768222	48.70897184
2.603160141	51.11592375
2.63481576	51.09363547
2.61022625	51.07135144
2.648299058	51.09363547
2.648161897	51.04906316
3.148621352	53.09942803
3.10606119	53.14400459
3.12799578	53.077144
3.100041433	53.09942803
3.155625667	53.09942803
3.588003585	55.59552884
3.599829453	55.55095228
3.590308337	55.52866822
3.595728993	55.52866822
3.612714608	55.52866822
3.642107309	53.38915447
3.6339693	53.34458215
3.665437461	53.38915447
3.649111305	53.38915447
3.704894175	53.36687044
3.723087254	50.51335113
3.730888987	50.53563516
3.743575186	50.51335113
3.701737714	50.51335113
3.739613004	50.53563516
4.110996891	56.17414176
4.104053252	56.12956945
4.112117811	56.15185773
4.115357622	56.15185773
4.097312721	56.15185773
4.386619375	58.44737248
4.412129732	58.42508845
4.407767404	58.42508845
4.472336884	58.38051613
4.45124985	58.35822785
4.721419105	59.91828872
4.74805198	59.89600044
4.732847702	59.8737164
4.748451487	59.91828872
4.759156436	59.89600044
5.268616306	62.03551419
5.21679434	62.01322591
5.216198113	62.01322591
5.176740441	62.01322591
5.188107084	62.01322591
5.745369254	64.21960028
5.696451143	64.17502796
5.669879903	64.17502796
5.709275621	64.19731199
5.668099205	64.19731199
6.198965778	66.26996515
6.183037852	66.26996515
6.173916563	66.26996515
6.166972605	66.24767687
6.150310812	66.20310455
6.180788986	64.28646087
6.135712022	64.28646087
6.138814832	64.26417259
6.115946142	64.26417259
6.150579705	64.26417259
6.717225032	68.92206696
6.697994383	68.94435522
6.732290712	68.8997829
6.710944046	68.8997829
6.671085909	68.8997829
7.005139317	70.23697795
6.993111938	70.23697795
6.977047969	70.23697795
6.984848424	70.23697795
6.975127395	70.21468967
7.096124194	70.45984379
7.065790366	70.50441611
7.076433041	70.50441611
7.077030865	70.52670439
7.088074006	70.54898842
7.202962269	71.08386899
7.196618051	71.08386899
7.237196643	71.06158071
7.22000856	71.03929243
7.268653307	71.01700839
7.682108749	73.44624859
7.695255771	73.37938374
7.718586881	73.37938374
7.722162968	73.4239603
7.713103632	73.40167202
8.124711312	75.31831995
8.162586283	75.34060823
8.162185179	75.29603167
8.20778907	75.27374339
8.200123381	75.27374339
8.373445761	76.27663965
8.346874521	76.27663965
8.307540119	76.23207159
8.297695181	76.25435137
8.297757135	76.23207159
8.716050098	77.81441226
8.765690581	77.83670055
8.681353304	77.83670055
8.731195616	77.88127711
8.679895788	77.81441226
9.122926281	79.46362626
9.100321375	79.46362626
9.045918738	79.4190497
9.06905185	79.4190497
9.068526838	79.44133798
9.270030623	80.15450358
9.253304959	80.13222377
9.242200503	80.13222377
9.252445907	80.13222377
9.240081294	80.10993549
9.714822653	82.13801633
9.693397428	82.07115148
9.705760763	82.09343976
9.691216264	82.07115148
9.651759869	82.09343976
9.825134623	82.53917145
9.868816663	82.49459489
9.831278927	82.51688317
9.872180701	82.4500268
9.830878461	82.49459489
10.13077286	84.38895454
10.13777494	84.36667473
10.15298177	84.38895454
10.18423597	84.32209817
10.19355845	84.34438645
10.30085192	84.4335311
10.29602973	84.45581936
10.27686167	84.45581936
10.30204948	84.50038745
10.29312427	84.47810764
10.42138694	84.70097349
10.45278037	84.6786852
10.45397602	84.72325329
10.48364879	84.70097349
10.45409801	84.65639692
10.73367597	86.86276704
10.78733963	86.84047876
10.73485884	86.81819898
10.79810813	86.7959107
10.79030576	86.75133413
11.16051858	88.55654913
11.16785854	88.57883741
11.18722778	88.60112569
11.23566559	88.53426085
11.24743174	88.53426085
11.26728512	86.2387461
11.26456681	86.19416953
11.24289569	86.2387461
11.22299249	86.17188125
11.18935466	86.21645781
11.24862739	86.10502488
11.27109945	86.10502488
11.28174148	86.10502488
11.33329998	86.14960144
11.28075788	86.14960144
11.49938524	89.33657957
11.5258198	89.31429129
11.48524057	89.33657957
11.46753195	89.38115614
11.45060637	89.33657957
11.84143008	91.097218
11.8506146	91.097218
11.86085936	91.07492972
11.89185297	91.05264991
11.87724588	91.05264991
12.0079752	91.38694869
11.9865008	91.43151676
12.029258	91.40922848
11.99951114	91.36466041
12.02039794	91.38694869
12.05771213	89.18057008
12.06371847	89.13600201
12.03714723	89.11371373
12.05631593	89.13600201
12.02267938	89.15829029
12.24800799	91.54294967
12.29797229	91.52066139
12.25599686	91.47609332
12.28098412	91.52066139
12.24066804	91.52066139
12.58511694	93.48188588
12.60402377	93.48188588
12.59185907	93.48188588
12.57837354	93.4595976
12.5518023	93.4595976
13.11242084	95.62139963
13.1123608	95.66596772
13.1072001	95.62139963
13.09570093	95.62139963
13.07394677	95.57682307
13.69006971	98.00605903
13.69885568	97.93920269
13.71326478	97.93920269
13.72542309	97.93920269
13.71570461	97.9169144
13.82924138	94.84136921
13.78641648	94.88593727
13.81695278	94.88593727
13.77749383	94.88593727
13.81391256	94.88593727
13.76248946	93.39274125
13.76090804	93.41502104
13.78199539	93.43730932
13.78781524	93.4595976
13.77841867	93.37045297
14.10860666	97.87233784
14.09552223	97.87233784
14.09254205	97.85005803
14.06835061	97.85005803
14.08976498	97.82776975
14.57745025	99.78898575
14.59998746	99.76669747
14.60058145	99.76669747
14.64750298	99.74441768
14.62867024	99.76669747
14.88219878	100.9478915
14.8698348	100.9033149
14.89038437	100.8810267
14.92045953	100.8587469
14.94630776	100.9033149
15.29109645	101.9953559
15.31858742	101.9730761
15.26994778	101.9953559
15.30774739	101.9507878
15.26986986	101.9284995
15.33296075	102.1067888
15.34042716	102.084509
15.3554328	102.084509
15.39216961	102.0176441
15.39402695	102.0622207
15.3447269	99.61069646
15.33904246	99.63298475
15.31887484	99.58840818
15.33500204	99.58840818
15.3562925	99.61069646
15.69147002	102.4633758
15.71116373	102.4410876
15.6802276	102.4188077
15.68829695	102.4410876
15.65312369	102.3742312
16.08345744	104.0011484
16.13534168	104.0011484
16.11055114	103.9565804
16.15629235	103.9788686
16.14300354	103.9565804
16.59183024	105.4720647
16.53842462	105.4720647
16.57688719	105.4274966
16.53246809	105.4052083
16.58811683	105.3606318
16.60831639	102.1959419
16.62418045	102.2182217
16.64229018	102.1959419
16.6787038	102.1736536
16.63944796	102.1959419
17.04586236	105.38292
17.09734933	105.3606318
17.07407762	105.3160637
17.10963538	105.3160637
17.07560156	105.3160637
17.10946676	102.5302407
17.12467423	102.5748087
17.12090973	102.597097
17.10338377	102.5525205
17.0817152	102.597097
17.28361115	105.7172188
17.24837657	105.6726422
17.29285699	105.6726422
17.29781458	105.6726422
17.34837543	105.6726422
17.84064658	107.7452996
17.88822853	107.7230113
17.81255651	107.7452996
17.86033646	107.7230113
17.81711556	107.7452996
17.88355069	104.3577355
17.90053502	104.3577355
17.88718873	104.3800237
17.8911525	104.3577355
17.88778783	104.402312
18.29337575	107.7898677
18.28272988	107.7452996
18.32648473	107.7675879
18.33110382	107.7230113
18.35655478	107.7452996
18.81156411	108.99335
18.74949898	108.99335
18.75128223	108.9710617
18.75372462	108.9487735
18.79357957	108.9487735
18.86784006	106.2298068
18.86235745	106.2520951
18.84993343	106.2520951
18.84695325	106.2298068
18.83888902	106.2298068
19.24800512	109.2830722
19.26439164	109.2384957
19.27946115	109.2384957
19.31587605	109.1939276
19.3207008	109.1939276
19.80002547	110.3974014
19.77939799	110.3751131
19.74370482	110.3528249
19.70913321	110.3305451
19.71415595	110.3305451
19.8451331	107.7007231
19.83383064	107.6784348
19.88935292	107.7007231
19.90257403	107.7230113
19.89113618	107.7007231
20.28962047	110.3528249
20.28974821	110.3082568
20.28658408	110.3528249
20.28538588	110.3082568
20.2629151	110.3082568
20.44281929	110.6871236
20.45028826	110.6648438
20.41221018	110.6202673
20.41181419	110.6202673
20.39330463	110.597979
20.60902846	103.2882628
20.57049052	103.2659745
20.5742563	103.2436863
20.52448999	103.2659745
20.53241755	103.2436863
20.47820077	103.109965
20.42307832	103.109965
20.4545369	103.0876768
20.46193945	103.0876768
20.50727955	103.0876768
20.4958813	101.8842029
20.51114753	101.8619146
20.57307853	101.8619146
20.5715597	101.8396349
20.6087717	101.8619146
20.48251584	97.89490609
20.49580082	97.91719437
20.43241613	97.89490609
20.43770202	97.89490609
20.37557302	97.89490609
20.18463462	93.66045513
20.17114654	93.66045513
20.13995493	93.66045513
20.13645102	93.68274341
20.13697475	93.63816685
19.92989	88.82426303
19.91891967	88.84655131
19.95884104	88.82426303
19.99361448	88.86883959
20.01694495	88.86883959
20.0394566	89.18085007
19.95254089	89.15856179
19.91698185	89.18085007
19.87686376	89.20313835
19.87012547	89.20313835
19.75080717	85.30298615
19.72357679	85.30298615
19.72423593	85.32527443
19.70943468	85.32527443
19.74717169	85.32527443
19.53672481	80.55594715
19.50208933	80.55594715
19.51583545	80.57822696
19.46527333	80.57822696
19.47069718	80.60051524
19.18845008	76.187775
19.12089723	76.16548671
19.09102646	76.187775
19.10999205	76.16548671
19.11151088	76.16548671
19.13731313	77.81469223
19.16103704	77.81469223
19.16520009	77.81469223
19.16804742	77.83698052
19.1114649	77.81469223
18.88499173	71.9087475
18.81664306	71.86417941
18.76840069	71.9087475
18.7289443	71.93103578
18.71962054	71.9087475
18.48920148	67.0948479
18.50744917	67.11713193
18.48986318	67.0948479
18.49798873	67.0948479
18.46111014	67.11713193
18.54301588	67.69658482
18.48729177	67.6520125
18.49733853	67.6520125
18.46051998	67.62972422
18.46627978	67.67429654
18.13030772	62.43694931
18.15674227	62.43694931
18.13017231	62.41466525
18.15119324	62.45923757
18.13698597	62.45923757
17.85119281	58.71509061
17.82528199	58.71509061
17.83189127	58.71509061
17.78251585	58.69280658
17.80624487	58.71509061
17.56387699	56.39728758
17.60855541	56.39728758
17.61397798	56.39728758
17.70875865	56.39728758
17.70321345	56.41957163
17.56491424	57.42358358
17.60231146	57.33443895
17.6275772	57.42358358
17.60953134	57.42358358
17.66517753	57.4012953
17.62489849	58.15904171
17.63976234	58.13675343
17.60327079	58.09218112
17.60684752	58.1144694
17.62099475	58.13675343
17.49058477	55.75208978
17.47458787	55.75208978
17.46904011	55.77437806
17.48866867	55.7298015
17.47862446	55.75208978
17.0407272	49.51184629
17.1064968	49.5564186
17.03286479	49.5564186
17.02559765	49.57870688
17.06387117	49.60099092
16.70965397	44.85395192
16.6362238	44.87623597
16.67818262	44.78709132
16.65400395	44.87623597
16.62379851	44.85395192
16.66908496	45.45568883
16.63510862	45.41111652
16.61898015	45.41111652
16.61534594	45.43340057
16.62414596	45.47797289
16.2074242	39.4828835
16.22355651	39.4828835
16.15184188	39.52745581
16.13405789	39.46059522
16.21014123	39.52745581
15.84929176	36.02846298
15.83514454	36.0061747
15.80539895	36.0061747
15.81968414	36.05075126
15.86912088	36.02846298
15.48798371	31.61572063
15.4062849	31.59343235
15.38605852	31.57114618
15.46551037	31.61572063
15.37938154	31.57114618
15.38957393	33.15349321
15.39353643	33.15349321
15.39425816	33.13120707
15.42260882	33.08663473
15.36762433	33.13120707
15.2405241	31.25913359
15.25374138	31.23684742
15.21969351	31.16998894
15.25597173	31.14770066
15.27950403	31.12541451
14.92365686	27.04697091
14.81519649	27.00239646
14.88869565	27.04697091
14.94052112	27.09154323
14.87389183	27.06925706
14.4085215	22.50050734
14.42465892	22.56736583
14.3317854	22.52279351
14.38307309	22.50050734
14.39815155	22.54507968
14.42382477	23.25825164
14.35653762	23.25825164
14.37814487	23.21367719
14.3653964	23.28053779
14.34484173	23.25825164
13.84119531	18.15462347
13.83761986	18.13233732
13.91290739	18.15462347
13.88283351	18.15462347
13.82592653	18.17690964
13.31875321	13.87559915
13.34737979	13.94245868
13.27981799	13.87559915
13.31041688	13.83102577
13.33085276	13.92017251
12.59035812	9.195416501
12.58823125	9.150843118
12.68771404	9.195416501
12.63232844	9.217702669
12.65089804	9.173129287
12.19330835	6.833038507
12.33270358	6.855325187
12.28795874	6.877611356
12.21763137	6.855325187
12.3286772	6.877611356
12.19613014	7.724501863
12.21404953	7.746788544
12.21378639	7.769074712
12.25125131	7.702215161
12.24762604	7.746788544
11.85754578	4.693526336
11.80170287	4.715813016
11.77221533	4.671239633
11.88101549	4.715813016
11.87539364	4.693526336
11.48222462	2.687733778
11.54210923	2.687733778
11.42882155	2.687733778
11.44118681	2.732306894
11.55829903	2.665447076
11.47772178	4.090116933
11.4339005	4.090116933
11.43528393	4.06783052
11.53582441	4.134690316
11.44936729	4.090116933
11.29313974	2.374050038
11.30985327	2.329476923
11.25116559	2.374050038
11.28711807	2.329476923
11.31825347	2.374050038
10.95072829	0.323684321
10.95476616	0.368257503
10.9568726	0.323684321
10.99270372	0.368257503
10.9558264	0.390544094
8.499006079	-6.406864225
8.553007611	-6.406864225
8.533640919	-6.406864225
8.446951945	-6.429150371
8.507477809	-6.362290842
8.503372877	-5.782839539
8.463105333	-5.87198577
8.492553282	-5.849699624
8.51148438	-5.87198577
8.452207816	-5.827412922
8.344576475	-6.496010433
8.440244307	-6.518297136
8.362622333	-6.496010433
8.318894307	-6.518297136
8.386017313	-6.496010433
7.590975694	-8.613235925
7.554954872	-8.613235925
7.478947535	-8.613235925
7.572205548	-8.613235925
7.537136391	-8.635522605
6.754536668	-10.70817525
6.706427791	-10.66360186
6.714626796	-10.66360186
6.76928683	-10.66360186
6.76329773	-10.68588801
6.11190508	-13.07055271
6.103813377	-13.04826656
6.031071079	-13.07055271
6.0537769	-13.04826656
6.106656235	-13.04826656
5.448970465	-15.36607066
5.51128022	-15.29921111
5.51163917	-15.32149728
5.507967278	-15.34378449
5.546138606	-15.32149728
4.884042604	-17.43872275
4.945852896	-17.39415043
4.974894312	-17.4164366
4.946486168	-17.37186322
4.95087596	-17.39415043
4.457757575	-19.64509394
4.453205553	-19.6005216
4.438599738	-19.6005216
4.427032224	-19.6005216
4.402010153	-19.62280777
3.937619582	-21.96289908
3.802295122	-21.94061293
3.851272952	-21.94061293
3.929348085	-22.00747353
3.835833952	-21.96289908
3.844344324	-20.53655729
3.790532804	-20.58113172
3.841003917	-20.55884557
3.884426006	-20.55884557
3.817274897	-20.55884557
3.684411991	-22.18576493
3.714919226	-22.16347876
3.659200226	-22.16347876
3.672447843	-22.18576493
3.717327129	-22.18576493
3.363052765	-24.30299039
3.322364317	-24.32527656
3.288137926	-24.28070425
3.356744954	-24.28070425
3.339559106	-24.28070425
2.894537463	-26.3533574
2.825070424	-26.3533574
2.87884426	-26.33106912
2.901034011	-26.26421064
2.874283934	-26.33106912
2.392666639	-28.5820158
2.334872819	-28.55972752
2.37257534	-28.5820158
2.375915906	-28.55972752
2.320964306	-28.53744135
1.86936484	-30.74381359
1.85816905	-30.72152744
1.852115123	-30.74381359
1.923166779	-30.74381359
1.846866437	-30.72152744
1.399819792	-32.97247199
1.36647896	-32.95018582
1.363692946	-32.99475816
1.420742839	-32.95018582
1.363665482	-32.97247199
0.853666868	-35.20113039
0.904003295	-35.17884422
0.879405402	-35.22341654
0.790082585	-35.20113039
0.92231134	-35.17884422
0.327568797	-37.29606972
0.360974058	-37.318358
0.3200048	-37.27378143
0.349126872	-37.25149738
0.349851718	-37.25149738
-0.122120873	-39.54701638
-0.144119902	-39.50243981
-0.121052087	-39.50243981
-0.149351631	-39.54701638
-0.148482319	-39.50243981
-0.614425393	-41.86481943
-0.662995971	-41.82024709
-0.610949702	-41.84253115
-0.600904092	-41.84253115
-0.645149826	-41.82024709
-1.099358226	-43.89290027
-1.088905804	-43.84832371
-1.047501211	-43.87061199
-1.134842858	-43.84832371
-1.089538916	-43.87061199
-1.150869702	-42.35512341
-1.147962575	-42.35512341
-1.101193453	-42.33283938
-1.146733395	-42.33283938
-1.060640329	-42.3105511
-1.165280155	-41.46366006
-1.187290031	-41.46366006
-1.140691603	-41.46366006
-1.162049445	-41.50823237
-1.107379512	-41.46366006
-1.347009597	-44.49463719
-1.468077771	-44.56149778
-1.351333922	-44.4723489
-1.379461996	-44.49463719
-1.418458046	-44.49463719
-1.733712248	-46.36670853
-1.724618263	-46.3444245
-1.695205443	-46.3444245
-1.717866555	-46.29984793
-1.688029956	-46.32213621
-2.217006294	-48.59536693
-2.152788738	-48.5730829
-2.165648983	-48.59536693
-2.1684532	-48.5730829
-2.144064242	-48.5730829
-2.667708384	-50.77945302
-2.668659729	-50.75716474
-2.689981645	-50.77945302
-2.660994359	-50.75716474
-2.691963534	-50.77945302
-3.191119879	-52.85210617
-3.158033889	-52.82981789
-3.171952781	-52.85210617
-3.163717689	-52.82981789
-3.14276638	-52.82981789
-3.745715473	-55.14762517
-3.648727446	-55.1699092
-3.706294527	-55.1699092
-3.689072273	-55.14762517
-3.692935137	-55.12533689
-3.803033461	-52.18211299
-3.714163004	-52.15982893
-3.75926807	-52.13754067
-3.756436389	-52.18211299
-3.737268333	-52.18211299
-4.050096748	-55.77025469
-4.062150952	-55.74796641
-4.05494896	-55.74796641
-4.028114894	-55.74796641
-4.038848904	-55.72568238
-4.28719119	-57.50860909
-4.305471452	-57.53089313
-4.333382048	-57.46403678
-4.336658903	-57.48632081
-4.27105377	-57.46403678
-4.735872271	-59.55897397
-4.734151929	-59.55897397
-4.683609921	-59.49211337
-4.715439906	-59.51440165
-4.73525784	-59.46982934
-5.206892558	-61.72077177
-5.233518088	-61.67619946
-5.211509089	-61.67619946
-5.201091876	-61.65391117
-5.199770722	-61.65391117
-5.760031275	-63.86028552
-5.763100233	-63.83799724
-5.742638169	-63.81571321
-5.731507526	-63.83799724
-5.733488777	-63.83799724
-6.233113289	-66.22266089
-6.249667143	-66.20037684
-6.187538139	-66.20037684
-6.237041939	-66.20037684
-6.20609943	-66.15580452
-6.267665099	-64.35058953
-6.320191232	-64.41745012
-6.352862067	-64.35058953
-6.341956885	-64.35058953
-6.302941833	-64.41745012
-6.487396772	-67.06955193
-6.563697274	-67.04726788
-6.594629564	-67.04726788
-6.547568796	-67.04726788
-6.547174717	-67.04726788
-6.812111733	-68.5627522
-6.83650117	-68.5627522
-6.819779339	-68.5627522
-6.815869211	-68.51817989
-6.8245383	-68.5627522
-7.271634125	-70.61312133
-7.248757132	-70.56854476
-7.241553223	-70.56854476
-7.236131929	-70.56854476
-7.276992188	-70.61312133
-7.79509496	-73.02007324
-7.729955759	-72.99778495
-7.810117847	-72.95320839
-7.820852495	-72.93092011
-7.776644165	-72.97549667
-8.322957722	-75.18186679
-8.32860384	-75.15957851
-8.249291863	-75.15957851
-8.269345159	-75.13729873
-8.284441496	-75.11501044
-8.79965223	-77.29909226
-8.797471066	-77.29909226
-8.727740882	-77.29909226
-8.796112549	-77.27680398
-8.823379334	-77.29909226
-9.291837792	-79.66147188
-9.349113306	-79.68376014
-9.29379094	-79.68376014
-9.26522823	-79.6391836
-9.253929609	-79.6391836
-9.828577221	-81.75640907
-9.876459998	-81.73412079
-9.830695154	-81.75640907
-9.847302019	-81.6895527
-9.81092097	-81.71184098
-10.01885392	-82.51415123
-10.04714327	-82.51415123
-9.964381665	-82.46958314
-10.05476233	-82.44729486
-10.03869964	-82.44729486
-10.05445831	-80.33006939
-10.04854841	-80.35235767
-10.08056777	-80.33006939
-10.05552494	-80.37464595
-10.05575168	-80.35235767
-10.25352098	-82.55872779
-10.27989294	-82.55872779
-10.26600567	-82.51415123
-10.33070991	-82.51415123
-10.2845676	-82.46958314
-10.52709068	-84.25250985
-10.45960425	-84.25250985
-10.45067329	-84.20793329
-10.47851044	-84.25250985
-10.44412852	-84.20793329
-10.91114032	-86.19143759
-10.94097533	-86.16915778
-10.91354695	-86.16915778
-10.91004559	-86.16915778
-10.93092856	-86.16915778
-11.41983886	-87.19433386
-11.41527854	-87.19433386
-11.38130475	-87.19433386
-11.39415286	-87.17205407
-11.40239083	-87.19433386
-11.49088924	-85.83485903
-11.40529436	-85.83485903
-11.37412575	-85.81257075
-11.41025324	-85.83485903
-11.40850575	-85.85713881
-11.96407856	-90.8939085
-11.92643097	-90.87162022
-11.94347406	-90.82705213
-11.98281294	-90.87162022
-11.92925402	-90.78247557
-12.0025488	-90.7379075
-11.9938267	-90.7379075
-12.0040408	-90.76018728
-12.06937992	-90.78247557
-12.01041504	-90.7379075
-12.03138998	-88.62068203
-12.01893787	-88.64296181
-12.05201491	-88.62068203
-12.05729186	-88.57610547
-12.05796378	-88.62068203
-12.31618293	-91.27278382
-12.33273423	-91.25049554
-12.28633388	-91.25049554
-12.30858112	-91.27278382
-12.31447888	-91.20591897
-12.64254127	-93.14485518
-12.59575259	-93.18943172
-12.59313775	-93.16714346
-12.58305521	-93.14485518
-12.55800536	-93.14485518
-13.00930001	-94.74949261
-13.06726723	-94.74949261
-13.03286552	-94.7717724
-13.06743968	-94.7717724
-13.05527754	-94.7717724
-13.65087646	-97.31244977
-13.62799819	-97.26787321
-13.61669701	-97.26787321
-13.65677678	-97.24558493
-13.6001355	-97.24558493
-13.72234072	-94.10317489
-13.71711998	-94.10317489
-13.73218821	-94.10317489
-13.71232205	-94.0808951
-13.693999	-94.14775145
-14.10148003	-97.57988368
-14.08167774	-97.5575954
-14.12154546	-97.60217197
-14.0442026	-97.5575954
-14.03329742	-97.5575954
-14.45621586	-99.69710917
-14.45555799	-99.69710917
-14.45925863	-99.69710917
-14.49024457	-99.65254109
-14.49762284	-99.67482089
-14.68603837	-99.96455156
-14.66885348	-99.96455156
-14.72309197	-99.98683984
-14.68868259	-99.96455156
-14.65793808	-99.919975
-14.70509976	-97.84732609
-14.68248591	-97.80274953
-14.71301965	-97.80274953
-14.68030283	-97.80274953
-14.68721996	-97.82503781
-14.91349896	-100.276562
-14.84006623	-100.276562
-14.85113492	-100.2542738
-14.84250096	-100.2319855
-14.87492781	-100.2542738
-14.94333524	-98.31534604
-14.97082366	-98.27076948
-14.95099965	-98.31534604
-14.95572093	-98.29305776
-14.92460086	-98.33762585
-15.14199553	-100.2319855
-15.07402624	-100.2542738
-15.13700344	-100.2097057
-15.09278489	-100.2097057
-15.11286693	-100.1651291
-15.36753363	-101.7029017
-15.43527937	-101.7029017
-15.36056541	-101.72519
-15.45493604	-101.6806135
-15.38458695	-101.7029017
-15.90856322	-103.6418379
-15.87363905	-103.6641262
-15.88566834	-103.6641262
-15.90634565	-103.6195496
-15.89767975	-103.5749731
-16.21653591	-104.8453118
-16.1751583	-104.8453118
-16.23854427	-104.8453118
-16.22092506	-104.8230235
-16.25340556	-104.8007352
-16.22289098	-102.2154982
-16.28500083	-102.2823546
-16.23512977	-102.2600663
-16.2863421	-102.2154982
-16.2680612	-102.19321
-16.77071124	-105.8036315
-16.84000519	-105.7813517
-16.79860203	-105.8036315
-16.86093031	-105.8036315
-16.8112547	-105.7813517
-17.26199495	-107.1408265
-17.23605347	-107.1185467
-17.24615261	-107.0739702
-17.26376288	-107.0516819
-17.21581559	-107.0739702
-17.27159335	-104.511013
-17.29908177	-104.4664364
-17.2929694	-104.4887247
-17.34046448	-104.511013
-17.29733173	-104.4887247
-17.80666258	-107.8762889
-17.81541406	-107.8540006
-17.76240699	-107.8540006
-17.7550632	-107.809424
-17.76613317	-107.8317123
-18.13755825	-108.8791851
-18.13652866	-108.8568969
-18.1344861	-108.9014734
-18.12757918	-108.8791851
-18.13494213	-108.8568969
-18.21792344	-106.472229
-18.22254253	-106.4276609
-18.21352535	-106.4499492
-18.2083672	-106.4499492
-18.21550915	-106.4499492
-18.22370241	-105.8688249
-18.21260945	-105.913393
-18.19122446	-105.8911132
-18.18104229	-105.8911132
-18.18212808	-105.8688249
-18.19718993	-105.6682473
-18.21329925	-105.7351037
-18.22376117	-105.6682473
-18.20333551	-105.6682473
-18.18255346	-105.6905271
-18.24330287	-104.5316299
-18.19997339	-104.5093416
-18.27512423	-104.5093416
-18.27601969	-104.5316299
-18.24223751	-104.4870533
-18.53847216	-108.6546479
-18.53909553	-108.6323596
-18.53037087	-108.6323596
-18.54804756	-108.6100713
-18.57114427	-108.5877831
-18.96825663	-110.861018
-18.95734123	-110.8164415
-18.93512593	-110.7718734
-18.97781798	-110.7718734
-18.96869989	-110.7718734
-19.22377408	-111.6187602
-19.23579444	-111.5741921
-19.2460111	-111.5964719
-19.27981243	-111.5741921
-19.25886049	-111.5741921
-19.3673528	-107.8300409
-19.35492878	-107.8300409
-19.37825925	-107.8300409
-19.37018991	-107.7854728
-19.35651276	-107.8300409
-19.64361143	-111.0170275
-19.67239129	-110.9947392
-19.63276373	-110.9724509
-19.67855476	-110.9278744
-19.63904344	-110.9724509
-20.05628893	-112.2650694
-20.08111268	-112.2873577
-20.00985153	-112.2427896
-20.0648092	-112.2205013
-20.0258114	-112.2205013
-20.37856725	-113.6022645
-20.37723492	-113.5576964
-20.37184556	-113.5354081
-20.39232359	-113.4908315
-20.4052113	-113.4908315
-20.43519192	-109.9472664
-20.45519221	-109.9695547
-20.49442378	-109.991843
-20.47413353	-109.991843
-20.4841688	-109.9472664
-20.9037315	-113.290254
-20.88042785	-113.2679657
-20.9167776	-113.2679657
-20.9283432	-113.2679657
-20.94031757	-113.3125423
-21.37212289	-114.8057468
-21.32083648	-114.8057468
-21.33004782	-114.7834585
-21.34834661	-114.7388819
-21.30986743	-114.6943139
-21.33328093	-111.6410485
-21.38909446	-111.6187602
-21.37799	-111.6187602
-21.39933794	-111.6187602
-21.43113248	-111.6187602
-21.52941835	-107.5595357
-21.53174577	-107.6041122
-21.54660451	-107.5595357
-21.52023383	-107.5595357
-21.51983528	-107.5595357
-21.29513004	-102.5004862
-21.33911738	-102.5227745
-21.35762438	-102.5227745
-21.34890228	-102.5227745
-21.30379849	-102.5450543
-21.09577868	-97.82030357
-21.11296484	-97.82030357
-21.15675546	-97.84259185
-21.11014817	-97.79801529
-21.12300905	-97.82030357
-21.11873742	-98.06545769
-21.17578747	-98.11002576
-21.13441115	-98.11002576
-21.08913491	-98.11002576
-21.12138803	-98.11002576
-20.8930703	-93.0732561
-20.9229449	-93.0732561
-20.88742546	-93.09554436
-20.92208649	-93.0732561
-20.94688342	-93.11783264
-20.84274194	-94.41045112
-20.84687689	-94.4327394
-20.87866759	-94.4327394
-20.90634889	-94.38817133
-20.88220089	-94.41045112
-20.60853538	-88.3262171
-20.60072407	-88.28164054
-20.51315049	-88.28164054
-20.57743192	-88.30392882
-20.57888944	-88.30392882
-20.56852076	-88.66051585
-20.49359986	-88.63822757
-20.56287592	-88.68280414
-20.5658791	-88.66051585
-20.56940856	-88.63822757
-20.33090738	-84.1363427
-20.28275187	-84.11405442
-20.25727537	-84.1363427
-20.31302375	-84.11405442
-20.35202666	-84.15862249
-20.09733186	-80.54820099
-20.08380034	-80.63734562
-20.15785644	-80.61505734
-20.14959549	-80.61505734
-20.05091362	-80.61505734
-19.81766129	-75.55600787
-19.77912973	-75.55600787
-19.74387471	-75.57828768
-19.76713748	-75.57828768
-19.80377848	-75.55600787
-19.50095755	-71.47755791
-19.45343564	-71.47755791
-19.49853815	-71.45526963
-19.47995195	-71.52213447
-19.45493659	-71.54442275
-19.46235319	-72.63646367
-19.45543861	-72.61417539
-19.42229769	-72.63646367
-19.43865993	-72.65875196
-19.46064147	-72.68103174
-19.10205938	-66.52993712
-19.10775021	-66.57451369
-19.02430137	-66.5522254
-19.04935122	-66.5522254
-19.05368545	-66.57451369
-19.08525899	-67.22082292
-19.04537467	-67.2431112
-19.04801761	-67.2431112
-19.08591813	-67.22082292
-19.09702259	-67.22082292
-18.78931943	-62.76350613
-18.80697568	-62.80807845
-18.72963793	-62.76350613
-18.76057533	-62.80807845
-18.78800754	-62.80807845
-18.39428157	-57.63759182
-18.37772005	-57.61530354
-18.34182761	-57.61530354
-18.38214497	-57.61530354
-18.37075182	-57.63759182
-18.28378502	-56.56783493
-18.23276047	-56.56783493
-18.25603729	-56.61240725
-18.26584901	-56.59012321
-18.23233637	-56.59012321
-18.2278067	-57.77131301
-18.29271278	-57.77131301
-18.16940516	-57.74902473
-18.23629249	-57.74902473
-18.25072968	-57.72673645
-18.18658749	-58.64048808
-18.21510422	-58.6181998
-18.20006153	-58.59591577
-18.24081449	-58.6181998
-18.24299757	-58.6181998
-17.92600642	-53.55914608
-17.95377714	-53.60371842
-17.92138989	-53.60371842
-17.94776185	-53.60371842
-17.90850218	-53.60371842
-17.5439789	-49.12411758
-17.54550029	-49.12411758
-17.54966334	-49.12411758
-17.60561866	-49.14640162
-17.51476599	-49.12411758
-17.14545246	-44.51079555
-17.17337263	-44.48850727
-17.15348093	-44.48850727
-17.13934392	-44.53307958
-17.19535417	-44.51079555
-17.16038018	-45.35768234
-17.12970848	-45.35768234
-17.12659545	-45.31311003
-17.14034157	-45.31311003
-17.14212482	-45.31311003
-17.15600507	-46.04856814
-17.09351457	-46.07085642
-17.13531755	-46.04856814
-17.10459347	-46.09314045
-17.12510089	-46.02627986
-16.72431472	-40.47692215
-16.71604098	-40.43234984
-16.75150933	-40.45463387
-16.68709378	-40.43234984
-16.74282172	-40.47692215
-16.31727439	-35.64073428
-16.23257625	-35.66301831
-16.24783481	-35.618446
-16.25696313	-35.66301831
-16.26218898	-35.66301831
-15.83722926	-31.09427073
-15.79108311	-31.04969628
-15.78342636	-31.09427073
-15.80173536	-31.09427073
-15.77035087	-31.13884305
-15.35301085	-27.23869084
-15.41157079	-27.23869084
-15.39485088	-27.23869084
-15.35364316	-27.26097701
-15.35626056	-27.28326529
-15.12530372	-24.49744229
-15.05008773	-24.49744229
-15.05559972	-24.47515401
-15.07542883	-24.47515401
-15.02222376	-24.47515401
-15.0017023	-25.96835641
-15.10035095	-25.99064256
-15.01301241	-26.01292873
-14.99255099	-25.99064256
-15.0169698	-25.96835641
-14.73017005	-22.17963712
-14.7103486	-22.22420946
-14.73102719	-22.17963712
-14.69269108	-22.17963712
-14.7454069	-22.20192329
-14.71096687	-22.93738142
-14.63707682	-22.93738142
-14.74926721	-22.91509314
-14.7223268	-22.89280697
-14.65079484	-22.95966757
-14.71946542	-22.95966757
-14.68236073	-22.98195374
-14.67349045	-22.93738142
-14.7937208	-22.93738142
-14.6669131	-22.91509314
-14.18777876	-17.58860019
-14.20998767	-17.58860019
-14.15946386	-17.61088743
-14.18821435	-17.61088743
-14.18559823	-17.58860019
-14.16305975	-17.90061173
-14.21143113	-17.85603942
-14.15148393	-17.85603942
-14.19901479	-17.90061173
-14.18983027	-17.90061173
-13.56154135	-13.2872897
-13.60644969	-13.26500353
-13.61364402	-13.22043015
-13.61557162	-13.26500353
-13.58031277	-13.2872897
-12.94779054	-8.985979214
-12.9104227	-9.008265361
-12.93074872	-9.030552597
-12.99499566	-9.030552597
-12.91502007	-9.030552597
-12.53760142	-6.445308202
-12.54805695	-6.489881585
-12.57830072	-6.512168287
-12.5177838	-6.489881585
-12.55738582	-6.534454967
-12.57765564	-7.180765799
-12.48287368	-7.180765799
-12.52233135	-7.180765799
-12.51297311	-7.158479119
-12.53059615	-7.180765799
-12.560541	-7.492777875
-12.50089272	-7.515064555
-12.51910719	-7.537351257
-12.51263076	-7.537351257
-12.56034173	-7.492777875
-12.45312682	-6.601314518
-12.41409452	-6.579027816
-12.45662052	-6.556741136
-12.49709117	-6.645887901
-12.39077299	-6.623601198
-11.38450081	0.262953396
-11.32938091	0.240666805
-11.41193302	0.240666805
-11.36090847	0.240666805
-11.35985079	0.240666805
-10.77274786	2.179599611
-10.79925651	2.157313042
-10.76495827	2.112739927
-10.73580923	2.112739927
-10.75325599	2.135026496
-10.67051035	1.555575326
-10.6448103	1.466428962
-10.6927793	1.600148442
-10.64638087	1.577861895
-10.64473621	1.533288646
-10.05610105	3.561367884
-10.01162255	3.539081204
-10.01916241	3.494508088
-10.00408332	3.561367884
-10.06662045	3.494508088
-10.00168117	3.227069128
-9.978871875	3.293928924
-10.01979026	3.249355563
-10.07782774	3.204782448
-9.988070447	3.204782448
-10.02513044	2.87048367
-10.08098612	2.803623874
-9.959899261	2.825910554
-10.02592945	2.825910554
-10.00629834	2.803623874
-9.991030826	2.803623874
-10.04483117	2.803623874
-10.02275064	2.87048367
-10.05791815	2.803623874
-10.00689552	2.803623874
-9.914131862	2.490776089
-9.987899275	2.468489408
-9.929919912	2.557635906
-9.90429906	2.379343177
-9.982751984	2.401629613
-9.942204049	2.134190653
-9.938312444	2.089617537
-9.9149098	2.111904084
-9.936195789	2.089617537
-9.954030237	2.178763902
-9.933293531	2.045044421
-9.924231002	2.111904084
-9.945181035	2.111904084
-9.945856142	2.022757719
-9.958929074	2.111904084
-9.641456344	3.58281861
-9.678534216	3.58281861
-9.679021545	3.404525881
-9.6835576	3.58281861
-9.636496192	3.60510529
-9.685077708	3.58281861
-9.653296584	3.493672379
-9.67472181	3.426812583
-9.651438603	3.560532174
-9.658057461	3.471385698
-9.18502782	4.563428464
-9.140611912	4.563428464
-9.163555969	4.496568402
-9.186945839	4.563428464
-9.148676152	4.563428464
-8.229798069	6.168062181
-8.2370007	6.190348884
-8.228475319	6.168062181
-8.191184121	6.279495115
-8.245909941	6.279495115
-8.205159538	6.05662927
-8.254598191	6.05662927
-8.204361162	6.07891595
-8.19967629	6.034343101
-8.24779347	6.034343101
-7.93456427	6.858946395
-7.85035154	6.903519778
-7.914077935	6.836659715
-7.889684027	6.881233098
-7.871041621	6.881233098
-7.627972451	7.482971058
-7.564985033	7.460684378
-7.610525694	7.460684378
-7.543512544	7.416110996
-7.648998488	7.438397698
-7.557545444	6.747513484
-7.573809327	6.725226782
-7.540695233	6.725226782
-7.567528979	6.725226782
-7.55642644	6.725226782
-6.797738405	9.087605331
-6.764164447	9.087605331
-6.786851108	8.976172398
-6.838930789	8.998458567
-6.764764826	9.043031949
-6.28716975	10.1796473
-6.293372815	10.26879406
-6.297213324	10.20193453
-6.265882484	10.22422068
-6.369462545	10.15736115
-5.895111431	11.2939765
-5.917257112	11.27169035
-5.897753737	11.2939765
-5.853210728	11.27169035
-5.860279232	11.2939765
-5.142993395	13.50034873
-5.21642549	13.50034873
-5.152366013	13.58949445
-5.173850319	13.56720828
-5.156740796	13.50034873
-4.491797146	15.7512933
-4.463033565	15.84044007
-4.514127411	15.84044007
-4.463570393	15.77358052
-4.500122614	15.77358052
-3.858191362	17.97995275
-3.857795048	17.97995275
-3.848207826	18.00223892
-3.856872444	17.95766447
-3.908428391	17.95766447
-3.266024819	20.23089732
-3.26855152	20.14175056
-3.228486125	20.20861115
-3.2471924	20.20861115
-3.29280715	20.14175056
-2.702068104	22.14754311
-2.781319404	22.12525695
-2.68660132	22.14754311
-2.756469144	22.1029708
-2.711066443	22.08068252
-2.666942901	20.87720866
-2.763380847	20.83263424
-2.675792263	20.921781
-2.722527614	20.87720866
-2.669722049	20.85492038
-2.713034281	20.69891516
-2.693927221	20.74348747
-2.740065066	20.7212013
-2.666036584	20.7212013
-2.73392204	20.67662899
-2.206181908	24.57678119
-2.136252449	24.57678119
-2.173067655	24.57678119
-2.09494957	24.53220674
-2.212262821	24.57678119
-1.602641857	26.89458634
-1.617447266	26.89458634
-1.621148698	26.89458634
-1.577866005	26.82772574
-1.600184295	26.98373099
-1.069070943	28.92266506
-1.083088674	28.9003789
-1.06390952	28.96723738
-1.076210024	28.92266506
-1.073830863	28.92266506
-0.527379625	31.37418931
-0.501407567	31.35190314
-0.58139501	31.26275638
-0.474050804	31.30732869
-0.553427729	31.32961486
-0.545113159	29.74726782
-0.479013072	29.76955397
-0.438555474	29.83641459
-0.477229539	29.76955397
-0.510878744	29.72498166
0.083307576	33.26854894
-0.015941432	33.46912861
0.049698504	33.51370093
0.028995612	33.40226801
0.054769301	33.37998187
0.569847654	35.51949348
0.587833994	35.5863541
0.523129349	35.60863814
0.550818196	35.56406582
0.530791167	35.56406582
1.110555852	38.03787833
1.11161402	38.03787833
1.044405587	38.12702298
1.090325875	37.99330601
1.102019613	37.97101773
1.595298232	40.17738785
1.610967165	40.22196441
1.626567916	40.22196441
1.607587638	40.15510382
1.589016607	40.15510382
2.122905354	42.58433976
2.138170628	42.56205573
2.126146602	42.60662804
2.15786194	42.51747917
2.183634964	42.49519513
2.616796887	44.47869941
2.628697005	44.47869941
2.654469709	44.45641537
2.577660641	44.41183881
2.668279862	44.43412709
2.651207703	42.29461332
2.693569548	42.25004101
2.614593368	42.3169016
2.723056458	42.3169016
2.627216017	42.29461332
2.632105592	41.78202528
2.761982092	41.78202528
2.629925546	41.80430932
2.712603158	41.73744872
2.649428601	41.8265976
2.946100435	44.90214704
2.915827284	44.87985876
2.921037169	44.81299816
2.917148437	44.87985876
2.896859461	44.90214704
3.167824218	46.97479597
3.279050807	46.88565132
3.248256795	46.93022363
3.217522822	46.93022363
3.237016935	46.9079396
3.727356012	49.38174788
3.743206336	49.27031497
3.800190603	49.35946385
3.709908297	49.38174788
3.738013378	49.49318079
4.258772507	51.14239056
4.194601896	51.18696287
4.204445876	51.16467459
4.253612761	51.097814
4.175696665	51.18696287
4.694489554	53.41562128
4.647491059	53.37104896
4.750858751	53.34876068
4.711275575	53.393333
4.659980857	53.37104896
5.161536163	55.68885199
5.190674981	55.6219914
5.130480284	55.75571259
5.17382509	55.64427968
5.226353459	55.53284675
5.618065283	57.89522212
5.692952977	57.9175104
5.724547601	57.9175104
5.63425316	57.87293806
5.667963161	57.87293806
5.694474363	56.4243101
5.678091682	56.51345475
5.716237462	56.55802707
5.715700953	56.51345475
5.704857087	56.46888244
6.115992128	60.25760171
6.248846412	60.27988999
6.182355719	60.27988999
6.207468805	60.25760171
6.174814576	60.23531343
6.685146273	62.44168778
6.679922337	62.41939949
6.756135337	62.46397183
6.655795406	62.41939949
6.736228942	62.37482718
7.187685817	64.71491849
7.229126017	64.71491849
7.203474507	64.67034618
7.16984115	64.71491849
7.228139863	64.75949083
7.729320251	66.76528339
7.701044318	66.85443227
7.68439466	66.89900458
7.673751346	66.8767163
7.688836187	66.98814921
7.696042651	65.02692899
7.741643988	65.00464493
7.682696354	65.07150553
7.755927897	65.04921725
7.730354947	65.09378959
7.751967312	62.59435021
7.842924725	62.6612108
7.66683613	62.59435021
7.781916642	62.63892252
7.767436012	62.61663849
7.775182178	62.21547911
7.753570452	62.21547911
7.822304262	62.19319086
7.698311317	62.19319086
7.793947853	62.1709068
8.10456285	67.14081164
7.993193191	67.14081164
8.112160837	67.11852761
8.063119457	67.11852761
8.0499009	67.14081164
8.346949249	69.05745955
8.32263454	69.10203188
8.328115872	69.07974783
8.297509319	69.05745955
8.333399845	69.05745955
8.333435613	67.34139343
8.401707004	67.29682112
8.303688113	67.29682112
8.365427508	67.34139343
8.42404174	67.25224455
8.495279897	69.52547952
8.540384963	69.7037688
8.529527684	69.59233587
8.483526521	69.59233587
8.545717478	69.57005183
8.817827745	71.35297432
8.678170657	71.3752626
8.818152844	71.30840623
8.721667474	71.39755088
8.781472883	71.33069451
9.167473761	73.5816327
9.186441904	73.55935292
9.086043213	73.55935292
9.199915302	73.49248807
9.121797058	73.53706463
9.631911596	75.60971354
9.72667886	75.52056891
9.703762268	75.63200182
9.583596419	75.60971354
9.711550588	75.56514547
10.17721154	77.86066022
10.24119916	77.90523679
10.10490675	77.88294851
10.19313946	77.83837194
10.2189136	77.83837194
10.70544985	80.02246226
10.68554729	79.97788572
10.70816497	80.06703034
10.72526555	79.95559743
10.67926503	79.93330915
11.1982045	82.27340047
11.25852598	82.11739947
11.20693043	82.27340047
11.18815134	82.22883238
11.23600538	82.22883238
11.68505435	84.34605787
11.75108199	84.32376959
11.7841271	84.34605787
11.65927893	84.36834615
11.79682064	84.34605787
12.27486792	86.79758209
12.29389866	86.77529381
12.30982147	86.73071725
12.29342857	86.70843746
12.27372976	86.70843746
12.87594945	89.04852878
12.77006815	89.0262405
12.83225464	88.98166393
12.77369086	88.95937565
12.88631812	88.95937565
12.90388623	86.37413871
12.85596833	86.39641849
12.88901727	86.39641849
12.80322568	86.39641849
12.92397721	86.37413871
12.83791864	85.34895414
12.94592298	85.37124242
12.84486004	85.34895414
12.94744181	85.37124242
12.82879288	85.32666585
13.0407407	87.55532426
13.00082061	87.55532426
13.02368355	87.51074769
13.00008611	87.48846789
12.99050431	87.51074769
13.49897292	91.12117768
13.47048302	91.12117768
13.50537909	91.07660112
13.45765663	91.07660112
13.58105366	91.05432133
13.54606434	89.89541557
13.5023823	89.91770385
13.53053497	89.89541557
13.54778501	89.87312729
13.45894936	89.87312729
13.94385884	93.30525952
14.02139203	93.28297974
14.00975234	93.23840317
14.03500147	93.23840317
13.89924557	93.26069146
14.59130751	95.22190745
14.52554302	95.22190745
14.6104762	95.22190745
14.54014628	95.19961917
14.60101704	95.17733936
14.63645345	92.25779517
14.5582624	92.25779517
14.68053021	92.2132186
14.63915643	92.2132186
14.63737063	92.2132186
14.97453323	95.51163812
14.96812323	95.51163812
14.95318018	95.48934986
14.95291576	95.48934986
15.02621181	95.46706158
15.46597279	97.85172945
15.40120084	97.87400924
15.41216862	97.82944117
15.40741413	97.85172945
15.40000264	97.80715289
16.03683738	99.94666664
15.95956733	99.92437836
16.02513637	99.92437836
16.01865356	99.8798018
15.95228614	99.83523373
16.39860785	100.9495629
16.3576965	100.9495629
16.40495016	100.9272746
16.31657948	100.9272746
16.3773225	100.9049864
16.35446595	97.53971048
16.47640803	97.53971048
16.42154872	97.51743067
16.46259165	97.51743067
16.39101881	97.53971048
17.02804388	102.1084602
17.01998347	102.175325
17.00035108	102.1307485
16.99393469	102.1084602
17.02136179	102.0861804
17.03665612	101.2615734
16.96711308	101.2169968
17.05304519	101.2615734
17.01212745	101.2392851
17.0944228	101.2615734
17.06220416	99.54550304
17.07739503	99.47864669
17.10662199	99.54550304
16.98639035	99.54550304
17.14395917	99.52322323
17.26315867	102.5764801
17.28524112	102.6210567
17.26414482	102.5541919
17.25403546	102.5541919
17.26268731	102.5096238
17.60704424	104.2479739
17.72159144	104.2702622
17.54947939	104.2702622
17.70136377	104.2479739
17.62687207	104.2256857
17.94565286	105.0948692
17.98901172	105.072581
17.85431606	105.117149
17.99449688	105.072581
17.88774951	105.0502927
18.0066833	101.7741614
17.98433898	101.7518816
17.9919408	101.7741614
17.96821178	101.7518816
18.01963488	101.7518816
17.98889164	101.194717
18.05894437	101.1278522
17.92920248	101.194717
18.06422899	101.1278522
17.96601976	101.1724288
18.33189836	105.1840139
18.40750779	105.1840139
18.35152565	105.1617256
18.41126974	105.1394373
18.26507363	105.1617256
18.75215725	106.6326418
18.77561674	106.6103535
18.72479019	106.6103535
18.742228	106.5212089
18.7517472	106.5434972
19.37842532	108.3264239
19.39878583	108.3487037
19.37266679	108.2818473
19.44055304	108.2818473
19.35455706	108.2595591
19.45818758	104.2256857
19.47471077	104.2479739
19.41330733	104.2256857
19.52639829	104.2256857
19.5069013	104.2479739
19.66469878	106.7886428
19.77495135	106.7886428
19.72246673	106.766363
19.72967511	106.7886428
19.71896537	106.766363
20.17632129	108.7721556
20.21498442	108.7721556
20.25007082	108.7052908
20.1680565	108.727579
20.19468778	108.7052908
20.18860096	106.6772099
20.29255849	106.6326418
20.20075927	106.6772099
20.33565931	106.6772099
20.1798763	106.6772099
20.29223658	102.0644436
20.40062415	102.0198755
20.25026115	102.0421638
20.38905855	102.0198755
20.30506042	102.0644436
20.33909552	102.0421638
20.3040666	102.0421638
20.36770933	102.0198755
20.27947534	102.0421638
20.33473575	102.0644436
20.36167616	101.863866
20.28658664	101.863866
20.30853496	101.8415778
20.34131437	101.8415778
20.33655988	101.8861543
20.32979859	98.32030089
20.26159299	98.34258917
20.34162733	98.29801261
20.21017244	98.34258917
20.36125717	98.29801261
20.09652071	93.84069581
20.01020793	93.86298409
20.0840967	93.84069581
20.0749109	93.84069581
20.00987964	93.90756065
19.82513664	89.56167678
19.82917068	89.60624485
19.86373462	89.58395656
19.77443528	89.5393885
19.81118997	89.58395656
19.78490742	89.78454262
19.8325047	89.80682241
19.79099041	89.76225434
19.90566024	89.73996606
19.7125988	89.76225434
19.46229954	84.10146371
19.5557581	84.10146371
19.43896779	84.10146371
19.5557581	84.10146371
19.49489117	84.12374349
19.27155658	80.3573125
19.19468508	80.37960078
19.28398187	80.3573125
19.22595461	80.40188907
19.30143119	80.37960078
18.96301417	75.6102735
18.89142984	75.58798522
18.9668451	75.56569694
18.87920638	75.6102735
18.98271299	75.58798522
18.95679706	77.05890146
18.79717545	77.03661318
18.95686348	77.03661318
18.87688789	77.03661318
18.87780507	77.0143249
18.58746053	71.84384252
18.63219898	71.82155423
18.52935917	71.84384252
18.62043411	71.82155423
18.57483468	71.86612232
18.28120466	66.89621748
18.2179541	66.9407898
18.27855916	66.91850576
18.25318485	66.9407898
18.26435318	66.96307808
18.26870912	67.38652148
18.23691841	67.38652148
18.21986765	67.38652148
18.28377991	67.38652148
18.24359667	67.38652148
17.95234645	62.41661664
17.86556614	62.48347301
17.9596979	62.55033361
17.92478906	62.48347301
17.90907446	62.59490592
17.69710108	59.25191832
17.61395115	59.2742066
17.67020666	59.31877894
17.64964432	59.2742066
17.68395406	59.29649488
17.34917253	55.97579134
17.46523728	55.99807962
17.32233815	55.99807962
17.44401453	55.93121902
17.37963857	55.97579134
17.39285074	57.04248538
17.38308373	57.15391829
17.40184876	57.10934175
17.31586172	57.10934175
17.36569701	57.08705769
17.10106146	53.43205539
17.04792664	53.47663195
17.09961799	53.49891598
17.12565528	53.49891598
17.08949841	53.45434367
16.7137225	49.06388746
16.820802	49.1084598
16.80130757	49.15303211
16.71696455	49.08617152
16.76012796	49.13074808
16.43135789	44.82943652
16.34345602	44.87400884
16.41688492	44.85172056
16.39321977	44.85172056
16.40604489	44.82943652
16.37950047	45.52031807
16.39582312	45.49803403
16.33051594	45.47574575
16.42423893	45.47574575
16.42847479	45.49803403
15.96141701	40.17153791
15.99110127	40.21611447
15.91812713	40.21611447
16.01647559	40.19382619
15.85870494	40.19382619
15.96572951	41.28586711
15.89962907	41.26358307
15.94326129	41.30815539
15.89209751	41.28586711
15.97669729	41.28586711
15.51995452	35.91480291
15.59266553	35.98166353
15.43799641	35.95937525
15.51810995	35.98166353
15.50284245	36.00394757
15.10541457	31.8363572
15.08736871	31.8363572
15.10879585	31.90321568
15.08247115	31.79178277
15.11982111	31.8363572
14.58930326	26.9555949
14.52162012	26.9555949
14.61613382	26.93330873
14.59360683	27.00016721
14.59168434	26.97788104
14.00476537	22.45370578
14.0663668	22.47599195
14.08625979	22.45370578
13.97383435	22.47599195
14.09788798	22.40913133
14.02078399	23.10001501
13.99533048	23.05544269
14.09190462	23.16687563
13.95501183	23.07772886
14.04192499	23.07772886
13.53481299	18.24154099
13.50064632	18.24154099
13.54122044	18.19696654
13.52800699	18.24154099
13.52489524	18.21925482
13.00906113	13.91794326
12.91883567	13.91794326
12.99332609	13.91794326
12.92822458	13.9402305
12.98751008	13.87336988
12.90051262	15.29971169
12.96436228	15.27742552
12.93103358	15.21056493
12.93014323	15.4111446
12.90434099	15.25513831
12.22464558	9.460626479
12.2609238	9.393766928
12.28505392	9.460626479
12.28617293	9.393766928
12.21162247	9.460626479
11.40589346	4.802730532
11.45758737	4.869590061
11.40477318	4.847303915
11.468094	4.847303915
11.44681121	4.847303915
11.04766267	2.663218361
10.96755423	2.640931948
11.04178151	2.663218361
10.97270855	2.640931948
11.09340388	2.685505063
10.96090919	3.376389255
10.99878288	3.398675691
10.96229517	3.354102575
11.02033137	3.398675691
10.98510063	3.376389255
10.9953109	3.621541535
10.9611404	3.643828215
10.99206885	3.5992551
10.99054875	3.5992551
10.99041462	3.57696842
10.95337635	3.888980473
10.99329644	3.888980473
10.96382166	3.888980473
10.96408608	3.911267176
10.95985916	3.911267176
11.01255072	4.044986789
10.98452452	4.022700087
10.94599041	4.022700087
11.02398219	4.022700087
10.95359095	4.022700087
10.98266717	4.135247367
10.89105445	4.112960687
11.01452047	4.112960687
10.98913722	4.090674251
10.97724588	4.135247367
10.76924651	2.307747538
10.84095986	2.307747538
10.74479575	2.330033974
10.78471329	2.307747538
10.80255732	2.285460858
10.37305004	0.368814643
10.48514079	0.324241505
10.46392762	0.346528096
10.41018923	0.324241505
10.46214436	0.346528096
7.264196452	-6.384020205
7.363973048	-6.361733524
7.354126194	-6.361733524
7.307790351	-6.361733524
7.33971646	-6.361733524
7.350359135	-6.205727742
7.2944415	-6.205727742
7.30286405	-6.228014445
7.382215626	-6.205727742
7.277879982	-6.228014445
7.233949487	-5.826855604
7.378856698	-5.849142306
7.283414965	-5.849142306
7.316076858	-5.804568924
7.291876476	-5.849142306
7.226658076	-6.450880289
7.104647659	-6.450880289
7.21855807	-6.473166436
7.127504852	-6.495453138
7.179426136	-6.473166436
6.244243932	-8.634965287
6.228515281	-8.634965287
6.148197989	-8.67953867
6.212387441	-8.634965287
6.230732212	-8.612678607
5.345953099	-10.79676416
5.360060728	-10.81905031
5.386839545	-10.77447692
5.299913933	-10.81905031
5.4151934	-10.77447692
4.676229092	-13.11456826
4.605864358	-13.13685547
4.586707479	-13.09228209
4.618037361	-13.09228209
4.612218475	-13.09228209
4.010234779	-15.18722141
3.970749323	-15.1649342
3.970615516	-15.1649342
4.01739334	-15.25408094
4.00303087	-15.18722141
3.375936323	-17.5495989
3.345627085	-17.57188504
3.353464586	-17.5495989
3.310331828	-17.57188504
3.428443295	-17.57188504
2.792001998	-19.80054345
2.835559172	-19.80054345
2.761730444	-19.80054345
2.829487361	-19.75597113
2.848193317	-19.75597113
2.291813831	-21.89548277
2.323380352	-21.8731966
2.279596918	-21.85091045
2.298764336	-21.85091045
2.33165169	-21.82862217
2.32628229	-21.44975108
2.330843573	-21.44975108
2.238960523	-21.49432339
2.315368646	-21.49432339
2.303667803	-21.49432339
2.309238394	-20.66972063
2.248205561	-20.64743449
2.315120351	-20.66972063
2.253254972	-20.66972063
2.251272763	-20.66972063
1.73209857	-24.16871349
1.744732236	-24.12414117
1.72096681	-24.14642732
1.802498911	-24.12414117
1.716008733	-24.14642732
1.310545676	-26.35279955
1.202706438	-26.37508572
1.291774892	-26.35279955
1.226181415	-26.3305134
1.266563606	-26.3305134
0.743353541	-28.82660994
0.768033508	-28.84889611
0.751190563	-28.8043238
0.788213426	-28.75975148
0.673660162	-28.8043238
0.755424671	-28.49231119
0.750428832	-28.51459736
0.694446048	-28.51459736
0.803606919	-28.49231119
0.751958601	-28.47002504
0.214104798	-30.8324025
0.287600903	-30.8324025
0.236350135	-30.81011636
0.200223569	-30.8324025
0.236322931	-30.78783019
-0.238523994	-33.0610609
-0.251901607	-33.03877476
-0.261430408	-33.08334707
-0.281314388	-33.03877476
-0.254217118	-33.03877476
-0.774658594	-35.26743314
-0.760088865	-35.28971931
-0.813155499	-35.24514699
-0.762695005	-35.26743314
-0.772278714	-35.26743314
-1.242864206	-37.56295214
-1.279282299	-37.56295214
-1.206908452	-37.56295214
-1.289055463	-37.51837982
-1.231353536	-37.51837982
-1.220907261	-36.15889649
-1.310718844	-36.11432418
-1.270148076	-36.15889649
-1.288511529	-36.11432418
-1.275795072	-36.13660824
-1.783966682	-39.65788935
-1.794409763	-39.65788935
-1.860862772	-39.63560531
-1.756101753	-39.63560531
-1.752345392	-39.68017763
-2.297874306	-41.93112006
-2.325927971	-41.90883603
-2.280281925	-41.88654775
-2.297175407	-41.90883603
-2.348191492	-41.86426369
-2.83056932	-44.13749441
-2.77154664	-44.13749441
-2.801185561	-44.11520613
-2.761926525	-44.11520613
-2.79572818	-44.0929221
-2.796759043	-42.48828466
-2.856613951	-42.51057295
-2.807003488	-42.48828466
-2.784277867	-42.53286123
-2.838730961	-42.48828466
-3.335332822	-46.58901866
-3.305061587	-46.58901866
-3.353867606	-46.56673038
-3.353660348	-46.52215806
-3.32098121	-46.54444634
-3.827045106	-48.48337828
-3.796593438	-48.41651769
-3.796999333	-48.46109
-3.773007487	-48.46109
-3.823135937	-48.43880597
-4.384816322	-50.77889728
-4.346741438	-50.77889728
-4.281111714	-50.77889728
-4.394199798	-50.77889728
-4.313195583	-50.756609
-4.868422532	-52.9184068
-4.83190065	-52.89612277
-4.814452296	-52.89612277
-4.914452118	-52.89612277
-4.814469222	-52.82926218
-5.384556828	-55.10249289
-5.313940766	-55.12478117
-5.391698783	-55.10249289
-5.363198027	-55.05792056
-5.401544359	-55.10249289
-5.43363206	-52.07012434
-5.445633252	-52.09241262
-5.446058627	-52.07012434
-5.410953702	-52.02555202
-5.414039906	-52.09241262
-5.676837912	-54.98966853
-5.662195052	-54.96738025
-5.670258653	-54.96738025
-5.649778705	-55.01195257
-5.708168752	-54.98966853
-6.007182384	-57.68634266
-5.9502754	-57.68634266
-6.046115043	-57.68634266
-5.997762182	-57.6640586
-6.039860883	-57.6640586
-6.418197988	-59.62527462
-6.453956303	-59.62527462
-6.371363319	-59.60299056
-6.412343654	-59.60299056
-6.40318532	-59.58070228
-6.875074241	-61.94308188
-6.858023479	-61.94308188
-6.930583747	-61.89850956
-6.85917314	-61.9207936
-6.914089932	-61.87622128
-7.407558644	-64.06030737
-7.435278907	-64.03801909
-7.415441492	-63.99344677
-7.454900441	-63.99344677
-7.409965908	-64.03801909
-7.893168779	-66.28896577
-7.919040003	-66.26667749
-7.967857199	-66.28896577
-7.909057745	-66.26667749
-7.958986281	-66.24439343
-8.022809119	-64.32774553
-7.944588044	-64.35003381
-8.013450872	-64.30545725
-7.952616516	-64.32774553
-7.992535329	-64.32774553
-8.161247566	-66.77926975
-8.199789979	-66.82384209
-8.144719899	-66.77926975
-8.227274561	-66.77926975
-8.12462892	-66.77926975
-8.460692959	-68.6067688
-8.458485608	-68.62905708
-8.525189627	-68.56219649
-8.442610694	-68.58448477
-8.480510574	-68.56219649
-8.956120568	-70.70171024
-8.927857409	-70.67942196
-8.951822748	-70.70171024
-9.019769679	-70.70171024
-8.946627554	-70.67942196
-9.482861132	-72.8635038
-9.475157121	-72.84122399
-9.517891967	-72.8635038
-9.4647431	-72.81893571
-9.519666279	-72.81893571
-9.997143834	-75.47103752
-10.05616875	-75.47103752
-9.936154912	-75.40418115
-9.999369068	-75.38189287
-9.987775367	-75.40418115
-10.51770241	-77.18710786
-10.50326649	-77.20938767
-10.48438457	-77.14253132
-10.5235478	-77.16481958
-10.49417522	-77.18710786
-10.98946423	-79.54947898
-11.00473174	-79.54947898
-10.9859501	-79.50491091
-10.97051269	-79.48262263
-10.99427109	-79.46033435
-11.54134151	-81.80042567
-11.46529521	-81.77813738
-11.54610367	-81.80042567
-11.49732224	-81.80042567
-11.56053703	-81.77813738
-11.65719038	-82.40216683
-11.63884561	-82.37987855
-11.67397033	-82.35759027
-11.65936452	-82.35759027
-11.70077534	-82.37987855
-11.67165951	-80.15122014
-11.7563947	-80.15122014
-11.68801409	-80.12893186
-11.7093978	-80.15122014
-11.73068571	-80.15122014
-11.73670994	-80.35179771
-11.73912039	-79.90606602
-11.6946106	-79.9283543
-11.69987988	-79.83920967
-11.72015992	-79.79463311
-11.88845763	-82.31302218
-11.92827681	-82.2907339
-11.90503448	-82.26844561
-11.9479322	-82.26844561
-11.92922592	-82.26844561
-12.18465396	-84.25194989
-12.15973695	-84.25194989
-12.22183913	-84.27423817
-12.14846132	-84.22966161
-12.21664521	-84.25194989
-12.60488857	-86.16859782
-12.63085304	-86.12402126
-12.62990138	-86.14630954
-12.58075334	-86.12402126
-12.62536788	-86.12402126
-13.11834543	-88.33039985
-13.13597997	-88.28582329
-13.13558525	-88.28582329
-13.14818043	-88.30811157
-13.13865357	-88.26353501
-13.16452607	-85.87887563
-13.1947724	-85.90115541
-13.12116849	-85.87887563
-13.18546908	-85.83429906
-13.16102471	-85.87887563
-13.44794965	-88.93213254
-13.36338052	-88.90984426
-13.37148308	-88.93213254
-13.41982381	-88.90984426
-13.39484038	-88.90984426
-13.71118517	-90.80420388
-13.70739256	-90.82649216
-13.6547406	-90.80420388
-13.69155661	-90.80420388
-13.70377368	-90.75963582
-14.03309176	-92.38655305
-14.04032058	-92.36426477
-14.07497266	-92.2974084
-14.03730718	-92.34198497
-14.08651399	-92.31969668
-14.07993665	-89.93502881
-14.10475273	-89.91274053
-14.10197311	-89.91274053
-14.08235349	-89.95731709
-14.16229459	-89.93502881
-14.46853895	-93.18887176
-14.44433857	-93.14429522
-14.48700891	-93.1665835
-14.44261919	-93.14429522
-14.46700863	-93.14429522
-14.74705348	-93.79061292
-14.67849914	-93.74603636
-14.69156185	-93.76832464
-14.70672717	-93.74603636
-14.6710966	-93.74603636
-14.73762369	-91.94082137
-14.7663844	-91.98539793
-14.71608542	-91.98539793
-14.78908383	-91.96310965
-14.75943278	-91.94082137
-15.03457751	-95.48438653
-15.06702991	-95.48438653
-15.03678486	-95.46210672
-15.0563866	-95.48438653
-15.02128104	-95.43981844
-15.52687293	-97.33417809
-15.41008262	-97.33417809
-15.4492797	-97.33417809
-15.49524318	-97.31188981
-15.44081691	-97.33417809
-15.48036272	-95.79640548
-15.50411729	-95.7741172
-15.55722912	-95.79640548
-15.40560788	-95.79640548
-15.49823613	-95.7741172
-15.49707625	-93.9689022
-15.53980024	-93.94661392
-15.53629888	-93.94661392
-15.54048876	-93.92432564
-15.54935776	-93.9689022
-15.85048102	-97.51246737
-15.88643734	-97.51246737
-15.90298991	-97.49017909
-15.89869146	-97.49017909
-15.91151529	-97.49017909
-16.2853981	-99.47369184
-16.30020319	-99.47369184
-16.37641044	-99.47369184
-16.27035669	-99.45140356
-16.33569453	-99.47369184
-16.91368191	-101.568629
-16.83399757	-101.5463408
-16.88541172	-101.5017642
-16.93112355	-101.5240525
-16.8276757	-101.4794844
-16.93699194	-98.49307536
-16.96856804	-98.40393073
-16.97036024	-98.44850729
-16.9208839	-98.42621901
-16.96751035	-98.40393073
-17.11579118	-100.1200011
-17.08732939	-100.0977128
-17.07791876	-100.1200011
-17.10646231	-100.0754245
-17.03938593	-100.1200011
-17.38423722	-101.9474959
-17.28533181	-101.9697842
-17.3308993	-101.9474959
-17.34742377	-101.9474959
-17.27967548	-101.9474959
-17.8332913	-104.0201533
-17.76330755	-104.0647214
-17.82393305	-103.997865
-17.81018438	-103.997865
-17.84313241	-103.9755767
-18.23790457	-105.1121942
-18.13945008	-105.0899059
-18.21136143	-105.0899059
-18.21112894	-105.0676176
-18.16413204	-105.0676176
-18.26896587	-101.6577737
-18.33562582	-101.680062
-18.23195187	-101.6577737
-18.2438892	-101.680062
-18.30663774	-101.6577737
-18.28734386	-100.7384563
-18.27604013	-100.7384563
-18.28016614	-100.7161681
-18.30829453	-100.7384563
-18.25859082	-100.7384563
-18.30830347	-100.6270234
-18.23794544	-100.6493032
-18.29960309	-100.6047351
-18.31573156	-100.6047351
-18.30615616	-100.6493032
-18.62432252	-104.6163202
-18.56162635	-104.594032
-18.51496413	-104.594032
-18.60319301	-104.5494554
-18.5237105	-104.5271756
-18.92023142	-106.2655258
-18.84239932	-106.2432375
-18.86948663	-106.1986694
-18.89014861	-106.2209492
-18.87905437	-106.2655258
-19.47808439	-108.4496076
-19.51426808	-108.4273278
-19.56459261	-108.4050395
-19.44125945	-108.4050395
-19.48662766	-108.3827512
-19.62377337	-104.9283307
-19.54051997	-104.9060425
-19.58760884	-104.8837542
-19.5634174	-104.8837542
-19.61659437	-104.9060425
-19.81951607	-107.2238455
-19.81683481	-107.2015657
-19.77746783	-107.1792774
-19.78744945	-107.1792774
-19.84278268	-107.2238455
-20.02842113	-108.6724734
-20.05472411	-108.6724734
-20.02319783	-108.6724734
-20.02884395	-108.6501936
-20.07388259	-108.6279054
-20.20280184	-109.1404934
-20.23932148	-109.1627817
-20.20412395	-109.1404934
-20.18864439	-109.0959253
-20.27820177	-109.0959253
-20.71356338	-110.4999767
-20.72405979	-110.4554002
-20.65166942	-110.522265
-20.70465478	-110.4331204
-20.65737174	-110.4554002
-20.7752785	-107.736442
-20.75961244	-107.736442
-20.74635429	-107.7141537
-20.7639109	-107.736442
-20.7330412	-107.736442
-20.77935852	-106.1763811
-20.77972003	-106.1540928
-20.79871372	-106.1318046
-20.76038016	-106.1318046
-20.81284306	-106.1986694
-21.09938734	-109.7199463
-21.18219237	-109.6753697
-21.09419342	-109.697658
-21.17240747	-109.6753697
-21.13319123	-109.697658
-21.5008352	-112.015461
-21.54555193	-112.0377493
-21.54402161	-111.9931812
-21.54276209	-111.9931812
-21.51704288	-111.9486047
-21.53221075	-109.7199463
-21.62067595	-109.697658
-21.55832085	-109.7199463
-21.56486625	-109.7199463
-21.58968873	-109.7422346
-21.57388216	-109.3856475
-21.61093193	-109.4079358
-21.55931211	-109.4079358
-21.64564916	-109.341071
-21.55844092	-109.3633592
-21.60898517	-108.2267418
-21.62460268	-108.3158949
-21.63983187	-108.2936066
-21.59676809	-108.2713183
-21.64206988	-108.24903
-21.68813811	-106.0039375
-21.60640737	-105.9816493
-21.70663489	-105.959361
-21.64129322	-105.9370727
-21.65306831	-105.9816493
-21.71260802	-105.7810717
-21.65272341	-105.7810717
-21.61716565	-105.7810717
-21.69645144	-105.80336
-21.645059	-105.7810717
-21.63693217	-101.680342
-21.5565657	-101.680342
-21.54323728	-101.6580537
-21.61210714	-101.6580537
-21.59094058	-101.72491
-21.3933597	-97.8470461
-21.39574844	-97.89162266
-21.44019437	-97.86933438
-21.37436473	-97.86933438
-21.38771486	-97.86933438
-21.14328653	-93.18915175
-21.16969554	-93.21144003
-21.16403282	-93.14457519
-21.17055396	-93.21144003
-21.15619979	-93.16686347
-20.95468068	-89.11070179
-21.00564135	-89.11070179
-20.93204639	-89.13299007
-20.90018926	-89.13299007
-20.9945369	-89.11070179
-20.96172683	-89.44500055
-20.93062464	-89.42272076
-20.88244359	-89.42272076
-20.94996195	-89.44500055
-20.90927287	-89.42272076
-20.65554378	-84.83168277
-20.71932702	-84.83168277
-20.68037903	-84.89853911
-20.6854171	-84.83168277
-20.68097557	-84.89853911
-20.65446437	-86.52546485
-20.63257609	-86.48088829
-20.63576065	-86.52546485
-20.69682302	-86.48088829
-20.6216147	-86.52546485
-20.30697014	-80.28522133
-20.39061953	-80.30750112
-20.24223907	-80.30750112
-20.30456096	-80.30750112
-20.35876368	-80.30750112
-20.0347481	-75.62731849
-20.00352328	-75.64960677
-20.01753255	-75.64960677
-19.99396704	-75.62731849
-20.04846612	-75.64960677
-19.71271377	-71.21457825
-19.6573997	-71.25915481
-19.72884863	-71.25915481
-19.69305455	-71.23686653
-19.67309131	-71.23686653
-19.38646273	-66.73497743
-19.34882152	-66.75726146
-19.30694829	-66.73497743
-19.37535827	-66.73497743
-19.31002427	-66.75726146
-19.36078184	-67.33671435
-19.33423359	-67.26985375
-19.36384505	-67.26985375
-19.32811995	-67.29214203
-19.30542179	-67.31442607
-19.00879243	-62.41137759
-19.01314198	-62.36680528
-19.05544187	-62.36680528
-18.97613054	-62.36680528
-19.01314198	-62.36680528
-19.00777562	-63.94915443
-18.96015024	-63.92686615
-18.93178552	-63.88229383
-19.00648544	-63.92686615
-18.9501303	-63.90457787
-18.56141941	-57.95406079
-18.58994507	-57.97634907
-18.65619753	-57.95406079
-18.55229876	-57.95406079
-18.52916628	-57.95406079
-18.36710229	-55.68083007
-18.39717489	-55.68083007
-18.39522174	-55.65854179
-18.40873154	-55.63625776
-18.43313248	-55.68083007
-18.41023504	-56.84251869
-18.35448411	-56.82023041
-18.38871721	-56.82023041
-18.4289988	-56.79794637
-18.33223688	-56.79794637
-18.2447425	-53.83382986
-18.14821561	-53.8561139
-18.18139358	-53.8561139
-18.21857109	-53.83382986
-18.19011696	-53.8561139
-17.77645074	-48.77477614
-17.76781806	-48.75248786
-17.76626985	-48.77477614
-17.82945526	-48.77477614
-17.77215356	-48.77477614
-17.33319734	-44.40660399
-17.38260981	-44.42889227
-17.33669998	-44.40660399
-17.37130991	-44.42889227
-17.43537801	-44.40660399
-17.35873261	-44.96376859
-17.35219998	-45.0083409
-17.36062444	-44.98605687
-17.33365593	-44.98605687
-17.34498776	-44.96376859
-17.00776001	-40.06072012
-16.95287771	-40.0830084
-16.9186114	-40.10529243
-16.98420344	-40.0830084
-16.95241401	-40.0830084
-16.95249577	-41.64306927
-16.88084884	-41.64306927
-16.92223539	-41.68764158
-16.93789889	-41.68764158
-16.92335695	-41.68764158
-16.4357892	-35.558831
-16.49157718	-35.60340331
-16.44084771	-35.58111714
-16.48222404	-35.58111714
-16.47791408	-35.53654272
-16.02935308	-31.07922591
-15.928004	-31.10151419
-15.98424929	-31.10151419
-16.00949842	-31.10151419
-15.99779742	-31.10151419
-15.50584562	-26.66648356
-15.47451478	-26.66648356
-15.52568367	-26.71105589
-15.51546701	-26.68876973
-15.49676073	-26.68876973
-15.21866265	-23.96980732
-15.16961168	-23.92523289
-15.2463069	-23.90294672
-15.21150664	-23.88066058
-15.20522565	-23.88066058
-14.96855754	-22.12002001
-14.95960296	-22.14230618
-14.97028331	-22.16459232
-14.96026337	-22.14230618
-14.94083409	-22.14230618
-14.93677706	-22.6326123
-14.9744617	-22.67718461
-14.90971913	-22.65489844
-14.94654408	-22.69947078
-14.96375579	-22.67718461
-14.94233376	-22.94462277
-14.9151021	-22.94462277
-14.98221936	-22.9223366
-14.92491383	-22.9223366
-14.90986986	-22.90005045
-14.42353991	-18.0415743
-14.4664619	-18.01928813
-14.41636219	-18.01928813
-14.37469589	-18.0415743
-14.46598415	-18.08614873
-14.4191201	-19.44562994
-14.40867095	-19.40105763
-14.41826296	-19.44562994
-14.40911293	-19.46791609
-14.36485223	-19.40105763
-13.78693383	-13.51739903
-13.84707392	-13.47282565
-13.75074631	-13.4951118
-13.77365013	-13.51739903
-13.84006992	-13.47282565
-13.11694157	-8.792643
-13.06910542	-8.725782937
-13.06230836	-8.77035632
-13.13901635	-8.792643
-13.03510608	-8.748069618
-12.7072468	-6.6977037
-12.63169741	-6.6977037
-12.66917638	-6.6977037
-12.69069422	-6.71999038
-12.67308396	-6.74227706
-12.6854607	-7.410874594
-12.65696314	-7.366301211
-12.66565842	-7.388587892
-12.68244604	-7.388587892
-12.62769403	-7.410874594
-12.51365141	-6.430265006
-12.57333419	-6.430265006
-12.59445603	-6.452551686
-12.55962638	-6.452551686
-12.55367625	-6.452551686
-11.33693164	0.144277334
-11.36825226	0.211137085
-11.39271195	0.166563903
-11.35351998	0.144277334
-11.34744849	0.077417583
-10.62828902	2.417508785
-10.59041661	2.39522235
-10.56365887	2.328362554
-10.62546341	2.306075874
-10.5663644	2.350649234
-9.942045651	3.353545524
-9.982150327	3.464978436
-9.981503962	3.353545524
-9.95300129	3.464978436
-9.923201416	3.420405053
-9.972515522	2.863240475
-9.94164327	2.907813835
-9.913476555	2.974673386
-9.978135453	2.840954039
-9.926190537	2.796380924
-9.978225509	2.684948012
-9.940626458	2.595801514
-9.940304552	2.528941697
-9.976643447	2.64037463
-9.897065771	2.618088195
-9.729115505	3.509551551
-9.787402721	3.576411369
-9.699242819	3.487264871
-9.727120841	3.598697782
-9.737251917	3.464978436
-9.870425551	2.127783278
-9.830983847	1.971777229
-9.837987842	1.994063798
-9.908839585	2.016350345
-9.831630851	2.083210163
-9.842285023	2.016350345
-9.90886194	1.860344318
-9.899278231	1.860344318
-9.895166912	1.949490683
-9.876010353	1.882630865
-9.912988587	1.682051589
-9.937254116	1.615191927
-9.924630829	1.615191927
-9.962703159	1.592905225
-9.893219513	1.726624838
-9.982255074	1.682051589
-9.934074663	1.659765042
-9.91384764	1.682051589
-9.980011956	1.659765042
-9.929450467	1.637478474
-9.882399279	2.083210163
-9.955703634	2.016350345
-9.969251121	2.060923594
-9.899061711	2.038636914
-9.955243769	2.016350345
-9.944831665	1.325466287
-10.00993382	1.325466287
-9.966504707	1.370039402
-9.972658591	1.303179718
-9.966775516	1.325466287
-9.960821545	1.370039402
-9.958239916	1.392326082
-10.01548158	1.370039402
-9.942574496	1.392326082
-9.949851217	1.347752833
-9.986012552	1.793484523
-9.953760706	1.771197954
-9.981851415	1.771197954
-10.03465474	1.815771069
-9.953761344	1.748911407
-9.914213616	1.92720398
-9.97277739	1.904917434
-9.965632241	1.949490683
-9.965698028	1.949490683
-9.939062918	1.949490683
-9.245543465	3.135972574
-9.262329166	3.135972574
-9.22089216	3.113686139
-9.278195138	3.113686139
-9.227895517	3.135972574
-8.877186063	2.935393409
-8.858417195	2.913106729
-8.879904375	2.890820294
-8.875941235	2.868533614
-8.889624766	2.868533614
-9.231274245	1.575911817
-9.226510813	1.598198386
-9.258965767	1.598198386
-9.237017445	1.620484932
-9.2296149	1.620484932
-9.237189894	1.821064208
-9.266602076	1.821064208
-9.269381703	1.798777662
-9.265419202	1.776490981
-9.247434658	1.821064208
-8.960030057	3.314265303
-8.968292932	3.291978868
-8.929039006	3.269692188
-8.944965654	3.269692188
-8.941139196	3.225119072
-8.588051859	4.51774098
-8.563660506	4.540027682
-8.593273878	4.51774098
-8.609935033	4.473167598
-8.648270507	4.473167598
-8.573301059	4.116582429
-8.562718422	4.161155544
-8.582623539	4.094295726
-8.589626896	4.116582429
-8.602713241	4.116582429
-7.280570191	6.657253151
-7.296160883	6.701826
-7.278850169	6.657253151
-7.30944778	6.67953932
-7.278912123	6.67953932
-6.21102126	8.952770571
-6.21300251	8.952770571
-6.218225169	8.952770571
-6.227808239	8.952770571
-6.223707778	8.975057785
-5.272034633	11.1591428
-5.288819696	11.18142895
-5.290342998	11.1591428
-5.276793595	11.1591428
-5.283537958	11.13685664
-4.450042386	13.41008735
-4.431010373	13.38780118
-4.471788878	13.41008735
-4.442974521	13.38780118
-4.485935148	13.38780118
-3.752768649	15.75017867
-3.79514231	15.68331914
-3.753381482	15.61645959
-3.765008396	15.63874576
-3.757405937	15.66103297
-3.048956529	18.02341152
-3.016439621	18.00112324
-3.047096312	18.09026998
-3.041948382	18.04569767
-3.069119362	18.00112324
-2.544332903	20.07377639
-2.519617728	20.05149022
-2.563437887	20.05149022
-2.56231553	20.05149022
-2.583864983	20.02920408
-1.984587303	22.12414126
-1.981086902	22.1018551
-1.964696556	22.1018551
-1.950154133	22.1018551
-1.952732728	22.1018551
-1.916795736	20.96523975
-1.96537805	20.94295358
-1.947929377	20.94295358
-1.97086082	20.96523975
-1.970137491	20.94295358
-1.472426846	24.64252611
-1.474668846	24.68709842
-1.455116132	24.59795379
-1.423384826	24.64252611
-1.407333312	24.57566551
-0.892725751	26.67060481
-0.855971461	26.71517926
-0.895230976	26.71517926
-0.864097335	26.73746541
-0.9056137	26.67060481
-0.356922817	29.05527058
-0.331209792	29.07755674
-0.35104054	29.05527058
-0.319308776	29.09984289
-0.363204282	29.03298229
0.254855719	31.21706838
0.243151902	31.17249604
0.263703165	31.15020776
0.234105461	31.23935453
0.235874523	31.12792162
0.713568438	33.46801293
0.745224376	33.44572676
0.732535702	33.44572676
0.753486773	33.44572676
0.711187201	33.44572676
1.233719764	35.49609166
1.232799874	35.54066608
1.17747631	35.51837994
1.192220963	35.56295225
1.165311371	35.49609166
1.743865998	37.8138968
1.721011359	37.92532974
1.719877824	37.85846912
1.680157167	37.8807574
1.738446619	37.83618508
2.185343648	40.1762764
2.197494616	40.1094158
2.17998351	40.13170408
2.218119869	40.13170408
2.214816347	40.13170408
2.245736024	38.54935493
2.249040822	38.54935493
2.239193011	38.54935493
2.265765528	38.57164321
2.270524489	38.57164321
2.798387411	42.38264652
2.77517989	42.31578592
2.774457839	42.36036248
2.778022429	42.31578592
2.765596501	42.31578592
3.259070004	44.54444432
3.241696378	44.61130492
3.268791353	44.58902089
3.262571043	44.52216027
3.309830448	44.54444432
3.241008177	41.93691485
3.23968926	41.95920313
3.188341849	42.02606373
3.231563067	41.98148717
3.209950382	41.98148717
3.442323227	44.67816552
3.466054163	44.7004538
3.438959827	44.72273783
3.467911825	44.74502611
3.455546893	44.7004538
3.824082811	46.88453564
3.82884305	46.88453564
3.873522422	46.88453564
3.812715849	46.88453564
3.828245226	46.8622516
4.194135964	48.95718879
4.1867331	48.95718879
4.193276592	48.95718879
4.207483538	48.93490476
4.232858171	48.8903282
4.658589128	51.1189866
4.660172787	51.09670254
4.649205332	51.1189866
4.667512739	51.1189866
4.65224491	51.1189866
5.161579276	53.30307266
5.151658333	53.25850035
5.158264417	53.23621207
5.135595002	53.23621207
5.165868472	53.25850035
5.685573426	55.86602982
5.696601876	55.79916922
5.667051096	55.75459691
5.676834719	55.75459691
5.679077198	55.73231288
5.722890172	52.36397415
5.740538758	52.36397415
5.71536308	52.40854648
5.714504027	52.40854648
5.737236674	52.3862582
5.658053076	51.87366592
5.671539248	51.8959542
5.718400104	51.8959542
5.683106124	51.8959542
5.721043048	51.8959542
5.97349793	55.90753931
5.978121487	55.88525103
6.012495737	55.90753931
6.026440497	55.90753931
6.045273235	55.88525103
6.243932246	58.0024765
6.195088863	58.0024765
6.225883194	57.95790419
6.197590655	57.93562015
6.239629956	57.93562015
6.243917556	56.39784332
6.306046559	56.39784332
6.267510533	56.37555926
6.251583884	56.39784332
6.220848314	56.37555926
6.30324841	56.21954979
6.326241647	56.17497747
6.337485339	56.21954979
6.384607423	56.19726575
6.329220548	56.19726575
6.692063405	60.20885087
6.698670129	60.20885087
6.694230518	60.11970199
6.685645737	60.16427855
6.661254384	60.14199027
7.119151282	62.25921574
7.081013166	62.23692746
7.084451294	62.25921574
7.128594476	62.21464343
7.128457156	62.17007111
7.62863159	64.51016243
7.619369787	64.46558586
7.610844405	64.46558586
7.642440306	64.46558586
7.697226802	64.44330183
7.98541062	66.67196021
7.98157011	66.62738789
8.02671286	66.62738789
8.045480451	66.60509961
8.027571274	66.62738789
8.054423542	64.7553123
8.097384489	64.7553123
8.09454227	64.7553123
8.141338616	64.77760059
8.100822617	64.7553123
8.614470449	69.03433558
8.613809394	69.03433558
8.634162879	68.98976324
8.664235478	69.01205152
8.631122024	68.98976324
9.11078713	71.24070993
9.078790125	71.19613336
9.101660731	71.19613336
9.096702495	71.19613336
9.069271563	71.19613336
9.608486598	73.3802237
9.592744534	73.31335885
9.630683374	73.33564714
9.586002406	73.31335885
9.567296769	73.29107057
10.04335705	75.76488308
10.03899472	75.76488308
10.084209	75.80945964
10.09067713	75.7425948
10.13039794	75.72031501
10.60891403	77.74838735
10.62398162	77.72610757
10.68544893	77.72610757
10.68948744	77.77067564
10.70329488	77.72610757
10.74275702	74.76198681
10.72093388	74.67284216
10.71360223	74.71741872
10.69674117	74.67284216
10.74862668	74.67284216
10.9574487	78.14955096
10.99466581	78.19411904
10.95916936	78.17183924
10.9953224	78.17183924
10.95084326	78.17183924
11.24214713	80.13305523
11.23150382	80.11076695
11.24214585	80.11076695
11.26831854	80.11076695
11.32866557	80.13305523
11.65016467	82.4062902
11.64686259	82.42857
11.7114953	82.38400192
11.67514171	82.36171363
11.6670136	82.38400192
12.21052007	84.56808375
12.18937012	84.56808375
12.17826567	84.56808375
12.13867387	84.52351567
12.12783128	84.50122738
12.76699089	86.77445388
12.74670447	86.77445388
12.74478198	86.77445388
12.81768204	86.72988579
12.75032846	86.72988579
13.2363761	88.73567834
13.26592624	88.78024643
13.26195352	88.71339006
13.2742383	88.69110178
13.21885142	88.69110178
13.36484826	86.61845288
13.28057421	86.59616459
13.29233909	86.59616459
13.310772	86.57387631
13.23985958	86.61845288
13.31612687	85.57098002
13.33529556	85.57098002
13.38057563	85.5932683
13.33873433	85.57098002
13.35308083	85.5932683
13.89810102	90.65232627
13.88263424	90.65232627
13.89624368	90.63003799
13.89770247	90.65232627
13.90028154	90.65232627
14.37285388	92.74726346
14.35765024	92.72497518
14.39082948	92.72497518
14.3398688	92.72497518
14.29312994	92.68039862
14.40878847	90.63003799
14.43476317	90.63003799
14.36099575	90.56317315
14.36351223	90.60774971
14.42716007	90.60774971
14.77741221	93.90616075
14.78217437	93.90616075
14.83881821	93.90616075
14.8756968	93.88388094
14.8334595	93.83930438
15.24493881	95.80052037
15.32623523	95.82280866
15.27764924	95.77824059
15.27110766	95.77824059
15.30870672	95.73366403
15.82379226	97.40515783
15.85062409	97.38286955
15.78373677	97.38286955
15.8113657	97.40515783
15.8189573	97.36058126
15.85638262	94.95363358
15.91428342	94.99821014
15.86001939	94.99821014
15.81474315	94.97592186
15.82848799	94.97592186
16.11487642	98.20747653
16.13642492	98.18518825
16.14686896	98.18518825
16.16193591	98.18518825
16.16801762	98.20747653
16.25897376	98.20747653
16.19426696	98.20747653
16.1991543	98.18518825
16.23074828	98.18518825
16.2316067	98.18518825
16.60057023	100.0349713
16.59554876	100.0349713
16.72899001	99.99040325
16.70063552	99.99040325
16.72634323	99.96811499
16.85522416	100.8150018
16.86249768	100.792722
16.81741561	100.792722
16.82858521	100.7481454
16.81615865	100.7481454
16.86310317	98.43034238
16.88695227	98.36347753
16.97307088	98.36347753
16.94419521	98.38576581
16.96382249	98.36347753
17.1056716	101.1938771
17.15979513	101.1715888
17.13117493	101.1715888
17.17553144	101.1938771
17.24466189	101.1715888
17.24762035	99.05436333
17.27227421	99.05436333
17.23703963	99.03207504
17.16453173	99.00979526
17.16050919	99.07665161
17.65475137	102.1076287
17.69268894	102.1076287
17.6978407	102.0853405
17.64199268	102.0853405
17.63008857	102.0407639
17.92717397	102.8207943
17.91282874	102.7762262
17.94852446	102.8207943
17.88282512	102.7762262
17.86761893	102.753938
18.37620889	104.3585754
18.39002271	104.3585754
18.30581254	104.3139989
18.26397507	104.3139989
18.31387678	104.3139989
18.42198203	101.661897
18.38562717	101.6396088
18.35218095	101.6173205
18.39547594	101.661897
18.3562763	101.6173205
18.84424516	104.6928742
18.83558438	104.6705859
18.85243842	104.6705859
18.81343933	104.6482976
18.81383405	104.6482976
19.36718418	106.2975031
19.35197798	106.252935
19.37458672	106.2975031
19.33961529	106.252935
19.28587498	106.2083585
19.5959094	106.9215326
19.59379019	106.8992443
19.58228463	106.876956
19.53290538	106.8323795
19.53925407	106.8323795
19.69867895	106.8323795
19.59094031	106.7655231
19.56767115	106.7655231
19.61962054	106.7432348
19.60038542	106.7209465
19.74128542	104.1579894
19.69052529	104.1357096
19.74630561	104.1357096
19.74961153	104.1579894
19.6428667	104.1357096
20.31130564	108.325584
20.23034901	108.3701605
20.23695573	108.3478723
20.33655605	108.3478723
20.32340903	108.325584
20.31422706	106.4312243
20.3535621	106.4758009
20.41013057	106.4312243
20.32381013	106.4312243
20.29181887	106.4312243
20.47166431	100.9470516
20.43391963	100.9247633
20.42764248	100.9470516
20.42282156	100.9693398
20.4329999	100.9693398
20.4182919	100.7241857
20.41955014	100.7241857
20.53045801	100.7241857
20.47050954	100.7241857
20.41022766	100.7018974
20.47136795	97.78236173
20.42336829	97.71549688
20.3304539	97.78236173
20.41439071	97.76007345
20.45642362	97.73778516
20.14464938	93.90448933
20.21821497	93.92677761
20.28834562	93.92677761
20.22429796	93.92677761
20.22674035	93.92677761
19.97652539	89.3580279
19.91075707	89.31345983
19.94949301	89.31345983
20.04341144	89.33573961
19.93686717	89.31345983
20.00464612	89.55860546
19.88805891	89.58089374
19.89030459	89.55860546
19.972393	89.55860546
19.99513714	89.60318202
19.97906487	90.02662541
20.00464229	90.00433713
19.95738097	90.00433713
19.92089964	90.02662541
20.01488578	90.00433713
19.76627396	85.05672059
19.68339484	85.07900887
19.66706708	85.07900887
19.78458168	85.05672059
19.72661062	85.03443231
19.3947288	80.1759604
19.3784036	80.1759604
19.42341031	80.15367212
19.39935427	80.15367212
19.41469587	80.22052846
19.08760558	75.5849224
19.15747436	75.65177875
19.06229641	75.62949047
19.03492424	75.5849224
19.16427653	75.62949047
18.77050841	71.10531731
18.76812605	71.10531731
18.77209622	71.1276056
18.70672389	71.10531731
18.76052679	71.10531731
18.77407364	72.59852183
18.67671133	72.55394527
18.72271313	72.53165699
18.81227307	72.55394527
18.69462051	72.53165699
18.4090164	66.80400576
18.38635274	66.82629404
18.40340094	66.80400576
18.40855526	66.80400576
18.41298146	66.80400576
18.3904928	67.16059282
18.39353557	67.20516513
18.34363386	67.20516513
18.35771338	67.20516513
18.42512955	67.18288108
18.13163621	63.19358002
18.09025861	63.19358002
18.11199616	63.1490077
18.09606823	63.12671942
18.10068987	63.10443536
17.71869173	58.17909861
17.73963346	58.1345263
17.71023022	58.17909861
17.69046498	58.15681458
17.69800548	58.15681458
17.53579714	55.81672326
17.42291057	55.8390073
17.48735678	55.86129558
17.55418534	55.88357961
17.49693985	55.8390073
17.49132822	56.75582178
17.5228545	56.75582178
17.4584134	56.73353772
17.46845889	56.75582178
17.44208693	56.75582178
17.21834229	53.36826186
17.28628603	53.34597358
17.29085019	53.36826186
17.26976156	53.34597358
17.20875539	53.34597358
16.94239407	49.15609918
16.93902812	49.15609918
16.92382065	49.1338109
16.95250088	49.11152262
16.89057115	49.11152262
16.57294769	44.67649412
16.52106728	44.6987824
16.51128493	44.6987824
16.53963687	44.6987824
16.56038827	44.65420584
16.55121397	45.2336587
16.52365274	45.27823104
16.47289645	45.27823104
16.4765958	45.30051932
16.52127294	45.27823104
16.06084743	40.08545612
16.05728347	40.1077444
16.11286707	40.1077444
16.0911193	40.08545612
16.03303072	40.15231672
15.95817624	41.40036711
15.95097297	41.40036711
16.02474166	41.44493943
16.07954093	41.48951174
16.03577969	41.44493943
15.54370909	35.87329344
15.52705688	35.91786576
15.59427122	35.87329344
15.6353844	35.87329344
15.62005302	35.89557748
15.15161181	31.57198189
15.18478722	31.52740957
15.2407732	31.57198189
15.12682127	31.54969572
15.13608116	31.59426803
14.64253133	26.89179926
14.66043923	26.84722692
14.67525709	26.93637369
14.70049728	26.86951309
14.63486692	26.89179926
14.21440493	22.54591537
14.09735147	22.56820153
14.08888996	22.54591537
14.19127118	22.56820153
14.16047557	22.56820153
14.18685903	23.14765442
14.11804794	23.12536614
14.15520245	23.19222673
14.16987086	23.14765442
14.13291306	23.08079382
13.57389255	18.11088473
13.55234405	18.13317301
13.63958806	18.08859858
13.61546815	18.13317301
13.64534275	18.11088473
13.00217466	13.60899563
13.03072843	13.60899563
13.07414988	13.60899563
12.97104437	13.60899563
13.0310631	13.65356902
13.03208503	14.87933113
12.9910421	14.87933113
12.98257931	14.87933113
12.9687591	14.85704391
12.94312164	14.90161727
12.3336067	9.017959748
12.28113741	9.107105445
12.26962419	9.040245917
12.24206807	9.062532063
12.29190591	9.062532063
11.96923926	6.923020425
11.87075412	6.900733745
11.89316358	6.923020425
11.99494953	6.923020425
11.88093757	6.923020425
11.46169933	4.738935406
11.48021144	4.783508276
11.48298851	4.783508276
11.48602745	4.761221574
11.57274516	4.783508276
11.10980445	2.532563439
11.06003814	2.532563439
11.02770837	2.487990323
11.03597699	2.532563439
11.02830619	2.510276759
11.06682242	2.866862195
11.03014565	2.91143531
11.06220206	2.933722012
11.04753237	2.933722012
11.0466714	2.91143531
11.02130092	3.670293421
10.99783121	3.648007008
10.94568639	3.670293421
10.98838483	3.670293421
11.06353694	3.692580124
10.93717889	2.422244896
10.97279924	2.377671513
10.86334888	2.399958194
10.85892779	2.444531309
10.93790445	2.399958194
10.51187299	0.305019316
10.55503129	0.282732747
10.50076725	0.282732747
10.49838745	0.282732747
10.5112758	0.305019316
7.23116986	-6.536962074
7.172035726	-6.447815865
7.231077249	-6.514675394
7.232209027	-6.470102011
7.151838084	-6.470102011
7.174070628	-6.068943704
7.172775981	-6.091230407
7.205067427	-6.068943704
7.212207466	-6.068943704
7.217230849	-6.068943704
6.73480911	-7.205559608
6.77056487	-7.205559608
6.788937744	-7.205559608
6.737291102	-7.183272906
6.747297631	-7.205559608
6.441753281	-7.495284981
6.473572089	-7.517571684
6.467400321	-7.495284981
6.483580534	-7.539858364
6.487546228	-7.539858364
5.849086636	-8.698760414
5.822885842	-8.676474245
5.894505304	-8.654187565
5.86578228	-8.676474245
5.860560261	-8.676474245
4.829724595	-10.88284597
4.856294558	-10.88284597
4.808773605	-10.88284597
4.790926702	-10.88284597
4.860022336	-10.90513211
4.036896395	-13.1783639
4.040435437	-13.15607773
3.965447466	-13.1783639
4.005510946	-13.13379052
4.05888719	-13.11150435
3.303260131	-15.34016275
3.285639647	-15.36244892
3.260571909	-15.29558937
3.234426044	-15.31787554
3.296065164	-15.29558937
2.662958844	-17.5019616
2.64857833	-17.52424777
2.679936794	-17.54653394
2.660578724	-17.5019616
2.639691923	-17.5019616
2.089318782	-19.79747849
2.057028933	-19.81976677
2.018919718	-19.84205294
2.01439532	-19.81976677
2.026793305	-19.79747849
1.484859959	-21.91470396
1.488852	-21.93699224
1.425239614	-21.91470396
1.455936863	-21.93699224
1.473782967	-21.93699224
1.50201483	-21.00095445
1.474349016	-21.0232406
1.461262352	-21.0232406
1.459996606	-21.06781505
1.503137187	-21.00095445
0.984596107	-24.32165589
0.91399713	-24.3662282
0.915064878	-24.32165589
0.868069656	-24.32165589
0.883970916	-24.29936972
0.398126498	-26.55031429
0.43582874	-26.57260044
0.457875302	-26.55031429
0.417331	-26.52802812
0.403582641	-26.52802812
-0.115227043	-28.84583327
-0.069488625	-28.84583327
-0.029795146	-28.82354501
-0.133100642	-28.82354501
-0.155761625	-28.77897267
-0.678675562	-30.82933757
-0.621768698	-30.82933757
-0.645136054	-30.85162582
-0.624267856	-30.78476523
-0.607905293	-30.76247908
-1.064309507	-33.0357098
-1.12382263	-33.01342363
-1.129867616	-32.99113746
-1.110464358	-32.96885132
-1.155152432	-33.01342363
-1.593267163	-35.21979586
-1.591529736	-35.28665435
-1.577176847	-35.24208203
-1.568027774	-35.26436818
-1.576308852	-35.19750972
-2.131481353	-37.55988507
-2.095951213	-37.53760103
-2.098529809	-37.53760103
-2.168948034	-37.51531275
-2.135627161	-37.47074044
-2.628509067	-39.85540406
-2.678900981	-39.83312003
-2.630574307	-39.78854347
-2.602862826	-39.85540406
-2.5830797	-39.76625943
-3.128109149	-41.99491781
-3.200191669	-42.01720187
-3.196706917	-41.9503455
-3.12328536	-41.99491781
-3.17149611	-41.97262953
-3.641202909	-44.1790039
-3.626398139	-44.1790039
-3.616578749	-44.15671562
-3.655113498	-44.15671562
-3.673610918	-44.11214331
-3.695454493	-42.93095351
-3.656892919	-42.95324179
-3.634828992	-42.9978141
-3.66489233	-42.95324179
-3.702160534	-42.90866523
-4.193498221	-46.51909522
-4.164284036	-46.51909522
-4.143162513	-46.49680693
-4.183217051	-46.49680693
-4.215735236	-46.49680693
-4.230254826	-45.36018945
-4.293640793	-45.36018945
-4.267495566	-45.33790542
-4.18884209	-45.33790542
-4.235305993	-45.33790542
-4.738758241	-48.30202193
-4.721262943	-48.39116658
-4.696891389	-48.32430598
-4.631758894	-48.34659427
-4.690206425	-48.27973365
-5.211554756	-51.15470128
-5.217736424	-51.02098434
-5.214903146	-51.06555665
-5.20405481	-51.02098434
-5.218804332	-51.06555665
-5.744079078	-53.02677689
-5.766269468	-53.09363749
-5.76543724	-53.07134921
-5.739092101	-53.04906093
-5.680864283	-53.04906093
-6.28982994	-55.52287345
-6.310733986	-55.45601284
-6.245774898	-55.50058517
-6.248464468	-55.41144052
-6.250824469	-55.47830112
-6.386593784	-52.78190276
-6.377406708	-52.78190276
-6.309857049	-52.78190276
-6.295974883	-52.78190276
-6.300971441	-52.80418679
-6.610284126	-55.7683033
-6.551886415	-55.74601927
-6.571778119	-55.74601927
-6.571550742	-55.7683033
-6.599870106	-55.74601927
-6.951702396	-57.75181183
-6.893765827	-57.72952355
-6.857204664	-57.68495123
-6.851321589	-57.68495123
-6.884898102	-57.68495123
-7.301232169	-59.75760439
-7.306285571	-59.7353161
-7.294943519	-59.71302782
-7.276173373	-59.71302782
-7.336121212	-59.71302782
-7.792227831	-61.69653635
-7.790490564	-61.76339694
-7.755648146	-61.71882038
-7.727058611	-61.69653635
-7.783503814	-61.69653635
-8.376540267	-64.28177754
-8.427298476	-64.28177754
-8.375441063	-64.25949351
-8.330104148	-64.25949351
-8.346719955	-64.23720522
-8.785615498	-66.24299778
-8.795196652	-66.24299778
-8.786265695	-66.19842544
-8.850781524	-66.24299778
-8.854699316	-66.17613716
-9.34856083	-68.47165616
-9.366838537	-68.49394444
-9.405826763	-68.44937213
-9.449213085	-68.42708385
-9.403447602	-68.44937213
-9.901589051	-70.54430934
-9.881306462	-70.58888165
-9.930838365	-70.56659762
-9.875055495	-70.56659762
-9.842366138	-70.54430934
-9.925840529	-69.18482601
-9.886590435	-69.22940257
-9.917578293	-69.18482601
-9.902746378	-69.20711429
-9.909524273	-69.22940257
-10.37931187	-72.99583356
-10.35905227	-72.97354528
-10.33724191	-72.97354528
-10.37296765	-72.99583356
-10.38318559	-73.01812184
-10.84812991	-75.49193437
-10.87490043	-75.49193437
-10.90284615	-75.44735781
-10.89257584	-75.46964609
-10.85337237	-75.42506953
-11.40160395	-77.47543865
-11.42056443	-77.43086209
-11.43511404	-77.47543865
-11.44607542	-77.43086209
-11.39812814	-77.45315037
-11.42730272	-75.64793535
-11.40355071	-75.67022363
-11.44237479	-75.64793535
-11.45695378	-75.67022363
-11.43516769	-75.64793535
-11.94990578	-79.68180875
-11.93529869	-79.68180875
-11.98457575	-79.70409703
-11.96801296	-79.68180875
-11.94296438	-79.68180875
-12.50119418	-81.97732352
-12.49315038	-81.91046715
-12.43932449	-81.93275543
-12.45422155	-81.91046715
-12.44349649	-81.97732352
-12.96798116	-84.09454899
-12.94335413	-84.0722692
-12.97064199	-84.02769264
-12.97084126	-84.02769264
-13.03313888	-84.04998092
-13.48306926	-86.32320739
-13.44234696	-86.2786393
-13.47332269	-86.34549567
-13.46484457	-86.25635102
-13.47813083	-86.25635102
-13.52895482	-84.16141383
-13.50019411	-84.11683727
-13.53859282	-84.11683727
-13.51288638	-84.11683727
-13.55096446	-84.16141383
-13.77184516	-86.54607324
-13.76225698	-86.50150515
-13.77620237	-86.50150515
-13.77768927	-86.52379343
-13.78876307	-86.50150515
-14.15069194	-88.57415408
-14.09224569	-88.6410189
-14.13675549	-88.61873064
-14.12392015	-88.57415408
-14.14242843	-88.57415408
-14.17460363	-86.85809219
-14.19618662	-86.88037199
-14.19942611	-86.88037199
-14.17087234	-86.88037199
-14.15127955	-86.90266027
-14.64589728	-91.00339002
-14.63763377	-91.00339002
-14.61779572	-90.95882195
-14.62430408	-90.93653367
-14.69016438	-90.91424539
-15.10197708	-93.12061551
-15.14361528	-93.12061551
-15.16491084	-93.16519205
-15.18607612	-93.0983357
-15.15752618	-93.0983357
-15.26865888	-90.55765835
-15.23009795	-90.57994663
-15.21007084	-90.57994663
-15.17629633	-90.57994663
-15.17975937	-90.55765835
-15.82679927	-94.61382003
-15.86759438	-94.54696366
-15.81445318	-94.54696366
-15.78979932	-94.54696366
-15.78962942	-94.52467538
-16.23108935	-96.32989037
-16.2147616	-96.32989037
-16.19601828	-96.30760209
-16.20470589	-96.28531381
-16.29294371	-96.28531381
-16.71302376	-98.22425002
-16.70297699	-98.22425002
-16.68949657	-98.22425002
-16.73240706	-98.15738518
-16.77861708	-98.20196174
-16.74282811	-95.81729386
-16.72038543	-95.79500558
-16.7803569	-95.77272577
-16.76835699	-95.75043749
-16.78511011	-95.72814921
-16.73687924	-95.39385045
-16.73793949	-95.39385045
-16.80618725	-95.41613874
-16.78175821	-95.39385045
-16.80284429	-95.39385045
-16.80515638	-95.23784098
-16.79163508	-95.21556117
-16.79031553	-95.21556117
-16.79224313	-95.26012926
-16.80925429	-95.23784098
-17.2250461	-99.31629094
-17.2391665	-99.33857922
-17.2653277	-99.29400266
-17.21195912	-99.31629094
-17.15510578	-99.27171438
-17.66271214	-101.2997952
-17.64308358	-101.2997952
-17.62127067	-101.2997952
-17.62067795	-101.2997952
-17.61243232	-101.2329388
-17.67071251	-98.78141462
-17.70497882	-98.75912634
-17.68755378	-98.73683806
-17.68037861	-98.71454978
-17.69865185	-98.69226149
-18.13309373	-102.2358351
-18.16970918	-102.2358351
-18.10849735	-102.1912586
-18.06490601	-102.1689703
-18.07756634	-102.1912586
-18.21549894	-99.62830141
-18.20872998	-99.6505897
-18.1717147	-99.6505897
-18.14597761	-99.67287798
-18.14966802	-99.62830141
-18.40442414	-102.614702
-18.40482141	-102.614702
-18.40763681	-102.6369903
-18.40240585	-102.5924137
-18.41074217	-102.6369903
-18.74069384	-104.0187618
-18.73890676	-104.0187618
-18.69859323	-104.0187618
-18.69339931	-103.9964736
-18.70143417	-104.0187618
-18.78046065	-101.6786705
-18.794369	-101.6563823
-18.80639702	-101.6563823
-18.78482425	-101.6786705
-18.78768946	-101.6563823
-19.28182562	-105.0439379
-19.26721725	-105.0439379
-19.2676158	-105.0439379
-19.31734634	-105.0216581
-19.26614934	-104.9993699
-19.54500621	-105.8016886
-19.51358595	-105.8239684
-19.50396328	-105.8016886
-19.55237426	-105.7794003
-19.54583141	-105.7794003
-19.83713273	-106.9382976
-19.86473355	-106.9605859
-19.83206783	-106.8714412
-19.90289849	-106.9382976
-19.89046171	-106.8937295
-19.9380692	-103.9964736
-19.93746627	-103.951897
-19.90063238	-104.0187618
-19.95360369	-103.9964736
-19.94114902	-104.0187618
-20.50559722	-107.9411938
-20.47747776	-107.9634821
-20.43937158	-107.9411938
-20.43219386	-107.9189141
-20.49913228	-107.8743375
-20.72377365	-108.8549455
-20.69742724	-108.8326572
-20.72190865	-108.8103774
-20.68179056	-108.8103774
-20.71860528	-108.8103774
-20.82945312	-108.8103774
-20.83121722	-108.7212243
-20.80009459	-108.7658008
-20.76806757	-108.7435126
-20.72230081	-108.7658008
-20.88488726	-106.7822966
-20.83585929	-106.7154317
-20.82254877	-106.73772
-20.80929061	-106.7154317
-20.78076367	-106.6931519
-21.14626927	-109.5012547
-21.12577846	-109.5012547
-21.18184492	-109.4343984
-21.19292127	-109.4566866
-21.18944674	-109.4343984
-21.18253216	-107.4731824
-21.17271277	-107.4508941
-21.18529773	-107.4286058
-21.25942665	-107.4508941
-21.21718552	-107.4063175
-21.64565938	-110.860738
-21.69590216	-110.9053146
-21.73142671	-110.8830263
-21.6763017	-110.8830263
-21.64444329	-110.8830263
-21.74815556	-108.3646457
-21.71809063	-108.4092138
-21.73772174	-108.4092138
-21.73074457	-108.3869255
-21.7215856	-108.3646457
-21.76911262	-108.2532128
-21.74492118	-108.2532128
-21.73252272	-108.2309245
-21.70443265	-108.2309245
-21.73887907	-108.2754926
-21.76893634	-107.6068951
-21.75780506	-107.6291834
-21.75846675	-107.6291834
-21.75734264	-107.6291834
-21.75862515	-107.6068951
-21.86461375	-105.0458893
-21.87218875	-105.0681776
-21.82905599	-105.0458893
-21.85195214	-105.023601
-21.86196187	-105.0013212
-21.82333067	-102.19321
-21.83971974	-102.19321
-21.82051528	-102.1709217
-21.82662382	-102.1486334
-21.80352839	-102.1709217
-21.80191631	-102.349211
-21.81744696	-102.349211
-21.82113865	-102.3046429
-21.8235555	-102.3269312
-21.79083868	-102.3269312
-21.58015676	-98.09248022
-21.5605563	-98.07019194
-21.58934383	-98.09248022
-21.58147759	-98.09248022
-21.59542427	-98.09248022
-21.37558082	-93.10027862
-21.34510073	-93.05571053
-21.39873245	-93.03342225
-21.35732802	-93.05571053
-21.41377259	-93.05571053
-21.10927187	-88.99954885
-21.09400436	-88.99954885
-21.12212892	-89.02183713
-21.10685503	-88.97726057
-21.11687497	-88.99954885
-21.10588548	-89.2224147
-21.09475037	-89.24470298
-21.06835285	-89.26699126
-21.09082363	-89.26699126
-21.08711278	-89.2224147
-20.90024547	-84.80967446
-20.89152975	-84.85424254
-20.88762346	-84.80967446
-20.87780918	-84.83196274
-20.82572566	-84.83196274
-20.48951856	-79.70604842
-20.49953722	-79.72832823
-20.49623258	-79.72832823
-20.48515751	-79.70604842
-20.48752709	-79.66147188
-20.45595226	-80.95409034
-20.46774907	-80.93181055
-20.46467692	-80.95409034
-20.47537261	-80.90952227
-20.47816117	-80.95409034
-20.1510811	-75.71674311
-20.12732781	-75.73903139
-20.17613224	-75.71674311
-20.13515318	-75.71674311
-20.17223233	-75.71674311
-19.82593247	-71.14799764
-19.85385264	-71.12570936
-19.82748451	-71.12570936
-19.83819169	-71.12570936
-19.8228948	-71.14799764
-19.52265678	-66.53467561
-19.50626005	-66.64610852
-19.51237753	-66.66839256
-19.48820397	-66.60153621
-19.47359816	-66.60153621
-19.54374797	-67.15870081
-19.55158355	-67.18098484
-19.52432762	-67.20327313
-19.50016301	-67.18098484
-19.50756683	-67.18098484
-19.12912881	-62.09964284
-19.10645876	-62.09964284
-19.13853177	-62.03278649
-19.16355352	-62.05507053
-19.16665888	-62.05507053
-19.14770479	-63.30312092
-19.13436616	-63.34769326
-19.13025548	-63.30312092
-19.0986615	-63.30312092
-19.09169199	-63.32540498
-18.72571119	-57.64232606
-18.77693502	-57.64232606
-18.76536942	-57.64232606
-18.78543485	-57.66461434
-18.77736167	-57.62004203
-18.5751336	-55.85939935
-18.61958591	-55.88168763
-18.57772161	-55.90397589
-18.59497037	-55.90397589
-18.59341322	-55.88168763
-18.60709036	-57.19659437
-18.59118415	-57.12973802
-18.58943539	-57.15202206
-18.58639134	-57.15202206
-18.58943539	-57.15202206
-18.26970166	-53.11815291
-18.29369382	-53.11815291
-18.27102377	-53.11815291
-18.3168148	-53.07357634
-18.3030674	-53.07357634
-17.75030616	-47.16763158
-17.77688761	-47.21220814
-17.7605522	-47.16763158
-17.77777285	-47.18991986
-17.75137534	-47.21220814
-17.52342039	-44.24809163
-17.51995352	-44.27037567
-17.5040256	-44.27037567
-17.51951921	-44.24809163
-17.52669565	-44.27037567
-17.42215179	-44.78296795
-17.4396011	-44.78296795
-17.41759019	-44.78296795
-17.47185039	-44.78296795
-17.45133276	-44.80525623
-17.49771523	-45.60757071
-17.50158831	-45.62985899
-17.49635607	-45.74129191
-17.47604794	-45.8081525
-17.50175821	-45.8081525
-17.41984991	-45.87501312
-17.3947975	-45.87501312
-17.42768039	-45.89729715
-17.38429598	-45.91958544
-17.42335127	-45.87501312
-16.98374741	-39.96906836
-17.00707916	-39.96906836
-16.98136761	-39.96906836
-17.00450008	-39.96906836
-16.96200219	-39.96906836
-16.58441876	-35.46717713
-16.57788101	-35.51174944
-16.55672979	-35.51174944
-16.58069002	-35.48946327
-16.57242778	-35.48946327
-16.07130296	-31.25501233
-16.07848707	-31.32187293
-16.07761588	-31.27729848
-16.08220687	-31.25501233
-16.07672298	-31.25501233
-15.60236995	-26.48568294
-15.6245878	-26.53025737
-15.58624147	-26.48568294
-15.60432693	-26.50796909
-15.58361002	-26.53025737
-15.05142645	-22.34037875
-15.08172259	-22.31809258
-15.04446077	-22.36266489
-15.0808348	-22.34037875
-15.02701018	-22.36266489
-15.13068924	-23.00897626
-15.10064347	-22.98669009
-15.12698733	-23.00897626
-15.10494959	-23.03126241
-15.09539335	-23.00897626
-14.4771282	-17.83848963
-14.4810856	-17.79391518
-14.46165503	-17.79391518
-14.48610834	-17.79391518
-14.46340891	-17.81620135
-14.52135697	-19.24254314
-14.51481412	-19.24254314
-14.53963915	-19.2648293
-14.52282343	-19.28711759
-14.5468156	-19.28711759
-13.8204107	-13.22516546
-13.84158748	-13.20287932
-13.81782141	-13.18059315
-13.85636702	-13.22516546
-13.86069996	-13.2474527
-13.15853889	-9.1912942
-13.162693	-9.146720818
-13.14395862	-9.169008032
-13.17207935	-9.146720818
-13.12303733	-9.146720818
-12.73293791	-6.762056656
-12.75625305	-6.828916184
-12.73119298	-6.784342802
-12.72793305	-6.851202887
-12.69042852	-6.873489567
-12.6723635	-7.363794105
-12.67520572	-7.363794105
-12.66756813	-7.341507402
-12.6676039	-7.363794105
-12.65686989	-7.386080785
-12.61433624	-6.672909891
-12.59625461	-6.650623722
-12.59995524	-6.650623722
-12.56856053	-6.650623722
-12.60454367	-6.628337042
-11.35068926	0.035351663
-11.35187213	0.079924823
-11.34546724	0.035351663
-11.35927468	0.079924823
-11.35465048	0.057638232
-10.40541877	2.286296545
-10.44031292	2.308583248
-10.41784278	2.308583248
-10.45399709	2.286296545
-10.40991778	2.264010132
-9.766202318	3.422912449
-9.755894961	3.400625747
-9.750213077	3.378339333
-9.7299241	3.356052631
-9.732966233	3.356052631
-9.664004407	2.664611388
-9.646555733	2.664611388
-9.651840984	2.686898068
-9.623886957	2.664611388
-9.641334352	2.664611388
-9.652532059	2.464032224
-9.647033482	2.553178455
-9.674663049	2.530891775
-9.63823282	2.620038273
-9.682188863	2.59775157
-9.535681707	3.31092222
-9.520872785	3.3332089
-9.537324446	3.377782016
-9.516052508	3.31092222
-9.566016173	3.3332089
-9.475883324	2.686898068
-9.491873204	2.709184504
-9.497892322	2.686898068
-9.483810881	2.709184504
-9.48698778	2.686898068
-9.573749565	2.820617415
-9.584854021	2.820617415
-9.56700616	2.842904095
-9.573886886	2.79833098
-9.551017557	2.79833098
-9.536002973	2.887477211
-9.502563143	2.842904095
-9.534481588	2.887477211
-9.506925471	2.842904095
-9.535477961	2.842904095
-9.681466492	1.617141983
-9.722121729	1.572568734
-9.673862118	1.639428552
-9.686226731	1.594855436
-9.687285697	1.594855436
-9.732694785	2.062873672
-9.705600449	2.040587103
-9.729330747	2.018300423
-9.698659047	2.040587103
-9.719347211	2.040587103
-9.687253124	2.30802593
-9.686268885	2.263452814
-9.679526757	2.263452814
-9.654675539	2.263452814
-9.701797623	2.285739495
-9.71416032	2.263452814
-9.678664511	2.285739495
-9.703716281	2.263452814
-9.699614543	2.30802593
-9.742313623	2.285739495
-9.578911547	2.842904095
-9.622533549	2.842904095
-9.571111091	2.842904095
-9.58598069	2.865190531
-9.582277501	2.887477211
-9.557466521	3.04348326
-9.581595368	3.021196824
-9.539418108	3.06576994
-9.58839945	3.04348326
-9.53863506	2.998910144
-9.607232828	3.04348326
-9.573381673	3.132629758
-9.613114625	3.04348326
-9.566376401	3.110343055
-9.61694236	3.110343055
-9.593274655	3.132629758
-9.568684666	3.154916171
-9.5700055	3.154916171
-9.56134152	3.199489287
-9.596715338	3.110343055
-9.214761269	3.276099428
-9.26334023	3.298386108
-9.232931036	3.320672811
-9.250654989	3.253812993
-9.24073213	3.320672811
-9.224469524	3.320672811
-9.173386217	3.276099428
-9.212840695	3.298386108
-9.24873697	3.253812993
-9.202539725	3.231526313
-9.205899292	3.298386108
-9.237830511	3.231526313
-9.236772184	3.253812993
-9.184488757	3.276099428
-9.162681588	3.253812993
-9.195796319	3.231526313
-9.198301305	3.276099428
-9.257856343	3.253812993
-9.161758665	3.231526313
-9.16736646	3.298386108
-9.24687835	3.298386108
-9.231150976	3.276099428
-9.187855988	3.298386108
-9.194994111	3.298386108
-9.216605837	3.298386108
-8.27291422	4.145276349
-8.30636427	4.100703234
-8.340400009	4.100703234
-8.298104588	4.078416554
-8.316083383	4.056129851
-8.350020762	3.855550709
-8.405354625	3.788690913
-8.365958907	3.810977593
-8.340309313	3.833264029
-8.411051838	3.699544682
-8.610642714	2.964087352
-8.626307495	2.964087352
-8.645276277	2.986374033
-8.630544638	2.941800672
-8.617868339	2.830367739
-8.849053838	2.117197245
-8.847407267	2.072623996
-8.934656381	2.050337427
-8.919526831	2.005764311
-8.886811288	2.005764311
-9.0141638	1.693752124
-9.041594093	1.693752124
-9.059774079	1.671465556
-9.013910875	1.60460576
-9.056933137	1.649178875
-9.062752981	1.649178875
-9.063949268	1.582319191
-9.099766982	1.626892307
-9.046900421	1.560032644
-9.034795759	1.626892307
-9.060846458	1.560032644
-9.065867287	1.582319191
-9.081731981	1.582319191
-9.059125159	1.582319191
-9.079875916	1.60460576
-9.1308334	1.626892307
-9.094020589	1.60460576
-9.093820676	1.626892307
-9.093694852	1.582319191
-9.059648894	1.649178875
-9.175672766	1.47088628
-9.161266226	1.448599711
-9.125968414	1.448599711
-9.126643521	1.359453369
-9.151680601	1.47088628
-9.060064688	2.429209432
-9.000502624	2.496068983
-8.978033761	2.473782548
-9.048760957	2.451495867
-9.011085261	2.451495867
-8.285938611	4.635581154
-8.366184369	4.591007772
-8.336572912	4.591007772
-8.333274021	4.568721603
-8.316085938	4.591007772
-7.467599734	6.217928725
-7.507517909	6.240215405
-7.459000902	6.262501574
-7.452794005	6.217928725
-7.500251407	6.240215405
-7.474856016	5.326465368
-7.449865561	5.371038217
-7.439820071	5.371038217
-7.501088106	5.393324897
-7.455088219	5.371038217
-6.983351948	6.685947094
-6.991614184	6.663660392
-6.985729832	6.685947094
-6.915203188	6.708233241
-6.945676891	6.685947094
-5.787032361	8.981465559
-5.841956816	8.981465559
-5.782136717	9.003751706
-5.798001412	8.981465559
-5.827947548	8.959178345
-4.782931442	11.23241011
-4.846974313	11.25469628
-4.818422461	11.25469628
-4.759137275	11.23241011
-4.785509559	11.23241011
-4.038884032	13.3496356
-3.9439044	13.3496356
-3.97814101	13.3496356
-4.05520923	13.3496356
-4.011453101	13.3496356
-3.238113584	15.57829398
-3.219207396	15.60058015
-3.292252438	15.5337206
-3.272747786	15.57829398
-3.223046627	15.55600783
-2.669090054	17.762379
-2.611526486	17.71780562
-2.611187495	17.78466624
-2.654618845	17.74009285
-2.615087723	17.78466624
-2.004924023	20.16933093
-2.016688257	20.16933093
-2.007502139	20.16933093
-2.000374236	20.10247031
-1.988932705	20.14704265
-1.429578949	22.19740964
-1.446965189	22.17512349
-1.493299914	22.17512349
-1.411668974	22.19740964
-1.372410896	22.17512349
-1.463199053	20.88250076
-1.460817337	20.90478693
-1.392546904	20.86021461
-1.435367975	20.92707307
-1.449052304	20.90478693
-0.870121004	24.53750095
-0.847912332	24.53750095
-0.916854758	24.5152148
-0.826825298	24.55978712
-0.867080627	24.53750095
-0.293024812	26.83301783
-0.309486891	26.81073167
-0.289198054	26.78844552
-0.315832825	26.78844552
-0.373597744	26.81073167
0.188327224	28.83881039
0.138628081	28.88338482
0.227200105	28.90567099
0.181660822	28.90567099
0.135248973	28.81652422
0.195932696	27.39018244
0.256539395	27.36789627
0.242994402	27.41247072
0.271683076	27.43475686
0.260039976	27.34561012
0.755037778	31.04518263
0.74135289	31.02289646
0.752258391	31.02289646
0.770828064	31.00061031
0.755361759	31.00061031
1.288900418	33.29612718
1.315073428	33.29612718
1.297225886	33.27384103
1.230674437	33.31841546
1.233376302	33.25155486
1.780326405	35.50249943
1.772998748	35.56936003
1.70094002	35.48021326
1.770943089	35.52478558
1.761158029	35.50249943
2.354990783	37.88716306
2.25101361	37.82030671
2.285844691	37.79801843
2.295305291	37.86487903
2.261318732	37.77573015
2.577147126	39.2912187
2.50147303	39.31350698
2.523218565	39.31350698
2.554214246	39.2912187
2.524604067	39.2912187
2.750853046	40.18268206
2.758057593	40.18268206
2.82850951	40.13810974
2.794013587	40.18268206
2.772725682	40.13810974
3.280860886	42.25533521
3.329242488	42.25533521
3.319458866	42.25533521
3.265919753	42.23304693
3.284362564	42.23304693
3.740694644	44.48399361
3.684052402	44.5062819
3.773809696	44.48399361
3.803022284	44.48399361
3.729793295	44.52856593
3.818797879	42.83478809
3.769820688	42.83478809
3.75501496	42.83478809
3.772137257	42.85707213
3.799369233	42.85707213
4.250824512	46.66807968
4.259485298	46.69036374
4.260544903	46.69036374
4.252742531	46.66807968
4.229734604	46.62350737
4.73690505	48.9413104
4.759574146	48.9413104
4.68170723	48.89673808
4.720899841	48.8744498
4.749789566	48.91902212
5.214120738	51.14768052
5.199777109	51.14768052
5.155684065	51.1031082
5.220987412	51.1031082
5.229512474	51.08082417
5.245230906	49.00817102
5.22962776	48.98588273
5.230751235	48.98588273
5.282769601	48.98588273
5.271004728	48.98588273
5.811459481	53.51006011
5.82322627	53.53234839
5.772528099	53.51006011
5.803134652	53.53234839
5.779266395	53.4654878
6.287481437	55.71643023
6.272152612	55.73871852
6.19204162	55.71643023
6.21253051	55.6941462
6.283518297	55.71643023
6.269203729	54.42381175
6.257040307	54.42381175
6.273827925	54.42381175
6.286912354	54.40152347
6.244352511	54.44609581
6.297140512	52.43640469
6.326292743	52.45868875
6.350021124	52.48097703
6.353521845	52.45868875
6.289874011	52.45868875
6.578037389	56.13597509
6.565548868	56.15826337
6.521991375	56.15826337
6.517494281	56.13597509
6.611411434	56.11369105
6.801904013	57.96347839
6.799065626	57.98576242
6.892722189	57.98576242
6.836601446	57.9411901
6.754646525	57.96347839
7.175051673	59.96927094
7.207368028	59.94698266
7.159252125	59.96927094
7.213577479	59.92469438
7.203729348	59.92469438
7.684949691	62.39850689
7.741132388	62.42079517
7.704502884	62.33164629
7.742714451	62.37621861
7.703715366	62.35393457
8.175012211	64.29286653
8.191797913	64.29286653
8.255247111	64.27057825
8.230858951	64.27057825
8.146058617	64.29286653
8.310709353	64.7385982
8.245668512	64.71630992
8.336345535	64.6717376
8.344548372	64.71630992
8.294707338	64.69402589
8.729797499	66.34323141
8.685454403	66.38780372
8.591260054	66.32094737
8.675868778	66.36551969
8.709045464	66.34323141
8.737862377	64.85003113
8.736804688	64.85003113
8.720477574	64.85003113
8.662648945	64.87231942
8.716248096	64.85003113
8.911044882	67.27926708
8.868932769	67.21241073
8.866949602	67.21241073
8.930335569	67.21241073
8.929276602	67.21241073
9.173057286	69.12905441
9.182700394	69.08448207
9.205770913	69.10677035
9.261280419	69.03990976
9.264459234	69.08448207
9.658051713	71.20170756
9.654809028	71.17941928
9.715877149	71.13484697
9.71237579	71.15713525
9.661478344	71.13484697
10.19015417	73.60865522
10.18837092	73.60865522
10.21454361	73.60865522
10.19966571	73.56408716
10.25934849	73.56408716
10.64843557	75.592168
10.77566928	75.56987972
10.79906362	75.54759143
10.74704143	75.52530315
10.71300441	75.52530315
11.23908775	77.90997103
11.30908044	77.86539447
11.24853542	77.86539447
11.19077002	77.88768275
11.26268009	77.86539447
11.74961297	80.0494848
11.80559256	80.0494848
11.77148721	80.02719652
11.74702113	79.96033168
11.80215252	80.02719652
12.32282032	82.38957612
12.33536951	82.34499955
12.32420374	82.36728783
12.33113876	82.34499955
12.26715752	82.32271127
12.79633026	84.52908139
12.89202683	84.4845133
12.8636749	84.52908139
12.82440883	84.4845133
12.90061609	84.46222502
12.96076639	82.52328883
12.93141553	82.50100903
12.87127161	82.50100903
12.90128033	82.50100903
12.88073077	82.54557712
13.4978999	86.91374927
13.53226329	86.8468929
13.46517797	86.8468929
13.44956812	86.78002805
13.46815176	86.8468929
14.05609777	88.71896426
14.00407302	88.6743877
13.93024684	88.6743877
14.00401425	88.69667598
14.02938729	88.65209942
14.03374196	86.62402705
14.04392668	86.66859514
14.04075106	86.64630686
14.02541968	86.66859514
14.02251359	86.66859514
14.2756027	89.54356277
14.26158833	89.49899471
14.32642925	89.52128299
14.35193769	89.49899471
14.268927	89.52128299
14.57380966	91.21505658
14.56752867	91.17048849
14.59567878	91.14820021
14.5953441	91.12591192
14.58900435	91.17048849
14.70666458	88.74125254
14.64241509	88.71896426
14.56878563	88.71896426
14.61076106	88.74125254
14.65484165	88.71896426
14.78929844	91.19277677
14.83291789	91.14820021
14.89974517	91.17048849
14.90529038	91.14820021
14.88942887	91.14820021
15.2702122	93.42143517
15.24594668	93.35457033
15.35547368	93.37685861
15.33993281	93.33228205
15.27575102	93.31000226
15.8713295	95.36036288
15.92717241	95.31579482
15.86120609	95.29350654
15.76794808	95.31579482
15.87151089	95.24892997
16.09657636	96.18496989
16.00740859	96.14039333
16.1102535	96.14039333
16.17304037	96.11810505
16.11375231	96.11810505
16.14260499	93.88944665
16.11913656	93.86716686
16.09891656	93.88944665
16.19799186	93.88944665
16.19316584	93.91173493
16.64169619	97.54445322
16.74976312	97.54445322
16.77005721	97.54445322
16.69648524	97.52216494
16.65656515	97.52216494
17.3355963	99.81767969
17.35516227	99.83996797
17.35072458	99.79539141
17.36704978	99.81767969
17.29652313	99.7731116
17.57591395	100.6868548
17.54061933	100.664575
17.54808447	100.6422867
17.48780515	100.6422867
17.5686417	100.6199984
17.59505582	97.99018489
17.61442251	98.0124647
17.56782416	97.99018489
17.61396265	97.99018489
17.63227037	97.99018489
17.65010929	96.98728862
17.62704197	96.96500034
17.54997247	96.96500034
17.64673695	96.96500034
17.68526979	96.96500034
17.80946903	100.2856996
17.84886283	100.2856996
17.89314397	100.2634114
17.91865242	100.2634114
17.8826399	100.2856996
18.28434707	101.8680488
18.30781039	101.8680488
18.26359568	101.8680488
18.26497783	101.8457605
18.26748537	101.8234722
18.64707433	103.138379
18.55869982	103.1160992
18.58540519	103.1160992
18.56339555	103.1160992
18.62578387	103.0715226
18.65344473	100.352556
18.65951878	100.2856996
18.68734698	100.3302762
18.61966128	100.2856996
18.68932695	100.2634114
18.93314468	102.5812144
18.83764483	102.6035027
18.79461043	102.5589346
18.88648246	102.5812144
18.91787717	102.5812144
19.32431968	104.431006
19.30362832	104.4087177
19.30541157	104.4087177
19.35775695	104.4087177
19.30328981	104.319573
19.7467808	105.4784703
19.69780393	105.4784703
19.75510819	105.4784703
19.77599499	105.4784703
19.7385786	105.4339022
19.88315497	105.0996035
19.85533187	105.0773152
19.79292567	105.0550269
19.9160634	105.0327386
19.90138988	105.0550269
19.86487918	103.8515531
19.88490501	103.8515531
19.84961422	103.8738414
19.8371174	103.8515531
19.93943475	103.8515531
19.95892407	104.7430164
19.96764873	104.7430164
19.89560964	104.7430164
19.97161889	104.7430164
19.96573262	104.7207282
19.87810156	102.8263685
19.98616467	102.8263685
20.05867767	102.8486568
19.98596539	102.8263685
19.92390409	102.8040802
20.04520619	98.81367197
20.0544533	98.79138369
20.01790555	98.81367197
20.10435374	98.81367197
20.09609278	98.79138369
19.88623989	93.95519156
19.83903989	93.9106235
19.93673815	93.95519156
19.92999858	93.97747984
19.87559658	93.95519156
19.707212	88.87385381
19.68910227	88.89614209
19.63530065	88.87385381
19.56319003	88.87385381
19.65076232	88.85156553
19.56479955	89.07443137
19.70187884	89.0298633
19.7016157	89.05214309
19.64107195	89.0298633
19.60921482	89.05214309
19.59248085	89.96589473
19.58343557	90.01047129
19.57404539	90.01047129
19.65051834	90.01047129
19.6435169	90.03275957
19.4019078	85.06284626
19.4095109	85.08513454
19.43622009	85.1297111
19.39484504	85.10742282
19.28743852	85.10742282
18.99805076	80.22666263
19.13857009	80.22666263
19.12648203	80.29351898
19.11788129	80.24894241
19.05033227	80.24894241
18.69626836	75.59104807
18.81941502	75.65791291
18.85841027	75.6801927
18.79958719	75.6801927
18.76495554	75.6801927
18.5383623	71.31202904
18.52223893	71.33430883
18.4784828	71.33430883
18.44312048	71.33430883
18.40994507	71.35659711
18.05708831	66.85470799
18.14003769	66.85470799
18.11142005	66.87699627
18.10600131	66.85470799
18.08888029	66.83242396
18.16007374	67.43416087
18.06714018	67.41187259
18.10858805	67.43416087
18.10124682	67.38958856
18.07395257	67.43416087
17.84112816	62.4642518
17.74707561	62.44196352
17.7325426	62.50882412
17.72778045	62.48654008
17.76221665	62.48654008
17.69545962	62.97684409
17.74562064	62.95455581
17.7599697	62.97684409
17.80570325	62.97684409
17.74404305	62.99912812
17.75275749	63.91287976
17.7355726	63.91287976
17.67780465	63.93516804
17.75619753	63.91287976
17.73452002	63.95745207
17.35201475	58.69782081
17.34791429	58.69782081
17.42670445	58.69782081
17.41341691	58.69782081
17.29272925	58.72010485
17.10123391	55.75598834
17.10011235	55.75598834
17.13552832	55.68913197
17.18464698	55.75598834
17.18628972	55.71141602
17.05434559	56.55412854
17.19560198	56.59870085
17.14807879	56.59870085
17.07299182	56.57641682
17.13829645	56.59870085
17.12653285	56.57641682
17.15640746	56.59870085
17.1383616	56.59870085
17.15574576	56.59870085
17.09877619	56.64327317
16.95920213	53.47857909
16.97235681	53.47857909
16.97533572	53.52315141
16.96409202	53.45629506
16.90468133	53.52315141
16.60383143	48.97668997
16.5791763	48.95440169
16.51275267	48.97668997
16.62907801	48.97668997
16.56575719	48.93211766
16.20307848	44.67537842
16.20500097	44.6976667
16.12244758	44.6976667
16.19587776	44.67537842
16.20090306	44.6976667
16.11386983	45.29940361
16.18941794	45.29940361
16.20951148	45.29940361
16.11234844	45.29940361
16.19271875	45.27711533
15.82918546	40.53007636
15.68264445	40.48549979
15.78456325	40.48549979
15.76017636	40.50778808
15.77346007	40.48549979
15.39685895	36.85279
15.41708661	36.89736231
15.47009241	36.85279
15.35634231	36.85279
15.44729462	36.89736231
15.35626312	38.25684139
15.43095409	38.27912967
15.37139905	38.25684139
15.4115874	38.25684139
15.3636069	38.30141795
15.19683568	35.87217776
15.23391227	35.82760543
15.13067264	35.84989371
15.30628476	35.82760543
15.19973921	35.82760543
14.75575769	31.50400772
14.89139096	31.52629387
14.82324284	31.52629387
14.85087433	31.52629387
14.83791381	31.52629387
14.37930859	27.5592832
14.46787981	27.58156937
14.40337612	27.60385552
14.47660958	27.60385552
14.39411496	27.5592832
13.83688025	22.63394856
13.82233958	22.58937414
13.87257214	22.63394856
13.90627767	22.58937414
13.80020476	22.65623473
13.86169251	23.32483224
13.82831527	23.32483224
13.87762299	23.3025461
13.85535404	23.34711841
13.78720208	23.3025461
13.19835679	18.24349026
13.34329976	18.2212041
13.24203755	18.17663178
13.29531799	18.2212041
13.25704575	18.19891793
12.75718938	13.80846067
12.64660213	13.76388729
12.77350053	13.71931393
12.61329004	13.76388729
12.7226165	13.76388729
12.6640425	14.67763682
12.70105778	14.67763682
12.61612332	14.67763682
12.65789692	14.67763682
12.72564905	14.69992403
12.41750646	11.89181381
12.3745436	11.89181381
12.41254504	11.89181381
12.37554381	11.9363872
12.35009924	11.95867443
11.92931534	9.128278046
11.97485344	9.105990832
11.9654722	9.150564215
11.92271117	9.150564215
12.02409602	9.105990832
11.55078918	6.877332964
11.62217807	6.944192492
11.55972588	6.988765875
11.60136536	6.988765875
11.51339196	6.988765875
11.47634474	7.746509618
11.52412213	7.679650089
11.52696946	7.724222938
11.44527321	7.701936769
11.54785371	7.701936769
11.04906653	4.760107473
11.17141482	4.804680855
11.11570221	4.849253704
11.13235826	4.826967024
11.1578667	4.804680855
10.61987541	2.330869928
10.67698231	2.353156363
10.58960482	2.330869928
10.66831961	2.308583248
10.55635404	2.308583248
10.61699807	3.066326991
10.57059771	3.044040577
10.65433844	3.044040577
10.59154711	3.021753875
10.54713184	3.044040577
10.5716867	3.289192835
10.6600612	3.333766218
10.58252929	3.311479515
10.55509963	3.333766218
10.57340608	3.289192835
10.33368434	1.974284492
10.46078138	1.951997923
10.40889586	1.929711243
10.41200122	1.929711243
10.4240401	1.996571038
10.38637398	2.447874392
10.42563302	2.447874392
10.37156762	2.447874392
10.34737937	2.447874392
10.45286595	2.447874392
10.42443482	2.381014597
10.34412583	2.358728161
10.34300682	2.381014597
10.39496068	2.403301277
10.45536902	2.381014597
10.10065939	0.286075741
10.05888195	0.26378915
10.01658398	0.286075741
10.09325684	0.286075741
10.095834	0.286075741
6.655456256	-6.333039581
6.630633141	-6.355326284
6.700823828	-6.355326284
6.639119561	-6.377612964
6.616288555	-6.355326284
6.593971064	-6.110173737
6.677637704	-6.154747119
6.679791404	-6.132460439
6.661284403	-6.132460439
6.661509864	-6.154747119
6.683228254	-5.976454145
6.663635461	-5.954167977
6.636802993	-5.954167977
6.703256641	-5.976454145
6.662542644	-5.976454145
5.121738703	-8.650844215
5.179070103	-8.673130895
5.210202307	-8.673130895
5.129603986	-8.650844215
5.134861773	-8.628558046
4.041912114	-11.01322223
3.957096131	-10.94636268
3.931413324	-10.96864885
3.974372994	-10.96864885
3.997837911	-10.96864885
3.223155207	-12.97444141
3.249525894	-12.97444141
3.175660121	-12.99672862
3.129959147	-12.97444141
3.15762512	-12.95215524
3.140034975	-11.94925897
3.20040787	-11.97154512
3.153718186	-11.94925897
3.160514604	-11.99383233
3.129194622	-11.94925897
2.340297466	-15.31453272
2.381909157	-15.29224655
2.462345567	-15.29224655
2.366641648	-15.29224655
2.343375047	-15.29224655
1.77436972	-17.54319112
1.710069772	-17.49861879
1.718594993	-17.49861879
1.764360796	-17.52090495
1.745997822	-17.47633157
1.124295349	-19.81642395
1.018790163	-19.74956336
1.092872456	-19.79413567
1.173281562	-19.7718495
1.100908193	-19.7718495
0.523546142	-21.88907499
0.523754757	-21.84450268
0.566008063	-21.91136114
0.572958128	-21.86678882
0.561655236	-21.86678882
0.558011686	-20.86389256
0.541976658	-20.8861787
0.460652693	-20.86389256
0.489196242	-20.90846487
0.588999264	-20.90846487
0.301869204	-22.95883186
0.263560336	-22.98111803
0.28977049	-22.95883186
0.264910131	-23.00340419
0.285164079	-23.02569034
-0.037297475	-24.16230782
-0.068511957	-24.09544723
-0.028890985	-24.1177334
-0.002312052	-24.07316106
-0.030837256	-24.09544723
-0.489196042	-26.39096623
-0.466488943	-26.36867794
-0.578717655	-26.36867794
-0.575441877	-26.34639178
-0.514001354	-26.32410563
-1.077464513	-28.66419694
-1.012729609	-28.68648309
-1.076171223	-28.64191077
-1.107962486	-28.64191077
-1.057571451	-28.66419694
-1.409502979	-30.64770333
-1.451341089	-30.64770333
-1.466289887	-30.69227565
-1.445574417	-30.71456182
-1.453439063	-30.71456182
-1.57919115	-30.84828301
-1.522312269	-30.82599473
-1.567653016	-30.82599473
-1.592041655	-30.82599473
-1.599869575	-30.80370858
-2.070091806	-33.23294666
-2.088436257	-33.25523281
-2.032906792	-33.21066049
-2.023664948	-33.25523281
-2.108482048	-33.18837434
-2.077274957	-32.09633129
-2.096206853	-32.07404514
-2.130479231	-32.09633129
-2.088207602	-32.07404514
-2.043038985	-32.09633129
-2.528732471	-35.30559981
-2.600697949	-35.26102536
-2.558435741	-35.28331153
-2.523999536	-35.28331153
-2.532950452	-35.26102536
-3.095780978	-37.57883053
-3.08381715	-37.57883053
-3.047001145	-37.57883053
-3.063978457	-37.53425822
-3.101426776	-37.55654225
-3.527786214	-39.80748893
-3.636105755	-39.76291662
-3.634294399	-39.78520065
-3.578917424	-39.82977721
-3.581445722	-39.76291662
-4.064437183	-41.96928672
-4.122175755	-41.991575
-4.122801363	-41.96928672
-4.05567676	-41.94700268
-4.102366443	-41.9247144
-4.593214884	-44.08651221
-4.510652239	-44.04193987
-4.581477476	-44.06422815
-4.587132854	-44.08651221
-4.581214012	-44.06422815
-4.59912255	-42.86075007
-4.616959553	-42.81617776
-4.62014252	-42.86075007
-4.653981538	-42.86075007
-4.613493323	-42.83846604
-5.029218389	-46.4488918
-5.12793538	-46.47117584
-5.08678515	-46.4488918
-5.069111016	-46.47117584
-5.0774285	-46.42660352
-5.507761616	-48.56611727
-5.552033816	-48.52154496
-5.580126442	-48.52154496
-5.548965497	-48.54382899
-5.538087779	-48.52154496
-6.063779597	-50.57190983
-6.076656448	-50.52733751
-6.090377663	-50.54962155
-6.035940536	-50.52733751
-6.013270482	-50.52733751
-6.611368641	-53.02343408
-6.577821508	-53.0011458
-6.536381309	-53.0011458
-6.62051931	-53.0011458
-6.591123734	-52.9342852
-7.048585677	-55.20752014
-7.047699798	-55.2298042
-7.059717597	-55.18523186
-7.096724573	-55.14065955
-7.101030056	-55.18523186
-7.613190354	-57.48075086
-7.551950423	-57.45846258
-7.563723599	-57.50303491
-7.587245041	-57.45846258
-7.611897623	-57.45846258
-8.112237481	-59.64254867
-8.128590782	-59.62026038
-8.073042955	-59.64254867
-8.049739948	-59.62026038
-8.047122551	-59.59797635
-8.588225586	-62.00492826
-8.559211314	-62.00492826
-8.568332604	-62.00492826
-8.623945579	-61.98263998
-8.604750697	-62.00492826
-9.079071153	-64.27815898
-9.155597755	-64.23358666
-9.13425045	-64.23358666
-9.061478133	-64.23358666
-9.060617803	-64.23358666
-9.590990022	-66.23937922
-9.581197458	-66.19480266
-9.555036264	-66.23937922
-9.555488464	-66.19480266
-9.560049428	-66.19480266
-9.595059186	-65.21419465
-9.654515864	-65.23648293
-9.591755186	-65.21419465
-9.573237966	-65.16962233
-9.596634861	-65.16962233
-9.629287174	-64.59016945
-9.631414687	-64.63474177
-9.623769436	-64.56788542
-9.628799845	-64.61245773
-9.584354557	-64.63474177
-9.632708056	-62.81002984
-9.648579777	-62.85460215
-9.696926251	-62.83231387
-9.669639666	-62.87689044
-9.652506511	-62.83231387
-9.862402189	-66.75475436
-9.90318261	-66.75475436
-9.943461652	-66.73246608
-9.976575106	-66.73246608
-9.977435436	-66.73246608
-9.973488903	-65.03868824
-9.959571607	-65.01639996
-9.972196172	-65.01639996
-9.989156877	-65.03868824
-9.968003738	-65.03868824
-10.32630607	-68.89426811
-10.38407147	-68.89426811
-10.38013324	-68.87197983
-10.31258613	-68.87197983
-10.30346357	-68.87197983
-10.64208944	-70.9223447
-10.62547363	-70.94463298
-10.64516031	-70.90006067
-10.63755785	-70.90006067
-10.60685166	-70.87777238
-11.12831783	-72.97271382
-11.154	-72.9950021
-11.06817136	-72.97271382
-11.07494031	-72.95042554
-11.06579156	-72.97271382
-11.60251502	-75.29051685
-11.61298461	-75.26822857
-11.55059374	-75.26822857
-11.58769971	-75.24594029
-11.58525476	-75.24594029
-12.12408466	-77.51917525
-12.11664635	-77.49688697
-12.1026358	-77.49688697
-12.13623659	-77.47459869
-12.13626341	-77.45231891
-12.6076286	-79.23524562
-12.59324633	-79.21295734
-12.60084815	-79.21295734
-12.61347399	-79.21295734
-12.61063049	-79.21295734
-13.10574258	-81.9319155
-13.10528144	-81.9319155
-13.16763527	-81.90963569
-13.13624056	-81.90963569
-13.10073772	-81.86505913
-13.34452479	-82.53365666
-13.3643258	-82.55594494
-13.34932271	-82.55594494
-13.30750568	-82.4890801
-13.27152127	-82.51136838
-13.62062502	-83.95999634
-13.67905212	-83.95999634
-13.660563	-83.89313997
-13.64460825	-83.91542825
-13.62914146	-83.91542825
-13.79507599	-84.78460332
-13.74586152	-84.76231504
-13.74496478	-84.74002676
-13.7181585	-84.71773848
-13.80444957	-84.74002676
-13.84169989	-81.61990502
-13.79309218	-81.64219328
-13.78137968	-81.59761674
-13.81487444	-81.66448156
-13.85326548	-81.61990502
-14.04212554	-84.60630557
-14.08505903	-84.62859385
-14.07808058	-84.60630557
-14.09248968	-84.60630557
-14.0498155	-84.58402578
-14.77097155	-88.57332261
-14.81240409	-88.52874605
-14.78387714	-88.50645777
-14.71108439	-88.52874605
-14.7263519	-88.52874605
-14.82889662	-86.30008765
-14.74152616	-86.34466421
-14.76586322	-86.38923228
-14.80969855	-86.32237593
-14.82797945	-86.34466421
-15.02946152	-89.01905428
-15.04544437	-88.97447772
-15.02254822	-88.996766
-15.00182365	-88.97447772
-15.01471008	-88.97447772
-15.35303257	-90.84654908
-15.31093834	-90.89112565
-15.27893047	-90.80198099
-15.31600835	-90.80198099
-15.29311347	-90.82426928
-15.5300179	-91.71573263
-15.53264934	-91.67115607
-15.56616199	-91.67115607
-15.53327399	-91.64886779
-15.49947138	-91.67115607
-15.59334894	-89.39792113
-15.60442529	-89.42020941
-15.57738524	-89.37564132
-15.60181172	-89.39792113
-15.57239699	-89.39792113
-15.76702579	-91.15856803
-15.78447255	-91.15856803
-15.80448816	-91.11399149
-15.75392859	-91.11399149
-15.77290695	-91.15856803
-16.02667437	-93.09749577
-16.05432757	-93.07520749
-16.04190739	-93.07520749
-16.10621691	-93.07520749
-16.05089135	-93.07520749
-16.55685625	-95.2592978
-16.55400254	-95.21472124
-16.5888986	-95.21472124
-16.57951481	-95.21472124
-16.57627915	-95.21472124
-16.83529924	-96.12847287
-16.83791153	-96.15076116
-16.82224547	-96.15076116
-16.8333908	-96.17304944
-16.81223191	-96.12847287
-16.91204428	-94.07810375
-16.88520861	-94.07810375
-16.90727318	-94.03353569
-16.89418747	-94.03353569
-16.92692984	-94.01124741
-17.31866817	-97.35423499
-17.29685653	-97.35423499
-17.35852439	-97.35423499
-17.36440811	-97.35423499
-17.38858677	-97.30965842
-17.80811882	-99.00344051
-17.80592935	-98.95887244
-17.82974907	-98.93658416
-17.82579295	-98.98115223
-17.85847273	-98.95887244
-17.85260434	-96.95307988
-17.88945867	-96.97535967
-17.86222701	-96.97535967
-17.8724705	-96.97535967
-17.85849828	-96.99764795
-18.22841347	-100.0286251
-18.2602425	-100.0509134
-18.28113057	-100.0509134
-18.24863858	-100.0286251
-18.28459361	-100.0286251
-18.29196294	-97.79996668
-18.24772012	-97.82225496
-18.29002002	-97.82225496
-18.270615	-97.79996668
-18.26401722	-97.84454324
-18.7370788	-101.9006964
-18.75104335	-101.8338401
-18.80858521	-101.8561284
-18.78568905	-101.8784081
-18.7515326	-101.8115518
-19.06186082	-102.925881
-19.02808631	-102.925881
-19.00914244	-102.9035927
-19.02022262	-102.925881
-19.06665746	-102.9481693
-19.11410018	-99.91719215
-19.06288785	-99.96176871
-19.06965553	-99.93948043
-19.08988191	-99.93948043
-19.15204029	-99.91719215
-19.59021602	-103.8619209
-19.63403474	-103.8619209
-19.61181689	-103.8173443
-19.6432116	-103.8173443
-19.61858584	-103.7950561
-20.07616275	-105.6671274
-20.12695226	-105.6448476
-20.08491551	-105.6448476
-20.08381822	-105.6225593
-20.0552734	-105.6671274
-20.14176118	-102.5470057
-20.11671516	-102.5470057
-20.0907443	-102.5915822
-20.13347084	-102.569294
-20.1360563	-102.6138705
-20.28318491	-104.4636536
-20.28556471	-104.4636536
-20.27574405	-104.4413653
-20.31169525	-104.4413653
-20.32325191	-104.3967972
-20.57758393	-106.4694461
-20.62510584	-106.4694461
-20.62945795	-106.4248781
-20.67239143	-106.4471579
-20.67192007	-106.4025898
-21.22256211	-108.2746611
-21.21274144	-108.2523729
-21.21816018	-108.2523729
-21.21772586	-108.2300846
-21.19095024	-108.1855165
-21.24067056	-105.6002711
-21.25024469	-105.5556945
-21.26351306	-105.6225593
-21.25524955	-105.6225593
-21.28667236	-105.6002711
-21.64049612	-109.1884128
-21.62308257	-109.2107011
-21.612194	-109.1438362
-21.62181284	-109.1661245
-21.63463795	-109.1661245
-21.67709369	-108.5198153
-21.6866461	-108.5421035
-21.65335189	-108.4752387
-21.69675035	-108.497527
-21.66800114	-108.497527
-21.66313679	-106.692312
-21.71000978	-106.7368885
-21.70606772	-106.7146003
-21.72242358	-106.692312
-21.71630482	-106.6700237
-21.73976303	-106.3580132
-21.72248745	-106.3803015
-21.69831389	-106.3134451
-21.69855149	-106.3357249
-21.70879625	-106.3357249
-21.69870733	-106.0014262
-21.70564873	-106.0014262
-21.76493552	-106.0014262
-21.76229129	-106.0014262
-21.73459722	-106.0014262
-21.8054777	-105.8231369
-21.77976871	-105.8231369
-21.74579492	-105.8231369
-21.71290693	-105.8008486
-21.67192787	-105.8008486
-21.84359793	-103.3278761
-21.81501479	-103.3501643
-21.83705508	-103.3278761
-21.81352534	-103.3278761
-21.83576491	-103.3501643
-21.84256324	-103.1495783
-21.83909126	-103.1272985
-21.82407923	-103.0827219
-21.78551702	-103.1050102
-21.81625131	-103.1050102
-21.63288536	-97.48878766
-21.59649217	-97.46649938
-21.61456486	-97.44421957
-21.60997643	-97.46649938
-21.63855702	-97.44421957
-21.3929356	-93.03147086
-21.4230082	-93.03147086
-21.41231251	-93.07604742
-21.44702847	-93.00918258
-21.40234622	-93.00918258
-21.15321323	-88.86388474
-21.12663177	-88.81930818
-21.17958391	-88.86388474
-21.15755001	-88.88616455
-21.18088175	-88.88616455
-20.86026662	-84.18370212
-20.84803932	-84.18370212
-20.83561276	-84.18370212
-20.81776745	-84.18370212
-20.85001291	-84.13912555
-20.55762836	-79.59266412
-20.55785318	-79.57037584
-20.54259589	-79.6149524
-20.58294008	-79.59266412
-20.53217995	-79.59266412
-20.48712854	-81.35330255
-20.49387066	-81.35330255
-20.47902853	-81.33101427
-20.51868675	-81.33101427
-20.49536267	-81.37559083
-20.1801139	-75.55879072
-20.20959123	-75.55879072
-20.18603338	-75.581079
-20.20804302	-75.581079
-20.18821518	-75.581079
-19.89233566	-71.50262904
-19.8942888	-71.52491732
-19.88269255	-71.54720561
-19.93566641	-71.52491732
-19.93279353	-71.54720561
-19.53623557	-67.00074417
-19.57615693	-67.00074417
-19.5722187	-66.97845589
-19.59532435	-67.00074417
-19.57089659	-66.97845589
-19.2043167	-63.03373137
-19.22744789	-63.03373137
-19.20804543	-63.01144309
-19.25445345	-63.05601543
-19.24854419	-63.07830371
-18.81575399	-58.33126046
-18.85501366	-58.33126046
-18.8392914	-58.37583278
-18.86655116	-58.35354874
-18.86806999	-58.35354874
-18.61533344	-55.54543746
-18.6122549	-55.52315343
-18.63619469	-55.56772574
-18.62617603	-55.54543746
-18.57234758	-55.56772574
-18.59422437	-55.87973622
-18.61928572	-55.92430855
-18.6118704	-55.87973622
-18.6652773	-55.87973622
-18.67376436	-55.85745218
-18.62385371	-56.77008814
-18.64500877	-56.77008814
-18.60408719	-56.72551158
-18.5992816	-56.65865523
-18.570747	-56.74779986
-18.54561795	-57.5946909
-18.52398897	-57.6615515
-18.58893082	-57.68383553
-18.59176537	-57.63926321
-18.60465308	-57.63926321
-18.33058392	-53.29337934
-18.33707312	-53.33795166
-18.34737281	-53.29337934
-18.34557168	-53.36023994
-18.35933696	-53.29337934
-17.98942432	-49.37093886
-17.99751666	-49.34865482
-17.97679976	-49.37093886
-17.96782218	-49.41551542
-17.99312623	-49.37093886
-17.54672659	-44.40103404
-17.53973026	-44.44560635
-17.56348611	-44.42331807
-17.53597598	-44.49017867
-17.52792834	-44.42331807
-17.08852376	-39.98828957
-17.09067618	-40.0105736
-17.0898101	-39.96600129
-17.10829794	-40.03286188
-17.08628192	-39.98828957
-16.72896702	-35.70926629
-16.71217812	-35.70926629
-16.7162888	-35.75383861
-16.6790372	-35.73155033
-16.68099291	-35.75383861
-16.60735834	-37.06874537
-16.64899909	-37.06874537
-16.63439072	-37.06874537
-16.62483192	-37.04646132
-16.60956569	-37.04646132
-16.14954767	-31.02908153
-16.15714949	-31.02908153
-16.16762035	-31.00679536
-16.14818724	-31.00679536
-16.16606831	-31.02908153
-15.63455409	-26.72777209
-15.65136981	-26.70548381
-15.61409522	-26.70548381
-15.64218785	-26.70548381
-15.61564216	-26.68319766
-15.10239862	-22.5156073
-15.09653918	-22.49332115
-15.09237612	-22.49332115
-15.10893381	-22.47103287
-15.11284138	-22.5156073
-15.12108574	-23.16191866
-15.1644497	-23.20649098
-15.14941085	-23.18420481
-15.17882431	-23.18420481
-15.16224107	-23.22877715
-15.11700699	-23.71908326
-15.14948749	-23.69679498
-15.10087979	-23.71908326
-15.12573165	-23.71908326
-15.09740526	-23.69679498
-14.51993522	-17.72399174
-14.49614233	-17.72399174
-14.50377992	-17.7462779
-14.47152424	-17.7462779
-14.46564691	-17.7462779
-13.85899974	-13.5786865
-13.87641201	-13.55640033
-13.89079428	-13.5786865
-13.89451152	-13.51182694
-13.95461456	-13.60097371
-13.16905446	-9.054510162
-13.15707882	-9.00993678
-13.1472837	-9.076796309
-13.13224229	-9.054510162
-13.15246484	-9.054510162
-12.68930824	-6.580699235
-12.68796058	-6.602985915
-12.69668268	-6.602985915
-12.71929781	-6.647559298
-12.7164211	-6.625272618
-12.64912117	-7.31615681
-12.65438024	-7.338442978
-12.66852491	-7.338442978
-12.6853138	-7.338442978
-12.67529386	-7.31615681
-12.57198397	-6.424693453
-12.52925487	-6.446979622
-12.57612659	-6.491553004
-12.56741981	-6.424693453
-12.59684094	-6.469266302
-11.26003076	0.105275816
-11.26723403	0.127562385
-11.2638668	0.082989225
-11.24185971	0.082989225
-11.23947991	0.082989225
-10.28718563	2.423080583
-10.24059942	2.333934085
-10.28540429	2.400793903
-10.24660449	2.400793903
-10.29644807	2.356220788
-9.526577662	3.359117055
-9.557509953	3.359117055
-9.552945795	3.381403758
-9.553671999	3.403690171
-9.544546877	3.425976873
-9.523747578	2.784680277
-9.479266523	2.784680277
-9.526542534	2.65096093
-9.513105542	2.806966957
-9.521967519	2.762393842
-9.400111667	3.475564469
-9.364876447	3.520137585
-9.391123227	3.453277789
-9.362171549	3.475564469
-9.366487251	3.341844855
-9.425142998	3.118979033
-9.401150833	3.118979033
-9.407495051	3.118979033
-9.417799214	3.163552415
-9.409937443	3.141265713
-9.324506072	3.386418238
-9.325351073	3.497851171
-9.357144972	3.475564469
-9.344719043	3.475564469
-9.333616503	3.475564469
-9.551225774	2.405808383
-9.55142441	2.405808383
-9.539520939	2.450381499
-9.541578833	2.38352197
-9.520551518	2.450381499
-9.500239548	2.606387815
-9.505523522	2.628674228
-9.471087956	2.628674228
-9.472869932	2.65096093
-9.453901151	2.65096093
-9.436789712	3.029832802
-9.428266246	3.029832802
-9.453517291	3.0075461
-9.417822846	3.029832802
-9.428728027	3.029832802
-9.409073919	3.185838829
-9.412775192	3.185838829
-9.412913151	3.141265713
-9.415816047	3.185838829
-9.439484391	3.141265713
-9.337501722	3.118979033
-9.388784943	3.163552415
-9.353427093	3.141265713
-9.390504965	3.163552415
-9.357128365	3.141265713
-9.422298224	3.141265713
-9.407553811	3.185838829
-9.397310324	3.163552415
-9.358911619	3.141265713
-9.371277509	3.096692598
-9.330285039	3.208125531
-9.342449738	3.185838829
-9.323154581	3.141265713
-9.366115527	3.141265713
-9.338882593	3.163552415
-9.138539966	3.095856888
-9.150903941	3.073570208
-9.14528401	3.073570208
-9.175553968	3.095856888
-9.099481483	3.073570208
-9.142841618	3.051283505
-9.140258072	3.095856888
-9.128031418	3.095856888
-9.139400297	3.095856888
-9.193203832	3.073570208
-9.169285756	3.006710412
-9.075030092	3.028997092
-9.132198943	3.051283505
-9.182237335	3.028997092
-9.140262543	3.051283505
-9.106088845	3.073570208
-9.118911407	3.073570208
-9.093600324	3.051283505
-9.159890464	3.073570208
-9.153610117	3.073570208
-9.140712189	3.140430003
-9.110900818	3.162716439
-9.112358973	3.140430003
-9.137149514	3.095856888
-9.099395897	3.185003119
-9.06637697	3.247405485
-9.136041368	3.247405485
-9.050384535	3.225119072
-9.089642294	3.247405485
-9.092421282	3.225119072
-8.786911422	2.690240885
-8.809914878	2.690240885
-8.763254575	2.667954471
-8.776476963	2.623381356
-8.858569206	2.623381356
-9.115304023	1.642771501
-9.085031511	1.642771501
-9.055882474	1.665058048
-9.115764527	1.665058048
-9.068643081	1.620484932
-9.097628611	1.843350777
-9.086262288	1.843350777
-9.044298992	1.798777662
-9.064527931	1.754204413
-9.085005963	1.843350777
-9.001301639	2.511948422
-8.974854946	2.578807973
-8.989995992	2.534234858
-8.984975802	2.489661742
-8.978756132	2.534234858
-8.314312904	4.540027682
-8.323883839	4.629173914
-8.345708253	4.540027682
-8.32455703	4.540027682
-8.256149596	4.540027682
-6.877934344	6.657253151
-6.903168144	6.768686063
-6.822809337	6.67953932
-6.874954804	6.701826
-6.871975264	6.724112702
-5.558221552	8.841338171
-5.593043531	8.908198234
-5.573675562	8.908198234
-5.63732148	8.952770571
-5.566334332	8.952770571
-5.50715996	8.105881108
-5.552225427	8.19502734
-5.573975751	8.150453957
-5.610329336	8.150453957
-5.548537567	8.083594428
-4.466926448	11.13685664
-4.412800368	11.09228325
-4.490854423	11.13685664
-4.462304807	11.09228325
-4.461444796	11.09228325
-3.627221424	13.34322782
-3.577905083	13.41008735
-3.610173855	13.29865444
-3.620602885	13.41008735
-3.571575236	13.29865444
-2.856250211	15.63874576
-2.827501001	15.61645959
-2.833058658	15.5718862
-2.864051944	15.61645959
-2.747724369	15.61645959
-2.248617204	17.8896903
-2.200762211	17.8896903
-2.217088526	17.8896903
-2.216963181	17.84511799
-2.205921797	17.86740416
-1.54927152	19.94005731
-1.572203282	19.96234346
-1.605180853	19.98462963
-1.611861506	19.94005731
-1.555416782	19.94005731
-0.954596	22.19100186
-1.011302192	22.21328803
-1.022269966	22.23557418
-0.987637761	22.21328803
-1.044415727	22.21328803
-0.976872455	21.16581942
-0.991417274	21.14353326
-0.995118466	21.14353326
-0.938396946	21.23267791
-0.908001962	21.16581942
-0.431807757	24.59795379
-0.397434944	24.62023994
-0.379586883	24.64252611
-0.39889246	24.59795379
-0.403654495	24.57566551
0.094239028	26.71517926
0.128749552	26.78203775
0.133708546	26.78203775
0.083808113	26.80432389
0.143940397	26.69289098
0.623353755	29.03298229
0.688981243	28.98840998
0.65520825	29.01069613
0.680122619	28.98840998
0.689643256	29.01069613
1.15369827	31.15020776
1.192432692	31.17249604
1.144440059	31.12792162
1.170947509	31.15020776
1.173066479	31.17249604
1.659283141	33.46801293
1.65558123	33.46801293
1.704822364	33.46801293
1.685916175	33.44572676
1.668130108	33.40115445
2.211165373	35.54066608
2.161861486	35.56295225
2.177388627	35.51837994
2.152875921	35.5852384
2.18439374	35.51837994
2.233024117	33.91374462
2.226616828	33.93603077
2.235203844	33.89145845
2.230305646	33.84688614
2.233685651	33.91374462
2.72720035	37.8807574
2.709889956	37.92532974
2.756872484	37.83618508
2.708756262	37.85846912
2.763816441	37.8807574
3.206392498	40.06484349
3.23467897	40.0425552
3.234155235	40.06484349
3.14320389	40.0425552
3.259928418	40.0425552
3.719699584	42.29350189
3.721680196	42.27121361
3.608256475	42.24892955
3.721081413	42.24892955
3.746197054	42.24892955
4.184865538	44.36615504
4.16628317	44.29929445
4.143751076	44.34386676
4.163853871	44.41072736
4.161398385	44.34386676
4.223629261	43.11810465
4.15428581	43.05124403
4.166449233	43.05124403
4.217285044	43.11810465
4.186478897	43.09581637
4.168431441	43.05124403
4.145101928	43.07353231
4.198839358	43.07353231
4.17729246	43.07353231
4.166910694	43.05124403
4.388069545	44.92331964
4.368303026	44.90103136
4.312981298	44.90103136
4.375580386	44.94560368
4.347614542	44.90103136
4.716131299	46.90682392
4.71785196	46.9291122
4.684466099	46.88453564
4.771517536	46.90682392
4.725378093	46.8622516
5.152264779	48.8903282
5.149621196	48.8903282
5.14393516	48.86804416
5.089673356	48.8903282
5.090457681	48.82347182
5.627606199	50.91840903
5.609437071	50.96298135
5.548819234	50.91840903
5.643997183	50.91840903
5.663226555	50.89612075
6.103992852	53.34764498
6.087205873	53.36993326
6.068360361	53.30307266
6.079862728	53.30307266
6.065194959	53.34764498
6.5008261	55.48715875
6.575313329	55.46487047
6.578554737	55.48715875
6.543787047	55.48715875
6.63142513	55.44258644
6.571537968	52.27761237
6.554225976	52.32218468
6.596387908	52.25532409
6.601549251	52.2998964
6.609076343	52.25532409
6.651519303	51.83188068
6.645834225	51.83188068
6.544515166	51.85416473
6.606052093	51.87645302
6.600694031	51.83188068
6.699366313	54.14968373
6.706445675	54.19425605
6.696847915	54.1051114
6.741865479	54.14968373
6.75363099	54.14968373
6.919717526	55.93261045
6.855272593	55.93261045
6.898046401	55.99947104
6.935446178	55.93261045
6.883827	55.95489873
7.087843435	58.0721242
7.174035499	58.09440823
7.172839212	58.04983592
7.118713772	58.11669651
7.196766869	58.04983592
7.192188021	56.93550671
7.167002762	56.91322268
7.218098205	56.93550671
7.167598032	56.91322268
7.143870927	56.91322268
7.393596001	59.36474693
7.32023097	59.36474693
7.424730121	59.38703096
7.420307117	59.43160328
7.36412442	59.43160328
7.493977447	60.12248907
7.577787795	60.12248907
7.551542293	60.07791675
7.507526212	60.10020079
7.592719348	60.07791675
7.996370729	62.30657516
8.053609199	62.30657516
8.032722398	62.28428688
7.969540815	62.32885919
8.102913085	62.28428688
8.524946921	64.53523356
8.525545383	64.55751759
8.471869588	64.51294528
8.563408219	64.49066124
8.580655701	64.46837296
9.03555262	66.80846428
9.074084814	66.786176
9.065818745	66.786176
9.034815559	66.74160368
9.129729086	66.76389194
9.077819299	65.07010988
9.103330934	65.04782582
9.095130651	65.02553754
9.117339563	65.04782582
9.142453926	65.02553754
9.613414176	68.88111743
9.615058192	68.83654512
9.616974934	68.83654512
9.537263131	68.81425683
9.509769606	68.83654512
10.03397517	71.02062696
10.0532039	70.97605462
10.05782937	70.97605462
10.05974739	70.9983429
10.07619778	70.9314823
10.57253553	73.2938619
10.63169394	73.31615018
10.62316856	73.31615018
10.54787848	73.27157362
10.55164171	73.22699705
11.11421915	75.65624149
11.06518096	75.6785213
11.05724063	75.63395321
11.14587445	75.63395321
11.11276035	75.63395321
11.62720337	77.92946798
11.60789799	77.8848999
11.65807179	77.92946798
11.61523922	77.9071797
11.6217693	77.81803505
12.0519817	79.97983711
12.1804743	79.97983711
12.16837474	79.95754882
12.1016126	79.91297226
12.16341459	79.91297226
12.59984411	82.11935086
12.62699657	82.03019773
12.5602472	82.07477429
12.54848233	82.07477429
12.6138521	82.05248601
12.61436434	79.97983711
12.68871808	79.95754882
12.63055669	79.97983711
12.66723856	79.95754882
12.68436086	79.97983711
12.93815638	82.72108352
12.92805213	82.7433718
12.86690928	82.72108352
12.89836658	82.67651546
12.95897164	82.65422717
13.19965335	84.61544317
13.32484258	84.63773145
13.32728497	84.61544317
13.2426111	84.59315489
13.27394194	84.59315489
13.76006623	86.66581229
13.84017339	86.66581229
13.84618229	86.59894745
13.81967237	86.57666764
13.84750312	86.62123573
14.34464245	88.56017191
14.28330671	88.53788363
14.33538129	88.51559537
14.35349102	88.49330709
14.2911704	88.51559537
14.41032774	86.46523473
14.39500019	86.5320911
14.36347008	86.50980282
14.40914487	86.50980282
14.39433467	86.48751453
14.59143269	89.27333752
14.6759009	89.27333752
14.65104777	89.27333752
14.54906893	89.2956258
14.55024797	89.22876945
14.68994211	87.51269908
14.64162565	87.4904108
14.54268064	87.51269908
14.64710571	87.44584274
14.67513574	87.4904108
15.12203868	90.87797497
15.09156625	90.87797497
15.01211951	90.85568669
15.11931909	90.83339841
15.14437533	90.85568669
15.64855059	93.039777
15.55581375	93.01748872
15.61371072	92.99520044
15.60518534	92.99520044
15.54418556	93.01748872
15.86858053	93.84208723
15.84187006	93.81980745
15.82819036	93.81980745
15.91556466	93.77523088
15.87068442	93.77523088
16.38921256	95.95931272
16.4130029	95.93703291
16.42588805	95.91474463
16.44604546	95.93703291
16.37076049	95.89245635
16.45888335	93.55236504
16.37441131	93.55236504
16.4391807	93.50778848
16.47673376	93.5969416
16.50799051	93.55236504
16.5240053	92.68318996
16.46842426	92.72775803
16.48262642	92.70547824
16.47734308	92.70547824
16.43662717	92.68318996
16.45544075	92.01375249
16.43799144	92.01375249
16.49999142	92.03604078
16.45887824	92.01375249
16.40421948	92.03604078
16.49849558	91.70174202
16.43319096	91.70174202
16.51878584	91.70174202
16.5605505	91.63488565
16.51752504	91.67945374
16.47700968	91.65717393
16.44045682	91.65717393
16.50800329	91.63488565
16.54825678	91.65717393
16.48169392	91.63488565
16.97302745	97.05052216
16.91908787	97.0282339
17.00038302	97.00595409
16.98981635	97.05052216
16.95616574	97.00595409
17.44806134	98.76659252
17.44376032	98.74430424
17.39306151	98.74430424
17.49379616	98.7888808
17.4692726	98.74430424
17.85876781	99.97006638
17.78361697	99.97006638
17.76768777	99.97006638
17.78803422	99.90321001
17.76588918	99.88092172
17.86218358	97.38482094
17.80600855	97.38482094
17.81598889	97.40710922
17.86093428	97.38482094
17.86899852	97.38482094
18.15032972	99.90321001
18.08773063	99.83634516
18.18000632	99.85863344
18.18938628	99.85863344
18.09103271	99.83634516
18.84358347	102.2878694
18.83822604	102.2655811
18.83380368	102.3101577
18.87418236	102.2655811
18.8929525	102.2433013
19.12857059	103.4690635
19.20814507	103.4021986
19.19598037	103.3576305
19.07463101	103.3799103
19.13543535	103.3576305
19.12013846	100.6832405
19.25907126	100.6832405
19.27374094	100.6609522
19.2036154	100.6832405
19.29911526	100.6386639
19.63831021	103.2461976
19.5722813	103.2684774
19.64696716	103.2461976
19.64696972	103.2684774
19.57102433	103.2461976
19.69773367	101.7975697
19.62998921	101.7975697
19.65530093	101.7752814
19.65675589	101.7975697
19.69363066	101.7752814
19.68893876	100.2820769
19.70955092	100.2152205
19.67855731	100.2375088
19.73269361	100.2597886
19.68583212	100.2820769
19.7688492	97.33941291
19.72271327	97.33941291
19.77949124	97.36170119
19.77269163	97.38398948
19.7783684	97.36170119
19.65302971	93.30553952
19.68396328	93.30553952
19.64364719	93.3278278
19.67676256	93.3278278
19.62599861	93.35011608
19.70260441	93.84041583
19.7170135	93.81813603
19.67411451	93.81813603
19.6932832	93.81813603
19.68450107	93.86270412
19.36602558	88.42477932
19.36470346	88.42477932
19.34705743	88.42477932
19.3590203	88.44706761
19.33707581	88.42477932
19.33518526	88.62535687
19.28640638	88.62535687
19.33326532	88.60306858
19.32354429	88.5807888
19.34879342	88.5807888
19.16113156	84.65834831
19.1190335	84.68063659
19.13146007	84.68063659
19.11533287	84.68063659
19.06371178	84.68063659
18.93608781	80.46846544
18.92491949	80.49075372
18.9015903	80.51304201
18.9200973	80.51304201
18.87528348	80.49075372
18.53968569	75.54313716
18.49268624	75.52084888
18.52778286	75.52084888
18.49605475	75.4985606
18.54735266	75.54313716
18.28517994	71.04124382
18.29218266	71.01895554
18.25634898	70.97438322
18.2372467	70.95209919
18.26652093	70.90752262
17.89899448	66.89593751
17.91009893	66.89593751
17.86177992	66.89593751
17.90005216	66.91822579
17.85391624	66.91822579
17.89998574	67.38624574
17.87545834	67.34166918
17.92833768	67.36395746
17.92641902	67.34166918
17.87889711	67.36395746
17.53594404	62.77291946
17.58828687	62.72834715
17.55307017	62.81749602
17.6282159	62.79520774
17.60792437	62.79520774
17.58662369	64.13240279
17.55298714	64.1769751
17.51887795	64.15469107
17.52647849	64.1769751
17.50869833	64.15469107
17.11878286	58.33789096
17.14099177	58.33789096
17.11732534	58.31560268
17.16862197	58.36017924
17.15487457	58.38246327
16.996478	55.81950612
16.97334936	55.8417944
16.96126258	55.90865499
16.94393717	55.86407843
16.9586835	55.90865499
16.95650681	56.77671439
16.97171173	56.77671439
16.95201802	56.79900267
16.9276273	56.79900267
16.91030446	56.75443035
16.77992258	53.61202031
16.77371952	53.65659263
16.74550299	53.70116919
16.70246731	53.65659263
16.68290007	53.6343086
16.33941688	49.08784291
16.42282484	49.08784291
16.40981833	49.15470351
16.44075063	49.15470351
16.40703743	49.13241948
16.00641349	44.80881964
15.93714637	44.80881964
16.03034306	44.80881964
15.95876895	44.85339195
16.01276984	44.85339195
15.9735817	45.38827252
16.00497641	45.38827252
15.98958883	45.47741715
15.98620882	45.43284484
15.9226849	45.38827252
15.98765357	45.34370021
15.9216221	45.36598424
15.92611089	45.29912364
15.85828595	45.25455133
15.95458801	45.23226727
15.53027721	40.2623582
15.56319331	40.2623582
15.58342352	40.28464224
15.50040644	40.30693052
15.52465664	40.2623582
15.06286686	35.76046908
15.12307465	35.69360849
15.08183756	35.7381808
15.05518967	35.67132021
15.0637917	35.7381808
15.05657693	37.11994816
15.01017658	37.14223644
15.08062786	37.09766413
15.09523751	37.09766413
15.12914486	37.11994816
14.60044477	31.94946153
14.578301	31.90488922
14.52041042	31.99403385
14.60797377	31.88260094
14.57942001	31.88260094
14.10501205	26.9572663
14.04830562	27.00184075
14.09186247	27.00184075
14.03614092	27.00184075
14.08385955	26.97955246
13.57912223	22.61138242
13.59286963	22.61138242
13.62644231	22.58909628
13.63028218	22.63366859
13.63576607	22.61138242
13.59228203	22.65595687
13.59664436	22.65595687
13.59162161	22.67824302
13.59036337	22.65595687
13.54257065	22.61138242
13.59143	23.23540762
13.60828277	23.21312147
13.61390589	23.23540762
13.57714865	23.19083319
13.53921492	23.21312147
13.05204188	18.26549855
13.04139729	18.24321238
13.07709301	18.24321238
13.05355943	18.24321238
13.04245625	18.26549855
12.46314932	13.85275513
12.5209888	13.89732851
12.50942321	13.89732851
12.45409892	13.8750413
12.46520338	13.8750413
11.78514136	9.328578797
11.76671228	9.417724494
11.80636795	9.395438348
11.73003423	9.44001173
11.80981949	9.484585112
11.81386374	10.59891429
11.78907448	10.57662708
11.77248869	10.59891429
11.72192784	10.62120046
11.7371302	10.62120046
11.21484905	6.988487483
11.28437676	6.966200803
11.29224173	6.966200803
11.32297474	6.9439141
11.27995312	6.988487483
10.88993417	4.826688632
10.86964647	4.848975312
10.84333838	4.826688632
10.80738462	4.848975312
10.85464466	4.848975312
10.40780879	2.486597318
10.35440508	2.508883998
10.39796194	2.486597318
10.35228587	2.464310616
10.42406948	2.486597318
10.37148267	3.695087231
10.30061815	3.628227702
10.37445008	3.650514115
10.29381407	3.650514115
10.34319332	3.695087231
10.32670845	4.007099573
10.32136252	4.051672689
10.35638314	3.984812871
10.35142554	3.984812871
10.34535213	4.029385986
10.12176782	2.291032656
10.17669227	2.291032656
10.21442737	2.268745954
10.06584635	2.268745954
10.13260721	2.291032656
9.747665937	0.508105809
9.825796956	0.552678992
9.853999438	0.418959467
9.789367366	0.48581924
9.809131969	0.48581924
6.104237475	-6.423022056
6.196005399	-6.445308202
6.168509958	-6.445308202
6.054796906	-6.423022056
6.169578505	-6.400735354
6.106707332	-6.021863215
6.166445677	-6.066436598
6.157522385	-6.066436598
6.145684061	-6.111009446
6.092163471	-6.021863215
5.26183873	-7.515064555
5.268128657	-7.470491172
5.284481958	-7.492777875
5.34506275	-7.470491172
5.248960601	-7.470491172
5.175785264	-7.893936159
5.084110909	-7.893936159
5.188248556	-7.871650013
5.086488474	-7.893936159
5.155125202	-7.916222862
4.609516131	-8.584820374
4.578412669	-8.607107076
4.612621815	-8.584820374
4.528747278	-8.584820374
4.654893284	-8.562533693
3.413580723	-10.85805162
3.337760844	-10.90262501
3.430793396	-10.88033884
3.349733294	-10.85805162
3.419662114	-10.85805162
2.510076972	-12.97527709
2.510067072	-13.01985048
2.468964106	-12.97527709
2.509415597	-12.97527709
2.446862337	-12.95299095
1.660595991	-15.31536843
1.646705521	-15.35994179
1.641257241	-15.33765564
1.61139254	-15.29308226
1.676986336	-15.31536843
0.973184036	-17.54402681
1.038117256	-17.56631405
0.973418759	-17.52174066
0.986894153	-17.56631405
1.000415054	-17.54402681
0.376152468	-19.79497138
0.284413206	-19.79497138
0.335780137	-19.75039907
0.327545344	-19.77268521
0.360395474	-19.77268521
-0.242470867	-21.84533837
-0.150069861	-21.84533837
-0.260325315	-21.8899107
-0.266433872	-21.86762453
-0.204106791	-21.86762453
-0.237153522	-20.97616118
-0.302221867	-20.95387501
-0.229949273	-20.97616118
-0.247333598	-20.97616118
-0.207044197	-20.95387501
-0.408669935	-22.24649561
-0.435466836	-22.22420946
-0.409728661	-22.24649561
-0.404968143	-22.24649561
-0.380741335	-22.22420946
-0.82630795	-24.23000202
-0.825749087	-24.25228816
-0.85578496	-24.23000202
-0.820717799	-24.20771585
-0.873396103	-24.20771585
-1.383500981	-26.61466776
-1.30464863	-26.61466776
-1.317037194	-26.59237948
-1.343011488	-26.59237948
-1.401572707	-26.59237948
-1.872917136	-28.86561233
-1.845967785	-28.79875173
-1.908267481	-28.82103788
-1.836591814	-28.84332616
-1.9132535	-28.79875173
-2.432455796	-30.80454429
-2.345088203	-30.84911872
-2.391938679	-30.80454429
-2.347948146	-30.78225812
-2.411041908	-30.80454429
-2.881763443	-33.25606852
-2.856694747	-33.16692175
-2.885709657	-33.16692175
-2.936670015	-33.16692175
-2.863700978	-33.16692175
-3.391011903	-35.23957493
-3.42777234	-35.28414724
-3.37073059	-35.28414724
-3.367625545	-35.28414724
-3.382750624	-35.23957493
-3.860058285	-37.44594503
-3.860530924	-37.49052159
-3.849615204	-37.44594503
-3.835679386	-37.49052159
-3.88682848	-37.44594503
-4.386264257	-39.87518524
-4.447612448	-39.91975755
-4.395386185	-39.87518524
-4.376842459	-39.85289696
-4.414580747	-39.85289696
-4.393617302	-38.60485079
-4.434633085	-38.62713482
-4.452451566	-38.6494231
-4.413482182	-38.62713482
-4.404693655	-38.62713482
-4.870288817	-42.10384362
-4.930462437	-42.08155534
-4.920377667	-42.0592713
-4.891031271	-42.0592713
-4.888993815	-42.10384362
-5.302287665	-44.1764968
-5.417094174	-44.1764968
-5.358759055	-44.15420851
-5.37815385	-44.13192023
-5.305808185	-44.10963618
-5.387203605	-42.6164359
-5.384352444	-42.57185934
-5.387627702	-42.59414762
-5.323978591	-42.59414762
-5.44573736	-42.63871994
-5.374794921	-42.54957531
-5.377373996	-42.54957531
-5.343834847	-42.57185934
-5.41465242	-42.54957531
-5.408306925	-42.54957531
-5.586622031	-44.66680078
-5.566539994	-44.71137311
-5.547598676	-44.68908483
-5.610722137	-44.68908483
-5.595346687	-44.66680078
-5.914563071	-46.65030505
-5.914932879	-46.67259334
-5.925035213	-46.62802102
-5.925231933	-46.62802102
-5.983821255	-46.60573274
-6.378049241	-48.5446647
-6.306148113	-48.58923701
-6.408067551	-48.58923701
-6.373723319	-48.56695298
-6.375009025	-48.5446647
-6.441121606	-48.90125174
-6.361526685	-48.96811233
-6.502731984	-48.94582405
-6.428850882	-48.99039639
-6.42997308	-48.99039639
-6.887576175	-50.88475601
-6.846164078	-50.86247198
-6.863176518	-50.8401837
-6.901251402	-50.8401837
-6.862545482	-50.81789542
-7.413191349	-53.47000145
-7.375488188	-53.49228549
-7.368972799	-53.47000145
-7.370067533	-53.49228549
-7.377261861	-53.44771317
-7.883015988	-55.58722692
-7.894662701	-55.52036633
-7.927298407	-55.58722692
-7.905541695	-55.54265461
-7.895694203	-55.54265461
-7.986576249	-52.87160735
-7.9880063	-52.89389139
-7.99005206	-52.89389139
-7.957996933	-52.89389139
-7.973065806	-52.89389139
-8.47732665	-57.8415122
-8.469056749	-57.79693986
-8.479736469	-57.81922814
-8.441155095	-57.75236754
-8.45686714	-57.81922814
-8.882516023	-59.73587182
-8.836089485	-59.7581601
-8.880108759	-59.7581601
-8.872207389	-59.73587182
-8.872957862	-59.71358779
-9.263814785	-61.91995791
-9.352948706	-61.94224619
-9.365792345	-61.87538559
-9.307626481	-61.87538559
-9.299570545	-61.91995791
-9.803822447	-64.14861629
-9.828211246	-64.14861629
-9.78834736	-64.10404397
-9.810392126	-64.12633226
-9.829525692	-64.10404397
-9.843561147	-62.14282373
-9.868123034	-62.16511201
-9.868775786	-62.1205397
-9.847000552	-62.14282373
-9.838540957	-62.14282373
-10.37500319	-66.39956297
-10.35468675	-66.42184701
-10.36544695	-66.37727469
-10.38567269	-66.37727469
-10.42399858	-66.33270238
-10.42268286	-65.17380086
-10.38505507	-65.08465198
-10.37805937	-65.12922855
-10.40488418	-65.08465198
-10.37200449	-65.10694026
-10.91614263	-68.67279369
-10.83837695	-68.65050541
-10.83487431	-68.65050541
-10.8668924	-68.62822137
-10.83709061	-68.67279369
-11.26363175	-70.8345915
-11.32512589	-70.81230746
-11.36187547	-70.81230746
-11.33205452	-70.7677309
-11.30832677	-70.7677309
-11.78681475	-73.04096162
-11.83191854	-73.01868181
-11.824516	-73.01868181
-11.84459804	-72.97410525
-11.8101069	-73.01868181
-12.33202911	-75.22505193
-12.32313328	-75.20276365
-12.31632089	-75.15818709
-12.34537029	-75.18047537
-12.30746083	-75.15818709
-12.83419118	-77.69886444
-12.84071359	-77.60971133
-12.81983829	-77.65428787
-12.82021768	-77.72114424
-12.8748956	-77.65428787
-13.26629158	-79.63779217
-13.24887931	-79.66008043
-13.1946421	-79.63779217
-13.25298744	-79.70465699
-13.22115969	-79.68236871
-13.3026209	-79.50407096
-13.36302924	-79.50407096
-13.37387183	-79.50407096
-13.34620713	-79.48179117
-13.34628888	-79.41492633
-13.86896731	-82.02246005
-13.8888884	-82.00017177
-13.85310325	-82.02246005
-13.87206373	-81.97788349
-13.85706192	-81.97788349
-14.33528931	-84.13968552
-14.44880437	-84.11739724
-14.44397962	-84.11739724
-14.3697434	-84.07282067
-14.40592326	-84.05054089
-14.89922655	-86.36834392
-14.96693652	-86.34605564
-14.93600679	-86.3906322
-14.9249662	-86.34605564
-14.88022264	-86.34605564
-14.95657424	-85.81117932
-15.0005373	-85.85574739
-14.96356801	-85.76660276
-14.9365088	-85.78889104
-15.00190412	-85.76660276
-14.99754435	-83.82767504
-14.9736416	-83.80538676
-15.00149791	-83.78309848
-15.03062012	-83.80538676
-15.04375437	-83.87224311
-15.29468851	-86.59120976
-15.26804956	-86.59120976
-15.33253282	-86.61349805
-15.30616085	-86.61349805
-15.30357795	-86.61349805
-15.62152076	-88.66385867
-15.58364068	-88.6192906
-15.60564521	-88.6192906
-15.6138819	-88.64157039
-15.58126088	-88.6192906
-15.59004941	-87.72782722
-15.64170116	-87.70553894
-15.63644976	-87.72782722
-15.69480787	-87.72782722
-15.61556296	-87.72782722
-15.65013968	-86.72493096
-15.66576613	-86.70264268
-15.68885901	-86.68035439
-15.6535695	-86.68035439
-15.65405619	-86.65806611
-15.89278347	-89.4661774
-15.9862778	-89.48846568
-15.91760467	-89.48846568
-15.90220559	-89.48846568
-15.90738929	-89.4661774
-16.15564343	-91.00394998
-16.1608399	-91.02623827
-16.15498301	-91.00394998
-16.13555117	-91.00394998
-16.22298551	-90.95938192
-16.65043489	-92.92059791
-16.70707873	-92.92059791
-16.61843214	-92.87602135
-16.66509436	-92.87602135
-16.65917743	-92.85374154
-16.69199389	-90.62508316
-16.68398841	-90.5805066
-16.69136158	-90.60279488
-16.74906438	-90.60279488
-16.74059521	-90.55821832
-17.03050288	-93.1880403
-17.06768933	-93.2103201
-17.02002307	-93.16575202
-17.01764327	-93.16575202
-17.00716474	-93.14346376
-17.39224142	-95.10467975
-17.4569495	-95.10467975
-17.38004223	-95.08239994
-17.40099418	-95.08239994
-17.40878378	-95.03782338
-17.98664342	-97.44477107
-17.97745762	-97.44477107
-18.03049407	-97.42249126
-17.96337171	-97.40020298
-17.97489771	-97.37791469
-18.21601628	-98.06880051
-18.23448879	-98.04651223
-18.220362	-97.97965586
-18.20163657	-98.04651223
-18.1813642	-97.97965586
-18.26513367	-95.86243039
-18.20912342	-95.88471017
-18.2453135	-95.90699846
-18.28624785	-95.84014211
-18.23631803	-95.86243039
-18.23520542	-95.48355507
-18.24952254	-95.50584335
-18.23848068	-95.50584335
-18.22843646	-95.50584335
-18.22687931	-95.48355507
-18.22571687	-94.41380243
-18.30965624	-94.41380243
-18.21576208	-94.39151415
-18.27432458	-94.39151415
-18.30046916	-94.41380243
-18.52869492	-97.84593467
-18.50076708	-97.82364638
-18.58774539	-97.82364638
-18.5883662	-97.8013581
-18.51078702	-97.84593467
-18.89430527	-99.36141897
-18.85226725	-99.36141897
-18.88736387	-99.36141897
-18.89540639	-99.27227434
-18.87452853	-99.3168509
-19.42076353	-101.9020878
-19.41766072	-101.9020878
-19.43298571	-101.8575198
-19.41008956	-101.8798081
-19.37630483	-101.8352315
-19.68837543	-102.503829
-19.66960528	-102.503829
-19.62346935	-102.503829
-19.61585731	-102.4592524
-19.63413821	-102.4815407
-19.65783658	-100.0968813
-19.7154027	-100.0968813
-19.69878242	-100.1191611
-19.66024065	-100.0745931
-19.67881279	-100.0745931
-20.35001476	-104.309044
-20.3443597	-104.2867557
-20.29314354	-104.3313323
-20.29865553	-104.309044
-20.31696581	-104.1530345
-20.71503878	-105.5570944
-20.72828799	-105.5348061
-20.74352101	-105.5125179
-20.79626366	-105.5125179
-20.73611719	-105.5125179
-20.839878	-102.7935512
-20.79612187	-102.7935512
-20.8037799	-102.7489831
-20.8222869	-102.7489831
-20.79674524	-102.7712714
-21.28856291	-106.3148366
-21.25878284	-106.2925483
-21.2380621	-106.27026
-21.25504772	-106.27026
-21.27269247	-106.27026
-21.76914328	-108.1869079
-21.81190559	-108.1869079
-21.79184016	-108.1646196
-21.80900078	-108.1869079
-21.82062003	-108.1423314
-21.82144523	-105.6016625
-21.82131238	-105.6016625
-21.82778881	-105.6016625
-21.8473535	-105.6016625
-21.920822	-105.6239508
-21.87394134	-102.7035751
-21.89899375	-102.7035751
-21.9197081	-102.6812868
-21.95473702	-102.6812868
-21.93490919	-102.6812868
-21.7506235	-97.64451717
-21.80248092	-97.66680543
-21.80402913	-97.64451717
-21.81334905	-97.64451717
-21.80902377	-97.66680543
-21.57151385	-92.74146867
-21.56566591	-92.76375695
-21.55650693	-92.74146867
-21.50373746	-92.76375695
-21.59051904	-92.76375695
-21.3841969	-88.9527494
-21.35174194	-88.9527494
-21.31690974	-88.9527494
-21.34936214	-88.9527494
-21.36916571	-88.97503768
-21.39436885	-89.22019181
-21.35760011	-89.13103868
-21.29720582	-89.22019181
-21.31206583	-89.17561525
-21.3431974	-89.17561525
-21.29225972	-90.31223273
-21.30210721	-90.31223273
-21.28029685	-90.31223273
-21.29050457	-90.28994445
-21.36135567	-90.28994445
-20.99473362	-84.22799021
-20.93875403	-84.22799021
-20.97646677	-84.25027849
-20.98624784	-84.25027849
-20.95266111	-84.2057104
-20.77732362	-79.9266829
-20.776607	-79.97125947
-20.73344997	-79.97125947
-20.72984131	-79.94897118
-20.71913285	-79.94897118
-20.41627105	-75.58079903
-20.43105186	-75.60308731
-20.47159405	-75.58079903
-20.46351448	-75.64765538
-20.41013568	-75.62537557
-20.04168184	-70.96747698
-20.08639857	-70.98976103
-20.06940018	-70.9451887
-20.07761133	-70.98976103
-20.11426127	-71.01204932
-19.71190645	-66.71073776
-19.68377933	-66.6884537
-19.74943908	-66.66616542
-19.75131302	-66.75531007
-19.74607951	-66.71073776
-19.63677349	-67.22333002
-19.76535678	-67.20104174
-19.76119373	-67.20104174
-19.75349866	-67.22333002
-19.72219592	-67.20104174
-19.35382255	-62.05284339
-19.3102261	-62.03055511
-19.38608462	-62.09741573
-19.36295342	-62.09741573
-19.31783814	-62.07512745
-19.33022	-63.5237554
-19.3499929	-63.56833197
-19.35784765	-63.5237554
-19.33716779	-63.56833197
-19.30431045	-63.5237554
-18.94591615	-57.90753708
-18.94485846	-57.90753708
-18.95968909	-57.88525305
-18.90239378	-57.92982536
-18.94591615	-57.90753708
-18.78153877	-55.47830112
-18.79697745	-55.50058517
-18.72444657	-55.52287345
-18.73383164	-55.52287345
-18.7510523	-55.54516174
-18.7506282	-56.77008814
-18.73274585	-56.74779986
-18.71490054	-56.74779986
-18.71036832	-56.72551158
-18.72449128	-56.79237217
-18.53950685	-53.24880703
-18.53058292	-53.24880703
-18.51793153	-53.27109106
-18.47936166	-53.24880703
-18.53041686	-53.22651875
-18.1549207	-49.17036132
-18.17896779	-49.12578898
-18.18089539	-49.17036132
-18.12662113	-49.12578898
-18.19159108	-49.12578898
-17.72320735	-44.55703929
-17.70268078	-44.534751
-17.79637822	-44.55703929
-17.75453947	-44.55703929
-17.71074374	-44.534751
-17.73960536	-45.02505499
-17.68990292	-45.02505499
-17.6973374	-45.04734327
-17.69736806	-45.02505499
-17.70671737	-45.00277095
-17.3234827	-40.21115539
-17.29343693	-40.18886711
-17.27972657	-40.21115539
-17.25573441	-40.21115539
-17.29407052	-40.21115539
-17.24041708	-41.77121628
-17.26286231	-41.79350032
-17.2316656	-41.79350032
-17.26694744	-41.748928
-17.34886085	-41.83807688
-16.79488863	-35.53097276
-16.7809956	-35.48639831
-16.74438398	-35.48639831
-16.72779564	-35.48639831
-16.80518704	-35.48639831
-16.73853987	-35.97670445
-16.73721776	-35.97670445
-16.74638312	-35.99898849
-16.76425397	-35.97670445
-16.72896063	-35.97670445
-16.27777329	-31.02908153
-16.25750986	-31.00679536
-16.28365444	-31.02908153
-16.32267908	-31.00679536
-16.29974716	-31.00679536
-15.77056675	-26.52719241
-15.76554273	-26.52719241
-15.74833229	-26.54947858
-15.7871551	-26.52719241
-15.77598677	-26.52719241
-15.21911868	-22.20359471
-15.24291157	-22.20359471
-15.22874007	-22.22588086
-15.17292782	-22.24816702
-15.21849531	-22.22588086
-15.20541343	-22.84990605
-15.22541372	-22.87219222
-15.25726318	-22.82761991
-15.23958649	-22.84990605
-15.21450981	-22.87219222
-14.64854534	-17.79085129
-14.6380617	-17.76856407
-14.67333077	-17.79085129
-14.66681347	-17.76856407
-14.65181038	-17.76856407
-14.62834195	-19.39548554
-14.60678834	-19.35091111
-14.56935024	-19.37319939
-14.60010881	-19.35091111
-14.63097723	-19.35091111
-13.99415527	-13.53411311
-14.02855315	-13.51182694
-14.02905261	-13.53411311
-13.98044491	-13.55640033
-13.9656015	-13.53411311
-13.16687904	-8.787070935
-13.17844464	-8.787070935
-13.19629123	-8.787070935
-13.21998831	-8.809357638
-13.2162864	-8.809357638
-12.77760738	-6.84813844
-12.78156222	-6.80356508
-12.81270272	-6.84813844
-12.79634176	-6.82585176
-12.77172622	-6.84813844
-12.78719684	-7.472162592
-12.75124308	-7.472162592
-12.79222086	-7.472162592
-12.7793587	-7.449875889
-12.78415662	-7.472162592
-12.66305124	-6.536126386
-12.64276099	-6.536126386
-12.68936828	-6.580699235
-12.73754166	-6.536126386
-12.70743968	-6.558412533
-11.31522475	0.038416065
-11.32963129	0.060702634
-11.30053973	0.127562385
-11.34654281	0.105275816
-11.40042235	-0.006157095
-10.29050049	2.28936097
-10.35236763	2.267074556
-10.35964499	2.222501307
-10.33651315	2.222501307
-10.36221001	2.311647672
-9.50064704	3.403690171
-9.498266601	3.403690171
-9.479361051	3.425976873
-9.475274003	3.359117055
-9.545528561	3.381403758
-9.465920226	2.577415213
-9.423868151	2.688848146
-9.468089255	2.666561444
-9.431060563	2.777994355
-9.419597157	2.510555417
-9.343411622	3.26829916
-9.27877955	3.201439609
-9.362918829	3.201439609
-9.384725998	3.223726045
-9.33290499	3.246012725
-9.288802046	3.357445658
-9.273323127	3.446591889
-9.272338889	3.402018774
-9.34061028	3.424305454
-9.323237612	3.357445658
-9.271341876	3.424305454
-9.278608378	3.446591889
-9.302875823	3.379732072
-9.301155163	3.379732072
-9.231350251	3.446591889
-9.253882984	3.46887857
-9.328038727	3.491165005
-9.311848934	3.46887857
-9.220635402	3.513451685
-9.279858316	3.46887857
-9.282178717	3.424305454
-9.220910682	3.402018774
-9.199686647	3.446591889
-9.206429414	3.446591889
-9.240004649	3.446591889
-8.915616704	3.098921312
-8.933260181	3.121207748
-8.84456377	3.098921312
-8.840063482	3.143494428
-8.887062936	3.098921312
-8.882362735	3.143494428
-8.872181202	3.165780863
-8.900010683	3.143494428
-8.864716064	3.143494428
-8.911712963	3.121207748
-8.508739882	3.321787157
-8.494994397	3.299500477
-8.531086115	3.277213774
-8.516540338	3.321787157
-8.456594415	3.299500477
-8.740045457	2.162884707
-8.722273601	2.11831148
-8.696623368	2.162884707
-8.741441658	2.11831148
-8.804240019	2.073738364
-8.87243285	1.761726155
-8.833297084	1.806299404
-8.767729314	1.806299404
-8.825110214	1.739439586
-8.830058231	1.806299404
-8.854858353	1.71715304
-8.818168811	1.761726155
-8.837273636	1.739439586
-8.848653372	1.672579791
-8.78618969	1.694866471
-8.863855095	1.672579791
-8.892071629	1.71715304
-8.864581298	1.672579791
-8.877465814	1.694866471
-8.822743188	1.672579791
-8.872777749	1.650293222
-8.851953541	1.694866471
-8.872454566	1.605720106
-8.865836985	1.672579791
-8.84924928	1.650293222
-8.894988577	1.650293222
-8.825060395	1.650293222
-8.839926162	1.694866471
-8.889243461	1.628006675
-8.874039822	1.628006675
-8.788428976	1.761726155
-8.851691673	1.672579791
-8.91407935	1.71715304
-8.878724055	1.694866471
-8.848189675	1.672579791
-8.865040524	1.694866471
-8.903835863	1.71715304
-8.839005155	1.650293222
-8.869400298	1.71715304
-8.933048132	1.739439586
-8.954532757	1.426870215
-8.961674073	1.404583646
-8.965099427	1.51601658
-8.950630294	1.449156762
-8.972380618	1.404583646
-8.958171437	1.404583646
-8.990027289	1.404583646
-8.934180549	1.382297099
-8.965575898	1.404583646
-8.924398204	1.382297099
-8.823770858	2.518912981
-8.798858325	2.474339598
-8.785310837	2.474339598
-8.845716625	2.518912981
-8.864026906	2.496626301
-8.106108506	4.569278387
-8.064670862	4.524705538
-8.026132919	4.546992241
-8.025611101	4.502418858
-8.069553731	4.591565089
-6.559546356	6.686503878
-6.56131428	6.79793679
-6.546185369	6.753363941
-6.540639528	6.708790558
-6.582600269	6.775650621
-5.247550349	8.959735107
-5.237903409	8.937448961
-5.284302483	8.937448961
-5.287941802	8.915162792
-5.198706647	8.959735107
-5.214502042	7.979126053
-5.279670304	7.979126053
-5.23836998	7.912265991
-5.184493633	7.979126053
-5.227987576	7.956839373
-3.975679776	11.23296689
-4.028622342	11.23296689
-4.060213772	11.25525411
-4.019172761	11.23296689
-4.019038314	11.23296689
-3.153757786	13.41705191
-3.148998505	13.41705191
-3.159180357	13.39476574
-3.112978003	13.41705191
-3.141794277	13.41705191
-2.370166	15.66799753
-2.337776194	15.6902837
-2.379289206	15.64571031
-2.380944878	15.64571031
-2.326943665	15.64571031
-1.730008421	17.94122825
-1.661413688	17.85208362
-1.663858156	17.85208362
-1.706169065	17.785223
-1.711449685	17.85208362
-1.134688052	20.05845371
-1.116967213	20.10302816
-1.014983186	20.10302816
-1.065819556	20.03616757
-1.115260843	20.0138814
-0.532148007	22.3094004
-0.540675305	22.28711212
-0.459119132	22.2425398
-0.49493533	22.3094004
-0.512259935	22.2425398
-0.452484146	20.94991709
-0.404040031	20.92763092
-0.456321542	20.92763092
-0.484277725	20.92763092
-0.451087347	21.01677769
-0.442264291	20.25903341
-0.448544399	20.25903341
-0.50194679	20.28131956
-0.443983275	20.25903341
-0.379337071	20.30360784
0.192361718	24.69406405
0.180333282	24.69406405
0.132675507	24.67177788
0.130956194	24.67177788
0.111527418	24.69406405
0.139396648	24.02546651
0.154338439	24.04775268
0.148455604	24.04775268
0.151023072	23.9808942
0.142696357	23.9808942
0.640089917	26.83357569
0.653837278	26.83357569
0.707712587	26.87815011
0.736589218	26.83357569
0.684769888	26.83357569
1.13481699	29.01766175
1.22807684	29.01766175
1.231977307	29.01766175
1.178836344	29.01766175
1.240766233	29.01766175
1.711326735	31.35775307
1.743057721	31.40232538
1.77180773	31.38003923
1.769814185	31.31317864
1.712649804	31.38003923
2.25727272	33.4972647
2.275257424	33.54183702
2.296207456	33.51955087
2.31015493	33.54183702
2.247552968	33.47497856
2.772680973	35.65906462
2.771630629	35.68134866
2.766670477	35.65906462
2.739104141	35.63677634
2.74286609	35.59220403
3.236362586	37.95457937
3.318580013	37.93229534
3.27482069	37.88772302
3.206474252	37.86543474
3.210439947	37.86543474
3.691632187	40.16095374
3.764418236	40.27238665
3.716159903	40.20552606
3.723749268	40.13866546
3.732675434	40.16095374
4.225218668	42.30046327
4.202088111	42.32275155
4.23664503	42.2336069
4.278222869	42.27817921
4.171740232	42.25589093
4.718439246	44.59598226
4.71446429	44.52912165
4.706802113	44.57369821
4.671965124	44.52912165
4.700779801	44.50683761
4.796621999	43.05820966
4.730008037	43.12507025
4.689952541	43.10278197
4.737809451	43.14735431
4.71434102	43.10278197
4.76660369	43.9051007
4.779428806	43.92738473
4.794570172	43.97195705
4.795491498	43.92738473
4.802236181	43.97195705
5.227661519	46.91378952
5.180477161	46.95836186
5.164539335	46.91378952
5.123299049	46.93607358
5.211596911	46.89150126
5.641356154	49.09787136
5.627337944	49.07558733
5.655366061	49.09787136
5.654241309	49.07558733
5.698461774	49.09787136
6.155035283	51.14824048
6.11716159	51.14824048
6.135269403	51.1259522
6.202957659	51.17052452
6.189331612	51.08137989
6.248302238	49.2093043
6.192116348	49.16473196
6.186297782	49.16473196
6.193700327	49.16473196
6.229194859	49.16473196
6.452211372	51.57168389
6.487436372	51.52711158
6.359479009	51.54939561
6.380289805	51.48253924
6.455642474	51.50482329
6.694675692	53.53290413
6.687596969	53.51061585
6.651567206	53.44375523
6.689315075	53.4883318
6.7669709	53.44375523
7.055776812	55.40497548
7.121605171	55.40497548
7.158619173	55.38269144
7.190873574	55.38269144
7.168266752	55.38269144
7.121890032	55.04839269
7.065366907	54.95924381
7.152357348	55.02610441
7.200938864	55.02610441
7.122223434	55.04839269
7.216740966	52.08260476
7.236646083	52.17174939
7.194532054	52.08260476
7.227125606	52.14946535
7.223746238	52.08260476
7.418824692	56.07190159
7.443753192	56.13876219
7.522468622	56.11647391
7.492731342	56.13876219
7.499135597	56.09418987
7.748925818	58.01083355
7.76887756	57.94397718
7.825721313	57.96626124
7.794587831	57.94397718
7.687445735	57.9216889
8.134971406	60.10577499
8.171452092	60.08348671
8.164583501	60.10577499
8.167161937	60.10577499
8.21006093	60.12805902
8.653713517	62.42357802
8.737390377	62.42357802
8.767461699	62.40129399
8.689130767	62.33443339
8.67928519	62.37900571
9.17833104	64.71909702
9.247400169	64.71909702
9.208800272	64.71909702
9.182892004	64.71909702
9.140581255	64.65223642
9.779385107	66.76946189
9.718120267	66.79175017
9.646331549	66.72488958
9.703439724	66.72488958
9.723663553	66.72488958
9.714316802	65.03110749
9.791048427	65.00882346
9.789329682	64.98653518
9.699309883	65.00882346
9.714838621	64.98653518
10.21424214	68.99812029
10.22786308	69.04269261
10.24867643	69.02040858
10.19315607	68.99812029
10.1835053	68.99812029
10.72738476	71.00391285
10.69255256	71.02620113
10.6671642	70.95934054
10.70318183	70.91476822
10.80246279	70.95934054
11.13957302	73.2994361
11.17816973	73.27714782
11.2890776	73.27714782
11.27050545	73.27714782
11.1801497	73.23257125
11.73005084	75.77324013
11.76058714	75.77324013
11.76104445	75.72867204
11.79270102	75.70638376
11.78768211	75.75096032
12.21083431	77.46702221
12.22748397	77.42245412
12.29483116	77.40016584
12.2941107	77.42245412
12.31049977	77.42245412
12.24764265	75.43894137
12.30190669	75.41666157
12.37111505	75.46122966
12.36000804	75.43894137
12.301047	75.41666157
12.25667644	75.26065209
12.31946586	75.26065209
12.35713644	75.23836381
12.33553047	75.26065209
12.31840561	75.26065209
12.54074383	78.02418681
12.5547531	78.00189853
12.47939915	77.97961873
12.48396331	78.00189853
12.57536653	77.95733044
12.85606541	80.119124
12.83821883	80.119124
12.79459683	80.14141228
12.87119624	80.09684422
12.87555729	80.07455594
13.32151367	82.3255026
13.37273494	82.3255026
13.35389326	82.28092603
13.29288581	82.25863775
13.36161899	82.21406969
13.8845695	84.39815152
13.92184792	84.37586324
13.87406287	84.37586324
13.85825757	84.35357496
13.81384103	84.35357496
14.40475571	86.60452165
14.49001336	86.58223336
14.38842541	86.58223336
14.32398047	86.58223336
14.35649674	86.58223336
14.46160777	84.21986224
14.43840121	84.17528568
14.47832513	84.17528568
14.49550746	84.1529974
14.44494534	84.1529974
14.78066576	87.09482988
14.75178753	87.13939796
14.75303299	87.07254159
14.75963972	87.07254159
14.75125357	87.09482988
15.11345709	88.85546831
15.14895482	88.87775659
15.14299829	88.83318003
15.03903054	88.83318003
15.0978549	88.83318003
15.08497613	86.91653212
15.15496882	86.91653212
15.17176666	86.96110868
15.18485109	86.9388204
15.14770168	86.91653212
15.66873865	91.06183843
15.65168789	91.06183843
15.71149713	91.01727036
15.72636736	91.01727036
15.61155319	90.99498208
16.08896304	92.73333223
16.08102782	92.71104395
16.0037565	92.66647586
16.00541456	92.68876414
16.10131297	92.66647586
16.37878513	93.93680606
16.43898909	93.91452628
16.44506824	93.89223799
16.40931121	93.89223799
16.38869011	93.89223799
16.4212843	91.46300203
16.47945463	91.5298584
16.46801422	91.46300203
16.49174068	91.48528184
16.41553343	91.46300203
16.5158657	90.50467383
16.50424006	90.52696211
16.47396691	90.52696211
16.46212667	90.50467383
16.410572	90.46010576
17.00318436	95.5637318
16.99015869	95.51915523
16.98163075	95.49686695
17.00772808	95.45229886
16.95254303	95.47458714
17.39131403	97.39122658
17.43949125	97.34665851
17.53043461	97.32437023
17.45554308	97.27979366
17.37577188	97.30208195
17.87200297	98.90671938
17.84859458	98.86214281
17.86676945	98.83985453
17.86286699	98.79528647
17.92803238	98.77299818
17.89842731	95.83116571
17.9661756	95.83116571
17.96267297	95.8088859
18.00979377	95.8088859
17.98910625	95.8088859
18.38614452	98.99586403
18.41541874	98.97357575
18.3542133	98.97357575
18.35797908	98.95128747
18.46181015	98.90671938
18.86998098	100.8456471
18.85999681	100.801079
18.86204193	100.801079
18.80936187	100.7787907
18.73168944	100.7119344
19.31427546	102.0714092
19.23185621	102.0714092
19.24222871	102.0045529
19.29616318	102.0491294
19.30092406	102.0491294
19.33075267	99.68674982
19.30437943	99.7090381
19.33901491	99.7090381
19.35295775	99.68674982
19.41514679	99.66446154
19.68826301	102.9405928
19.69672708	102.9405928
19.78304241	102.9183045
19.72461532	102.9183045
19.70670742	102.9851609
19.78060385	102.8960162
19.7747789	102.8514396
19.8978502	102.8737279
19.85865312	102.8291599
19.82990008	102.8291599
19.86929005	100.801079
19.92685745	100.801079
19.91767293	100.8233673
19.82870954	100.8456471
19.88025782	100.801079
19.89652681	100.3553473
19.849604	100.3999154
19.87914265	100.3553473
19.90452846	100.3776356
19.95997793	100.3553473
19.95037825	100.2439144
19.89261413	100.2662027
19.86339867	100.2439144
19.95123794	100.2439144
19.88653114	100.2216261
19.95563093	96.3351252
19.84783097	96.29054863
19.89898709	96.3351252
19.92589684	96.35741348
19.97903676	96.35741348
19.91390842	93.23729172
19.91053608	93.25957153
19.95786127	93.28185981
19.85045603	93.25957153
19.80583893	93.25957153
19.69624933	89.40399589
19.70934398	89.44857245
19.75117251	89.35941932
19.73095379	89.42628417
19.7128364	89.35941932
19.70968121	89.49314051
19.76466954	89.49314051
19.6688299	89.47085226
19.61522628	89.47085226
19.68945739	89.5154288
19.72867235	90.18402633
19.64816281	90.13944977
19.6671961	90.13944977
19.644862	90.16173805
19.67315263	90.16173805
19.39812924	84.92439082
19.40057419	84.92439082
19.40367828	84.9466791
19.35701606	84.90210254
19.4299225	84.9466791
19.11680827	80.04363061
19.12850799	80.08820717
19.09149399	80.08820717
19.1256645	80.08820717
19.19347794	80.08820717
18.88538006	75.63089039
18.83601358	75.65317017
18.84493751	75.67545846
18.80507874	75.67545846
18.74737721	75.67545846
18.49340925	71.21814167
18.4840229	71.19585339
18.5376278	71.21814167
18.58138392	71.21814167
18.4804615	71.24042995
18.21813549	67.07283959
18.19599812	67.09512362
18.21602267	67.09512362
18.20597846	67.11741191
18.17068512	67.11741191
18.14344963	67.5631436
18.20690074	67.5631436
18.15237356	67.5631436
18.23908616	67.58543188
18.22778371	67.5631436
17.80245865	62.83838863
17.87873232	62.83838863
17.86703899	62.88296097
17.85652341	62.83838863
17.84668231	62.88296097
17.58283108	59.16110229
17.54931716	59.13881401
17.54469552	59.18338633
17.49703821	59.13881401
17.59902343	59.16110229
17.56337242	60.47600904
17.54282285	60.49829732
17.52755534	60.49829732
17.51750985	60.52058135
17.42371661	60.47600904
17.29636473	55.862687
17.20092236	55.84039872
17.20164793	55.84039872
17.1813564	55.84039872
17.23197984	55.81811469
17.23236306	56.69063258
17.18576343	56.69063258
17.19045022	56.66834855
17.07967902	56.69063258
17.15205407	56.69063258
17.00948067	53.34764498
16.94629526	53.32536094
16.97054546	53.30307266
16.97782282	53.34764498
17.01080278	53.32536094
16.60181058	49.18005464
16.67590374	49.18005464
16.66367644	49.18005464
16.64820966	49.18005464
16.59202696	49.18005464
16.26989682	44.65587724
16.16691139	44.58902089
16.19176708	44.61130492
16.12699514	44.6335932
16.20492943	44.7004538
16.26084643	45.14618549
16.22536276	45.23533012
16.2020936	45.21304184
16.17948742	45.1907578
16.18695	45.16846952
15.80113115	40.35456993
15.81012406	40.37685396
15.8518223	40.33228165
15.80530059	40.37685396
15.85665343	40.35456993
15.36317003	35.62981074
15.24081663	35.56295225
15.29058166	35.54066608
15.24849637	35.65209902
15.4046064	35.60752668
14.85286324	31.10563545
14.89206288	31.12792162
14.84348072	31.12792162
14.86991656	31.12792162
14.83515462	31.15020776
14.80889123	32.46511666
14.82283918	32.48740281
14.76361627	32.46511666
14.80551633	32.46511666
14.75647048	32.44283049
14.38071884	26.84889834
14.31151175	26.78203775
14.32896106	26.78203775
14.30008411	26.82661217
14.41653847	26.78203775
13.81948076	22.54758679
13.8231865	22.56987295
13.8585386	22.52530062
13.91049948	22.59216124
13.85365509	22.56987295
13.85711813	23.23847047
13.86802331	23.26075875
13.81428556	23.2161843
13.82029574	23.19389815
13.78243226	23.26075875
13.22124017	17.8896903
13.22447838	17.91197859
13.23293989	17.91197859
13.34126869	17.91197859
13.30691169	17.9565509
12.62844514	13.47694795
12.7092817	13.47694795
12.70968025	13.47694795
12.69136997	13.47694795
12.69745295	13.47694795
11.92671072	8.975057785
11.92737624	8.997343931
11.86160792	8.975057785
11.93450415	8.952770571
11.92573095	9.041917314
11.50822359	6.946978525
11.57887542	6.924691845
11.57332894	6.946978525
11.58667651	6.924691845
11.55032293	6.924691845
11.42538407	6.345240564
11.44091344	6.322954395
11.46252581	6.322954395
11.45948176	6.300667693
11.48235236	6.300667693
11.18366511	4.98575935
11.17262325	4.941185967
11.20673627	5.008045518
11.16575721	5.008045518
11.14559214	4.96347267
10.66428621	2.801673818
10.69277419	2.823960498
10.69091941	2.779387383
10.68669504	2.823960498
10.64207985	2.801673818
10.6110524	3.914888651
10.68680234	3.959462033
10.60583102	3.914888651
10.6046392	3.914888651
10.56643785	3.914888651
10.63832429	4.226900971
10.65009236	4.249187407
10.61347691	4.271474087
10.54381123	4.249187407
10.57084361	4.249187407
10.03578588	0.54961459
9.976561055	0.527327998
9.970158077	0.59418775
9.968959235	0.527327998
10.0895907	0.571901181
6.403594727	-6.492946009
6.363221158	-6.448372627
6.329302941	-6.492946009
6.329474751	-6.470659329
6.423195184	-6.470659329
6.38051335	-6.114073871
6.396478959	-6.091787191
6.316050533	-6.047214342
6.315852536	-6.047214342
6.314550225	-6.114073871
4.760438947	-8.565598118
4.845436002	-8.565598118
4.748439032	-8.587884798
4.736483507	-8.543311415
4.692066322	-8.543311415
3.480323063	-10.86111658
3.549419017	-10.88340275
3.519526851	-10.8165432
3.499065106	-10.83882937
3.484893288	-10.8165432
2.429944903	-13.13434837
2.482525965	-13.11206113
2.447591733	-13.13434837
2.487683475	-13.11206113
2.521194521	-13.11206113
1.687633163	-15.34071953
1.630102328	-15.31843339
1.643849409	-15.31843339
1.649298168	-15.34071953
1.717914457	-15.29614615
0.997611077	-17.27965256
1.028580492	-17.25736639
0.986081486	-17.25736639
1.003331443	-17.25736639
0.984099038	-17.25736639
1.011535717	-16.6333412
0.975816363	-16.61105503
0.989789464	-16.6333412
1.003943398	-16.58876888
0.974059775	-16.6333412
0.29618704	-19.77575017
0.228827056	-19.82032248
0.255236026	-19.79803634
0.23277317	-19.753464
0.259144896	-19.753464
-0.29646246	-21.82611504
-0.348337039	-21.78154273
-0.352218784	-21.84840332
-0.295366968	-21.8038289
-0.321965812	-21.78154273
-0.37250321	-21.0683729
-0.386249932	-21.0683729
-0.279451377	-21.11294522
-0.338621438	-21.04608462
-0.350520358	-21.04608462
-0.96288131	-24.18849464
-0.911695411	-24.21078081
-0.906038675	-24.18849464
-0.986013384	-24.18849464
-0.958745561	-24.16620636
-1.514252501	-26.52858597
-1.499039601	-26.48401152
-1.514107516	-26.48401152
-1.504722922	-26.48401152
-1.489708977	-26.43943921
-2.009083084	-28.46751791
-2.052958651	-28.4229456
-1.993673144	-28.4229456
-2.015454925	-28.44523177
-2.019545326	-28.40065732
-2.562219246	-31.03047507
-2.544308792	-31.03047507
-2.561124512	-31.00818892
-2.553087897	-30.98590276
-2.536074179	-31.00818892
-3.053988215	-33.30370579
-3.133736425	-33.32599407
-3.10999974	-33.28141964
-3.067102983	-33.28141964
-3.022648753	-33.25913347
-3.601535743	-35.42093128
-3.620902436	-35.42093128
-3.666866874	-35.39864511
-3.603018168	-35.39864511
-3.593037826	-35.39864511
-4.091613592	-37.67187794
-4.150466059	-37.64958966
-4.104038243	-37.67187794
-4.12282755	-37.60501734
-4.072663013	-37.60501734
-4.685574246	-39.989681
-4.692298171	-40.05654159
-4.655038589	-39.989681
-4.665772598	-39.96739694
-4.633981574	-39.96739694
-5.135265113	-42.08462243
-5.147717867	-42.06233415
-5.149699437	-42.06233415
-5.181257654	-42.04004587
-5.2128213	-42.06233415
-5.558765725	-44.1349873
-5.636823293	-44.1349873
-5.587809377	-44.11269902
-5.566460156	-44.11269902
-5.554893919	-44.11269902
-5.621045462	-43.0206581
-5.583624608	-42.97608579
-5.589080392	-42.99836982
-5.631119054	-42.99836982
-5.620609868	-42.99836982
-6.159534932	-46.45279034
-6.127912844	-46.47507862
-6.10200266	-46.47507862
-6.103288365	-46.45279034
-6.180420455	-46.45279034
-6.639495118	-48.70373702
-6.598111124	-48.6591647
-6.602473452	-48.6591647
-6.597015751	-48.63687642
-6.637107014	-48.6591647
-7.082379348	-50.79867421
-7.131450747	-50.77639017
-7.078912479	-50.82096249
-7.11466313	-50.77639017
-7.107882041	-50.75410189
-7.20018839	-50.88782308
-7.17212259	-50.8655348
-7.156404158	-50.91010714
-7.219871878	-50.84324654
-7.249190171	-50.8655348
-7.190328762	-49.79577794
-7.214989647	-49.84035025
-7.210563449	-49.84035025
-7.265024847	-49.84035025
-7.2220639	-49.84035025
-7.591362747	-53.20562614
-7.599662028	-53.22791442
-7.682467699	-53.18333786
-7.687426574	-53.18333786
-7.646475619	-53.1610538
-7.630805728	-51.95757572
-7.668481424	-51.95757572
-7.671722193	-51.95757572
-7.706213326	-51.91300341
-7.629286897	-51.95757572
-8.195045708	-55.41199624
-8.105741892	-55.36742392
-8.130601413	-55.41199624
-8.110337985	-55.3897122
-8.12365043	-55.36742392
-8.214531198	-52.78162277
-8.228713555	-52.80391105
-8.137859612	-52.78162277
-8.17623213	-52.80391105
-8.165978424	-52.75933873
-8.410198534	-55.76802756
-8.401436833	-55.74573928
-8.492976741	-55.74573928
-8.438277108	-55.723451
-8.419801404	-55.70116696
-8.888450833	-58.95500569
-8.901076675	-58.95500569
-8.934246974	-58.91043335
-8.877602496	-58.91043335
-8.833583222	-58.91043335
-9.218298395	-60.31448899
-9.195683908	-60.26991668
-9.114414313	-60.2476284
-9.192897256	-60.22534436
-9.203944228	-60.26991668
-9.608880676	-62.20884864
-9.646797801	-62.11970399
-9.607614771	-62.16427632
-9.594120296	-62.11970399
-9.56402151	-62.14198804
-10.07433277	-64.43750704
-10.09617954	-64.45979532
-10.05261374	-64.41521876
-10.11014537	-64.39293471
-10.08893028	-64.39293471
-10.53580895	-66.35415495
-10.50332078	-66.33186667
-10.52539173	-66.33186667
-10.55258954	-66.30957839
-10.55692121	-66.33186667
-10.66898258	-66.57702079
-10.63124365	-66.57702079
-10.63494556	-66.57702079
-10.59987513	-66.55473251
-10.65090159	-66.55473251
-10.67264298	-65.35125868
-10.63209887	-65.37354271
-10.64587565	-65.35125868
-10.63626384	-65.37354271
-10.64607174	-65.35125868
-10.66936005	-64.7049452
-10.64477198	-64.7049452
-10.67025679	-64.72723348
-10.68637633	-64.68266115
-10.6839301	-64.68266115
-10.91445646	-67.0673248
-10.88830165	-67.0004642
-10.82712431	-66.97817592
-10.80508657	-67.0004642
-10.89662776	-67.0004642
-11.13027226	-68.8056792
-11.14565473	-68.87253554
-11.19320602	-68.85025151
-11.14048892	-68.82796323
-11.14725787	-68.8056792
-11.58720408	-70.92290466
-11.55942953	-70.8783281
-11.57877067	-70.90061638
-11.56983652	-70.85604407
-11.54171707	-70.8783281
-12.05936892	-73.17385135
-12.08318991	-73.15156307
-12.08774896	-73.15156307
-12.10780545	-73.12927478
-12.06920747	-73.12927478
-12.14673044	-70.8783281
-12.09920981	-70.8783281
-12.14562677	-70.81147175
-12.13252318	-70.8783281
-12.11123016	-70.83375579
-12.39080493	-73.53042991
-12.41321439	-73.53042991
-12.37749185	-73.55271819
-12.37580184	-73.53042991
-12.37556552	-73.5081501
-12.71377688	-75.62537557
-12.74817604	-75.60308731
-12.6980776	-75.60308731
-12.65891246	-75.58079903
-12.71073666	-75.62537557
-13.14954087	-77.80945741
-13.17131418	-77.78716913
-13.17593838	-77.78716913
-13.14761327	-77.76488085
-13.09575458	-77.74260106
-13.69436561	-79.83753825
-13.67731102	-79.83753825
-13.6694997	-79.79296169
-13.64508727	-79.81524997
-13.66560491	-79.79296169
-14.2324725	-81.99933181
-14.21548944	-81.99933181
-14.16908909	-81.99933181
-14.20705603	-81.97705202
-14.18326442	-81.97705202
-14.71945137	-83.98284458
-14.70111427	-84.00512437
-14.69336682	-83.9605563
-14.66173835	-83.93826802
-14.69924159	-83.91597974
-15.14263423	-85.92177229
-15.18603141	-85.94406058
-15.15460732	-85.96634886
-15.12039849	-85.94406058
-15.16271627	-85.87720421
-15.17732336	-83.93826802
-15.21764328	-83.93826802
-15.19867386	-83.93826802
-15.20456524	-83.98284458
-15.16139543	-83.93826802
-15.45243999	-86.61265809
-15.46767812	-86.63494637
-15.48859047	-86.61265809
-15.47640022	-86.63494637
-15.46596129	-86.63494637
-15.899486	-88.75217184
-15.87928133	-88.68530699
-15.84179597	-88.64073893
-15.93615255	-88.66302721
-15.93829475	-88.64073893
-15.95636871	-86.83552393
-15.94133752	-86.85781221
-15.91740029	-86.81323565
-15.93284791	-86.8801005
-15.980122	-86.81323565
-16.42223724	-90.78025268
-16.42100454	-90.7579644
-16.41681467	-90.78025268
-16.42859487	-90.71338783
-16.43405448	-90.73567611
-16.49292739	-88.5515943
-16.461198	-88.5515943
-16.46050948	-88.57387408
-16.47663796	-88.57387408
-16.44762177	-88.57387408
-17.03607746	-92.69689211
-17.00926096	-92.63003576
-17.107543	-92.63003576
-17.04848487	-92.60774748
-17.02214867	-92.63003576
-17.49287132	-94.50210713
-17.55718213	-94.50210713
-17.51904529	-94.50210713
-17.47613735	-94.45753904
-17.47005692	-94.45753904
-17.94561582	-96.21817747
-17.94503716	-96.15131265
-17.95264025	-96.15131265
-17.9883232	-96.10674456
-18.00057476	-96.08445628
-18.01687058	-93.85579787
-17.98260427	-93.87808616
-17.97738481	-93.87808616
-17.96803422	-93.90037444
-17.97652384	-93.87808616
-18.43400111	-97.13192913
-18.43112695	-97.10964085
-18.4161277	-97.15420891
-18.38449539	-97.13192913
-18.46120594	-97.15420891
-18.8687138	-99.20457803
-18.87914762	-99.16000147
-18.88598172	-99.13772166
-18.83777129	-99.16000147
-18.8931505	-99.11543341
-18.89643215	-96.6193326
-18.91622421	-96.59704431
-18.97940707	-96.59704431
-18.92445962	-96.6193326
-18.92062359	-96.6193326
-19.47861196	-100.7869272
-19.50435161	-100.7646389
-19.47017216	-100.7200623
-19.41040508	-100.7869272
-19.44951019	-100.6977826
-19.54878093	-101.0766494
-19.5331187	-101.0766494
-19.57012887	-101.0766494
-19.55635337	-101.0989377
-19.5499076	-101.0766494
-19.60487165	-98.73655806
-19.65744441	-98.71426978
-19.57964935	-98.71426978
-19.59035654	-98.71426978
-19.5709247	-98.71426978
-20.05396917	-102.0349776
-20.04590621	-102.0349776
-20.06205257	-101.9681128
-20.07748869	-101.990401
-20.04084514	-102.0126893
-20.52880378	-103.5281736
-20.50027939	-103.5058853
-20.46655981	-103.4613173
-20.46170824	-103.4836056
-20.52776397	-103.4613173
-20.76046575	-104.5979348
-20.7299831	-104.5533582
-20.76419193	-104.5756465
-20.75744214	-104.5310699
-20.68859655	-104.5087816
-20.83113035	-101.9681128
-20.77619695	-101.9235447
-20.8156278	-101.9458245
-20.82977247	-101.9458245
-20.8156278	-101.9458245
-21.18237887	-104.8653687
-21.22005329	-104.8653687
-21.27385618	-104.8653687
-21.25276372	-104.8208006
-21.22510669	-104.8430804
-21.67404836	-106.4254295
-21.64793826	-106.4254295
-21.61636855	-106.3585732
-21.62744363	-106.3808615
-21.715707	-106.3585732
-21.89839848	-107.1608919
-21.91058745	-107.1386036
-21.94634194	-107.1386036
-21.92823348	-107.1386036
-21.88648032	-107.0717388
-21.89447941	-105.2888121
-21.98036171	-105.2665323
-21.96612889	-105.2888121
-21.99114553	-105.3111003
-21.96569202	-105.2665323
-22.04673552	-101.9881697
-21.97983031	-102.0550345
-22.03240051	-102.0327462
-22.02209188	-102.0327462
-22.03976601	-102.0104579
-21.95822688	-97.84287182
-21.93469714	-97.84287182
-21.90399095	-97.82058354
-21.95148476	-97.84287182
-21.99087984	-97.84287182
-21.71891583	-93.14040091
-21.71019117	-93.14040091
-21.67182568	-93.16268919
-21.74571062	-93.11811263
-21.75633605	-93.18496898
-21.4170389	-87.83618884
-21.41831503	-87.76933247
-21.47475831	-87.76933247
-21.46014739	-87.72475591
-21.43761913	-87.65789956
-21.37819949	-87.23445615
-21.36551106	-87.23445615
-21.42461006	-87.27902424
-21.33418533	-87.23445615
-21.39169525	-87.27902424
-21.39318981	-87.30131252
-21.34113567	-87.27902424
-21.37036135	-87.3236008
-21.40954183	-87.27902424
-21.43241244	-87.27902424
-21.39089048	-88.28192051
-21.33707609	-88.34878535
-21.37678669	-88.30420879
-21.3708506	-88.34878535
-21.34467663	-88.34878535
-21.14323161	-84.06975785
-21.15331797	-84.09204611
-21.10731617	-84.09204611
-21.16023	-84.11433439
-21.10182845	-84.09204611
-20.89370645	-79.92445152
-20.87588541	-79.90217173
-20.85935072	-79.85759517
-20.83510435	-79.90217173
-20.93533059	-79.87988345
-20.51700825	-75.5117113
-20.62857399	-75.5117113
-20.61916081	-75.53399958
-20.56693167	-75.48942302
-20.5370724	-75.53399958
-20.19800519	-70.94296158
-20.21522202	-70.9206733
-20.23806324	-70.94296158
-20.33220777	-70.9206733
-20.22213915	-70.9875339
-19.89423132	-66.77537122
-19.916476	-66.79765525
-19.89166246	-66.81994354
-19.89469374	-66.77537122
-19.86763325	-66.79765525
-19.93025023	-67.19881463
-19.85943361	-67.22110291
-19.90219464	-67.22110291
-19.92503076	-67.19881463
-19.90976964	-67.24338694
-19.89212744	-68.44686502
-19.89046171	-68.40228846
-19.86644272	-68.42457674
-19.83724514	-68.35771614
-19.89544613	-68.38000443
-19.43203277	-62.07290031
-19.47607887	-62.05061203
-19.50020644	-62.05061203
-19.49866334	-62.11747263
-19.44244871	-62.09518859
-19.17054602	-58.28418104
-19.11062692	-58.26189276
-19.15619185	-58.2396087
-19.19272683	-58.3064693
-19.17659835	-58.3064693
-18.72853681	-53.13597844
-18.7369996	-53.13597844
-18.68882621	-53.18055501
-18.69497179	-53.18055501
-18.72546082	-53.11369439
-18.74021226	-54.69743499
-18.66181043	-54.65286267
-18.70758486	-54.6751467
-18.72388706	-54.69743499
-18.67860955	-54.69743499
-18.77449135	-55.18773899
-18.68275089	-55.18773899
-18.65990838	-55.16545071
-18.71434487	-55.18773899
-18.70261193	-55.21002727
-18.26713153	-49.50466007
-18.30661602	-49.48237179
-18.34532386	-49.50466007
-18.3420486	-49.48237179
-18.31114952	-49.50466007
-17.84372129	-44.75761683
-17.84550454	-44.75761683
-17.88535054	-44.71304451
-17.89030814	-44.71304451
-17.89083443	-44.71304451
-17.91330393	-45.13648792
-17.91131119	-45.09191558
-17.8743074	-45.13648792
-17.83812371	-45.1587762
-17.89892039	-45.11420386
-17.40553918	-40.03286188
-17.4209753	-40.05515017
-17.43226754	-40.0105736
-17.44387273	-40.03286188
-17.40550852	-40.05515017
-16.96913776	-35.57554508
-17.03121056	-35.62011739
-16.949057	-35.62011739
-16.98900264	-35.59783336
-16.97697335	-35.59783336
-16.49691544	-31.43024088
-16.52914046	-31.45252705
-16.54047229	-31.43024088
-16.50695965	-31.43024088
-16.455709	-31.45252705
-16.48410182	-32.67828917
-16.42088702	-32.70057533
-16.50195734	-32.72286148
-16.48100667	-32.72286148
-16.41304888	-32.67828917
-15.98262316	-27.30722286
-15.98235107	-27.26264841
-16.07106153	-27.30722286
-15.99633351	-27.28493669
-15.9758542	-27.329509
-15.37013953	-22.15902237
-15.31541308	-22.15902237
-15.38692843	-22.15902237
-15.36009532	-22.15902237
-15.33373358	-22.20359471
-15.4140745	-22.80533163
-15.37811819	-22.80533163
-15.36816339	-22.78304546
-15.34832406	-22.73847314
-15.37117678	-22.80533163
-14.80141843	-17.7462779
-14.81651604	-17.72399174
-14.76161586	-17.70170452
-14.77795255	-17.7462779
-14.76030524	-17.7462779
-14.13272401	-13.35582065
-14.11220765	-13.37810787
-14.13124094	-13.37810787
-14.09264296	-13.37810787
-14.1058909	-13.35582065
-13.77039403	-11.55060777
-13.84339755	-11.57289394
-13.75493619	-11.59518115
-13.75866492	-11.57289394
-13.78348995	-11.59518115
-13.80076682	-12.62036359
-13.73367894	-12.62036359
-13.75397047	-12.62036359
-13.74520877	-12.59807744
-13.7742505	-12.57579021
-13.37416563	-8.675638024
-13.29614447	-8.697924704
-13.2883421	-8.697924704
-13.29615469	-8.742498087
-13.31904956	-8.720211406
-12.93977101	-6.82585176
-12.93953597	-6.80356508
-12.86263765	-6.82585176
-12.90430522	-6.80356508
-12.87483556	-6.84813844
-12.86512858	-7.31615681
-12.88687252	-7.31615681
-12.8700734	-7.271583449
-12.93674357	-7.338442978
-12.85809137	-7.338442978
-12.82344951	-6.446979622
-12.76875115	-6.424693453
-12.78012897	-6.469266302
-12.7818177	-6.491553004
-12.79576565	-6.491553004
-11.33054974	0.127562385
-11.37457029	0.105275816
-11.33088825	0.060702634
-11.362343	0.105275816
-11.40095247	0.038416065
-9.592592523	3.381403758
-9.665886658	3.403690171
-9.627549907	3.425976873
-9.554197649	3.336830375
-9.61036374	3.425976873
-9.57013324	2.779665775
-9.597503495	2.735092659
-9.595840956	2.801952455
-9.641319662	2.757379339
-9.606688016	2.757379339
-9.525790144	2.735092659
-9.603246694	2.779665775
-9.645679436	2.779665775
-9.586921496	2.801952455
-9.585001561	2.801952455
-9.572865603	2.623659748
-9.590236993	2.712806224
-9.575294583	2.735092659
-9.525990058	2.712806224
-9.588043694	2.801952455
-9.447703835	3.359117055
-9.461708632	3.403690171
-9.493042027	3.381403758
-9.443139677	3.381403758
-9.431377998	3.359117055
-9.468909986	2.935672068
-9.444256127	2.935672068
-9.457071024	2.980245184
-9.394220288	2.935672068
-9.419668692	2.935672068
-9.415658288	2.779665775
-9.447252912	2.757379339
-9.45201315	2.757379339
-9.444934427	2.824239157
-9.459478288	2.779665775
-9.558707517	2.645946428
-9.529369425	2.579086632
-9.476089624	2.623659748
-9.47497062	2.601373312
-9.489761019	2.712806224
-9.466457374	2.512226814
-9.508495398	2.489940401
-9.510552654	2.445367019
-9.576241777	2.512226814
-9.515896665	2.512226814
-9.53046799	2.28936097
-9.473159903	2.311647672
-9.530867179	2.267074556
-9.552337752	2.356220788
-9.507534792	2.28936097
-9.523340087	2.222501307
-9.486921993	2.222501307
-9.55823424	2.244787854
-9.574098935	2.244787854
-9.52545802	2.200214761
-9.487309685	2.28936097
-9.539590557	2.28936097
-9.564839686	2.28936097
-9.533642973	2.28936097
-9.566099843	2.244787854
-9.560554641	2.200214761
-9.587983656	2.222501307
-9.546744009	2.200214761
-9.559432443	2.200214761
-9.505566954	2.177928058
-9.516230706	2.489940401
-9.554764177	2.512226814
-9.556348795	2.512226814
-9.514111496	2.534513517
-9.508029146	2.534513517
-9.811508575	0.63876091
-9.797100758	0.63876091
-9.854867433	0.63876091
-9.845220493	0.616474363
-9.807083655	0.616474363
-9.892093483	0.54961459
-9.889447984	0.54961459
-9.877283923	0.571901181
-9.863080489	0.527327998
-9.843850479	0.505041407
-9.895545023	0.460468269
-9.871676766	0.505041407
-9.839359772	0.482754816
-9.917615976	0.482754816
-9.888540389	0.438181678
-9.92788054	0.349035336
-9.909311585	0.326748745
-9.916118861	0.326748745
-9.919818217	0.349035336
-9.954713009	0.371321905
-9.885173158	0.438181678
-9.890529304	0.415895087
-9.946579151	0.415895087
-9.980549104	0.438181678
-9.930048291	0.460468269
-9.616681132	2.35482776
-9.682710043	2.35482776
-9.681850352	2.35482776
-9.632146638	2.35482776
-9.676628971	2.35482776
-9.378917651	3.335437615
-9.405087148	3.35772405
-9.401125924	3.335437615
-9.390021468	3.335437615
-9.391144304	3.335437615
-9.173816701	3.403411779
-9.144342565	3.381125099
-9.125099142	3.447984894
-9.157766145	3.336551983
-9.084581227	3.447984894
-7.60601391	4.696033442
-7.638340484	4.651460594
-7.639025172	4.4954543
-7.627733576	4.428594482
-7.726687526	4.361734686
-8.961657467	1.286186177
-8.938928013	1.241613061
-8.984541486	1.197039812
-8.949305628	1.241613061
-8.929417117	1.197039812
-9.003529428	1.107893514
-9.029565437	1.13018015
-9.104589175	1.085606901
-9.05303259	1.107893514
-9.016277901	1.152466696
-8.81197916	2.489661742
-8.784686826	2.445088627
-8.801207467	2.46737504
-8.792022308	2.46737504
-8.772920037	2.46737504
-8.813066868	2.266795898
-8.845518628	2.266795898
-8.762504101	2.266795898
-8.786829668	2.244509218
-8.790519444	2.333655693
-7.792282121	4.740606825
-7.851826301	4.785179673
-7.835636507	4.762893505
-7.765111141	4.785179673
-7.815937052	4.807466376
-7.324327598	5.921795555
-7.261464089	5.966368937
-7.238534083	5.921795555
-7.273027771	5.966368937
-7.205880493	5.944082257
-7.253362805	5.253198043
-7.300021831	5.297771425
-7.215884468	5.275484745
-7.252089874	5.386917657
-7.252964255	5.253198043
-6.527133556	6.657253151
-6.576973313	6.634966471
-6.619072014	6.657253151
-6.54728649	6.701826
-6.554102068	6.657253151
-5.254549874	8.796764789
-5.297709456	8.796764789
-5.231544182	8.819051491
-5.203327968	8.77447862
-5.210793105	8.796764789
-4.005869896	11.13685664
-3.980359219	11.11456942
-4.052930665	11.11456942
-4.001111254	11.11456942
-4.001509165	11.11456942
-2.976955762	13.56609365
-2.996059629	13.56609365
-2.927329012	13.49923412
-2.966188221	13.52152026
-3.005246705	13.5438075
-2.30661924	15.61645959
-2.261878713	15.5718862
-2.230745072	15.59417344
-2.255398293	15.59417344
-2.272784533	15.5718862
-1.569768873	17.82283182
-1.5422011	17.86740416
-1.526736392	17.84511799
-1.555561927	17.80054567
-1.486615748	17.86740416
-0.794193264	20.45264746
-0.826845018	20.45264746
-0.762337013	20.45264746
-0.81653806	20.43036132
-0.847932131	20.43036132
-0.250629614	22.1018551
-0.218561154	22.19100186
-0.336148068	22.16871571
-0.302636583	22.16871571
-0.272040729	22.12414126
-0.308933277	21.05438651
-0.250633366	21.07667266
-0.22267886	21.05438651
-0.244548442	21.12124497
-0.246994547	21.09895883
0.3295241	24.46423258
0.372618935	24.46423258
0.356618915	24.44194643
0.288271559	24.39737409
0.37922458	24.44194643
0.865442998	26.75975158
0.900399744	26.69289098
0.879586154	26.73746541
0.910844342	26.71517926
0.940716708	26.69289098
1.498639614	28.92154938
1.477425799	28.92154938
1.480715428	28.81011645
1.491359541	28.83240473
1.472066139	28.87697705
1.987577382	30.79362286
2.029877433	30.79362286
2.004445157	30.90505577
2.016329147	30.79362286
1.950377039	30.8827696
2.491868404	33.31200768
2.532184011	33.28972154
2.529741778	33.31200768
2.580227421	33.24514709
2.567141395	33.24514709
2.952036842	35.56295225
3.059441125	35.56295225
3.031934508	35.47380549
3.007758077	35.5852384
3.085214628	35.54066608
3.472011008	37.72475217
3.471274586	37.65789158
3.567051956	37.70246389
3.525277077	37.68017986
3.523829461	37.72475217
3.955637977	39.95341057
3.986842673	39.99798289
3.966740836	39.93112229
3.9855707	39.88654996
3.990667534	39.93112229
4.482641367	42.27121361
4.529701177	42.27121361
4.483763565	42.27121361
4.497509049	42.24892955
4.459374766	42.27121361
4.52053965	40.48828689
4.506131832	40.48828689
4.583400605	40.51057515
4.548830912	40.51057515
4.560394594	40.48828689
4.793556234	42.62780064
4.771880637	42.65008468
4.713055954	42.65008468
4.726068529	42.60551236
4.766647121	42.56094005
5.033574649	44.61130492
5.096760702	44.61130492
4.993644019	44.54444432
4.992919413	44.56673261
5.06304623	44.56673261
5.254855173	43.94270741
5.240584037	43.96499569
5.209316109	43.94270741
5.266558411	43.96499569
5.261334475	43.94270741
5.5998936	46.83996332
5.600357297	46.8622516
5.565919815	46.83996332
5.530823833	46.83996332
5.50960363	46.81767927
5.954271113	48.84575588
5.919237724	48.82347182
5.98466434	48.77889526
6.025905265	48.75661123
5.947329072	48.82347182
6.459852791	51.14127488
6.413118398	51.09670254
6.434801659	51.1189866
6.497591718	51.1189866
6.46348189	51.09670254
6.944796122	53.30307266
6.862566559	53.25850035
6.967528769	53.28078863
7.000903452	53.25850035
6.91510866	53.23621207
7.503193903	55.64316398
7.479601565	55.66545226
7.449790194	55.62087994
7.417537709	55.64316398
7.407817318	55.62087994
7.539945398	52.34586439
7.482778464	52.39043671
7.494208657	52.36815267
7.557731306	52.39043671
7.483900023	52.36815267
7.764385576	55.97857844
7.83199655	55.93400612
7.744021233	55.91171784
7.819108841	55.95629015
7.800467074	55.93400612
8.040147936	57.87293806
8.035647648	57.82836574
8.060632355	57.80607746
8.051514259	57.82836574
8.079939648	57.87293806
8.462144727	59.90101467
8.445295155	59.92330295
8.522888387	59.90101467
8.51296936	59.87873062
8.485809877	59.90101467
8.999006786	62.26339427
9.095432118	62.21882195
9.017178469	62.24110599
8.973619059	62.21882195
9.078180165	62.21882195
9.544898163	64.51434095
9.579717587	64.42519205
9.413564626	64.49205267
9.509788129	64.42519205
9.532394313	64.42519205
10.01588907	66.63156642
10.05092438	66.65385045
10.10703171	66.60927814
9.978876346	66.63156642
10.04338259	66.60927814
10.05532566	64.46976439
10.11435186	64.49205267
9.993798956	64.53662499
10.0450215	64.51434095
10.14488752	64.49205267
10.32093843	67.12187042
10.30943159	67.05500981
10.24234563	67.07729809
10.25087101	67.07729809
10.30890977	67.09958214
10.27677353	66.52013351
10.25760419	66.49784523
10.34517968	66.49784523
10.24709884	66.52013351
10.3129272	66.52013351
10.62247876	68.97165773
10.67085972	68.99394177
10.58698487	68.97165773
10.61811643	68.97165773
10.56153582	68.97165773
11.0873094	71.02202261
11.0237216	70.99973433
11.11976179	71.02202261
11.08710757	70.99973433
11.05763279	71.02202261
11.6913264	73.38439798
11.66885562	73.38439798
11.65153277	73.36210969
11.63844451	73.33982989
11.73374509	73.29525332
12.10137756	75.50162345
12.17977045	75.52391173
12.20825907	75.52391173
12.22511056	75.52391173
12.20501958	75.52391173
12.72740548	77.46284794
12.70559512	77.46284794
12.72727135	77.44055965
12.72204678	77.41827137
12.64947501	77.41827137
13.17001251	79.82521903
13.15699451	79.84750732
13.21403306	79.82521903
13.25699209	79.80293925
13.23894751	79.82521903
13.69113762	81.67501059
13.75472286	81.67501059
13.82735466	81.63043403
13.75010122	81.69729887
13.82781708	81.63043403
14.36481902	84.52768997
14.35410417	84.48312188
14.39435511	84.48312188
14.3455724	84.4608336
14.31133164	84.41625703
14.67924387	85.84259671
14.72814793	85.82031692
14.76608677	85.75345208
14.76376956	85.75345208
14.76985127	85.77574036
14.79242935	84.10424656
14.72375877	84.10424656
14.83744755	84.12653484
14.74880863	84.10424656
14.74669069	84.10424656
15.11228316	86.93464612
15.15530734	86.89006956
15.1967552	86.93464612
15.22121106	86.95692591
15.16244801	86.91235784
15.55122405	88.67299627
15.49986482	88.62841971
15.61923421	88.62841971
15.55088426	88.58385162
15.55974687	88.65070799
15.62320054	86.66720372
15.62062147	86.66720372
15.64263366	86.66720372
15.57006062	86.66720372
15.5548557	86.66720372
16.20376955	90.65650055
16.13305002	90.70107711
16.1832136	90.70107711
16.15809988	90.70107711
16.09662618	90.63421227
16.7554961	93.46461183
16.82276793	93.39775546
16.74504312	93.37546718
16.67220949	93.39775546
16.80056029	93.37546718
16.80015152	90.34449008
16.7928831	90.34449008
16.85977299	90.32220179
16.81119083	90.34449008
16.81681268	90.34449008
17.09696611	93.39775546
17.17197771	93.37546718
17.05023108	93.37546718
17.08526255	93.37546718
17.1879018	93.3531789
17.57631506	95.29211511
17.5044663	95.29211511
17.50360661	95.26982683
17.62469538	95.29211511
17.50651014	95.22525027
18.17643215	97.18647473
18.12718191	97.11960989
18.2117191	97.11960989
18.20809256	97.14189817
18.17352223	97.14189817
18.52633045	98.83568026
18.51012788	98.81339197
18.51588258	98.81339197
18.56359227	98.72424734
18.47945491	98.74653563
18.53994245	95.8715595
18.54754171	95.84927971
18.63161137	95.84927971
18.58329747	95.84927971
18.55448439	95.84927971
19.16000234	99.54884586
19.2689328	99.57113414
19.16494972	99.50427779
19.14109679	99.52656607
19.27923377	99.52656607
19.78293128	101.5546384
19.70559736	101.5100703
19.73017458	101.4877821
19.73387393	101.4432055
19.71398223	101.4432055
19.71913016	98.94711319
19.74121261	98.96940147
19.8192657	98.94711319
19.71774673	98.94711319
19.80346169	98.90253663
19.80425878	94.62211768
19.85885623	94.64440596
19.87332919	94.62211768
19.76017819	94.66669424
19.8193283	94.62211768
19.81369495	94.51068477
19.77575228	94.48840496
19.90979391	94.46611668
19.82313879	94.42154011
19.82610491	94.39925183
19.61814258	88.87218241
19.67194165	88.87218241
19.68080299	88.91675897
19.66540391	88.91675897
19.64306087	88.91675897
19.67657606	88.93903876
19.67261356	88.98361532
19.63169965	88.96132704
19.70519242	88.93903876
19.66256807	88.98361532
19.6499384	89.42934701
19.68179936	89.45163529
19.63355572	89.47392357
19.67274897	89.47392357
19.62290985	89.45163529
19.41526048	84.39257732
19.3540576	84.39257732
19.37864503	84.39257732
19.42748777	84.39257732
19.37672765	84.39257732
19.05495774	80.00212539
19.06493553	80.00212539
19.1788849	80.00212539
19.08780486	80.00212539
19.08430222	80.02440517
18.91046441	76.65913778
18.89320926	76.61456122
18.9182655	76.65913778
18.83941275	76.6368495
18.95924328	76.65913778
18.44803337	71.26578106
18.56944022	71.2212045
18.54783679	71.24349278
18.45940097	71.24349278
18.54783679	71.24349278
18.2442622	67.05361838
18.15450171	67.05361838
18.23097977	67.07590244
18.2298531	67.05361838
18.21075211	67.05361838
17.839221	62.77459088
17.89070669	62.77459088
17.76579338	62.79687916
17.79982976	62.79687916
17.84292291	62.77459088
17.83595852	63.13117792
17.79815508	63.1534662
17.7333116	63.1534662
17.70429669	63.1534662
17.86814777	63.1534662
17.74533451	63.5546213
17.81664548	63.53233727
17.70957619	63.57690958
17.76304569	63.57690958
17.79907226	63.57690958
17.45868932	57.98297532
17.38783822	57.98297532
17.3310577	57.98297532
17.36959308	57.98297532
17.4819572	58.0052636
17.29678117	56.28919748
17.26763341	56.31148152
17.26670601	56.2669092
17.21766144	56.2669092
17.30173621	56.28919748
17.14950054	55.3963427
17.0870292	55.28490977
17.1086505	55.35176614
17.19013853	55.3294821
17.16819532	55.3294821
16.94382732	53.14539602
16.99914649	53.14539602
16.9151407	53.12310774
16.96491595	53.1676843
17.03318287	53.14539602
16.56280767	49.06695031
16.62129608	49.04466627
16.64264274	49.02237799
16.55090356	49.04466627
16.55956562	49.08923859
16.20625921	44.72106643
16.29304207	44.6987824
16.18339244	44.72106643
16.23091179	44.72106643
16.21716567	44.6987824
16.15059258	44.16390183
16.11523409	44.16390183
16.15086467	44.23076243
16.1546279	44.18619012
16.10465848	44.16390183
15.75939587	40.1077444
15.75066738	40.08545612
15.84849211	40.1077444
15.7380441	40.08545612
15.71695802	40.08545612
15.37457467	35.85100516
15.36750042	35.82872113
15.29790756	35.87329344
15.3509108	35.82872113
15.33624112	35.85100516
14.8883252	31.32682987
14.87860545	31.32682987
14.82428137	31.34911604
14.92824401	31.34911604
14.84820711	31.34911604
14.89154298	32.66402492
14.80079889	32.68631109
14.77125002	32.68631109
14.76490389	32.66402492
14.91678827	32.66402492
14.73597584	30.9479588
14.69856457	30.9479588
14.69156313	30.97024497
14.72223228	30.97024497
14.72309325	30.97024497
14.27401489	26.6243611
14.31075425	26.55750048
14.31703907	26.55750048
14.32906581	26.55750048
14.2387075	26.53521434
13.78299304	22.96936089
13.86673058	22.94707474
13.78689678	22.99164706
13.75292428	23.01393322
13.78974028	22.99164706
13.73239643	23.23679905
13.796568	23.16994059
13.82949303	23.25908733
13.8339831	23.2145129
13.76074964	23.2145129
13.23137763	18.0217401
13.30996979	18.04402627
13.32232993	18.06631242
13.27038566	18.11088473
13.27659383	18.06631242
12.59365893	13.74271471
12.64296026	13.72042854
12.66920704	13.74271471
12.75644849	13.72042854
12.64706072	13.69814238
11.94013877	8.995672534
11.97220922	9.107105445
11.90848602	9.040245917
11.94021541	9.084819299
11.96110221	9.084819299
11.09340771	4.716648725
11.00708982	4.738935406
11.08726596	4.761221574
11.06049289	4.716648725
11.10114749	4.761221574
10.49279818	2.554849874
10.46523184	2.532563439
10.45782866	2.532563439
10.55492718	2.554849874
10.53357733	2.532563439
10.54195197	3.579475793
10.50229311	3.557189091
10.52906554	3.579475793
10.46528039	3.557189091
10.47036636	3.557189091
10.41958388	3.869201167
10.48845501	3.869201167
10.50371997	3.846914754
10.52024572	3.869201167
10.47960517	3.913774549
9.886041152	0.169628327
9.910628587	0.169628327
9.896747059	0.147341758
9.833559728	0.147341758
9.850810404	0.169628327
6.293748371	-6.382627199
6.259312805	-6.382627199
6.266118165	-6.382627199
6.195295163	-6.40491388
6.224479329	-6.382627199
6.197609816	-6.092901804
6.173797764	-6.026042275
6.259908713	-6.070615124
6.200358785	-6.070615124
6.264641488	-6.048328444
5.293686598	-7.563816463
5.287768075	-7.586103143
5.303414334	-7.519243081
5.376012924	-7.541529761
5.311015195	-7.519243081
3.886861693	-9.814761546
3.897740048	-9.792474332
3.926347467	-9.837047714
3.83196534	-9.837047714
3.85291633	-9.837047714
3.283052269	-10.92909075
3.346699784	-10.92909075
3.255159876	-10.92909075
3.264544949	-10.92909075
3.290725942	-10.88451736
2.21815867	-13.22460868
2.204665153	-13.26918206
2.187451362	-13.24689485
2.231841243	-13.22460868
2.279164358	-13.22460868
1.398224956	-15.2526874
1.416732276	-15.2526874
1.355092997	-15.27497462
1.372740785	-15.27497462
1.435501943	-15.2526874
0.591401499	-17.50363302
0.593620106	-17.48134581
0.619954229	-17.50363302
0.64676087	-17.48134581
0.648018472	-17.48134581
-0.065836219	-19.8660105
-0.023734769	-19.8660105
-0.093700224	-19.88829665
-0.085401941	-19.8660105
-0.107175908	-19.84372433
-0.152791725	-18.99683329
-0.140564532	-18.99683329
-0.118619095	-18.99683329
-0.069142769	-18.97454715
-0.082465064	-18.99683329
-0.732971376	-22.02780829
-0.673315024	-22.00552214
-0.654743155	-22.00552214
-0.659169833	-22.00552214
-0.690273974	-22.02780829
-0.709166909	-21.09177262
-0.668640132	-21.0472003
-0.692142733	-21.06948645
-0.718486994	-21.09177262
-0.748730765	-21.11405878
-1.291490351	-24.25646669
-1.276458602	-24.27875497
-1.255136766	-24.25646669
-1.279101228	-24.27875497
-1.21088237	-24.23418054
-1.768730149	-26.15082634
-1.764368141	-26.15082634
-1.770277882	-26.12854017
-1.739053705	-26.15082634
-1.803589972	-26.12854017
-2.388504863	-28.60235056
-2.401799584	-28.64692501
-2.340350319	-28.58006441
-2.390061537	-28.62463884
-2.387012059	-28.58006441
-2.916340481	-30.78643665
-2.892348315	-30.78643665
-2.945289285	-30.78643665
-2.935244115	-30.78643665
-2.975789175	-30.76415048
-3.481430252	-33.14881413
-3.436297721	-33.19338856
-3.453076716	-33.14881413
-3.475972551	-33.12652796
-3.504262216	-33.12652796
-3.958975509	-35.37747251
-3.947183491	-35.39975868
-4.023012312	-35.3329002
-4.016441675	-35.35518636
-4.038904471	-35.31061405
-4.510900055	-37.69527768
-4.534166017	-37.69527768
-4.50557744	-37.6729894
-4.57841235	-37.6729894
-4.52021998	-37.69527768
-4.98712384	-39.76793083
-5.017857814	-39.76793083
-5.00239103	-39.76793083
-4.957275425	-39.74564255
-4.985431601	-39.74564255
-5.455139678	-41.95201692
-5.508146753	-41.95201692
-5.481313646	-41.95201692
-5.473711187	-41.95201692
-5.452154389	-41.90744036
-6.006125333	-44.22524764
-6.032035518	-44.22524764
-5.97317347	-44.20295935
-6.029050229	-44.1806753
-5.950821489	-44.15838702
-5.989453959	-42.66518675
-6.000585241	-42.64289846
-6.02300173	-42.68747078
-5.991237213	-42.66518675
-5.985582154	-42.64289846
-6.585494224	-46.58762298
-6.568083234	-46.60991126
-6.535168415	-46.60991126
-6.566165215	-46.60991126
-6.543287583	-46.56533895
-6.939169805	-48.66027614
-6.976202329	-48.74942502
-7.011052411	-48.68256442
-6.986398552	-48.68256442
-7.02961434	-48.6379921
-7.515292816	-51.02265573
-7.545963239	-51.02265573
-7.533564137	-51.00036745
-7.502424907	-50.95579514
-7.508345027	-50.97808342
-7.984034858	-53.05073235
-7.953500478	-53.05073235
-7.92339786	-53.07302063
-7.997283433	-53.02844829
-8.012695927	-53.07302063
-8.505769922	-55.30167901
-8.500510858	-55.27939073
-8.470012884	-55.30167901
-8.480315132	-55.25710669
-8.443924502	-55.23481841
-8.522948425	-52.64511872
-8.490440459	-52.68969104
-8.524704214	-52.667407
-8.473707131	-52.64511872
-8.49657646	-52.64511872
-8.508478653	-52.37768056
-8.54308603	-52.3999646
-8.50273226	-52.37768056
-8.576000848	-52.3999646
-8.503881283	-52.35539228
-8.809034109	-56.0549669
-8.794255206	-56.03267864
-8.791358697	-56.07725096
-8.852391051	-56.0549669
-8.867169315	-56.07725096
-9.056890983	-57.74874476
-8.996717682	-57.77103304
-9.071933669	-57.77103304
-9.055570149	-57.74874476
-9.011550874	-57.74874476
-9.504267836	-59.73225326
-9.434964304	-59.70996498
-9.427362484	-59.70996498
-9.403831461	-59.70996498
-9.46050468	-59.68768094
-9.969550672	-61.93862338
-9.985440276	-61.91633935
-9.924661487	-61.89405107
-9.956546719	-61.87176278
-9.927738748	-61.91633935
-10.41478532	-64.36786357
-10.45638009	-64.30100298
-10.42277803	-64.32328701
-10.46599062	-64.27871469
-10.40954606	-64.27871469
-10.82577921	-66.48508906
-10.83978976	-66.48508906
-10.82469342	-66.5073731
-10.84974327	-66.5073731
-10.89482151	-66.5073731
-10.894285	-66.30679553
-10.88746368	-66.37365613
-10.98031165	-66.32907957
-10.96897087	-66.30679553
-10.9077386	-66.32907957
-10.99156172	-64.74673466
-10.93274375	-64.79130698
-10.90653401	-64.7690187
-10.98220348	-64.72444638
-10.94162936	-64.7690187
-10.97789991	-63.78841071
-10.94329126	-63.76612243
-10.972508	-63.76612243
-10.93715589	-63.81069897
-11.00145776	-63.76612243
-11.27044414	-66.84167185
-11.19701141	-66.84167185
-11.20141078	-66.86396013
-11.18811685	-66.81938782
-11.20398091	-66.81938782
-11.47547866	-68.84746441
-11.4750188	-68.84746441
-11.54821649	-68.82518038
-11.5466951	-68.82518038
-11.47802325	-68.82518038
-11.98336094	-71.07612281
-11.93695293	-71.0315505
-11.94702652	-71.00926222
-11.97357093	-71.0315505
-11.91711359	-70.98697818
-12.46603625	-73.17106
-12.48256327	-73.17106
-12.4793225	-73.17106
-12.47518628	-73.14877172
-12.4423085	-73.17106
-12.90780658	-75.31057377
-13.00129325	-75.28828549
-12.99061417	-75.26599721
-12.93981572	-75.2437174
-12.96582874	-75.26599721
-13.43390972	-77.71752143
-13.44783085	-77.73980972
-13.50734246	-77.71752143
-13.46916985	-77.69524165
-13.46572981	-77.69524165
-13.98031461	-79.58960127
-14.01710252	-79.61188108
-13.98445084	-79.61188108
-13.97053099	-79.58960127
-13.97902827	-79.61188108
-14.51912663	-81.92969261
-14.47685612	-81.90740433
-14.47665684	-81.90740433
-14.46399651	-81.88511605
-14.50107566	-81.88511605
-14.56237691	-79.65645764
-14.53405179	-79.63416936
-14.529959	-79.67874593
-14.52602332	-79.65645764
-14.52951574	-79.61188108
-14.77955186	-82.46456893
-14.79131801	-82.46456893
-14.81180754	-82.46456893
-14.80195111	-82.41999237
-14.8765054	-82.41999237
-15.10996595	-84.11377443
-15.15536099	-84.06919789
-15.13679906	-84.11377443
-15.15791068	-84.09148614
-15.18847508	-84.06919789
-15.67829106	-86.32014455
-15.69177532	-86.32014455
-15.70770324	-86.32014455
-15.63036294	-86.27557648
-15.64130389	-86.29785627
-16.16699315	-88.03621491
-16.20751234	-88.03621491
-16.16805339	-88.03621491
-16.17574335	-88.01392663
-16.13500189	-88.03621491
-16.18932597	-86.36472111
-16.23578891	-86.36472111
-16.26164608	-86.4092892
-16.22875043	-86.34243283
-16.24448802	-86.38700939
-16.22950026	-87.05560693
-16.22141175	-87.07788671
-16.30572029	-87.10017499
-16.30891635	-87.18931962
-16.25639852	-87.16703984
-16.43362017	-89.10596755
-16.42116677	-89.12825583
-16.48070904	-89.08367927
-16.48851524	-89.12825583
-16.42643478	-89.0391112
-16.4511359	-87.01103036
-16.48361513	-86.98874208
-16.49575683	-87.05560693
-16.5467635	-86.9664538
-16.53236462	-87.01103036
-16.95326093	-91.02261548
-16.92513637	-91.0003272
-16.9781345	-90.95575911
-16.99443288	-90.97803892
-16.98893749	-90.93347083
-17.43015088	-92.93926338
-17.48332019	-92.9169751
-17.45675022	-92.9169751
-17.43780635	-92.89468682
-17.42560716	-92.87239854
-17.97688151	-95.07877713
-18.05883963	-95.07877713
-18.01243161	-95.03420059
-17.9897871	-95.01191231
-18.00138464	-94.98962403
-18.10273499	-95.07877713
-18.11165892	-95.07877713
-18.13587591	-95.05648887
-18.09926046	-95.05648887
-18.10712542	-95.05648887
-18.15035143	-92.80554219
-18.15933157	-92.76096563
-18.1826531	-92.71639754
-18.14908553	-92.76096563
-18.15192902	-92.76096563
-18.48535139	-95.63594173
-18.44262485	-95.65822154
-18.38140919	-95.61365345
-18.43527723	-95.61365345
-18.41366487	-95.61365345
-18.45869585	-93.91987139
-18.51163522	-93.91987139
-18.49639709	-93.89758311
-18.47808936	-93.89758311
-18.47880726	-93.85301502
-18.90849721	-97.70859066
-18.90154559	-97.6640141
-18.93485512	-97.6640141
-18.90219834	-97.61944601
-18.88481417	-97.61944601
-19.45353017	-99.78123957
-19.47117748	-99.78123957
-19.49926755	-99.78123957
-19.45375755	-99.75895978
-19.45989163	-99.71438322
-19.49985388	-96.90627194
-19.55016436	-96.9508485
-19.53835988	-96.92856022
-19.58370255	-96.92856022
-19.57302347	-96.90627194
-19.51229705	-96.83941559
-19.4785136	-96.79483903
-19.55742767	-96.79483903
-19.53059456	-96.79483903
-19.51489145	-96.77255074
-19.98260966	-101.2967324
-19.98739608	-101.2744441
-19.97865865	-101.2298675
-20.01527411	-101.2298675
-19.98784828	-101.2298675
-20.44173733	-102.4556297
-20.40187217	-102.4110616
-20.41882074	-102.3887733
-20.46092263	-102.3887733
-20.40730879	-102.3441967
-20.50399152	-99.46922909
-20.44601663	-99.42466103
-20.47058874	-99.49151738
-20.53554846	-99.44694081
-20.53158596	-99.44694081
-20.91658855	-102.9905145
-20.93115987	-102.9682262
-20.95230854	-102.9682262
-20.94645421	-102.9459379
-20.90593118	-102.9013613
-21.27401714	-104.3945658
-21.27685808	-104.3945658
-21.30799092	-104.3945658
-21.31254997	-104.3945658
-21.35268722	-104.3277095
-21.64103263	-105.4197504
-21.57130181	-105.4197504
-21.56673382	-105.3751739
-21.61426339	-105.4197504
-21.62684836	-105.3974621
-21.62911191	-103.2356601
-21.69955553	-103.191092
-21.5956312	-103.2133803
-21.59754731	-103.2133803
-21.67276074	-103.2133803
-21.66000716	-102.1659074
-21.66849422	-102.1436192
-21.71971804	-102.1436192
-21.66740843	-102.1659074
-21.6517347	-102.1213309
-21.70900064	-99.75867979
-21.70245778	-99.75867979
-21.75608568	-99.73639151
-21.72643717	-99.71410323
-21.71335402	-99.71410323
-21.71493545	-98.5106294
-21.73894549	-98.44377305
-21.73824803	-98.42148477
-21.76659103	-98.3769082
-21.80366124	-98.33234011
-21.6777375	-97.8197436
-21.76121572	-97.8197436
-21.74614238	-97.8197436
-21.69251193	-97.84203188
-21.75969306	-97.8197436
-21.5527386	-92.98355998
-21.51569138	-92.96127169
-21.46575774	-92.98355998
-21.51486363	-92.98355998
-21.45512464	-93.02812804
-21.3112879	-88.88282173
-21.3666109	-88.88282173
-21.32743426	-88.81596536
-21.33460943	-88.83825365
-21.28345075	-88.83825365
-21.33564795	-89.06111949
-21.31926783	-89.10568756
-21.28224361	-89.06111949
-21.35352392	-89.03883121
-21.28684353	-89.08340777
-21.28437815	-90.0417275
-21.28805195	-90.06401578
-21.23986835	-90.06401578
-21.28587015	-90.06401578
-21.27692323	-90.08630404
-21.28050251	-89.86343822
-21.24695665	-89.84114994
-21.24957149	-89.86343822
-21.24133736	-89.84114994
-21.25065856	-89.84114994
-21.22672133	-89.79657337
-21.26201722	-89.79657337
-21.25633278	-89.79657337
-21.29359971	-89.75200528
-21.33521236	-89.77428509
-20.98852289	-83.89062861
-20.99679024	-83.89062861
-20.9856168	-83.89062861
-21.03902115	-83.89062861
-21.00960897	-83.89062861
-20.67955127	-78.92072379
-20.69395781	-78.92072379
-20.6673342	-78.96529186
-20.66210196	-78.92072379
-20.68592423	-78.89843551
-20.71443201	-80.19105397
-20.62398556	-80.21334225
-20.615685	-80.19105397
-20.64471013	-80.23563053
-20.65145226	-80.23563053
-20.37770245	-75.37715862
-20.35155658	-75.35487034
-20.3214827	-75.35487034
-20.35480629	-75.39943843
-20.35764979	-75.39943843
-20.06270277	-71.0981311
-20.09346772	-71.07584282
-20.09019629	-71.0981311
-20.03071151	-71.0981311
-20.06015052	-71.07584282
-19.75002796	-66.596242
-19.69686121	-66.61852604
-19.71642845	-66.61852604
-19.74435246	-66.64081432
-19.75938876	-66.61852604
-19.72166325	-67.28712355
-19.69159065	-67.28712355
-19.71359901	-67.28712355
-19.73994159	-67.30941183
-19.73689499	-67.26483951
-19.41113958	-62.49550801
-19.42615417	-62.54008455
-19.45932319	-62.49550801
-19.41593623	-62.51779629
-19.36884991	-62.54008455
-19.05511997	-58.19420068
-19.04700336	-58.23877302
-19.05681125	-58.21648473
-19.05072954	-58.21648473
-19.08450405	-58.21648473
-18.80322778	-55.45295001
-18.7881851	-55.43066173
-18.74129422	-55.45295001
-18.81430286	-55.47523405
-18.81016663	-55.45295001
-18.70980626	-56.5227069
-18.76866639	-56.54499093
-18.75580806	-56.5227069
-18.7570382	-56.54499093
-18.82854972	-56.54499093
-18.76106457	-57.30663588
-18.76216058	-57.32892416
-18.78961579	-57.30663588
-18.74886411	-57.2843476
-18.7769529	-57.2843476
-18.53932163	-53.29505076
-18.53561078	-53.25047843
-18.48003101	-53.25047843
-18.52322381	-53.27276248
-18.50861799	-53.27276248
-18.06131523	-48.39200227
-18.12411487	-48.43657461
-18.11449476	-48.41429055
-18.10135157	-48.45886289
-18.13628851	-48.48114692
-17.74536389	-44.603283
-17.74493851	-44.62557128
-17.74711393	-44.58099472
-17.73710548	-44.603283
-17.746686	-44.603283
-17.71770686	-45.20501991
-17.7436164	-45.20501991
-17.71834045	-45.22730819
-17.74539071	-45.1604476
-17.70029459	-45.22730819
-17.27131616	-40.12367793
-17.25411211	-40.03453328
-17.31799626	-40.05682156
-17.31839353	-40.05682156
-17.27802379	-40.1013939
-16.90375394	-36.95898386
-16.96717567	-36.98127214
-16.93448823	-36.95898386
-16.95993663	-36.95898386
-16.98023711	-37.00355617
-16.94798271	-38.36303948
-16.9143832	-38.38532776
-16.90129622	-38.38532776
-16.92420003	-38.40761182
-16.923569	-38.38532776
-16.61552094	-35.30977834
-16.66456679	-35.35435065
-16.67807404	-35.28749006
-16.65035442	-35.30977834
-16.70918261	-35.35435065
-16.24870983	-30.96389447
-16.27594149	-30.96389447
-16.30208608	-30.98618061
-16.24478182	-30.98618061
-16.22277219	-30.98618061
-15.76800428	-26.57343615
-15.76186765	-26.61801057
-15.75706972	-26.59572232
-15.79544288	-26.61801057
-15.74536106	-26.55114998
-15.19507542	-22.29441287
-15.18617448	-22.22755228
-15.20092592	-22.2721267
-15.1940024	-22.20526611
-15.23166021	-22.2721267
-14.8109338	-19.75374188
-14.85317876	-19.7983142
-14.89638433	-19.70916954
-14.8960752	-19.7983142
-14.87778536	-19.73145571
-14.59089491	-17.59194301
-14.58954469	-17.61423024
-14.55877974	-17.63651639
-14.63640491	-17.61423024
-14.59714524	-17.61423024
-13.94224292	-13.13462623
-13.9215439	-13.09005391
-13.87620379	-13.09005391
-13.96253446	-13.13462623
-13.93458873	-13.17919961
-13.91563208	-14.42724893
-13.88685349	-14.4495351
-13.92547958	-14.42724893
-13.91107048	-14.42724893
-13.89078023	-14.42724893
-13.81028729	-13.04548053
-13.77717065	-13.04548053
-13.7764834	-13.06776667
-13.77826666	-13.06776667
-13.77066739	-13.06776667
-13.17833095	-8.877889097
-13.22322908	-8.811029035
-13.19597826	-8.877889097
-13.1635182	-8.833315715
-13.21670411	-8.900175266
-12.70666941	-6.493224401
-12.69923876	-6.515511103
-12.6774284	-6.515511103
-12.70817036	-6.560084486
-12.69530947	-6.537797784
-12.62583796	-6.537797784
-12.65788543	-6.493224401
-12.67923081	-6.493224401
-12.63587707	-6.493224401
-12.636282	-6.537797784
-10.83981658	-0.096974945
-10.8584641	-0.163834674
-10.84603242	-0.119261514
-10.83981658	-0.096974945
-10.8584641	-0.163834674
-10.17468867	2.287689573
-10.16410603	2.332262688
-10.1823518	2.309976253
-10.14593626	2.287689573
-10.12141014	2.332262688
-10.18247124	1.908817568
-10.14725199	1.841957883
-10.16872128	1.931104248
-10.17204125	1.819671337
-10.18927532	1.953390817
-10.05990962	1.578697582
-10.07101088	1.600984151
-10.07333192	1.534124467
-10.07631019	1.511837787
-10.10419076	1.600984151
-9.903666107	2.425587712
-9.929117704	2.381014597
-9.905000353	2.314154779
-9.927072583	2.336441481
-9.908764857	2.336441481
-8.361726874	4.498240332
-8.359881667	4.45366695
-8.40302656	4.565099861
-8.411504677	4.45366695
-8.400199669	4.47595363
-6.447954429	6.749184881
-6.438695181	6.793758264
-6.425759569	6.66003865
-6.402215133	6.771471583
-6.394352724	6.749184881
-4.874479334	8.933270435
-4.8891487	8.955556603
-4.844206822	8.933270435
-4.833301321	8.933270435
-4.82596105	8.955556603
-3.560586385	11.09506929
-3.549345247	11.11735545
-3.551738141	11.02820869
-3.625616688	11.13964162
-3.636060408	11.13964162
-2.441212228	13.76945938
-2.422641197	13.76945938
-2.439031064	13.76945938
-2.426604656	13.76945938
-2.451257877	13.76945938
-2.488803118	13.25686709
-2.49831178	13.32372769
-2.461969851	13.25686709
-2.458330852	13.27915431
-2.417689029	13.23458092
-1.767424006	15.46323933
-1.748966025	15.59695841
-1.730670434	15.50781271
-1.77811634	15.57467224
-1.756045866	15.53009888
-1.095494484	17.55817865
-1.099195676	17.55817865
-1.066529552	17.66961156
-1.041354193	17.62503818
-1.058726781	17.69189773
-0.115811814	21.07945765
-0.079793867	21.05717148
-0.122754674	21.05717148
-0.117271326	21.03488533
-0.112773384	21.05717148
0.212441201	22.06006777
0.229827202	22.08235391
0.224005641	22.0377816
0.224143701	22.08235391
0.251437451	22.06006777
0.300583798	22.28293359
0.31909044	22.28293359
0.299398509	22.30521976
0.302963878	22.28293359
0.342420392	22.26064744
0.374989793	21.65891053
0.34751012	21.77034344
0.325611198	21.61433608
0.301543706	21.5474776
0.308609496	21.50290317
0.860228403	24.53387816
0.836498984	24.53387816
0.837758662	24.55616644
0.820834682	24.53387816
0.84614776	24.53387816
1.401603365	26.60653132
1.377288975	26.67339191
1.439679047	26.65110363
1.379731049	26.65110363
1.383432321	26.65110363
2.00673458	28.94662263
1.973742639	28.85747586
1.993309085	28.87976203
1.965341964	28.81290355
1.970503307	28.85747586
2.45413267	30.66268875
2.423796288	30.66268875
2.450167614	30.66268875
2.398283695	30.66268875
2.40178681	30.66268875
2.96822919	33.27022035
2.985107184	33.44851175
3.002279939	33.3593671
3.021048807	33.33707882
3.068906036	33.38165327
3.567398132	35.54345107
3.545786086	35.54345107
3.565614878	35.54345107
3.542145171	35.49887873
3.58207612	35.56573722
4.055318768	37.72753502
4.049435693	37.72753502
4.09293219	37.77211159
4.055978226	37.70525099
4.070385086	37.70525099
4.565659726	40.00076999
4.588852237	39.95619343
4.547276314	39.93390937
4.525666184	39.95619343
4.512702469	39.88933706
4.57627845	38.35156022
4.555989153	38.3738485
4.577202011	38.35156022
4.539263809	38.35156022
4.572440495	38.32927619
4.786893624	40.44650166
4.737190549	40.44650166
4.763562834	40.44650166
4.784911096	40.44650166
4.804339743	40.42421337
4.97561317	42.36314534
4.978179471	42.27400071
4.981618876	42.29628474
5.038263034	42.29628474
5.069519465	42.25171243
5.482573803	44.61409202
5.518378743	44.48037081
5.448648559	44.48037081
5.46901418	44.54723142
5.414274948	44.45808677
5.474683929	42.94259822
5.465699322	42.96488225
5.46391543	42.98717053
5.45101814	42.92030994
5.482809483	42.92030994
6.004280126	46.86503446
6.036335892	46.86503446
6.032493466	46.79817809
6.0549668	46.79817809
6.034875821	46.79817809
6.474159055	49.09369284
6.425961399	48.98225992
6.439385617	49.02683649
6.405349878	49.04912052
6.390742147	49.04912052
6.93771676	51.45607245
6.965147053	51.45607245
7.012068585	51.43378417
6.994421914	51.43378417
7.035924068	51.38921183
7.520141196	53.52872561
7.504797043	53.46186501
7.494489685	53.48415329
7.509757195	53.48415329
7.486489316	53.46186501
7.967978553	55.51222988
7.990987118	55.5568022
8.011599916	55.51222988
7.996132494	55.48994585
8.037707459	55.51222988
8.065293595	52.67765604
8.006466037	52.65536776
8.040641013	52.67765604
8.045000786	52.65536776
8.025432903	52.63308373
8.332290422	56.68924116
8.365605706	56.71152944
8.317222187	56.71152944
8.321648385	56.68924116
8.302217184	56.68924116
8.696126459	58.36073496
8.663534823	58.29387436
8.674903063	58.29387436
8.647806172	58.31616264
8.687127161	58.27159031
9.082979365	60.05451704
9.049665997	60.03222876
9.072735878	60.05451704
9.013970913	60.00994048
9.048006651	59.98765642
9.513399344	62.26088714
9.575986935	62.21631482
9.551596859	62.21631482
9.562165445	62.17174251
9.554960897	62.17174251
10.02833416	64.28896798
10.03645844	64.24439142
10.04710303	64.2666797
10.03129901	64.22210738
10.02119284	64.2666797
10.54272927	66.74049223
10.55481861	66.69591566
10.55600276	66.65134335
10.58587608	66.65134335
10.56610701	66.60677103
10.6114535	64.64555079
10.63346378	64.64555079
10.60411291	64.62326676
10.65811636	64.64555079
10.65309362	64.64555079
11.13537292	69.10286757
11.13821514	69.10286757
11.10840186	69.08058354
11.11798621	69.08058354
11.15730975	69.03600698
11.58385729	70.97494319
11.58887875	70.97494319
11.59866493	70.99722722
11.59786528	70.9526549
11.62291768	70.97494319
12.13709372	73.22588562
12.18811699	73.20359734
12.17258889	73.22588562
12.15962582	73.18130906
12.19121725	73.18130906
12.40326982	74.16192554
12.35738809	74.0950607
12.3674323	74.0950607
12.35302576	74.0950607
12.36189093	74.13963726
12.69456858	75.56597693
12.66998115	75.54368865
12.68796569	75.58826522
12.6898703	75.52140037
12.70037821	75.49912056
12.84813913	76.18999788
12.85574095	76.18999788
12.89175858	76.1677181
12.838017	76.12314154
12.89400425	76.14542982
13.25521012	77.81692362
13.21865343	77.79463534
13.21535134	77.81692362
13.21183721	77.72777897
13.22955733	77.79463534
13.81306564	80.045582
13.82073261	80.02329372
13.82819775	80.02329372
13.83441742	80.045582
13.85873277	80.00100546
14.32141162	82.18509577
14.36139175	82.14051921
14.33071749	82.11823093
14.38254169	82.14051921
14.33593823	82.11823093
14.88892558	84.45832224
14.91971735	84.43603396
14.90821307	84.39146589
14.95057683	84.36917761
14.92130006	84.39146589
14.84932228	82.40796162
14.83617526	82.45252968
14.84634466	82.38567333
14.83953738	82.40796162
14.8505818	82.45252968
15.16427598	84.792621
15.1626805	84.72576465
15.21099696	84.74805293
15.16572072	84.72576465
15.21880316	84.77033272
15.61022214	86.48640308
15.57598393	86.48640308
15.61061941	86.50869136
15.58550441	86.53097964
15.60069911	86.4641148
16.06824358	89.00478368
16.03737516	88.96021561
16.05581702	89.00478368
16.0236878	88.93792733
16.03353401	88.91563905
16.13878683	86.66469236
16.12834152	86.64241255
16.17718682	86.64241255
16.119157	86.66469236
16.14248747	86.66469236
16.62886596	90.60942111
16.62588578	90.58713282
16.61173983	90.56484454
16.59059372	90.58713282
16.61028104	90.54256476
16.9206859	91.99119272
16.89034888	92.01347252
16.93541562	91.92432787
16.93344715	92.01347252
16.91342004	92.01347252
17.03659992	89.38365899
17.05484505	89.40594728
17.07539717	89.38365899
17.04116152	89.38365899
17.11373329	89.38365899
17.47272414	93.26152292
17.46234908	93.23923464
17.44252124	93.23923464
17.44416654	93.19466655
17.44654634	93.19466655
18.19032517	95.33418032
18.14610662	95.31189204
18.16771899	95.31189204
18.16375266	95.31189204
18.17055738	95.28960376
18.6215991	96.53765415
18.63415851	96.55994243
18.6529887	96.51536587
18.58821675	96.53765415
18.58670047	96.55994243
18.55616673	94.06384162
18.5424832	94.06384162
18.53579856	94.01926508
18.54856363	94.06384162
18.52205243	94.01926508
19.15397684	98.00857039
19.18465109	98.0308502
19.16660268	98.00857039
19.16726182	98.00857039
19.17730986	97.98628211
19.76736869	99.7914971
19.75824676	99.7914971
19.75216505	99.76920882
19.74574483	99.72463226
19.71785403	99.72463226
19.83049662	97.33997288
19.85706531	97.36225266
19.79566187	97.33997288
19.83313829	97.33997288
19.77609207	97.3176846
19.86769712	93.48299734
19.91779683	93.48299734
19.91217499	93.46070905
19.92823959	93.48299734
19.92069909	93.43842925
19.6734988	88.57994884
19.66715139	88.60223712
19.67501763	88.57994884
19.71005038	88.60223712
19.74766476	88.6245254
19.6713285	88.69138177
19.69281695	88.73595834
19.70544279	88.73595834
19.75302219	88.69138177
19.75560126	88.69138177
19.75684418	89.07025709
19.74877994	89.07025709
19.75142033	89.04796881
19.70938486	89.04796881
19.66616524	89.11482516
19.44819446	84.9026625
19.46623904	84.92495079
19.45527382	84.94723907
19.5051717	84.94723907
19.50967199	84.96952733
19.24097813	80.11104694
19.24752099	80.13333522
19.1968209	80.08875866
19.23509442	80.13333522
19.24679542	80.13333522
18.94995018	75.80973963
18.98960841	75.80973963
18.98286628	75.78745135
19.0163125	75.83202792
19.00785098	75.80973963
18.71346474	71.59757696
18.71187949	71.61985674
18.70890314	71.59757696
18.67493319	71.59757696
18.68041707	71.59757696
18.32676832	66.62766364
18.32696248	66.60537961
18.40217847	66.58309133
18.34547076	66.60537961
18.35485583	66.60537961
18.30812719	67.09568359
18.31229152	67.07339531
18.30984657	67.09568359
18.27243402	67.07339531
18.23621584	67.09568359
17.96945725	62.43778499
17.97316044	62.41550096
18.03014151	62.48236156
18.00225072	62.46007328
18.06245467	62.43778499
17.70724493	59.05022508
17.71688932	59.02794104
17.70460199	59.07251336
17.65978817	59.05022508
17.60883132	59.05022508
17.39204726	55.84095869
17.37466181	55.84095869
17.40249129	55.86324272
17.43488238	55.90781928
17.48153693	55.86324272
17.44927614	57.26729836
17.39957243	57.26729836
17.40511763	57.22272605
17.36526269	57.22272605
17.34312787	57.28958664
17.39690649	57.77933493
17.36351776	57.69018605
17.33046626	57.69018605
17.29801386	57.69018605
17.39933739	57.69018605
17.09631719	53.14372462
17.15256248	53.14372462
17.1410748	53.21058522
17.16539015	53.16600865
17.07061202	53.16600865
16.74406463	49.17671182
16.77486152	49.15442354
16.7387813	49.1990001
16.77987915	49.13213951
16.77651448	49.15442354
16.40324993	44.78625561
16.3805786	44.80853967
16.34178007	44.80853967
16.28949856	44.80853967
16.36358915	44.78625561
16.37060337	45.36570427
16.37357205	45.27655962
16.41296458	45.2988479
16.35486067	45.25427133
16.32101079	45.20969902
15.86714473	40.12835702
15.87130779	40.12835702
15.86958585	40.0837847
15.90693453	40.12835702
15.92427271	40.28436651
15.44379454	35.89390608
15.48173338	35.87162202
15.46111611	35.91619436
15.48152899	35.84933374
15.46666259	35.87162202
14.89126961	30.12168251
14.90164212	30.09939636
14.82925813	30.0102496
14.86131581	30.03253577
14.82905758	30.0102496
14.51563804	27.29128719
14.46924025	27.31357336
14.46269612	27.29128719
14.53149827	27.29128719
14.5426832	27.35814568
13.99821485	22.49967165
13.99345269	22.49967165
13.95221177	22.5219578
13.95961431	22.5219578
13.9748831	22.49967165
13.95393882	23.0791224
13.97297211	23.0791224
13.93371243	23.0791224
13.95618577	23.0791224
13.97615156	23.10140857
13.92894134	23.97058576
13.92391859	23.97058576
13.92339486	24.01515809
13.87341906	23.94829961
13.83206317	24.08201869
13.26826772	18.04235485
13.28532998	18.10921333
13.29867372	18.06464102
13.36875455	18.22064624
13.37798762	18.06464102
12.73220723	13.74104329
12.76663577	13.71875715
12.80861504	13.76333051
12.79604795	13.71875715
12.79201392	13.69647098
12.06586834	9.060860666
12.04709947	9.08314788
11.9666653	9.105434048
11.93671788	9.060860666
11.9534378	9.060860666
11.19384473	4.915556471
11.20369222	4.915556471
11.15002728	4.960129319
11.14050553	4.937843151
11.11189044	4.960129319
10.78012614	3.021196824
10.75395345	3.021196824
10.74350941	3.021196824
10.66301264	3.06576994
10.64522929	3.04348326
10.66805263	4.022978746
10.72634113	3.97840563
10.73599829	4.022978746
10.72033223	4.022978746
10.6833195	4.000692066
10.57031796	3.22066162
10.5828167	3.287521416
10.62187583	3.265234736
10.63291833	3.287521416
10.63060304	3.287521416
10.63171374	4.178984773
10.55841832	4.223557888
10.55756055	4.223557888
10.52404535	4.178984773
10.5673397	4.201271475
10.59007554	4.201271475
10.52913069	4.156698092
10.56898691	4.156698092
10.6009143	4.178984773
10.6032941	4.178984773
10.51106822	4.022978746
10.57187767	4.022978746
10.61840959	4.045265181
10.66587147	4.089838541
10.60076612	4.067551861
10.35777487	2.084045873
10.39974902	2.084045873
10.38540316	2.061759304
10.3483272	2.084045873
10.30906817	2.106332419
10.35104679	2.173192215
10.3949396	2.195478784
10.41529309	2.173192215
10.35758901	2.150905668
10.32328948	2.195478784
10.33407012	2.240052033
10.3547602	2.262338446
10.35998222	2.262338446
10.45318083	2.284625148
10.36956593	2.262338446
10.38893262	2.262338446
10.42641096	2.284625148
10.36216338	2.262338446
10.30704412	2.284625148
10.28166598	2.306911828
10.31451948	2.351484944
10.34214841	2.351484944
10.34472748	2.351484944
10.35094843	2.39605806
10.36912012	2.373771379
10.3781175	2.440631175
10.34830868	2.462917877
10.29048261	2.507490993
10.35220859	2.462917877
10.36820933	2.485204291
10.4065761	2.730356815
10.38614788	2.6857837
10.38442978	2.6857837
10.31291634	2.708070135
10.31615647	2.708070135
10.29813744	2.908649545
10.35478192	2.908649545
10.4229294	2.93093598
10.36106354	2.93093598
10.38267527	2.93093598
10.36069182	3.109228709
10.35249473	3.109228709
10.34138708	3.086942274
10.35963285	3.109228709
10.36835814	3.086942274
10.4346617	3.176088505
10.39916589	3.153801802
10.37047863	3.131515389
10.30378611	3.131515389
10.30498431	3.198375185
10.37451331	3.153801802
10.31436875	3.176088505
10.30280315	3.198375185
10.31575217	3.153801802
10.41727562	3.153801802
10.3364397	3.153801802
10.35607081	3.176088505
10.33769986	3.176088505
10.3883233	3.131515389
10.36810714	3.198375185
10.40782731	3.176088505
10.36215125	3.153801802
10.33095581	3.153801802
10.3538245	3.153801802
10.38819811	3.176088505
10.31482989	3.176088505
10.29586111	3.176088505
10.36578993	3.176088505
10.4067032	3.176088505
10.40511092	3.131515389
10.33888337	3.131515389
10.38396225	3.153801802
10.38687792	3.198375185
10.39580057	3.198375185
10.33631579	3.198375185
10.39725809	3.22066162
10.42561514	3.2429483
10.34193828	3.2429483
10.34702361	3.22066162
10.31054357	3.2429483
10.36896938	3.22066162
10.31410688	3.198375185
10.32442765	3.265234736
10.42343142	3.22066162
10.39051788	3.22066162
10.35851832	3.565546677
10.36486381	3.565546677
10.40286141	3.520973294
10.38091437	3.498686881
10.29281387	3.543259974
10.35263716	3.58783309
10.36890168	3.610119792
10.38172552	3.610119792
10.36103863	3.632406205
10.31278413	3.610119792
10.31707939	3.58783309
10.39401413	3.58783309
10.37874853	3.610119792
10.32884618	3.610119792
10.35951661	3.610119792
10.44264291	3.454113765
10.3552009	3.476400179
10.28711729	3.431827063
10.37337259	3.454113765
10.39353638	3.476400179
10.31626569	2.963808694
10.3202927	2.94152228
10.31863399	2.896949165
10.31784839	2.94152228
10.30680525	2.896949165
9.93530033	0.356278464
9.87125203	0.333991873
9.838599718	0.333991873
9.913290054	0.356278464
9.898422372	0.378565055
5.957480586	-6.507989227
5.966374498	-6.485703059
6.049880824	-6.507989227
5.99166131	-6.463416379
5.925461227	-6.485703059
5.969868831	-6.374270148
5.976014412	-6.374270148
5.931325141	-6.418842996
5.972447906	-6.374270148
6.028493921	-6.374270148
6.002178161	-6.262837236
5.987089488	-6.195977152
5.937841807	-6.240550534
5.963787759	-6.218263854
5.980773374	-6.218263854
4.495346408	-8.669788079
4.450448919	-8.60292855
4.441526266	-8.60292855
4.521293317	-8.647501399
4.479653843	-8.647501399
3.163321695	-10.89844648
3.162000222	-10.89844648
3.107990706	-10.94301986
3.121909917	-10.92073265
3.196236833	-10.89844648
2.080010034	-13.10481871
2.080671249	-13.10481871
2.165007727	-13.10481871
2.108536018	-13.0825315
2.056716288	-13.0825315
1.181755687	-15.40033667
1.216806002	-15.4671962
1.221439938	-15.42262281
1.191140361	-15.40033667
1.217909917	-15.40033667
0.393170537	-17.65128122
0.430710828	-17.65128122
0.323505361	-17.65128122
0.361152215	-17.62899505
0.463797018	-17.62899505
-0.353834418	-19.90222577
-0.269089551	-19.85765345
-0.320096394	-19.92451193
-0.317706894	-19.87993962
-0.303271312	-19.90222577
-0.854406244	-22.06402568
-0.926714785	-22.06402568
-0.965248256	-22.06402568
-0.921266745	-22.08631185
-0.857012304	-22.0417374
-0.946647286	-21.03884114
-0.899623882	-21.06112942
-0.906630033	-21.06112942
-0.931425764	-21.10570173
-0.943814567	-21.08341556
-1.562173281	-24.29268409
-1.505558184	-24.27039581
-1.564155489	-24.29268409
-1.561051243	-24.29268409
-1.548028448	-24.29268409
-2.075905262	-26.49905421
-2.076622364	-26.45448189
-2.10775329	-26.45448189
-2.135220149	-26.47676804
-2.062222849	-26.49905421
-2.755618714	-28.90600612
-2.788732807	-28.90600612
-2.710948922	-28.95057843
-2.69573698	-28.90600612
-2.736678354	-28.88371997
-3.27130049	-30.97865927
-3.254794539	-30.91179868
-3.224296565	-30.93408484
-3.20075692	-30.88951253
-3.275283748	-30.91179868
-3.815865284	-33.47475583
-3.814191887	-33.38560907
-3.78989091	-33.47475583
-3.798643349	-33.45246967
-3.807422614	-33.40789524
-4.269051761	-35.25768255
-4.306527544	-35.25768255
-4.314989374	-35.25768255
-4.251612669	-35.30225488
-4.237286605	-35.2353964
-4.823130327	-37.597776
-4.850730833	-37.62006003
-4.864903928	-37.597776
-4.804161545	-37.597776
-4.790450231	-37.62006003
-5.370929503	-39.78185784
-5.357471753	-39.75957378
-5.3032735	-39.75957378
-5.32656533	-39.7372855
-5.341343275	-39.75957378
-5.811838231	-42.07737683
-5.827795537	-42.05509278
-5.850608022	-42.09966512
-5.840182505	-42.0328045
-5.829276685	-42.0328045
-6.309229845	-44.39518411
-6.335166855	-44.37289583
-6.34429006	-44.37289583
-6.295075592	-44.35060755
-6.32339304	-44.3283235
-6.384622114	-42.94655613
-6.359082376	-42.96884019
-6.364830046	-42.96884019
-6.406659215	-42.92426788
-6.371300088	-42.92426788
-6.810730861	-46.44554899
-6.832306182	-46.42326071
-6.832043676	-46.42326071
-6.848460847	-46.40097667
-6.873057862	-46.44554899
-7.334784411	-48.58505849
-7.323672929	-48.54048617
-7.343470745	-48.56277446
-7.367229146	-48.54048617
-7.322813877	-48.54048617
-7.792898467	-50.81371689
-7.84996832	-50.79143286
-7.856567379	-50.74686054
-7.800292709	-50.76914458
-7.851280211	-50.74686054
-8.352725661	-53.15380821
-8.296714775	-53.17609649
-8.306299122	-53.17609649
-8.327239574	-53.13152417
-8.324199357	-53.13152417
-8.754393876	-55.38246661
-8.818902679	-55.38246661
-8.907774732	-55.40475489
-8.838494833	-55.36018257
-8.780567205	-55.38246661
-8.90415202	-52.62812465
-8.907525	-52.62812465
-8.875110285	-52.65041293
-8.886912841	-52.67269696
-8.843543764	-52.62812465
-9.138359853	-55.77053469
-9.162325831	-55.79281872
-9.185390602	-55.79281872
-9.177581205	-55.74824641
-9.101319026	-55.79281872
-9.427625629	-57.75403896
-9.363949054	-57.77632725
-9.424527929	-57.79861128
-9.494683488	-57.77632725
-9.383143297	-57.75403896
-9.76816824	-59.75983152
-9.823771635	-59.6929709
-9.823172533	-59.6929709
-9.801099665	-59.6929709
-9.878432307	-59.6929709
-10.3637959	-62.01077818
-10.29845551	-61.9884899
-10.26078109	-61.9884899
-10.28166726	-61.9884899
-10.30173013	-62.01077818
-10.7621186	-64.32858124
-10.75629876	-64.32858124
-10.79813751	-64.32858124
-10.81201648	-64.32858124
-10.79591994	-64.30629296
-11.30850561	-66.00007502
-11.24357015	-66.0223633
-11.26752783	-66.00007502
-11.27667786	-65.97778674
-11.24032172	-65.97778674
-11.26451955	-64.66287999
-11.28523518	-64.64059171
-11.31048431	-64.64059171
-11.29680078	-64.64059171
-11.2464111	-64.66287999
-11.81416138	-68.74132571
-11.85711274	-68.69675339
-11.76385345	-68.69675339
-11.78764634	-68.69675339
-11.83840775	-68.69675339
-12.08377496	-70.01166013
-12.04781737	-70.01166013
-12.10644502	-70.01166013
-12.14150204	-69.98937185
-12.0917996	-69.98937185
-12.16617506	-67.98357929
-12.13257172	-68.00586757
-12.15549853	-67.96129526
-12.12371166	-68.00586757
-12.09951383	-67.96129526
-12.17290058	-67.89443466
-12.11717903	-67.89443466
-12.11001152	-67.91672295
-12.13135052	-67.87214638
-12.1483668	-67.84986235
-12.5141151	-71.46029234
-12.56027658	-71.43800406
-12.54851043	-71.43800406
-12.46794085	-71.43800406
-12.52262899	-71.41571577
-12.9755932	-73.53294127
-13.02130631	-73.55522955
-12.99335036	-73.55522955
-12.94964661	-73.51065298
-12.98756757	-73.57751783
-13.32570866	-75.33815626
-13.37453991	-75.2935797
-13.40264148	-75.33815626
-13.29460137	-75.31586798
-13.33597897	-75.31586798
-13.86301334	-77.61138273
-13.86691453	-77.61138273
-13.87476927	-77.56681466
-13.87129346	-77.54452638
-13.85322205	-77.56681466
-14.36280455	-79.81776132
-14.42747942	-79.84004113
-14.42142581	-79.81776132
-14.38041099	-79.79547304
-14.43688238	-79.77318476
-14.97386643	-82.04641973
-14.98654464	-82.00184316
-14.87603276	-82.00184316
-14.95408458	-81.9572666
-14.99110497	-82.00184316
-15.51710336	-84.07449209
-15.44840213	-84.09678037
-15.47525312	-84.029924
-15.52429641	-84.029924
-15.49395939	-84.029924
-15.53498188	-81.53382322
-15.46698833	-81.46696684
-15.54651043	-81.51153493
-15.54481915	-81.48925513
-15.49921462	-81.48925513
-15.8410704	-84.54251204
-15.80247242	-84.54251204
-15.86215265	-84.54251204
-15.88330132	-84.54251204
-15.7860923	-84.5870886
-16.13604936	-86.19171756
-16.17008829	-86.19171756
-16.13634955	-86.21400584
-16.05568544	-86.23629412
-16.15244098	-86.19171756
-16.72671879	-88.55409716
-16.65325156	-88.53180887
-16.63693148	-88.57638544
-16.71253707	-88.53180887
-16.69203732	-88.48724081
-16.70067384	-86.45915997
-16.6533512	-86.45915997
-16.73288992	-86.43687169
-16.73771339	-86.43687169
-16.67492397	-86.43687169
-16.95546828	-89.31183932
-16.91369468	-89.31183932
-16.98952765	-89.24498295
-16.96048592	-89.26727123
-16.95945505	-89.24498295
-17.82288048	-92.74398003
-17.81174919	-92.76625983
-17.77367495	-92.76625983
-17.77283442	-92.69940346
-17.7947904	-92.74398003
-17.83790783	-89.7352912
-17.81506022	-89.66842636
-17.88324155	-89.69071464
-17.84949515	-89.66842636
-17.78539383	-89.71300292
-18.19484462	-92.94455759
-18.22016784	-92.98912568
-18.21076233	-92.89998103
-18.19418293	-92.94455759
-18.21254558	-92.89998103
-18.53243005	-94.77205239
-18.52832192	-94.7274843
-18.60413446	-94.7274843
-18.61718439	-94.70519602
-18.51523494	-94.7274843
-18.5932446	-92.87769275
-18.63506802	-92.94455759
-18.61734662	-92.89998103
-18.57682871	-93.05599052
-18.59264806	-92.87769275
-19.07480473	-96.80013323
-19.04369616	-96.73327686
-19.13124291	-96.75556514
-19.11534181	-96.73327686
-19.02518916	-96.73327686
-19.52173577	-98.5162036
-19.47967731	-98.58305994
-19.47922767	-98.47162703
-19.53062777	-98.53849188
-19.52086586	-98.47162703
-19.57450653	-95.81952522
-19.63921461	-95.81952522
-19.54198898	-95.81952522
-19.5263868	-95.81952522
-19.58411643	-95.79723694
-20.26833256	-100.0985527
-20.30211857	-100.1431208
-20.36727884	-100.0985527
-20.3500007	-100.1208326
-20.33023035	-100.0762645
-20.72482495	-101.8814795
-20.76881613	-101.9037593
-20.70145872	-101.8591912
-20.73764752	-101.8814795
-20.76690896	-101.7923263
-20.86965041	-101.5694605
-20.87665441	-101.5694605
-20.88170525	-101.5471807
-20.8384818	-101.5471807
-20.90671295	-101.5248924
-20.87109643	-99.3185223
-20.95891654	-99.22936918
-20.95370347	-99.27394574
-20.87592884	-99.20708939
-20.89335772	-99.27394574
-21.27672395	-103.0180885
-21.26423224	-103.0180885
-21.29170021	-103.0403767
-21.33466052	-103.0403767
-21.30649636	-102.9958087
-21.63945376	-104.3552835
-21.70325744	-104.4444366
-21.64765979	-104.3998601
-21.64295895	-104.3552835
-21.6495018	-104.3552835
-21.70078439	-100.900863
-21.7345589	-100.900863
-21.77398974	-100.9231513
-21.69990042	-100.9231513
-21.71232444	-100.9231513
-21.7267182	-98.78196609
-21.7759876	-98.7596863
-21.833555	-98.7596863
-21.74390181	-98.78196609
-21.75590173	-98.80425437
-21.71609022	-93.67834005
-21.74007983	-93.67834005
-21.78364946	-93.72291662
-21.72504225	-93.65605179
-21.78320492	-93.65605179
-21.48782103	-88.70843523
-21.51835605	-88.70843523
-21.46537707	-88.68614695
-21.53616558	-88.68614695
-21.52574965	-88.66385867
-21.46121785	-89.3101679
-21.52070391	-89.3101679
-21.48564689	-89.33245618
-21.47040493	-89.3101679
-21.5074036	-89.37703275
-21.4709772	-89.64446668
-21.4221038	-89.66675494
-21.50227866	-89.66675494
-21.47663098	-89.66675494
-21.46261022	-89.62218687
-21.1686468	-84.22883015
-21.21375059	-84.20654187
-21.21269034	-84.20654187
-21.21372504	-84.22883015
-21.24747017	-84.25111843
-20.97886573	-79.92752284
-20.91986764	-79.90523456
-20.94337695	-79.97209093
-20.93927265	-79.92752284
-20.9253247	-79.92752284
-20.65710859	-75.44791777
-20.67040507	-75.49248584
-20.59281056	-75.49248584
-20.69605147	-75.49248584
-20.67800561	-75.49248584
-20.32072265	-71.14660622
-20.31724812	-71.12431794
-20.32805749	-71.14660622
-20.34379253	-71.14660622
-20.3274916	-71.12431794
-19.93513629	-66.75614578
-20.00010112	-66.71157345
-20.00598484	-66.71157345
-19.93665767	-66.75614578
-20.02208266	-66.73386173
-19.96849309	-67.24645401
-19.96702663	-67.20187745
-20.00315284	-67.22416573
-19.93560382	-67.22416573
-19.99618716	-67.24645401
-19.90795317	-68.44992785
-19.98835286	-68.42763956
-19.98032822	-68.44992785
-19.88703955	-68.47221613
-19.95437907	-68.42763956
-19.5605573	-62.23197263
-19.59936477	-62.27654495
-19.53821554	-62.23197263
-19.51594148	-62.23197263
-19.56647806	-62.25425666
-19.23784339	-58.19809923
-19.22479345	-58.22038752
-19.24434792	-58.17581095
-19.25680131	-58.1535269
-19.21609562	-58.19809923
-19.04544493	-55.34541563
-18.96900647	-55.36770392
-18.98576087	-55.34541563
-18.99643867	-55.36770392
-18.97856399	-55.38998795
-18.99693558	-55.65743036
-18.94032496	-55.67971439
-19.02856023	-55.67971439
-18.99670437	-55.67971439
-18.98801293	-55.65743036
-18.99632243	-56.59207035
-18.9805644	-56.61435864
-19.02391176	-56.56978632
-18.99195883	-56.59207035
-18.93899135	-56.61435864
-18.7374799	-53.07079349
-18.7581687	-53.07079349
-18.70132559	-53.07079349
-18.75902712	-53.07079349
-18.76272903	-53.07079349
-18.38268915	-48.79176597
-18.41600251	-48.79176597
-18.37202156	-48.81405425
-18.34894274	-48.76948194
-18.37921461	-48.76948194
-17.94640781	-44.40130978
-17.97192264	-44.4458821
-17.95421146	-44.4458821
-17.9296253	-44.4458821
-17.99935612	-44.4458821
-18.00851382	-45.04762326
-17.92807709	-45.04762326
-17.92765044	-45.06990729
-18.04311481	-45.06990729
-17.94202249	-45.04762326
-17.93746599	-45.09219558
-17.93741362	-45.13676789
-17.93614644	-45.09219558
-17.96401041	-45.11447961
-17.97860984	-45.06990729
-17.89428853	-45.73850481
-17.9342099	-45.73850481
-17.99191909	-45.78307714
-17.87821625	-45.69393249
-17.92528469	-45.73850481
-17.51160315	-40.03314186
-17.45608214	-40.03314186
-17.4819853	-39.98856529
-17.52161287	-40.01085357
-17.4647787	-40.05542591
-17.04738502	-35.62039739
-17.01965646	-35.59810911
-17.00660524	-35.62039739
-17.06172642	-35.62039739
-17.04752682	-35.6649697
-16.5874628	-31.20765292
-16.57684759	-31.18536675
-16.51413226	-31.22993907
-16.54542478	-31.20765292
-16.5632918	-31.29679966
-16.00699471	-26.72804995
-15.95815069	-26.72804995
-16.01786412	-26.7057638
-16.03858742	-26.72804995
-15.95447943	-26.7057638
-16.01613452	-28.02067268
-15.94792892	-28.02067268
-15.93579488	-27.9983844
-15.99090711	-27.95381208
-15.95730633	-27.97609823
-15.43383719	-22.15930025
-15.43964681	-22.11472792
-15.40029005	-22.13701408
-15.41793609	-22.13701408
-15.39698542	-22.13701408
-15.41287502	-22.85018391
-15.40260088	-22.87247008
-15.38713409	-22.87247008
-15.41198723	-22.87247008
-15.42500906	-22.87247008
-15.41761674	-22.91704453
-15.3904119	-22.89475836
-15.38053759	-22.91704453
-15.43308224	-22.91704453
-15.38738063	-22.93933068
-14.8041444	-17.76884298
-14.82357752	-17.76884298
-14.84906297	-17.79113021
-14.82437334	-17.76884298
-14.79261841	-17.79113021
-14.1392081	-13.33381341
-14.14585826	-13.35609958
-14.13592901	-13.31152619
-14.15358781	-13.35609958
-14.15698954	-13.33381341
-13.44953618	-9.277654911
-13.42617505	-9.299941079
-13.44994112	-9.322228293
-13.49659312	-9.277654911
-13.43073793	-9.299941079
-12.96963923	-6.870703534
-13.00103394	-6.870703534
-12.91910137	-6.848416832
-12.93870566	-6.870703534
-12.98858821	-6.937563063
-12.88598472	-7.427868135
-12.97444865	-7.405581433
-12.97578098	-7.450154815
-12.88032966	-7.405581433
-12.94004949	-7.427868135
-12.8770097	-6.62555101
-12.83409154	-6.692411072
-12.8277684	-6.62555101
-12.8530533	-6.64783769
-12.85566942	-6.670124392
-11.35980735	0.082710655
-11.30343688	0.038137473
-11.33429508	0.082710655
-11.3805447	0.216430158
-11.35577971	0.082710655
-11.27102791	0.171856975
-11.30256058	0.127283815
-11.23915929	0.238716727
-11.27300916	0.171856975
-11.3281214	0.261003318
-10.31756736	2.311369013
-10.28743217	2.289082578
-10.273672	2.378228809
-10.35221434	2.222222649
-10.32662606	2.289082578
-10.33789913	2.021643506
-10.31245009	2.021643506
-10.26466567	2.021643506
-10.36268456	2.021643506
-10.33955848	1.977070257
-10.12845629	1.404305121
-10.19922948	1.515738054
-10.17756027	1.448878236
-10.13889969	1.404305121
-10.14578042	1.359731894
-10.18457512	1.359731894
-10.1238321	1.382018441
-10.15694555	1.382018441
-10.22800934	1.29287221
-10.15774137	1.359731894
-9.990087465	2.474061206
-9.922689817	2.362628295
-9.957311244	2.429487824
-9.994186648	2.474061206
-9.925242066	2.540920757
-8.674031874	4.479853764
-8.701326124	4.502140466
-8.709530877	4.435280382
-8.705239445	4.412993968
-8.709788912	4.479853764
-7.611182278	5.616469668
-7.541973913	5.661042516
-7.607680281	5.616469668
-7.624989717	5.661042516
-7.532130253	5.638755814
-6.51277428	6.775371717
-6.476095597	6.730798869
-6.489378662	6.753085015
-6.466773116	6.753085015
-6.51383133	6.775371717
-4.945653302	8.892597186
-4.953853904	8.848024338
-4.964034798	8.848024338
-4.955111825	8.825737658
-4.902432404	8.848024338
-3.615089618	11.12125612
-3.647415234	11.09896889
-3.673190972	11.09896889
-3.611587301	11.12125612
-3.615499983	11.03210936
-2.517643823	13.48363358
-2.559745557	13.48363358
-2.530469099	13.46134744
-2.586512399	13.50591975
-2.555981851	13.46134744
-1.573606828	15.89058445
-1.576711394	15.89058445
-1.63963542	15.89058445
-1.620802202	15.86829828
-1.562966388	15.86829828
-0.917676287	17.96323656
-0.931361015	17.94095039
-0.899508357	17.89637807
-0.913328889	17.85180362
-0.873995923	17.89637807
-0.172114517	20.08046202
-0.217455084	20.08046202
-0.197364923	20.05817586
-0.171455238	20.05817586
-0.228634467	20.01360354
0.427963695	22.17540135
0.465973592	22.19768749
0.436761363	22.21997366
0.472194579	22.26454809
0.467156625	22.15311518
0.403258939	21.28393799
0.468288124	21.21707737
0.49169468	21.28393799
0.431748717	21.30622414
0.498959306	21.23936565
1.076608733	24.62692557
1.081356916	24.56006498
1.143159783	24.58235326
1.020888935	24.62692557
1.097822629	24.62692557
1.664888221	26.52128522
1.624832406	26.49899905
1.682857276	26.45442462
1.614388686	26.49899905
1.613205013	26.54357136
2.302546723	28.90594885
2.243707988	28.79451594
2.178677526	28.86137653
2.289447604	28.81680422
2.227655675	28.86137653
2.834147643	31.02317434
2.752851541	31.02317434
2.727080275	31.06774877
2.831368974	31.00088817
2.798851747	31.00088817
3.358808597	33.5861315
3.361714367	33.5861315
3.366733919	33.54155916
3.326430926	33.65299209
3.346909597	33.5861315
3.844661439	35.63649637
3.864089127	35.61421234
3.839376188	35.65878465
3.817891243	35.63649637
3.857470588	35.54735172
4.316793066	37.88744305
4.34435046	37.86515477
4.361533753	37.84287072
4.33490024	37.86515477
4.365497851	37.84287072
4.884213457	39.98238024
4.835696769	39.96009621
4.850700176	39.96009621
4.884536959	39.93780793
4.793321511	39.91552387
5.340350733	42.21103864
5.449401588	42.16646631
5.360242119	42.16646631
5.31140129	42.21103864
5.409284138	42.18875459
5.842755831	44.48427359
5.862800824	44.61799055
5.799340129	44.55112996
5.806416937	44.57341824
5.904225056	44.48427359
5.91198208	43.1693626
5.840468643	43.19165088
5.867962167	43.1693626
5.885147695	43.1693626
5.874965524	43.14707856
5.914569458	42.25561521
5.849465385	42.25561521
5.921310947	42.25561521
5.88489477	42.25561521
5.889322884	42.25561521
6.452621418	47.0695148
6.459226864	47.04723074
6.482170921	47.09180308
6.481572458	47.0695148
6.468687303	47.09180308
6.857519544	48.78558092
6.825663053	48.78558092
6.909940291	48.83015748
6.825988152	48.76329686
6.832130539	48.71872455
7.305926622	51.05881586
7.296015898	51.08109992
7.391519584	51.05881586
7.324893487	51.03652758
7.357820441	51.1033882
7.904765035	53.3097583
7.832193909	53.33204658
7.815733306	53.3097583
7.869206633	53.33204658
7.846202538	53.28747426
8.340106206	55.71671023
8.451074122	55.67213789
8.421997258	55.71671023
8.373478973	55.67213789
8.478566368	55.64984963
8.550453446	56.34073542
8.649536413	56.38530774
8.520643353	56.31844714
8.536372643	56.31844714
8.64423711	56.29616311
8.671280989	53.32118242
8.621917703	53.38803879
8.583904773	53.34346647
8.680666062	53.32118242
8.658195283	53.32118242
9.113730264	58.0236491
9.046905531	58.00136507
9.04974775	58.00136507
9.098585385	57.9567885
9.084318082	58.0236491
9.53349224	60.18544689
9.402296663	60.20773517
9.389534139	60.16316285
9.519273478	60.11859054
9.439237214	60.14087457
9.963587759	62.43639357
9.992863259	62.39182125
9.951221869	62.39182125
9.910173193	62.36953297
9.981297023	62.39182125
10.47313449	64.70962429
10.4701524	64.62047966
10.54444035	64.62047966
10.49296105	64.68734025
10.54933983	64.66505197
11.0255189	66.53712334
10.98222647	66.53712334
11.03483883	66.55941162
11.01045195	66.55941162
10.94653203	66.53712334
10.99214422	65.08849538
11.1229438	65.06621132
11.02029816	65.06621132
10.98354475	65.04392304
11.08222789	65.06621132
11.58042874	68.96636353
11.55201037	68.96636353
11.53522403	68.98864756
11.6152009	68.98864756
11.55049027	68.96636353
12.08605512	71.06130072
12.07125003	71.083589
12.01030518	71.06130072
12.0649039	71.06130072
12.08485692	71.03901668
12.64733792	73.20081449
12.60160309	73.22310277
12.60530373	73.22310277
12.62288844	73.22310277
12.59512028	73.17852621
13.19092231	75.47404943
13.1775709	75.45176115
13.15563152	75.47404943
13.16871723	75.47404943
13.12416528	75.47404943
13.78124045	77.72498764
13.62227798	77.68041955
13.66306671	77.74727592
13.79590886	77.68041955
13.68433928	77.68041955
14.27566274	80.08736724
14.1846504	80.06507895
14.31148365	80.06507895
14.21796121	80.08736724
14.16580617	80.02051087
14.22550555	77.16782304
14.38155298	77.14554323
14.29761617	77.16782304
14.2951725	77.16782304
14.37891387	77.16782304
14.55855237	80.35480964
14.653273	80.39937771
14.5299986	80.37709793
14.5495684	80.39937771
14.65399474	80.37709793
14.91289858	82.18230442
14.8754822	82.13773636
14.96286161	82.13773636
14.93800975	82.13773636
14.91950275	82.13773636
15.47999356	84.34410648
15.37629023	84.34410648
15.34582035	84.3218182
15.49234348	84.27725011
15.42949402	84.29952991
16.02776271	86.72877435
15.95354054	86.72877435
15.96410849	86.63962123
16.04031447	86.66190951
16.00594724	86.66190951
16.54521401	88.7568467
16.64918559	88.7568467
16.56022221	88.77913498
16.58030935	88.73456691
16.61440832	88.71227863
16.65905225	86.41675538
16.59698967	86.43904366
16.58932526	86.43904366
16.68616383	86.48362023
16.64002662	86.48362023
17.20312971	90.80721582
17.3155577	90.80721582
17.23299793	90.78492754
17.17225618	90.78492754
17.29208671	90.78492754
17.32630193	88.13282575
17.32788974	88.15511403
17.22960515	88.15511403
17.282427	88.17740231
17.33767464	88.15511403
17.66812194	91.18609114
17.64756726	91.14151457
17.69118288	91.11922629
17.64557835	91.11922629
17.59700386	91.16380286
18.107059	93.28102835
18.16838707	93.25874006
18.15940055	93.23645178
18.09931666	93.23645178
18.11622947	93.2141635
18.74606149	95.2868209
18.87745378	95.2868209
18.78029586	95.26453262
18.78095628	95.24224434
18.87321536	95.21995606
19.50544379	97.42633465
19.50333352	97.44861446
19.51059811	97.38175809
19.53704033	97.42633465
19.5384889	97.40404637
19.55721817	97.04745934
19.56012554	97.06974762
19.53923491	97.02517105
19.59661325	97.06974762
19.63679521	97.06974762
19.68749913	95.62111966
19.52166552	95.62111966
19.56502565	95.62111966
19.68221324	95.64340794
19.58300892	95.66568773
19.76892457	97.44861446
19.76092675	97.42633465
19.81134837	97.40404637
19.77995493	97.38175809
19.69806197	97.38175809
19.75917927	95.77712066
19.73175855	95.82169722
19.81431322	95.82169722
19.82858563	95.82169722
19.81649374	95.82169722
19.79759075	94.35078098
19.8316961	94.35078098
19.81193725	94.37306927
19.81015527	94.39535755
19.82825861	94.35078098
19.8650248	91.49726168
19.86660878	91.49726168
19.88841659	91.47497339
19.88485391	91.49726168
19.80976566	91.49726168
19.80233374	91.27439583
19.88066276	91.29668411
19.892876	91.22982776
19.86578102	91.22982776
19.8474107	91.25210755
19.84608604	88.77830352
19.84985054	88.77830352
19.86875226	88.75601524
19.80444656	88.80058332
19.84040543	88.82287161
19.50279318	84.09812089
19.61456203	84.09812089
19.62202716	84.07583261
19.55367977	84.03125605
19.64523117	84.09812089
19.46780131	81.04485548
19.40435147	81.06714376
19.44976694	81.08943204
19.41961898	81.06714376
19.40045028	81.06714376
19.09201645	75.62921897
19.06181228	75.62921897
19.13306065	75.60693069
19.08011745	75.60693069
19.03213695	75.65149878
18.72734116	71.19418197
18.85265686	71.19418197
18.75311658	71.17190219
18.7491528	71.17190219
18.82853184	71.17190219
18.46618142	66.82601407
18.46096196	66.87058638
18.38045242	66.82601407
18.43372902	66.82601407
18.44125675	66.80373003
18.45416107	67.40546695
18.43591721	67.40546695
18.47927479	67.40546695
18.42521003	67.40546695
18.35084735	67.36089463
18.4514517	68.40836322
18.41919857	68.40836322
18.31457679	68.45293553
18.38972508	68.45293553
18.4618357	68.45293553
18.36044064	68.40836322
18.4353245	68.43064725
18.39500713	68.40836322
18.38436382	68.40836322
18.48198799	68.40836322
18.40789229	68.38607494
18.39071123	68.43064725
18.37187338	68.43064725
18.40486485	68.47522381
18.42772268	68.43064725
18.03857237	62.85900127
17.97604481	62.85900127
18.07968555	62.88128955
18.060582	62.85900127
18.05291631	62.85900127
17.60907275	58.11196227
17.67675718	58.11196227
17.69883069	58.11196227
17.69196465	58.15653458
17.70869095	58.15653458
17.48065169	55.81644327
17.50485208	55.86101561
17.51528973	55.81644327
17.44457914	55.88330389
17.41905792	55.83872733
17.46776909	56.84329501
17.49551938	56.77643864
17.37000696	56.79872268
17.43709867	56.82101096
17.49241529	56.79872268
17.50958868	56.70957805
17.38711904	56.75415036
17.44648119	56.77643864
17.46425368	56.73186208
17.4565139	56.68728976
17.23821356	53.45573509
17.28043808	53.41116278
17.24163955	53.41116278
17.27554947	53.41116278
17.21170491	53.47802338
16.89444295	49.66701582
16.99649077	49.64473177
16.91665442	49.68930408
16.86931901	49.60015521
17.01883764	49.68930408
16.52570808	44.65253442
16.43238747	44.69710673
16.44513722	44.65253442
16.51592829	44.65253442
16.42432579	44.69710673
16.48652633	44.76396733
16.44588578	44.80853967
16.51085573	44.78625561
16.44891833	44.7416833
16.45050998	44.78625561
16.44918148	45.25427133
16.49550774	45.18741499
16.43423971	45.20969902
16.39948926	45.27655962
16.48103989	45.2319873
16.09870579	40.28436651
16.03425702	40.26207823
16.01265105	40.30665055
16.07993437	40.30665055
16.01680771	40.26207823
15.56736019	36.09448787
15.69487302	36.20592078
15.59413326	36.1167719
15.61383846	36.16134847
15.65646026	36.13906018
15.08101108	31.34744465
15.12298395	31.34744465
15.14433828	31.39201907
15.04426022	31.32515848
15.1414322	31.39201907
15.04595278	32.5954929
15.15157477	32.61778119
15.08508344	32.61778119
15.04152403	32.61778119
15.16421083	32.72921412
14.56543245	26.95698844
14.58109723	26.97927461
14.61209339	26.97927461
14.60938786	26.97927461
14.54110178	26.93470229
14.00851199	22.36595257
14.06092252	22.34366429
14.07639185	22.38823872
13.9929213	22.43281104
14.10956982	22.38823872
14.0042493	23.10140857
14.11302008	22.96768949
14.04494733	23.0122618
13.95697648	22.98997564
14.09485031	23.0122618
13.47627348	18.0200687
13.49511772	18.04235485
13.48631897	17.99778042
13.43919944	18.06464102
13.48049658	17.95320808
12.81638292	13.54046468
12.86714176	13.51817745
12.79443843	13.51817745
12.75445574	13.56275083
12.84473486	13.51817745
12.44681773	9.239154173
12.44893311	9.21686696
12.41033768	9.239154173
12.50345902	9.21686696
12.45627689	9.261440342
11.7894577	6.809916095
11.67742826	6.809916095
11.69263446	6.832202797
11.75482477	6.809916095
11.66414584	6.832202797
11.20814652	4.603544395
11.21951156	4.581257715
11.29234647	4.581257715
11.16795434	4.558971012
11.20040802	4.558971012
10.96307821	3.400068696
11.0117319	3.444641811
10.96883163	3.422355131
10.98582236	3.444641811
11.02693682	3.466928514
10.83253794	3.442970414
10.87007696	3.420683712
10.90391278	3.398397299
10.79122676	3.420683712
10.87451465	3.48754353
10.81132285	4.93617122
10.78059367	4.980744602
10.89281855	4.93617122
10.81118872	4.913885051
10.87801218	4.93617122
10.85158018	4.980744602
10.85310029	4.980744602
10.75514399	4.9584579
10.85494485	4.93617122
10.82811047	4.93617122
10.84455447	3.376110596
10.84013465	3.442970414
10.82136323	3.420683712
10.7793878	3.398397299
10.80952555	3.398397299
10.87068117	3.50983021
10.82910429	3.48754353
10.78918675	3.50983021
10.85937872	3.50983021
10.75891743	3.532116645
10.82468064	3.50983021
10.8565365	3.50983021
10.83776635	3.50983021
10.74344937	3.50983021
10.86162056	3.48754353
10.80379257	3.50983021
10.79057018	3.48754353
10.87828427	3.50983021
10.79208901	3.48754353
10.85759546	3.50983021
10.87008462	3.50983021
10.8126539	3.532116645
10.77656091	3.50983021
10.8967274	3.554403325
10.74358478	3.554403325
10.66264731	3.631570518
10.5832721	3.653857198
10.64077307	3.653857198
10.53693498	3.631570518
10.64579454	3.653857198
10.63158855	3.676143634
10.63125068	3.609284083
10.615987	3.676143634
10.61870084	3.676143634
10.61988627	3.653857198
10.60944159	3.631570518
10.60368498	3.586997402
10.56542424	3.631570518
10.656503	3.653857198
10.68069189	3.631570518
10.71170082	3.720717016
10.59742954	3.765290109
10.64164745	3.765290109
10.56219752	3.743003429
10.63398304	3.787576545
10.64234172	3.520137585
10.60790935	3.542424287
10.61596976	3.520137585
10.70235088	3.497851171
10.54716313	3.520137585
10.62454049	2.896113188
10.55341921	2.896113188
10.61283757	2.873826753
10.5804484	2.851540073
10.60463728	2.851540073
10.0620135	0.35544271
10.03967046	0.333156119
10.02698075	0.333156119
10.01501852	0.35544271
10.08032378	0.377729301
6.496889147	-6.486538768
6.502074122	-6.508824937
6.525903418	-6.486538768
6.516047623	-6.531111617
6.518437003	-6.486538768
6.47165407	-5.973947017
6.498614278	-6.018520399
6.526117383	-5.973947017
6.482524761	-5.996233719
6.477330844	-6.018520399
5.2316633	-7.957452894
5.258100093	-7.957452894
5.241048692	-7.957452894
5.271981621	-7.957452894
5.1807039	-7.957452894
5.206682106	-6.909983755
5.222889783	-6.976843307
5.198897937	-6.976843307
5.214111476	-6.932270458
5.262464657	-6.909983755
4.557738556	-8.670623788
4.503268536	-8.715197171
4.508497581	-8.670623788
4.52240817	-8.692910491
4.603675849	-8.670623788
3.307312689	-10.92156834
3.247429358	-10.92156834
3.311213555	-10.92156834
3.352879536	-10.94385557
3.246082018	-10.89928219
2.263671547	-13.19480012
2.152989929	-13.21708734
2.236384483	-13.15022674
2.159705231	-13.19480012
2.242529904	-13.15022674
1.220507674	-15.31202561
1.254282184	-15.31202561
1.265622241	-15.28973944
1.284753173	-15.31202561
1.23905164	-15.28973944
0.406901012	-17.42925108
0.465291339	-17.4515383
0.351144928	-17.4515383
0.461128166	-17.4515383
0.470314204	-17.4515383
-0.324753303	-19.74705623
-0.293423181	-19.74705623
-0.366156877	-19.72477008
-0.298011909	-19.72477008
-0.275711563	-19.74705623
-0.948836035	-21.93114231
-0.995696411	-21.93114231
-0.978275362	-21.90885403
-0.953026552	-21.90885403
-1.032049517	-21.93114231
-0.978134448	-21.12882359
-1.016469763	-21.12882359
-1.002722442	-21.12882359
-1.001571981	-21.15111187
-1.00232501	-21.12882359
-1.577542982	-24.27123363
-1.629653002	-24.24894535
-1.664431071	-24.2935198
-1.566411541	-24.2935198
-1.636801823	-24.2935198
-2.214418437	-26.36617084
-2.213296239	-26.36617084
-2.149703493	-26.3215985
-2.164544669	-26.34388467
-2.226146265	-26.34388467
-2.81832127	-28.929128
-2.831079323	-28.929128
-2.776672535	-28.88455566
-2.782130554	-28.90684183
-2.823931301	-28.88455566
-3.367223483	-30.86806207
-3.342661597	-30.8457759
-3.334959501	-30.82348762
-3.324326726	-30.86806207
-3.320190817	-30.8457759
-3.814637381	-32.71784727
-3.749695858	-32.6955611
-3.781252159	-32.67327495
-3.754953964	-32.71784727
-3.783895104	-32.67327495
-4.449212075	-35.86025731
-4.476152484	-35.88254134
-4.444170488	-35.9271179
-4.421924212	-35.90482962
-4.487292707	-35.90482962
-4.975184921	-37.68775634
-5.02699507	-37.64318402
-4.986316202	-37.66546805
-4.967082679	-37.66546805
-4.97798818	-37.66546805
-5.506699456	-39.93870302
-5.485760921	-39.98327533
-5.460764079	-39.93870302
-5.536945143	-39.96098705
-5.434158988	-39.91641474
-6.022753276	-42.18964545
-6.013406525	-42.21193374
-5.94103148	-42.21193374
-6.071786353	-42.14507314
-5.968093881	-42.18964545
-6.439819295	-44.26229861
-6.518436365	-44.24001033
-6.47470706	-44.21772629
-6.482544561	-44.24001033
-6.52414699	-44.21772629
-6.544833239	-43.01424821
-6.515684202	-43.01424821
-6.495871696	-42.94739184
-6.526288555	-42.99196416
-6.486722304	-42.96967588
-7.006077569	-46.69153457
-7.040504831	-46.64696224
-7.027226876	-46.69153457
-6.987987001	-46.6246782
-7.076884603	-46.6246782
-7.565345261	-48.74190367
-7.505515581	-48.69732713
-7.525977646	-48.71961539
-7.521207827	-48.67504308
-7.476926685	-48.67504308
-8.062354293	-51.10427904
-8.026871258	-50.99284611
-8.096344684	-51.03741845
-7.986098501	-51.03741845
-8.068709368	-50.99284611
-8.516884598	-53.13235988
-8.529311165	-53.13235988
-8.536488248	-53.15464391
-8.558062291	-53.13235988
-8.484830109	-53.13235988
-9.055860758	-55.33873
-8.966593348	-55.31644595
-9.035655451	-55.27186938
-9.017555303	-55.31644595
-9.037412518	-55.29415767
-9.049164616	-52.85099049
-9.095464692	-52.82870221
-9.021925934	-52.80641815
-9.085944215	-52.82870221
-9.072234497	-52.85099049
-9.309030985	-55.77053469
-9.322911236	-55.77053469
-9.325157547	-55.77053469
-9.272851127	-55.79281872
-9.372008822	-55.72595812
-9.584910227	-57.73175068
-9.609895572	-57.73175068
-9.592114774	-57.73175068
-9.603179631	-57.70946663
-9.591680458	-57.70946663
-10.01669383	-60.02726968
-9.997260716	-60.02726968
-9.970267295	-60.04955796
-10.02187689	-60.00498563
-9.98053122	-59.98269734
-10.50232057	-62.03306224
-10.48192174	-62.01077818
-10.44874633	-62.01077818
-10.48905475	-61.96620162
-10.47821217	-61.96620162
-10.99826298	-64.19486002
-11.01637143	-64.19486002
-11.00919371	-64.17257599
-10.99892978	-64.23943659
-11.05972007	-64.15028771
-11.46542934	-66.26751318
-11.47971708	-66.31208551
-11.49702333	-66.26751318
-11.4974206	-66.26751318
-11.4828761	-66.26751318
-11.49904673	-64.81888522
-11.5302064	-64.79660119
-11.51777983	-64.79660119
-11.4548218	-64.7743129
-11.49405209	-64.79660119
-11.53299752	-64.41772587
-11.52700906	-64.39544183
-11.48592653	-64.37315355
-11.52575593	-64.39544183
-11.48940235	-64.39544183
-11.75524249	-67.1366925
-11.77808499	-67.15897656
-11.78420119	-67.18126481
-11.7728272	-67.1366925
-11.73345895	-67.11440422
-12.07382145	-68.67446511
-11.985613	-68.65217683
-12.0097674	-68.62989279
-12.01522446	-68.65217683
-12.04374118	-68.62989279
-12.42607145	-70.99226814
-12.5251723	-70.96998411
-12.46530174	-71.01455642
-12.47401618	-70.96998411
-12.51367696	-70.96998411
-13.028774	-73.24321905
-12.98038346	-73.19864249
-12.99806653	-73.22093077
-12.98346072	-73.22093077
-13.05556112	-73.17635423
-13.00979564	-71.41571577
-13.05507188	-71.41571577
-13.02595988	-71.43800406
-13.01349499	-71.41571577
-13.00761511	-71.41571577
-13.22165149	-73.51065298
-13.2296493	-73.51065298
-13.17868863	-73.51065298
-13.22400446	-73.53294127
-13.24445312	-73.51065298
-13.51275736	-75.40501261
-13.5854607	-75.40501261
-13.56684001	-75.33815626
-13.53105487	-75.36044454
-13.59384557	-75.36044454
-14.07782127	-77.5222381
-14.07237315	-77.54452638
-14.0834776	-77.54452638
-14.09498444	-77.54452638
-14.05931299	-77.5222381
-14.59458404	-79.99605061
-14.55313746	-79.95147404
-14.58370058	-79.92919426
-14.57738255	-79.90690598
-14.63184459	-79.90690598
-15.14365104	-81.91269853
-15.14992181	-81.86812197
-15.13125258	-81.89041025
-15.13253764	-81.86812197
-15.14429102	-81.82355388
-15.1554619	-79.8846177
-15.22145377	-79.86232941
-15.20120056	-79.8846177
-15.15299013	-79.90690598
-15.21471164	-79.86232941
-15.78871608	-84.38651104
-15.79872708	-84.36422276
-15.77982281	-84.36422276
-15.79855719	-84.34193448
-15.76801067	-84.29735791
-16.35620705	-86.52601632
-16.36691423	-86.52601632
-16.36095643	-86.48144825
-16.33574435	-86.50373653
-16.36190809	-86.45915997
-16.9115116	-88.88839591
-16.92522323	-88.86610763
-16.81606029	-88.84382785
-16.89865199	-88.86610763
-16.90434793	-88.75467472
-16.93056788	-86.57059288
-16.94543812	-86.57059288
-16.91668508	-86.57059288
-16.98463009	-86.57059288
-16.89751766	-86.57059288
-16.99310693	-85.45626368
-16.97232105	-85.47855196
-16.90266176	-85.47855196
-16.95450895	-85.45626368
-17.00262741	-85.45626368
-17.2876107	-88.95526076
-17.22777974	-88.91068419
-17.26169093	-88.91068419
-17.20967129	-88.91068419
-17.28524623	-88.88839591
-17.60275856	-90.64903437
-17.60434253	-90.64903437
-17.63372023	-90.62675456
-17.62135881	-90.62675456
-17.65615524	-90.60446628
-18.1487138	-92.98912568
-18.12446488	-93.03370224
-18.11315987	-93.03370224
-18.16259405	-92.98912568
-18.11906275	-92.96684587
-18.29566869	-93.34571272
-18.35687541	-93.34571272
-18.28892656	-93.34571272
-18.32620371	-93.34571272
-18.33747039	-93.32342444
-18.33556323	-90.8496204
-18.39200396	-90.80504384
-18.3454005	-90.80504384
-18.39002654	-90.8496204
-18.36609953	-90.8496204
-18.59690947	-93.43485735
-18.56554158	-93.41257756
-18.64875666	-93.41257756
-18.58428618	-93.43485735
-18.59578663	-93.43485735
-18.64835684	-92.05309423
-18.60717978	-92.05309423
-18.65033809	-92.05309423
-18.69865582	-92.05309423
-18.5912493	-92.05309423
-18.95949748	-95.46293819
-19.03426638	-95.39608184
-18.95257652	-95.39608184
-18.97194449	-95.39608184
-18.97372774	-95.39608184
-19.45910603	-97.33500955
-19.48612819	-97.29044146
-19.47718893	-97.35729783
-19.50266288	-97.33500955
-19.46649836	-97.29044146
-19.76245197	-98.27104947
-19.71469374	-98.24876119
-19.71909184	-98.27104947
-19.77503949	-98.24876119
-19.69910816	-98.18190484
-19.7585444	-95.70809231
-19.83478869	-95.73038059
-19.75748415	-95.70809231
-19.78973983	-95.70809231
-19.78490998	-95.66351575
-20.44755462	-99.76425399
-20.45317391	-99.76425399
-20.49962664	-99.71967743
-20.45580536	-99.71967743
-20.45296442	-99.71967743
-21.15291304	-101.9706241
-21.11606893	-101.9929124
-21.22174329	-101.9483358
-21.10235091	-101.9706241
-21.14590393	-101.9706241
-21.33613592	-102.238058
-21.30336673	-102.2826346
-21.32151989	-102.19349
-21.31256785	-102.2157782
-21.33348531	-102.19349
-21.38541298	-100.0093996
-21.33381744	-99.98711983
-21.38936654	-99.96483155
-21.42247936	-99.96483155
-21.34471368	-99.94254327
-21.81569947	-103.4415403
-21.77061996	-103.4415403
-21.84708524	-103.3969638
-21.79701364	-103.3746755
-21.84602755	-103.3969638
-21.88516204	-98.17717058
-21.97363235	-98.15488229
-21.91979752	-98.17717058
-21.97363235	-98.15488229
-21.94310244	-98.19945038
-21.95600931	-97.97658454
-21.9319405	-97.93201647
-21.94582331	-97.93201647
-21.93620703	-97.95430475
-21.94387144	-97.95430475
-21.96122622	-93.09582435
-21.85054445	-93.07353607
-21.91811901	-93.05125628
-21.93488364	-93.07353607
-21.85166856	-93.07353607
-21.68726436	-89.19567214
-21.68634208	-89.19567214
-21.70840537	-89.15110408
-21.72428092	-89.19567214
-21.68220585	-89.17338386
-21.72162137	-89.26253699
-21.65057482	-89.30710508
-21.70312203	-89.30710508
-21.72159327	-89.2848168
-21.68378216	-89.2848168
-21.39873373	-84.15890248
-21.48652063	-84.20347904
-21.40703429	-84.18119076
-21.38975615	-84.20347904
-21.46079631	-84.15890248
-21.11644321	-79.83530689
-21.16457189	-79.87988345
-21.1680643	-79.83530689
-21.15478954	-79.87988345
-21.17021928	-79.85759517
-20.82019579	-75.31113374
-20.82086643	-75.3557018
-20.81586923	-75.33342202
-20.86310245	-75.3557018
-20.81587817	-75.37799009
-20.77357828	-76.73747341
-20.83888546	-76.73747341
-20.77357828	-76.73747341
-20.79495049	-76.67061704
-20.83167325	-76.69289685
-20.81927351	-76.82661804
-20.79111829	-76.82661804
-20.77726231	-76.80432976
-20.79267672	-76.84890632
-20.78331592	-76.82661804
-20.42236553	-70.72009574
-20.40930793	-70.69780746
-20.46005783	-70.65323514
-20.41717161	-70.69780746
-20.38551248	-70.69780746
-20.10782699	-66.59707769
-20.14358403	-66.59707769
-20.08667577	-66.59707769
-20.09844064	-66.59707769
-20.1600804	-66.61936175
-20.08478649	-67.15424229
-20.05966894	-67.15424229
-20.1555073	-67.15424229
-20.08303134	-67.13195401
-20.12481261	-67.17652635
-19.78725529	-62.54092026
-19.75894167	-62.56320432
-19.83581189	-62.56320432
-19.76399124	-62.54092026
-19.78897595	-62.54092026
-19.41367012	-57.74930472
-19.32994152	-57.79387704
-19.40773403	-57.79387704
-19.37485498	-57.81616107
-19.36110885	-57.81616107
-19.16162336	-55.45378572
-19.15749608	-55.47606976
-19.17080789	-55.45378572
-19.14814422	-55.49835804
-19.2459715	-55.49835804
-19.12502707	-56.74891554
-19.16097572	-56.70433898
-19.21673815	-56.77119959
-19.11457282	-56.70433898
-19.15681906	-56.74891554
-18.95882429	-53.09391323
-18.93318811	-53.13848555
-18.93641866	-53.09391323
-18.93156453	-53.11620152
-18.91292213	-53.11620152
-18.55818247	-48.63659643
-18.52186976	-48.65888471
-18.5427374	-48.72574531
-18.54752127	-48.70345703
-18.537136	-48.65888471
-18.14239705	-44.29071256
-18.10908496	-44.29071256
-18.14305874	-44.29071256
-18.14679514	-44.31300084
-18.09794857	-44.31300084
-18.08702295	-44.95931007
-18.12278254	-44.95931007
-18.11755797	-44.95931007
-18.11646451	-44.93702604
-18.09561475	-44.95931007
-18.08200531	-45.85077345
-18.04210949	-45.82848939
-18.12113086	-45.85077345
-18.0377791	-45.85077345
-18.09112213	-45.85077345
-18.06264756	-46.36336571
-18.09007849	-46.36336571
-18.08488585	-46.34107743
-18.07788952	-46.38565399
-18.06631371	-46.34107743
-17.61676271	-40.14541048
-17.59849203	-40.16769453
-17.60239066	-40.16769453
-17.60026634	-40.12312219
-17.59498045	-40.12312219
-17.15402893	-35.71037773
-17.15965844	-35.75495004
-17.17385549	-35.71037773
-17.1633463	-35.71037773
-17.16288261	-35.71037773
-16.58834804	-30.98562279
-16.64562547	-31.00790893
-16.60947116	-31.00790893
-16.64128997	-30.98562279
-16.6591736	-31.00790893
-16.15284081	-26.70659951
-16.13236022	-26.75117182
-16.13652328	-26.75117182
-16.16740319	-26.79574625
-16.14158307	-26.77345797
-15.62040176	-22.13784979
-15.5528885	-22.16013594
-15.57641953	-22.16013594
-15.60407784	-22.13784979
-15.52671581	-22.16013594
-15.59835252	-22.85101962
-15.57313149	-22.82873347
-15.51665883	-22.85101962
-15.56980131	-22.85101962
-15.55655209	-22.87330579
-15.54123732	-22.96245255
-15.5841989	-22.96245255
-15.59745578	-22.9847387
-15.52464898	-22.96245255
-15.52993359	-22.96245255
-14.93697122	-17.74739254
-14.96227528	-17.70281916
-14.95070968	-17.70281916
-14.99912961	-17.7251053
-14.94006765	-17.70281916
-14.26401411	-13.22321621
-14.36772	-13.22321621
-14.27359718	-13.22321621
-14.24831356	-13.20092897
-14.34763796	-13.26778852
-14.26969216	-14.53812402
-14.30105749	-14.56041123
-14.24701189	-14.49355063
-14.22678806	-14.49355063
-14.31781062	-14.53812402
-13.46985965	-8.832758953
-13.46371662	-8.832758953
-13.46638384	-8.810472251
-13.47029524	-8.855045099
-13.4704843	-8.810472251
-12.98657758	-6.492667617
-13.01968401	-6.448094235
-12.98465764	-6.492667617
-12.99268484	-6.470380937
-13.0334659	-6.470380937
-12.99391242	-7.22812468
-12.98070919	-7.161265151
-12.98570384	-7.183551298
-13.03402285	-7.183551298
-12.97265517	-7.205838
-12.89383819	-6.492667617
-12.9067259	-6.492667617
-12.96680723	-6.492667617
-12.88467794	-6.470380937
-12.91172054	-6.514953786
-12.88267881	-6.537240466
-12.94526001	-6.492667617
-12.93260862	-6.514953786
-12.90604504	-6.559527168
-12.97596748	-6.514953786
-11.42339643	0.081874901
-11.4194352	0.037301741
-11.43252602	-0.007271441
-11.4128898	0.05958831
-11.39630529	0.01501515
-9.581854681	3.402575825
-9.589130763	3.380289389
-9.570685716	3.402575825
-9.584171888	3.380289389
-9.615304092	3.380289389
-9.587668138	2.934557722
-9.54074469	2.91227102
-9.592627013	2.934557722
-9.54682704	2.889984607
-9.572538588	2.889984607
-9.572505376	2.59775157
-9.526643449	2.553178455
-9.572843887	2.553178455
-9.534906963	2.530891775
-9.55619359	2.508605339
-8.510152689	4.51439763
-8.490322299	4.51439763
-8.500751648	4.625830564
-8.529059516	4.492111484
-8.541023025	4.492111484
-6.564011515	6.631623121
-6.617491229	6.56476357
-6.566591228	6.609336953
-6.559523363	6.587050273
-6.597923345	6.587050273
-4.786152092	8.837995355
-4.853821508	8.927141586
-4.803000387	8.882568204
-4.805182828	8.860281501
-4.811198114	8.882568204
-3.474671837	11.17808613
-3.498662086	11.20037337
-3.401637972	11.17808613
-3.456760744	11.17808613
-3.489276694	11.20037337
-3.350688791	11.49009874
-3.240643479	11.46781258
-3.294969472	11.49009874
-3.330798045	11.46781258
-3.245802587	11.44552536
-3.224395883	10.39805569
-3.254930902	10.39805569
-3.292667274	10.42034293
-3.253472109	10.42034293
-3.227824111	10.44262907
-2.316431924	13.38445837
-2.278299077	13.33988499
-2.220470289	13.31759884
-2.291655913	13.31759884
-2.272017453	13.36217222
-1.418824182	15.61311677
-1.385774757	15.61311677
-1.376454353	15.61311677
-1.426889379	15.59083062
-1.415663729	15.50168386
-0.622011365	17.86406134
-0.579513037	17.86406134
-0.657244189	17.84177517
-0.618845444	17.819489
-0.587514125	17.84177517
0.093239721	20.15958032
0.120533641	20.13729417
0.123772763	20.13729417
0.108829275	20.09271972
0.177900789	20.11500589
0.788942503	22.14308673
0.804946994	22.20994521
0.756165804	22.18765904
0.781739313	22.14308673
0.735552926	22.25451964
0.797339106	21.16247661
0.771952338	21.11790216
0.824095809	21.07332984
0.778279869	20.98418308
0.794793803	20.91732462
0.839905017	20.67217049
0.835739089	20.64988432
0.79342834	20.58302584
0.800308667	20.62759818
0.807586266	20.67217049
0.981287236	22.54424397
1.046456536	22.54424397
0.992916146	22.5219578
0.964300823	22.54424397
1.016582254	22.54424397
1.439381093	24.66146944
1.473819054	24.68375561
1.471961552	24.63918329
1.417696236	24.61689712
1.425560881	24.61689712
2.010438887	26.75640876
1.975144747	26.75640876
2.032313119	26.73412259
2.040038208	26.667262
1.97394846	26.71183645
2.594068232	28.91820657
2.616873212	28.91820657
2.667236863	28.91820657
2.603254988	28.91820657
2.611313958	28.87363423
3.163967741	31.23601171
3.163768147	31.21372557
3.187361443	31.21372557
3.188220815	31.21372557
3.145920285	31.21372557
3.737144744	33.3532372
3.725052537	33.37552335
3.658953049	33.3532372
3.739062444	33.3532372
3.737403418	33.30866487
4.241015022	35.67104024
4.283962876	35.58189558
4.255409427	35.58189558
4.217932048	35.55960944
4.285881853	35.58189558
4.699678042	38.03341983
4.736491491	38.01113155
4.792335676	37.96655923
4.69285895	37.94427518
4.758823672	37.94427518
5.317746466	40.23978995
5.270485783	40.2175059
5.297913841	40.19521761
5.259242729	40.17293358
5.267043504	40.17293358
5.80618892	42.3793037
5.753706857	42.35701542
5.745645812	42.3793037
5.819734492	42.33473139
5.759588655	42.35701542
6.22627344	44.40738454
6.234411769	44.45195686
6.292099884	44.36280798
6.283256429	44.47424089
6.251784436	44.38509626
6.290349204	43.11476183
6.278510881	43.09247355
6.318242555	43.13704587
6.288704549	43.18162243
6.257436302	43.15933415
6.315697332	42.3793037
6.297317432	42.35701542
6.35693634	42.35701542
6.270679129	42.33473139
6.296595061	42.3793037
6.8866788	46.85890879
6.749662102	46.83662051
6.841797918	46.83662051
6.826592363	46.81433222
6.766647078	46.83662051
7.333659659	48.86470135
7.280854413	48.88698538
7.240923464	48.84241306
7.363336902	48.86470135
7.28805896	48.88698538
7.775467678	51.20479266
7.866810227	51.18250438
7.774013994	51.22707669
7.787297059	51.18250438
7.828534791	51.13793206
8.349845119	53.41116278
8.332135217	53.43345104
8.273574637	53.45573509
8.353809537	53.41116278
8.304565688	53.3888745
8.839288738	55.61753288
8.901948502	55.61753288
8.816015111	55.55067653
8.864796541	55.57296056
8.824278625	55.55067653
8.965542046	52.69465011
8.921327968	52.73922243
8.913323128	52.67236183
8.929447774	52.6500778
8.857604128	52.67236183
9.235022143	56.50565342
9.261466281	56.5279417
9.204885674	56.50565342
9.276797022	56.50565342
9.208784943	56.50565342
9.491361604	57.97656966
9.429222382	57.90970906
9.522879584	57.88742503
9.521360753	57.90970906
9.463983046	57.86513675
9.92983752	60.16065574
9.978016016	60.11608343
9.911853615	60.11608343
9.911851699	60.09379515
9.98964229	60.07150687
10.45164348	62.18873234
10.46498786	62.14416002
10.39962064	62.14416002
10.49764145	62.1664483
10.47840122	62.09958771
10.8928211	64.75168949
11.00108603	64.75168949
10.9756338	64.70711718
10.90192898	64.66254486
11.04707123	64.64025658
11.49637568	66.6906257
11.54119333	66.71290974
11.45123996	66.71290974
11.56214401	66.71290974
11.57959076	66.6906257
11.5691199	64.99684362
11.5083756	64.95227131
11.58108532	64.99684362
11.5653439	64.92998302
11.53872539	65.04141594
12.09112513	68.96385642
12.05907256	68.98614045
12.04524979	68.94156814
12.04928638	68.96385642
12.06196204	68.87470754
12.59088952	70.74678313
12.57541124	70.6353502
12.62506514	70.72449485
12.58929532	70.70221082
12.63893517	70.67992254
13.13650242	73.30973604
13.15255554	73.28745626
13.1552087	73.33202433
13.10873681	73.26516798
13.13254248	73.35431261
13.64742236	75.47153808
13.74768948	75.44924979
13.71913316	75.42696151
13.64048224	75.44924979
13.73632188	75.44924979
14.22525007	77.72248476
14.32154958	77.72248476
14.26801877	77.76705285
14.22002166	77.70019648
14.31414192	77.70019648
14.76518364	79.86199853
14.78785242	79.83971025
14.78507662	79.83971025
14.81184075	79.81742197
14.77190916	79.77284541
15.36865136	82.11293672
15.29826523	82.11293672
15.42840184	82.09065691
15.34683206	82.04608035
15.30903118	82.06836863
15.42171847	80.08486436
15.34379695	80.10714416
15.46190299	80.08486436
15.40631812	80.06257607
15.33559603	80.06257607
16.09657764	84.29702703
15.94693765	84.27473875
16.08044788	84.27473875
16.06670431	84.29702703
15.994853	84.27473875
16.67496484	86.77083956
16.60549972	86.77083956
16.6546682	86.74855128
16.63338796	86.74855128
16.57542201	86.74855128
17.27421203	88.59833434
17.27454926	88.62062262
17.14869578	88.59833434
17.2912002	88.57604606
17.19753725	88.55376628
17.23615694	86.70397472
17.30568849	86.70397472
17.27871998	86.68168644
17.20740645	86.70397472
17.33992542	86.68168644
17.29270753	85.52278915
17.33164147	85.54507743
17.22556089	85.54507743
17.37301652	85.56735724
17.33270043	85.56735724
17.5641197	89.42294135
17.63576662	89.40065307
17.62320593	89.40065307
17.58162777	89.35607651
17.63391056	89.35607651
17.96988901	91.22815634
18.03069846	91.22815634
18.05647005	91.18357978
17.91673887	91.13900322
18.0793266	91.11672343
18.66536289	93.41223818
18.68379708	93.36766162
18.66336759	93.34538184
18.68597505	93.34538184
18.70249058	93.30080527
19.38116279	95.32888611
19.48208777	95.30659783
19.4527484	95.35117439
19.38352854	95.23974146
19.51327682	95.28430955
19.49847173	92.76592895
19.39595127	92.74364067
19.55193611	92.74364067
19.52430974	92.72135239
19.42100113	92.74364067
19.76092292	95.4626073
19.7153235	95.48488709
19.75676114	95.4626073
19.79086267	95.44031902
19.72773346	95.39574246
19.69024043	94.28141326
19.81027024	94.25912498
19.74688172	94.23684519
19.79248625	94.23684519
19.81211608	94.23684519
19.8851145	89.69065526
19.92887319	89.71294354
19.7650847	89.69065526
19.89252088	89.69065526
19.86588705	89.71294354
19.85572148	89.33406822
19.82902889	89.40093304
19.88203596	89.40093304
19.87879264	89.3563565
19.84501813	89.3563565
19.88031402	89.3563565
19.89551766	89.37864478
19.77178595	89.37864478
19.92849763	89.3563565
19.89842248	89.3563565
19.88884196	84.49788457
19.89915698	84.52017285
19.85764653	84.49788457
19.88025271	84.52017285
19.87152933	84.49788457
19.44323942	79.39425853
19.41264309	79.43882662
19.49895459	79.41653834
19.37556521	79.4611149
19.46340577	79.43882662
19.32571077	76.00669439
19.2770047	76.05127095
19.29623471	76.05127095
19.38929856	76.02898267
19.23959215	76.02898267
18.91795637	71.25965539
18.97831745	71.32651176
18.90316533	71.32651176
18.95927394	71.30422348
19.00600769	71.32651176
18.64500493	66.69090143
18.63826664	66.73547799
18.66695453	66.73547799
18.59028358	66.71318971
18.62491651	66.73547799
18.62624628	67.27035431
18.70938727	67.22578199
18.53304831	67.27035431
18.64805281	67.24806603
18.65109814	67.27035431
18.268179	62.38959412
18.25013569	62.38959412
18.24445381	62.38959412
18.29257226	62.38959412
18.26296592	62.43416643
17.89485186	58.02142197
17.84064914	57.97684965
17.92948479	58.02142197
17.89339435	57.99913368
17.85737544	57.99913368
17.79018026	59.2248958
17.85430201	59.24718408
17.92243864	59.20261176
17.82956129	59.13575117
17.87154949	59.2248958
17.58652278	56.21620697
17.7025211	56.23849525
17.65902684	56.21620697
17.60490587	56.26078353
17.70820426	56.26078353
17.60524566	56.88731161
17.7343233	56.84273927
17.64978994	56.84273927
17.58647679	56.88731161
17.68092023	56.84273927
17.40368567	53.34374645
17.38921781	53.36603473
17.42265381	53.34374645
17.40937138	53.36603473
17.38498067	53.32145816
17.10130544	49.15386782
17.0699746	49.17615608
17.04916189	49.19844014
17.06991073	49.15386782
17.0315133	49.22072842
16.66881799	44.7856999
16.6611523	44.7856999
16.63384527	44.74112333
16.65169186	44.74112333
16.61276942	44.7856999
16.63955143	45.38743681
16.67075581	45.45429741
16.53756748	45.38743681
16.68998837	45.43200913
16.70445239	45.38743681
16.23127585	40.1946619
16.26254154	40.26152249
16.24853355	40.28380655
16.20913847	40.26152249
16.25468297	40.28380655
15.79269263	35.80420571
15.73532962	35.82648974
15.68145391	35.80420571
15.77724118	35.89335034
15.75231779	35.82648974
15.32059422	31.32460063
15.25516441	31.34688679
15.28821335	31.34688679
15.2541642	31.30231448
15.27413255	31.32460063
14.84122483	27.78103335
14.93342516	27.7587472
14.91862007	27.78103335
14.85389921	27.64731429
14.91941589	27.78103335
14.85942781	28.98450931
14.82207913	28.939937
14.86477885	28.939937
14.81923691	28.91765083
14.83668878	28.939937
14.71127217	26.35469367
14.6137719	26.33240539
14.65608457	26.37697984
14.66203087	26.35469367
14.59056662	26.26554693
14.19234675	22.58826057
14.23880969	22.58826057
14.26625084	22.67740733
14.14700536	22.61054671
14.25077001	22.58826057
14.20075589	23.18999748
14.22256625	23.21228365
14.2025468	23.27914425
14.21073623	23.21228365
14.23532622	23.27914425
13.6481441	17.79664501
13.64839064	17.64063871
13.49558397	17.70749824
13.63041887	17.70749824
13.6117854	17.72978548
13.03970601	13.49533452
12.99013387	13.49533452
13.02582576	13.51762066
13.02226053	13.51762066
12.96205785	13.58448022
12.63479894	11.19981552
12.63440167	11.19981552
12.57643444	11.22210273
12.62171323	11.19981552
12.65859311	11.19981552
12.29611495	8.904297588
12.18158436	8.993444331
12.252682	8.837438037
12.33551258	8.948870949
12.18931009	8.948870949
11.79835225	7.165944236
11.86741882	7.143657555
11.84554459	7.165944236
11.86589999	7.165944236
11.90331382	7.188230938
11.31766714	4.714420011
11.28864329	4.669846628
11.29586061	4.736706691
11.3571874	4.669846628
11.31733501	4.714420011
11.00651116	3.577804107
11.02632622	3.466371196
11.08892786	3.533230992
10.98799011	3.466371196
11.0156944	3.555517694
11.00020974	3.88981645
11.0626747	3.934389565
11.06366085	3.912102885
11.02460045	3.912102885
11.0381473	3.88981645
11.06818158	4.554235191
10.9586584	4.554235191
10.99646695	4.554235191
11.03698486	4.554235191
10.94934997	4.62109472
10.81818633	3.484479105
10.88209603	3.462192403
10.94244178	3.462192403
10.85236067	3.506765786
10.85070132	3.462192403
11.11177675	8.699539898
11.09466723	8.766399449
11.13702971	8.7218266
11.1179977	8.744112746
11.09731018	8.744112746
11.12071218	5.846856832
11.09216225	5.869143535
11.12751946	5.846856832
11.13333675	5.846856832
11.07787834	5.824570686
10.87212591	3.529052221
10.93035245	3.506765786
10.84495557	3.484479105
10.85315649	3.529052221
10.92142852	3.484479105
10.84724084	3.774204746
10.82801083	3.796491159
10.87493236	3.751918043
10.85960482	3.796491159
10.82186781	3.818777861
10.9099038	3.818777861
10.84095986	3.774204746
10.87242866	3.796491159
10.91704448	3.818777861
10.8480405	3.818777861
10.9015036	3.751918043
10.8750716	3.796491159
10.78253404	3.774204746
10.89291563	3.796491159
10.93435583	3.796491159
10.73441942	4.187342358
10.65160225	4.187342358
10.64056039	4.165055678
10.62979189	4.187342358
10.64631764	4.209628771
10.68015538	4.187342358
10.68491562	4.187342358
10.71393244	4.209628771
10.6703098	4.209628771
10.68491689	4.209628771
10.62883256	3.942189833
10.67569341	3.942189833
10.68037765	3.875330016
10.63562642	3.853043602
10.60899131	3.853043602
10.53974718	3.563317962
10.55573578	3.518744846
10.61740428	3.518744846
10.59419836	3.474171464
10.57799898	3.451885028
10.49740066	3.273592299
10.56356817	3.318165415
10.56350494	3.340452117
10.53983915	3.318165415
10.53283452	3.318165415
10.55401129	3.518744846
10.46821777	3.496458144
10.43332234	3.518744846
10.53358435	3.496458144
10.55070793	3.518744846
10.4972742	3.80847022
10.50091032	3.80847022
10.50857474	3.786183784
10.52008157	3.8307569
10.5246419	3.8307569
10.55267001	3.853043602
10.51031009	3.897616718
10.47467823	3.853043602
10.51915865	3.853043602
10.54288767	3.853043602
10.42693916	2.337555827
10.42845736	2.337555827
10.42264134	2.337555827
10.41543552	2.315269147
10.44372487	2.337555827
9.951341945	0.331763203
10.00130433	0.309476656
9.980814165	0.287190065
9.962045296	0.309476656
9.889274896	0.331763203
6.172692811	-6.421071711
6.156990347	-6.443358413
6.267262717	-6.465645093
6.22648485	-6.465645093
6.22718295	-6.443358413
6.161525124	-6.109059657
6.228810361	-6.109059657
6.24183092	-6.109059657
6.209151782	-6.086772955
6.188057403	-6.131346338
4.515704683	-8.694303496
4.482365448	-8.672016816
4.503107902	-8.716589664
4.511976266	-8.672016816
4.508112444	-8.649730113
3.11598852	-10.81152896
3.15045155	-10.83381513
3.113636184	-10.83381513
3.161819151	-10.83381513
3.16479422	-10.83381513
1.951082644	-13.10704692
1.90975294	-13.19619368
1.913389544	-13.19619368
1.957154775	-13.1516203
1.95259413	-13.1516203
0.895010943	-15.58085731
0.913573591	-15.62543069
0.887871304	-15.58085731
0.926922921	-15.62543069
0.906605043	-15.60314453
0.197119143	-17.51979032
0.262278802	-17.5643637
0.194955583	-17.58664987
0.142674082	-17.58664987
0.187987794	-17.5643637
0.172108689	-16.4500345
0.153864733	-16.4500345
0.10833515	-16.40546114
0.165431029	-16.4500345
0.18824517	-16.40546114
-0.629746074	-19.81530827
-0.646515249	-19.88216887
-0.635337383	-19.83759442
-0.624497149	-19.83759442
-0.583717127	-19.83759442
-1.338959808	-21.99939434
-1.386652332	-22.02168051
-1.316090559	-21.99939434
-1.292135678	-22.02168051
-1.27771844	-21.97710819
-2.592013211	-26.67957699
-2.573940368	-26.70186313
-2.592609279	-26.67957699
-2.577170598	-26.65729082
-2.532752774	-26.65729082
-2.640526067	-25.63210625
-2.589086045	-25.69896686
-2.625060081	-25.63210625
-2.60709406	-25.6766807
-2.634380486	-25.63210625
-3.20573783	-28.84137477
-3.164417706	-28.79680246
-3.144525043	-28.79680246
-3.174135861	-28.79680246
-3.105961872	-28.81908862
-3.817433933	-30.93631409
-3.716573781	-30.93631409
-3.699614033	-30.91402792
-3.685603488	-30.91402792
-3.722049365	-30.89174178
-4.28795316	-33.343266
-4.288622199	-33.38783832
-4.328497582	-33.32097772
-4.283165777	-33.36555217
-4.277102588	-33.29869157
-4.812468491	-35.32677028
-4.765882277	-35.37134473
-4.783753131	-35.34905856
-4.78873979	-35.32677028
-4.760017724	-35.30448413
-5.258536645	-37.62228716
-5.282348058	-37.55543079
-5.353108786	-37.57771485
-5.364212923	-37.57771485
-5.325678813	-37.57771485
-5.836625579	-39.89552213
-5.890199182	-39.91780616
-5.872741567	-39.87323385
-5.836824854	-39.89552213
-5.817013625	-39.82866151
-6.326730253	-42.12418051
-6.386811581	-42.12418051
-6.413644688	-42.12418051
-6.354651068	-42.10189223
-6.343310932	-42.07960395
-6.932612261	-44.26369003
-6.897081324	-44.241406
-6.852457838	-44.19682944
-6.825189775	-44.17454541
-6.857905319	-44.17454541
-6.843097674	-42.81506208
-6.875587757	-42.83735036
-6.940520019	-42.81506208
-6.887776727	-42.81506208
-6.915695626	-42.79277804
-7.431792877	-46.42548784
-7.409159229	-46.44777612
-7.386715275	-46.42548784
-7.471214143	-46.40320379
-7.399991953	-46.3809155
-7.839274548	-48.65414622
-7.824840544	-48.6764345
-7.888083442	-48.63186219
-7.869981377	-48.6764345
-7.904409917	-48.63186219
-8.386565319	-51.08338643
-8.353686906	-51.10567047
-8.427968474	-51.06109815
-8.437325444	-51.08338643
-8.380675218	-51.0388141
-8.872787968	-53.24518422
-8.866843577	-53.24518422
-8.901049849	-53.2674725
-8.886707179	-53.2674725
-8.93330489	-53.2674725
-9.403545962	-55.47384262
-9.461020112	-55.4961309
-9.444949117	-55.45155434
-9.423635025	-55.47384262
-9.412894629	-55.45155434
-9.533665328	-53.07302063
-9.542590536	-53.07302063
-9.518000546	-53.07302063
-9.425628411	-53.05073235
-9.511448751	-53.02844829
-9.824976864	-56.21543065
-9.805320201	-56.2377147
-9.737401373	-56.21543065
-9.719491558	-56.21543065
-9.753517716	-56.17085408
-10.19122847	-58.80067186
-10.14288072	-58.82296014
-10.18362665	-58.80067186
-10.24701325	-58.80067186
-10.17774421	-58.80067186
-10.43491398	-60.02643397
-10.36977287	-60.00414994
-10.39548314	-60.00414994
-10.42640713	-59.95957338
-10.43731167	-59.95957338
-10.63019299	-60.96246964
-10.64454332	-61.00704621
-10.66783867	-60.98475792
-10.6447707	-60.98475792
-10.64892417	-60.94018561
-10.88562039	-61.94308188
-10.86599055	-61.94308188
-10.90805412	-61.9207936
-10.83155435	-61.94308188
-10.8339878	-61.89850956
-11.29940029	-64.10487968
-11.3433838	-64.0825914
-11.3473463	-64.0825914
-11.28848744	-64.06030737
-11.31443403	-64.0825914
-11.48181713	-64.75118891
-11.50482825	-64.79576548
-11.50640584	-64.75118891
-11.43406912	-64.7734772
-11.46919129	-64.75118891
-11.77979926	-66.22210515
-11.76471953	-66.17753284
-11.82836609	-66.17753284
-11.80395238	-66.19981687
-11.78983453	-66.17753284
-11.81414222	-64.61747197
-11.77620338	-64.61747197
-11.82650108	-64.61747197
-11.86244717	-64.57289965
-11.86900025	-64.61747197
-12.06988321	-66.97984732
-12.08472663	-67.0021356
-12.04638924	-67.0021356
-12.09410914	-67.0021356
-12.09972971	-67.0021356
-12.41541536	-69.1639334
-12.40537115	-69.1639334
-12.42587473	-69.09707281
-12.38878153	-69.1639334
-12.40994808	-69.09707281
-12.85372521	-70.94686012
-12.80075263	-70.9691484
-12.80364977	-70.92457608
-12.76372968	-70.92457608
-12.79032775	-70.9022878
-13.28210965	-73.06408983
-13.35072275	-73.10865792
-13.3792663	-73.06408983
-13.35883297	-73.01951327
-13.33576692	-73.01951327
-13.80812465	-75.38189287
-13.79486394	-75.35960458
-13.78240161	-75.3373163
-13.82619734	-75.35960458
-13.80811315	-75.3373163
-13.91804765	-73.17552274
-13.89644551	-73.22009083
-13.88884369	-73.22009083
-13.7932212	-73.15323449
-13.8230677	-73.17552274
-14.50544821	-77.61055127
-14.45244752	-77.65511936
-14.45181776	-77.63283955
-14.38016828	-77.63283955
-14.41201519	-77.58826299
-14.92401326	-80.01749895
-14.94779593	-79.97293086
-14.99896099	-80.01749895
-14.93841213	-79.97293086
-14.93863951	-79.95064258
-15.48199269	-82.04557979
-15.49117977	-82.04557979
-15.46020788	-82.02329151
-15.51774845	-82.04557979
-15.46737155	-82.00100323
-16.07791096	-84.38567111
-16.05394562	-84.36338282
-16.0417822	-84.36338282
-16.03610032	-84.36338282
-16.08469524	-84.29652645
-16.10706128	-81.86729051
-16.11211468	-81.84500223
-16.08072763	-81.8895703
-16.08075446	-81.86729051
-16.08600714	-81.84500223
-16.36795276	-84.65311351
-16.32113598	-84.56396039
-16.33483994	-84.65311351
-16.35833265	-84.63082523
-16.36465068	-84.65311351
-16.69639837	-86.65890607
-16.72233602	-86.63661779
-16.72104074	-86.61432951
-16.72302326	-86.61432951
-16.71780124	-86.61432951
-17.16090647	-88.53097741
-17.18555394	-88.48640085
-17.16486641	-88.48640085
-17.21519222	-88.46411257
-17.23502133	-88.46411257
-17.29150294	-86.39146366
-17.32505135	-86.41375194
-17.27775554	-86.39146366
-17.24383668	-86.3468871
-17.21809831	-86.36917538
-17.75087971	-90.71505925
-17.73630711	-90.73734753
-17.746488	-90.73734753
-17.76961409	-90.69277097
-17.78526993	-90.6482029
-17.83459681	-88.06295746
-17.81089589	-88.04066918
-17.76946335	-88.08524575
-17.78865249	-88.0183809
-17.78139812	-88.10753403
-18.11263997	-90.98250166
-18.07097622	-91.00478994
-18.13745095	-90.96021338
-18.12625707	-90.98250166
-18.12542421	-90.96021338
-18.52907559	-93.03286228
-18.54259433	-93.05515057
-18.52623465	-93.03286228
-18.55391212	-92.98829422
-18.51618405	-93.03286228
-19.13559885	-95.35067381
-19.14761921	-95.30609725
-19.12019594	-95.35067381
-19.11410912	-95.30609725
-19.12764575	-95.26152069
-19.16649154	-92.49798597
-19.1688739	-92.49798597
-19.19719262	-92.47569768
-19.22489181	-92.52027425
-19.18433813	-92.49798597
-19.53468352	-95.52896309
-19.50830261	-95.48438653
-19.49243728	-95.48438653
-19.43599272	-95.48438653
-19.43645386	-95.48438653
-19.93597554	-97.69076513
-19.90679585	-97.71304491
-19.95867114	-97.66847685
-19.8861262	-97.64618856
-19.94933206	-97.57933222
-20.57999567	-99.36225893
-20.52484255	-99.38453871
-20.51092909	-99.36225893
-20.47258659	-99.31768237
-20.52202333	-99.31768237
-20.59564256	-96.13070426
-20.55643015	-96.19756061
-20.5501645	-96.13070426
-20.5750023	-96.19756061
-20.61183236	-96.13070426
-20.96616324	-99.94170331
-20.98254337	-99.89713525
-20.98558359	-99.89713525
-21.03200182	-99.8302704
-21.04093597	-99.87484697
-21.60673438	-101.9920724
-21.58604047	-101.9474959
-21.59564909	-101.9252161
-21.60526282	-101.9029278
-21.59590457	-101.8806395
-21.81934007	-96.53157939
-21.80958583	-96.50929111
-21.7956647	-96.4870113
-21.7980841	-96.50929111
-21.7612055	-96.50929111
-21.79155402	-92.87658131
-21.80614962	-92.83200475
-21.74422627	-92.87658131
-21.74317625	-92.92115788
-21.739505	-92.89886959
-21.50763353	-88.79813983
-21.51466691	-88.77585155
-21.56741084	-88.77585155
-21.50726564	-88.77585155
-21.50554626	-88.77585155
-21.51936264	-88.93185255
-21.55924568	-88.90957276
-21.55469302	-88.95414083
-21.54183469	-88.93185255
-21.53400678	-88.95414083
-21.30785424	-84.40767939
-21.31092	-84.38539111
-21.28087423	-84.36310283
-21.26478408	-84.38539111
-21.28220528	-84.40767939
-20.98419888	-79.70520848
-20.99552944	-79.6829202
-20.96521924	-79.6606404
-21.02166509	-79.6606404
-21.05868931	-79.70520848
-20.94551149	-81.24298107
-20.93027974	-81.26526935
-20.92200857	-81.22070129
-20.93879746	-81.22070129
-20.97431562	-81.198413
-20.59069263	-75.35932461
-20.60550794	-75.40390118
-20.65322274	-75.40390118
-20.63137916	-75.38161289
-20.62656974	-75.47075752
-20.27128464	-70.58999733
-20.28850785	-70.61228562
-20.32968107	-70.61228562
-20.34163372	-70.56770905
-20.3405211	-70.61228562
-19.97710916	-66.62298453
-20.00784218	-66.62298453
-20.01025775	-66.64527281
-20.00698249	-66.62298453
-19.99220167	-66.6007005
-19.95384129	-67.20243742
-19.95756747	-67.18014913
-19.99719887	-67.20243742
-20.02140564	-67.13557682
-20.01612996	-67.18014913
-19.65325326	-62.65597173
-19.70533549	-62.65597173
-19.69614842	-62.65597173
-19.69508179	-62.61139942
-19.64688285	-62.67826001
-19.26060158	-57.574634
-19.27651929	-57.53005744
-19.30111695	-57.574634
-19.28528099	-57.55234572
-19.26234652	-57.55234572
-19.00230834	-55.30139904
-19.06830787	-55.32368732
-19.07576662	-55.279115
-19.05633606	-55.279115
-19.04500805	-55.30139904
-19.03700385	-56.43746078
-19.05075253	-56.43746078
-19.04698675	-56.43746078
-19.088814	-56.39288422
-19.03964041	-56.39288422
-18.76168795	-53.13904551
-18.84884126	-53.16132955
-18.82927657	-53.16132955
-18.80376301	-53.16132955
-18.79589933	-53.16132955
-18.74928948	-54.43166822
-18.79936747	-54.49852459
-18.79486335	-54.45395228
-18.77022099	-54.49852459
-18.75954319	-54.47624056
-18.39525751	-49.70690903
-18.43384654	-49.66233672
-18.47456757	-49.70690903
-18.42073146	-49.684625
-18.4440581	-49.684625
-17.98875241	-44.33584484
-17.93019374	-44.33584484
-17.96026251	-44.33584484
-17.9497827	-44.31355656
-17.96628546	-44.38041715
-17.9550175	-44.82614884
-17.94893962	-44.82614884
-17.95550802	-44.80386056
-17.95148804	-44.84843712
-17.98529959	-44.87072116
-17.64492049	-40.74770313
-17.66998822	-40.68084253
-17.62054766	-40.68084253
-17.62035094	-40.68084253
-17.58775802	-40.6362702
-17.484535	-39.72252281
-17.48981067	-39.67794624
-17.52009276	-39.72252281
-17.44487677	-39.72252281
-17.48433572	-39.72252281
-17.44307947	-38.51904473
-17.38142183	-38.56361704
-17.34703927	-38.51904473
-17.36207174	-38.49676069
-17.38281419	-38.45218413
-16.97237725	-35.37663682
-17.06780557	-35.33206449
-17.04531691	-35.39892297
-17.01308933	-35.37663682
-17.03728077	-35.37663682
-16.59103698	-31.07532738
-16.594546	-31.11989969
-16.58346965	-31.09761355
-16.51284336	-31.07532738
-16.56909121	-31.07532738
-16.1199707	-27.37575274
-16.117071	-27.42032719
-16.09967662	-27.37575274
-16.10252778	-27.42032719
-16.1118477	-27.42032719
-15.4544634	-22.0269726
-15.44863717	-21.98240026
-15.4627895	-22.0269726
-15.44206493	-22.00468643
-15.51546956	-22.0269726
-15.38980258	-23.87675991
-15.39569652	-23.92133222
-15.45035783	-23.92133222
-15.3647259	-23.89904608
-15.41224782	-23.89904608
-14.8360207	-17.72566316
-14.83607179	-17.79252268
-14.7802787	-17.74794932
-14.80334475	-17.74794932
-14.82145576	-17.74794932
-14.27695419	-13.78093757
-14.25145214	-13.82551095
-14.22990492	-13.82551095
-14.20656423	-13.78093757
-14.25452046	-13.80322374
-13.42716887	-9.056181559
-13.37730548	-9.078468796
-13.4285012	-9.100754942
-13.46161657	-9.100754942
-13.44063652	-9.12304111
-12.95579858	-6.649230717
-12.99766415	-6.626944015
-12.95146307	-6.626944015
-12.88045229	-6.649230717
-12.92143007	-6.649230717
-12.89564316	-7.340114909
-12.94597663	-7.362401077
-12.9421061	-7.340114909
-12.90764435	-7.362401077
-12.89476431	-7.40697446
-12.82280825	-6.649230717
-12.8180116	-6.626944015
-12.84020008	-6.693803566
-12.82604902	-6.649230717
-12.83652883	-6.671517397
-11.2389383	0.081317739
-11.31284111	-0.007828603
-11.31284111	-0.007828603
-11.33131618	-0.030115172
-11.2758897	0.036744557
-10.94279179	0.705342069
-10.94179542	0.727628682
-10.98283707	0.749915251
-10.93254958	0.683055522
-10.9753681	0.749915251
-9.282585569	3.379732072
-9.315495917	3.402018774
-9.328781537	3.402018774
-9.309218763	3.402018774
-9.277348859	3.46887857
-9.32820479	2.575465157
-9.247432742	2.620038273
-9.254377338	2.575465157
-9.246113825	2.575465157
-9.244068704	2.575465157
-9.306197707	2.575465157
-9.216577096	2.530891775
-9.244531762	2.553178455
-9.284985808	2.530891775
-9.250214285	2.575465157
-8.711370336	4.001806412
-8.728415989	4.046379527
-8.709113167	4.06866623
-8.690619579	3.957233296
-8.702111087	4.046379527
-8.242058574	4.492111484
-8.22428544	4.447538101
-8.198910487	4.380678283
-8.259580697	4.425251399
-8.244188642	4.380678283
-6.17598787	6.787629415
-6.14690909	6.765342735
-6.237065571	6.743056032
-6.200311521	6.787629415
-6.166526153	6.854488966
-4.577198818	8.949427732
-4.570529821	8.927141586
-4.608006242	8.904855418
-4.601065478	8.904855418
-4.61540719	8.927141586
-3.62067889	10.35348337
-3.699731874	10.33119616
-3.680241273	10.26433663
-3.642626254	10.33119616
-3.718238236	10.33119616
-3.646653583	9.372873253
-3.719488493	9.372873253
-3.689415255	9.372873253
-3.615323702	9.372873253
-3.658346602	9.395159422
-3.002243852	11.28951907
-2.939653387	11.28951907
-2.98921978	11.31180628
-2.975135784	11.35637966
-3.006141525	11.31180628
-2.009599953	13.42903175
-2.081048881	13.42903175
-2.085148064	13.42903175
-2.041255732	13.45131792
-2.019583329	13.40674454
-1.086217032	15.59083062
-1.099500656	15.61311677
-1.09435536	15.52397001
-1.10016235	15.59083062
-1.139755107	15.59083062
-0.246382452	17.79720286
-0.286762907	17.819489
-0.266336091	17.84177517
-0.234019316	17.819489
-0.300583459	17.77491562
0.555148709	20.27101325
0.526270241	20.2932994
0.443965511	20.18186649
0.481182141	20.2264388
0.484233694	20.2932994
0.552062106	20.36016002
0.588551176	20.38244616
0.644212373	20.44930465
0.627946694	20.40473233
0.590270599	20.38244616
1.154216815	22.23223136
1.072259818	22.23223136
1.139346897	22.23223136
1.138213043	22.16537288
1.052355818	22.16537288
1.14507405	21.07332984
1.120023637	21.07332984
1.173363794	21.07332984
1.128348865	21.0510437
1.073750306	21.02875753
1.768658455	24.43860359
1.783401431	24.46088976
1.828802535	24.41631745
1.818620843	24.39403128
1.790866249	24.43860359
2.458118644	27.13527983
2.511845056	27.06842137
2.516531525	27.02384692
2.436696771	27.09070752
2.422212948	27.02384692
2.997398666	28.87363423
3.003278228	28.85134808
2.970300817	28.87363423
2.995217183	28.87363423
3.004537108	28.87363423
3.000646461	27.93759856
2.965812665	27.93759856
3.046848177	27.95988473
2.997006823	27.91531028
3.010292443	27.91531028
3.475159166	31.16915323
3.486526128	31.16915323
3.555456339	31.10229263
3.562395825	31.10229263
3.550432955	31.10229263
4.092379394	33.46467011
4.074855355	33.39781163
4.095605154	33.37552335
4.133542079	33.3532372
4.047885246	33.37552335
4.565603839	35.47046267
4.529325621	35.53732327
4.594296205	35.53732327
4.598393472	35.51503712
4.573803164	35.49274884
4.618232165	34.60128546
4.649428239	34.60128546
4.566749669	34.64585991
4.630732502	34.66814608
4.648244726	34.64585991
4.644366853	33.82125504
4.614603385	33.66524979
4.673042293	33.73211039
4.660954557	33.79896887
4.618320944	33.77668272
5.149793964	37.87741458
5.191298673	37.8551263
5.177886271	37.87741458
5.162158577	37.89969864
5.17827492	37.83284227
5.666681927	40.19521761
5.625568742	40.17293358
5.601838445	40.1506453
5.67136616	40.12835702
5.683531499	40.1506453
6.128285207	42.29015907
6.0699833	42.26787079
6.153260333	42.24558251
6.096291395	42.26787079
6.114924859	42.22329845
6.68075201	43.76107106
6.581071858	43.71649875
6.559725831	43.73878703
6.624168848	43.73878703
6.624827987	43.71649875
6.673834239	42.9364683
6.597624433	42.9364683
6.590882305	42.9364683
6.631135799	42.9364683
6.669396545	42.86960771
7.129062644	46.76975989
7.132302774	46.76975989
7.21531794	46.79204817
7.166077285	46.76975989
7.087621806	46.79204817
7.608524643	48.99841829
7.628278388	48.93155769
7.599329265	48.93155769
7.616650836	48.97613426
7.625234978	48.90927366
8.141610703	51.3385096
8.157400031	51.29393729
8.112262391	51.31622557
8.127989765	51.29393729
8.185752608	51.27164901
8.631139907	53.18829694
8.633192054	53.21058522
8.67469293	53.16600865
8.652683931	53.18829694
8.635895675	53.16600865
9.15365291	55.55067653
9.192049699	55.50609997
9.220078455	55.52838825
9.236668075	55.52838825
9.207054702	55.50609997
9.183438093	52.56538742
9.313912577	52.5876757
9.264608051	52.5876757
9.241938636	52.60995973
9.28430112	52.5876757
9.466030083	56.08666853
9.508989752	56.06438025
9.545480658	56.10895256
9.557704757	56.08666853
9.542503034	56.08666853
9.843135772	58.11474512
9.823633675	58.09246109
9.748159653	58.1370334
9.859262973	58.11474512
9.871290991	58.09246109
10.23812126	60.29883121
10.28987967	60.34340352
10.23706229	60.29883121
10.15437095	60.25425889
10.27440075	60.25425889
10.80936332	62.28233973
10.77875421	62.23776317
10.78860042	62.23776317
10.80856366	62.23776317
10.78377568	62.23776317
11.23747567	64.53328217
11.26530515	64.53328217
11.32703049	64.48870983
11.30456099	64.51099811
11.28387347	64.51099811
11.8262571	66.69507995
11.8297559	66.65050764
11.84838936	66.6282236
11.81071367	66.60593532
11.82499375	66.6282236
12.15586642	67.94313037
12.13273778	67.96541863
12.17027169	67.89855803
12.14654522	67.92084209
12.07119766	67.92084209
12.22342311	65.98191013
12.18290902	66.02648244
12.12282386	65.98191013
12.18236996	65.93733781
12.2059738	66.00419841
12.48384451	69.25803711
12.51867543	69.23575308
12.52978244	69.28032539
12.48932584	69.23575308
12.51483556	69.19118076
12.93344149	71.10782444
12.95142858	71.15239676
12.96192244	71.06325211
12.94672902	71.10782444
12.92618073	71.13011272
13.42519912	73.26962223
13.45706902	73.31419879
13.55633338	73.26962223
13.44516236	73.29191051
13.46975235	73.29191051
13.93839283	75.58742526
14.07098333	75.63200182
14.04711635	75.54285719
14.04130928	75.63200182
14.02815077	75.58742526
14.60527845	77.59321782
14.63707171	77.57093803
14.63983984	77.54864975
14.58062587	77.59321782
14.63885241	77.54864975
15.08990691	79.82187622
15.17834273	79.82187622
15.20397891	79.75501987
15.15071508	79.79959643
15.19089192	79.75501987
15.81531031	81.98367825
15.72429159	81.96138999
15.69250344	81.93910171
15.83209921	81.98367825
15.72575293	81.98367825
16.36329152	84.4352025
16.34471682	84.41291422
16.33394321	84.41291422
16.40486968	84.45749078
16.39303199	84.41291422
16.45979924	83.96718255
16.40975702	83.92261446
16.32039508	83.94489427
16.41670098	83.96718255
16.43276048	83.94489427
16.44408464	82.58541941
16.3942468	82.58541941
16.4388639	82.6299875
16.45142587	82.6299875
16.43338002	82.6299875
16.69464322	84.88093419
16.63978136	84.85864591
16.65650639	84.88093419
16.68578061	84.83635762
16.62609527	84.83635762
17.08354572	86.55242797
17.15724032	86.55242797
17.07766584	86.57471625
17.07344019	86.59700453
17.13503141	86.55242797
17.69136555	88.66965346
17.70074934	88.69194174
17.63702614	88.64736518
17.66769657	88.62507689
17.74079207	88.60279709
17.74024278	86.46328334
17.78360036	86.48557162
17.69285244	86.46328334
17.68354018	86.5078514
17.79668735	86.48557162
17.93707255	89.24910634
17.96072493	89.20452978
17.99165978	89.1822415
17.96350583	89.20452978
17.90606617	89.20452978
18.2787495	91.21032233
18.32653583	91.21032233
18.37287231	91.21032233
18.35177985	91.16575425
18.32691905	91.12117768
18.37749395	88.71423002
18.39930176	88.69194174
18.40722932	88.62507689
18.38317456	88.71423002
18.32137385	88.66965346
19.27505028	92.97096077
19.26208465	92.90410442
19.17279425	92.9263927
19.21959187	92.94868098
19.24965808	92.90410442
19.78846115	94.97675332
19.77755342	94.93218526
19.80578273	94.95447354
19.86419449	94.88760869
19.77127115	94.90989698
19.89878654	92.03492932
19.8358566	92.01264104
19.87498215	91.99035278
19.90122637	92.01264104
19.86394923	92.01264104
19.86562646	88.9125762
19.92459006	88.9125762
19.92609739	88.86799964
19.92450958	88.84571985
19.93033198	88.89028792
19.89751424	88.62285401
19.92567074	88.64513379
19.94385073	88.64513379
19.94147348	88.66742207
19.96790676	88.62285401
19.9368314	88.60056573
19.86895153	88.55598916
19.92811058	88.55598916
19.95857023	88.53370088
19.92354386	88.55598916
20.00741808	91.92126505
20.02388252	91.94355331
20.03868378	91.92126505
20.05672325	91.89897677
20.07458005	91.94355331
20.101569	89.18001861
20.0666014	89.15773033
20.11075608	89.15773033
20.05589421	89.18001861
20.06944489	89.15773033
19.88813173	84.25468185
19.94695609	84.25468185
19.97504616	84.27697014
19.8320129	84.23239357
19.97464889	84.25468185
19.75536494	80.62196356
19.68847634	80.59968378
19.60268219	80.59968378
19.76481005	80.57739549
19.6695082	80.59968378
19.4196573	75.80806822
19.35396435	75.8526363
19.4525108	75.83034802
19.37431975	75.83034802
19.34484369	75.8526363
19.05928047	71.37303122
19.13125441	71.37303122
19.09299111	71.3953195
19.01982152	71.41760778
19.13575214	71.3953195
18.77597697	66.55913162
18.75807418	66.62599222
18.81603757	66.58141991
18.74544578	66.60370819
18.71557501	66.62599222
18.38853965	62.48069016
18.44095912	62.50297419
18.35780663	62.45840188
18.49310267	62.48069016
18.35476258	62.45840188
18.01142502	57.97879679
17.97837863	57.97879679
18.11638914	58.02337336
18.00336333	58.00108507
18.08525375	58.00108507
18.07803898	59.40514072
17.98636367	59.3605684
18.04835982	59.38285244
17.99581261	59.3605684
17.97737587	59.38285244
17.76709505	55.86157132
17.79075509	55.83928729
17.74310161	55.83928729
17.83702132	55.83928729
17.76854746	55.83928729
17.76377508	56.4190159
17.78830503	56.4190159
17.80039437	56.4190159
17.69384626	56.39672761
17.7951072	56.39672761
17.67454727	53.58862058
17.56041268	53.6554812
17.604096	53.61090463
17.61091093	53.67776523
17.52306144	53.63319292
17.26847394	49.48788658
17.23787633	49.51017487
17.22861772	49.51017487
17.262405	49.55474718
17.24289907	49.51017487
16.84321402	44.82999224
16.78952865	44.71855931
16.7487693	44.87456455
16.83178255	44.85228052
16.78657018	44.80770396
16.75862701	45.38715684
16.8027702	45.36486856
16.7941158	45.38715684
16.79722499	45.38715684
16.84137456	45.40944512
16.74568949	43.64880244
16.69182144	43.64880244
16.62241508	43.62651841
16.7122982	43.58194185
16.69022469	43.58194185
16.40032596	40.2835308
16.41103187	40.30581484
16.39259896	40.32810312
16.34990562	40.35038715
16.37462208	40.32810312
15.96185515	35.71478109
15.85551143	35.73706512
15.89159676	35.71478109
15.93554834	35.69249281
15.87150068	35.69249281
15.47554947	31.70319386
15.44924138	31.72548214
15.48210255	31.7923406
15.4570412	31.72548214
15.47528633	31.72548214
15.15704716	29.02880377
15.18777506	29.00651762
15.06226648	29.02880377
15.21633522	29.02880377
15.15704588	29.00651762
14.93729185	26.82243365
14.94145491	26.84471982
14.92764491	26.84471982
14.86875157	26.82243365
14.89955229	26.84471982
14.39083331	22.36511686
14.37081514	22.43197535
14.33498785	22.40968918
14.34622771	22.43197535
14.36393633	22.38740301
14.33414987	23.07828669
14.33838701	23.10057286
14.34296139	23.21200577
14.36972296	23.14514731
14.36865889	23.10057286
13.79785945	18.04151914
13.81484762	18.04151914
13.87069691	18.04151914
13.80685875	18.10837762
13.76586947	18.06380531
13.73786882	19.22270682
13.74785682	19.26728127
13.84983694	19.24499511
13.74977165	19.26728127
13.84164879	19.31185359
13.20315343	13.67334805
13.13157676	13.71792144
13.21663896	13.6956342
13.17519876	13.6956342
13.09482846	13.6956342
12.42866457	9.305178015
12.44723672	9.305178015
12.49529131	9.327464183
12.35879962	9.282890801
12.44631444	9.34975033
11.95388617	7.00965955
11.96148799	7.00965955
11.92070693	7.00965955
11.92453658	7.00965955
11.95270074	7.03194623
11.36692887	4.647281534
11.47202968	4.691854916
11.45900784	4.714141619
11.44479674	4.691854916
11.40712488	4.714141619
10.88239111	2.552342745
10.84451998	2.574629448
10.89045535	2.552342745
10.88833742	2.552342745
10.92865478	2.530056065
10.93887911	2.908928203
10.84503349	2.953501319
10.90458087	2.931214639
10.80438273	2.953501319
10.89123329	2.953501319
10.88665253	3.287800075
10.89312129	3.243226959
10.86932968	3.243226959
10.79477922	3.287800075
10.90680738	3.265513395
10.87376737	3.31008651
10.87495408	3.287800075
10.89597501	3.31008651
10.84223981	3.31008651
10.82056358	3.33237319
10.8045028	3.33237319
10.88937084	3.376946306
10.87310696	3.33237319
10.85447349	3.376946306
10.88877301	3.354659893
10.87284381	3.33237319
10.8732347	3.287800075
10.86676465	3.33237319
10.79385693	3.31008651
10.9171901	3.31008651
10.78522425	3.51066592
10.89500674	3.51066592
10.8194599	3.488379239
10.89342276	3.532952355
10.77306083	3.488379239
10.72153809	2.351763603
10.72339416	2.374050038
10.65934714	2.396336718
10.74700055	2.463196536
10.71335059	2.396336718
10.10568021	0.345970912
10.20720302	0.368257503
10.14857601	0.345970912
10.20786216	0.345970912
10.08135273	0.323684321
6.210862223	-6.473723753
6.185622036	-6.429150371
6.234136488	-6.429150371
6.194508922	-6.451437073
6.259904242	-6.473723753
6.179338496	-6.005705384
6.204850769	-6.005705384
6.21001786	-5.961132535
6.183567335	-6.005705384
6.204162888	-5.983418704
4.544400882	-8.680095453
4.435438807	-8.702382156
4.480354817	-8.680095453
4.451330327	-8.724668836
4.557251227	-8.702382156
3.131750703	-10.86418047
3.074446448	-10.86418047
3.162711097	-10.88646771
3.095795029	-10.86418047
3.141533687	-10.86418047
1.849342521	-13.22655902
1.880419478	-13.18198564
1.886990434	-13.20427179
1.920510581	-13.15969947
1.855659913	-13.20427179
0.894453597	-15.47750357
0.965847358	-15.43293019
0.922942137	-15.47750357
0.972861652	-15.38835787
0.906625562	-15.43293019
0.934241796	-14.74204651
0.96121933	-14.69747313
0.899852616	-14.67518698
0.951889425	-14.74204651
0.923336615	-14.74204651
0.06452025	-17.43872275
0.094330213	-17.43872275
0.038121053	-17.4164366
0.116349371	-17.39415043
0.104358687	-17.37186322
-0.730769455	-19.82338744
-0.709619988	-19.82338744
-0.76429032	-19.86795976
-0.681292959	-19.8011013
-0.711828057	-19.8011013
-1.380623793	-22.11890644
-1.4999646	-22.14119261
-1.43049772	-22.14119261
-1.456207672	-22.14119261
-1.407618651	-22.09661816
-1.514531454	-21.07143572
-1.42690838	-21.16058249
-1.468285029	-21.16058249
-1.41930688	-21.16058249
-1.54105559	-21.16058249
-2.132183604	-24.36985101
-2.038516503	-24.32527656
-2.07794703	-24.34756484
-2.085802414	-24.30299039
-2.114988336	-24.32527656
-2.68064671	-26.39792972
-2.783688985	-26.39792972
-2.704431298	-26.3533574
-2.744485835	-26.3533574
-2.709624895	-26.37564357
-3.331437384	-28.78259337
-3.334686456	-28.8271678
-3.338669396	-28.7603072
-3.287012854	-28.73802103
-3.36887708	-28.7603072
-3.978526466	-31.01125175
-3.906379757	-30.9889656
-4.039920644	-30.96667943
-3.924082633	-30.94439326
-3.962418427	-30.94439326
-4.499274419	-33.10619107
-4.553908266	-33.12847724
-4.494287441	-33.12847724
-4.511210144	-33.12847724
-4.496433157	-33.10619107
-5.079732933	-35.33484947
-5.020870566	-35.3125633
-5.083196928	-35.3125633
-5.032031547	-35.26799099
-5.094990223	-35.29027716
-5.564731193	-37.63036847
-5.646398699	-37.65265675
-5.544847791	-37.67494079
-5.618506625	-37.65265675
-5.558187062	-37.63036847
-6.102251115	-39.68073334
-6.048611725	-39.65844931
-6.073728643	-39.65844931
-6.139256174	-39.63616103
-6.068533449	-39.63616103
-6.660176895	-42.06539697
-6.630564161	-42.06539697
-6.6943474	-42.06539697
-6.590463318	-41.99854062
-6.625134564	-42.02082466
-7.159521657	-44.09347781
-7.107077916	-44.11576609
-7.172843683	-44.11576609
-7.107277191	-44.11576609
-7.119231758	-44.07118953
-7.122071423	-42.8677157
-7.194813721	-42.89000398
-7.14344683	-42.84542742
-7.167212895	-42.8677157
-7.14252263	-42.84542742
-7.693503175	-46.70100728
-7.732762211	-46.70100728
-7.729829935	-46.72329557
-7.713358474	-46.67872325
-7.752321153	-46.65643497
-8.142140825	-48.52850633
-8.167914966	-48.52850633
-8.132818983	-48.52850633
-8.203833595	-48.5062223
-8.104718693	-48.48393402
-8.652706925	-50.93545824
-8.709709713	-50.91317421
-8.676858126	-50.91317421
-8.673819826	-50.91317421
-8.685583421	-50.91317421
-9.174894829	-53.14183261
-9.168813756	-53.14183261
-9.164225328	-53.16411665
-9.111932959	-53.11954433
-9.194062885	-53.14183261
-9.648401579	-55.48192393
-9.678032197	-55.41506333
-9.681307456	-55.43734736
-9.638572609	-55.41506333
-9.678690698	-55.41506333
-9.729613692	-52.71671356
-9.709615324	-52.69442953
-9.722928408	-52.67214125
-9.750990376	-52.69442953
-9.698245807	-52.69442953
-9.649894224	-52.67214125
-9.750356785	-52.67214125
-9.695007593	-52.69442953
-9.74993141	-52.69442953
-9.704789299	-52.69442953
-9.988862436	-55.97055651
-10.01327998	-55.94826823
-10.02928519	-55.99284055
-9.999333301	-55.94826823
-9.995622448	-55.90369592
-10.64618415	-60.04900222
-10.63263347	-60.04900222
-10.70195616	-60.00442566
-10.62678169	-60.02671394
-10.61411752	-60.00442566
-10.71324201	-58.13235432
-10.66296985	-58.11006604
-10.67074284	-58.13235432
-10.68816533	-58.1546426
-10.65990153	-58.13235432
-11.15061361	-62.0325065
-11.14321745	-62.07707884
-11.14565601	-62.0325065
-11.20401796	-62.0325065
-11.14872178	-62.01021822
-11.64359627	-64.12744371
-11.68284572	-64.0828714
-11.63246499	-64.14973199
-11.70241936	-64.12744371
-11.67300845	-64.12744371
-12.13076036	-66.37839039
-12.15843656	-66.28924574
-12.1395029	-66.31152978
-12.0843549	-66.33381806
-12.18957834	-66.33381806
-12.21459115	-64.52860306
-12.15387495	-64.50631903
-12.20745303	-64.52860306
-12.14463423	-64.55089134
-12.19306948	-64.50631903
-12.38965527	-66.86869438
-12.40190811	-66.84641034
-12.39837737	-66.86869438
-12.32365574	-66.84641034
-12.43019745	-66.84641034
-12.74906638	-69.05278046
-12.78296863	-69.00820815
-12.73838858	-69.03049218
-12.74513071	-69.03049218
-12.7654133	-68.98591987
-13.30271415	-71.37058774
-13.21907241	-71.39286753
-13.28053078	-71.34829946
-13.23717576	-71.34829946
-13.22973489	-71.32601118
-13.32904907	-71.77174285
-13.31580113	-71.79403113
-13.32884979	-71.77174285
-13.36217338	-71.81631941
-13.35257243	-71.88317578
-13.73582753	-73.24265909
-13.6462957	-73.2203708
-13.7297637	-73.17579426
-13.74275871	-73.19808252
-13.64936274	-73.19808252
-14.18871637	-75.31530801
-14.23293364	-75.31530801
-14.17067051	-75.31530801
-14.19000016	-75.29301973
-14.25557943	-75.3375963
-14.22715723	-74.44613294
-14.18882112	-74.44613294
-14.24024421	-74.44613294
-14.19815126	-74.4907095
-14.19336484	-74.51298929
-14.26628661	-73.39866009
-14.2369268	-73.35409202
-14.2050454	-73.3763803
-14.22337868	-73.35409202
-14.26303562	-73.35409202
-14.8049645	-77.78912052
-14.75667487	-77.76683224
-14.77779799	-77.78912052
-14.80634026	-77.74454396
-14.7952358	-77.74454396
-15.33461626	-79.68348017
-15.3408717	-79.70576845
-15.31061771	-79.6389036
-15.3064917	-79.66119189
-15.34089086	-79.6389036
-15.87847785	-82.11271613
-15.79379631	-82.06814804
-15.86610748	-82.06814804
-15.86042304	-82.06814804
-15.86225867	-82.02357148
-16.30718164	-83.91793113
-16.26553961	-83.91793113
-16.36008652	-83.89564285
-16.29584214	-83.89564285
-16.36864256	-83.87335456
-16.34600444	-81.80070564
-16.37255013	-81.82299392
-16.37433338	-81.82299392
-16.33705496	-81.82299392
-16.41745337	-81.80070564
-16.6860974	-84.6311052
-16.70723713	-84.58652864
-16.70280838	-84.58652864
-16.70155525	-84.58652864
-16.72031389	-84.54195208
-17.05930702	-86.57003292
-17.12640384	-86.61460948
-17.09374194	-86.57003292
-17.13558069	-86.57003292
-17.12122908	-86.52546485
-17.64110744	-88.41982447
-17.72084671	-88.39753619
-17.62761169	-88.37524791
-17.64026563	-88.35295963
-17.70252876	-88.35295963
-17.6991577	-86.25802244
-17.66626843	-86.23573416
-17.73666095	-86.23573416
-17.68458893	-86.28031072
-17.66383626	-86.28031072
-18.28642924	-90.89362851
-18.18295584	-90.87134872
-18.19881606	-90.87134872
-18.26486414	-90.80448388
-18.18801435	-90.73762751
-18.29212645	-88.41982447
-18.32038897	-88.44210428
-18.21320855	-88.41982447
-18.28164537	-88.39753619
-18.28942986	-88.46439256
-18.57358155	-91.20564748
-18.53944682	-91.22792726
-18.55599684	-91.20564748
-18.62658863	-91.20564748
-18.54207954	-91.18335919
-18.952261	-93.05543056
-18.99240719	-93.03314228
-18.97146546	-93.07771884
-19.01027933	-93.010854
-18.96563668	-93.03314228
-19.68406164	-95.46237822
-19.60325574	-95.44009844
-19.64598995	-95.46237822
-19.68062415	-95.46237822
-19.5984591	-95.41781015
-19.65475548	-92.65427543
-19.67051224	-92.63198715
-19.7179409	-92.65427543
-19.64654817	-92.60969887
-19.73062933	-92.65427543
-20.06836932	-95.8858301
-20.06943723	-95.93039819
-20.06223396	-95.93039819
-20.10566691	-95.81896526
-20.03373512	-95.8858301
-20.51930629	-97.35673787
-20.51361164	-97.31216978
-20.48665334	-97.35673787
-20.50036498	-97.33445806
-20.52672672	-97.2898815
-21.18487619	-99.71911746
-21.21738224	-99.6745494
-21.19624251	-99.71911746
-21.22194384	-99.6745494
-21.2019525	-99.69682918
-21.23588285	-97.26759322
-21.22012865	-97.2898815
-21.25849926	-97.31216978
-21.23281709	-97.2898815
-21.2497746	-97.31216978
-21.78571629	-101.25689
-21.84040954	-101.2791783
-21.87088069	-101.2791783
-21.82517013	-101.25689
-21.87377784	-101.2346103
-21.84608631	-98.71622117
-21.90620596	-98.73850945
-21.93386172	-98.71622117
-21.88205285	-98.76079774
-21.90666583	-98.73850945
-21.97914817	-95.68497257
-21.92033403	-95.72954064
-21.9353665	-95.70725235
-22.0249226	-95.70725235
-21.97743135	-95.68497257
-21.94006478	-93.23344832
-21.98992178	-93.1665835
-21.97274584	-93.21116004
-21.98694288	-93.1665835
-21.9435291	-93.21116004
-21.92066104	-93.21116004
-21.9949803	-93.18887176
-22.00172242	-93.18887176
-21.93676398	-93.23344832
-21.88798766	-93.23344832
-21.78792109	-88.59783378
-21.79007734	-88.62012207
-21.70164025	-88.62012207
-21.7726638	-88.64241035
-21.83280133	-88.59783378
-21.73646223	-88.73155498
-21.73084166	-88.73155498
-21.76722718	-88.70926669
-21.74581025	-88.70926669
-21.69373568	-88.75384326
-21.54910567	-84.18509354
-21.50886239	-84.22966161
-21.48402714	-84.16280526
-21.50534954	-84.18509354
-21.54742461	-84.20738182
-21.21777313	-79.86149795
-21.20582047	-79.90606602
-21.24632689	-79.86149795
-21.25152081	-79.88377774
-21.237638	-79.88377774
-20.92449822	-75.4933258
-20.91795409	-75.4933258
-20.99287883	-75.51561408
-20.98334813	-75.47103752
-20.89594445	-75.4933258
-20.63591394	-70.9691484
-20.6302576	-70.94686012
-20.57012135	-70.99143243
-20.62919991	-70.94686012
-20.68711094	-70.99143243
-20.607562	-72.48463695
-20.60080965	-72.44006039
-20.57680727	-72.39549232
-20.57356778	-72.39549232
-20.58363626	-72.32862748
-20.23913115	-66.48954331
-20.16612507	-66.46725928
-20.18354755	-66.48954331
-20.24914087	-66.46725928
-20.21840658	-66.46725928
-20.14691933	-67.18042913
-20.17306519	-67.20271316
-20.2259803	-67.22500144
-20.18919367	-67.20271316
-20.18397037	-67.20271316
-19.88004066	-62.16594772
-19.86609271	-62.16594772
-19.87048825	-62.18823176
-19.85237852	-62.18823176
-19.88701272	-62.18823176
-19.54861359	-58.48866136
-19.54574455	-58.51094542
-19.53358112	-58.51094542
-19.58216328	-58.51094542
-19.62743824	-58.51094542
-19.1077847	-53.29588645
-19.13941318	-53.31817473
-19.08409145	-53.31817473
-19.06179312	-53.34045879
-19.12803536	-53.27359817
-19.04568763	-54.6330815
-19.05395753	-54.67765381
-19.06468643	-54.61079321
-19.06290701	-54.65536978
-19.02195989	-54.6330815
-19.03716097	-54.78908674
-19.03473646	-54.72222613
-19.10685092	-54.76680269
-19.06289935	-54.76680269
-19.03411054	-54.74451441
-19.03039202	-55.39333077
-19.08416554	-55.41561905
-19.05045617	-55.41561905
-19.05744995	-55.37104673
-19.04109537	-55.39333077
-18.848002	-51.782905
-18.83079284	-51.80519328
-18.85669856	-51.80519328
-18.89202	-51.782905
-18.91552292	-51.80519328
-18.6773743	-49.17537553
-18.62273087	-49.10851493
-18.63929367	-49.13080321
-18.66217194	-49.17537553
-18.67895062	-49.13080321
-18.24370653	-44.38375999
-18.19688208	-44.40604827
-18.19143396	-44.42833231
-18.25373286	-44.45062059
-18.24047598	-44.42833231
-18.22761637	-44.98549691
-18.19992229	-44.98549691
-18.20579451	-44.94092459
-18.16640071	-44.94092459
-18.20321544	-44.94092459
-17.77506859	-40.01558782
-17.7635311	-39.99330378
-17.7323957	-39.99330378
-17.79797369	-40.0378761
-17.81667102	-39.99330378
-17.39414092	-36.07086332
-17.32750524	-36.02629098
-17.3372978	-36.07086332
-17.32990931	-36.0040027
-17.38849352	-36.0931516
-16.84307862	-31.12324251
-16.85153246	-31.12324251
-16.73758693	-31.12324251
-16.76809001	-31.10095636
-16.84935449	-31.12324251
-16.23582851	-26.44305988
-16.26308827	-26.42077371
-16.28613005	-26.44305988
-16.22228039	-26.44305988
-16.23014407	-26.44305988
-15.71487458	-22.36461628
-15.71841426	-22.38690245
-15.74125421	-22.4091886
-15.77846876	-22.4091886
-15.74409771	-22.4091886
-15.72673015	-24.12525472
-15.70168029	-24.12525472
-15.67642094	-24.0806824
-15.69671248	-24.0806824
-15.75178256	-24.12525472
-15.69141637	-24.19211533
-15.72952638	-24.21440148
-15.71167213	-24.16982917
-15.68660184	-24.23668765
-15.70671326	-24.16982917
-15.69770502	-24.23668765
-15.69810612	-24.23668765
-15.68243623	-24.23668765
-15.68703616	-24.25897593
-15.68574087	-24.23668765
-15.71662717	-24.32583441
-15.72319941	-24.30354825
-15.6638858	-24.32583441
-15.64515142	-24.34812056
-15.68592226	-24.30354825
-15.47498614	-21.58458584
-15.54795773	-21.58458584
-15.51470696	-21.58458584
-15.4989783	-21.58458584
-15.50743854	-21.58458584
-15.04460768	-17.75129214
-15.05983558	-17.72900597
-15.08837147	-17.79586657
-15.03942015	-17.77357935
-15.0580996	-17.79586657
-14.38451272	-13.24940195
-14.34395649	-13.22711581
-14.43171784	-13.29397534
-14.40870416	-13.24940195
-14.39602595	-13.29397534
-13.59761263	-8.925805296
-13.60940433	-8.903518082
-13.67560441	-8.925805296
-13.60911563	-8.925805296
-13.5840645	-8.925805296
-13.60987696	-9.995561115
-13.60310929	-10.01784728
-13.55829675	-10.01784728
-13.59207253	-10.01784728
-13.62663903	-10.01784728
-13.14322028	-6.630286831
-13.12234242	-6.674860213
-13.11121114	-6.697146916
-13.10529166	-6.674860213
-13.09372606	-6.674860213
-13.02874462	-6.51885392
-13.00917865	-6.51885392
-13.04624758	-6.474281071
-13.08389645	-6.496567751
-12.98736574	-6.51885392
-11.42803084	0.144834496
-11.46564395	0.122547927
-11.46048324	0.167121087
-11.46894731	0.122547927
-11.42987669	0.189407656
-10.28936424	2.284346489
-10.26769248	2.239773374
-10.31428891	2.239773374
-10.30330964	2.284346489
-10.25552714	2.239773374
-9.591327895	3.376389255
-9.571450241	3.242669642
-9.554401395	3.220382962
-9.540641859	3.287242757
-9.561268708	3.264956344
-9.483045078	2.6857837
-9.571033808	2.574350789
-9.523577684	2.552064109
-9.506713422	2.618923904
-9.518354387	2.574350789
-9.496602146	2.642882004
-9.516695042	2.642882004
-9.554964729	2.620595323
-9.509028713	2.620595323
-9.481735741	2.598308888
-9.511209877	2.620595323
-9.553184031	2.598308888
-9.532495866	2.598308888
-9.536261009	2.620595323
-9.53248437	2.687455119
-9.51988216	2.534792176
-9.564297429	2.534792176
-9.490144879	2.490218793
-9.471959783	2.557078589
-9.464234694	2.512505473
-8.542470961	4.451438235
-8.577017021	4.629730697
-8.570548896	4.540584466
-8.566724993	4.473724915
-8.610002736	4.562871146
-7.362376934	5.966925721
-7.374065163	6.033785806
-7.395550426	5.989212423
-7.40023466	6.056072486
-7.382540086	5.922352872
-6.639333526	6.702383318
-6.588635355	6.724669998
-6.59153889	6.769242847
-6.54011771	6.746956166
-6.562004077	6.680096615
-4.939658773	8.975614569
-4.908604172	8.908755018
-4.898695683	8.864181635
-4.856258471	8.886468338
-4.850038481	8.9533284
-3.965182086	10.2236639
-4.000538658	10.26823623
-3.99591606	10.2236639
-4.033527886	10.20137668
-4.006297506	10.20137668
-3.982390927	9.555066383
-3.938250938	9.465919618
-3.96185637	9.39906009
-3.939833	9.488205787
-3.977447062	9.443633472
-3.23938907	11.31570588
-3.237944009	11.24884633
-3.284941227	11.22656019
-3.273176035	11.22656019
-3.302787173	11.22656019
-2.823594067	12.00659063
-2.853006249	12.00659063
-2.833979026	11.93973001
-2.845019931	11.91744387
-2.842241262	11.93973001
-2.828765629	11.38256541
-2.835045337	11.38256541
-2.851832636	11.38256541
-2.880846268	11.40485265
-2.839580753	11.56085894
-2.163873394	13.27692506
-2.133862909	13.29921227
-2.131468259	13.41064521
-2.19260999	13.38835797
-2.170017059	13.29921227
-1.165930193	15.43872391
-1.15983467	15.55015684
-1.181457254	15.48329729
-1.173256014	15.52787067
-1.221972695	15.50558346
-0.318008979	17.80110139
-0.373130175	17.82338967
-0.34808044	17.82338967
-0.3664011	17.73424186
-0.292497145	17.80110139
0.509141398	20.07433422
0.435112037	20.05204808
0.505038742	20.02975979
0.463200711	20.02975979
0.474566396	20.00747363
1.185310218	22.23613203
1.217700583	22.2584182
1.195291758	22.23613203
1.230984047	22.23613203
1.218558359	22.23613203
1.237385189	21.16637728
1.159792515	21.18866342
1.188480969	21.21094959
1.152327138	21.21094959
1.203547767	21.18866342
1.85964413	24.48707658
1.907040377	24.53165103
1.864008055	24.50936486
1.940279495	24.48707658
1.936316835	24.50936486
2.540567122	26.6488765
2.557878155	26.60430207
2.497871715	26.67116266
2.526359537	26.67116266
2.512750734	26.71573498
3.185209659	28.83296047
3.159374842	28.89982107
3.153031902	28.92210721
3.176622963	28.8775349
3.108937261	28.85524875
3.720937067	31.15076561
3.699387933	31.12847945
3.672417186	31.1061933
3.67387566	31.12847945
3.610215051	31.06161885
4.223681954	33.42399844
4.267436487	33.42399844
4.255336296	33.37942402
4.304775268	33.37942402
4.325724661	33.35713785
4.896783732	35.92009289
4.823876649	35.89780886
4.867571463	35.94238118
4.82711614	35.89780886
4.871395366	35.85323652
4.873888536	35.22921133
4.859744821	35.22921133
4.875208411	35.20692518
4.872304876	35.22921133
4.860280052	35.27378364
5.832853411	39.95396629
5.85082518	39.90939398
5.788899922	39.95396629
5.854465137	39.93167801
5.819367877	39.93167801
6.276580726	42.2940576
6.328662324	42.27176932
6.318094376	42.33862992
6.362237559	42.27176932
6.406779929	42.22719701
6.816884107	44.72329357
6.786137679	44.63414892
6.871992509	44.61186064
6.879506826	44.45585541
6.920884433	44.47814369
6.916708606	42.89579452
6.918164844	42.9180828
6.847302243	42.8512222
6.853260685	42.9180828
6.826093537	42.89579452
6.927822642	41.95975885
6.909775506	41.93747057
6.851611559	41.95975885
6.923660228	41.98204713
6.920159508	42.00433116
7.230656984	45.1467412
7.190667274	45.12445292
7.194368546	45.12445292
7.126159109	45.1467412
7.181480837	45.12445292
7.475773191	46.70680207
7.510469985	46.68451379
7.450848522	46.66222976
7.487661333	46.63994148
7.494079639	46.68451379
7.949027655	48.95774451
7.955433187	48.93546047
7.954973961	48.95774451
7.931632632	48.89088816
7.958601144	48.89088816
8.45055869	51.09725828
8.434892631	51.09725828
8.475007526	51.05268594
8.488491144	51.05268594
8.418165052	51.05268594
9.037690352	53.28134435
9.022422843	53.28134435
8.989310027	53.28134435
8.996189476	53.32591666
8.933851618	53.25905606
9.607789136	55.57686334
9.601182413	55.59914738
9.529732846	55.59914738
9.578446572	55.62143566
9.582537453	55.55457506
9.645422678	52.73810675
9.646681557	52.76039503
9.649523777	52.76039503
9.701669244	52.73810675
9.628041707	52.76039503
9.866920999	56.10338261
9.870884138	56.08109435
9.942332428	56.08109435
9.933671004	56.0588103
9.935589661	56.08109435
10.18233775	57.97545398
10.19522546	57.97545398
10.13764656	57.93088166
10.20361416	57.95316994
10.17928667	57.93088166
10.72167478	60.13725601
10.69596259	60.11496773
10.68775975	60.07039541
10.65868353	60.11496773
10.60130582	60.07039541
11.17397346	62.34362613
11.15070814	62.34362613
11.20318637	62.34362613
11.22247769	62.27676553
11.22770099	62.27676553
11.77441884	64.70600572
11.79134187	64.72828978
11.78512347	64.68371744
11.7288041	64.66142916
11.75319609	64.68371744
12.22345249	66.75637062
12.27071125	66.73408234
12.22272948	66.75637062
12.27004956	66.71179828
12.30686429	66.71179828
12.25796278	65.30774266
12.21612787	65.3300267
12.33317877	65.28545438
12.32399297	65.30774266
12.35518968	65.28545438
12.28791147	64.34941869
12.34191364	64.37170697
12.36345958	64.37170697
12.34918845	64.41627928
12.29875278	64.37170697
12.92303321	69.00731306
12.9004232	68.96274072
12.8550205	69.00731306
12.8673091	68.96274072
12.81753386	68.94045668
13.37783816	71.19139912
13.44776443	71.16911509
13.43217373	71.2136874
13.42093004	71.14682681
13.44182195	71.16911509
13.95705185	73.39776924
13.96887931	73.37548096
13.95949296	73.39776924
14.03814388	73.37548096
14.05869728	73.35320115
14.58094778	75.71557227
14.60890372	75.69329249
14.62436923	75.67100421
14.61544402	75.67100421
14.52489154	75.62642764
15.14271854	77.98880724
15.16050509	78.0333838
15.18071614	77.94423068
15.19440095	77.96651896
15.11587649	77.92195087
15.64016572	80.21746564
15.70625595	80.15060927
15.72840354	80.19517736
15.76508159	80.17288908
15.75496201	80.12832099
16.43107047	82.33469111
16.40654563	82.31240283
16.39425447	82.35697939
16.33179206	82.33469111
16.3767349	82.26783476
16.98028437	84.60792608
17.00711492	84.58563779
17.03328889	84.58563779
16.99791763	84.51877295
16.99243247	84.51877295
17.2622185	85.67767871
17.31542485	85.65539043
17.34397862	85.65539043
17.38773475	85.65539043
17.3774887	85.65539043
17.39340769	83.5827415
17.41541733	83.5827415
17.392548	83.5827415
17.41964425	83.56045322
17.3338501	83.56045322
17.79150493	86.8142962
17.79368801	86.8142962
17.81814004	86.79200791
17.87240535	86.79200791
17.81186033	86.79200791
18.45537205	88.97608973
18.4640967	88.97608973
18.42496604	88.95380995
18.39231309	88.93152167
18.30559538	88.93152167
18.51045107	86.14569866
18.41156993	86.14569866
18.39253792	86.16798694
18.36345275	86.12341038
18.44051841	86.12341038
18.767937	89.2881087
18.68036214	89.31038851
18.65967206	89.2881087
18.62457544	89.2881087
18.7032302	89.26582042
19.15565151	91.40533417
19.17647827	91.42761398
19.18209629	91.44990226
19.27648225	91.42761398
19.29465201	91.38304589
19.27509882	90.02356259
19.21257382	90.02356259
19.25064551	90.02356259
19.24278183	90.02356259
19.28680238	90.02356259
19.64821391	92.72024094
19.71682317	92.72024094
19.72480949	92.65337609
19.7238872	92.69795265
19.73921986	92.67566437
19.82711278	92.98767485
19.88751474	92.9208185
19.86908311	92.96539506
19.82790605	92.96539506
19.81706091	92.94310678
19.88910894	91.98477858
19.81963871	91.98477858
19.83530604	91.98477858
19.7862653	91.98477858
19.85076899	91.96249877
19.9021691	91.31618107
19.80004847	91.29390126
19.83031906	91.27161298
19.82655711	91.29390126
19.89000312	91.27161298
19.90595276	86.99759969
19.88731036	86.95303162
19.93324318	86.95303162
19.97442023	86.95303162
19.93608795	86.97531988
19.94874445	86.7078775
19.96460723	86.73016578
19.93896466	86.73016578
19.95535501	86.7078775
19.86737905	86.7078775
19.94754114	86.4384837
19.98111254	86.41620392
19.9199071	86.39391563
19.95057752	86.41620392
19.84957973	86.39391563
20.00029657	84.07611258
19.93796829	84.09839239
19.90842198	84.0538243
19.83017216	84.09839239
19.91668422	84.07611258
19.73511684	80.22052846
19.75500983	80.19824018
19.85448879	80.24281675
19.84622783	80.24281675
19.82765824	80.26510503
19.7997866	80.91141428
19.69496427	80.93370254
19.71941502	80.91141428
19.66105052	80.91141428
19.75066921	80.86683772
19.43003619	75.60721068
19.39718397	75.5849224
19.44457686	75.60721068
19.45786056	75.60721068
19.48363598	75.5849224
19.18187657	71.1276056
19.14500436	71.14988965
19.17607078	71.17217368
19.21189169	71.1276056
19.20858961	71.14988965
18.95621328	66.75943344
18.90089028	66.75943344
18.87927791	66.75943344
18.79070669	66.73714941
18.86355182	66.78172172
18.89508193	67.27202573
18.89025718	67.29431401
18.92534359	67.24973745
18.89865738	67.31659804
18.84181299	67.31659804
18.4998052	62.88156954
18.58037605	62.88156954
18.5888414	62.90385358
18.58711946	62.90385358
18.58698533	62.85928126
18.24248278	58.1345263
18.2245736	58.1345263
18.19476159	58.11223801
18.1868979	58.11223801
18.09231522	58.1345263
17.96510003	55.90586789
18.0060165	55.92815618
17.94289112	55.90586789
17.99074388	55.90586789
18.00330713	55.92815618
17.99468083	56.79510414
18.00669863	56.75052757
18.00973885	56.75052757
17.94199438	56.75052757
17.94775802	56.81738817
18.04760487	57.17397521
18.03742398	57.15168693
17.976741	57.10711461
17.94216811	57.0625423
17.87851644	57.08482633
17.74437773	53.07324121
17.79547765	53.11781778
17.7604449	53.11781778
17.73341251	53.11781778
17.64529732	53.07324121
17.24063679	49.1285167
17.29860019	49.10623266
17.29813649	49.1285167
17.37851446	49.1285167
17.38571773	49.1285167
16.93021021	45.09464755
16.99015486	45.07235927
16.97879237	45.11693158
17.05585548	45.11693158
17.03484349	45.16150389
17.00200021	45.67409618
16.93437199	45.60723558
16.93279312	45.62952387
16.89147938	45.60723558
16.96134433	45.62952387
16.51430471	40.21388311
16.46411175	40.05787786
16.49051182	40.25845542
16.44649766	40.2807437
16.52124995	40.25845542
16.03893998	35.55598876
15.98864227	35.55598876
16.01904955	35.60056108
15.96610124	35.53370048
16.05182897	35.57827491
15.50668615	31.47754303
15.53999824	31.47754303
15.52307266	31.45525688
15.6162106	31.4998292
15.64059748	31.4998292
15.02761567	26.7973604
14.99120333	26.84193272
15.06046918	26.84193272
15.06007318	26.84193272
15.11181435	26.77507423
14.49452514	22.49604884
14.45374791	22.51833713
14.50008823	22.54062329
14.52816425	22.45147653
14.52221922	22.49604884
14.49889769	23.05321345
14.48521416	23.03092728
14.4743077	23.05321345
14.47926658	23.07550173
14.44079761	23.05321345
13.95018836	18.10559266
13.86822131	18.03873206
13.91377091	18.1278788
13.85442792	18.17245325
13.90876349	18.21702557
13.91999952	19.21992186
13.95905737	19.19763569
13.90631599	19.21992186
13.90921825	19.17534952
13.83784341	19.24220801
13.2327189	13.55912909
13.21097113	13.55912909
13.23213385	13.64827585
13.20153241	13.62598864
13.24322936	13.58141633
12.47020313	9.280104769
12.48640314	9.346965365
12.46749887	9.324678151
12.49598749	9.324678151
12.51521367	9.280104769
11.43190265	4.86736188
11.45999144	4.86736188
11.45258762	4.86736188
11.51307133	4.889648049
11.54056485	4.86736188
10.89880062	2.504983864
10.90592852	2.415837366
10.8350161	2.482697184
10.84004013	2.460410482
10.86012727	2.438124068
10.88559867	3.129008016
10.84052554	3.151294696
10.86365418	3.129008016
10.82188058	3.129008016
10.90469839	3.10672158
10.88776514	3.426812583
10.87335733	3.426812583
10.8781182	3.426812583
10.91149289	3.404525881
10.85862505	3.471385698
10.22882113	0.574129829
10.15511631	0.507270055
10.17065974	0.574129829
10.13436939	0.551843238
10.18890423	0.618703011
6.018500166	-6.423857766
5.973222012	-6.423857766
6.044210437	-6.423857766
6.050753929	-6.423857766
6.054889518	-6.401571063
5.976550921	-6.022698925
6.002235644	-6.000412245
6.01115702	-6.000412245
6.021175684	-5.978126076
6.03250624	-6.000412245
4.432297356	-8.585656083
4.384404359	-8.607942763
4.399618218	-8.563369403
4.346476057	-8.563369403
4.372360055	-8.541083235
2.96221103	-10.88117455
2.993740506	-10.88117455
2.959333363	-10.90346072
2.996554623	-10.85888733
2.996544723	-10.90346072
1.813891421	-13.06525957
1.872651755	-13.06525957
1.839139911	-13.06525957
1.852822963	-13.06525957
1.836695443	-13.06525957
0.81210795	-15.29391797
0.821058786	-15.31620412
0.84043426	-15.2716318
0.813257692	-15.31620412
0.826977628	-15.29391797
-0.111598503	-17.47800299
-0.04866562	-17.43342961
-0.052168845	-17.43342961
-0.044530205	-17.41114344
-0.06499232	-17.43342961
-0.142274465	-16.31910041
-0.074761995	-16.34138762
-0.102418952	-16.31910041
-0.0599476	-16.29681424
-0.070164371	-16.31910041
-0.96396279	-19.84038152
-0.989212238	-19.84038152
-0.979628849	-19.84038152
-1.028407244	-19.84038152
-0.985935942	-19.81809535
-1.639647395	-21.93532084
-1.691041272	-21.95760699
-1.650353781	-21.93532084
-1.695196181	-21.91303256
-1.647738939	-21.91303256
-1.632321016	-21.0884298
-1.599206444	-21.0884298
-1.622085353	-21.13300211
-1.667851475	-21.11071597
-1.653905438	-21.11071597
-2.38902269	-24.29769832
-2.329338794	-24.29769832
-2.348072054	-24.27541215
-2.350451854	-24.27541215
-2.322360346	-24.27541215
-2.991288852	-26.48178228
-3.001731614	-26.48178228
-2.996473508	-26.45949611
-2.992337599	-26.43720996
-3.029124862	-26.45949611
-3.636432451	-28.73272896
-3.617291539	-28.71044068
-3.632956959	-28.71044068
-3.599012555	-28.68815451
-3.612268156	-28.71044068
-4.153539488	-31.09510642
-4.148515466	-31.09510642
-4.131066473	-31.09510642
-4.14761873	-31.07282027
-4.175935859	-31.05053199
-4.804031569	-33.19004574
-4.817715739	-33.19004574
-4.755443028	-33.14547131
-4.773948432	-33.14547131
-4.738005213	-33.19004574
-5.331919241	-35.44099029
-5.307122951	-35.39641586
-5.313838254	-35.41870414
-5.28577437	-35.39641586
-5.310626227	-35.39641586
-5.877689584	-37.71422314
-5.898404574	-37.69193486
-5.880332528	-37.71422314
-5.909102816	-37.64736255
-5.879897573	-37.69193486
-6.445199712	-39.83144861
-6.42562608	-39.78687205
-6.469152916	-39.80916033
-6.446736427	-39.76458802
-6.468265761	-39.83144861
-6.999711636	-42.03781873
-6.998416989	-42.01553045
-7.016897803	-42.03781873
-6.992280988	-42.06010701
-7.01884137	-42.01553045
-7.46011799	-44.17733248
-7.441810264	-44.17733248
-7.456151657	-44.17733248
-7.446567309	-44.17733248
-7.47115666	-44.17733248
-7.472322928	-42.88470977
-7.461642569	-42.86242149
-7.486637495	-42.90699381
-7.462249974	-42.90699381
-7.493172045	-42.86242149
-8.009743212	-46.53970785
-8.065061747	-46.53970785
-8.00518161	-46.53970785
-8.041325062	-46.49513554
-8.013696772	-46.49513554
-8.546317857	-48.65693332
-8.502969218	-48.70150564
-8.51343178	-48.63464929
-8.499719508	-48.65693332
-8.520862428	-48.61236101
-8.982348825	-50.99702463
-9.014141446	-50.99702463
-9.005011853	-50.95245232
-9.02044798	-50.9747406
-8.981887683	-50.99702463
-9.484745939	-53.22568304
-9.513978646	-53.15882244
-9.453433621	-53.15882244
-9.477190106	-53.13653841
-9.471742625	-53.15882244
-9.933040606	-55.27604791
-9.960904576	-55.29833619
-9.937602847	-55.27604791
-9.974192112	-55.29833619
-9.997974784	-55.25376388
-10.05323583	-52.74206467
-10.00880396	-52.80892528
-10.0469293	-52.76435295
-10.04391527	-52.74206467
-10.03757105	-52.74206467
-10.54737007	-57.75654607
-10.54432986	-57.75654607
-10.53672931	-57.75654607
-10.5517324	-57.75654607
-10.53781255	-57.73425779
-10.99838944	-59.89605982
-11.0116757	-59.89605982
-11.05067095	-59.89605982
-11.02435647	-59.85148326
-11.05743352	-59.82919922
-11.43761008	-62.16929054
-11.42952029	-62.19157459
-11.45590886	-62.12471822
-11.45720415	-62.14700226
-11.45065874	-62.14700226
-11.97354666	-64.37566066
-11.95744756	-64.35337663
-11.96137558	-64.33108834
-11.93761845	-64.35337663
-11.90234172	-64.28651603
-12.4797581	-66.51517441
-12.50764379	-66.47060209
-12.45579404	-66.49288613
-12.50066406	-66.44831381
-12.44319757	-66.47060209
-12.47835551	-64.79910829
-12.44394613	-64.77682001
-12.47118034	-64.77682001
-12.45289944	-64.75453173
-12.47641131	-64.82139235
-12.8694066	-68.36496174
-12.85504477	-68.43181809
-12.89704319	-68.40953406
-12.87202911	-68.43181809
-12.89573258	-68.45410637
-12.99055413	-68.32038518
-12.93523624	-68.32038518
-12.9805674	-68.27581286
-12.93721621	-68.32038518
-12.95614986	-68.29810114
-13.04019525	-66.38145322
-12.99052858	-66.4037415
-13.00622019	-66.38145322
-12.94874221	-66.35916918
-12.98358718	-66.4037415
-13.52370087	-71.01706353
-13.51655636	-70.97249121
-13.57032987	-70.99477525
-13.52201214	-70.99477525
-13.56467482	-70.97249121
-14.05351869	-73.04514437
-14.04568439	-73.02285609
-14.03024443	-73.00056781
-14.0341405	-73.00056781
-14.01234164	-73.04514437
-14.54179796	-75.3629474
-14.5500883	-75.34065912
-14.53266581	-75.31837084
-14.5171722	-75.34065912
-14.54592525	-75.34065912
-15.08256057	-77.56931752
-15.08301404	-77.52474945
-15.08363869	-77.50246117
-15.10716589	-77.50246117
-15.09408146	-77.50246117
-15.12934669	-75.74182272
-15.16070436	-75.71953446
-15.10932086	-75.74182272
-15.12827623	-75.69724618
-15.08974723	-75.69724618
-15.1252258	-75.65266962
-15.08233447	-75.65266962
-15.1095674	-75.65266962
-15.10959678	-75.63038981
-15.13900896	-75.63038981
-15.70077845	-79.68654301
-15.69839737	-79.68654301
-15.72194883	-79.61968664
-15.7097011	-79.68654301
-15.73807603	-79.61968664
-16.26958131	-81.93748967
-16.26892089	-81.93748967
-16.29462094	-81.89291311
-16.28701912	-81.89291311
-16.28655798	-81.89291311
-16.86924492	-84.34443736
-16.82503148	-84.34443736
-16.87078802	-84.27758099
-16.80809185	-84.25529271
-16.83027522	-84.27758099
-17.03948685	-85.32505384
-17.05079058	-85.32505384
-17.07802223	-85.32505384
-17.06886198	-85.30276556
-17.0675948	-85.258189
-17.11346886	-83.05181888
-17.10761581	-83.02953059
-17.10669991	-83.07410716
-17.07208615	-83.00724231
-17.09733144	-83.00724231
-17.51026954	-86.14965235
-17.51046881	-86.14965235
-17.54229017	-86.12736407
-17.57144049	-86.12736407
-17.55077851	-86.10508429
-18.02284499	-88.48974367
-18.02697228	-88.46745539
-18.03044298	-88.48974367
-18.00625154	-88.48974367
-18.02762375	-88.42288732
-18.06340762	-86.46166283
-18.05906317	-86.39480648
-18.08693864	-86.46166283
-18.06472973	-86.46166283
-18.08650432	-86.43938304
-18.60342422	-90.673834
-18.57558963	-90.62925744
-18.57969648	-90.673834
-18.58213504	-90.62925744
-18.57297606	-90.60696916
-18.65779812	-88.33374267
-18.64150357	-88.31145438
-18.62734996	-88.26687782
-18.59449773	-88.26687782
-18.61951949	-88.2891661
-18.98624756	-90.8075467
-18.92484412	-90.8075467
-18.95815749	-90.8075467
-18.91614501	-90.78526691
-18.91809944	-90.8075467
-19.49414389	-93.08078166
-19.53532095	-93.08078166
-19.49069363	-93.0362051
-19.52117627	-93.08078166
-19.48288487	-92.99163703
-19.95630795	-95.08657422
-19.9685263	-95.04199766
-19.99377543	-95.04199766
-20.01142529	-95.04199766
-20.02887205	-95.04199766
-20.03466124	-92.23389487
-20.07015641	-92.23389487
-20.07580763	-92.25617468
-20.07385704	-92.23389487
-20.08301218	-92.25617468
-20.42289565	-95.30944007
-20.40724492	-95.24258372
-20.42334658	-95.2648635
-20.39852027	-95.24258372
-20.4122434	-95.2648635
-21.03925491	-97.27065606
-21.00113085	-97.31523262
-21.03380935	-97.29294434
-21.01294043	-97.22608799
-21.01552717	-97.27065606
-21.43873302	-98.87529349
-21.43112354	-98.83071693
-21.46858846	-98.78614886
-21.45662431	-98.78614886
-21.45575568	-98.7415723
-21.75094285	-99.6999005
-21.74420328	-99.6999005
-21.73218548	-99.74446859
-21.73546841	-99.65532394
-21.7378597	-99.6999005
-21.77480728	-96.86950093
-21.79308435	-96.89178922
-21.81658344	-96.9140775
-21.81462901	-96.89178922
-21.84883273	-96.86950093
-21.82572453	-94.90828494
-21.87384426	-94.90828494
-21.83508022	-94.93056475
-21.85858697	-94.95285303
-21.84203184	-94.97514131
-21.91134367	-94.41797671
-21.89631121	-94.44026499
-21.89108919	-94.44026499
-21.88606389	-94.44026499
-21.85668364	-94.41797671
-21.88526934	-94.12825452
-21.90291793	-94.12825452
-21.88156743	-94.12825452
-21.9342756	-94.10596624
-21.89029209	-94.12825452
-21.90118833	-93.83406956
-21.9114101	-93.90092593
-21.87746442	-93.87863765
-21.87939074	-93.92321421
-21.8765779	-93.90092593
-21.82820779	-93.78949299
-21.85087657	-93.78949299
-21.8460812	-93.76720471
-21.88528467	-93.81178128
-21.8445611	-93.76720471
-21.83962521	-92.3854416
-21.83746385	-92.31857676
-21.84271397	-92.29629697
-21.84557535	-92.22943213
-21.89437978	-92.20714384
-21.75096329	-88.30699164
-21.71375257	-88.30699164
-21.74355947	-88.30699164
-21.71960818	-88.32927992
-21.75772841	-88.28471185
-21.76155551	-88.39614477
-21.7273569	-88.41842457
-21.75417979	-88.37385648
-21.71929394	-88.41842457
-21.7323822	-88.41842457
-21.53226695	-84.45141602
-21.55338241	-84.42912774
-21.49065686	-84.42912774
-21.52749202	-84.36227137
-21.49197769	-84.42912774
-21.26584176	-79.70437702
-21.31135432	-79.72665681
-21.24643292	-79.79352165
-21.28673878	-79.74894509
-21.24492942	-79.72665681
-20.99336552	-75.09105074
-20.96048647	-75.11333903
-20.9750578	-75.09105074
-20.92341882	-75.15790709
-20.94694984	-75.15790709
-20.94837031	-76.65111161
-20.91307442	-76.65111161
-20.95878625	-76.67339989
-20.92506667	-76.62882335
-20.97623556	-76.67339989
-20.56659572	-70.65602222
-20.57766824	-70.67830628
-20.5545958	-70.63373396
-20.59246822	-70.63373396
-20.54869037	-70.70059456
-20.24745853	-66.51071591
-20.28099545	-66.48843188
-20.23506262	-66.48843188
-20.2666234	-66.51071591
-20.20826401	-66.51071591
-20.29723506	-66.97873588
-20.28526069	-66.93416355
-20.26503431	-66.93416355
-20.28113468	-66.9564476
-20.24979873	-66.91187526
-19.73280602	-59.89160132
-19.73975509	-59.93617364
-19.70340151	-59.93617364
-19.71447786	-59.95846192
-19.68858492	-59.89160132
-19.51502686	-57.19492297
-19.47299139	-57.19492297
-19.50957363	-57.17263892
-19.49849728	-57.15035064
-19.49953325	-57.21721125
-19.30166878	-55.18913042
-19.33738878	-55.16684636
-19.3391452	-55.18913042
-19.36244119	-55.16684636
-19.34657968	-55.16684636
-19.28563228	-55.43428452
-19.27538751	-55.43428452
-19.31783047	-55.47885686
-19.29587576	-55.43428452
-19.30347758	-55.43428452
-19.27370134	-56.30680243
-19.30203667	-56.21765778
-19.2795825	-56.30680243
-19.28653412	-56.351379
-19.2504258	-56.2622301
-19.11229521	-53.56555599
-19.1110012	-53.54326771
-19.12753717	-53.58784003
-19.14234226	-53.58784003
-19.15126491	-53.58784003
-18.72896346	-48.9076574
-18.73525339	-48.95222971
-18.73241245	-48.95222971
-18.77011241	-48.92994568
-18.71392972	-48.92994568
-18.63917104	-50.24485242
-18.6134761	-50.17799183
-18.65509002	-50.20028011
-18.6500941	-50.17799183
-18.63024711	-50.24485242
-18.35223844	-46.14412268
-18.37357999	-46.14412268
-18.37946371	-46.14412268
-18.40778116	-46.1218344
-18.38666953	-46.14412268
-18.23427675	-44.38348
-18.21815849	-44.42805656
-18.23665655	-44.38348
-18.17657649	-44.38348
-18.20137215	-44.42805656
-18.1737892	-44.91836057
-18.20666442	-44.89607228
-18.17791649	-44.89607228
-18.20577663	-44.91836057
-18.18462924	-44.91836057
-17.66063253	-38.78954996
-17.72180604	-38.81183401
-17.68852588	-38.78954996
-17.72398784	-38.81183401
-17.67914592	-38.8341223
-17.34018346	-36.1597322
-17.33496399	-36.1597322
-17.33519137	-36.13744392
-17.3600164	-36.1597322
-17.37940864	-36.13744392
-16.86401141	-31.21211142
-16.81609222	-31.21211142
-16.81956803	-31.23439759
-16.80149535	-31.25668373
-16.8060825	-31.23439759
-16.80304995	-31.70241542
-16.81523764	-31.68012925
-16.80894771	-31.63555483
-16.81088681	-31.72470157
-16.80304995	-31.70241542
-16.27178482	-26.62107342
-16.27680885	-26.62107342
-16.28765655	-26.66564787
-16.26610039	-26.62107342
-16.27350421	-26.62107342
-15.80760247	-22.38662246
-15.75665201	-22.43119691
-15.79564982	-22.43119691
-15.76471625	-22.43119691
-15.80305236	-22.43119691
-15.76033093	-23.07750828
-15.79972473	-23.07750828
-15.75140828	-23.07750828
-15.80870231	-23.03293383
-15.75143638	-23.05521999
-15.70880692	-23.94668335
-15.70552783	-23.92439718
-15.70921186	-23.99125778
-15.70791912	-23.96897163
-15.72992876	-23.96897163
-15.08162551	-17.66186752
-15.1051246	-17.68415366
-15.10119659	-17.7064409
-15.13824124	-17.68415366
-15.11316073	-17.7064409
-14.4628047	-13.29369748
-14.48743812	-13.20455071
-14.45626312	-13.29369748
-14.46980103	-13.2491241
-14.45628994	-13.27141026
-13.73070004	-8.970099753
-13.7028169	-9.014673135
-13.76208836	-8.925526392
-13.71394946	-8.992385921
-13.75314399	-8.992385921
-13.21699408	-6.69686799
-13.21067477	-6.674581821
-13.21587763	-6.741441372
-13.21851036	-6.69686799
-13.26054838	-6.69686799
-13.26095332	-7.320892653
-13.22021824	-7.387752204
-13.27728746	-7.365465502
-13.18994637	-7.387752204
-13.2368002	-7.343179333
-13.21830086	-7.387752204
-13.24312334	-7.410038884
-13.24421041	-7.387752204
-13.23397586	-7.432325564
-13.27795809	-7.410038884
-13.11344915	-6.56314891
-13.08403441	-6.56314891
-13.12434539	-6.518575528
-13.11301483	-6.540862208
-13.13105941	-6.540862208
-11.54003473	0.100539906
-11.56482399	0.078253337
-11.55774336	0.122826497
-11.55530224	0.100539906
-11.57010733	0.100539906
-10.43792035	2.195478784
-10.39514974	2.262338446
-10.43440558	2.284625148
-10.38324818	2.284625148
-10.40387439	2.262338446
-9.607884303	3.332094532
-9.603246694	3.398954349
-9.569072996	3.42124103
-9.587381361	3.42124103
-9.591942325	3.42124103
-9.612627935	2.801116767
-9.574569657	2.711970269
-9.613641554	2.645110718
-9.564524168	2.689683834
-9.595181178	2.778830065
-9.462296876	3.425141164
-9.420060216	3.425141164
-9.44722928	3.402854483
-9.400894075	3.425141164
-9.427062934	3.447427599
-9.352762844	3.492000715
-9.376967058	3.402854483
-9.331152395	3.469714279
-9.334193889	3.469714279
-9.325011284	3.447427599
-9.325977	3.58114719
-9.334761694	3.625720306
-9.319757969	3.625720306
-9.332120666	3.603433626
-9.293186729	3.625720306
-9.293794133	2.533677807
-9.261862914	2.578250923
-9.241772574	2.55596422
-9.265900782	2.533677807
-9.235093039	2.600537336
-9.188122327	3.402854483
-9.197764796	3.447427599
-9.158570908	3.447427599
-9.155728688	3.447427599
-9.162012229	3.425141164
-9.245487259	3.425141164
-9.205894183	3.447427599
-9.203912293	3.447427599
-9.213036776	3.425141164
-9.196247881	3.425141164
-9.205894183	3.447427599
-9.269278233	3.447427599
-9.252814437	3.492000715
-9.28560407	3.447427599
-9.240850928	3.492000715
-8.81667489	3.759718311
-8.817473266	3.715145196
-8.843907824	3.759718311
-8.813895901	3.782005014
-8.837103103	3.737431898
-8.761295679	3.67057208
-8.796452338	3.715145196
-8.781709841	3.737431898
-8.82342085	3.692858783
-8.758516691	3.692858783
-8.758316777	3.692858783
-8.808818228	3.67057208
-8.75811878	3.692858783
-8.782185034	3.6482854
-8.745094389	3.715145196
-8.379181935	2.556242879
-8.363517792	2.556242879
-8.41355363	2.556242879
-8.376353767	2.467096648
-8.404855161	2.355663737
-8.681808698	1.954505163
-8.653192337	1.909931914
-8.670377866	1.909931914
-8.6378501	1.976791732
-8.672622261	1.932218483
-8.558159374	2.756822044
-8.579845828	2.712248928
-8.584607983	2.689962493
-8.598815887	2.712248928
-8.607477312	2.689962493
-8.034644249	4.740327899
-8.048190459	4.762614601
-8.020760166	4.762614601
-8.047268813	4.740327899
-8.02209569	4.67346837
-7.419260286	5.676364638
-7.457994948	5.654077958
-7.432209949	5.72093802
-7.446690578	5.676364638
-7.418923051	5.72093802
-6.712892723	6.768407159
-6.664512398	6.746120457
-6.686658078	6.72383431
-6.638017802	6.679260928
-6.69333953	6.679260928
-4.909464183	8.930205477
-4.927248812	8.885632628
-4.889175525	8.907919308
-4.923025083	8.841059779
-4.908866678	8.952492691
-4.905017546	8.061029334
-4.946453913	8.105602183
-4.924384558	8.061029334
-4.963840952	8.083315503
-4.909118965	8.038742654
-3.300222469	11.15886388
-3.312435071	11.27029679
-3.317794092	11.22572448
-3.326120198	11.24801064
-3.326594114	11.15886388
-2.120624872	13.4098095
-2.124065076	13.38752228
-2.115142263	13.38752228
-2.125248908	13.43209566
-2.121162499	13.34294994
-1.073745516	15.7276136
-1.039435376	15.77218698
-1.050876028	15.7276136
-1.015382614	15.7276136
-1.050353331	15.68304128
-0.135103479	17.84484013
-0.098276178	17.93398476
-0.107274218	17.86712628
-0.08558912	17.91169862
-0.140848325	17.88941245
0.734959573	20.18493145
0.693246728	20.140357
0.726758332	20.140357
0.684921739	20.16264316
0.721536233	20.140357
1.438196463	22.12386341
1.395897689	22.14614955
1.421608918	22.14614955
1.4401156	22.14614955
1.419812092	22.05700281
1.425933882	21.36611913
1.412909171	21.34383296
1.416872311	21.32154681
1.408087298	21.36611913
1.438359012	21.36611913
2.151682668	24.57538763
2.17811499	24.53081532
2.172892811	24.53081532
2.172568989	24.57538763
2.153924348	24.53081532
2.786647448	26.55889404
2.753549003	26.67032695
2.780903929	26.60346636
2.755992034	26.64804081
2.78758538	26.64804081
3.37184672	29.0549906
3.418904934	29.03270444
3.365303867	29.0549906
3.394454821	29.07727675
3.371509486	29.01041827
4.04196321	31.43965635
4.068135262	31.41736806
4.034821255	31.41736806
4.071099793	31.3505096
4.027418391	31.41736806
4.575867126	33.46773507
4.607259601	33.4454489
4.594497715	33.40087448
4.619947077	33.42316062
4.587954862	33.40087448
5.087305053	35.56267439
5.100790586	35.58496054
5.074282578	35.54038611
5.100454949	35.54038611
5.079565274	35.51809994
5.59283276	37.90276571
5.612461959	37.88047743
5.581728304	37.90276571
5.61656178	37.90276571
5.592034384	37.85819339
6.140344521	39.86398595
6.099904527	39.95313058
6.1433247	39.90855827
6.103729707	39.88626998
6.152846455	39.9308423
6.738421603	42.31551018
6.742783931	42.31551018
6.750708933	42.27093361
6.771795009	42.29322189
6.731940065	42.29322189
7.267182379	44.4550197
7.249919568	44.36587505
7.273448675	44.36587505
7.268963716	44.43273567
7.267765513	44.36587505
7.290268866	43.11782465
7.273943029	43.11782465
7.320541378	43.11782465
7.248630669	43.14011294
7.323383598	43.11782465
7.838153628	46.86197161
7.793337255	46.83968333
7.815086302	46.86197161
7.813091	46.77282698
7.832595013	46.8173993
8.311976536	48.89005245
8.287523228	48.91233648
8.321758881	48.89005245
8.306615918	48.84547589
8.317134685	48.91233648
8.369657625	47.75343497
8.33548712	47.75343497
8.365096661	47.75343497
8.340510504	47.75343497
8.379043337	47.75343497
8.817816887	51.11871085
8.842804787	51.14099489
8.825280747	51.09642257
8.857733146	51.07413429
8.843587835	51.07413429
9.377287047	53.5479468
9.39995774	53.5479468
9.358444089	53.50337448
9.394996949	53.52565851
9.373771637	53.45880217
9.993016548	55.53145107
9.999297534	55.55373935
9.98765593	55.48687876
9.969549395	55.50916704
9.987595253	55.53145107
10.08902417	52.83059844
10.08749193	52.74144957
9.96289924	52.71916553
10.05259266	52.71916553
10.06607883	52.74144957
10.34752116	56.08443717
10.31969232	56.06215311
10.25524356	56.0175808
10.2668858	56.08443717
10.30998151	56.10672545
10.61587715	57.95651276
10.55995568	57.91194044
10.55367405	57.88965216
10.57416294	57.88965216
10.61487886	57.88965216
11.14100244	60.11831057
11.09770745	60.07373823
11.00754969	60.05144995
11.06320865	60.09602228
11.10134549	60.09602228
11.63342943	62.32468066
11.56950951	62.28010835
11.62939539	62.30239663
11.66898463	62.30239663
11.5944329	62.32468066
11.69592504	61.12120683
11.59796875	61.07663452
11.65065903	61.16577915
11.70028354	61.07663452
11.61403463	61.12120683
12.18595563	64.70934854
12.15132015	64.68706026
12.20096127	64.70934854
12.21906972	64.70934854
12.16625298	64.68706026
12.7435148	66.67056456
12.78673442	66.62599222
12.73054916	66.60370819
12.69909314	66.6482805
12.67238649	66.62599222
12.79567751	64.79849319
12.71419586	64.93221439
12.76626788	64.82078147
12.79992104	64.88763782
12.78907589	64.84306551
13.02705845	67.00486331
13.02547703	67.0271516
12.91080848	67.07172391
12.98621735	67.0271516
13.03135563	67.00486331
13.354196	68.96608353
13.38519089	68.96608353
13.32755067	68.92151122
13.36886313	68.92151122
13.36126259	68.89922294
13.8736541	71.21703022
13.90094963	71.19474194
13.86849595	71.21703022
13.90338946	71.15016962
13.89222752	71.17245366
14.50665663	73.35654399
14.50784972	73.37882378
14.43269888	73.37882378
14.4609729	73.28967915
14.39825374	73.31196743
15.03247747	75.71891509
15.0799981	75.71891509
15.03544487	75.67434702
15.01303541	75.65205874
14.96029275	75.65205874
15.64694489	77.6578513
15.72163715	77.68013958
15.68514305	77.63556302
15.62737637	77.63556302
15.60126883	77.61327474
16.19574364	79.86422142
16.22813344	79.86422142
16.18273202	79.90879798
16.15073565	79.84193314
16.24590594	79.84193314
16.24453273	77.94757349
16.25081244	77.94757349
16.23706248	77.94757349
16.23759005	77.92529368
16.23765264	77.92529368
16.95689642	82.31574564
16.94882835	82.29345736
16.89124817	82.2488893
16.94927799	82.22660102
16.98887235	82.22660102
17.5195933	84.61126889
17.6109301	84.58898061
17.58680508	84.56669233
17.48706425	84.54440405
17.57173685	84.56669233
18.2535949	86.75077417
18.18346041	86.6839178
18.26012498	86.66162952
18.25397939	86.66162952
18.22053445	86.63934123
18.93940906	88.82343157
18.93960706	88.84571985
18.88243054	88.82343157
18.92049968	88.80114329
18.95149712	88.75656673
18.99959769	84.70041352
19.01215455	84.70041352
18.97024555	84.67812524
19.01386755	84.67812524
18.98347049	84.7227018
19.44836436	89.71489493
19.33983883	89.71489493
19.47070612	89.73718321
19.38551107	89.73718321
19.44511975	89.69260665
19.44395093	88.3554116
19.43489287	88.31083504
19.44323048	88.37769988
19.40198189	88.3554116
19.43020609	88.3554116
19.35968838	87.88739165
19.50318151	87.90967993
19.40271895	87.93196821
19.51078588	87.93196821
19.44013022	87.95425647
19.82868016	90.94065704
19.78703557	90.91836876
19.90322934	90.91836876
19.72311437	90.87379219
19.86389813	90.85151241
19.85394334	89.58117371
19.82492843	89.58117371
19.91079028	89.60346199
19.76788732	89.58117371
19.87913115	89.62575027
19.83781997	85.79106302
19.95665285	85.76877473
19.90226362	85.79106302
19.93630256	85.79106302
19.91085032	85.74648645
19.96699086	85.45676426
19.85218435	85.45676426
19.96401579	85.45676426
19.90810263	85.47905254
19.95298415	85.50134082
19.74271483	80.04112775
19.75395341	80.06340754
19.83194647	80.08569582
19.76261803	80.08569582
19.82606404	80.06340754
19.57370049	76.18554363
19.5183034	76.14097555
19.54090958	76.16325535
19.55023078	76.16325535
19.52492162	76.18554363
19.24194385	71.30478344
19.1347992	71.30478344
19.25893202	71.32707173
19.17577826	71.28249516
19.25106706	71.32707173
18.97254231	66.64688483
18.87399841	66.64688483
18.87016237	66.64688483
18.88504027	66.66917311
18.91174053	66.66917311
18.91464534	67.13719308
18.92575235	67.1817654
18.92297273	67.1149048
18.84181554	67.20404943
18.85509925	67.1817654
18.57174593	62.90274212
18.68423012	62.88045384
18.51258305	62.88045384
18.61998701	62.85816556
18.5617592	62.88045384
18.25311332	57.88826074
18.1252211	57.88826074
18.24875099	57.86597246
18.15892919	57.88826074
18.27221942	57.91054477
18.07042694	55.52588114
17.95291106	55.54816942
17.9932297	55.57045346
17.99184244	55.57045346
18.02078837	55.52588114
17.97597328	56.35104387
17.93802805	56.32875559
17.97649957	56.32875559
17.91741206	56.35104387
17.9675156	56.3733279
17.94743228	56.9304925
17.94835457	56.9304925
17.91147469	56.9304925
17.97486194	56.95278078
17.92448759	56.90820845
17.99729823	57.1756466
17.92207458	57.13107429
17.94191135	57.1756466
17.9672895	57.15335832
17.93067021	57.15335832
17.77687995	53.45378793
17.75162827	53.43149965
17.68275841	53.43149965
17.72294165	53.40921137
17.68493766	53.43149965
17.29178652	49.10790406
17.43184599	49.13018811
17.37268184	49.08561578
17.36211389	49.10790406
17.35735685	49.13018811
16.97437894	44.76202019
16.96921952	44.73973191
17.04290901	44.69515959
16.90835131	44.78430422
17.06405768	44.69515959
17.00974382	45.31918479
16.97750474	45.38604116
16.95904756	45.27460823
16.98417278	45.31918479
16.99679096	45.31918479
16.58026209	40.21555451
16.56593219	40.28241512
16.51899278	40.21555451
16.5765474	40.10412159
16.58846557	40.21555451
16.15563832	36.3376906
16.15703708	36.35997464
16.10752242	36.3376906
16.16145689	36.3376906
16.14493241	36.3376906
15.59978321	31.74665261
15.72213533	31.8135132
15.62509876	31.76894089
15.66807057	31.8135132
15.65272769	31.76894089
15.13624467	27.08875826
15.05065362	27.08875826
15.14020972	27.06646998
15.10129878	27.22247734
15.12666415	27.11104441
14.50943753	22.2971427
14.53970302	22.27485442
14.52960005	22.36400118
14.57097893	22.34171502
14.56523062	22.36400118
14.61846124	23.0325987
14.47562087	22.98802638
14.56168966	23.07717315
14.56373479	23.0325987
14.47728022	23.0325987
13.91958437	18.10726406
14.03254631	18.17412465
13.98634778	18.15183637
13.88991287	18.12955022
13.99685442	18.12955022
13.31312753	13.82823974
13.30756444	13.73909402
13.28217991	13.73909402
13.34656608	13.78366635
13.30274097	13.76138018
13.28359271	14.89799555
13.27725169	14.92028277
13.24689934	14.85342322
13.2695068	14.85342322
13.30711096	14.831136
12.55168861	9.259490019
12.5037707	9.237203851
12.51249664	9.281777233
12.56385586	9.281777233
12.47607663	9.259490019
12.07598664	6.963972066
12.02602617	7.008545448
11.97466694	6.986258768
12.10130092	6.963972066
12.04597664	6.963972066
11.55067166	4.869033277
11.58022435	4.935892828
11.56515612	4.935892828
11.54942747	4.958179508
11.59397175	4.935892828
11.1348032	3.197539231
11.05661215	3.197539231
11.11259685	3.219825911
11.06401469	3.197539231
11.06943599	3.219825911
11.11827234	3.976455574
11.09799486	4.087888486
11.01806782	3.954168872
11.02752826	4.02102869
11.07643359	3.976455574
10.11497395	0.343742264
10.1406855	0.343742264
10.1227776	0.388315446
10.10724759	0.388315446
10.14332589	0.321455673
5.915189637	-6.49823917
5.939380438	-6.49823917
5.884348042	-6.520525851
5.966466471	-6.542812019
5.957054573	-6.520525851
5.903341733	-6.119367032
5.921151272	-6.141653712
5.915070838	-6.141653712
5.91450942	-6.119367032
5.9669538	-6.141653712
4.287310308	-8.68232419
4.259917698	-8.660037488
4.373628835	-8.68232419
4.360343853	-8.68232419
4.273173938	-8.637751342
2.855315792	-10.88869589
2.9184648	-10.9109831
2.896492846	-10.88869589
2.881969105	-10.95555542
2.933506209	-10.88869589
1.727881546	-13.07278091
1.739818549	-13.05049474
1.733329986	-13.09506812
1.742715058	-13.09506812
1.698035207	-13.09506812
1.738184912	-11.91387939
1.721877278	-11.98073892
1.715477174	-11.93616554
1.691748793	-11.93616554
1.67806606	-11.93616554
0.59315605	-15.3460127
0.588396291	-15.3460127
0.517118175	-15.32372653
0.548448136	-15.32372653
0.547815703	-15.3460127
-0.328804064	-17.55238493
-0.299446411	-17.50781155
-0.319899574	-17.48552538
-0.398977208	-17.46323816
-0.327565344	-17.48552538
-1.179253895	-19.80333055
-1.22949779	-19.84790286
-1.124066215	-19.80333055
-1.136492303	-19.80333055
-1.170519659	-19.7587561
-1.905191656	-21.9874145
-1.911499148	-21.96512833
-1.829116297	-21.9874145
-1.832148211	-21.94284218
-1.922132083	-21.92055601
-1.970326227	-21.22967022
-1.920841109	-21.31881699
-1.877899163	-21.2519585
-1.81844983	-21.27424465
-1.884506525	-21.2519585
-2.558672858	-24.39436641
-2.556726257	-24.41665258
-2.573967832	-24.37208026
-2.634963939	-24.32750581
-2.566990343	-24.34979198
-3.49068982	-27.38076909
-3.488527497	-27.31390849
-3.553441556	-27.35848081
-3.492718334	-27.29162232
-3.489216336	-27.29162232
-3.93928276	-29.02997461
-3.989808801	-29.00768844
-3.92707399	-28.96311612
-3.915706389	-28.96311612
-3.898294441	-28.98540229
-4.428319526	-31.05805545
-4.420908678	-31.013481
-4.488429276	-31.03576716
-4.476899445	-31.05805545
-4.478419234	-31.05805545
-5.064941256	-33.04155972
-5.051420594	-33.01927355
-4.99825097	-33.04155972
-5.022667871	-33.01927355
-5.106978961	-33.04155972
-5.600230834	-35.29250641
-5.633116911	-35.31479255
-5.614439377	-35.29250641
-5.588702281	-35.31479255
-5.604593162	-35.29250641
-6.284945793	-38.03375496
-6.274067438	-38.01146668
-6.259233606	-38.03375496
-6.253342228	-37.98918264
-6.310157878	-38.01146668
-6.791052483	-39.9949752
-6.785169408	-39.9949752
-6.797804192	-40.03954752
-6.803213989	-39.9949752
-6.760345015	-39.97268692
-7.29820792	-42.2236336
-7.292128763	-42.2236336
-7.317404079	-42.20134532
-7.344372591	-42.20134532
-7.276415441	-42.15677299
-7.818100332	-44.20713788
-7.81072589	-44.18485383
-7.823576555	-44.16256554
-7.758008785	-44.16256554
-7.758008785	-44.16256554
-7.822032176	-42.86994283
-7.797588449	-42.91451515
-7.829664014	-42.8476588
-7.787003257	-42.86994283
-7.790477152	-42.89223112
-8.309794733	-46.43579626
-8.30982092	-46.41351223
-8.33163256	-46.41351223
-8.404140455	-46.41351223
-8.315053159	-46.45808454
-8.837113961	-48.82045991
-8.85238147	-48.82045991
-8.858299035	-48.84274819
-8.866327507	-48.82045991
-8.880868813	-48.82045991
-9.360674433	-51.2497001
-9.402512544	-51.2497001
-9.342169349	-51.2497001
-9.366348015	-51.20512779
-9.409906147	-51.20512779
-9.833242932	-53.23320438
-9.826869974	-53.25549266
-9.876763381	-53.21092035
-9.868962287	-53.21092035
-9.851144445	-53.18863206
-10.39029944	-55.30585753
-10.31560272	-55.26128522
-10.30317807	-55.26128522
-10.38415322	-55.30585753
-10.35001018	-55.28356925
-10.35968395	-53.00783143
-10.42914971	-53.00783143
-10.44378363	-52.98554739
-10.44507827	-53.00783143
-10.38739654	-52.94097083
-10.71397907	-56.41767963
-10.68453814	-56.43996791
-10.7335725	-56.39539135
-10.72838752	-56.41767963
-10.72731834	-56.37310731
-10.92704015	-57.82173527
-10.92353879	-57.82173527
-10.98824176	-57.82173527
-10.92641678	-57.8440193
-10.9479921	-57.82173527
-11.34977464	-59.84981186
-11.40879828	-59.84981186
-11.36156634	-59.82752783
-11.35458917	-59.80523955
-11.28637845	-59.80523955
-11.80161857	-61.96703733
-11.80770028	-61.96703733
-11.7866423	-61.9447533
-11.80167349	-61.92246502
-11.83673307	-61.90018098
-12.3150716	-64.12883938
-12.32534318	-64.1065511
-12.32901699	-64.12883938
-12.31699919	-64.1734117
-12.31675521	-64.1065511
-12.84787599	-66.35749776
-12.85964086	-66.35749776
-12.82153213	-66.33520948
-12.79951482	-66.29063717
-12.80774768	-66.3129212
-13.371409	-68.65301254
-13.29169783	-68.65301254
-13.31323611	-68.6084402
-13.29360755	-68.6084402
-13.35702928	-68.63072848
-13.3647614	-66.53578705
-13.38828986	-66.53578705
-13.42595151	-66.49121473
-13.41290668	-66.51350301
-13.42337627	-66.49121473
-13.37744983	-65.64766651
-13.39621231	-65.60309419
-13.42404051	-65.60309419
-13.39003735	-65.62538247
-13.41244554	-65.62538247
-13.67899591	-69.16894762
-13.67010008	-69.14666358
-13.70772085	-69.1912359
-13.66267071	-69.16894762
-13.70125975	-69.1243753
-14.0109531	-71.26388907
-14.01290625	-71.28617733
-13.98048451	-71.26388907
-13.97827716	-71.28617733
-13.99628214	-71.26388907
-14.43626156	-73.40340283
-14.37439442	-73.40340283
-14.36871254	-73.40340283
-14.36415094	-73.40340283
-14.40383598	-73.38111454
-14.47311461	-73.42568261
-14.49122561	-73.42568261
-14.48880877	-73.40340283
-14.39730846	-73.42568261
-14.39511516	-73.38111454
-14.91067974	-75.3869071
-14.90737765	-75.3869071
-14.92241012	-75.36461882
-14.93703382	-75.29776245
-14.96467169	-75.34233054
-15.49486507	-77.70471013
-15.45962155	-77.66013357
-15.48075489	-77.72699841
-15.45745124	-77.70471013
-15.48837587	-77.66013357
-15.97350123	-79.64364634
-16.0242307	-79.62135806
-15.96847465	-79.59906978
-15.96892557	-79.55449322
-15.97263643	-79.59906978
-16.39523679	-81.31514012
-16.41176382	-81.31514012
-16.4012904	-81.33741993
-16.44395052	-81.31514012
-16.39540924	-81.33741993
-16.50244914	-79.26477102
-16.47434758	-79.22019446
-16.416609	-79.19791465
-16.40329464	-79.22019446
-16.45337136	-79.24248274
-16.78231005	-82.16202694
-16.82497144	-82.13973866
-16.80428136	-82.13973866
-16.82888157	-82.18431522
-16.77361605	-82.13973866
-17.22564776	-84.05638656
-17.2236614	-84.05638656
-17.23192108	-84.05638656
-17.18710215	-84.01181
-17.20041396	-83.98953021
-17.81122674	-86.41876616
-17.80054893	-86.39647788
-17.81621499	-86.39647788
-17.77466494	-86.37418959
-17.7829821	-86.32962153
-18.00562689	-86.73077665
-17.96995544	-86.66392028
-17.95141906	-86.68620009
-17.92114974	-86.68620009
-17.95554762	-86.66392028
-18.32190014	-88.53599165
-18.34677754	-88.51370337
-18.35810938	-88.49141509
-18.38840297	-88.42455872
-18.36986786	-88.446847
-18.36319982	-86.39647788
-18.39347042	-86.39647788
-18.40112845	-86.35190131
-18.40703515	-86.32962153
-18.43659296	-86.37418959
-18.44420883	-85.10385942
-18.42377678	-85.05928285
-18.44555777	-85.08157113
-18.42185685	-85.05928285
-18.44516305	-85.08157113
-18.8226609	-89.07086797
-18.75799881	-88.98172332
-18.76213631	-89.0040116
-18.75301183	-89.0040116
-18.77088652	-88.98172332
-19.82532059	-92.97102015
-19.82206705	-92.88187552
-19.82008452	-92.88187552
-19.86757577	-92.9041638
-19.84777732	-92.88187552
-20.2524289	-94.41964811
-20.25420322	-94.37507154
-20.28493623	-94.37507154
-20.3646755	-94.35279176
-20.3023766	-94.33050348
-20.39771039	-92.05726851
-20.38116548	-92.12413336
-20.3692205	-92.05726851
-20.3230207	-92.05726851
-20.32278565	-92.03498023
-20.75688902	-95.22196683
-20.79046298	-95.22196683
-20.80070902	-95.22196683
-20.83164131	-95.22196683
-20.76153749	-95.19967855
-21.43503366	-97.67349108
-21.44291524	-97.60662624
-21.47818175	-97.62891452
-21.40960187	-97.60662624
-21.4206795	-97.62891452
-21.76708666	-98.27522375
-21.76467237	-98.25294396
-21.78489876	-98.25294396
-21.81585787	-98.23065568
-21.78257133	-98.2083674
-21.7520823	-96.75973944
-21.79440007	-96.69288307
-21.86518858	-96.69288307
-21.79615522	-96.71516288
-21.7963826	-96.69288307
-21.91489996	-93.34710414
-21.88375945	-93.30253605
-21.84300522	-93.28024777
-21.83410939	-93.25795949
-21.88487335	-93.25795949
-21.72992704	-89.06808512
-21.77743873	-89.02350855
-21.82206605	-89.06808512
-21.79942282	-89.04579683
-21.81944737	-89.04579683
-21.77518795	-89.13494146
-21.83008302	-89.15722975
-21.79134964	-89.15722975
-21.7922106	-89.15722975
-21.75212828	-89.17951803
-21.56719113	-84.23189299
-21.56782216	-84.25418127
-21.49964211	-84.23189299
-21.49522485	-84.27646956
-21.49200069	-84.20960471
-21.32322522	-80.13116325
-21.32479898	-80.08658668
-21.32784941	-80.13116325
-21.28319527	-80.10887497
-21.28182079	-80.15345153
-20.95141564	-75.40640403
-20.9939148	-75.40640403
-20.98152273	-75.42869232
-21.00155239	-75.42869232
-20.96042771	-75.38412425
-20.98548395	-76.58759808
-21.00875055	-76.58759808
-20.9272919	-76.60988636
-20.92705686	-76.58759808
-20.92095215	-76.65445445
-20.65785332	-71.84055061
-20.68814308	-71.77369424
-20.68704068	-71.86283889
-20.67751254	-71.8182708
-20.64746676	-71.79598252
-20.25830751	-66.51405873
-20.30534273	-66.53634701
-20.31862388	-66.53634701
-20.3009804	-66.53634701
-20.30223353	-66.53634701
-20.25620874	-66.87064577
-20.30435274	-66.84835748
-20.2969502	-66.84835748
-20.30627779	-66.89292982
-20.24423437	-66.82607345
-19.94350838	-62.23503545
-19.95546997	-62.23503545
-19.96025768	-62.21274717
-19.95936861	-62.23503545
-19.90034752	-62.23503545
-19.56042828	-57.84457927
-19.57004073	-57.82229099
-19.53064693	-57.82229099
-19.53868179	-57.84457927
-19.56981208	-57.84457927
-19.36848841	-55.41533908
-19.34275003	-55.43762736
-19.30855143	-55.45991562
-19.31095677	-55.43762736
-19.35623684	-55.43762736
-19.33130451	-56.52911254
-19.3328425	-56.46225194
-19.35849912	-56.50682426
-19.29749296	-56.50682426
-19.31164913	-56.55140082
-19.1531759	-53.20841322
-19.14816466	-53.25298555
-19.0960837	-53.25298555
-19.07362825	-53.18612494
-19.12631597	-53.23069727
-18.75142147	-49.48655032
-18.7962966	-49.48655032
-18.84484937	-49.5088386
-18.76597107	-49.53112688
-18.72413616	-49.53112688
-18.74987836	-50.8683219
-18.71539362	-50.95746656
-18.7521432	-50.95746656
-18.76072478	-50.91289424
-18.72545571	-50.89060596
-18.21945249	-44.07091381
-18.25299963	-44.09319784
-18.24189517	-44.09319784
-18.2017758	-44.09319784
-18.21658217	-44.09319784
-18.20964077	-44.67265072
-18.29724628	-44.65036244
-18.16432749	-44.65036244
-18.24949571	-44.67265072
-18.21727069	-44.65036244
-17.84567699	-40.48277208
-17.89376607	-40.50506036
-17.8469991	-40.48277208
-17.84849239	-40.50506036
-17.85562923	-40.50506036
-17.54828758	-37.22892913
-17.49249193	-37.18435681
-17.55111191	-37.1397845
-17.50540008	-37.11749621
-17.5267608	-37.16207276
-17.38648672	-36.22603284
-17.41567153	-36.24832112
-17.40569246	-36.24832112
-17.41593978	-36.24832112
-17.43289346	-36.2706094
-16.81700812	-31.10012065
-16.84487337	-31.12240682
-16.8608294	-31.10012065
-16.78648077	-31.14469297
-16.89170548	-31.14469297
-16.27902642	-26.57594325
-16.30029261	-26.64280385
-16.24875454	-26.57594325
-16.30338647	-26.59823153
-16.31191186	-26.59823153
-15.7522041	-22.27463383
-15.72506441	-22.25234766
-15.74246008	-22.29691998
-15.79192492	-22.27463383
-15.69168718	-22.25234766
-15.75272528	-22.85408458
-15.66440698	-22.92094518
-15.72546807	-22.87637075
-15.76446333	-22.87637075
-15.69929411	-22.87637075
-15.18002123	-18.08475519
-15.14401127	-18.12932964
-15.14079988	-18.10704136
-15.18068165	-18.08475519
-15.15275381	-18.06246902
-15.10248037	-19.35509175
-15.14430635	-19.3105173
-15.10313824	-19.35509175
-15.09485045	-19.37737792
-15.11031468	-19.37737792
-15.09310169	-19.39966406
-15.16929233	-19.46652466
-15.09241572	-19.42195023
-15.14097872	-19.48881083
-15.11552009	-19.44423638
-14.41448569	-13.2262801
-14.35106267	-13.20399393
-14.47348378	-13.24856624
-14.40208722	-13.20399393
-14.39591354	-13.2262801
-13.67356695	-9.080975902
-13.685107	-9.103262048
-13.65328564	-9.125548217
-13.73213839	-9.125548217
-13.67202513	-9.147835431
-13.193297	-6.651737824
-13.20552301	-6.651737824
-13.20896306	-6.651737824
-13.17762327	-6.607164441
-13.22466488	-6.674024504
-13.16281563	-7.186615722
-13.19157506	-7.231189104
-13.22204621	-7.231189104
-13.17395841	-7.208902424
-13.18393619	-7.208902424
-13.09328664	-6.49573153
-13.12729619	-6.51801821
-13.08326925	-6.473445361
-13.08433716	-6.51801821
-13.07831037	-6.473445361
-11.28271359	0.390822686
-11.33863569	0.368536095
-11.29732196	0.390822686
-11.29056322	0.524542166
-11.29202457	0.457682415
-9.29104708	3.332651849
-9.338567714	3.354938285
-9.296330415	3.377224965
-9.319997481	3.332651849
-9.310015223	3.354938285
-9.318642797	3.087499324
-9.307862801	3.13207244
-9.32544624	3.13207244
-9.321809476	3.13207244
-9.283085672	3.065212622
-9.288955973	2.50776963
-9.34090025	2.530056065
-9.244785327	2.641488976
-9.336277332	2.530056065
-9.285764384	2.641488976
-8.332293615	4.379842596
-8.29071865	4.402129276
-8.327931287	4.402129276
-8.301360047	4.379842596
-8.263484438	4.402129276
-7.263083196	5.650177824
-7.161163758	5.650177824
-7.206117452	5.583318273
-7.258524148	5.650177824
-7.158521451	5.650177824
-6.224113353	6.719934176
-6.233297235	6.742220323
-6.276256905	6.764507025
-6.144598908	6.742220323
-6.210104085	6.697647474
-5.319857692	7.745116613
-5.369096431	7.767403293
-5.308230778	7.700543764
-5.327461747	7.722830444
-5.344843356	7.745116613
-4.479102963	8.926305877
-4.426159758	8.948592045
-4.505410739	8.926305877
-4.50038991	8.904018663
-4.501709147	8.926305877
-4.491717308	8.01255584
-4.410548628	8.03484252
-4.461771811	8.03484252
-4.460983654	8.01255584
-4.413078842	7.901122906
-3.458301291	10.06292125
-3.454137918	10.06292125
-3.467487408	10.06292125
-3.438871686	10.04063508
-3.515143446	10.06292125
-2.824720096	11.15496428
-2.869799615	11.13267707
-2.865898429	11.13267707
-2.886001543	11.06581751
-2.858958303	11.13267707
-2.641613296	11.71212888
-2.733490917	11.6675555
-2.682207057	11.62298211
-2.682207057	11.62298211
-2.68841555	11.64526933
-2.306807178	12.2247201
-2.220814069	12.24700624
-2.243761958	12.13557333
-2.249766546	12.2247201
-2.262330275	12.18014672
-1.637509663	13.47276838
-1.640226059	13.42819606
-1.723040831	13.45048221
-1.633746277	13.45048221
-1.597466462	13.40590883
-0.595115266	15.41170139
-0.605284783	15.47856094
-0.704301764	15.43398862
-0.627093828	15.50084815
-0.614930805	15.50084815
0.419208342	17.97465854
0.416241176	18.01923299
0.365218545	18.04151914
0.388673244	17.97465854
0.337389144	18.01923299
1.081749797	20.02502555
1.124135514	20.15874463
1.136885902	20.11417018
1.136946579	20.06959787
1.094372366	20.00273727
1.75472631	22.05310426
1.764649968	22.11996274
1.801876657	22.23139567
1.783491328	22.14225102
1.736820167	22.09767659
1.874709491	20.71590923
1.836187196	20.78276769
1.794089454	20.82734214
1.800371238	20.84962831
1.788804682	20.84962831
2.082467117	22.67712734
2.09805733	22.61026886
1.999637973	22.58798271
2.080810646	22.65484117
2.089196631	22.58798271
2.61272389	24.63834758
2.547031734	24.6829199
2.55363734	24.66063373
2.597194673	24.66063373
2.563679795	24.61606141
3.232836317	26.75557305
3.118750902	26.7332869
3.251143724	26.75557305
3.216772029	26.7332869
3.153386381	26.7332869
3.803597115	29.02880377
3.845021985	28.91737086
3.85706118	28.96194528
3.837983819	29.16252498
3.80167686	29.00651762
4.400357514	31.01231018
4.44728224	31.01231018
4.417544639	31.03459633
4.421506821	31.01231018
4.404519609	31.01231018
4.448781271	29.85340866
4.484214168	29.89798098
4.372909977	29.89798098
4.508205056	29.87569481
4.451759853	29.87569481
4.978281024	33.50840885
4.987665778	33.50840885
5.028829739	33.41926209
4.997834217	33.41926209
5.019582945	33.4638344
5.510798001	35.53648756
5.576963595	35.55877373
5.595729908	35.51420141
5.521691047	35.44734082
5.598036257	35.46962696
6.154397859	37.83200656
6.153076387	37.83200656
6.127033353	37.83200656
6.192134232	37.80971828
6.166883826	37.78742999
6.647891481	40.17209787
6.644636661	40.03837668
6.66111387	40.19438193
6.697855785	40.14980961
6.62322357	40.08294899
7.295988434	42.53447324
7.184072686	42.40075627
7.231590764	42.35617971
7.292259697	42.3116074
7.159404136	42.28932336
7.701241677	44.33968823
7.739376599	44.33968823
7.805006961	44.31739995
7.721130188	44.29511592
7.711947584	44.33968823
7.770447488	42.868772
7.743679528	42.89106028
7.774947775	42.91334431
7.807201538	42.91334431
7.767072591	42.868772
8.276512662	46.79121248
8.338703619	46.74664014
8.301959788	46.79121248
8.280139845	46.72435186
8.266331129	46.7689242
8.788994865	48.77471676
8.844915694	48.81928907
8.817084936	48.77471676
8.813920811	48.84157735
8.818734062	48.7524327
9.417162429	51.3599622
9.320137996	51.38224623
9.422380617	51.33767392
9.420522635	51.29310158
9.308495115	51.31538986
9.91145315	53.20974951
9.968956042	53.23203354
9.969017357	53.16517294
9.963795337	53.16517294
9.996712072	53.18746123
10.47055861	55.37154731
10.52448414	55.32697498
10.54445121	55.37154731
10.49407239	55.26011438
10.47061929	55.34925903
11.12009647	57.66706629
11.00376986	57.66706629
11.0406574	57.71163863
11.09272813	57.60020569
11.03457568	57.71163863
11.16070253	55.03669282
11.11906178	55.01440454
11.06096298	55.01440454
11.12850944	54.96983222
11.16886257	54.74696638
11.43367824	58.75855149
11.44425768	58.80312381
11.45304621	58.75855149
11.43248259	58.73626321
11.43274318	58.66940262
12.78325861	64.21876457
12.70996383	64.28562516
12.70626447	64.26333688
12.72986831	64.3301975
12.66654494	64.30790922
12.73183168	62.19068373
12.81154412	62.19068373
12.71028574	62.21297201
12.76931832	62.2798326
12.7963392	62.16839969
13.28775449	66.75943344
13.26607059	66.73714941
13.29153432	66.84858232
13.24472009	66.71486113
13.31259357	66.64800053
13.30955336	65.17708852
13.27412461	65.15480026
13.34701956	65.08793964
13.2960691	65.17708852
13.29057244	65.08793964
13.69591255	68.1412008
13.63933769	68.18577737
13.695316	68.11891677
13.68665521	68.11891677
13.62048834	68.07434445
13.67334341	66.42513469
13.70136961	66.44742297
13.68885618	66.31370178
13.69535304	66.42513469
13.74181471	66.38056237
13.98386324	69.21095769
14.03806085	69.21095769
13.99159152	69.16638535
14.02927871	69.25553
14.03065831	69.21095769
14.50143333	71.23903853
14.4340261	71.2836066
14.45080606	71.26132681
14.49218366	71.26132681
14.43296586	71.2836066
15.0415649	73.356264
14.98881459	73.31168743
15.00797817	73.26711937
15.08709279	73.28939915
14.92476309	73.28939915
15.63445062	75.51805756
15.63808483	75.49577775
15.59855946	75.49577775
15.66226861	75.47348947
15.56094891	75.47348947
16.20006125	77.83586908
16.21472966	77.8135808
16.19173515	77.83586908
16.25048798	77.8135808
16.19780409	77.76900424
16.82481177	80.06452746
16.87173586	80.06452746
16.79024144	80.04223918
16.86763412	80.0199509
16.80186835	79.99766262
17.44300666	82.20403274
17.42258227	82.18175296
17.47882501	82.15946467
17.42264231	82.15946467
17.42336277	82.09259983
18.08625395	84.29897842
18.11725778	84.32125823
18.14705829	84.25440186
18.07322445	84.23211358
18.16998766	84.23211358
18.50782856	85.65845326
18.59216137	85.61388519
18.53730206	85.59159691
18.50445111	85.59159691
18.53816303	85.59159691
18.99434246	86.72821439
18.95375173	86.70592611
18.98183925	86.66134955
19.04376897	86.66134955
18.90377593	86.63906974
19.00364833	84.65555699
19.07911724	84.58870062
19.01369127	84.6109889
19.04058441	84.58870062
19.01084777	84.6109889
18.96330031	84.43269114
19.09483184	84.45497942
19.00975815	84.38812308
19.02040529	84.43269114
19.10731845	84.43269114
19.43020992	87.75339894
19.32697412	87.77567875
19.4692716	87.75339894
19.40085905	87.70882238
19.34962501	87.66424581
19.8442568	89.17973861
19.68840992	89.2243067
19.84141586	89.17973861
19.79931268	89.17973861
19.76010794	89.13516205
19.85599612	87.48595653
19.8351783	87.50824481
19.82678705	87.53053309
19.83293902	87.5528129
19.87437666	87.53053309
19.95655066	83.20525761
19.92813229	83.20525761
19.81127172	83.18297783
19.93850224	83.16068954
19.87796105	83.16068954
19.9241864	82.89324714
19.82715622	82.84867907
19.942162	82.87095886
19.9203478	82.84867907
19.84976496	82.89324714
19.94500039	82.84867907
19.87970087	82.82639079
19.90950649	82.82639079
19.9110943	82.84867907
19.89589833	82.87095886
19.8440473	80.19656879
19.91179304	80.17428898
19.84278651	80.1520007
19.86103292	80.19656879
19.85316668	80.17428898
19.64932269	75.40495323
19.64265465	75.44952979
19.58435658	75.44952979
19.6484745	75.47181807
19.6422561	75.47181807
19.3181345	71.23736711
19.40384945	71.19279055
19.38601436	71.25965539
19.33141948	71.25965539
19.36936343	71.30422348
18.95621073	66.62404508
19.09850821	66.62404508
19.00319102	66.5348962
19.03618887	66.71318971
18.99976503	66.64632911
18.99306761	66.95834383
19.03954461	67.0252002
18.99498244	66.95834383
19.08091327	67.0252002
18.96751063	67.11434908
18.70596384	62.36730584
18.75598818	62.30044524
18.67740496	62.32273352
18.72360859	62.34501756
18.65844576	62.38959412
18.44991882	58.22199953
18.35594035	58.26657609
18.2977764	58.24428781
18.42222729	58.22199953
18.36360731	58.24428781
17.99585093	53.58639346
17.99796886	53.6086775
17.98434282	53.5418169
18.02149733	53.58639346
18.00319216	53.6086775
17.94771331	54.43495166
17.94052026	54.52410053
17.948969	54.45723994
17.88088475	54.41266762
17.89284762	54.41266762
17.4886725	49.21989271
17.55484193	49.24218099
17.56502154	49.26446502
17.54876022	49.24218099
17.56172201	49.28675331
17.52954809	50.42336654
17.60814025	50.44565482
17.57542343	50.44565482
17.47772772	50.42336654
17.49803075	50.49022714
17.15177432	44.49513774
17.11271647	44.56199836
17.09024314	44.56199836
17.18456267	44.56199836
17.14735068	44.53971008
17.12242984	45.00773003
17.12541002	45.03001406
17.05462406	45.0745864
17.12481092	45.03001406
17.18800272	45.03001406
16.72235007	40.28297084
16.73815409	40.3275474
16.68024818	40.30525912
16.68799051	40.37211972
16.73993351	40.30525912
16.27025961	36.13766876
16.33620676	36.02623585
16.26920064	36.11538048
16.34123206	36.04851988
16.34585754	36.02623585
16.25117778	35.82565404
16.23670992	35.8702306
16.32368567	35.84794232
16.2314879	35.89251463
16.29157561	35.91480291
15.67718739	31.10089909
15.77858756	31.12318524
15.74315243	31.10089909
15.76470092	31.10089909
15.8170463	31.10089909
15.26933463	27.13388841
15.30032951	27.06702781
15.23133703	27.15617457
15.33570078	27.15617457
15.26557396	27.15617457
14.72833443	22.47599195
14.74149678	22.49827809
14.6698473	22.49827809
14.66628334	22.54285041
14.7669439	22.52056426
14.60556076	23.18916177
14.74377438	23.23373622
14.68421424	23.18916177
14.70859984	23.16687563
14.6084017	23.18916177
14.137269	18.08553363
14.07242935	18.08553363
14.15181989	18.15239422
14.09767848	18.08553363
14.18129211	18.10782191
13.76348073	15.67858383
13.67273664	15.74544336
13.78871836	15.61172428
13.71973609	15.76772953
13.73341835	15.76772953
13.57668112	13.31620528
13.435624	13.27163296
13.58328784	13.31620528
13.49861525	13.24934575
13.5439643	13.31620528
13.56785427	14.51968124
13.47161352	14.47510786
13.55448881	14.43053448
13.50320623	14.4973951
13.54280058	14.4973951
12.81975781	9.3269074
12.70251147	9.371480782
12.82946735	9.304620163
12.75901479	9.3269074
12.76311397	9.3269074
12.24355752	6.83080977
12.15604398	6.80852309
12.28744139	6.80852309
12.15122307	6.853096472
12.24111768	6.853096472
11.70898903	4.75815715
11.71963235	4.75815715
11.70562308	4.78044383
11.70752769	4.691297621
11.71679141	4.75815715
11.39035515	3.554681717
11.35810202	3.57696842
11.46305337	3.510108602
11.32267072	3.532395304
11.34897754	3.554681717
11.37342446	3.978126971
11.37396097	4.044986789
11.41830726	4.000413407
11.38552912	4.044986789
11.32121065	3.978126971
11.35387765	4.421072895
11.3448196	4.421072895
11.34343489	4.421072895
11.31746403	4.443359308
11.40410638	4.398786193
11.22129993	3.596469067
11.24508899	3.529609516
11.22632267	3.574182632
11.23920655	3.529609516
11.19677381	3.551895952
11.31273126	5.691407856
11.19593711	5.669121688
11.30117843	5.780554621
11.26282827	5.669121688
11.23275567	5.691407856
11.17468114	2.994731351
11.12055251	3.017018031
11.13634247	2.972444938
11.12239707	2.972444938
11.19252517	2.972444938
11.14154661	3.35131681
11.06785456	3.373603223
11.14795661	3.329030107
11.06699615	3.373603223
11.11325599	3.329030107
11.14097561	3.507322836
11.05650484	3.507322836
11.12207134	3.507322836
11.11659	3.529609516
11.10892559	3.551895952
11.09451777	3.551895952
11.10086135	3.551895952
11.11486679	3.507322836
11.0988801	3.574182632
11.11328409	3.529609516
11.06120441	3.551895952
11.14533922	3.529609516
11.12657035	3.529609516
11.03397275	3.551895952
11.16424604	3.551895952
11.11269776	3.596469067
11.09015672	3.574182632
11.12128446	3.574182632
11.09868083	3.551895952
11.11686081	3.596469067
11.1356284	3.574182632
11.04309596	3.574182632
11.146273	3.596469067
11.14983823	3.574182632
11.03007029	3.551895952
10.94002238	4.007656624
10.93421915	4.0968031
10.95880403	4.07451642
10.89832543	4.07451642
10.88437875	4.07451642
10.89658688	3.472778704
10.85137324	3.472778704
10.84272395	3.495065139
10.91833338	3.495065139
10.88448605	3.450492023
10.66888422	2.091010409
10.57529983	2.157870227
10.74621622	2.113296978
10.6641227	2.068723862
10.63716569	2.157870227
10.19972064	0.285797149
10.1094428	0.352656878
10.20540508	0.285797149
10.19265533	0.330370331
10.15240247	0.330370331
6.09695756	-6.467037587
6.077925547	-6.467037587
6.060052138	-6.444751418
6.062325914	-6.467037587
6.072929628	-6.489324267
6.019306206	-5.843013458
6.037930728	-5.887586818
6.083832254	-5.909872986
6.0526464	-5.865300138
6.111535273	-5.865300138
6.060701058	-5.753867226
6.147192034	-5.731580524
6.052836733	-5.753867226
6.088536926	-5.709293844
6.086383865	-5.731580524
4.580298434	-8.628836438
4.554388249	-8.628836438
4.585755815	-8.606549758
4.516487092	-8.606549758
4.569457123	-8.628836438
3.893523025	-9.631732728
3.863250832	-9.631732728
3.812950252	-9.631732728
3.907875276	-9.587159346
3.866262946	-9.60944656
3.81890103	-8.584263056
3.874459077	-8.56197691
3.826077155	-8.56197691
3.866819893	-8.584263056
3.837417292	-8.539690207
2.818133492	-10.99121392
2.859074547	-11.01350113
2.794376688	-10.96892775
2.851852116	-10.94664161
2.827056145	-10.99121392
1.694831962	-13.04157986
1.692188538	-13.04157986
1.799856126	-13.04157986
1.732912754	-12.99700648
1.733998546	-13.01929369
0.585142029	-15.40395839
0.652918227	-15.42624456
0.636736218	-15.38167117
0.636564687	-15.40395839
0.660266043	-15.38167117
-0.30376431	-17.56575619
-0.298487043	-17.61032958
-0.364044812	-17.56575619
-0.278450592	-17.56575619
-0.298306031	-17.54347003
-1.172383468	-19.77212736
-1.144427604	-19.77212736
-1.159523622	-19.74984121
-1.224864094	-19.77212736
-1.152952906	-19.77212736
-1.898201553	-22.00078576
-1.876283729	-21.97849962
-1.925696993	-22.00078576
-1.889135192	-21.95621345
-1.933958431	-22.00078576
-1.958614047	-21.10932241
-1.959719159	-21.176183
-1.905283629	-21.15389686
-1.961927788	-21.15389686
-1.86384311	-21.15389686
-2.672002531	-24.22944417
-2.640501956	-24.207158
-2.627812723	-24.207158
-2.612988472	-24.27401862
-2.648338658	-24.22944417
-3.26327074	-26.4358164
-3.301606853	-26.4358164
-3.313209496	-26.45810257
-3.266311596	-26.4358164
-3.344332439	-26.41353025
-3.933872323	-28.57532804
-3.943890349	-28.59761632
-4.023402878	-28.59761632
-3.897482013	-28.55304189
-3.93998054	-28.55304189
-4.424435585	-31.07142671
-4.493758916	-31.02685228
-4.47000307	-31.04914057
-4.527931656	-31.02685228
-4.536826207	-31.04914057
-4.572822758	-30.91541935
-4.607485381	-30.8931332
-4.566244456	-30.8931332
-4.581547414	-30.91541935
-4.646219086	-30.8931332
-5.171661171	-33.14407987
-5.175616966	-33.09950544
-5.261418145	-33.14407987
-5.124392825	-33.09950544
-5.178250011	-33.05493312
-5.196709428	-31.94060392
-5.277487224	-31.98517624
-5.12040765	-31.96289007
-5.211739022	-31.91831564
-5.205205749	-31.96289007
-5.791972713	-35.32816384
-5.80565305	-35.32816384
-5.832253032	-35.30587767
-5.741381844	-35.35044999
-5.823762779	-35.32816384
-6.345570656	-37.73511575
-6.260091382	-37.80197635
-6.304364221	-37.75739978
-6.312662863	-37.77968806
-6.359422803	-37.75739978
-6.917276411	-39.83005294
-6.907927106	-39.85234122
-6.929193295	-39.76319234
-6.90246238	-39.78548062
-6.890035813	-39.78548062
-7.495889079	-42.05871134
-7.453191277	-42.05871134
-7.490202085	-42.05871134
-7.449479147	-42.01413902
-7.515279404	-42.03642731
-7.978317206	-44.24279743
-8.029937661	-44.24279743
-7.983067864	-44.19822511
-7.993176585	-44.19822511
-8.009465377	-44.17593683
-8.033683004	-42.79416947
-8.040488363	-42.79416947
-8.074160043	-42.77188119
-8.024334337	-42.81645775
-8.064189281	-42.81645775
-8.57822225	-46.51602814
-8.602185674	-46.53831643
-8.522065102	-46.49374411
-8.579145173	-46.51602814
-8.539251907	-46.49374411
-10.08625796	-53.26886393
-10.06788572	-53.26886393
-10.06599389	-53.24657564
-10.14197632	-53.26886393
-10.04613092	-53.22429161
-10.09811863	-52.35511229
-10.07497594	-52.31053997
-10.10379349	-52.31053997
-10.07174667	-52.35511229
-10.12293153	-52.33282825
-10.51041675	-55.43066173
-10.61630252	-55.43066173
-10.5114738	-55.43066173
-10.52046224	-55.43066173
-10.53310341	-55.36380114
-11.00145137	-57.39188197
-11.0244791	-57.36959369
-10.97248884	-57.34730964
-11.0202113	-57.34730964
-10.95547767	-57.36959369
-11.06805639	-55.05931198
-11.02164838	-55.01473967
-11.06431871	-55.03702795
-11.06808577	-55.03702795
-11.03424611	-55.03702795
-11.26531537	-58.0457168
-11.37426627	-58.02342851
-11.3243735	-58.06800083
-11.30936147	-58.02342851
-11.29868239	-58.00114023
-11.5886501	-60.16294226
-11.62126473	-60.14065398
-11.56293216	-60.1183657
-11.61826155	-60.16294226
-11.54026083	-60.1183657
-11.93615583	-61.99044129
-11.90355653	-61.94586898
-11.88541486	-61.9235807
-11.8571319	-61.96815301
-11.93967762	-61.9235807
-12.47517478	-64.21909969
-12.52834409	-64.19681141
-12.43772518	-64.19681141
-12.50590013	-64.17452738
-12.4983328	-64.19681141
-12.95076178	-66.26946457
-12.97565068	-66.29175285
-12.9962654	-66.24717629
-12.94993019	-66.24717629
-13.00872645	-66.26946457
-13.02757835	-64.68711542
-13.00232922	-64.68711542
-13.00467964	-64.7094037
-13.00993232	-64.68711542
-13.04933251	-64.73169198
-13.47889727	-68.7432771
-13.47753683	-68.72098881
-13.48259024	-68.69870053
-13.5409509	-68.69870053
-13.44467822	-68.6764165
-13.72336264	-69.61245217
-13.65802863	-69.63474045
-13.66172416	-69.59016389
-13.69222852	-69.61245217
-13.77064951	-69.59016389
-13.76720946	-67.65123193
-13.67041943	-67.67352021
-13.79638533	-67.62894789
-13.74453941	-67.65123193
-13.76022974	-67.62894789
-14.13000059	-71.03879185
-14.08156533	-71.08336841
-14.15260805	-71.03879185
-14.07768459	-71.01650781
-14.13390177	-71.03879185
-14.57434105	-73.13372906
-14.60117416	-73.13372906
-14.64472335	-73.08916097
-14.57024059	-73.13372906
-14.57674768	-73.11144925
-15.15181109	-75.1618099
-15.1122014	-75.07266524
-15.13725126	-75.07266524
-15.17518882	-75.07266524
-15.17291632	-75.09495352
-15.6772998	-77.59104584
-15.7581619	-77.56876605
-15.65706958	-77.59104584
-15.72487408	-77.54647777
-15.69061288	-77.56876605
-16.25678429	-80.17629128
-16.30889335	-80.154003
-16.26790791	-80.10943493
-16.32779635	-80.154003
-16.27511246	-80.10943493
-16.53279766	-80.82260051
-16.53696327	-80.82260051
-16.55311857	-80.80032072
-16.55202129	-80.77803244
-16.56027202	-80.73345588
-16.59564584	-78.10364237
-16.66011249	-78.08135409
-16.5690465	-78.12593065
-16.60523019	-78.10364237
-16.59218025	-78.12593065
-17.08012101	-82.07065092
-17.03160528	-82.07065092
-17.03894267	-82.07065092
-17.05859806	-82.04836264
-17.09865483	-82.04836264
-17.53731469	-84.14330833
-17.60052438	-84.12102005
-17.55128692	-84.12102005
-17.6220997	-84.09873176
-17.53015358	-84.0541552
-18.18264543	-86.50567943
-18.12486726	-86.46111136
-18.17500785	-86.48339964
-18.15471759	-86.48339964
-18.20117415	-86.43882308
-18.7945836	-88.62290492
-18.77811278	-88.57833683
-18.75276402	-88.55604855
-18.75302716	-88.55604855
-18.79506263	-88.55604855
-18.91653207	-85.79251383
-18.87747167	-85.79251383
-18.91190787	-85.79251383
-18.86422245	-85.81480211
-18.88163472	-85.79251383
-18.91665597	-84.85647391
-18.9264677	-84.83418562
-18.86133297	-84.85647391
-18.89943532	-84.83418562
-18.86612195	-84.83418562
-19.00192256	-89.22464608
-19.09537985	-89.22464608
-19.06461873	-89.24693434
-19.08748806	-89.24693434
-19.03325085	-89.22464608
-19.46252564	-90.78470695
-19.41571779	-90.74013039
-19.44859557	-90.7178506
-19.46042559	-90.7178506
-19.46316561	-90.69556232
-20.10047043	-93.03565363
-20.10913122	-93.03565363
-20.10529518	-93.03565363
-20.10370098	-92.99107707
-20.11332365	-93.01336535
-20.10176955	-89.80409894
-20.1965745	-89.78181066
-20.13970328	-89.80409894
-20.1893444	-89.80409894
-20.12206108	-89.80409894
-20.45825414	-93.10250998
-20.5502207	-93.0802217
-20.46826386	-93.0802217
-20.47745349	-93.0802217
-20.46327689	-93.10250998
-20.97340484	-94.86314841
-20.97889639	-94.90772498
-20.96117754	-94.86314841
-20.93989219	-94.86314841
-20.95600151	-94.77400378
-21.39862387	-96.44549758
-21.50737039	-96.37864121
-21.4271406	-96.4232093
-21.49293574	-96.4009295
-21.43741474	-96.4009295
-21.77517773	-97.55982679
-21.71597525	-97.49297042
-21.76283802	-97.49297042
-21.71878043	-97.47068213
-21.79243798	-97.44839385
-21.83151371	-94.08311799
-21.82517269	-94.08311799
-21.82259234	-94.08311799
-21.82361426	-94.06083818
-21.79538623	-94.06083818
-21.90003867	-88.95135798
-21.96517851	-88.97364626
-21.89613748	-88.95135798
-21.90680634	-88.92906969
-21.95536039	-88.95135798
-21.81319321	-84.15974242
-21.74935632	-84.2043105
-21.78120195	-84.15974242
-21.79112992	-84.2043105
-21.74196783	-84.13745413
-21.55455762	-80.21501367
-21.57170035	-80.19272539
-21.54298947	-80.21501367
-21.55779456	-80.21501367
-21.62141429	-80.23730195
-21.2574965	-75.49026295
-21.19904513	-75.51254276
-21.2981792	-75.46797467
-21.19339774	-75.53483104
-21.29603316	-75.49026295
-21.14274108	-72.97187388
-21.02311111	-72.97187388
-21.04969256	-73.01645045
-21.08342748	-72.99416217
-21.08916812	-72.9495856
-21.06862749	-74.35364547
-21.03657365	-74.35364547
-21.0376952	-74.35364547
-21.02678875	-74.35364547
-21.09784168	-74.35364547
-20.7818073	-70.89922496
-20.86439007	-70.87693668
-20.82539226	-70.87693668
-20.84661119	-70.87693668
-20.82970222	-70.92150899
-20.50285208	-66.55334109
-20.59286294	-66.50876452
-20.47719546	-66.50876452
-20.56500791	-66.5310528
-20.53879817	-66.50876452
-20.54145645	-67.02135681
-20.52056964	-67.02135681
-20.53143906	-66.99907277
-20.54370084	-67.02135681
-20.50513224	-66.99907277
-20.20865361	-62.22974125
-20.19794898	-62.22974125
-20.16199139	-62.22974125
-20.20188083	-62.20745721
-20.1598428	-62.20745721
-19.81598917	-57.79471275
-19.81079781	-57.77242446
-19.81010801	-57.79471275
-19.86394029	-57.77242446
-19.80534841	-57.79471275
-19.60745073	-55.32090022
-19.62484511	-55.36547253
-19.59761473	-55.36547253
-19.58323119	-55.3431885
-19.66515481	-55.32090022
-19.57613011	-56.44080362
-19.58260015	-56.39622706
-19.61399486	-56.39622706
-19.56779506	-56.39622706
-19.63687441	-56.44080362
-19.43685241	-53.34296589
-19.31808979	-53.38753821
-19.41268907	-53.32068186
-19.39716736	-53.36525417
-19.40942403	-53.34296589
-19.03475307	-49.42052966
-19.03308606	-49.37595309
-19.03742156	-49.39824137
-19.06470815	-49.35366906
-18.98078156	-49.39824137
-18.59370191	-44.45062059
-18.53080519	-44.42833231
-18.56784985	-44.40604827
-18.56216541	-44.40604827
-18.54123901	-44.38375999
-18.57357517	-44.89635225
-18.57084153	-44.91863631
-18.54066035	-44.89635225
-18.52341031	-44.89635225
-18.59991903	-44.91863631
-18.1513593	-39.88187087
-18.05747919	-39.9041549
-18.08996736	-39.92644319
-18.0565914	-39.92644319
-18.11561504	-39.92644319
-17.63940083	-35.535987
-17.60169703	-35.55827315
-17.68057916	-35.535987
-17.5881604	-35.6028476
-17.62173436	-35.6028476
-17.54717496	-37.07375959
-17.63101469	-37.05147555
-17.55652427	-37.05147555
-17.58617277	-37.07375959
-17.62731916	-37.09604787
-17.56452847	-36.78403315
-17.60090632	-36.76174911
-17.59074587	-36.69488852
-17.54929289	-36.6503162
-17.57268979	-36.6503162
-17.0700257	-31.0118096
-17.0802794	-31.05638403
-17.11836898	-30.98952343
-17.03449093	-31.10095636
-17.08371817	-31.05638403
-16.56125307	-26.75507249
-16.53091605	-26.75507249
-16.58389758	-26.77735864
-16.54162323	-26.75507249
-16.53382597	-26.75507249
-15.97352039	-22.16403661
-15.98330273	-22.16403661
-15.95822605	-22.18632278
-15.96023541	-22.16403661
-15.96347618	-22.16403661
-15.9767586	-22.8994926
-15.92048138	-22.92178088
-15.9647357	-22.94406705
-15.95276772	-22.8994926
-15.94037564	-22.92178088
-15.33359817	-17.70671876
-15.32076539	-17.66214644
-15.37824848	-17.72900597
-15.2701841	-17.72900597
-15.33052602	-17.72900597
-14.63865825	-13.31626255
-14.64120283	-13.29397534
-14.6346702	-13.33854872
-14.66384478	-13.31626255
-14.67674271	-13.36083489
-14.24854605	-10.84245111
-14.20548483	-10.86473832
-14.23004799	-10.88702447
-14.28649256	-10.88702447
-14.19822663	-10.90931064
-14.12814324	-10.12928019
-14.12004835	-10.10699405
-14.14400091	-10.08470788
-14.12509664	-10.08470788
-14.12179839	-10.12928019
-13.83906588	-8.836659065
-13.87852483	-8.836659065
-13.84016062	-8.858945233
-13.89654259	-8.858945233
-13.83493732	-8.858945233
-13.84750568	-9.794981439
-13.83325881	-9.772695292
-13.80804673	-9.794981439
-13.8459217	-9.794981439
-13.83831988	-9.794981439
-13.33797555	-6.407420986
-13.35104593	-6.474281071
-13.36843137	-6.474281071
-13.30722465	-6.474281071
-13.352133	-6.451994369
-13.32685193	-7.053732352
-13.33514355	-7.031445672
-13.36389404	-7.031445672
-13.33560469	-7.031445672
-13.27281527	-7.031445672
-11.44186383	0.100261336
-11.39335704	0.055688176
-11.48488417	0.167121087
-11.42184822	-0.033458166
-11.46387219	0.100261336
-11.19253667	0.568279572
-11.21328678	0.590566208
-11.13080749	0.545993025
-11.24546326	0.679712506
-11.16682512	0.568279572
-9.275310126	3.420962371
-9.27762861	3.376389255
-9.240949288	3.354102575
-9.226667933	3.376389255
-9.29791631	3.398675691
-9.248549192	2.684390695
-9.24372636	2.662104259
-9.258457999	2.72896381
-9.237306776	2.72896381
-9.245706333	2.684390695
-8.229899622	4.467317675
-8.252977806	4.400457612
-8.206768426	4.445030995
-8.195801291	4.422744292
-8.316754019	4.445030995
-6.106584701	6.762835606
-6.100702265	6.762835606
-6.110485887	6.740548926
-6.074668172	6.695976077
-6.108890412	6.807408988
-4.40455889	8.813201546
-4.44759201	8.790914866
-4.403975436	8.724054781
-4.362196406	8.790914866
-4.428624186	8.768628164
-4.411664119	8.055457269
-4.399498781	8.100030652
-4.374248375	8.100030652
-4.391374504	8.055457269
-4.401880497	8.077743949
-2.778842202	11.15329286
-2.796690383	11.13100565
-2.837802929	11.13100565
-2.746788672	11.13100565
-2.772899089	11.10871948
-1.193738836	13.7608234
-1.165772992	13.80539572
-1.215288129	13.73853619
-1.23577702	13.73853619
-1.160626898	13.73853619
-0.526072883	15.61060966
-0.54127748	15.58832245
-0.498254379	15.56603628
-0.525811414	15.58832245
-0.51100385	15.61060966
0.438625412	17.8169819
0.423355867	17.79469362
0.457193289	17.77240852
0.401147314	17.79469362
0.457318394	17.72783513
1.308922817	19.93420737
1.279646838	19.95649354
1.193256457	19.93420737
1.267881805	19.95649354
1.273228851	19.91191909
1.897232324	21.98457226
1.835431453	21.98457226
1.936952023	21.96228609
1.891548683	21.98457226
1.827840811	22.05143286
2.067642706	22.00685841
2.109083385	22.00685841
2.083907068	22.02914458
2.062160576	22.02914458
2.043389792	22.02914458
2.006371798	21.00396214
2.116633789	21.11539505
2.13480164	21.04853657
2.053632321	21.02624829
2.129180752	21.02624829
2.766253405	24.39152417
2.829378462	24.41381034
2.738899437	24.45838266
2.846566546	24.45838266
2.832556639	24.45838266
3.462251657	26.55332198
3.466152523	26.57560812
3.468396599	26.55332198
3.44176117	26.55332198
3.449690324	26.53103581
4.138158929	28.73740804
4.07656867	28.80426653
4.12817699	28.73740804
4.14436359	28.67054745
4.078735463	28.71511976
4.687762435	30.98835259
4.697148466	30.98835259
4.683400107	30.98835259
4.675262737	30.94377816
4.669180068	30.921492
5.299378382	33.32844393
5.31080666	33.28386948
5.218870118	33.30615776
5.366206948	33.37301624
5.306705241	33.26158331
5.817104321	35.4456694
5.90818628	35.46795557
5.849957185	35.46795557
5.867143991	35.49024171
5.895232146	35.46795557
6.442006846	37.80804688
6.50485822	37.76347456
6.479469854	37.71890223
6.475905264	37.74118628
6.496133564	37.76347456
7.007747772	40.17042647
6.949307906	40.10356588
6.976340927	40.0812776
7.050967393	40.12584991
6.97541992	40.12584991
7.48408333	42.19850307
7.633524679	42.19850307
7.53299697	42.22079135
7.538271363	42.13164247
7.569675654	42.17621903
8.078372276	44.51631035
8.126230143	44.56088266
8.089475454	44.49402206
8.168604763	44.605455
8.076601158	44.605455
8.184800304	44.605455
8.076399328	44.56088266
8.204953238	44.56088266
8.185062172	44.58316672
8.077646073	44.49402206
8.15786245	43.33512055
8.206979836	43.37969286
8.127727259	43.35740458
8.179946815	43.37969286
8.180730502	43.31283227
8.413678177	44.89518142
8.335884392	44.89518142
8.270459053	44.96204203
8.368935893	44.91746547
8.357894668	44.91746547
8.646487254	46.8118251
8.701547114	46.83411338
8.641464509	46.8118251
8.717013898	46.85640166
8.690105424	46.76725278
9.233806056	48.90676653
9.294876093	48.90676653
9.175247391	48.92905059
9.260301929	48.86219422
9.208956115	48.92905059
9.787381005	51.22456959
9.783143863	51.17999725
9.776199267	51.13542493
9.823859776	51.17999725
9.751212644	51.13542493
9.870537962	49.33020994
9.848271567	49.37478225
9.82077485	49.37478225
9.820839997	49.35249822
9.804189062	49.39707054
10.04031491	51.49200775
10.02715767	51.44743541
10.05636611	51.40286309
10.08736674	51.42515137
10.01287185	51.38057481
10.43582733	53.25265042
10.29346662	53.31951102
10.39908861	53.31951102
10.361213	53.29722274
10.33066712	53.23036214
10.94938191	55.34758761
10.91296445	55.34758761
10.89162162	55.39215993
10.92121264	55.25844298
10.91328764	55.3030153
10.99263347	52.58656002
10.97988244	52.60884405
10.92865095	52.54198768
10.93830556	52.58656002
11.0271923	52.49741112
11.36708599	56.93244389
11.39815752	56.95472792
11.2760711	56.91015561
11.36384522	56.88787158
11.35730365	56.91015561
11.47801942	57.97991247
11.5954727	57.97991247
11.55416918	58.02448481
11.53875222	57.91305188
11.54992949	57.95762419
12.00010896	60.16399856
12.02356462	60.07484968
12.11134002	60.09713796
11.93518756	60.05256565
12.04425214	60.07484968
12.62491057	62.30350809
12.62036174	62.37036868
12.5925808	62.21436343
12.58821847	62.21436343
12.70077037	62.14750284
13.16126997	64.37616124
13.25215074	64.35387721
13.11903395	64.35387721
13.17911656	64.37616124
13.20086305	64.37616124
13.755557	66.62710792
13.76142539	66.56024731
13.72526852	66.51567499
13.76684668	66.53795902
13.69499793	66.53795902
13.78961637	64.79960887
13.72682568	64.79960887
13.81750845	64.79960887
13.76720563	64.77732059
13.79847005	64.82189291
13.99878585	66.98369071
13.99706647	66.98369071
13.96207842	66.80540143
14.00731123	66.98369071
13.97875746	66.98369071
14.35109972	68.92262692
14.32630662	68.87805036
14.43081088	68.94491096
14.26616526	68.90033864
14.37026714	68.92262692
14.93213753	71.01756411
14.92215208	70.95070351
14.85658942	70.99527583
14.90344708	70.92841948
14.95665216	70.95070351
15.58236328	73.40223199
15.54396202	73.40223199
15.53886902	73.40223199
15.55539349	73.35765542
15.5725656	73.29079908
16.11593794	75.45259263
16.05638801	75.45259263
16.18454721	75.45259263
16.039267	75.43030435
16.15459596	75.38573626
16.74001399	77.54752982
16.65991066	77.59210638
16.73717816	77.5698181
16.74648403	77.50296173
16.64907957	77.63668295
16.67676726	75.60860211
16.73928587	75.56402554
16.76916686	75.58631383
16.70261293	75.63089039
16.76902123	75.51945746
17.00674575	78.14927098
17.01276871	78.17155927
17.05116741	78.17155927
17.02637687	78.1269827
17.10931603	78.03783805
17.46652235	79.95448598
17.44762319	79.99905405
17.41740624	79.9321977
17.45482646	79.99905405
17.46083408	79.95448598
17.92445821	81.35853737
17.92564491	81.33624909
17.88036612	81.29168102
17.96926308	81.29168102
17.86060088	81.29168102
18.32402063	82.67344414
18.27900626	82.69573242
18.30841716	82.65116433
18.37246354	82.65116433
18.230944	82.60658777
18.82611116	84.14436038
18.83088865	84.21122522
18.7826284	84.18893694
18.82552484	84.16664866
18.81997069	84.16664866
19.0934944	85.0804003
19.1699533	84.99125564
19.11014278	85.03582373
19.1250143	85.01353545
19.15011908	84.9466791
19.52110602	86.61817288
19.55334637	86.50673997
19.56280808	86.55131653
19.53648721	86.48445169
19.55512706	86.46216341
19.66424658	82.98546309
19.65373995	82.9631748
19.58341769	82.98546309
19.65612102	82.98546309
19.65354195	82.98546309
19.6862064	80.23947393
19.64231486	80.23947393
19.68276252	80.21718565
19.65837819	80.23947393
19.66281333	80.28405049
19.6546188	79.83831883
19.66441647	79.90517517
19.65569309	79.97203152
19.6687788	79.90517517
19.65515275	79.88288689
19.75653121	82.64642161
19.73948428	82.69099818
19.82038088	82.6687099
19.68078255	82.62414181
19.78184549	82.64642161
19.68722321	78.43425893
19.75457934	78.4788355
19.72457317	78.4788355
19.75636132	78.45654722
19.64162123	78.45654722
19.59208103	75.35871374
19.51230472	75.35871374
19.62380786	75.38100202
19.54911944	75.35871374
19.61726756	75.40328181
19.30231132	71.0351139
19.25895246	71.05740218
19.36035136	71.1019745
19.31513516	71.05740218
19.31209494	71.05740218
19.02350427	66.666946
19.02589046	66.73380234
19.02119728	66.75609063
19.00150102	66.73380234
18.98378217	66.68923003
18.98958541	67.0681011
19.06439519	67.02352879
18.93524345	67.00124475
19.07052672	66.91209587
18.96907928	66.95666819
18.9854824	67.04581707
19.04608746	67.02352879
18.98653625	67.04581707
19.04933206	67.0681011
18.95501253	67.02352879
18.70598555	62.47706735
18.72092605	62.47706735
18.68814152	62.49935138
18.71610385	62.49935138
18.71364869	62.45477907
18.3478429	58.44319395
18.40851183	58.39862164
18.39748274	58.44319395
18.49496512	58.42090992
18.33211297	58.46548224
18.09042978	53.51786145
17.99347496	53.54014548
18.03227861	53.60700608
18.03993535	53.51786145
18.06015918	53.49557317
18.02203129	54.23298267
18.01388785	54.16612207
17.98218401	54.32212732
18.04013591	54.23298267
17.98865405	54.277555
17.66863546	49.21850128
17.6687006	49.196213
17.63650624	49.17392472
17.67598307	49.28535763
17.67431989	49.21850128
17.26515908	44.78346853
17.3470546	44.78346853
17.25279766	44.78346853
17.30633358	44.76118448
17.2787021	44.76118448
17.34998113	45.42978201
17.22558389	45.40749373
17.31870649	45.36292139
17.30033745	45.38520545
17.27402936	45.40749373
16.8344421	40.32615173
16.91903422	40.25929113
16.8588903	40.28157941
16.91713089	40.32615173
16.83271761	40.3038677
16.85483455	41.57420212
16.84187275	41.55191384
16.84650844	41.59648618
16.81266368	41.55191384
16.83605035	41.48505325
16.39152211	35.60139679
16.34698037	35.66825738
16.34930014	35.66825738
16.41604695	35.62368505
16.29945974	35.66825738
15.79690934	31.34465966
15.9423901	31.36694583
15.91997681	31.34465966
15.84370952	31.36694583
15.88210311	31.32237351
15.39717064	27.22164163
15.44290674	27.22164163
15.40397408	27.22164163
15.41211369	27.24392778
15.46557552	27.22164163
14.84152374	22.786611
14.82263097	22.85347159
14.90054866	22.80889714
14.80332304	22.80889714
14.90768678	22.80889714
14.86979265	23.14319592
14.79359817	23.23234266
14.85598777	23.18777035
14.83800195	23.16548207
14.83978137	23.09862358
14.23945478	18.19557511
14.25235654	18.30700804
14.22484769	18.19557511
14.18711451	18.26243359
14.23291065	18.21786128
13.53070103	13.58225201
13.52614454	13.62682539
13.57783589	13.64911156
13.53902714	13.58225201
13.52561825	13.62682539
13.15209823	11.28673408
13.10900507	11.30902025
13.1499177	11.28673408
13.20536845	11.26444687
13.09684037	11.28673408
12.70736559	9.214080927
12.77609493	9.169508612
12.77874682	9.214080927
12.76241524	9.169508612
12.79341523	9.191794759
12.28321319	6.918562996
12.284405	6.940849676
12.29081756	6.940849676
12.33298077	6.896276294
12.18890387	6.940849676
11.66539258	5.068776732
11.75951029	5.046490052
11.77358087	5.001916669
11.67444042	5.001916669
11.77563876	5.046490052
11.74937027	5.336215425
11.75861866	5.313929257
11.67256264	5.291642577
11.75783306	5.358502105
11.66271515	5.313929257
11.34346683	3.486429161
11.43408445	3.486429161
11.3524508	3.441856046
11.408972	3.508715864
11.32047231	3.531002277
11.40656921	4.227458022
11.28242489	4.093738675
11.39374409	4.182884907
11.35493151	4.093738675
11.32942179	4.116025111
11.24570853	3.402854483
11.29078549	3.402854483
11.18298425	3.402854483
11.30327465	3.402854483
11.28886683	3.380567781
11.40501206	7.347580048
11.29562429	7.347580048
11.3783795	7.369866216
11.33488013	7.303006665
11.33580752	7.347580048
11.27549754	3.714866537
11.2742393	3.714866537
11.25633012	3.737153239
11.26809372	3.714866537
11.22394032	3.714866537
11.27953541	3.781726355
11.2620235	3.804013035
11.22527265	3.804013035
11.26116509	3.804013035
11.315691	3.804013035
11.2224943	3.781726355
11.32019128	3.826299471
11.25039787	3.848586151
11.23855763	3.804013035
11.2796095	3.826299471
10.77904546	4.067551861
10.78452807	4.045265181
10.81274588	4.022978746
10.70057848	4.000692066
10.81393897	4.045265181
10.8221846	3.889259132
10.85317821	3.844686017
10.83334654	3.822399337
10.82812963	3.866972719
10.77472528	3.866972719
10.761135	3.131515389
10.76806746	3.064655594
10.78406692	3.109228709
10.77276447	3.086942274
10.79167258	3.131515389
10.58783498	2.262338446
10.60118255	2.240052033
10.55214309	2.262338446
10.56866692	2.262338446
10.60396154	2.262338446
10.05927795	0.189686248
10.01823821	0.211972839
10.00085341	0.211972839
10.04553118	0.189686248
10.03178442	0.189686248
7.859628673	-3.4876
7.885957845	-3.443026884
7.885957845	-3.443026884
7.885957845	-3.443026884
7.859628673	-3.4876
6.082409867	-6.496288825
6.117922921	-6.56314891
6.099397398	-6.496288825
6.066736144	-6.540862208
6.050845263	-6.518575528
6.084029613	-6.206563452
6.041159362	-6.228850154
6.079133331	-6.206563452
6.044000943	-6.228850154
6.089477094	-6.228850154
4.392853097	-8.680374379
4.404447436	-8.702660548
4.373658215	-8.658087699
4.408292097	-8.658087699
4.418393154	-8.702660548
3.611374932	-9.750130198
3.551889513	-9.750130198
3.573301645	-9.750130198
3.603791316	-9.816989749
3.609157043	-9.772416366
3.648811115	-9.036959304
3.579759551	-9.103818832
3.587859877	-9.081532686
3.616810597	-9.081532686
3.612873644	-9.103818832
2.732032443	-10.84217323
2.777788665	-10.90903278
2.820984973	-10.88674557
2.744938994	-10.90903278
2.704620992	-10.90903278
2.022344433	-12.17936828
2.058669596	-12.15708106
2.104010023	-12.15708106
2.091612198	-12.17936828
2.036235222	-12.13479489
1.605018303	-13.04854442
1.546646299	-13.0931178
1.582837335	-13.07083163
1.581498298	-13.00397104
1.57428433	-13.04854442
0.442534701	-15.3217762
0.44990076	-15.34406235
0.439166671	-15.3217762
0.449711505	-15.29949004
0.39785489	-15.3217762
-0.627409187	-17.59500797
-0.692993962	-17.52814844
-0.631525894	-17.52814844
-0.658331697	-17.55043458
-0.681030054	-17.52814844
-1.453787793	-19.80137915
-1.416547691	-19.8236653
-1.390800057	-19.80137915
-1.468357362	-19.77909299
-1.48908321	-19.80137915
-2.223794887	-21.89631848
-2.213287617	-21.89631848
-2.23787553	-21.89631848
-2.242501322	-21.89631848
-2.230528073	-21.85174614
-2.275446	-21.13857418
-2.20131804	-21.11628803
-2.206142149	-21.11628803
-2.270423415	-21.13857418
-2.269065696	-21.11628803
-2.314579691	-21.87403231
-2.307546794	-21.89631848
-2.347837651	-21.91860462
-2.372660287	-21.94089079
-2.33277756	-21.96317907
-3.01592866	-24.21412362
-3.00572094	-24.23640979
-2.955159132	-24.23640979
-2.979141397	-24.19183745
-3.022934572	-24.21412362
-2.998425697	-22.63177659
-3.021068287	-22.65406275
-3.033665387	-22.6763489
-3.035411596	-22.65406275
-3.049159316	-22.65406275
-3.845110445	-26.50964051
-3.862992477	-26.53192879
-3.826629951	-26.48735434
-3.830294817	-26.46506817
-3.897155637	-26.48735434
-4.427947802	-28.73829889
-4.363033104	-28.69372657
-4.392907706	-28.69372657
-4.403614251	-28.69372657
-4.390670336	-28.73829889
-5.038485302	-30.81095206
-5.008638803	-30.7886659
-4.997562769	-30.76637973
-5.016929462	-30.76637973
-5.048722082	-30.76637973
-5.768380375	-33.68592181
-5.808237235	-33.68592181
-5.764642696	-33.66363566
-5.760543513	-33.66363566
-5.788670629	-33.68592181
-6.257179544	-35.26826885
-6.242572452	-35.26826885
-6.247360154	-35.2459827
-6.244293112	-35.26826885
-6.25654723	-35.2459827
-6.792903439	-37.54149956
-6.805330006	-37.54149956
-6.766919165	-37.49692725
-6.830977045	-37.54149956
-6.830804596	-37.51921553
-7.387939026	-39.74787393
-7.405846925	-39.74787393
-7.389956044	-39.77015797
-7.362064609	-39.77015797
-7.348573327	-39.72558565
-7.951182632	-41.99881637
-7.869282	-41.95424403
-7.916803272	-41.95424403
-7.949256948	-41.95424403
-7.89691987	-41.99881637
-8.472346698	-44.18290243
-8.406290322	-44.20519072
-8.477368804	-44.18290243
-8.494583713	-44.16061415
-8.465511958	-44.20519072
-8.518098768	-42.91256801
-8.490551593	-42.95714032
-8.552642913	-42.93485204
-8.55922345	-42.95714032
-8.482315543	-42.93485204
-8.975252857	-46.58985437
-9.00667567	-46.56756609
-9.048937239	-46.54528203
-9.01312655	-46.58985437
-9.005145981	-46.52299375
-9.549676285	-48.72936387
-9.558828232	-48.70707984
-9.575349511	-48.70707984
-9.545503012	-48.68479155
-9.535322757	-48.68479155
-10.03262368	-50.86887764
-10.06399156	-50.89116592
-10.05047026	-50.86887764
-10.03807116	-50.84658936
-10.03390874	-50.84658936
-10.62508338	-52.96381483
-10.59262971	-52.96381483
-10.57759979	-52.98610311
-10.52336258	-52.96381483
-10.54256704	-52.98610311
-11.10935863	-55.41533908
-11.07363608	-55.43762736
-11.05256917	-55.37076674
-11.07125756	-55.43762736
-11.06080458	-55.39305502
-11.08938006	-54.74674154
-11.06951391	-54.72445751
-11.11457426	-54.79131811
-11.08653912	-54.74674154
-11.09632147	-54.74674154
-11.15187057	-53.09586462
-11.15557248	-53.09586462
-11.1553004	-53.05129231
-11.21131703	-53.07357634
-11.20435263	-53.09586462
-11.39532169	-55.77025469
-11.38097774	-55.77025469
-11.40477063	-55.77025469
-11.31343	-55.77025469
-11.35550251	-55.79254298
-11.6952097	-57.66461434
-11.63182373	-57.66461434
-11.63423547	-57.64232606
-11.62680482	-57.66461434
-11.66602617	-57.64232606
-12.02995035	-59.87098446
-12.07919164	-59.87098446
-12.11190846	-59.87098446
-12.03869289	-59.80412809
-12.07112613	-59.87098446
-12.5989346	-62.07735881
-12.61614759	-62.05507053
-12.61915204	-62.03278649
-12.58847906	-62.03278649
-12.56106346	-62.07735881
-13.09886888	-64.21686833
-13.08925005	-64.19458428
-13.07665231	-64.172296
-13.10064447	-64.172296
-13.04855074	-64.12772368
-13.63355361	-66.42324268
-13.61001365	-66.37867037
-13.62595179	-66.42324268
-13.57259982	-66.37867037
-13.53730648	-66.37867037
-13.62520579	-64.70717656
-13.60627341	-64.7294606
-13.58844854	-64.6626
-13.60171181	-64.7294606
-13.6182299	-64.68488828
-13.95223604	-67.67128885
-13.9422442	-67.62671653
-13.90195877	-67.60443248
-13.89389453	-67.60443248
-13.93505115	-67.67128885
-14.24043838	-68.71876168
-14.22589643	-68.71876168
-14.1530858	-68.6964734
-14.19406485	-68.6964734
-14.22459987	-68.6964734
-14.44400134	-70.21196195
-14.47060196	-70.18967367
-14.45952433	-70.16738964
-14.44795873	-70.16738964
-14.47080123	-70.18967367
-14.49514851	-67.91644297
-14.53062963	-68.02787589
-14.47440606	-67.96101529
-14.52018049	-67.98330357
-14.55352068	-67.96101529
-14.89297239	-71.19256996
-14.87618349	-71.19256996
-14.86794936	-71.17028593
-14.81438534	-71.19256996
-14.78840937	-71.19256996
-15.26128827	-73.24293908
-15.2909355	-73.26521887
-15.32008581	-73.26521887
-15.31092684	-73.24293908
-15.31271009	-73.24293908
-15.81656856	-75.47159748
-15.83662249	-75.4493092
-15.80855924	-75.42702092
-15.81179874	-75.42702092
-15.86364721	-75.40473264
-16.37583689	-77.52195811
-16.36232708	-77.54424639
-16.39435283	-77.56653467
-16.38327009	-77.49966983
-16.38304399	-77.52195811
-16.9695989	-79.79519307
-17.02797107	-79.83976114
-16.95932731	-79.81748135
-16.96174416	-79.83976114
-16.96463875	-79.79519307
-16.97969038	-77.76711223
-17.00562164	-77.70025586
-16.99604879	-77.74482395
-16.99779244	-77.72253567
-16.98926323	-77.72253567
-17.53358085	-81.46668687
-17.52505547	-81.46668687
-17.49391496	-81.42211031
-17.5410115	-81.44439859
-17.53158427	-81.42211031
-17.59160684	-80.68665643
-17.58352599	-80.75351278
-17.5638706	-80.77580106
-17.62901044	-80.79808934
-17.66124058	-80.82037762
-18.04184762	-83.18274874
-18.06933221	-83.13818068
-18.05704232	-83.13818068
-18.07820121	-83.18274874
-18.08023866	-83.13818068
-18.27871628	-84.20793329
-18.34758869	-84.20793329
-18.3212014	-84.11878866
-18.30442145	-84.16336522
-18.30866625	-84.09650038
-18.91569665	-86.16915778
-18.82920503	-86.10229294
-18.85012121	-86.12458122
-18.91488805	-86.08000466
-18.86773403	-86.10229294
-19.28927032	-87.50635283
-19.26510698	-87.48406455
-19.27363236	-87.48406455
-19.22071087	-87.4171997
-19.2337391	-87.46177627
-19.30281461	-84.94339567
-19.34292248	-84.89881911
-19.32630731	-84.92110739
-19.31480686	-84.92110739
-19.27845328	-84.92110739
-19.53255409	-87.06062114
-19.58265636	-87.06062114
-19.59174252	-87.03833286
-19.56958087	-87.10518923
-19.54670004	-87.06062114
-19.80725302	-88.75439473
-19.83385364	-88.73211494
-19.81403985	-88.6652501
-19.78526126	-88.68753838
-19.8233981	-88.68753838
-19.87551738	-86.61488947
-19.89201503	-86.63716926
-19.91731908	-86.59260119
-19.86503757	-86.59260119
-19.80558856	-86.61488947
-20.05603856	-88.97726057
-20.0251382	-88.95498079
-20.0892063	-88.9326925
-20.0995852	-88.9326925
-20.09092569	-88.9326925
-20.44239392	-90.60418631
-20.42861075	-90.58189802
-20.45823243	-90.62647459
-20.50339497	-90.55960974
-20.41225873	-90.60418631
-20.89413054	-91.96366961
-20.81573127	-91.91909305
-20.79722427	-91.91909305
-20.82534117	-91.89680477
-20.81506958	-91.91909305
-21.22009927	-93.10027862
-21.20161271	-93.03342225
-21.22946263	-93.01113397
-21.24625153	-93.01113397
-21.22838067	-93.03342225
-21.24018387	-90.96077334
-21.30856575	-90.98305313
-21.33605928	-90.98305313
-21.27065629	-90.96077334
-21.25155019	-90.96077334
-21.74552412	-94.10317489
-21.73263513	-94.10317489
-21.74948406	-94.05860682
-21.69323494	-94.05860682
-21.71242918	-94.03631854
-21.81025263	-91.51793794
-21.73220592	-91.56250601
-21.81042125	-91.54021773
-21.83329185	-91.54021773
-21.81216873	-91.51793794
-21.81484361	-89.22019181
-21.84508739	-89.24247159
-21.87644505	-89.22019181
-21.88631937	-89.19790353
-21.80436125	-89.19790353
-21.84260923	-88.9527494
-21.86657584	-88.97503768
-21.87658301	-88.9527494
-21.87156027	-88.9527494
-21.81319577	-88.9527494
-21.86455499	-88.9527494
-21.84176869	-88.88589305
-21.85807601	-88.9527494
-21.87198947	-88.93046112
-21.89575171	-88.9527494
-21.84326326	-88.90817284
-21.90512784	-88.90817284
-21.83999311	-88.93046112
-21.81235779	-88.88589305
-21.90754213	-88.93046112
-21.83193014	-88.93046112
-21.83563206	-88.93046112
-21.87379827	-88.90817284
-21.82713478	-88.90817284
-21.87270226	-88.88589305
-21.86481814	-88.9527494
-21.82995784	-88.97503768
-21.89270127	-88.90817284
-21.85784352	-88.93046112
-21.84022815	-88.9527494
-21.78332755	-84.1165573
-21.78904009	-84.09427749
-21.72209912	-84.13884558
-21.82646031	-84.13884558
-21.8057434	-84.16113384
-21.51249022	-79.83753825
-21.56040557	-79.83753825
-21.53991604	-79.83753825
-21.52359339	-79.83753825
-21.57799284	-79.88210634
-21.26881172	-75.29107682
-21.28803535	-75.24650025
-21.23400763	-75.26878854
-21.2616736	-75.29107682
-21.27165522	-75.29107682
-20.95610881	-70.92290466
-20.93829672	-70.9451887
-20.92128556	-70.96747698
-20.9907609	-71.01204932
-20.97901263	-70.9451887
-20.62557209	-66.64387714
-20.66457629	-66.6884537
-20.61384682	-66.66616542
-20.6107785	-66.6884537
-20.6689565	-66.62159311
-20.60536487	-67.15646943
-20.64980696	-67.13418539
-20.60843063	-67.13418539
-20.62668599	-67.17875771
-20.67357431	-67.15646943
-20.61062393	-68.38223154
-20.6064596	-68.38223154
-20.593204	-68.35994751
-20.61389281	-68.35994751
-20.6325978	-68.35994751
-20.20916457	-62.63229203
-20.2590714	-62.63229203
-20.19191709	-62.63229203
-20.21637423	-62.63229203
-20.27648366	-62.61000799
-19.88558203	-57.81839245
-19.8778793	-57.79610417
-19.86136249	-57.84067649
-19.82368807	-57.84067649
-19.87487612	-57.81839245
-19.48995657	-53.31650333
-19.43311729	-53.31650333
-19.46054822	-53.31650333
-19.4882474	-53.36107565
-19.41673333	-53.36107565
-19.04446516	-48.9929035
-19.10549943	-48.97061946
-19.03309884	-48.9929035
-19.06211375	-48.9929035
-19.10150755	-48.9929035
-19.00968789	-50.26658074
-19.07574618	-50.24429671
-19.03414247	-50.26658074
-19.09032389	-50.26658074
-19.05632584	-50.28886902
-18.95357034	-48.37222112
-18.92522607	-48.41679768
-18.96990703	-48.41679768
-18.92605893	-48.43908171
-18.90626814	-48.46136999
-18.60617574	-44.51664547
-18.54536885	-44.51664547
-18.62508896	-44.56121779
-18.56698122	-44.51664547
-18.58526339	-44.53892951
-18.49228258	-44.89551657
-18.61429108	-44.89551657
-18.56071939	-44.87322829
-18.60058583	-44.9178006
-18.56852049	-44.87322829
-18.53674511	-44.96237716
-18.56090078	-44.94008888
-18.54067057	-44.94008888
-18.62907829	-44.96237716
-18.579441	-44.96237716
-18.16650418	-40.34905088
-18.18412339	-40.37133917
-18.13578394	-40.39362745
-18.20130828	-40.37133917
-18.16390083	-40.37133917
-17.67363776	-35.53515129
-17.62675072	-35.55743744
-17.65421742	-35.57972361
-17.69188034	-35.53515129
-17.65688974	-35.55743744
-17.18719795	-31.50128001
-17.21908319	-31.47899173
-17.14427597	-31.52356618
-17.23316399	-31.47899173
-17.15081882	-31.52356618
-17.15000128	-32.74932829
-17.17917587	-32.72704214
-17.17802621	-32.74932829
-17.13235142	-32.74932829
-17.17854228	-32.70475386
-16.6073213	-26.86566969
-16.59113534	-26.91024201
-16.60859998	-26.84338355
-16.57831533	-26.91024201
-16.64938104	-26.84338355
-16.01585605	-22.29691998
-15.98833187	-22.31920615
-16.01015373	-22.36378057
-16.02756599	-22.34149229
-16.05199247	-22.36378057
-15.99579317	-23.05466426
-15.97676244	-23.05466426
-15.99205677	-23.03237811
-16.00792338	-23.03237811
-16.03564428	-23.01008983
-15.39583831	-17.88417551
-15.36335908	-17.90646379
-15.36345106	-17.88417551
-15.36054497	-17.88417551
-15.34924124	-17.88417551
-14.67830753	-13.53829268
-14.65970472	-13.56057885
-14.67653066	-13.58286502
-14.61878954	-13.56057885
-14.71270924	-13.56057885
-13.83882829	-9.236981128
-13.84599579	-9.214694982
-13.8682954	-9.192408813
-13.89497266	-9.214694982
-13.86889067	-9.192408813
-13.29620578	-6.562591593
-13.29319111	-6.540304912
-13.29005637	-6.562591593
-13.32365971	-6.540304912
-13.27007014	-6.584878273
-13.26180279	-7.164329042
-13.28684498	-7.119756193
-13.30254681	-7.142042873
-13.30615419	-7.164329042
-13.28335256	-7.164329042
-13.32644317	-7.164329042
-13.24346824	-7.186615722
-13.29162374	-7.208902424
-13.24432793	-7.186615722
-13.28550499	-7.186615722
-11.12637363	0.078810499
-11.14215082	0.212530001
-11.1630389	0.212530001
-11.16840015	0.14567025
-11.15484947	0.167956841
-11.5746536	-0.567500399
-11.5746536	-0.567500399
-11.5746536	-0.567500399
-11.5746536	-0.567500399
-11.54921031	-0.522927262
-10.74776699	0.881127558
-10.64161871	0.858840922
-10.66045209	0.903414104
-10.64142199	0.858840922
-10.69112124	0.881127558
-8.918036103	3.444084761
-8.976187915	3.533230992
-8.890407174	3.444084761
-8.969199248	3.3995114
-8.898408182	3.42179808
-8.96730039	2.775487249
-8.92230071	2.686340751
-8.922173608	2.664054337
-8.928105863	2.775487249
-8.961615312	2.775487249
-8.975871758	2.596637224
-8.941037643	2.596637224
-8.916446376	2.641210584
-8.923129105	2.574350789
-8.956503149	2.618923904
-8.886433177	2.195478784
-8.926626632	2.128619099
-8.881471747	2.21776533
-8.977835125	2.240052033
-8.929314924	2.284625148
-8.645068699	3.354381234
-8.593247053	3.376667647
-8.627954705	3.332094532
-8.584263723	3.332094532
-8.582617152	3.287521416
-7.604758223	4.580143079
-7.696097579	4.602429782
-7.652615452	4.535570231
-7.64930251	4.602429782
-7.649574597	4.535570231
-6.61877374	5.761332343
-6.660148154	5.783619046
-6.583953038	5.694472281
-6.614686054	5.694472281
-6.618648555	5.716758961
-5.655825926	6.741941931
-5.623644975	6.697368548
-5.634153523	6.697368548
-5.712927713	6.786515313
-5.647040593	6.697368548
-4.663691071	7.989990746
-4.665608132	7.989990746
-4.676838093	8.034563594
-4.718488745	7.967704065
-4.608043287	7.967704065
-3.864871216	8.992886502
-3.900761424	8.992886502
-3.89712466	8.992886502
-3.885297194	8.970600333
-3.887740865	8.970600333
-2.391328401	11.2215449
-2.424903955	11.2215449
-2.33336293	11.2215449
-2.377643752	11.24383212
-2.442948057	11.2215449
-1.204655753	13.47249052
-1.132683809	13.42791714
-1.187608344	13.42791714
-1.156076952	13.45020328
-1.235788436	13.45020328
-0.064650186	15.72343507
-0.025455319	15.72343507
-0.039602138	15.7011489
-0.010784358	15.72343507
-0.084416276	15.7011489
-0.018606687	14.54224634
-0.002894158	14.40852726
-0.001370037	14.45309957
-0.043286799	14.34166664
-0.015578892	14.45309957
0.02709093	14.25252094
-0.052946064	14.27480711
-0.016804582	14.18566141
-0.001724677	14.25252094
0.025905928	14.27480711
0.976835251	17.77380101
0.900799331	17.59550855
0.976761241	17.72922763
0.940007111	17.68465424
0.975103173	17.68465424
1.782178319	20.02474556
1.834259277	20.00245941
1.729683641	19.91331265
1.869741674	19.93559879
1.777540551	19.93559879
2.618459266	22.32026456
2.575561391	22.32026456
2.61455808	22.32026456
2.518458326	22.34255073
2.643772105	22.32026456
2.596186484	21.3619406
2.620848487	21.40651503
2.607826171	21.40651503
2.623276189	21.27279384
2.568694716	21.38422675
3.178816582	24.43749005
3.211320077	24.32605711
3.189722082	24.43749005
3.173670248	24.50434851
3.191439869	24.43749005
3.299933776	24.59349527
3.238132426	24.59349527
3.270920143	24.61578144
3.320747765	24.57120913
3.324647673	24.54892296
3.989042679	26.621574
4.0174719	26.6884346
3.964330698	26.66614843
4.03782315	26.64386228
4.026395192	26.6884346
4.63250841	28.87252068
4.624833779	28.82794623
4.680939831	28.76108775
4.639637591	28.80566007
4.689538663	28.80566007
5.245308828	31.16803755
5.252713289	31.19032372
5.2825831	31.14575138
5.236512637	31.14575138
5.277822861	31.14575138
5.843153742	33.35212364
5.871110963	33.37440978
5.847978489	33.35212364
5.812422004	33.39669595
5.864826784	33.30754919
6.466249382	35.55849587
6.458183865	35.53620759
6.418330837	35.55849587
6.45752728	35.58078202
6.409005802	35.51392142
6.890263829	37.8094383
6.960070657	37.89858718
6.884520629	37.8762989
6.892644268	37.8094383
6.947980047	37.92087122
7.021123449	37.67572134
7.06137822	37.69800537
6.974983687	37.65343306
7.103479475	37.69800537
7.032227266	37.67572134
7.64623419	40.14952962
7.535265636	40.19410618
7.61899934	40.12724559
7.591431088	40.08267327
7.586147753	40.1049573
8.173230874	42.4004763
8.193256706	42.37818802
8.159811127	42.37818802
8.222272255	42.37818802
8.171173618	42.33361571
8.728545007	44.38398058
8.726441764	44.47312946
8.705736354	44.33940826
8.702363374	44.33940826
8.74017192	44.33940826
8.774053093	43.15821844
8.75837426	43.06907381
8.746421609	43.11364613
8.724276568	43.11364613
8.706366752	43.11364613
9.224790791	46.52349433
9.266955278	46.50120605
9.270466217	46.54578261
9.233378765	46.50120605
9.220565145	46.56806664
9.806927173	48.90815796
9.888685375	48.88587392
9.797669202	48.88587392
9.845461922	48.90815796
9.838982938	48.90815796
10.37421695	50.98081113
10.40111648	50.98081113
10.38888663	50.95852285
10.39198944	50.9362388
10.40177179	50.9362388
10.9903648	53.14260892
10.94686543	53.07574832
11.00793546	53.07574832
10.94891055	53.05346429
10.92922195	53.12032488
11.02512291	51.60483633
10.9596931	51.62712036
11.03602809	51.60483633
10.92558519	51.62712036
11.00813474	51.58254805
11.56271756	55.50498851
11.54374686	55.50498851
11.51314031	55.48270023
11.57560399	55.50498851
11.51763676	55.48270023
11.5742244	52.58544432
11.58625114	52.540872
11.61916979	52.58544432
11.55115452	52.56316028
11.60720308	52.540872
11.86493811	56.06215311
11.79507444	56.03986483
11.86811373	56.10672545
11.8412142	56.06215311
11.92044761	55.99529252
12.12519728	58.13480629
12.14839234	58.13480629
12.19684548	58.15709032
12.16841818	58.11251801
12.18203911	58.15709032
12.62335342	60.25203176
12.74370513	60.18517116
12.65578538	60.11831057
12.73305543	60.16288288
12.60562563	60.16288288
13.16490801	62.16867544
13.22116097	62.25782432
13.17858771	62.16867544
13.26298694	62.1463914
13.18717824	62.1463914
13.78609713	64.44190616
13.82297445	64.4196221
13.7945497	64.39733384
13.78939794	64.4196221
13.79362614	64.39733384
14.4088434	66.53684759
14.37612658	66.55913162
14.39899719	66.55913162
14.31980976	66.51455931
14.44354275	66.53684759
14.37072061	65.17736426
14.38546694	65.22193658
14.41243418	65.22193658
14.40093245	65.19965255
14.43464692	65.26651314
14.37999328	64.30818919
14.45594377	64.3527615
14.34403696	64.33047322
14.44324256	64.28590091
14.43075468	64.33047322
14.6334771	67.18315682
14.6634143	67.13858451
14.68471115	67.25001742
14.66559355	67.16087279
14.63895971	67.16087279
14.98348526	69.18894938
15.00594838	69.12208878
15.03478445	69.25580998
14.93185651	69.12208878
15.00522154	69.12208878
15.45420792	71.2393185
15.55282336	71.26159831
15.5237995	71.17245366
15.5632559	71.17245366
15.5173218	71.19474194
16.14552002	73.4679769
16.20546339	73.44568862
16.20976696	73.49025669
16.12833002	73.44568862
16.16308813	73.40111206
16.88095487	75.00574949
16.73263061	74.98346121
16.87248952	74.98346121
16.76944789	74.98346121
16.88273556	74.98346121
17.17228429	76.65495501
17.11021788	76.61037845
17.13131034	76.65495501
17.1321662	76.63266673
17.16296308	76.61037845
17.56131325	77.76928421
17.50625339	77.76928421
17.53189851	77.76928421
17.59389083	77.74699593
17.52733946	77.76928421
18.12873651	79.84193314
18.17493503	79.81965333
18.04948521	79.79736505
18.15906842	79.79736505
18.11174706	79.79736505
18.68495057	81.58029176
18.75011085	81.51342692
18.74098765	81.51342692
18.80469935	81.49114713
18.67350633	81.49114713
18.77097466	79.84193314
18.83317775	79.90879798
18.71228314	79.8865097
18.82859699	79.79736505
18.76337284	79.86422142
19.20352726	82.73918905
19.21753653	82.73918905
19.20425283	82.73918905
19.15090852	82.69462096
19.2189851	82.67233268
19.63025619	83.6083726
19.58735464	83.56379604
19.57063089	83.56379604
19.55113901	83.6083726
19.54365855	83.54150776
19.6484911	81.55800348
19.60949713	81.60258004
19.60507093	81.58029176
19.62390111	81.55800348
19.63850821	81.5357152
19.68137015	77.99075863
19.60760529	77.99075863
19.6828315	78.03533519
19.65512721	77.96847035
19.72255232	78.03533519
19.68152727	77.70103644
19.60538134	77.67874815
19.68245084	77.67874815
19.6781511	77.65645987
19.71853233	77.63417159
19.6027269	75.60609075
19.62103462	75.60609075
19.68870372	75.53923438
19.64839657	75.62837903
19.66730979	75.6729556
19.5571262	75.65066732
19.68131267	75.62837903
19.58766249	75.62837903
19.70193122	75.58381095
19.57318697	75.6729556
19.42019125	71.4830727
19.41351555	71.4830727
19.42005968	71.50536099
19.45879179	71.50536099
19.37194378	71.50536099
19.2161761	67.40463124
19.11934008	67.33777064
19.16369914	67.40463124
19.14889278	67.36005893
19.22542321	67.36005893
18.94937407	63.79420548
18.95835165	63.7050566
18.93622705	63.83877781
18.85902087	63.79420548
18.96841886	63.86106185
18.90235674	64.10621597
18.92521329	64.03935536
18.91312651	64.06164364
18.91642987	64.08392769
18.90539057	64.03935536
18.47121566	57.99969365
18.46923569	58.04426596
18.40506284	58.0888383
18.54174869	58.06655002
18.44979619	57.95511709
18.31306818	55.77103525
18.25887695	55.83789162
18.3610589	55.8601799
18.30593772	55.83789162
18.32312389	55.83789162
18.11139961	53.38636737
18.10089809	53.43094393
18.1016211	53.38636737
18.10638708	53.45322797
18.11729993	53.4978003
17.71633748	49.10734409
17.72447709	49.17420469
17.72512345	49.06277178
17.77728361	49.15191641
17.65481013	49.15191641
17.28543145	44.69459963
17.31345765	44.71688791
17.34690004	44.69459963
17.29066624	44.7837485
17.24465422	44.73917619
17.29377927	45.34091311
17.31320983	45.34091311
17.2747447	45.36319714
17.30481986	45.4077737
17.27956817	45.36319714
17.278453	46.23126078
17.23958166	46.16440018
17.26985736	46.20897675
17.25928431	46.23126078
17.24824244	46.18668847
16.92112788	40.45903723
16.87762212	40.39217662
16.89910675	40.39217662
16.849145	40.43674895
16.92119175	40.45903723
16.82971572	40.48132127
16.94155737	40.54818186
16.82172812	40.52589783
16.95206145	40.50360955
16.79047137	40.59275418
16.37523012	35.71199399
16.4340481	35.68970571
16.43061061	35.66742167
16.53827899	35.66742167
16.35862773	35.62284936
15.90740078	31.52211537
16.00124001	31.41068243
16.01691374	31.45525688
16.01962438	31.47754303
15.93567608	31.43297071
15.51034463	26.77507423
15.39957982	26.81964657
15.50547262	26.90879331
15.5223241	26.90879331
15.43336583	26.90879331
15.05630101	23.78867158
15.08677088	23.81095772
15.05338598	23.72181096
15.06336888	23.78867158
15.06536035	23.83324389
14.88722663	22.40690421
14.93370107	22.47376268
14.82662285	22.45147653
14.89806794	22.42919036
14.91373656	22.47376268
14.89516313	22.96406882
14.87599188	22.91949437
14.9011682	22.87492205
14.84341813	22.98635496
14.86620954	22.91949437
14.88181811	22.98635496
14.91836714	22.96406882
14.85458646	22.98635496
14.89199518	22.96406882
14.8707737	22.94178053
14.90880706	23.6549525
14.78883985	23.63266633
14.90775065	23.63266633
14.82875994	23.58809188
14.94422815	23.61037805
14.23512311	17.86044065
14.21258591	17.8381545
14.21126124	17.81586622
14.20452167	17.8381545
14.29103372	17.81586622
14.19621089	17.94958741
14.26263324	17.94958741
14.19978889	18.06102034
14.24492078	17.97187358
14.21861652	17.97187358
13.60637177	13.8711417
13.70637319	13.84885448
13.58905787	13.89342787
13.69560469	13.89342787
13.56314832	13.89342787
13.20405017	11.17446439
13.214438	11.24132501
13.18218104	11.21903778
13.22580177	11.24132501
13.23077342	11.33047071
12.79471562	8.923519844
12.76173566	8.945806013
12.73364814	8.968093227
12.73952802	8.923519844
12.79815311	8.945806013
12.47396764	7.720044412
12.45811635	7.786903963
12.46948012	7.764617794
12.4296124	7.675471029
12.4296239	7.742331114
12.35726291	6.962300669
12.30359414	6.962300669
12.2537563	6.962300669
12.33340104	6.962300669
12.30867948	6.917727286
11.79092543	4.599922653
11.71161026	4.577635973
11.70162864	4.577635973
11.70188796	4.55534927
11.71082594	4.644496035
11.42532147	3.55245327
11.39345029	3.463306772
11.45837042	3.574739683
11.41289363	3.574739683
11.40522794	3.55245327
11.45285587	3.864465323
11.37803971	3.909038439
11.39694782	3.909038439
11.39562826	3.931325141
11.40408594	3.909038439
11.39926503	3.953611821
11.33443304	4.020471372
11.44183956	4.042758052
11.40938844	4.020471372
11.33258975	4.065044755
11.34715085	4.221050781
11.41998065	4.154190986
11.3863952	4.087331168
11.42776642	4.065044755
11.35697024	4.020471372
10.90575607	2.393550953
11.05837624	2.438124068
10.98725049	2.393550953
11.0216356	2.482697184
10.95493478	2.438124068
10.97553799	3.285014309
10.98955876	3.37416054
11.01209085	3.307300745
10.9806987	3.307300745
10.93660278	3.240440927
10.91821074	3.31008651
10.99305118	3.443806124
11.00295871	3.399233008
10.92092906	3.376946306
10.94769574	3.354659893
10.84945203	2.262617105
10.81203947	2.240330692
10.82486587	2.284903807
10.8817077	2.284903807
10.84773264	2.262617105
10.10707578	0.279111183
10.14588261	0.323684321
10.1329949	0.323684321
10.07581711	0.301397774
10.17099506	0.301397774
5.792535409	-6.496010433
5.712371405	-6.451437073
5.693827359	-6.473723753
5.738706325	-6.473723753
5.788805395	-6.473723753
5.726649566	-6.139424997
5.73247899	-6.094851615
5.727935271	-6.161711678
5.766506426	-6.139424997
5.783095407	-6.139424997
4.828555134	-7.565766252
4.870627328	-7.543479572
4.8553595	-7.543479572
4.875785478	-7.543479572
4.834408509	-7.543479572
4.046603054	-8.635522605
4.086847286	-8.680095453
4.065044268	-8.635522605
4.043534095	-8.613235925
4.038908303	-8.613235925
3.29816138	-9.861284206
3.292278625	-9.861284206
3.190124464	-9.88357142
3.246277461	-9.861284206
3.259336661	-9.838998037
2.526335905	-10.93104107
2.471873549	-10.93104107
2.559620212	-10.90875386
2.587313809	-10.90875386
2.495629555	-10.95332724
2.497424464	-9.861284206
2.49633979	-9.838998037
2.504430216	-9.861284206
2.51392307	-9.838998037
2.507434825	-9.88357142
1.563478147	-12.1568032
1.612520805	-12.1568032
1.61192362	-12.1568032
1.594909742	-12.13451597
1.56917057	-12.11222982
1.010632834	-13.11512609
1.089719588	-13.09283888
1.022397786	-13.11512609
0.969455619	-13.11512609
1.028912776	-13.09283888
0.358407358	-14.36317437
0.404769028	-14.38546158
0.408706381	-14.36317437
0.406298438	-14.34088822
0.41522173	-14.34088822
-0.637530482	-16.45811369
-0.592878215	-16.43582648
-0.58501369	-16.43582648
-0.604805119	-16.41354031
-0.589800555	-16.41354031
-1.049732434	-17.61701628
-1.050148707	-17.55015568
-1.07978667	-17.52786951
-1.063289501	-17.50558334
-1.063525342	-17.52786951
-1.520860502	-18.64219765
-1.572018538	-18.64219765
-1.526770083	-18.6199115
-1.54616408	-18.59762533
-1.534606785	-18.64219765
-2.190528943	-20.04625329
-2.108862554	-20.02396712
-2.065901767	-20.02396712
-2.05740401	-20.00168097
-2.104038605	-20.02396712
-2.875241667	-21.85146617
-2.841325365	-21.80689385
-2.841135032	-21.85146617
-2.86552415	-21.85146617
-2.874221022	-21.87375232
-2.826368903	-20.98228896
-2.894550237	-21.00457724
-2.857338238	-21.00457724
-2.85321191	-21.02686341
-2.877999578	-21.02686341
-3.554707142	-24.30299039
-3.563168334	-24.30299039
-3.597594	-24.25841808
-3.547983856	-24.23613193
-3.565233893	-24.23613193
-4.26343247	-26.50936265
-4.257937725	-26.46479031
-4.300464036	-26.44250203
-4.344455527	-26.46479031
-4.279125673	-26.48707648
-4.957743912	-28.55972752
-4.959669596	-28.60430195
-4.876484217	-28.5820158
-4.948594201	-28.5820158
-5.019201002	-28.51515521
-5.585054659	-30.85524652
-5.603106905	-30.89981884
-5.639488592	-30.87753267
-5.654095046	-30.87753267
-5.595300701	-30.85524652
-6.239772386	-33.06161876
-6.211246721	-33.03933259
-6.206233557	-33.0839049
-6.314499128	-33.0839049
-6.238081106	-33.03933259
-6.903692518	-35.46856855
-6.862570391	-35.42399624
-6.887393506	-35.44628238
-6.852135933	-35.46856855
-6.897214173	-35.46856855
-7.452566628	-37.58579616
-7.370674938	-37.58579616
-7.372023235	-37.56350788
-7.433228038	-37.56350788
-7.45090345	-37.54122382
-7.997223395	-39.59158871
-7.95323861	-39.61387275
-7.971379635	-39.59158871
-7.972040691	-39.59158871
-7.969198471	-39.59158871
-8.528257947	-42.02082466
-8.499468498	-41.99854062
-8.559388234	-42.02082466
-8.604691298	-41.99854062
-8.570530374	-42.04311294
-9.089104507	-44.18262246
-9.047673249	-44.22719903
-9.048165049	-44.20491075
-9.049051566	-44.18262246
-9.145541407	-44.13805015
-9.107600011	-42.9345763
-9.154226463	-42.91228801
-9.084938261	-42.97914861
-9.080367716	-42.9345763
-9.10303777	-42.9345763
-9.610410365	-46.56729034
-9.61975009	-46.50042974
-9.557950018	-46.50042974
-9.584095244	-46.52271378
-9.625064721	-46.47814146
-10.0986545	-48.59536693
-10.06725915	-48.59536693
-10.12039972	-48.59536693
-10.1134877	-48.5730829
-10.13024593	-48.59536693
-10.24410461	-46.09676326
-10.18571265	-46.11905154
-10.19136068	-46.09676326
-10.12686018	-46.14133558
-10.14037318	-46.11905154
-10.77195715	-50.99981173
-10.74122286	-50.99981173
-10.75295963	-51.02210002
-10.70701531	-50.97752345
-10.66865237	-50.99981173
-10.7651486	-49.21688502
-10.75074078	-49.21688502
-10.71392925	-49.21688502
-10.70847985	-49.2391733
-10.74374317	-49.26145734
-10.9447756	-51.40097109
-10.98247812	-51.37868283
-10.99117467	-51.40097109
-10.98185347	-51.40097109
-10.97270472	-51.42325514
-11.28978145	-53.16160954
-11.27780581	-53.11703723
-11.29846395	-53.13932548
-11.24208454	-53.13932548
-11.27043264	-53.09474894
-11.82628775	-55.39026792
-11.83632175	-55.34569561
-11.81979727	-55.34569561
-11.81347924	-55.32340732
-11.83981544	-55.30112329
-11.80322554	-54.81081929
-11.8217006	-54.83310334
-11.84085908	-54.78853101
-11.83607138	-54.81081929
-11.78597167	-54.81081929
-12.25588317	-57.48520938
-12.21447874	-57.50749341
-12.24385388	-57.48520938
-12.18026991	-57.48520938
-12.18007064	-57.48520938
-12.79246867	-59.91444532
-12.80271216	-59.91444532
-12.82864853	-59.89215704
-12.82276865	-59.89215704
-12.86999931	-59.91444532
-13.29866989	-61.85337728
-13.29561818	-61.80880497
-13.24161856	-61.80880497
-13.26776443	-61.83109325
-13.2562512	-61.78651669
-13.84567516	-64.1934686
-13.80168399	-64.17118456
-13.79210092	-64.17118456
-13.77402696	-64.1934686
-13.79735104	-64.14889628
-14.35397771	-66.3552664
-14.39949026	-66.37755468
-14.34595051	-66.37755468
-14.3631635	-66.3552664
-14.35205905	-66.3552664
-14.32697598	-64.55005563
-14.31408444	-64.55005563
-14.34651001	-64.57233969
-14.34042958	-64.57233969
-14.38203329	-64.55005563
-14.84102172	-68.91822356
-14.84884964	-68.89593951
-14.9021914	-68.89593951
-14.86674988	-68.85136719
-14.86652378	-68.87365125
-15.36261691	-70.96858843
-15.36522537	-70.9463044
-15.43059003	-70.9463044
-15.40207714	-70.96858843
-15.43759019	-70.90173206
-15.95504021	-73.04124159
-15.94392554	-72.99667352
-15.93913017	-72.97438524
-15.92535467	-72.99667352
-15.91972516	-72.95209696
-16.58585583	-75.33676483
-16.51705368	-75.33676483
-16.56322155	-75.35904462
-16.56321388	-75.31447655
-16.55818986	-75.31447655
-16.54496108	-74.53444611
-16.59983189	-74.5790142
-16.59397628	-74.55673439
-16.63446737	-74.5790142
-16.59097311	-74.5790142
-17.18964162	-77.67685615
-17.14260002	-77.6099913
-17.1443194	-77.6099913
-17.0811672	-77.63227959
-17.09900612	-77.58770302
-17.1466877	-75.15846706
-17.19179149	-75.1361788
-17.22209147	-75.11389899
-17.16786447	-75.1361788
-17.21167298	-75.09161071
-17.7324353	-79.17005217
-17.71719973	-79.14776391
-17.75354565	-79.14776391
-17.72350371	-79.12548411
-17.71696213	-79.12548411
-18.15199162	-81.15355647
-18.18443763	-81.10898838
-18.16589997	-81.13127666
-18.15545082	-81.0867001
-18.23538425	-81.06441182
-18.49097069	-81.97816346
-18.48637332	-81.95587518
-18.50223993	-81.95587518
-18.4700098	-81.93358689
-18.48484427	-81.91130711
-18.61618163	-82.06730811
-18.5752013	-82.06730811
-18.60524707	-82.08959639
-18.512196	-82.13417295
-18.52892996	-82.17874102
-19.15648438	-83.80566673
-19.15932787	-83.80566673
-19.14716317	-83.80566673
-19.13535998	-83.78337845
-19.16322012	-83.76109017
-19.60926464	-85.38800741
-19.5632705	-85.43258397
-19.60860295	-85.38800741
-19.59767094	-85.41029569
-19.60335538	-85.41029569
-19.94075686	-86.27947076
-19.92374314	-86.30175905
-19.95186131	-86.27947076
-19.88480154	-86.25719098
-19.92098267	-86.2349027
-19.94640936	-83.89481138
-19.93616332	-83.89481138
-19.95898027	-83.93937945
-19.95619171	-83.89481138
-19.97685368	-83.91709967
-20.31684318	-86.61376954
-20.26807708	-86.65834611
-20.31082151	-86.56920145
-20.25286322	-86.61376954
-20.28419534	-86.61376954
-20.81672892	-88.37441645
-20.8093251	-88.37441645
-20.77818459	-88.32983989
-20.74550354	-88.35212817
-20.75766696	-88.35212817
-21.20941892	-89.64474665
-21.13429746	-89.62245837
-21.1371384	-89.62245837
-21.15742865	-89.62245837
-21.20447665	-89.5778903
-21.49384525	-90.49164194
-21.49975452	-90.46935366
-21.43639538	-90.44706538
-21.45315489	-90.46935366
-21.47886644	-90.46935366
-21.52817927	-88.84242792
-21.58197833	-88.84242792
-21.51343038	-88.79785986
-21.50361994	-88.82014814
-21.50361994	-88.82014814
-21.56193845	-87.59438603
-21.55498172	-87.5052329
-21.56539765	-87.52752118
-21.53056545	-87.52752118
-21.55756718	-87.54980946
-21.53984961	-87.23779897
-21.5825225	-87.26008725
-21.59299209	-87.23779897
-21.56529802	-87.23779897
-21.62605381	-87.28236705
-21.53897331	-87.14865434
-21.55448608	-87.05950121
-21.53180453	-87.17093414
-21.54335991	-87.12636605
-21.59193951	-87.12636605
-21.62041025	-86.56920145
-21.61891313	-86.54691317
-21.6320014	-86.54691317
-21.5862704	-86.59148974
-21.60826982	-86.54691317
-21.57368288	-85.25345475
-21.62903016	-85.23116647
-21.63316128	-85.20887819
-21.6438378	-85.23116647
-21.66144551	-85.20887819
-21.641656	-84.02769264
-21.62076026	-83.98311608
-21.59155374	-84.02769264
-21.63097692	-84.00540436
-21.65948853	-83.98311608
-21.53063188	-80.01610753
-21.4633179	-80.03839581
-21.46265621	-80.03839581
-21.42696815	-80.03839581
-21.46005286	-80.06068409
-21.32873721	-76.94056233
-21.31546756	-76.87369749
-21.32981917	-76.91827405
-21.26667463	-76.94056233
-21.29062847	-76.91827405
-21.34423082	-77.65372791
-21.35774318	-77.63143965
-21.32009303	-77.60915984
-21.30873565	-77.65372791
-21.34403154	-77.65372791
-20.87376876	-70.58888165
-20.88963537	-70.58888165
-20.91970796	-70.58888165
-20.8944269	-70.61116993
-20.92314545	-70.58888165
-20.56454038	-66.5550125
-20.56519185	-66.51043594
-20.56103902	-66.5550125
-20.60918558	-66.53272422
-20.62402771	-66.5550125
-20.65087487	-66.91159529
-20.61650509	-66.91159529
-20.6134917	-66.88931126
-20.59845285	-66.86702298
-20.65179971	-66.91159529
-20.31885509	-62.18684033
-20.33454797	-62.16455205
-20.25050386	-62.14226801
-20.23936236	-62.11997973
-20.24040089	-62.18684033
-19.87500386	-57.77409586
-19.91207024	-57.72952355
-19.95649956	-57.77409586
-19.91971294	-57.75181183
-19.89944695	-57.72952355
-19.56533478	-53.13848555
-19.52482198	-53.13848555
-19.53958491	-53.11620152
-19.49385137	-53.11620152
-19.48862807	-53.11620152
-19.12364365	-48.94861115
-19.16155438	-48.97089519
-19.11079937	-49.01546752
-19.13019544	-48.99318347
-19.10190482	-48.99318347
-18.65697036	-44.49129437
-18.67073181	-44.53586668
-18.71143239	-44.49129437
-18.72865433	-44.5135784
-18.70662042	-44.53586668
-18.66785255	-45.1376036
-18.70354699	-45.1376036
-18.65126548	-45.1376036
-18.67304008	-45.11531532
-18.63013981	-45.11531532
-18.61546884	-46.10038607
-18.63745166	-46.12267011
-18.66319131	-46.10038607
-18.68520094	-46.10038607
-18.61094429	-46.12267011
-18.63486364	-46.8135559
-18.67273861	-46.8135559
-18.62160421	-46.79126762
-18.61287955	-46.79126762
-18.57278701	-46.76898358
-18.48545614	-44.20602643
-18.47411409	-44.18373814
-18.47867697	-44.18373814
-18.45578592	-44.25059874
-18.46671154	-44.18373814
-18.10334942	-39.72642134
-18.13557955	-39.74870962
-18.11769337	-39.72642134
-18.14730227	-39.72642134
-18.08805764	-39.74870962
-17.65865767	-35.558831
-17.63467317	-35.60340331
-17.63946215	-35.58111714
-17.66514048	-35.60340331
-17.6653998	-35.558831
-17.12914514	-30.92322069
-17.13348192	-30.94550683
-17.15201447	-30.92322069
-17.164206	-30.90093452
-17.21319181	-30.94550683
-16.63602069	-26.73334204
-16.6205539	-26.73334204
-16.62425582	-26.73334204
-16.6390328	-26.75563032
-16.63185891	-26.73334204
-15.99872736	-22.34288585
-16.02353962	-22.32059969
-16.02460625	-22.365172
-16.06839048	-22.34288585
-15.99129288	-22.365172
-15.93990939	-22.81090369
-15.92266701	-22.85547814
-15.95251479	-22.87776429
-15.98825905	-22.83318986
-15.98433104	-22.85547814
-15.41356609	-17.90785522
-15.36832562	-17.88556905
-15.37024939	-17.93014139
-15.37093536	-17.90785522
-15.3467503	-17.90785522
-14.6761896	-13.62883194
-14.67555473	-13.60654473
-14.70430777	-13.60654473
-14.672922	-13.65111811
-14.66726567	-13.62883194
-13.82527761	-9.171515138
-13.86355751	-9.216087475
-13.80452493	-9.171515138
-13.82587288	-9.171515138
-13.76510431	-9.193801307
-13.31272259	-6.764563762
-13.31360911	-6.74227706
-13.31206345	-6.764563762
-13.26787173	-6.74227706
-13.28308431	-6.786850442
-13.27737943	-7.433161274
-13.28979578	-7.388587892
-13.25212008	-7.388587892
-13.27194792	-7.388587892
-13.25978577	-7.388587892
-13.23192691	-7.834319581
-13.19838872	-7.856606261
-13.23129204	-7.812032879
-13.265041	-7.834319581
-13.26070678	-7.812032879
-13.10093827	-6.608557469
-13.10227699	-6.541697918
-13.15996064	-6.608557469
-13.08724452	-6.56398462
-13.11094544	-6.586270766
-10.96538009	0.188850494
-11.0298263	0.166563903
-10.97046543	0.211137085
-10.98984617	0.099704174
-10.97278391	0.166563903
-8.679189385	3.420405053
-8.663062823	3.420405053
-8.674379966	3.308972142
-8.660296609	3.353545524
-8.722883561	3.39811864
-8.627309617	3.174974136
-8.609463672	3.174974136
-8.591878955	3.197260839
-8.615144918	3.197260839
-8.603642551	3.219547252
-7.502231381	4.534455595
-7.542824663	4.467596067
-7.522857591	4.512169449
-7.54268351	4.534455595
-7.491003017	4.489882747
-6.5574693	5.448205654
-6.539869255	5.581925268
-6.567113047	5.492779037
-6.504574636	5.581925268
-6.511653998	5.537351885
-5.311669545	6.540248153
-5.335508741	6.696254469
-5.327783333	6.629394918
-5.34655252	6.651681087
-5.408877924	6.673967767
-4.352511143	7.81058367
-4.382847206	7.83287035
-4.373998323	7.766010288
-4.426281111	7.766010288
-4.37234281	7.788296968
-3.897984351	8.4346078
-3.876836961	8.412321631
-3.901226079	8.412321631
-3.847625011	8.390034951
-3.857270994	8.412321631
-3.749819447	7.743724119
-3.760199935	7.721437439
-3.813801002	7.743724119
-3.761059946	7.721437439
-3.737468885	7.676864057
-3.098034954	8.991772934
-3.12838411	8.902626169
-3.142067002	8.902626169
-3.1424515	8.991772934
-3.198234051	9.01405908
-2.419687365	10.15067445
-2.438533037	10.0838149
-2.40144303	10.15067445
-2.379172802	10.12838828
-2.415325196	10.15067445
-1.704414074	11.15357072
-1.690344289	11.08671119
-1.664621244	11.17585795
-1.687489934	11.17585795
-1.701436131	11.17585795
-0.458045915	13.47137589
-0.407560671	13.38222912
-0.390051441	13.33765681
-0.474386202	13.35994297
-0.45872182	13.35994297
0.183479463	14.60799123
0.182818288	14.60799123
0.11565647	14.5411317
0.15320736	14.60799123
0.130001465	14.56341892
0.847626513	15.87832675
0.840623236	15.90061396
0.803408602	15.87832675
0.79150577	15.83375337
0.727858415	15.85604058
1.132885878	16.59149764
1.121596119	16.68064441
1.198267067	16.68064441
1.192321558	16.70293056
1.166873873	16.70293056
1.633610074	17.68354068
1.622890276	17.59439391
1.564864607	17.63896729
1.6003585	17.63896729
1.587733457	17.63896729
2.470488366	19.93448525
2.519666589	19.95677139
2.511600433	19.93448525
2.514779089	19.97905756
2.522965958	19.91219908
3.274173367	22.14085748
3.321816311	22.05171072
3.310849815	22.09628303
3.268215564	22.07399689
3.2943263	22.09628303
3.370084225	21.20481967
3.328895035	21.11567505
3.347079172	21.18253351
3.303061814	21.20481967
3.343576855	21.18253351
4.063715451	24.36951586
4.056835044	24.32494143
4.062058341	24.34722972
3.997015903	24.32494143
4.067804095	24.32494143
4.720201102	26.59817426
4.729586175	26.59817426
4.726745552	26.62046043
4.732752216	26.55359984
4.669766076	26.57588812
5.303149912	29.04969851
5.325956009	29.07198466
5.341071188	28.91597943
5.393351741	28.91597943
5.394998312	28.87140498
6.018288756	31.01091662
6.036471935	31.07777721
5.968987424	31.07777721
6.010089112	30.98863047
5.991518241	31.01091662
6.587939171	33.39558238
6.569831997	33.41786855
6.657944635	33.46244087
6.689127935	33.35100793
6.644784839	33.41786855
7.268722926	35.4905217
7.228422169	35.6019525
7.189211036	35.4905217
7.130709854	35.44594725
7.181009476	35.44594725
7.803889234	37.51860041
7.787914683	37.65232162
7.791877823	37.63003334
7.750104221	37.63003334
7.766430058	37.63003334
8.392584437	39.99241294
8.415790361	40.03698525
8.397006164	39.94783637
8.386562764	39.94783637
8.29416508	39.97012466
8.983027764	42.19878306
8.935492441	42.10963841
8.991166093	42.24335537
8.980061637	42.24335537
8.949327344	42.24335537
9.457760821	44.58344669
9.523064807	44.60573497
9.530071357	44.60573497
9.584332841	44.58344669
9.581030757	44.60573497
9.504146483	42.97881348
9.564627637	43.00110176
9.589080306	42.97881348
9.577239428	42.91195289
9.570821121	42.86738057
9.548322239	41.63827564
9.552558743	41.70513624
9.583156992	41.66055967
9.610986473	41.68284796
9.577077197	41.68284796
9.60572677	40.90281751
9.54810061	40.96967811
9.558467366	40.90281751
9.512669309	40.94738983
9.590261264	40.92510579
9.594806899	40.81367288
9.601288437	40.83595691
9.553369254	40.83595691
9.557331117	40.81367288
9.500429881	40.8582452
9.597649119	40.81367288
9.555351144	40.83595691
9.561831404	40.8582452
9.519920482	40.81367288
9.558453314	40.81367288
9.805756434	44.84754203
9.890689618	44.84754203
9.936949456	44.80296972
9.927642305	44.89211434
9.909260489	44.84754203
10.18094602	46.8979069
10.24235074	46.8979069
10.25127403	46.8979069
10.2053361	46.8979069
10.18980864	46.92019518
10.59996391	48.88141543
10.60598303	48.90369946
10.56473188	48.83684311
10.63221512	48.83684311
10.63156939	48.94827602
11.21019036	51.22150674
11.19082239	51.19921846
11.24858524	51.15464614
11.25512809	51.15464614
11.21863654	51.11007383
11.76050155	53.33873221
11.81946387	53.36101627
11.82983255	53.31644393
11.81438237	53.42787686
11.83723764	53.33873221
12.39140148	55.58967465
12.42775506	55.61196293
12.35175092	55.61196293
12.38710302	55.56739061
12.37321766	55.54510233
12.94938219	57.70690014
13.02683618	57.64004377
13.033121	57.66232782
13.05096758	57.66232782
13.06563088	57.61775548
13.64492249	59.93555854
13.65028375	59.9801351
13.67057144	59.95784682
13.66276907	59.93555854
13.60618527	59.91327448
14.09418862	62.14193289
14.1625935	62.14193289
14.15677621	62.1196446
14.21335362	62.14193289
14.23416506	62.09736057
14.77949182	64.43745188
14.80050253	64.39287532
14.76526923	64.39287532
14.78304428	64.32601897
14.74088107	64.39287532
15.34617547	66.86668785
15.36718107	66.79982725
15.38205259	66.7775432
15.42329223	66.73296663
15.44767784	66.73296663
15.47272386	64.68260176
15.47602594	64.68260176
15.4686234	64.68260176
15.42566565	64.72717408
15.48997262	64.70489004
16.03157193	68.87248041
16.02271186	68.82790807
16.07116628	68.87248041
16.09277992	68.85019213
16.04466146	68.85019213
16.54317017	71.10113879
16.63074757	71.07885053
16.58824841	71.07885053
16.63418378	71.07885053
16.64501232	71.01199416
17.34836011	73.24064831
17.38643691	73.26293659
17.35318741	73.24064831
17.38219593	73.21836853
17.2837044	73.15150368
18.06401694	75.55845984
18.02284371	75.58073963
18.01451505	75.58073963
18.0158972	75.53617156
18.01411523	75.53617156
18.53291035	77.22995364
18.61023916	77.20766536
18.63679635	77.11852071
18.67236305	77.18537708
18.67771026	77.14080052
18.9586659	78.277418
18.87743335	78.277418
18.91067007	78.18827335
18.92091356	78.18827335
18.94966788	78.18827335
18.99190134	75.2018728
18.9882633	75.17958452
19.00630788	75.2018728
19.01073408	75.17958452
18.94159469	75.13500796
18.93538141	75.15729624
18.94694829	75.13500796
18.92883856	75.15729624
18.97199814	75.13500796
18.99526474	75.15729624
19.06827849	74.48869871
18.98850218	74.51098699
18.99266523	74.48869871
18.89663142	74.48869871
18.97191256	74.51098699
19.06083123	74.17668823
18.9754995	74.15439995
18.9850187	74.17668823
18.94662255	74.19897651
18.99302035	74.17668823
19.07666974	71.88590772
19.06121829	71.97505235
18.96504013	71.93047581
18.96061649	71.95276407
18.94099304	71.97505235
19.0131126	73.04480499
18.99732264	73.08938155
19.03037541	73.11166984
19.02707205	73.13395812
18.98252904	73.20081449
19.17867796	75.87520456
19.17491473	75.91978112
19.24860678	75.87520456
19.27061514	75.87520456
19.2324783	75.87520456
19.12290275	72.01962892
19.10637828	72.01962892
19.17168418	72.04190872
19.15489784	72.04190872
19.17934476	71.99734063
18.94704154	67.38401438
18.9226521	67.36173032
18.92562461	67.38401438
18.85616077	67.40630266
18.87659026	67.42858669
18.85645074	67.6068802
18.92115754	67.58459617
18.91891442	67.6068802
18.9095319	67.6068802
18.89214263	67.58459617
18.53944809	62.32496066
18.60170995	62.34724894
18.62140365	62.32496066
18.62668699	62.30267238
18.60633542	62.34724894
18.24271782	57.88993213
18.2803322	57.91221619
18.27794857	57.88993213
18.21884956	57.84535557
18.24774056	57.88993213
17.91215299	53.52175998
17.9116778	53.43261535
17.88458794	53.4994717
17.90951516	53.5663323
17.8556369	53.52175998
17.52798838	49.19816439
17.51773084	49.10901551
17.47245844	49.10901551
17.48139386	49.22044843
17.5014082	49.1313038
17.03554478	44.76313164
17.07579572	44.76313164
17.07862134	44.65169871
17.14024321	44.78541992
17.17269561	44.78541992
17.14287977	45.23115159
17.1363944	45.18657928
17.07730689	45.20886331
17.08107267	45.18657928
17.0014241	45.16429099
16.64497655	40.06066496
16.64173579	40.03837668
16.58733379	40.0160884
16.61550178	40.08294899
16.61292143	40.06066496
16.38253686	37.92115121
16.41936692	38.03258412
16.37103385	37.92115121
16.43694014	37.96572352
16.46953049	38.01029584
16.32825366	38.76553512
16.35932519	38.81010746
16.38121219	38.87696806
16.4278693	38.85467977
16.4714747	38.72096281
16.35675378	39.36727204
16.42324128	39.34498378
16.44645039	39.38956032
16.42794084	39.36727204
16.43183947	39.36727204
16.1488221	35.1328211
16.06004905	35.08824876
16.05654514	35.08824876
15.99520429	35.04367433
16.06692914	35.11053493
15.74476451	31.34410181
15.76631173	31.34410181
15.78893452	31.47782089
15.73141438	31.34410181
15.63545211	31.41096243
15.1943077	27.0873647
15.14717667	27.04279027
15.19304946	27.0873647
15.18921342	27.06507855
15.25882033	27.10965087
14.52360648	22.31803531
14.58608293	22.42946822
14.59677734	22.29574914
14.58388963	22.29574914
14.59320956	22.31803531
14.47008461	22.91977222
14.50749972	22.94206051
14.51106494	22.91977222
14.57505129	22.94206051
14.60564762	22.89748608
13.89118261	18.0612982
13.93513929	18.0612982
13.92483321	18.10587052
13.98583938	18.10587052
14.01108595	18.10587052
13.20538122	13.58169418
13.19949751	13.58169418
13.23101357	13.49254849
13.25996333	13.49254849
13.2239457	13.53712187
12.44066321	9.636969664
12.51159096	9.659255833
12.50028723	9.659255833
12.57166973	9.681541979
12.58673669	9.681541979
11.96046734	6.918006212
11.91136401	6.962579061
11.94157457	6.984865741
11.85994091	6.962579061
11.9158643	6.984865741
11.38217977	4.644774427
11.37537633	4.66706113
11.30577325	4.644774427
11.34172956	4.644774427
11.32157599	4.711633978
10.62515619	2.371542909
10.59356285	2.371542909
10.65456838	2.371542909
10.66369094	2.371542909
10.71987619	2.393829345
10.6629641	3.064376935
10.66111953	3.10895005
10.67804255	3.13123673
10.62186114	3.13123673
10.59878998	3.10895005
10.51155491	2.284346489
10.53978422	2.328919605
10.55386822	2.373492987
10.50779169	2.328919605
10.51215402	2.328919605
9.692837287	0.323127181
9.693360383	0.278553998
9.63487453	0.345413772
9.670428461	0.30084059
9.650601266	0.30084059
4.993208106	-6.51885392
5.02173409	-6.496567751
4.960158841	-6.51885392
5.012186468	-6.474281071
4.96277496	-6.496567751
5.016185056	-6.184555164
4.973487573	-6.184555164
5.021170436	-6.206841844
5.015524319	-6.184555164
4.999822813	-6.206841844
5.000682185	-6.050836084
4.975405592	-6.028549382
5.032699948	-6.07312223
5.046655565	-6.028549382
5.057759702	-6.028549382
4.763881226	-6.764006445
4.711399483	-6.764006445
4.737564509	-6.808579827
4.716451608	-6.786293147
4.76781786	-6.741719764
4.153656051	-7.56632357
4.13598032	-7.54403689
4.117953941	-7.610896952
4.127284405	-7.56632357
4.081347112	-7.56632357
3.308658751	-8.702939473
3.329581958	-8.680652771
3.305852937	-8.680652771
3.309781268	-8.702939473
3.248586046	-8.658366091
2.52455808	-9.794981439
2.519771495	-9.772695292
2.541318873	-9.772695292
2.463155759	-9.794981439
2.508233042	-9.794981439
2.423693936	-9.059524376
2.522121117	-9.014950993
2.482717256	-9.059524376
2.546972494	-9.014950993
2.548718543	-9.037238229
1.548575176	-11.1544637
1.531362184	-11.13217648
1.55268378	-11.10989032
1.555090885	-11.13217648
1.504356947	-11.1544637
0.846540561	-12.2687929
0.8896631	-12.29107907
0.862006547	-12.2687929
0.92627959	-12.29107907
0.948723703	-12.2687929
0.368230779	-13.16025626
0.378248844	-13.13796904
0.351244685	-13.16025626
0.354972943	-13.18254242
0.325823885	-13.18254242
-0.152231504	-14.27458546
-0.194213452	-14.31915884
-0.146547405	-14.27458546
-0.134556591	-14.29687163
-0.091886393	-14.27458546
-0.79591632	-15.32205511
-0.835536382	-15.29976789
-0.771499738	-15.34434128
-0.7902322	-15.32205511
-0.775200931	-15.34434128
-0.847279219	-15.47806036
-0.813278449	-15.50034757
-0.869233609	-15.52263374
-0.83394881	-15.56720712
-0.852011355	-15.50034757
-1.718003556	-17.59528582
-1.75894509	-17.57299968
-1.749625005	-17.57299968
-1.757451967	-17.55071351
-1.730456629	-17.57299968
-1.829088035	-17.77357935
-1.77638035	-17.79586657
-1.830579561	-17.79586657
-1.78989239	-17.77357935
-1.799684156	-17.81815274
-2.69317036	-19.7570847
-2.717134103	-19.77937084
-2.751107888	-19.77937084
-2.739134798	-19.73479853
-2.754555915	-19.82394529
-3.569083344	-22.0526037
-3.618069477	-22.09717601
-3.601309643	-22.07488984
-3.631345197	-22.0526037
-3.61524578	-22.03031753
-3.617928644	-21.16114034
-3.594860998	-21.16114034
-3.601141345	-21.16114034
-3.595059954	-21.16114034
-3.578932753	-21.16114034
-3.681117571	-20.42568221
-3.621234879	-20.42568221
-3.666974814	-20.42568221
-3.635190177	-20.47025666
-3.669842263	-20.40339604
-4.130189856	-23.1669329
-4.160679208	-23.10007228
-4.131503345	-23.12235845
-4.137811156	-23.10007228
-4.072242429	-23.10007228
-4.546444086	-24.30354825
-4.505928725	-24.30354825
-4.493502478	-24.30354825
-4.464089338	-24.30354825
-4.455364682	-24.30354825
-5.191376275	-26.46534605
-5.168280207	-26.48763433
-5.236470803	-26.39848757
-5.200526625	-26.44305988
-5.219033945	-26.44305988
-5.960440965	-28.7831512
-6.010107634	-28.76086505
-5.915562638	-28.7831512
-5.956079915	-28.7831512
-5.880720859	-28.73857888
-6.632894143	-30.92266283
-6.624434547	-30.92266283
-6.633120243	-30.90037669
-6.585240659	-30.92266283
-6.615964095	-30.87809052
-7.264107672	-33.21818183
-7.313548241	-33.21818183
-7.247553819	-33.240468
-7.264135136	-33.19589566
-7.244532125	-33.17360952
-7.86280621	-35.40226792
-7.902029479	-35.37997964
-7.849341754	-35.3354073
-7.894881775	-35.3354073
-7.851115427	-35.29083499
-8.473984966	-37.69778478
-8.48138815	-37.69778478
-8.465488965	-37.6754965
-8.516881404	-37.69778478
-8.467498318	-37.65321247
-9.047683469	-39.68128906
-9.014144639	-39.70357734
-9.035494498	-39.70357734
-9.039221958	-39.68128906
-9.00916852	-39.61443271
-9.570402133	-41.99909634
-9.592590607	-42.06595694
-9.589975126	-42.04366866
-9.585612798	-42.04366866
-9.632029756	-41.97680806
-10.13889203	-44.33918765
-10.09708138	-44.31689937
-10.11429565	-44.29461534
-10.10230276	-44.31689937
-10.10949837	-44.27232706
-10.19867381	-41.88877911
-10.1938861	-41.91106314
-10.22455461	-41.91106314
-10.18077165	-41.93335142
-10.24306225	-41.91106314
-10.46656801	-45.52148891
-10.42561641	-45.49920487
-10.47221412	-45.49920487
-10.44407743	-45.5883495
-10.47609423	-45.56606547
-10.74623539	-46.56896174
-10.78803709	-46.54667346
-10.72163901	-46.52438517
-10.77041916	-46.52438517
-10.70876152	-46.56896174
-11.19173446	-48.95362539
-11.19935927	-48.93133711
-11.2013137	-48.95362539
-11.19349727	-48.86447651
-11.1856438	-48.90905307
-11.71863725	-50.82569673
-11.69447392	-50.8034127
-11.72537938	-50.82569673
-11.71516144	-50.8034127
-11.7665756	-50.75883613
-11.84422376	-51.24914439
-11.83245888	-51.24914439
-11.85357434	-51.22685611
-11.81372578	-51.27142842
-11.85007937	-51.27142842
-12.2460344	-53.09892745
-12.23995141	-53.09892745
-12.2484423	-53.07664341
-12.21102081	-53.0320711
-12.23715646	-53.00978282
-12.72973929	-55.37216241
-12.7478669	-55.30530182
-12.75876442	-55.2607295
-12.71908704	-55.32758585
-12.77422865	-55.2607295
-13.23872014	-57.73453776
-13.25895163	-57.7791101
-13.2282761	-57.73453776
-13.23154241	-57.71225373
-13.21389255	-57.71225373
-13.75049849	-59.80719094
-13.784273	-59.80719094
-13.73529102	-59.7626186
-13.77035315	-59.78490266
-13.71873206	-59.78490266
-14.31315577	-62.0581376
-14.26328088	-62.03584932
-14.29639498	-62.03584932
-14.26330643	-62.01356104
-14.29659425	-62.03584932
-14.35135137	-60.23063432
-14.30647112	-60.23063432
-14.35895191	-60.23063432
-14.32849992	-60.16377797
-14.34238656	-60.20835029
-14.92099731	-64.06393016
-14.85500672	-64.08621421
-14.88045129	-64.08621421
-14.81623757	-64.06393016
-14.85827304	-64.06393016
-15.46114293	-66.44859381
-15.42611018	-66.44859381
-15.44898079	-66.44859381
-15.42111299	-66.42630553
-15.43482973	-66.40402149
-15.41429294	-64.55423416
-15.41734337	-64.59880648
-15.4245658	-64.53194588
-15.42497202	-64.57651819
-15.46744436	-64.59880648
-15.60258966	-66.67145965
-15.58256255	-66.67145965
-15.62198446	-66.64917137
-15.59997482	-66.64917137
-15.59084523	-66.60459903
-15.98200745	-68.45438636
-16.00356361	-68.49895868
-15.97546332	-68.45438636
-15.9883242	-68.4766704
-16.01162018	-68.45438636
-16.5893061	-70.83904999
-16.55510493	-70.86133827
-16.57972558	-70.83904999
-16.54271158	-70.83904999
-16.55885539	-70.7721894
-17.14267283	-72.91170315
-17.16054624	-72.88941487
-17.1548899	-72.86712658
-17.17557871	-72.86712658
-17.17557871	-72.86712658
-17.76666584	-75.00664036
-17.72855711	-74.98435208
-17.76970606	-75.00664036
-17.74011249	-74.93978399
-17.75928118	-74.93978399
-18.47929268	-77.21301048
-18.48296776	-77.23529876
-18.45857832	-77.23529876
-18.50192185	-77.1907222
-18.50583326	-77.23529876
-19.16338618	-79.5085337
-19.14226306	-79.48624542
-19.16272576	-79.5085337
-19.1634079	-79.44166886
-19.14834349	-79.48624542
-19.18609711	-77.4358763
-19.18893805	-77.4358763
-19.16038684	-77.4358763
-19.21048272	-77.4358763
-19.20875439	-77.39130823
-19.50748125	-79.99883346
-19.47588598	-79.99883346
-19.53710931	-79.93197711
-19.49266466	-79.95426539
-19.52034596	-79.90968883
-20.03784452	-81.91548139
-19.98754426	-81.91548139
-20.02759848	-81.91548139
-19.99279822	-81.8931931
-20.01132055	-81.82633673
-20.42362249	-82.85152131
-20.42669081	-82.82923302
-20.44608433	-82.80694474
-20.42169489	-82.80694474
-20.43454811	-82.78465646
-20.71944454	-83.98813029
-20.73315489	-83.96585051
-20.72684708	-83.98813029
-20.7368568	-83.96585051
-20.74425935	-83.96585051
-20.76000716	-81.06859459
-20.77807985	-81.04630631
-20.7704793	-81.04630631
-20.80422443	-81.06859459
-20.77349142	-81.06859459
-20.81295292	-78.54937404
-20.8122925	-78.54937404
-20.80511606	-78.52708576
-20.81662928	-78.57166232
-20.84667506	-78.59394213
-20.83782394	-78.4825092
-20.80514799	-78.50479748
-20.82497327	-78.50479748
-20.8005749	-78.46022941
-20.84479217	-78.46022941
-20.84268829	-78.192787
-20.86075842	-78.17049872
-20.85399713	-78.23736357
-20.8596739	-78.192787
-20.81480132	-78.23736357
-20.86110587	-75.74126276
-20.83258531	-75.7189745
-20.83387804	-75.74126276
-20.78380644	-75.7189745
-20.83324701	-75.7189745
-20.54306469	-70.83821428
-20.55767051	-70.83821428
-20.59990781	-70.83821428
-20.58094861	-70.88278662
-20.62149335	-70.86050256
-20.29931467	-66.55919101
-20.23050613	-66.51461869
-20.27991221	-66.53690273
-20.26272604	-66.53690273
-20.2437579	-66.53690273
-20.29270028	-66.82662917
-20.2693762	-66.8712015
-20.28785893	-66.89348979
-20.2637122	-66.80434089
-20.28110658	-66.84891745
-20.02042331	-62.21330714
-19.95944397	-62.19101886
-19.98777036	-62.21330714
-19.96426744	-62.19101886
-19.97839679	-62.25787945
-19.63797808	-58.11257314
-19.64580473	-58.09028911
-19.62445806	-58.09028911
-19.65386769	-58.09028911
-19.64165061	-58.13486143
-19.28055077	-53.41010648
-19.26942588	-53.47696708
-19.28162124	-53.4546788
-19.26548892	-53.4546788
-19.27639411	-53.4546788
-18.86942403	-48.77449615
-18.88899511	-48.81906849
-18.86397464	-48.79678443
-18.89117564	-48.81906849
-18.84609995	-48.81906849
-18.80057206	-50.06711888
-18.82432919	-50.0448306
-18.81667244	-50.08940291
-18.83239343	-50.0448306
-18.83783899	-50.02254656
-18.37654229	-43.91602001
-18.3419132	-43.91602001
-18.36865689	-43.98288061
-18.35847471	-43.9383083
-18.38590309	-43.9383083
-18.29997992	-44.25031877
-18.31629107	-44.31717937
-18.3149945	-44.29489108
-18.32871508	-44.31717937
-18.34418186	-44.31717937
-18.31134369	-44.6737664
-18.31482078	-44.69605044
-18.2749901	-44.6737664
-18.30782445	-44.74062275
-18.28695297	-44.6737664
-17.86521102	-40.12730072
-17.89221658	-40.149589
-17.89310438	-40.12730072
-17.88633287	-40.149589
-17.91118472	-40.149589
-17.88825152	-40.30559425
-17.9002425	-40.28330597
-17.89238903	-40.32788253
-17.93573639	-40.28330597
-17.91700201	-40.30559425
-17.8311887	-41.12908133
-17.83619995	-41.08450899
-17.82142168	-41.06222496
-17.84034767	-41.15136961
-17.83249931	-41.08450899
-17.33682261	-35.51286512
-17.36772297	-35.53515129
-17.35403305	-35.49057684
-17.39758607	-35.49057684
-17.37994004	-35.49057684
-16.82286884	-31.27841418
-16.8124082	-31.34527265
-16.79564613	-31.3229865
-16.8024138	-31.30070033
-16.80545657	-31.30070033
-16.19396805	-26.57594325
-16.22355012	-26.59823153
-16.19830099	-26.59823153
-16.22900591	-26.6205177
-16.22160336	-26.6205177
-15.60134419	-22.14091475
-15.61549781	-22.18548707
-15.64163346	-22.1632009
-15.64270264	-22.20777321
-15.67167667	-22.18548707
-15.57771226	-23.01008983
-15.60235334	-22.96551751
-15.58775647	-23.01008983
-15.60778486	-23.01008983
-15.60735054	-22.98780366
-14.96799166	-17.92874994
-14.93092528	-18.0178967
-14.94245639	-17.99560842
-14.92176886	-17.99560842
-14.96402915	-17.97332228
-14.6140772	-15.67780432
-14.60930866	-15.63323096
-14.65134413	-15.63323096
-14.58904523	-15.61094479
-14.6515434	-15.63323096
-14.20517186	-13.27085348
-14.2508837	-13.29313963
-14.22061182	-13.29313963
-14.24916304	-13.29313963
-14.19450172	-13.29313963
-14.2147792	-13.98402437
-14.2123713	-14.00631054
-14.20516675	-14.00631054
-14.22585428	-14.00631054
-14.20582845	-14.00631054
-13.79582327	-11.10905461
-13.76400446	-11.13134077
-13.785986	-11.15362799
-13.77665841	-11.10905461
-13.81321765	-11.15362799
-13.33404371	-8.858109524
-13.32055945	-8.858109524
-13.30879458	-8.858109524
-13.31642195	-8.835822844
-13.29221135	-8.902682372
-12.87377404	-6.874603668
-12.87440763	-6.896890348
-12.86548242	-6.896890348
-12.85219872	-6.896890348
-12.87899222	-6.874603668
-12.82320552	-7.454054949
-12.82888741	-7.454054949
-12.8177574	-7.476341651
-12.83803871	-7.431768269
-12.85041929	-7.5209145
-12.77228317	-6.629451121
-12.79319807	-6.607164441
-12.74834721	-6.584878273
-12.77336896	-6.607164441
-12.75311575	-6.629451121
-10.53688069	-0.054909003
-10.53688069	-0.054909003
-10.53688069	-0.054909003
-10.5068298	0.034237339
-10.55748327	-0.010335843
-10.27888891	0.234816593
-10.24895299	0.190243433
-10.27314507	0.190243433
-10.26660158	0.190243433
-10.26454368	0.257103161
-7.711578414	3.42179808
-7.7154796	3.3995114
-7.753678392	3.444084761
-7.72268287	3.42179808
-7.77880489	3.377224965
-7.764379189	2.998353093
-7.737208848	3.020639507
-7.78982887	2.976066391
-7.764117322	2.976066391
-7.798688931	2.953779711
-7.567290105	3.332651849
-7.578519747	3.3995114
-7.565296081	3.42179808
-7.605612805	3.444084761
-7.582236348	3.288078467
-7.642891868	1.99545667
-7.636333047	2.084603035
-7.652123014	2.151462852
-7.649467295	2.240609084
-7.678830936	2.106889603
-7.674220153	1.99545667
-7.654178992	2.106889603
-7.661597505	1.99545667
-7.633180419	1.950883554
-7.652273747	2.017743239
-7.73698147	1.772590848
-7.692900242	1.728017732
-7.694483582	1.750304279
-7.69698729	1.817164097
-7.7193348	1.772590848
-7.862100445	1.861737212
-7.925501102	1.772590848
-7.872867667	1.906310328
-7.941413061	1.884023759
-7.883173108	1.950883554
-7.195322766	3.956676001
-7.149460839	3.88981645
-7.181776556	3.934389565
-7.167231417	3.956676001
-7.206425305	3.956676001
-7.13503897	3.978962681
-7.137284004	4.001249361
-7.106090485	3.978962681
-7.137683831	3.978962681
-7.114749993	3.956676001
-7.070388375	4.001249361
-7.105945499	4.023535797
-7.076931228	4.001249361
-7.076931228	4.001249361
-7.076997014	4.023535797
-7.051341033	4.068108912
-7.021990805	4.090395592
-7.069650036	4.068108912
-7.021269711	4.045822477
-7.039838028	4.090395592
-6.877814907	4.201828526
-6.878212818	4.179541823
-6.890837382	4.179541823
-6.888396906	4.15725541
-6.870487729	4.134968708
-6.781500709	4.224115206
-6.777339572	4.224115206
-6.793863406	4.201828526
-6.802786698	4.201828526
-6.779916731	4.201828526
-6.694340374	4.023535797
-6.641522993	4.068108912
-6.690041278	4.045822477
-6.654546746	4.045822477
-6.670473395	4.068108912
-6.47399938	3.621263143
-6.489802759	3.576689761
-6.540750024	3.665836259
-6.591910614	3.643549557
-6.546310555	3.598976441
-5.9747517	3.04181184
-6.004162605	3.064098543
-6.013884912	3.01952516
-6.046799092	3.01952516
-5.999004456	3.086384956
-6.396021011	1.949769208
-6.371757398	1.994342457
-6.35893292	2.016629004
-6.393902439	1.972055755
-6.337059965	1.994342457
-6.39364632	2.417787444
-6.342624967	2.395501009
-6.374079076	2.46236056
-6.391589064	2.48464724
-6.407715626	2.48464724
-6.120756838	3.621263143
-6.13437586	3.598976441
-6.155924994	3.576689761
-6.158443392	3.532116645
-6.174756454	3.621263143
-5.899381786	4.601872464
-5.847423458	4.646445847
-5.887217087	4.624159144
-5.862813598	4.713305375
-5.915249036	4.557299615
-5.264618357	5.627055434
-5.272943505	5.649342114
-5.255356553	5.693915497
-5.25463514	5.649342114
-5.30467513	5.604768732
-4.228395567	6.852817547
-4.276915129	6.808244698
-4.238780527	6.785957996
-4.271893662	6.785957996
-4.280018258	6.830530867
-3.270591212	7.878000517
-3.304900315	7.833427134
-3.25486288	7.855713814
-3.29069273	7.811140966
-3.284598884	7.900287197
-2.922249104	8.301445504
-2.901696663	8.279158824
-2.904014509	8.256872655
-2.910817633	8.301445504
-2.868842521	8.323732184
-2.851008072	7.721994223
-2.830594549	7.655134672
-2.89788266	7.632847992
-2.847246762	7.677421374
-2.913810586	7.632847992
-2.134305529	8.992329718
-2.156376481	9.0369031
-2.142306377	8.970043549
-2.130539748	8.992329718
-2.08692014	8.970043549
-1.359319282	10.1512323
-1.399773008	10.12894507
-1.377490805	10.17351845
-1.369701686	10.10665892
-1.371546095	10.1512323
-0.679395698	11.19870195
-0.698040338	11.15412857
-0.634056707	11.17641474
-0.666708501	11.17641474
-0.622354267	11.19870195
0.02989888	12.40217685
0.085020617	12.37989068
0.042323199	12.37989068
0.103328792	12.37989068
0.082640487	12.37989068
0.645553685	13.36049976
0.608937315	13.36049976
0.62552434	13.33821359
0.62188574	13.31592742
0.629550153	13.29364021
1.311771424	14.71998202
1.321817951	14.71998202
1.312694826	14.71998202
1.344950105	14.71998202
1.33258637	14.69769478
1.796633081	15.76745167
1.721620201	15.81202398
1.76663537	15.8343112
1.741049965	15.78973784
1.778786976	15.76745167
2.274436214	16.9486404
2.259429614	16.92635318
2.271654671	16.90406702
2.287383162	16.88178087
2.271717902	16.88178087
2.65992677	17.84010375
2.613128667	17.81781761
2.655887306	17.77324423
2.627733843	17.79553144
2.66018736	17.79553144
3.151870744	18.97671912
3.141888166	18.95443296
3.117958913	18.93214681
3.132364814	18.90986064
3.1206009	18.93214681
3.582467324	20.06876216
3.559535722	20.09104833
3.517297785	20.06876216
3.550348966	20.09104833
3.488209744	20.02418984
3.882317654	21.11623076
3.838301254	21.13851904
3.864670345	21.11623076
3.828790357	21.18309136
3.859847194	21.11623076
4.25017623	22.11912703
4.199292517	22.18598765
4.256135311	22.18598765
4.277608758	22.14141531
4.331548337	22.18598765
4.230836044	21.31681044
4.332157339	21.29452427
4.308365406	21.31681044
4.273331058	21.27223812
4.283588597	21.36138489
4.673226239	23.61232944
4.712023813	23.61232944
4.634493493	23.61232944
4.659141604	23.56775499
4.634950803	23.56775499
4.998108539	24.57065128
4.992287099	24.52607896
4.95593543	24.52607896
4.960033655	24.52607896
4.89090385	24.57065128
5.6508134	26.6655906
5.650810207	26.64330443
5.657491019	26.6655906
5.683001377	26.6655906
5.66858334	26.59873212
6.26916924	28.91653515
6.287415012	28.93882343
6.258789071	28.89424898
6.281658399	28.89424898
6.217611377	28.89424898
6.845692078	31.23434031
6.895869708	31.30120091
6.905178775	31.23434031
6.966982679	31.27891474
6.989254823	31.25662646
7.528128152	33.30699347
7.539247298	33.41842638
7.563037634	33.39614023
7.555571858	33.41842638
7.483389062	33.35156578
8.127455811	35.66936882
8.107230065	35.66936882
8.108888133	35.71394538
8.106968837	35.6916571
8.019652659	35.66936882
8.690625327	38.00946013
8.664778374	37.9871761
8.709781248	37.94260378
8.675612021	37.94260378
8.714144853	37.94260378
9.137150153	40.01525269
9.220765059	40.03754097
9.246476607	40.03754097
9.301859011	40.01525269
9.272445552	39.99296865
9.866998281	42.71193106
9.891988098	42.73421934
9.870301643	42.68964278
9.917423727	42.66735872
9.870828571	42.68964278
10.37871532	44.40571312
10.35280386	44.38342486
10.30270479	44.40571312
10.36495642	44.33885253
10.33276909	44.33885253
10.36424427	42.95708516
10.37343199	42.93479688
10.35340552	42.93479688
10.32887876	42.9125086
10.34824673	42.9125086
10.92728796	46.41150568
10.85583904	46.41150568
10.85319737	46.41150568
10.79351459	46.41150568
10.88822884	46.41150568
11.53174311	49.08589577
11.50417806	49.04131921
11.43338571	49.01903517
11.45355206	49.04131921
11.48910343	49.01903517
11.99513859	51.18083296
12.03453622	51.20312124
12.01992913	51.20312124
12.02310731	51.22540527
12.02138665	51.20312124
12.71338216	53.54321255
12.70095048	53.52092427
12.68370172	53.54321255
12.70755976	53.49863599
12.64739796	53.43177964
13.16394357	55.66043804
13.1108062	55.63814976
13.06552613	55.61586148
13.13465786	55.57128917
13.14205912	55.59357745
13.17613382	52.36202276
13.12616696	52.38430681
13.15227451	52.38430681
13.19907596	52.40659507
13.18175311	52.36202276
13.16596698	51.9608634
13.14943867	51.93857512
13.18539499	51.93857512
13.12689636	51.91629109
13.12484996	51.93857512
13.43761291	56.15074203
13.39477523	56.10616971
13.49933442	56.10616971
13.48955591	56.10616971
13.45683909	56.10616971
13.66047869	57.88909645
13.74455346	57.91138048
13.70026338	57.86680817
13.7561165	57.88909645
13.70607683	57.84451988
14.26796512	60.02860595
14.29135563	60.00632192
14.28111214	60.00632192
14.25823898	59.98403363
14.20291725	59.98403363
14.78325377	62.1681197
14.84485521	62.1681197
14.85622153	62.1681197
14.94194032	62.12354738
14.91808739	62.1681197
15.35761972	64.66421626
15.32767614	64.64192798
15.42389772	64.57507163
15.35092741	64.57507163
15.380079	64.55278335
15.87182003	66.55857591
15.92450009	66.53628763
15.90645678	66.53628763
15.98146839	66.51400359
16.02958812	66.51400359
16.32580871	68.00720387
16.26076468	67.98491558
16.33558212	67.96263155
16.34172386	67.94034327
16.34774298	67.94034327
16.30857656	65.17680855
16.32846571	65.13223623
16.31399274	65.15452027
16.34188482	65.15452027
16.33587336	65.15452027
16.35856258	62.65730802
16.36120169	62.63502399
16.33833747	62.65730802
16.36741114	62.61273571
16.31493419	62.61273571
16.40226506	62.27843695
16.43280008	62.27843695
16.40748835	62.27843695
16.34845833	62.2561529
16.34007218	62.30072523
16.2704972	59.58176283
16.28398657	59.58176283
16.19356567	59.58176283
16.27241458	59.58176283
16.30461023	59.62633514
16.19814898	57.84340843
16.24474861	57.86569246
16.19815026	57.88798074
16.23040211	57.84340843
16.15981287	57.84340843
15.96621237	53.51980859
15.9886806	53.49752456
15.9681272	53.51980859
15.96832647	53.51980859
15.99423602	53.51980859
15.6987461	49.46365116
15.68930099	49.48593944
15.62425823	49.44136713
15.66411318	49.44136713
15.63430244	49.46365116
15.37300858	44.62746329
15.33282662	44.64975157
15.29284521	44.69432388
15.31095111	44.6720356
15.26329763	44.6720356
15.21701224	45.05090669
15.26433616	45.02862264
15.29090612	45.05090669
15.3605769	45.07319497
15.3115962	45.05090669
14.81817667	40.25929113
14.89451549	40.21471882
14.91612913	40.21471882
14.94481192	40.2370071
14.90899101	40.25929113
14.35564344	35.62368505
14.42332531	35.6459691
14.38426746	35.66825738
14.38010569	35.66825738
14.40475827	35.66825738
13.87030092	31.45609259
13.93428471	31.47837874
13.91148053	31.45609259
13.98913635	31.41151814
13.99647758	31.45609259
13.30418699	26.79819611
13.34007816	26.79819611
13.33525341	26.82048226
13.41126777	26.84276843
13.38819917	26.86505671
13.37293549	27.86795297
13.27867727	27.82337855
13.33301412	27.86795297
13.27300944	27.93481146
13.34114095	27.86795297
12.79832812	22.49688455
12.83090442	22.4077399
12.80408792	22.54145898
12.86501489	22.47459839
12.87011556	22.54145898
12.82246463	23.05404915
12.8495596	23.00947684
12.85908008	23.05404915
12.87699181	23.05404915
12.90666714	23.03176299
12.19888549	18.24014743
12.23946089	18.19557511
12.17607492	18.19557511
12.18849638	18.17328896
12.16490532	18.21786128
11.5904704	13.69368495
11.57363551	13.82740403
11.50238586	13.82740403
11.53714142	13.76054447
11.48143647	13.87197741
10.74485579	9.325513838
10.74505251	9.325513838
10.71954151	9.325513838
10.73904489	9.370087221
10.73831038	9.325513838
10.06307566	6.717983831
10.10120995	6.695697151
10.04530253	6.762557214
10.07663273	6.762557214
10.02911529	6.784843382
9.507158597	4.645331745
9.53241028	4.645331745
9.508694673	4.756764656
9.568763226	4.667617914
9.525005819	4.667617914
8.783520558	2.461246191
8.789798989	2.461246191
8.747363055	2.438959778
8.77301201	2.461246191
8.805789508	2.416673076
8.761290569	2.795544947
8.744691368	2.728685418
8.770936871	2.773258534
8.736962447	2.750971832
8.7628094	2.773258534
8.785940596	3.128729624
8.752166725	3.128729624
8.736102117	3.084156241
8.670536902	3.084156241
8.69870234	3.151016037
8.590002452	2.43784541
8.590527464	2.415558729
8.624763116	2.415558729
8.584907534	2.415558729
8.571881865	2.370985614
7.735020658	0.276046758
7.759735833	0.231473598
7.686241145	0.276046758
7.683996111	0.276046758
7.65082198	0.320619941
2.13067116	-6.476788178
2.081005609	-6.454501498
2.123702773	-6.454501498
2.09581038	-6.454501498
2.081865461	-6.454501498
2.13642442	-6.164776102
2.103112329	-6.164776102
2.119014228	-6.142489422
2.13161053	-6.120202719
2.09068672	-6.164776102
2.060532208	-5.629898204
2.088848858	-5.65218435
2.025254994	-5.696757732
2.069643916	-5.674471052
2.048069394	-5.65218435
0.793892037	-7.880842752
0.811946598	-7.836269904
0.77296891	-7.903129455
0.79254358	-7.858556606
0.793665458	-7.858556606
0.200816284	-8.549440286
0.241087341	-8.616300349
0.189438843	-8.594013647
0.237585064	-8.616300349
0.217132041	-8.594013647
-0.444267657	-9.708342848
-0.440557203	-9.663769465
-0.415742191	-9.686056702
-0.446902099	-9.663769465
-0.441046847	-9.641483319
-1.181261732	-10.8895316
-1.183045304	-10.8895316
-1.196557184	-10.86724543
-1.208746873	-10.84495822
-1.170384094	-10.86724543
-1.788761091	-11.9147151
-1.75459857	-11.95928742
-1.807540977	-11.95928742
-1.790119288	-11.93700125
-1.7971153	-11.89242787
-2.308711785	-13.07361662
-2.328512953	-13.09590383
-2.344006243	-13.07361662
-2.351011357	-13.07361662
-2.337302597	-13.09590383
-2.933563373	-14.12108627
-2.977599573	-14.05422674
-2.951690985	-14.05422674
-2.990639932	-14.14337348
-2.927942165	-14.12108627
-3.464159137	-15.32456224
-3.461345659	-15.302275
-3.451128359	-15.27998885
-3.441951183	-15.32456224
-3.451525631	-15.27998885
-3.969756143	-16.3274585
-3.927482758	-16.30517129
-3.97732986	-16.34974467
-3.919164955	-16.34974467
-3.946359886	-16.3274585
-4.451421661	-17.597794
-4.491900935	-17.57550678
-4.449240816	-17.597794
-4.455519567	-17.597794
-4.461892525	-17.57550678
-4.967544141	-18.68983705
-4.932303173	-18.6452626
-4.937948971	-18.62297644
-4.912871972	-18.6452626
-4.931352786	-18.66754877
-5.339625488	-19.84873857
-5.33159063	-19.8264524
-5.324187446	-19.8264524
-5.318305648	-19.8264524
-5.332449682	-19.8264524
-6.118383425	-21.87681727
-6.094221365	-21.85453113
-6.138635357	-21.85453113
-6.087250582	-21.87681727
-6.113614244	-21.83224496
-6.06425032	-20.82934869
-6.074693082	-20.82934869
-6.07408887	-20.78477424
-6.064052323	-20.82934869
-6.096966502	-20.82934869
-6.289057112	-22.45626804
-6.300415771	-22.41169573
-6.297148176	-22.43398187
-6.301048724	-22.43398187
-6.284052889	-22.38940956
-6.867348514	-24.26148304
-6.928806881	-24.21690861
-6.915730116	-24.26148304
-6.929268023	-24.21690861
-6.920716455	-24.23919476
-7.599233459	-26.28956176
-7.524516937	-26.31184791
-7.547755435	-26.33413408
-7.507493	-26.28956176
-7.550823116	-26.31184791
-7.588841155	-24.72950087
-7.530705311	-24.70721473
-7.568985857	-24.75178704
-7.513464215	-24.75178704
-7.579890399	-24.75178704
-7.770194562	-26.95815928
-7.774745307	-26.91358483
-7.769958881	-26.93587311
-7.796556308	-26.91358483
-7.773913718	-26.89129868
-8.251158147	-28.67422539
-8.253963322	-28.65193922
-8.237871888	-28.67422539
-8.228488093	-28.67422539
-8.224125765	-28.67422539
-8.803499126	-30.88059763
-8.820250977	-30.85831148
-8.825329288	-30.81373703
-8.853619912	-30.81373703
-8.8451584	-30.81373703
-9.533592516	-33.44355478
-9.498506114	-33.4881271
-9.487212602	-33.37669419
-9.521156368	-33.39898247
-9.474098154	-33.39898247
-9.972206391	-35.20419535
-10.00512951	-35.09276242
-9.974208719	-35.13733475
-10.02169103	-35.11504859
-9.994695693	-35.13733475
-10.53347194	-37.72258019
-10.56001444	-37.74486423
-10.50950788	-37.70029191
-10.55785243	-37.67800363
-10.5341215	-37.67800363
-11.06141773	-39.92895029
-11.03114586	-39.92895029
-11.04333611	-39.90666201
-11.02895895	-39.88437798
-11.03550052	-39.88437798
-11.62144995	-42.11303638
-11.58162311	-42.0907481
-11.62557468	-42.0907481
-11.54649711	-42.11303638
-11.57458079	-42.06846407
-12.1025119	-44.23026185
-12.05525185	-44.23026185
-12.09097312	-44.20797357
-12.06592327	-44.20797357
-12.10770709	-44.25254591
-12.05977641	-42.84849449
-12.03756878	-42.84849449
-12.07636348	-42.84849449
-12.05917859	-42.84849449
-12.11647007	-42.80391793
-12.54247471	-46.54806488
-12.52439436	-46.52578085
-12.53503639	-46.52578085
-12.52023131	-46.52578085
-12.47687117	-46.52578085
-13.0604178	-48.50928512
-13.05129332	-48.50928512
-13.0534764	-48.50928512
-13.06173736	-48.50928512
-13.03780012	-48.46471281
-13.54396557	-50.96080937
-13.56009277	-50.96080937
-13.54290533	-50.96080937
-13.58643919	-50.98309765
-13.53352281	-50.96080937
-14.01865839	-53.25632837
-13.96333666	-53.25632837
-14.00906383	-53.21175606
-13.98969841	-53.21175606
-13.97290951	-53.21175606
-14.48542493	-55.28440496
-14.46628178	-55.26212093
-14.48082245	-55.26212093
-14.43576593	-55.19526033
-14.4407363	-55.23983265
-14.93747069	-57.40163043
-14.9403244	-57.44620699
-14.95231155	-57.42391871
-14.95908305	-57.40163043
-14.95211483	-57.42391871
-15.43698215	-59.56343248
-15.45133632	-59.6080048
-15.46597279	-59.58571652
-15.44786178	-59.58571652
-15.46421381	-59.56343248
-15.95125655	-61.97038015
-15.97392916	-61.97038015
-15.92838978	-61.97038015
-15.98327591	-61.94809611
-15.95477962	-61.9035238
-16.46981535	-64.17675452
-16.49076092	-64.1321822
-16.48600132	-64.1321822
-16.52298721	-64.15446623
-16.50665946	-64.15446623
-17.04726239	-66.60599046
-17.02854973	-66.56141814
-17.03095636	-66.53912986
-16.98958003	-66.53912986
-17.03292994	-66.49455755
-17.02552612	-64.55562559
-17.04512785	-64.57791387
-17.04097374	-64.62248618
-17.0479688	-64.57791387
-17.06561483	-64.57791387
-17.25441996	-66.87342862
-17.26159257	-66.8957169
-17.26615417	-66.8957169
-17.2504779	-66.85114458
-17.22060457	-66.85114458
-17.55880443	-68.72321595
-17.53920014	-68.70093192
-17.56993443	-68.70093192
-17.57273705	-68.67864363
-17.54749176	-68.67864363
-17.79169143	-69.54781871
-17.8248068	-69.54781871
-17.79103229	-69.54781871
-17.83154126	-69.5032464
-17.77013654	-69.5032464
-17.7511965	-67.54202615
-17.76424389	-67.5197421
-17.73201887	-67.49745384
-17.72983707	-67.49745384
-17.71196238	-67.5197421
-18.18867221	-70.57300326
-18.18387302	-70.55071498
-18.18107295	-70.57300326
-18.21916763	-70.55071498
-18.17369595	-70.55071498
-18.5700572	-72.53421925
-18.60117471	-72.48965119
-18.55678627	-72.46736291
-18.57682871	-72.40050654
-18.55829744	-72.42278634
-18.55663043	-70.12727159
-18.57143935	-70.12727159
-18.52110971	-70.14955987
-18.58403326	-70.14955987
-18.55531215	-70.12727159
-18.5560722	-67.89527037
-18.5068373	-67.93984269
-18.56786518	-67.87298209
-18.53303043	-67.87298209
-18.57572887	-67.87298209
-18.56533081	-67.62783221
-18.51829943	-67.60554393
-18.56991924	-67.60554393
-18.52372838	-67.65011625
-18.55597257	-67.60554393
-18.48044745	-63.74996404
-18.50919538	-63.70539173
-18.48546636	-63.70539173
-18.49963658	-63.68310769
-18.49310011	-63.72768001
-18.29972699	-60.7635635
-18.26599719	-60.67441887
-18.28250378	-60.74127522
-18.23371469	-60.6967029
-18.26682878	-60.6967029
-18.01196536	-57.21999833
-18.06140593	-57.21999833
-18.045303	-57.19771005
-18.06096906	-57.19771005
-18.04811711	-57.21999833
-17.68730469	-52.89639852
-17.66443536	-52.89639852
-17.69189311	-52.87411446
-17.70039167	-52.89639852
-17.7073599	-52.87411446
-17.36577365	-48.70651987
-17.37404611	-48.75109643
-17.33438788	-48.75109643
-17.3735658	-48.81795278
-17.34113001	-48.75109643
-16.91004898	-44.27149135
-16.90588592	-44.27149135
-16.92637801	-44.27149135
-16.93360555	-44.24920307
-16.91226654	-44.29377963
-16.94391929	-44.71722304
-16.94125335	-44.73951132
-16.92841929	-44.69493476
-16.94755861	-44.71722304
-16.89398437	-44.69493476
-16.45884119	-39.65816932
-16.4932774	-39.65816932
-16.45107076	-39.63588104
-16.47566586	-39.68045335
-16.45867896	-39.68045335
-15.97428428	-35.17856637
-16.00541073	-35.17856637
-16.01804041	-35.22313868
-16.00041864	-35.15627808
-15.9851307	-35.22313868
-15.50769657	-31.12240682
-15.49587805	-31.16698125
-15.53380667	-31.12240682
-15.50328187	-31.16698125
-15.55076674	-31.14469297
-15.48771673	-32.08073078
-15.49033285	-32.10301692
-15.47199446	-32.12530309
-15.47813494	-32.08073078
-15.46920845	-32.08073078
-15.48565117	-32.45960185
-15.56972722	-32.45960185
-15.53856883	-32.48188802
-15.53922924	-32.48188802
-15.51133717	-32.48188802
-15.30249471	-30.1417967
-15.31905112	-30.11951053
-15.28814437	-30.09722436
-15.28438498	-30.1417967
-15.26914941	-30.11951053
-14.86174502	-26.30850509
-14.87046967	-26.30850509
-14.90228976	-26.28621895
-14.85829859	-26.26393278
-14.89049678	-26.30850509
-14.31921704	-22.14091475
-14.34641932	-22.1632009
-14.30918049	-22.18548707
-14.35058237	-22.1632009
-14.29984907	-22.14091475
-14.32416442	-22.98780366
-14.34419281	-22.98780366
-14.31171103	-23.01008983
-14.34131226	-22.96551751
-14.30470703	-23.01008983
-13.62572186	-17.66131073
-13.66926083	-17.72817026
-13.65143979	-17.70588305
-13.66384081	-17.72817026
-13.66668176	-17.72817026
-13.0085259	-13.20399393
-12.95866123	-13.2262801
-12.98042689	-13.15942055
-12.93991791	-13.20399393
-12.98955776	-13.20399393
-12.13611396	-9.125548217
-12.12501844	-9.170121599
-12.15139041	-9.170121599
-12.09801416	-9.147835431
-12.12174191	-9.147835431
-11.43670185	-6.562591593
-11.44757893	-6.584878273
-11.45824906	-6.562591593
-11.47678417	-6.540304912
-11.4728651	-6.607164441
-11.47224811	-7.097469491
-11.46461819	-7.119756193
-11.44889848	-7.164329042
-11.45279711	-7.164329042
-11.44432794	-7.119756193
-11.45359549	-6.473445361
-11.41308013	-6.473445361
-11.43505144	-6.451158681
-11.38231773	-6.49573153
-11.41192919	-6.49573153
-9.799950642	-2.617866273
-9.799950642	-2.617866273
-9.818479358	-2.662439388
-9.799950642	-2.617866273
-9.809215	-2.640152708
-8.586335031	0.301676322
-8.576014261	0.368536095
-8.519444511	0.301676322
-8.523746163	0.279389775
-8.521026574	0.346249504
-6.624446683	2.418901813
-6.613144868	2.418901813
-6.6557788	2.39661511
-6.600858815	2.374328697
-6.636611382	2.39661511
-5.412949643	3.466371196
-5.458486471	3.488657876
-5.395899519	3.444084761
-5.420562959	3.377224965
-5.419366034	3.42179808
-5.419994515	3.176645556
-5.448159953	3.109786005
-5.371413	3.176645556
-5.437577954	3.176645556
-5.36718927	3.15435912
-5.479922555	2.973001967
-5.39736917	2.973001967
-5.438496407	2.861569055
-5.408075077	2.995288669
-5.447407563	2.950715553
-5.255367411	3.574739683
-5.216969344	3.530166567
-5.261586762	3.507880154
-5.217108262	3.485593452
-5.268927672	3.485593452
-5.171571434	3.463306772
-5.165841966	3.307300745
-5.212576359	3.262727629
-5.200014706	3.285014309
-5.217984879	3.35187386
-5.191202229	3.441020336
-5.22293098	3.418733656
-5.194040936	3.463306772
-5.208448434	3.485593452
-5.151283096	3.441020336
-5.098340529	3.441020336
-5.138395067	3.418733656
-5.157888861	3.463306772
-5.185256561	3.418733656
-5.177917886	3.441020336
-5.231668729	3.329587425
-5.167685577	3.35187386
-5.236953341	3.35187386
-5.158762604	3.35187386
-5.204373521	3.307300745
-5.375296302	1.925532583
-5.348926253	1.903246014
-5.383159989	1.925532583
-5.344102463	1.903246014
-5.411262195	1.858672765
-5.432432579	1.747239854
-5.384451442	1.702666739
-5.476589174	1.702666739
-5.411483824	1.702666739
-5.43640977	1.65809349
-5.445519563	1.747239854
-5.423509287	1.747239854
-5.442414837	1.724953308
-5.434353792	1.702666739
-5.450741583	1.747239854
-5.416031376	1.814099672
-5.397063233	1.791813103
-5.384501261	1.836386219
-5.380935393	1.814099672
-5.374791089	1.791813103
-5.370217351	1.880959334
-5.375836643	1.880959334
-5.377419983	1.903246014
-5.35416392	1.836386219
-5.340542024	1.880959334
-5.410719299	1.992392246
-5.386267908	1.94781913
-5.394132872	1.970105699
-5.380185558	1.970105699
-5.399489658	1.94781913
-5.418643024	2.059252064
-5.370063424	2.059252064
-5.398414085	2.08153861
-5.373166873	2.08153861
-5.424985964	2.08153861
-5.376269682	2.103825179
-5.365165226	2.103825179
-5.366884609	2.103825179
-5.362585513	2.126111859
-5.391535275	2.126111859
-5.449963006	2.126111859
-5.40270424	2.126111859
-5.465429151	2.126111859
-5.444281122	2.103825179
-5.445600678	2.126111859
-5.419951722	2.148398428
-5.392783936	2.170684975
-5.421273195	2.148398428
-5.378574115	2.170684975
-5.389614701	2.148398428
-5.361972998	2.237544659
-5.384781651	2.21525809
-5.381877477	2.170684975
-5.408710584	2.192971544
-5.400309111	2.237544659
-5.345483974	2.460410482
-5.357447802	2.460410482
-5.353086432	2.460410482
-5.365112853	2.482697184
-5.365188219	2.415837366
-5.362295542	2.750136144
-5.368116664	2.727849709
-5.330903068	2.750136144
-5.355689777	2.750136144
-5.295545218	2.727849709
-5.307686286	2.83928262
-5.338681169	2.883855736
-5.319850347	2.83928262
-5.307362145	2.81699594
-5.255939687	2.81699594
-5.34382846	2.928428851
-5.322021291	2.906142171
-5.370000832	2.950715553
-5.295710642	2.928428851
-5.328822819	2.950715553
-5.286711344	2.995288669
-5.320087624	3.017575082
-5.290539079	3.039861785
-5.317308636	3.039861785
-5.304545793	3.0844349
-5.285242332	3.10672158
-5.253972488	3.151294696
-5.307375238	3.173581398
-5.263095693	3.129008016
-5.312274714	3.10672158
-5.216202903	3.329587425
-5.23642801	3.329587425
-5.19591233	3.329587425
-5.21441965	3.329587425
-5.17608194	3.35187386
-5.221073318	3.463306772
-5.192186787	3.485593452
-5.226497167	3.441020336
-5.210232965	3.463306772
-5.237662299	3.463306772
-5.174006481	3.507880154
-5.127407813	3.507880154
-5.157018631	3.507880154
-5.155236974	3.485593452
-5.134150899	3.507880154
-5.134402547	3.574739683
-5.160374685	3.597026385
-5.145906191	3.55245327
-5.151326527	3.55245327
-5.096465622	3.55245327
-5.0714691	3.619313065
-5.072389787	3.663886181
-5.036635304	3.641599501
-5.070869679	3.663886181
-5.049521417	3.663886181
-5.066562918	3.708459296
-5.025324228	3.663886181
-5.040191592	3.708459296
-5.012499431	3.686172616
-5.046535489	3.708459296
-4.528580257	3.409261991
-4.517798984	3.47612152
-4.487461963	3.47612152
-4.461290869	3.453835107
-4.526597091	3.409261991
-4.504389456	3.409261991
-4.502730749	3.453835107
-4.509211649	3.431548404
-4.524479477	3.431548404
-4.540008215	3.453835107
-4.537115538	3.342402173
-4.465192374	3.431548404
-4.552905824	3.386975289
-4.527596338	3.342402173
-4.546362652	3.386975289
-4.52871662	3.386975289
-4.507692498	3.409261991
-4.551773407	3.453835107
-4.493545909	3.431548404
-4.545629423	3.431548404
-4.477221031	3.431548404
-4.523756468	3.386975289
-4.495529076	3.431548404
-4.531283879	3.453835107
-4.52130194	3.453835107
-2.681844594	5.927646034
-2.617659932	5.972218882
-2.608611295	5.927646034
-2.605110894	5.905359331
-2.644506452	5.883072651
-2.710698551	4.23386553
-2.708329609	4.167005734
-2.744097505	4.100145938
-2.768225075	4.077859503
-2.764399575	4.03328612
-3.17001624	2.918956919
-3.250472449	2.807524008
-3.309588061	2.673804661
-3.349403725	2.517798635
-3.45490883	2.428652137
-3.997383156	1.604048576
-3.992895962	1.55947546
-4.034211615	1.514902211
-4.082204568	1.470329096
-4.070898282	1.514902211
-4.266513564	1.314322935
-4.271934858	1.292036366
-4.280993874	1.26974982
-4.254549416	1.314322935
-4.276895649	1.26974982
-4.239690675	1.247463251
-4.285953387	1.26974982
-4.277230009	1.247463251
-4.265003036	1.247463251
-4.263544881	1.26974982
-4.332826378	1.180603455
-4.25291498	1.202890002
-4.257076117	1.225176704
-4.290714903	1.247463251
-4.273940698	1.13603034
-4.307899793	1.247463251
-4.282313111	1.292036366
-4.261101211	1.26974982
-4.202474844	1.26974982
-4.254422315	1.292036366
-4.28967414	1.158316886
-4.296343456	1.202890002
-4.322191367	1.158316886
-4.295881356	1.202890002
-4.3485496	1.26974982
-4.122790186	2.450938817
-4.104143948	2.495511932
-4.154844035	2.473225252
-4.153785069	2.473225252
-4.165809893	2.517798635
-3.656373655	3.47612152
-3.688301042	3.453835107
-3.630661468	3.47612152
-3.670841191	3.520694902
-3.599392263	3.520694902
-2.938134556	4.857889681
-2.941300597	4.902463064
-2.953723971	4.924749744
-2.899275667	4.835603513
-2.947455759	4.857889681
-2.411563726	5.905359331
-2.423664875	5.883072651
-2.343950676	5.905359331
-2.39781425	5.927646034
-2.383810251	5.860785949
-1.720622869	6.81910939
-1.732774635	6.885968919
-1.681427544	6.81910939
-1.646530517	6.81910939
-1.658159506	6.84139607
-1.686087347	6.083651794
-1.735204733	6.016792265
-1.699299835	6.128225176
-1.706378239	6.083651794
-1.669625626	6.105938496
-1.391229743	6.908255621
-1.38970676	6.930542302
-1.331480859	6.908255621
-1.36081959	6.952829004
-1.379801306	6.863682239
-0.61163906	7.866578507
-0.702456158	7.84429236
-0.622680644	7.84429236
-0.618715867	7.84429236
-0.611377592	7.84429236
-0.23345686	8.46831649
-0.256662225	8.423743107
-0.203182551	8.490603192
-0.220242615	8.44602981
-0.211783858	8.423743107
0.172009331	8.980907708
0.22217219	8.958621562
0.206904681	8.958621562
0.204261557	8.958621562
0.170225778	8.980907708
0.885597768	10.13981029
0.905627272	10.16209646
0.95353416	10.07295074
0.881235759	10.13981029
0.856248258	10.11752412
1.512126425	11.23185332
1.510269242	11.18727994
1.488721865	11.18727994
1.496061657	11.20956611
1.521634927	11.16499273
2.104686887	12.39075484
2.093718155	12.41304208
2.077118954	12.34618253
2.147248645	12.36846869
2.15008847	12.34618253
2.681634142	13.46051173
2.677135611	13.43822451
2.660483877	13.46051173
2.624128536	13.43822451
2.705623752	13.43822451
2.697123281	12.6359079
2.637637701	12.6359079
2.643581134	12.59133454
2.665132982	12.6359079
2.741403784	12.61362068
3.152776422	14.64170046
3.191098164	14.55255371
3.143715809	14.61941324
3.155816	14.64170046
3.177626682	14.64170046
3.646495824	15.68917013
3.585290383	15.66688289
3.642332132	15.68917013
3.613244091	15.64459675
3.553698314	15.68917013
3.590860494	14.81999292
3.574534338	14.81999292
3.627476905	14.81999292
3.614526922	14.84227909
3.634092889	14.8645663
4.502081191	17.82868177
4.519007726	17.87325408
4.470164981	17.87325408
4.455481883	17.8063956
4.413585332	17.87325408
4.847475055	19.29959587
4.891293777	19.27730972
4.897837269	19.27730972
4.813040767	19.29959587
4.865446186	19.25502355
5.187939744	20.10191248
5.137901032	20.05734017
5.119855493	20.05734017
5.143460924	20.12420077
5.145902359	20.07962632
5.484425397	21.1493832
5.558390808	21.19395552
5.52811574	21.17166935
5.499963077	21.19395552
5.529176623	21.19395552
5.859051649	22.35285917
5.835644534	22.28599855
5.842452448	22.28599855
5.770802329	22.2637124
5.779986211	22.24142623
5.828085507	21.10480875
5.783605091	21.12709703
5.807794615	21.10480875
5.821480061	21.1493832
5.915799596	21.1493832
6.22449338	23.556333
6.216029953	23.53404683
6.137042437	23.51176068
6.244247126	23.51176068
6.204591457	23.51176068
6.54856964	24.84895571
6.589872519	24.80438339
6.569387461	24.82666956
6.554115481	24.80438339
6.481209676	24.78209511
6.799214443	25.69584675
6.7179193	25.71813292
6.755456398	25.67355847
6.793856381	25.67355847
6.859096496	25.71813292
7.125643678	26.83246212
7.112169002	26.89932058
7.064049906	26.87703443
7.044808399	26.83246212
7.075676819	26.85474826
7.663866171	28.94968759
7.630028429	28.94968759
7.621303773	28.94968759
7.639013675	28.92740142
7.574508704	28.94968759
7.927620312	29.97487002
7.898530674	29.93029771
7.848830154	29.93029771
7.816840814	29.93029771
7.947837116	29.90800943
7.860405972	29.01654607
7.89200315	29.03883435
7.864968213	29.01654607
7.891213715	29.0611205
7.902578123	29.03883435
7.872239185	28.52624207
7.911896132	28.52624207
7.814935569	28.52624207
7.89286348	28.52624207
7.885922077	28.52624207
7.968461411	28.4370953
7.926899858	28.5039559
7.855373008	28.4370953
7.888227788	28.48166975
7.81863748	28.52624207
8.232139547	31.33435122
8.224138539	31.31206507
8.223940542	31.33435122
8.28890921	31.2897789
8.261416324	31.2897789
8.695947623	33.54072347
8.758484756	33.60758407
8.762308659	33.54072347
8.79952449	33.58529579
8.792445128	33.54072347
9.028706384	34.56590591
9.069348846	34.52133357
9.046741385	34.52133357
8.993536312	34.52133357
8.932731975	34.54361974
9.399399515	35.9922477
9.433836358	36.01453598
9.372566408	36.01453598
9.331326121	36.03682001
9.315063516	36.03682001
9.777877134	37.77517441
9.818733561	37.84203503
9.800946376	37.77517441
9.781715727	37.79746269
9.751507724	37.79746269
10.04185099	38.97864826
9.997171937	38.97864826
9.979988324	39.00093654
10.03663089	38.97864826
9.998952635	38.95636421
9.965226028	37.32944274
9.996418908	37.30715446
10.05544574	37.35173102
10.07415202	37.32944274
10.06078847	37.24029809
10.41491242	40.36041985
10.40347009	40.29355925
10.39354979	40.27127097
10.3749093	40.24898694
10.39164327	40.33813157
10.3907823	39.3352353
10.34484501	39.31294702
10.41146919	39.31294702
10.47683832	39.3352353
10.40300831	39.31294702
10.67578028	41.5638937
10.64861057	41.54160542
10.64556972	41.54160542
10.55429487	41.54160542
10.69223321	41.51932137
10.79409453	42.43306878
10.8124674	42.41078472
10.82779878	42.41078472
10.8073067	42.38849644
10.75858531	42.34392413
11.19113152	44.57258253
11.28783086	44.57258253
11.31995113	44.55029425
11.25695733	44.55029425
11.20910074	44.50572193
11.7368364	46.82352921
11.6869398	46.86810153
11.70252794	46.77895265
11.68243951	46.80124093
11.81271408	46.82352921
12.00874037	48.00471476
11.96644047	47.98243073
11.92870091	48.00471476
12.03344788	47.91557013
12.00537186	48.00471476
11.9850816	46.51151449
12.02592653	46.48923046
11.95407522	46.46694217
11.95725468	46.48923046
11.97232291	46.48923046
11.99351118	45.77605636
11.99125401	45.73148404
12.00989258	45.73148404
12.01009186	45.73148404
11.98140652	45.73148404
12.36949531	49.29733749
12.32111498	49.29733749
12.34834409	49.25276516
12.36995645	49.25276516
12.30597522	49.25276516
12.75135677	51.10255249
12.71585904	51.08026421
12.75307359	51.12483652
12.69225521	51.03569189
12.72326159	51.08026421
13.10007858	52.84090689
13.1148198	52.84090689
13.06491809	52.84090689
13.06358704	52.79633032
13.08175808	52.75175801
13.59387112	54.82441116
13.56525859	54.86898348
13.48718761	54.77983885
13.51753357	54.84669944
13.51421999	54.77983885
13.72991954	55.78273511
13.68054284	55.78273511
13.76144072	55.76044683
13.71154028	55.76044683
13.74590878	55.7381628
13.84598685	56.62962616
13.93018042	56.58504959
13.91901592	56.60733787
13.87445758	56.51819324
13.9133928	56.56276556
13.90965129	54.75755057
13.81500474	54.80212288
13.82003004	54.77983885
13.87759744	54.75755057
13.90152573	54.75755057
13.96251913	53.95077757
13.94949857	53.92848929
14.06258697	53.92848929
14.08585485	53.95077757
13.97210731	53.97306162
14.01465629	53.34904065
14.03766486	53.39361297
14.05867812	53.37132469
13.98313001	53.37132469
14.00421225	53.34904065
14.04527562	52.99245361
14.04051602	52.97016533
14.02194642	52.97016533
14.04170911	52.99245361
13.95465799	52.99245361
14.10111214	51.38782041
13.97077753	51.43239275
14.01889088	51.41010446
14.032637	51.38782041
14.02457532	51.41010446
14.05392746	51.43239275
14.03977768	51.41010446
13.9953011	51.45468103
14.01413256	51.41010446
14.05484975	51.43239275
14.03200469	49.64946601
13.95223221	49.69403835
14.00907021	49.67175429
14.01370718	49.73861066
14.01799287	49.67175429
13.91121227	46.52934427
13.89778933	46.50705599
13.8324285	46.52934427
13.8624334	46.52934427
13.87955442	46.55163253
13.72599153	44.50126343
13.77398608	44.54583998
13.71720428	44.50126343
13.62830349	44.52355172
13.69995808	44.54583998
13.77163438	44.76870582
13.72893467	44.74641754
13.66541074	44.70184522
13.66991103	44.74641754
13.69832556	44.72412926
13.6599243	44.72412926
13.64862312	44.72412926
13.78141673	44.76870582
13.77321709	44.74641754
13.68920235	44.72412926
13.41026757	39.91022966
13.35395841	39.954802
13.31212349	39.954802
13.307567	39.954802
13.40326229	39.93251372
13.01812813	36.21065504
13.06651101	36.21065504
13.02407827	36.23294333
13.03723934	36.29980392
13.05646935	36.25522736
12.57572548	31.37446717
12.5323679	31.37446717
12.49364218	31.44132777
12.48141744	31.46361391
12.59476899	31.4190416
12.49137607	32.28821667
12.49647546	32.35507729
12.53169343	32.28821667
12.56130489	32.28821667
12.52726724	32.31050495
12.1092438	26.93943653
12.10316465	26.91715036
12.06430225	26.93943653
12.02391207	26.87257805
11.95967791	26.98401096
11.44567815	22.57126649
11.49492072	22.54898032
11.54270322	22.52669418
11.53047976	22.57126649
11.53470413	22.52669418
11.46009491	23.10614492
11.47622211	23.10614492
11.47807945	23.17300552
11.5522352	23.12843109
11.53914949	23.15071724
10.79574238	17.89108387
10.83917788	17.95794446
10.89436293	17.93565829
10.94598402	17.93565829
10.92774016	17.91337001
10.23620643	13.56748721
10.24612674	13.61205952
10.22940427	13.58977335
10.19008711	13.63434674
10.16073497	13.61205952
9.415917601	9.310749034
9.377248086	9.266175652
9.443013214	9.243889483
9.420614608	9.310749034
9.36171871	9.266175652
8.272958929	4.764285998
8.222336764	4.808859381
8.264244492	4.853432763
8.265302181	4.853432763
8.251818564	4.853432763
7.404145426	2.401908272
7.476652682	2.424194952
7.491720917	2.424194952
7.430244666	2.357335156
7.484916196	2.446481365
7.418131062	2.713920592
7.408074076	2.624774094
7.465912924	2.66934721
7.479201099	2.691633912
7.380981017	2.691633912
7.449018005	2.869926641
7.426545948	2.869926641
7.352194124	2.914499734
7.442673788	2.869926641
7.458277254	2.914499734
7.443398713	2.847639939
7.439361484	2.803066823
7.396600451	2.847639939
7.435992975	2.825353526
7.438773241	2.847639939
7.379716389	3.115078899
7.37607771	3.070505783
7.433577408	3.070505783
7.442501338	3.070505783
7.405228663	3.115078899
7.354821101	3.115636217
7.421108048	3.071063101
7.441596938	3.071063101
7.405245269	3.071063101
7.411465578	3.115636217
7.478354182	3.13792263
7.450050146	3.004203283
7.440076829	3.071063101
7.417608605	3.093349514
7.343703871	3.026489719
7.253333425	2.045880131
7.247712856	2.023593562
7.259279092	2.023593562
7.199471767	2.090453247
7.229283138	2.090453247
6.622098818	0.730971654
6.638822565	0.753258267
6.590107561	0.730971654
6.614959418	0.730971654
6.577807457	0.708685085
6.337871115	0.307526556
6.306143642	0.285239965
6.294839272	0.262953396
6.292398157	0.307526556
6.39239766	0.285239965
3.417620507	-2.812595225
3.374817958	-2.857168341
3.417620507	-2.812595225
3.417620507	-2.812595225
3.374817958	-2.857168341
-0.113589753	-6.489881585
-0.105299604	-6.512168287
-0.139698214	-6.489881585
-0.075000216	-6.534454967
-0.026419883	-6.534454967
-0.103953721	-5.955003687
-0.090640846	-5.977290367
-0.085011385	-5.932716984
-0.086079992	-5.977290367
-0.123093984	-5.977290367
-0.851708371	-7.470491172
-0.853464081	-7.492777875
-0.857590728	-7.470491172
-0.902441511	-7.492777875
-0.846061137	-7.492777875
-0.874608438	-6.868753723
-0.909676876	-6.891039892
-0.91968572	-6.868753723
-0.864418362	-6.824180341
-0.878110435	-6.868753723
-1.829952995	-8.673966605
-1.822786451	-8.696253307
-1.807112089	-8.651680458
-1.848289463	-8.651680458
-1.843700716	-8.673966605
-2.557952084	-9.922015953
-2.584288282	-9.899728717
-2.546641009	-9.877442571
-2.538351947	-9.899728717
-2.547473236	-9.899728717
-3.183465686	-10.92491222
-3.190434234	-10.90262501
-3.186506223	-10.92491222
-3.212642507	-10.90262501
-3.167791325	-10.88033884
-3.831936598	-12.01695421
-3.832370596	-12.03924142
-3.792307116	-11.99466804
-3.796009027	-11.99466804
-3.804044205	-12.01695421
-4.383407347	-12.97527709
-4.317207264	-12.95299095
-4.362491805	-12.99756433
-4.414746171	-13.01985048
-4.328538139	-12.93070478
-4.36266617	-12.44039973
-4.324793435	-12.44039973
-4.361355556	-12.48497311
-4.400955338	-12.52954543
-4.328900602	-12.48497311
-4.944567829	-14.11189353
-4.90734625	-14.06732015
-4.879028163	-14.08960629
-4.928213251	-14.13417968
-4.92324767	-14.08960629
-4.960716746	-13.46558217
-4.897764457	-13.48786938
-4.923673683	-13.48786938
-4.943674925	-13.51015555
-4.915809358	-13.48786938
-5.46774572	-15.49366194
-5.466018034	-15.44908855
-5.555493021	-15.51594811
-5.499102747	-15.47137472
-5.452278936	-15.49366194
-6.058633583	-16.85314313
-5.988308768	-16.85314313
-5.96107775	-16.85314313
-6.026840324	-16.85314313
-6.010080809	-16.83085698
-6.268786019	-17.47716728
-6.279692478	-17.47716728
-6.344135495	-17.47716728
-6.28253342	-17.47716728
-6.299954629	-17.49945449
-7.051478354	-19.75039907
-7.052789607	-19.70582673
-7.079557567	-19.70582673
-7.06693428	-19.70582673
-7.068248726	-19.6612523
-7.801530511	-21.9567713
-7.789132047	-21.93448513
-7.807213673	-21.9567713
-7.875795473	-21.97905745
-7.782824236	-21.9567713
-7.838490862	-21.26588762
-7.781216625	-21.24359934
-7.760318967	-21.19902702
-7.846979837	-21.24359934
-7.802338468	-21.26588762
-7.812132948	-20.73100916
-7.792069433	-20.70872302
-7.84606905	-20.70872302
-7.782720766	-20.73100916
-7.79035005	-20.70872302
-8.208481422	-23.13795896
-8.26776118	-23.09338665
-8.252955452	-23.09338665
-8.21680178	-23.09338665
-8.246846915	-23.11567282
-8.50685763	-24.40829552
-8.517120278	-24.34143493
-8.558035466	-24.34143493
-8.520358492	-24.34143493
-8.525154498	-24.3637211
-9.154372087	-26.57009333
-9.105393938	-26.57009333
-9.11173113	-26.52552102
-9.165495704	-26.50323485
-9.09582939	-26.50323485
-9.420113228	-27.7735693
-9.382003854	-27.75128313
-9.396610308	-27.75128313
-9.420538603	-27.75128313
-9.395742313	-27.70670868
-9.888779902	-29.28905785
-9.864853523	-29.28905785
-9.836963366	-29.28905785
-9.884645591	-29.26676957
-9.877703549	-29.26676957
-9.789679052	-28.57588589
-9.863913355	-28.62046032
-9.823199359	-28.62046032
-9.818837031	-28.62046032
-9.818401437	-28.59817203
-9.816927953	-28.35302004
-9.809959087	-28.37530621
-9.774890568	-28.35302004
-9.808665078	-28.35302004
-9.857417127	-28.37530621
-9.835852026	-27.86271604
-9.900296959	-27.86271604
-9.807328916	-27.84042989
-9.819318611	-27.81814161
-9.85455894	-27.86271604
-10.31497487	-31.36170889
-10.35044194	-31.38399504
-10.31258549	-31.31713655
-10.27227643	-31.36170889
-10.32673208	-31.31713655
-10.7368848	-33.32292911
-10.78675075	-33.30064297
-10.74187178	-33.30064297
-10.72292918	-33.27835468
-10.72599878	-33.25606852
-11.2087354	-35.46244075
-11.27908065	-35.39558015
-11.23441118	-35.4401546
-11.20111698	-35.37329401
-11.21176795	-35.41786843
-11.67560413	-37.62423856
-11.7093812	-37.62423856
-11.75293805	-37.62423856
-11.6808798	-37.57966624
-11.67872866	-37.55737796
-11.9889202	-39.05058248
-11.98742947	-39.0282942
-12.00963838	-39.0282942
-12.0559953	-39.00600592
-12.00877741	-39.0282942
-12.01424852	-37.62423856
-12.06457433	-37.60195452
-12.04299901	-37.62423856
-12.06873866	-37.60195452
-12.02996696	-37.57966624
-12.35435937	-40.23176803
-12.33106339	-40.25405631
-12.32412199	-40.25405631
-12.35045819	-40.23176803
-12.34064646	-40.25405631
-12.6643478	-42.03698302
-12.67134158	-41.99241071
-12.69746062	-42.03698302
-12.73926232	-42.01469474
-12.6602103	-42.01469474
-13.11613297	-44.15420851
-13.10958756	-44.15420851
-13.1024124	-44.13192023
-13.14292137	-44.0873479
-13.10238429	-44.15420851
-13.55661058	-46.53887214
-13.58819306	-46.49429983
-13.52308899	-46.49429983
-13.52678963	-46.49429983
-13.5836238	-46.44972751
-14.03167129	-48.70066995
-14.04056584	-48.72295823
-13.96917311	-48.67838589
-13.9955438	-48.67838589
-14.07175105	-48.67838589
-14.44608606	-50.99618895
-14.42821393	-51.01847723
-14.44238415	-50.99618895
-14.42672064	-50.99618895
-14.42976086	-50.99618895
-14.39123186	-49.52527693
-14.43060778	-49.5921333
-14.42778472	-49.52527693
-14.40250749	-49.54756099
-14.38726553	-49.52527693
-14.44064816	-48.96811233
-14.41643117	-48.99039639
-14.43777911	-48.99039639
-14.4212457	-48.94582405
-14.39795099	-48.96811233
-14.90057421	-53.38085258
-14.8833791	-53.33628026
-14.89620166	-53.33628026
-14.90622288	-53.35856854
-14.90974084	-53.29170795
-15.39923748	-55.54265461
-15.33153517	-55.45350573
-15.36680935	-55.52036633
-15.43844478	-55.47579401
-15.35156355	-55.45350573
-15.76798257	-57.25872072
-15.7091697	-57.30329304
-15.78648957	-57.25872072
-15.76666046	-57.25872072
-15.74293527	-57.25872072
-16.15873347	-58.93021453
-16.1079759	-58.97478684
-16.04918219	-58.95249856
-16.08642357	-58.93021453
-16.09666578	-58.93021453
-16.14691622	-57.34786538
-16.08333481	-57.34786538
-16.15603815	-57.34786538
-16.16390439	-57.34786538
-16.12275161	-57.32558132
-16.11907908	-56.56783493
-16.0914246	-56.59012321
-16.1184276	-56.61240725
-16.17831221	-56.61240725
-16.12278099	-56.56783493
-16.07823159	-56.25582446
-16.09040395	-56.30039677
-16.10546452	-56.25582446
-16.1348205	-56.30039677
-16.08367971	-56.23353617
-16.08221964	-55.45350573
-16.10511324	-55.4312217
-16.11251578	-55.4312217
-16.16416626	-55.40893341
-16.12736047	-55.45350573
-16.08735863	-55.09692294
-16.13309984	-55.09692294
-16.15034988	-55.09692294
-16.14402929	-55.07463466
-16.12311694	-55.09692294
-16.1357364	-53.0019815
-16.08672631	-52.97969745
-16.0246599	-52.97969745
-16.10480666	-53.0019815
-16.12549036	-53.0019815
-15.94968918	-50.88475601
-15.94204904	-50.86247198
-16.03069691	-50.9070443
-15.96733521	-50.88475601
-15.91330749	-50.9070443
-15.95266297	-51.04076126
-15.98184394	-51.01847723
-15.93739546	-51.04076126
-15.92436724	-50.99618895
-16.02368269	-51.01847723
-15.93608357	-51.08533782
-15.93107232	-51.12991014
-15.98291824	-51.10762186
-15.9650461	-51.12991014
-15.94090959	-51.08533782
-15.92937848	-51.10762186
-15.98681814	-51.10762186
-15.94630278	-51.10762186
-15.91279014	-51.10762186
-15.99623132	-51.08533782
-15.78163672	-48.5446647
-15.86373024	-48.5446647
-15.81141807	-48.56695298
-15.78596967	-48.56695298
-15.82932214	-48.52238067
-15.48576358	-44.35478605
-15.46832066	-44.39936262
-15.56108942	-44.42164667
-15.54218643	-44.42164667
-15.50583284	-44.42164667
-15.5439799	-45.04567187
-15.54503759	-45.04567187
-15.49949437	-45.04567187
-15.48859047	-45.04567187
-15.52974581	-45.06796015
-15.48503546	-45.24624943
-15.50288715	-45.29082597
-15.5048914	-45.22396538
-15.50750752	-45.24624943
-15.52994381	-45.22396538
-15.1309856	-39.74146402
-15.12339272	-39.78603636
-15.16869834	-39.76375231
-15.17044455	-39.74146402
-15.13517931	-39.71917999
-14.72367063	-35.28414724
-14.76501247	-35.26186107
-14.67115536	-35.26186107
-14.69884815	-35.26186107
-14.79816361	-35.28414724
-14.32806561	-31.02741011
-14.23504902	-31.09427073
-14.24666188	-31.00512397
-14.30259932	-31.09427073
-14.25275254	-31.04969628
-13.76208325	-26.59237948
-13.78193663	-26.57009333
-13.75516612	-26.57009333
-13.78306969	-26.61466776
-13.80896901	-26.57009333
-13.7472475	-26.77067301
-13.78386295	-26.77067301
-13.78538434	-26.77067301
-13.74397991	-26.79295918
-13.78160068	-26.8375336
-13.19268384	-22.24649561
-13.19116246	-22.24649561
-13.19400468	-22.24649561
-13.24870176	-22.26878389
-13.25503639	-22.22420946
-12.54149877	-17.70003313
-12.52215763	-17.67774696
-12.57745253	-17.70003313
-12.56789756	-17.67774696
-12.55613141	-17.67774696
-11.9435622	-13.91131383
-11.94184027	-13.91131383
-11.93484649	-13.95588721
-11.91219176	-13.88902769
-11.94677232	-13.93360107
-11.88882297	-14.60219858
-11.9090864	-14.62448475
-11.9603	-14.57991137
-11.93373898	-14.62448475
-11.95488765	-14.62448475
-11.92940476	-15.18164935
-11.96553096	-15.2039355
-11.93705895	-15.13707597
-11.91046088	-15.15936318
-11.94265142	-15.15936318
-11.462803	-11.08091747
-11.38027389	-11.0586313
-11.35912522	-11.0586313
-11.40547064	-11.10320468
-11.37393159	-11.0586313
-10.89840974	-8.852259601
-10.95693902	-8.874546281
-10.92798415	-8.829972898
-10.89946742	-8.852259601
-10.93714312	-8.852259601
-10.36203373	-6.623601198
-10.32700225	-6.623601198
-10.3054544	-6.623601198
-10.43463168	-6.601314518
-10.37823182	-6.668174047
-10.34824928	-6.913326572
-10.3339047	-6.913326572
-10.41359862	-6.980186657
-10.38811444	-6.957899954
-10.34696485	-6.935613274
-10.36163965	-7.24762535
-10.31805725	-7.26991203
-10.33110527	-7.24762535
-10.32783959	-7.26991203
-10.36950397	-7.24762535
-10.22805661	-6.512168287
-10.27318786	-6.467594905
-10.30452956	-6.512168287
-10.245504	-6.512168287
-10.22828143	-6.489881585
-6.823128048	0.285239965
-6.818304578	0.285239965
-6.742953825	0.285239965
-6.779831783	0.307526556
-6.842295466	0.285239965
-6.666523029	0.352099738
-6.615824219	0.396672876
-6.625146699	0.374386329
-6.634006121	0.352099738
-6.630429395	0.396672876
-5.610972508	1.265849686
-5.632120537	1.265849686
-5.667152011	1.265849686
-5.608192242	1.288136232
-5.612093428	1.288136232
-4.4599282	2.402465567
-4.460664942	2.335605771
-4.413666766	2.357892185
-4.432508766	2.335605771
-4.420407297	2.380178887
-4.394127624	2.179599611
-4.445871988	2.246459273
-4.460142485	2.268745954
-4.447179728	2.335605771
-4.453874273	2.201886158
-4.429360928	2.135026496
-4.452492124	2.157313042
-4.503189337	2.135026496
-4.421558556	2.157313042
-4.416872726	2.112739927
-4.44081603	1.979020313
-4.436391748	1.956733766
-4.399775019	1.956733766
-4.453240681	2.001307016
-4.472532965	2.045880131
-4.439307099	1.912160651
-4.41326151	1.934447198
-4.430649507	1.889874082
-4.491914028	1.934447198
-4.415643546	1.912160651
-4.455433661	1.912160651
-4.436131797	1.912160651
-4.435934119	1.912160651
-4.490532518	1.889874082
-4.425087698	1.956733766
