"Pujol 2002, No. 10-1-2.25S"	
32189	
-0.177048023	0.238716727
-0.093889888	0.35014966
-0.094667786	0.216430158
-0.079012077	0.261003318
-0.104408925	0.216430158
-0.079706919	0.216430158
-0.150175137	0.238716727
-0.117078787	0.238716727
-0.054073501	0.238716727
-0.131590075	0.261003318
-0.188643361	0.238716727
-0.140019082	0.216430158
-0.061135269	0.238716727
-0.054746533	0.238716727
-0.099073207	0.283289909
-0.082872281	0.261003318
-0.073626794	0.261003318
-0.126417754	0.216430158
-0.12272214	0.216430158
-0.078940048	0.238716727
-0.029682126	0.216430158
-0.026423266	0.194143567
0.033323146	0.216430158
0.006436851	0.216430158
-0.028170809	0.216430158
0.002113316	0.194143567
0.009282927	0.104997224
0.01074429	0.171856975
-0.014960803	0.171856975
-0.061860185	0.238716727
-0.047987065	0.862741056
-0.052427748	0.885027669
-0.001725811	0.840454487
-0.026900989	0.885027669
-0.034456807	0.885027669
-0.022189085	0.885027669
-0.00052252	0.885027669
-0.010263279	0.885027669
-0.027666884	0.862741056
0.032007491	0.907314238
0.012254016	0.885027669
-0.017289798	0.929600852
-0.067045699	0.885027669
-0.063113466	0.862741056
0.005121196	0.907314238
0.00674039	0.216430158
-0.011668498	0.3055765
-0.011739549	0.327863069
0.011051133	0.238716727
-0.068248582	0.238716727
0.0188788	0.261003318
-0.017346474	0.238716727
0.017769015	0.238716727
-0.023556895	0.238716727
-0.047585496	0.238716727
-0.00438354	0.283289909
0.002347756	0.283289909
-0.05665325	0.238716727
-0.00414694	0.261003318
0.009975613	0.261003318
0.016859042	0.261003318
-0.069996492	0.261003318
-0.024301943	0.261003318
0.065611461	0.3055765
-0.02135074	0.283289909
-0.050278265	0.238716727
0.031299277	0.261003318
0.015406357	0.238716727
-0.024408244	0.238716727
0.048137973	0.194143567
0.048891076	0.216430158
0.046411903	0.261003318
-0.04585075	0.216430158
0.046068631	0.261003318
0.073191899	0.238716727
0.065800636	0.238716727
-0.029958079	0.238716727
-0.011916092	0.216430158
0.076049222	0.238716727
-0.003085562	0.238716727
0.038075425	0.238716727
-0.029793521	0.238716727
0.032267507	0.216430158
0.05225722	0.216430158
0.036164746	0.149570406
-0.03694818	0.216430158
0.069259671	0.261003318
0.042373008	0.261003318
0.005415479	0.261003318
0.050982877	0.194143567
0.041428154	0.238716727
0.11921656	0.238716727
0.035383276	0.238716727
0.028994881	0.238716727
0.09576746	0.216430158
0.044628745	0.238716727
0.053188676	0.238716727
0.01690451	0.238716727
0.022183122	0.216430158
0.057757853	0.283289909
0.038948966	0.283289909
-0.004667925	0.261003318
0.062727815	0.3055765
0.063945444	0.238716727
0.050839169	0.238716727
0.076981042	0.261003318
0.012901229	0.283289909
0.00275796	0.3055765
0.092365509	0.283289909
0.058467645	0.216430158
0.007693672	0.283289909
0.062020184	0.261003318
0.070698944	0.283289909
0.046598913	0.3055765
0.035274809	0.327863069
0.044485656	0.283289909
0.00798736	0.35014966
0.102249098	0.238716727
-0.026004388	0.261003318
0.023349991	0.327863069
0.05597468	0.261003318
0.044520899	0.327863069
0.077912488	0.283289909
0.066495493	0.283289909
0.010457857	0.261003318
0.014755439	0.283289909
0.006182356	0.283289909
0.087594721	0.3055765
0.036621198	0.327863069
0.023149821	0.283289909
0.087666386	0.283289909
0.0007024	0.372436229
-0.021706796	0.283289909
0.086083415	0.3055765
0.062964414	0.283289909
0.02458946	0.3055765
0.056990958	0.261003318
-0.013097918	0.216430158
0.035511418	0.3055765
0.116265352	0.216430158
0.113607836	0.261003318
0.033635366	0.261003318
0.037567598	0.238716727
0.094148043	0.3055765
-0.022981755	0.261003318
0.071302082	0.194143567
0.036694412	0.194143567
0.056482517	0.261003318
0.079495464	0.261003318
0.017979667	0.216430158
0.037201056	0.3055765
0.077273737	0.327863069
0.053918507	0.327863069
0.068951034	0.3055765
0.054061601	0.283289909
-0.006415834	0.283289909
0.109332332	0.283289909
0.005945763	0.3055765
0.048110224	0.3055765
0.054641716	0.261003318
-0.018412948	0.3055765
0.064310806	0.283289909
0.030575706	0.327863069
0.049621536	0.3055765
0.063837598	0.327863069
0.044485656	0.283289909
0.010056329	0.283289909
0.049621536	0.3055765
0.055264888	0.327863069
0.067769826	0.3055765
0.052752258	0.216430158
-0.030229931	0.216430158
0.069919269	0.261003318
0.034545337	0.238716727
0.039007238	0.261003318
0.002723336	0.261003318
0.056139245	0.261003318
0.073923171	0.216430158
0.028487061	0.238716727
-0.0414599	0.261003318
0.027010379	0.283289909
0.065185532	0.216430158
0.026337004	0.283289909
0.043304812	0.283289909
-0.014988544	0.283289909
-0.036854668	0.238716727
0.084866949	0.261003318
0.014140324	0.261003318
0.037969119	0.216430158
-0.016263257	0.261003318
0.086829637	0.171856975
0.047874798	0.216430158
-0.014007519	0.238716727
0.053683704	0.238716727
0.037567598	0.238716727
0.07761879	0.216430158
0.052609169	0.261003318
-0.000168993	0.216430158
0.070557646	0.216430158
0.056719111	0.238716727
0.041973465	0.216708728
0.032138839	0.194422136
0.036837583	0.194422136
-0.015210111	0.238995319
0.035018004	0.238995319
0.028018828	1.799056187
0.046640688	1.754483071
0.060750452	1.754483071
0.058494455	1.776769618
0.060750452	1.754483071
0.079656341	2.757379339
0.117629527	2.757379339
0.01541098	2.779665775
0.090069838	2.757379339
0.037657418	2.757379339
0.124622395	4.785458599
0.10295584	4.785458599
0.105907008	4.807745279
0.11657092	4.785458599
0.105943823	4.740885217
0.135344559	4.740885217
0.058478907	4.718598537
0.142227979	4.740885217
0.111057513	4.718598537
0.122474514	4.718598537
0.120110242	5.431769431
0.113722483	5.431769431
0.108150176	5.387196048
0.140938252	5.431769431
0.138152598	5.409482729
0.060303406	7.170122761
0.189593089	7.303842375
0.124676894	7.214696144
0.178744333	7.170122761
0.085700205	7.214696144
0.174863067	8.641037421
0.216497212	8.596464572
0.133973956	8.663324101
0.185277247	8.641037421
0.149157616	8.641037421
0.253512651	9.175915319
0.174484756	9.198202533
0.167766899	9.198202533
0.1330872	9.220488702
0.231373477	9.220488702
0.14067863	9.265062084
0.205833579	9.220488702
0.155698393	9.24277487
0.219176822	9.198202533
0.124184955	9.220488702
0.241550419	9.24277487
0.118740847	9.24277487
0.215100912	9.265062084
0.145850921	9.220488702
0.207142937	9.28734823
0.229554895	11.38228755
0.199516068	11.42686094
0.237725858	11.40457372
0.160009456	11.38228755
0.265709146	11.42686094
0.265257604	13.74466504
0.258610762	13.72237887
0.272885451	13.72237887
0.242222792	13.70009165
0.280878055	13.74466504
0.293404819	13.76695225
0.269224436	13.76695225
0.267298154	13.78923842
0.231522494	13.78923842
0.25997896	13.76695225
0.36548193	14.74756133
0.2538524	14.76984854
0.264681236	14.74756133
0.25905937	14.76984854
0.327579814	14.72527516
0.317653103	16.19618928
0.249690664	16.17390311
0.32777388	16.12932973
0.284228441	16.08475635
0.280131254	16.10704356
0.334534191	16.93164632
0.258765507	16.93164632
0.326999135	16.97621971
0.287421507	16.95393356
0.364536532	16.95393356
0.327553228	18.15740846
0.300809998	18.11283612
0.350035305	18.11283612
0.315119975	18.15740846
0.352986423	18.13512229
0.274432145	18.11283612
0.36908073	18.09054997
0.377345562	18.13512229
0.27789121	18.13512229
0.372739968	18.15740846
0.323624239	20.18548716
0.412062635	20.16320102
0.350366751	20.23006161
0.417304294	20.20777544
0.31979822	20.23006161
0.425862329	20.31920838
0.326881255	20.27463393
0.388196932	20.27463393
0.375763619	20.27463393
0.350838431	20.29692009
0.46726277	22.90445168
0.353757095	22.88216553
0.459764819	22.88216553
0.406005993	22.88216553
0.422041021	22.85987725
0.464192055	22.85987725
0.420824894	22.81530492
0.389240011	22.81530492
0.448384165	22.81530492
0.431238954	22.81530492
0.469399264	22.85987725
0.471051824	22.92673785
0.426125354	22.83759108
0.422464919	22.88216553
0.469399264	22.85987725
0.488009615	23.90734797
0.433505345	23.92963412
0.40568772	23.90734797
0.44136991	23.8850618
0.44046024	23.90734797
0.429835369	24.95481655
0.464243151	24.91024424
0.444145385	24.999391
0.489237917	24.97710272
0.492167599	24.95481655
0.443873379	24.97710272
0.466519362	25.04396332
0.437921483	24.999391
0.479497407	24.97710272
0.483688044	24.97710272
0.528687605	27.16118881
0.432965243	27.09432819
0.517422276	27.16118881
0.526396544	27.13890264
0.473145206	27.13890264
0.585836536	27.09432819
0.457053174	27.07204204
0.548629208	27.11661647
0.517459081	27.09432819
0.483854546	27.09432819
0.555116854	28.00807983
0.496657906	28.00807983
0.561669806	28.00807983
0.489373282	28.030366
0.565932457	27.98579157
0.549065201	29.36756104
0.588714883	29.36756104
0.479684986	29.36756104
0.59872728	29.38984719
0.55430738	29.41213336
0.58228975	29.43441953
0.542204315	29.41213336
0.584617576	29.38984719
0.520845993	29.36756104
0.591229768	29.36756104
0.551236745	29.36756104
0.599645931	29.41213336
0.604651471	29.47899395
0.554767484	29.36756104
0.631739141	29.41213336
0.568667694	30.30359671
0.588707498	30.23673823
0.632510971	30.30359671
0.529597594	30.28131055
0.620385392	30.2590244
0.619213375	31.50707268
0.60595486	31.50707268
0.647031	31.52935883
0.610947307	31.57393328
0.614041614	31.551645
0.629627356	31.50707268
0.63499959	31.50707268
0.656937373	31.52935883
0.59663741	31.52935883
0.640571298	31.551645
0.63838706	31.551645
0.635270798	31.52935883
0.652131986	31.50707268
0.593035416	31.551645
0.647526792	31.52935883
0.683177047	34.07002984
0.738082422	34.0254575
0.632820222	34.00316922
0.723829569	34.07002984
0.718872371	34.04774367
0.767300918	35.87524483
0.747205068	35.85295655
0.78006432	35.87524483
0.696231537	35.87524483
0.811484737	35.87524483
0.786321514	35.74152364
0.833089358	35.83066827
0.834766348	35.83066827
0.854083141	35.83066827
0.775634369	35.83066827
0.777805873	35.83066827
0.869962526	35.85295655
0.873598971	35.87524483
0.859383402	35.85295655
0.841069209	35.85295655
0.920686006	36.45469347
0.893777851	36.41012115
0.805174291	36.43240943
0.904556969	36.45469347
0.850361031	36.43240943
0.879046212	37.85874911
0.903640912	37.83646083
0.890877669	37.83646083
0.918695255	37.85874911
0.817293244	37.83646083
0.887339186	40.33256162
1.024257923	40.33256162
0.962836042	40.31027333
0.959318077	40.31027333
1.00137598	40.28798505
0.927495756	39.12908354
1.005414886	39.08451122
0.992143158	39.08451122
0.97945121	39.06222294
1.038274457	39.1067995
1.109639795	43.40810681
1.095588452	43.38582278
1.087960606	43.40810681
1.009548878	43.34125046
1.135402519	43.38582278
1.101393207	44.65615723
1.14805351	44.72301782
1.105689749	44.67844551
1.151276795	44.76759014
1.104157026	44.63386895
1.154842183	44.21042554
1.187194067	44.23271382
1.055116524	44.18813726
1.192472132	44.21042554
1.151476708	44.21042554
1.182023303	43.56411631
1.165529647	43.51953975
1.12088716	43.45268338
1.171316678	43.49725571
1.132031775	43.54182803
1.158084868	43.20752927
1.136596491	43.20752927
1.196388168	43.20752927
1.150163139	43.16295693
1.164473156	43.20752927
1.285627634	47.10768145
1.194237741	47.10768145
1.313989872	47.06310914
1.271953604	47.12996973
1.260195438	47.01853682
1.263544706	46.6396615
1.301719627	46.57280513
1.199916193	46.57280513
1.357498185	46.57280513
1.243189544	46.59508917
1.249289937	46.19392982
1.267037043	46.2162181
1.315080853	46.2162181
1.268205148	46.2162181
1.23998574	46.2162181
1.19168637	45.97106397
1.313716747	45.94877994
1.260758293	46.01564053
1.287752752	45.92649166
1.303065529	45.97106397
1.38025622	49.47006105
1.393492501	49.42548449
1.373173026	49.42548449
1.439802636	49.44777277
1.4091485	49.47006105
1.365271177	48.33344357
1.430919582	48.40030418
1.460298711	48.35573185
1.366746257	48.40030418
1.432065731	48.35573185
1.394235949	48.31115528
1.410093139	48.28887125
1.425620919	48.26658297
1.409055409	48.24429894
1.478140665	48.28887125
1.52105323	51.78786408
1.537818972	51.8547247
1.496399371	51.83243642
1.562852699	51.74329177
1.509436217	51.74329177
1.566273103	50.13865858
1.609490169	50.07179796
1.528076067	50.16094262
1.572081609	50.16094262
1.56483363	50.1163703
1.521995633	49.51463336
1.599204368	49.53691742
1.562885752	49.4923451
1.567160578	49.47006105
1.56836437	49.51463336
1.705523817	53.61536313
1.689633894	53.48164616
1.688687499	53.57079082
1.748126293	53.52621848
1.63157661	53.45935788
1.685192367	52.90219328
1.648358639	52.70161574
1.746415692	52.879905
1.727369628	52.90219328
1.7260951	52.879905
1.770517235	51.54270998
1.713168589	51.56499826
1.777070307	51.54270998
1.726770526	51.56499826
1.760102416	51.54270998
1.764908961	51.56499826
1.677014758	51.52042592
1.77650346	51.56499826
1.728188283	51.54270998
1.741316143	51.58728654
1.699861573	51.52042592
1.788665765	51.54270998
1.748013083	51.54270998
1.669731172	51.43127704
1.775630515	51.52042592
1.911160317	56.20060857
1.871746716	56.17832029
1.877720487	56.20060857
1.855854398	56.15603626
1.887532691	56.17832029
1.902457377	55.04170705
1.841944607	54.99713049
1.921172116	55.01941877
1.855144641	55.01941877
1.950901892	55.13085168
1.932438482	58.16182881
2.017911209	58.22868516
2.036352424	58.29554576
1.949969867	58.25097344
2.044619131	58.22868516
1.99225906	57.3372218
2.057778448	57.3372218
2.006605243	57.31493777
2.062476094	57.44865472
1.971667818	57.31493777
2.026299749	56.75777317
2.050172796	56.80234549
2.066573361	56.82463377
1.982811395	56.80234549
2.073291059	56.82463377
2.169941533	60.27905428
2.1496805	60.256766
2.173365769	60.256766
2.223844067	60.23447772
2.120351668	60.23447772
2.221286229	61.48252811
2.322416872	61.48252811
2.267218094	61.46023983
2.244170567	61.41566752
2.320410392	61.48252811
2.253761462	60.70249769
2.335396234	60.70249769
2.294850535	60.72478597
2.306739157	60.79164232
2.294943945	60.74707
2.278468014	59.766462
2.281596851	59.78874603
2.31283923	59.78874603
2.36825325	59.74417371
2.299817075	59.766462
2.332005371	58.47383929
2.329312767	58.47383929
2.320753534	58.47383929
2.353778209	58.49612757
2.346682081	58.45155101
2.374402664	58.28886013
2.334988743	58.26657609
2.33957302	58.1997155
2.35858172	58.24428781
2.346749305	58.26657609
2.370908011	58.22199953
2.355630762	58.22199953
2.347658017	58.35572072
2.351827936	58.1997155
2.350516842	58.24428781
2.366372755	58.33343244
2.349842534	58.35572072
2.331658237	58.31114841
2.390257778	58.378009
2.273164081	58.378009
2.366364132	63.05819165
2.466728493	63.03590337
2.461850893	63.03590337
2.421942618	63.01361509
2.514441535	63.03590337
2.605434236	66.89148324
2.707238708	66.89148324
2.653787257	66.84691092
2.719450672	66.80233436
2.648689145	66.75776205
2.669352081	65.55428819
2.682329687	65.4874276
2.704232342	65.46513931
2.626292455	65.46513931
2.758571109	65.44285528
2.699202891	63.65992857
2.748522426	63.6822126
2.659389144	63.65992857
2.729971355	63.70450088
2.798928711	63.6822126
2.733903837	63.23480951
2.773175966	63.1902372
2.684406424	63.21252548
2.772975095	63.14566486
2.721055408	63.2570978
2.778195517	62.54392795
2.751236905	62.566212
2.725876642	62.566212
2.79625926	62.566212
2.768677595	62.52163967
2.926838809	67.38011582
2.906920918	67.35782754
2.919375588	67.40239986
2.841161538	67.49154876
2.956002856	67.40239986
2.985011698	69.58648594
3.005913189	69.45276898
2.973702219	69.49734131
3.04740193	69.56420191
2.992165789	69.60877423
3.134705334	71.63685082
3.114184828	71.70371566
3.102317125	71.68142738
3.070496082	71.70371566
3.133759099	71.72599547
3.184237557	69.89850067
3.116131909	69.9207847
3.179562265	69.83164007
3.157730506	69.83164007
3.128968522	69.78706776
3.340893034	73.70950822
3.382361975	73.66493166
3.406756202	73.70950822
3.288717228	73.68721994
3.404536397	73.66493166
3.47218697	76.00502297
3.522070798	76.1164559
3.550776896	76.07187934
3.438816439	76.09416762
3.530006338	76.04959953
3.624165878	77.63194021
3.647355835	77.63194021
3.672282101	77.60966042
3.661831994	77.67651677
3.622668444	77.63194021
3.847369212	80.35090686
3.846623848	80.37319512
3.822336602	80.35090686
3.893206549	80.3063303
3.869308592	80.26176221
3.829855391	78.12224846
3.961838486	78.14453674
3.913086757	78.09996018
3.879008225	78.14453674
3.942888866	78.0776719
4.01687216	76.36161001
3.880389735	76.38389829
3.998558685	76.36161001
3.982429888	76.36161001
3.895008005	76.38389829
4.092126149	80.97492781
4.072537509	80.952648
4.120086564	80.952648
4.072974061	80.97492781
4.09203258	80.952648
4.309195717	83.93904857
4.303409086	83.96133685
4.2390491	83.91676029
4.35405169	83.93904857
4.301025454	83.91676029
4.531585665	87.08145861
4.475806627	87.08145861
4.447057736	87.03688205
4.563006242	87.08145861
4.473931082	87.03688205
4.675480534	89.15410752
4.608190827	89.13181924
4.653542751	89.13181924
4.686982262	89.13181924
4.577350829	89.10953095
4.603858837	87.86148903
4.705733885	87.83920077
4.660640955	87.86148903
4.642233272	87.83920077
4.735605932	87.90605712
4.72069865	85.81111994
4.670740415	85.83340822
4.784068969	85.85569648
4.716601064	85.83340822
4.648659562	85.85569648
4.757214465	84.91965656
4.69724523	84.91965656
4.775112784	84.94194484
4.745181019	84.89736828
4.66030883	84.96423312
4.924230631	89.62212749
4.962677239	89.57755092
4.896189101	89.62212749
4.944456695	89.59983921
4.956416372	89.64441577
5.062347811	91.93993052
5.04505019	91.93993052
5.030102351	91.93993052
5.086033719	91.93993052
5.058889245	91.91764224
5.122001847	90.62502376
5.027517847	90.64731204
5.114610799	90.62502376
5.086649746	90.64731204
5.012370094	90.60273547
5.231814991	94.16858892
5.190148372	94.16858892
5.241013883	94.12401236
5.189546396	94.14630064
5.128286985	94.12401236
5.228937963	93.41084676
5.227390071	93.47770311
5.253082777	93.47770311
5.20527409	93.45541483
5.161598117	93.45541483
5.432777478	97.17727775
5.345557743	97.13270118
5.408561767	97.13270118
5.4006291	97.08813312
5.375702516	97.1104214
5.536684553	98.60361742
5.454340024	98.55904936
5.552377437	98.58132914
5.533391411	98.58132914
5.499232403	98.60361742
5.641452598	100.5648419
5.693242948	100.4979771
5.696773687	100.4979771
5.630473327	100.4756888
5.654596426	100.4979771
5.664676406	98.31389523
5.733147071	98.33618351
5.730926308	98.29160695
5.675362513	98.33618351
5.765913073	98.33618351
5.938742376	102.8380684
5.972583949	102.8157801
5.882269709	102.7935003
5.951482545	102.7935003
5.987401174	102.8603567
5.965223559	99.96310075
5.996677668	100.0076773
6.065623527	99.98538903
5.975236475	99.98538903
5.955318583	99.96310075
6.276368039	104.8215727
6.36859455	104.8215727
6.349786721	104.8215727
6.235205674	104.8215727
6.358582273	104.7992929
6.750588218	107.986271
6.850338628	107.9416944
6.753907548	107.9416944
6.74430851	107.8971263
6.819701417	107.8525498
6.775348741	106.2702006
6.883031817	106.2702006
6.797488673	106.2256325
6.800214649	106.2702006
6.870939291	106.2702006
6.876895816	105.5347467
6.787782334	105.557035
6.823571946	105.557035
6.865464346	105.5347467
6.822792092	105.5347467
6.844854741	105.2450245
6.86205943	105.2227363
6.808664664	105.2673043
6.832492683	105.2227363
6.92136793	105.2227363
6.893784988	103.9596432
6.914719052	103.9819315
6.833744537	103.9819315
6.849364609	103.9819315
6.935454481	103.9596432
6.86786139	103.6476327
6.905764464	103.669921
6.846195374	103.6476327
6.843975888	103.6030561
6.931540521	103.6476327
6.875396785	103.6030561
6.899225443	103.5584881
6.946690509	103.5807679
6.881677771	103.5807679
6.844793426	103.5584881
6.878254334	103.0013235
6.830338344	102.9567469
6.936782979	102.9790352
6.955532686	103.0013235
6.854804426	102.9790352
7.038851873	100.4553519
7.002971566	100.4330721
6.892829491	100.4107838
6.945005616	100.4330721
6.968928163	100.4107838
6.992217118	97.87011495
7.065058415	97.89239474
7.016433467	97.91468302
6.918089478	97.9369713
7.035385643	97.87011495
6.866786457	93.50194278
6.953297871	93.50194278
6.959582051	93.4796545
6.915196162	93.54651087
6.932471747	93.50194278
6.777949532	88.66575068
6.696134485	88.66575068
6.73369266	88.68803896
6.772574862	88.66575068
6.811151765	88.68803896
6.81037255	89.86922451
6.770557845	89.86922451
6.692403833	89.82465644
6.722701254	89.91380107
6.768299398	89.89151279
6.740720288	89.95837763
6.724447463	90.0029457
6.736770561	89.98065742
6.73556597	90.04752226
6.679859745	90.02523398
6.5662904	84.49816456
6.446775387	84.52044435
6.542424698	84.49816456
6.565378335	84.52044435
6.472043039	84.49816456
6.360193716	80.15228069
6.350546137	80.17456048
6.335599255	80.17456048
6.333593095	80.17456048
6.423601398	80.12999241
6.148732581	76.56413896
6.181247573	76.58642724
6.177317007	76.60870705
6.225173597	76.56413896
6.173763274	76.56413896
5.992633413	71.48279273
5.968039591	71.50508101
5.884113	71.48279273
5.980035674	71.48279273
5.993177586	71.5273693
5.760913321	66.84718667
5.727580792	66.86947495
5.704070846	66.86947495
5.738643732	66.82490261
5.720425425	66.84718667
5.739321394	68.40724754
5.713286663	68.40724754
5.640978043	68.42953582
5.701514126	68.40724754
5.712435275	68.40724754
5.741124447	68.69697398
5.686725004	68.74154629
5.641595667	68.71926226
5.710468714	68.71926226
5.716692217	68.71926226
5.456180122	62.52359106
5.400250351	62.52359106
5.440903032	62.52359106
5.421645558	62.50130277
5.414418017	62.50130277
5.174210546	57.73197552
5.182345681	57.70968724
5.259518329	57.79883611
5.179582341	57.73197552
5.125858005	57.77654783
5.103662825	56.10505403
5.10450112	56.10505403
5.079811813	56.10505403
5.064792119	56.12734231
5.116697755	56.12734231
5.08307302	57.17481092
5.061499296	57.19709495
5.023504569	57.15252264
5.077594243	57.15252264
5.120538903	57.17481092
4.970163134	53.76496272
4.974732082	53.80953503
4.910122364	53.787251
4.911397211	53.80953503
4.990294352	53.83182331
4.698441517	48.97334716
4.695204899	49.04020775
4.685937347	48.99563544
4.774997498	49.15164069
4.719161616	49.06249181
4.463224217	44.38230916
4.499743225	44.47145804
4.458582138	44.47145804
4.386250525	44.44916976
4.528978168	44.47145804
4.412468882	45.92008599
4.380955374	45.89779771
4.436556533	45.89779771
4.468578767	45.92008599
4.396554688	45.8532254
4.422974875	46.05380296
4.418677695	46.03151893
4.351718515	46.00923065
4.440106753	46.05380296
4.459128866	46.09837952
4.176148546	39.94728066
4.196373972	39.92499238
4.124880973	39.90270832
4.11650888	39.94728066
4.17907699	39.92499238
3.993621846	36.13627308
3.952295974	36.13627308
3.89711955	36.15856137
3.969522698	36.15856137
3.982629482	36.15856137
3.700329698	31.85724981
3.746992875	31.81267749
3.721178815	31.90182426
3.694507299	31.83496366
3.693906282	31.81267749
3.396964596	27.08792255
3.372406861	27.0433481
3.479321899	27.02106196
3.469474407	27.1102087
3.362556814	27.13249487
3.109706896	20.64709936
3.094888713	20.60252491
3.077722984	20.55795259
3.137928539	20.53566642
3.136466233	20.46880583
3.100767636	20.71395784
3.033936516	20.75853227
3.112892736	20.75853227
3.156403285	20.75853227
3.031078968	20.75853227
3.040455099	22.51917284
3.024432325	22.54145898
3.018882652	22.54145898
3.013438684	22.56374515
3.07828568	22.56374515
3.044787727	22.58603132
3.003403094	22.60831747
3.070254972	22.60831747
3.05210756	22.60831747
3.00815982	22.58603132
3.030096965	22.7197504
3.033898513	22.74203868
3.058437087	22.63060575
3.021227962	22.76432483
3.049613433	22.76432483
2.806950795	17.86127635
2.812665892	17.86127635
2.846893241	17.92813484
2.823939284	17.90584867
2.813454369	17.92813484
2.545660762	13.33709895
2.605122231	13.33709895
2.592051374	13.38167234
2.520558215	13.35938619
2.541149298	13.38167234
2.334470597	8.857496003
2.306782908	8.79063594
2.272375764	8.835209323
2.257499459	8.81292262
2.317596595	8.879782705
2.165757243	7.252861752
2.194920811	7.275148432
2.169723896	7.275148432
2.131585461	7.275148432
2.136427453	7.23057505
1.993568876	4.712191274
1.984336134	4.712191274
2.008364865	4.712191274
2.063893851	4.734477976
2.004254345	4.734477976
1.988325141	5.982526791
1.909876848	5.982526791
2.026298951	5.982526791
2.025425846	5.937953408
1.942867033	5.960240089
1.885607806	3.08527061
1.892325823	3.08527061
1.825389157	3.10755729
1.829592289	3.10755729
1.830738917	3.062984174
1.846119636	3.909874148
1.797875514	3.865301033
1.858776774	3.887587735
1.843155744	3.887587735
1.78294987	3.909874148
1.869342007	4.58181501
1.814201031	4.53724165
1.792083613	4.626387881
1.747569984	4.626387881
1.840271051	4.58181501
1.808521383	2.954894079
1.698509922	2.999467462
1.750178439	3.021753875
1.775518423	2.97718076
1.741584079	2.97718076
1.760596132	4.604101179
1.738422029	4.604101179
1.716427561	4.492668268
1.771569814	4.425808717
1.755168611	4.403522037
1.693743616	3.400625747
1.815443145	3.378339333
1.815714434	3.400625747
1.725234769	3.378339333
1.736580175	3.400625747
1.768979881	3.467485564
1.706211059	3.445199129
1.766345719	3.445199129
1.791886415	3.445199129
1.706211059	3.445199129
1.762048059	3.422912449
1.746499043	3.400625747
1.813293278	3.422912449
1.751198605	3.400625747
1.694251383	3.400625747
1.770493283	3.356052631
1.73641555	3.400625747
1.763123472	3.400625747
1.774045739	3.400625747
1.708868854	3.400625747
1.67158085	3.51205868
1.766795524	3.467485564
1.747772293	3.53434536
1.725941173	3.53434536
1.765827094	3.51205868
1.569654865	3.430712695
1.599657686	3.452999397
1.554837161	3.386139579
1.609728564	3.452999397
1.573444438	3.452999397
1.603273851	4.344462753
1.616781739	4.322176073
1.550932622	4.322176073
1.62074919	4.344462753
1.549894733	4.277602958
1.599634054	1.7146458
1.564459192	1.736932346
1.622516476	1.759218915
1.62450108	1.7146458
1.612940591	1.759218915
1.66704256	1.759218915
1.658541609	1.736932346
1.613083341	1.7146458
1.63041609	1.759218915
1.55757623	1.736932346
1.580080382	1.736932346
1.560928293	1.736932346
1.619057112	1.736932346
1.597792359	1.7146458
1.623862698	1.759218915
1.619694695	1.692359231
1.642814394	1.7146458
1.658070247	1.670072551
1.6620369	1.692359231
1.670940392	1.692359231
1.578298725	0.087725136
1.55605213	0.110011704
1.58605527	0.132298296
1.56478972	0.110011704
1.580682996	0.132298296
1.501325352	0.154584887
1.558543703	0.176871478
1.557339911	0.132298296
1.600978679	0.199158047
1.617818351	0.132298296
1.632880039	-5.729073417
1.570292608	-5.684500035
1.612889974	-5.729073417
1.58294288	-5.706786715
1.587909419	-5.751360098
1.611331384	-5.394774662
1.543006183	-5.417061342
1.569040914	-5.417061342
1.532324068	-5.372487959
1.569040914	-5.417061342
1.579013112	-6.887975467
1.575076958	-6.93254885
1.557219995	-6.910262147
1.550666603	-6.910262147
1.502839074	-6.93254885
1.448044594	-6.687396303
1.517716656	-6.665109623
1.480034892	-6.642823454
1.526670925	-6.687396303
1.525108024	-6.665109623
1.513159684	-6.731969685
1.52066458	-6.709683005
1.499544813	-6.731969685
1.524411201	-6.731969685
1.497919319	-6.754256388
1.399159695	-8.893768025
1.427887189	-8.893768025
1.405495928	-8.871481856
1.414563567	-8.871481856
1.417804016	-8.893768025
1.405963298	-8.782335092
1.364877737	-8.737762243
1.384867642	-8.737762243
1.332963044	-8.737762243
1.402724605	-8.760048945
1.355805628	-8.581755949
1.373828174	-8.604042652
1.407546159	-8.581755949
1.434978687	-8.604042652
1.419979592	-8.581755949
1.463615805	-8.559469269
1.371628807	-8.51489642
1.400280455	-8.559469269
1.351272128	-8.581755949
1.387173991	-8.559469269
1.363870346	-8.581755949
1.314046237	-8.537183101
1.379109433	-8.559469269
1.364783209	-8.537183101
1.398261522	-8.559469269
1.379350063	-8.51489642
1.397588331	-8.559469269
1.400343208	-8.51489642
1.387122895	-8.537183101
1.415012095	-8.537183101
1.299773105	-11.36757895
1.246521567	-11.36757895
1.300229697	-11.34529278
1.246139784	-11.34529278
1.324258348	-11.34529278
1.267806918	-10.87727388
1.338241829	-10.89956112
1.318925035	-10.89956112
1.30139852	-10.87727388
1.332856541	-10.89956112
1.283127758	-10.58754851
1.275901335	-10.58754851
1.309289431	-10.56526234
1.341204922	-10.56526234
1.313709642	-10.58754851
1.21104931	-13.64081071
1.171235004	-13.64081071
1.182778008	-13.6185235
1.178626371	-13.64081071
1.199020734	-13.59623735
1.220329317	-13.03907275
1.226477852	-13.08364614
1.218869805	-13.0613589
1.215984872	-12.9722132
1.185214014	-13.03907275
1.179762381	-12.92763982
1.160879345	-12.9722132
1.210623137	-12.90535367
1.144533788	-12.94992599
1.173335931	-12.90535367
1.046891731	-16.07004775
1.011736589	-16.04776158
1.072379175	-16.04776158
1.099304814	-16.07004775
1.069574	-16.07004775
1.119412559	-15.26773113
1.070074502	-15.2900173
1.078417135	-15.26773113
1.013862186	-15.24544499
1.058809573	-15.2900173
0.96619529	-18.41013906
0.991924482	-18.34328058
1.009490277	-18.38785289
0.985969474	-18.38785289
1.0012088	-18.36556675
0.894178237	-17.56324909
0.855201667	-17.56324909
0.844062561	-17.54096292
0.79920603	-17.54096292
0.79920603	-17.54096292
0.883060448	-20.70565806
0.886539532	-20.68337189
0.897791848	-20.68337189
0.862968191	-20.66108361
0.859107004	-20.66108361
0.781503393	-22.26571893
0.755034664	-22.2211445
0.782072795	-22.2211445
0.798875103	-22.2211445
0.799878183	-22.2211445
0.823324817	-21.32968114
0.82987781	-21.32968114
0.831554719	-21.32968114
0.768915793	-21.26282266
0.755329185	-21.35196943
0.795572459	-21.24053649
0.717506269	-21.26282266
0.751657453	-21.28510881
0.674451992	-21.24053649
0.745560493	-21.26282266
0.728782296	-21.19596206
0.757509471	-21.19596206
0.684485027	-21.21824821
0.725811618	-21.21824821
0.738192358	-21.19596206
0.741380514	-21.19596206
0.694517663	-21.19596206
0.731691499	-21.21824821
0.719549633	-21.19596206
0.795482642	-21.19596206
0.699173873	-21.01767065
0.735457999	-21.01767065
0.69384032	-21.03995682
0.740231251	-20.97309622
0.746253164	-21.03995682
0.745608874	-23.04574937
0.739055562	-23.04574937
0.750091198	-23.02346321
0.662906194	-23.02346321
0.68855954	-23.00117492
0.635517257	-25.54184594
0.632100007	-25.51955977
0.639948165	-25.49727362
0.6048832	-25.51955977
0.640112671	-25.49727362
0.570065412	-27.1019068
0.605346497	-27.1019068
0.617511037	-27.05733449
0.597737932	-27.07962066
0.56924987	-27.03504832
0.586610842	-26.52245606
0.588287113	-26.52245606
0.532469074	-26.50016989
0.557831333	-26.50016989
0.484350217	-26.5447422
0.532283412	-25.72013944
0.556642112	-25.72013944
0.536195815	-25.74242561
0.559664365	-25.72013944
0.49095758	-25.72013944
0.473795643	-29.30827904
0.400884329	-29.30827904
0.442210241	-29.30827904
0.371940634	-29.28599289
0.434933041	-29.28599289
0.399741054	-31.15806637
0.37422906	-31.247211
0.405330127	-31.18035252
0.351240414	-31.18035252
0.372307927	-31.13577809
0.346646916	-30.37803592
0.31823977	-30.44489441
0.40604659	-30.42260824
0.381801419	-30.40032209
0.370041177	-30.40032209
0.319729919	-29.66486396
0.338321448	-29.64257782
0.35186155	-29.68715013
0.329013778	-29.68715013
0.381615118	-29.62029165
0.313674215	-32.11638821
0.226653756	-32.11638821
0.279499858	-32.16096264
0.21376421	-32.13867436
0.283196121	-32.16096264
0.20603493	-33.74330967
0.208093064	-33.76559584
0.224678254	-33.74330967
0.265166829	-33.74330967
0.239244569	-33.72102353
0.168028447	-35.32565671
0.101911534	-35.2810844
0.13884473	-35.34794288
0.112542144	-35.30337056
0.168650821	-35.30337056
0.103582905	-33.65416293
0.046470739	-33.65416293
0.074741163	-33.67644908
0.104598559	-33.65416293
0.158739369	-33.67644908
0.157873989	-33.58730231
0.119188866	-33.56501617
0.130657232	-33.58730231
0.048843703	-33.58730231
0.080594039	-33.58730231
0.111143498	-33.34215032
0.139579576	-33.36443649
0.017950832	-33.36443649
0.082797518	-33.36443649
0.094124741	-33.31986415
0.059292642	-36.28398069
0.032749607	-36.28398069
0.070926551	-36.30626472
0.064396876	-36.23940835
0.042490114	-36.28398069
-0.054692672	-39.00294307
0.017380363	-39.00294307
-0.036977284	-38.95837076
-0.000350876	-38.95837076
-0.069108943	-38.93608247
-0.137690557	-40.2955658
-0.084820963	-40.27327752
-0.080668712	-40.25099346
-0.045057917	-40.25099346
-0.08122796	-40.22870518
-0.087163449	-39.58239595
-0.163313197	-39.56010767
-0.082605953	-39.51553536
-0.066716164	-39.56010767
-0.084864814	-39.56010767
-0.125821816	-38.64635603
-0.126951189	-38.66864431
-0.105323635	-38.64635603
-0.061379907	-38.6909326
-0.146597972	-38.66864431
-0.238623292	-40.98644735
-0.155756016	-41.00873563
-0.127917444	-40.98644735
-0.157026453	-40.96416331
-0.128629226	-40.96416331
-0.296704987	-43.1482494
-0.264904023	-43.17053343
-0.27515242	-43.17053343
-0.243289043	-43.1482494
-0.222117801	-43.1482494
-0.266757653	-44.61916139
-0.270961124	-44.61916139
-0.328010239	-44.57458908
-0.300743374	-44.59687736
-0.345421568	-44.59687736
-0.311492572	-43.43797159
-0.270548304	-43.41568756
-0.344970605	-43.41568756
-0.370242448	-43.46025988
-0.388646059	-43.41568756
-0.377972566	-43.1482494
-0.309327755	-43.19282172
-0.285401596	-43.1482494
-0.325051317	-43.1482494
-0.336138208	-43.1482494
-0.367447931	-42.5019359
-0.370179057	-42.47965187
-0.320241419	-42.5019359
-0.324281542	-42.5019359
-0.358709902	-42.5019359
-0.357655886	-42.52422418
-0.307187208	-42.47965187
-0.392301664	-42.5019359
-0.343583905	-42.5019359
-0.331711272	-42.47965187
-0.41953859	-41.72190548
-0.34103944	-41.74419376
-0.321214839	-41.74419376
-0.323512207	-41.76647779
-0.29478577	-41.76647779
-0.548492526	-46.95925271
-0.54355393	-46.91468039
-0.589528029	-46.93696867
-0.506202016	-46.93696867
-0.467278498	-46.91468039
-0.614472896	-49.18791111
-0.61627587	-49.21019939
-0.615437455	-49.21019939
-0.598281426	-49.14333879
-0.684411976	-49.16562707
-0.661278704	-47.98443725
-0.626431735	-47.93986494
-0.685105206	-47.91757666
-0.651792756	-47.93986494
-0.721465656	-47.962149
-0.661470553	-47.42727268
-0.682669519	-47.33812378
-0.69853134	-47.38270034
-0.647172752	-47.36041206
-0.70994844	-47.38270034
-0.739249328	-49.65593106
-0.726358665	-49.63364277
-0.738666274	-49.61135874
-0.781744423	-49.65593106
-0.751848105	-49.65593106
-0.84937368	-51.90687349
-0.838555042	-51.86230118
-0.848968424	-51.86230118
-0.800415889	-51.86230118
-0.77341632	-51.84001714
-0.886975126	-53.44465035
-0.897986572	-53.40007801
-0.840314903	-53.42236207
-0.84624644	-53.40007801
-0.94335103	-53.40007801
-0.91449851	-52.37489346
-0.888742173	-52.39718174
-0.865272864	-52.37489346
-0.948598199	-52.37489346
-0.934705174	-52.35260518
-0.923252706	-51.28285254
-0.938058354	-51.34970889
-0.8997327	-51.28285254
-0.981089957	-51.26056426
-0.942187956	-51.30513658
-0.970014482	-54.09095958
-0.961276494	-54.09095958
-1.045034867	-54.04638726
-1.007696885	-54.06867555
-1.028143301	-54.09095958
-1.087693948	-56.87678258
-1.086158271	-56.80992196
-1.08359237	-56.83221025
-1.174817159	-56.83221025
-1.106999485	-56.80992196
-1.192360679	-58.01340004
-1.190200273	-58.08026066
-1.185312374	-58.01340004
-1.138728236	-58.0356841
-1.221305092	-57.99111176
-1.179180045	-56.96593146
-1.263103683	-56.9213549
-1.199005485	-56.96593146
-1.206881706	-56.89907086
-1.22252557	-56.96593146
-1.248576428	-55.87388629
-1.193000178	-55.94074689
-1.264107721	-55.91845861
-1.247408803	-55.87388629
-1.287742773	-55.94074689
-1.274349292	-54.75955709
-1.22282576	-54.73727306
-1.264203287	-54.71498478
-1.276802463	-54.71498478
-1.311687993	-54.73727306
-1.246437578	-54.69269649
-1.221747872	-54.69269649
-1.305529638	-54.71498478
-1.299192766	-54.69269649
-1.297795288	-54.71498478
-1.341735842	-58.50370405
-1.358463422	-58.45913173
-1.435983044	-58.50370405
-1.350576742	-58.45913173
-1.364418192	-58.50370405
-1.447899609	-60.26434248
-1.42118993	-60.26434248
-1.453054405	-60.28663076
-1.442132138	-60.28663076
-1.461425699	-60.21977016
-1.527173423	-62.55986148
-1.566073828	-62.51528916
-1.534833205	-62.51528916
-1.532077529	-62.47071685
-1.586510025	-62.47071685
-1.603399037	-61.11123352
-1.577199042	-61.11123352
-1.572830646	-61.11123352
-1.59236356	-61.08894949
-1.63077967	-61.11123352
-1.660310012	-63.4290408
-1.687855271	-63.4290408
-1.628051299	-63.4290408
-1.62783446	-63.45132486
-1.679168299	-63.40675252
-1.707866094	-64.94452513
-1.736468083	-64.92224109
-1.701860068	-64.92224109
-1.733228751	-64.94452513
-1.711105904	-64.92224109
-1.831109523	-66.25943612
-1.824899593	-66.25943612
-1.826461536	-66.23714784
-1.82961161	-66.25943612
-1.802154811	-66.2148638
-1.856023813	-64.92224109
-1.850105929	-64.94452513
-1.853966397	-64.94452513
-1.904742011	-64.92224109
-1.827347894	-64.89995281
-1.835341716	-64.69937525
-1.815060723	-64.67708697
-1.839150609	-64.72165928
-1.853655829	-64.69937525
-1.88764143	-64.67708697
-1.954688111	-62.56905424
-1.92876691	-62.59134252
-1.918518153	-62.59134252
-1.8974506	-62.54677021
-1.887060531	-62.6136308
-1.94366525	-61.61073451
-1.9745779	-61.61073451
-1.919523309	-61.58844623
-1.877980278	-61.61073451
-1.963146429	-61.61073451
-2.043177583	-66.02347475
-2.041716874	-66.00119072
-2.104595712	-65.97890244
-2.048143803	-65.97890244
-2.065568365	-66.00119072
-2.176068911	-69.29960599
-2.218525763	-69.32189002
-2.222220808	-69.32189002
-2.255751335	-69.27731771
-2.194092096	-69.27731771
-2.335712551	-71.48369207
-2.381789241	-71.46140379
-2.355703095	-71.48369207
-2.301372791	-71.43911551
-2.366117115	-71.48369207
-2.495394513	-73.64548563
-2.494481969	-73.60091754
-2.507154915	-73.64548563
-2.462183976	-73.62319735
-2.445141995	-73.57862926
-2.606532003	-75.49527719
-2.641087804	-75.51755697
-2.619689564	-75.47298891
-2.602557048	-75.47298891
-2.678820345	-75.47298891
-2.699694691	-73.28889857
-2.6709161	-73.31118685
-2.679069757	-73.26661879
-2.615809934	-73.31118685
-2.611761049	-73.24433051
-2.83431626	-75.53984526
-2.801294459	-75.58442182
-2.764337941	-75.58442182
-2.818696188	-75.53984526
-2.797980878	-75.56213354
-2.89576824	-77.9913695
-2.979309695	-77.96908122
-2.933958729	-77.96908122
-2.910893958	-77.9913695
-2.956514136	-77.94680141
-2.975522198	-75.22783478
-3.003221384	-75.16097843
-3.058059296	-75.2055465
-2.971711388	-75.2055465
-2.964537818	-75.18325822
-3.091284203	-78.43710117
-3.075993062	-78.43710117
-3.129535688	-78.45938945
-3.066926382	-78.43710117
-3.050414044	-78.45938945
-3.27466357	-82.51555113
-3.266621047	-82.5824075
-3.266952213	-82.5824075
-3.246695491	-82.62698406
-3.321066796	-82.64926385
-3.45295217	-84.07561202
-3.408365729	-84.03103546
-3.479256113	-84.03103546
-3.441956932	-84.03103546
-3.447836494	-84.03103546
-3.620657494	-86.32655021
-3.592095742	-86.32655021
-3.66584591	-86.32655021
-3.680515595	-86.3042704
-3.663088957	-86.28198212
-3.694874233	-86.41570333
-3.64694547	-86.43798312
-3.709696248	-86.39341505
-3.658032361	-86.43798312
-3.685463293	-86.41570333
-3.756034327	-84.16475665
-3.741872728	-84.18704493
-3.725287579	-84.16475665
-3.695722109	-84.16475665
-3.704915571	-84.18704493
-3.889661119	-87.10658065
-3.85032991	-87.03972428
-3.837185443	-87.06201256
-3.910693863	-87.017436
-3.890892854	-87.08430085
-3.969342904	-88.91179565
-3.96395578	-88.91179565
-3.965923299	-88.93408393
-4.023191787	-88.86722756
-3.994184861	-88.84493928
-4.062265919	-87.50774425
-3.985660437	-87.50774425
-3.967535061	-87.5746006
-4.03265031	-87.53003254
-4.027276919	-87.53003254
-4.01674921	-87.03972428
-3.985456373	-87.06201256
-4.036636124	-87.08430085
-4.033371723	-87.03972428
-4.057401572	-87.03972428
-4.014174606	-86.90600309
-4.059435834	-86.95057965
-4.021692756	-86.92829137
-4.009549452	-86.95057965
-4.06138036	-86.90600309
-3.997342279	-86.6162809
-4.069185925	-86.63856918
-4.029753801	-86.6162809
-4.003553327	-86.6162809
-4.032838727	-86.59399262
-4.108736847	-85.52423998
-4.06846547	-85.5019517
-3.993028173	-85.5019517
-4.03839351	-85.5019517
-4.065446011	-85.5019517
-4.165648621	-89.66953781
-4.201870953	-89.62496972
-4.245164663	-89.647258
-4.210609021	-89.62496972
-4.168556307	-89.647258
-4.294248836	-92.07649397
-4.373076678	-92.05420569
-4.31252303	-92.00962913
-4.270598695	-92.05420569
-4.299163002	-92.05420569
-4.399317709	-93.79255584
-4.475199542	-93.81484412
-4.413429169	-93.79255584
-4.357647896	-93.79255584
-4.426138681	-93.81484412
-4.430269799	-92.76737976
-4.421799346	-92.7228032
-4.38764928	-92.74509148
-4.435349708	-92.74509148
-4.402813	-92.7228032
-4.526682996	-95.75378031
-4.579770228	-95.75378031
-4.520637691	-95.75378031
-4.493967771	-95.73149203
-4.536805768	-95.73149203
-4.711703185	-98.31673747
-4.665767488	-98.2721609
-4.709823807	-98.24987262
-4.695333917	-98.2721609
-4.696896818	-98.24987262
-4.74657658	-95.48633792
-4.760635667	-95.5086262
-4.762604463	-95.53091449
-4.76305858	-95.55320277
-4.752697252	-95.53091449
-4.838876542	-98.4281704
-4.910514526	-98.47273847
-4.872100811	-98.45045868
-4.850090855	-98.45045868
-4.920981878	-98.45045868
-4.979605371	-100.2779535
-5.045290342	-100.2779535
-5.00509529	-100.3002417
-4.973993743	-100.2333854
-4.996064696	-100.2779535
-5.181439045	-102.3728907
-5.093861	-102.395179
-5.077835033	-102.3506109
-5.167203677	-102.3506109
-5.190153482	-102.3060343
-5.217842449	-101.2362817
-5.163194231	-101.2585615
-5.099567474	-101.2362817
-5.161225754	-101.2362817
-5.194780871	-101.2585615
-5.170346405	-100.2110971
-5.175047245	-100.2110971
-5.190375111	-100.1888088
-5.161102485	-100.2110971
-5.163741598	-100.2333854
-5.350119027	-104.7798468
-5.41626003	-104.8021351
-5.425213341	-104.7798468
-5.391445218	-104.7798468
-5.349662036	-104.7575585
-5.453505242	-103.5095082
-5.447055639	-103.4649401
-5.40198123	-103.4872199
-5.41026135	-103.4649401
-5.40198123	-103.4872199
-5.602562732	-107.2982274
-5.596405015	-107.2759391
-5.636600386	-107.2536593
-5.616724011	-107.2759391
-5.631507384	-107.2759391
-5.610340194	-104.8021351
-5.694743256	-104.8467032
-5.701917785	-104.8689915
-5.677534096	-104.8021351
-5.656440356	-104.8467032
-5.708261364	-104.1112493
-5.673167936	-104.1781057
-5.649371213	-104.1558174
-5.681844689	-104.1335376
-5.681627531	-104.1558174
-5.711489359	-103.5540847
-5.667305938	-103.5540847
-5.643783857	-103.5540847
-5.687234049	-103.5095082
-5.680247937	-103.5540847
-5.705668237	-103.219786
-5.693743051	-103.219786
-5.693743051	-103.219786
-5.673867314	-103.2420742
-5.724858648	-103.1974977
-5.892489564	-108.2565556
-5.860716743	-108.1896908
-5.938057688	-108.2342673
-5.934198018	-108.2342673
-5.899132054	-108.2119791
-5.983975821	-109.3485965
-6.008905599	-109.3931646
-5.98060795	-109.3485965
-5.963476711	-109.3485965
-6.00665801	-109.3485965
-6.092862209	-110.3960609
-6.138288542	-110.4406375
-6.05712561	-110.3737811
-6.040995854	-110.3737811
-6.114744745	-110.3737811
-6.168073087	-111.2429562
-6.202338119	-111.2429562
-6.147460928	-111.2206679
-6.185434258	-111.2206679
-6.247805329	-111.1983796
-6.4946307	-111.9784101
-6.497745006	-111.933842
-6.460217489	-111.8892654
-6.443974045	-111.8669771
-6.523210655	-111.8892654
-6.48633589	-109.6828953
-6.474297653	-109.660607
-6.531968523	-109.6383187
-6.527167408	-109.6828953
-6.564341723	-109.660607
-6.475237182	-109.148019
-6.551680114	-109.148019
-6.537569931	-109.148019
-6.577765941	-109.1257307
-6.513593095	-109.1257307
-6.547635221	-108.9251531
-6.50423868	-108.9474329
-6.585544681	-108.9474329
-6.57064698	-108.9251531
-6.519910487	-108.9251531
-6.498887642	-108.5462778
-6.580245379	-108.5239895
-6.535731111	-108.5239895
-6.510534356	-108.5239895
-6.573577979	-108.5017013
-6.528907229	-107.2536593
-6.619294282	-107.2536593
-6.559734134	-107.1422264
-6.522697778	-107.2536593
-6.61010018	-107.2313711
-6.598622723	-104.7539357
-6.64078721	-104.7539357
-6.620721778	-104.7093677
-6.625165221	-104.7539357
-6.607068267	-104.7316475
-6.599461338	-104.7539357
-6.664802368	-104.7539357
-6.580640735	-104.7539357
-6.581197043	-104.7316475
-6.663176235	-104.7316475
-6.689627399	-102.458421
-6.644989224	-102.4361327
-6.610964982	-102.4807093
-6.667961383	-102.458421
-6.674464637	-102.4807093
-6.562388575	-98.58055709
-6.62370579	-98.58055709
-6.589657277	-98.5582688
-6.563010032	-98.60283687
-6.586839328	-98.53598052
-6.45675062	-93.52149912
-6.416262724	-93.52149912
-6.351715598	-93.61064377
-6.399356307	-93.56607568
-6.418445804	-93.52149912
-6.179708942	-88.86360477
-6.168001552	-88.84131649
-6.273336125	-88.84131649
-6.23273454	-88.81902821
-6.193198308	-88.84131649
-6.199357302	-89.33162472
-6.239221187	-89.30933644
-6.260127149	-89.35390453
-6.218966701	-89.35390453
-6.204449665	-89.30933644
-6.20007584	-89.46533744
-6.228804612	-89.46533744
-6.209795593	-89.39848109
-6.252706721	-89.44305765
-6.202313849	-89.44305765
-6.198834206	-89.42076937
-6.294922303	-89.42076937
-6.205426878	-89.39848109
-6.186857284	-89.44305765
-6.276444044	-89.42076937
-6.190844695	-90.46823373
-6.16704414	-90.44595392
-6.203874195	-90.42366564
-6.156161313	-90.42366564
-6.180430036	-90.46823373
-6.032948221	-86.10007005
-6.004996749	-86.05549349
-6.07600178	-86.07778177
-6.010215575	-86.12234986
-6.008155764	-86.14463812
-5.989963004	-84.56228897
-5.99298406	-84.56228897
-5.972943538	-84.58457725
-5.971938861	-84.58457725
-5.995080277	-84.60686553
-5.713668606	-79.57009587
-5.734001015	-79.57009587
-5.82320647	-79.57009587
-5.779531456	-79.57009587
-5.726393447	-79.59238415
-5.661893586	-75.31335662
-5.577437511	-75.29107682
-5.516856719	-75.33564491
-5.587852808	-75.29107682
-5.615764682	-75.35793319
-5.416871906	-71.07890991
-5.369501367	-71.07890991
-5.335895794	-71.07890991
-5.401695092	-71.10119395
-5.362275743	-71.07890991
-5.313504852	-72.57211018
-5.334764974	-72.52753362
-5.376889861	-72.5498219
-5.328098851	-72.50525384
-5.341318365	-72.52753362
-5.109094658	-66.59930483
-5.084332538	-66.55473251
-5.052935593	-66.62159311
-5.132324853	-66.57702079
-5.083391413	-66.59930483
-5.058926928	-67.26790236
-5.111884184	-67.2456183
-5.072692532	-67.26790236
-5.034602958	-67.2456183
-5.116328905	-67.29019064
-4.902941448	-62.72144093
-4.847670178	-62.72144093
-4.892818037	-62.74372496
-4.940315039	-62.76601324
-4.884081246	-62.74372496
-4.621903099	-58.06354233
-4.675928583	-58.01896999
-4.696614193	-58.08583061
-4.647173624	-58.10811887
-4.604045018	-58.08583061
-4.537903057	-55.70116696
-4.505824937	-55.70116696
-4.564904142	-55.723451
-4.523309058	-55.76802756
-4.496071972	-55.70116696
-4.532066287	-55.9908934
-4.487096945	-55.96860512
-4.566433831	-55.94631684
-4.502997088	-55.9908934
-4.481329156	-55.9908934
-4.568249658	-56.50348144
-4.540982234	-56.52576972
-4.45606885	-56.48119741
-4.522262227	-56.48119741
-4.569596679	-56.50348144
-4.436570585	-57.10967688
-4.561220754	-57.10967688
-4.526066649	-57.13196516
-4.444686878	-57.08739282
-4.566426486	-57.10967688
-4.484597069	-58.20172202
-4.451665645	-58.20172202
-4.460619914	-58.17943374
-4.522278194	-58.17943374
-4.486832523	-58.17943374
-4.339808657	-53.29867355
-4.311995783	-53.34324586
-4.224923908	-53.36553415
-4.302078353	-53.34324586
-4.330931033	-53.36553415
-4.046179914	-48.8636408
-4.080166154	-48.84135677
-4.144870719	-48.90821736
-4.072392204	-48.8636408
-4.039702528	-48.90821736
-3.846429044	-44.82977165
-3.903780563	-44.87434397
-3.886649324	-44.87434397
-3.864019189	-44.85205569
-3.895208557	-44.87434397
-3.828202113	-45.40922029
-3.883292951	-45.40922029
-3.830715721	-45.40922029
-3.842147511	-45.40922029
-3.950047107	-45.38693625
-3.868964651	-45.58751379
-3.874401594	-45.56522976
-3.847588605	-45.60980207
-3.906049549	-45.60980207
-3.84260067	-45.58751379
-3.576973537	-39.72614137
-3.633412353	-39.72614137
-3.556970379	-39.72614137
-3.559065319	-39.77071793
-3.639800321	-39.72614137
-3.372455403	-35.87056573
-3.376494228	-35.87056573
-3.383998007	-35.89284978
-3.342381846	-35.87056573
-3.327839262	-35.91513806
-3.293084985	-37.6089159
-3.315566303	-37.54205953
-3.348355297	-37.6089159
-3.328633806	-37.56434356
-3.337702083	-37.56434356
-3.036090535	-31.41324681
-3.019580433	-31.43553298
-3.128103082	-31.43553298
-3.028215671	-31.48010743
-2.990674741	-31.43553298
-2.735398717	-26.53248451
-2.768113622	-26.55477067
-2.815409752	-26.51019834
-2.758053123	-26.62163127
-2.736986208	-26.57705893
-2.376666859	-20.78254711
-2.369504625	-20.76025882
-2.41452698	-20.76025882
-2.389608538	-20.78254711
-2.39138764	-20.73797268
-2.378418656	-21.29513728
-2.348853186	-21.29513728
-2.411463291	-21.31742342
-2.378875008	-21.31742342
-2.315757296	-21.29513728
-2.355799059	-21.80772954
-2.445487533	-21.74086895
-2.342173331	-21.74086895
-2.332329671	-21.7854434
-2.445221514	-21.7854434
-2.174595747	-18.04129644
-2.184120217	-18.06358259
-2.23988648	-18.06358259
-2.154832741	-18.08586875
-2.190000577	-18.06358259
-1.84093019	-12.42507705
-1.875537566	-12.42507705
-1.815949635	-12.4027909
-1.797776675	-12.33593135
-1.87920898	-12.35821752
-1.373592333	-6.964864513
-1.373337492	-7.009437361
-1.346389418	-6.964864513
-1.423085435	-6.92029113
-1.352754712	-6.89800445
-1.209160671	-4.825352341
-1.223614555	-4.825352341
-1.227703679	-4.803065661
-1.257650773	-4.780778981
-1.224936826	-4.758492813
-0.998384225	-4.223614625
-0.988944543	-4.201327945
-0.988944543	-4.201327945
-0.998384225	-4.223614625
-0.970065179	-4.15675483
-1.111660485	-4.491053585
-1.093741728	-4.468766905
-1.170918448	-4.513340288
-1.152604175	-4.513340288
-1.119634588	-4.535626968
-1.110794886	-5.048218186
-1.088328817	-5.025931506
-1.159893989	-5.025931506
-1.128650891	-5.025931506
-1.106402539	-4.981358657
-1.124302295	-5.248797351
-1.115514168	-5.271084031
-1.083180567	-5.226510648
-1.112707476	-5.248797351
-1.119096003	-5.248797351
-1.073514865	-5.271084031
-1.122523832	-5.293370711
-1.129076345	-5.293370711
-1.118587757	-5.248797351
-1.121228307	-5.271084031
-1.125279268	-3.220718357
-1.125279268	-3.220718357
-1.125323338	-3.198431677
-1.125235277	-3.243004793
-1.125279268	-3.220718357
-1.132500581	0.4342815
-1.170049655	0.389708318
-1.172149704	0.4342815
-1.130150641	0.4342815
-1.161523954	0.411994909
-1.001916161	2.573793471
-0.978193289	2.640653289
-0.956305164	2.529220355
-0.985918218	2.551507058
-0.993555086	2.596080173
-0.96471047	2.105775368
-0.970415826	2.016629004
-0.944885749	2.105775368
-0.944885749	2.105775368
-1.014525397	2.150348484
-0.948942219	1.860622844
-0.886031046	1.905196093
-0.921018849	1.838336275
-0.988224567	1.927482639
-0.951018077	1.972055755
-0.90964558	1.949769208
-0.929766658	1.927482639
-0.949755924	1.927482639
-0.918345805	2.016629004
-0.953249858	1.994342457
-0.889443546	1.927482639
-0.910237097	1.905196093
-0.971634548	1.949769208
-0.905478455	1.882909524
-0.901829715	1.905196093
-0.877423592	3.643549557
-0.847103576	3.598976441
-0.84483499	3.643549557
-0.84662966	3.621263143
-0.83197738	3.598976441
-0.891815043	3.77726917
-0.796527717	3.844128966
-0.753549605	3.77726917
-0.848432394	3.844128966
-0.848361418	3.888702081
-0.824073854	3.844128966
-0.832730887	3.799555606
-0.84184539	3.821842286
-0.791946873	3.821842286
-0.838728689	3.77726917
-0.739116958	3.442970414
-0.860580567	3.442970414
-0.838194096	3.420683712
-0.779392965	3.420683712
-0.85054346	3.465256827
-0.783125534	3.353823916
-0.850617869	3.331537481
-0.807319049	3.353823916
-0.784802204	3.353823916
-0.849648002	3.353823916
-0.867971935	3.442970414
-0.789383127	3.376110596
-0.791200232	3.442970414
-0.852599599	3.398397299
-0.786276406	3.420683712
-0.80304119	3.48754353
-0.777514066	3.48754353
-0.844286027	3.442970414
-0.837069583	3.532116645
-0.790324972	3.50983021
-0.857069707	3.621263143
-0.839937191	3.621263143
-0.791761969	3.643549557
-0.823097919	3.688122672
-0.83926424	3.621263143
-0.822545841	3.576689761
-0.812802058	3.665836259
-0.798560782	3.688122672
-0.792859018	3.688122672
-0.827090199	3.665836259
-0.789025135	3.532116645
-0.791394556	3.710409375
-0.861778211	3.710409375
-0.821162734	3.643549557
-0.780769046	3.688122672
-0.886385925	3.665836259
-0.793569333	3.621263143
-0.758335152	3.643549557
-0.832330581	3.688122672
-0.788739396	3.643549557
-0.777063303	3.598976441
-0.820832606	3.643549557
-0.875594991	3.643549557
-0.791431841	3.643549557
-0.795588587	3.621263143
-0.653245441	3.417897946
-0.756230472	3.417897946
-0.639465427	3.417897946
-0.685338651	3.417897946
-0.670720701	3.417897946
-0.537679956	3.908202751
-0.555023963	3.930489431
-0.558803955	3.885916316
-0.578817611	3.81905652
-0.567706569	3.885916316
-0.586653555	1.924696874
-0.541039165	1.969269989
-0.556532654	1.902410194
-0.631285383	1.902410194
-0.570689303	1.924696874
-0.607796076	3.105885871
-0.630892542	3.06131251
-0.563649859	3.039026075
-0.594312897	3.08359919
-0.58335658	3.06131251
-0.578166336	4.933385721
-0.65871851	4.888812339
-0.584211841	4.933385721
-0.59391826	4.911099019
-0.593706251	4.888812339
-0.423500053	7.228903653
-0.520901201	7.20661695
-0.441234745	7.273477035
-0.539460775	7.251190333
-0.46750847	7.139757421
-0.361755468	9.190123362
-0.360846317	9.234696744
-0.368190661	9.212409508
-0.368026115	9.212409508
-0.417285093	9.234696744
-0.228074347	11.46335515
-0.242490407	11.53021468
-0.192298667	11.46335515
-0.254287635	11.46335515
-0.143237965	11.46335515
-0.009190018	13.80344646
-0.045430414	13.69201353
0.009759614	13.73658584
-0.126072516	13.78115922
-0.030186245	13.7142997
0.15385156	15.92067193
0.067880411	15.89838472
0.18418409	15.87609855
0.129455496	15.85381133
0.180192049	15.85381133
0.376899309	18.10475695
0.309914741	18.08247078
0.337935872	18.10475695
0.348595633	18.06018463
0.352540609	18.10475695
0.607718992	20.3557015
0.535811077	20.3557015
0.59431645	20.33341535
0.528052337	20.28884304
0.546945512	20.33341535
0.768218571	22.31692174
0.684728532	22.31692174
0.718781196	22.33920791
0.705213111	22.31692174
0.756552218	22.27234731
0.794457527	21.44774455
0.767278244	21.51460515
0.711795723	21.5368913
0.76693566	21.51460515
0.765602133	21.51460515
0.834080862	23.05237774
0.810193364	22.98551925
0.860883471	23.00780542
0.828045536	22.96323311
0.783437859	23.00780542
0.911688305	24.72387154
0.976204853	24.72387154
0.940496675	24.67929922
0.960829563	24.67929922
0.985400391	24.65701305
1.034626516	25.90506134
1.084313224	25.9273475
1.007210913	25.9273475
1.0878062	25.86048902
1.043659904	25.9273475
1.082554241	24.94673738
1.049751275	24.8798789
1.095741661	24.90216507
1.094607328	24.8798789
1.051642788	24.94673738
1.110745866	24.27813987
1.106414275	24.34500047
1.082894349	24.34500047
1.051618119	24.36728661
1.108763817	24.34500047
1.20823216	27.35368929
1.289762265	27.33140315
1.195303414	27.35368929
1.218823898	27.35368929
1.272074718	27.35368929
1.413086571	29.49320093
1.357791988	29.42634245
1.415906915	29.42634245
1.371218601	29.5154871
1.437078257	29.42634245
1.567684951	31.47670734
1.55428213	31.45442117
1.573682993	31.49899349
1.547941585	31.432135
1.503134473	31.49899349
1.72688661	33.92823157
1.762248132	33.88365925
1.675687697	33.90594542
1.76519925	33.8390848
1.732184156	33.79451249
1.928551667	36.64719397
1.855182963	36.71405457
1.943206503	36.71405457
1.889282732	36.71405457
1.93056134	36.73634285
1.996748969	38.31868777
2.020470644	38.38554837
2.05222143	38.38554837
2.055762069	38.29640372
2.068350228	38.38554837
2.056793571	37.00378101
2.138738114	37.02606504
2.057631387	37.00378101
2.126386115	36.98149273
2.023753567	36.89234808
2.168432442	38.71984713
2.173653184	38.71984713
2.197998392	38.71984713
2.189816791	38.69755885
2.191694093	38.76441944
2.271065629	40.56963444
2.287867298	40.56963444
2.293027683	40.59191847
2.246423745	40.54734615
2.276484528	40.54734615
2.402043249	42.77600456
2.447949406	42.75372052
2.360090492	42.75372052
2.457488086	42.68685993
2.42111071	42.73143224
2.57901836	44.82636943
2.572726836	44.87094599
2.595609258	44.84865771
2.542144873	44.87094599
2.525555093	44.84865771
2.584098907	43.95719435
2.589932164	43.97948264
2.543988803	43.93490607
2.628706425	43.91262204
2.507916406	43.91262204
2.780271615	46.92131086
2.672706379	46.94359492
2.752923395	46.89902258
2.70836378	46.92131086
2.789338934	46.92131086
2.91682749	49.43969571
2.829735177	49.39511915
2.87705909	49.41740743
2.913780886	49.37283511
2.874154598	49.43969571
3.028863952	51.62377755
2.995613497	51.53463292
3.068726241	51.60149351
3.016689992	51.57920523
2.982213549	51.60149351
3.109555204	50.06371668
3.012498197	50.04143262
3.07637756	50.10829322
3.063776947	50.01914434
3.073860439	50.01914434
3.08800639	49.57341268
3.039501518	49.55112864
3.10771351	49.55112864
3.004774705	49.52884036
3.055502575	49.61798499
3.208170003	52.24780274
3.191613276	52.20323043
3.140878699	52.29237506
3.172922649	52.22551871
3.197967712	52.22551871
3.284127842	54.07530179
3.238903658	54.00844542
3.345419827	54.00844542
3.239624751	53.98615714
3.23638015	54.09759005
3.430371853	56.21481555
3.378914905	56.23710383
3.397441706	56.21481555
3.384381547	56.19252726
3.377168697	56.19252726
3.547823223	58.71091211
3.596624452	58.75548442
3.489413056	58.68862805
3.612008843	58.71091211
3.523926224	58.73320039
3.59755472	56.73019068
3.520627653	56.64104603
3.539731519	56.66333431
3.619869337	56.66333431
3.573290149	56.68561835
3.616627929	58.62455031
3.612979988	58.60226627
3.660092492	58.64683859
3.630313695	58.66912687
3.678312396	58.6914109
3.766094187	60.58577055
3.757191014	60.58577055
3.736138471	60.60805883
3.681045079	60.60805883
3.75617548	60.58577055
3.876211672	62.39098554
3.825721399	62.34641323
3.825141458	62.30183667
3.889150158	62.30183667
3.773189836	62.32412495
4.03996695	65.17680855
3.95406805	65.19909258
4.037900433	65.19909258
3.972333302	65.22138086
4.052434394	65.15452027
4.053084272	66.33571006
4.064265692	66.29113775
4.130753829	66.31342178
3.990976027	66.31342178
4.117483219	66.31342178
4.075242407	64.64192798
4.172633136	64.75336091
4.018084095	64.66421626
4.121515977	64.68650454
4.127113233	64.66421626
4.191655568	64.30762922
4.053593317	64.37448982
4.11395216	64.35220579
4.115168247	64.32991751
4.121178424	64.35220579
4.234500591	67.49461158
4.263700086	67.42775098
4.250630347	67.49461158
4.284564532	67.49461158
4.196126476	67.45003926
4.494523122	71.52848073
4.572818606	71.52848073
4.519555412	71.52848073
4.580705286	71.52848073
4.494194191	71.52848073
4.675850023	73.84629226
4.599681094	73.80171569
4.665106433	73.84629226
4.653901701	73.82400398
4.652635476	73.77942741
4.785815816	76.23095166
4.861795051	76.20866338
4.732055393	76.23095166
4.809548349	76.20866338
4.815428231	76.20866338
4.971464487	78.57104297
4.920727036	78.57104297
4.97834681	78.57104297
4.920115161	78.54875469
4.920053845	78.57104297
5.101593753	80.86656622
5.143828816	80.91113429
5.061176114	80.91113429
5.148079371	80.888846
5.052698316	80.86656622
5.121046031	79.17278414
5.112227486	79.2173522
5.163435341	79.15049585
5.152513553	79.15049585
5.064194295	79.12820757
5.264042248	82.93921513
5.317270953	82.87235878
5.3573207	82.91692684
5.293358306	82.89463856
5.395589749	82.93921513
5.475567891	84.94500768
5.427511388	84.94500768
5.481222311	84.96729596
5.38266755	84.94500768
5.440993728	84.9227194
5.574486712	87.64168603
5.610852432	87.59710947
5.611820064	87.61939775
5.679439341	87.57482119
5.613543279	87.59710947
5.664951686	89.26860327
5.759623145	89.22403521
5.682295612	89.24631499
5.776260668	89.22403521
5.724553349	89.20174692
5.742205129	88.17656235
5.747282164	88.15427407
5.724221863	88.17656235
5.736327803	88.17656235
5.763363378	88.17656235
5.725626367	88.06512944
5.718977489	88.10970601
5.762534983	88.08741772
5.740775716	88.13198579
5.787058547	88.08741772
5.916785751	91.85384871
5.974286726	91.83156043
5.855054658	91.80927215
5.947742312	91.83156043
5.901541235	91.83156043
6.042613045	93.9487859
6.080500151	93.90421783
6.038407199	93.9487859
6.009398037	93.92649764
6.062057021	93.88192955
6.068232621	91.94299334
6.093066594	91.96528162
6.090869462	91.96528162
6.099441469	91.96528162
6.148997642	91.96528162
6.250116149	94.23851659
6.159280729	94.21622831
6.204846298	94.19394003
6.225639849	94.21622831
6.231176109	94.21622831
6.332916072	96.26658895
6.338784457	96.26658895
6.230982583	96.24430915
6.372057587	96.26658895
6.304058283	96.24430915
6.530076691	98.56211218
6.393323776	98.56211218
6.468334102	98.51753562
6.445061114	98.56211218
6.498997499	98.47296755
6.683988947	100.9690599
6.636413385	100.9022035
6.586930024	100.9467716
6.677693271	100.9244918
6.604782994	100.9244918
6.758219418	102.7296983
6.858856345	102.7296983
6.707905107	102.6851302
6.764865741	102.6851302
6.81084455	102.7074185
7.052248627	105.2035108
6.95704513	105.1812225
7.04003858	105.1812225
7.045741541	105.1812225
7.059105721	105.1366545
7.045919739	103.7325946
7.062248769	103.7103148
7.052341877	103.7103148
7.060111037	103.6880265
7.110719151	103.7548829
7.096900854	99.45078421
7.200136016	99.49536077
7.140822407	99.49536077
7.163258058	99.45078421
7.113916488	99.4285044
7.130670255	98.00215625
7.186074375	98.02444453
7.136633806	98.04673282
7.23260566	98.02444453
7.108746842	98.04673282
7.135503944	93.87913823
7.129952355	93.87913823
7.170737886	93.90142649
7.045165433	93.85685842
7.152635183	93.87913823
6.972241744	89.48868627
6.976857636	89.4441097
6.962075539	89.4441097
6.924670014	89.42182142
6.965724438	89.46639798
6.919780758	90.44700597
6.957377893	90.46929425
6.94829812	90.46929425
6.923431573	90.46929425
6.917102046	90.44700597
6.93154116	90.44700597
6.947754585	90.49158253
6.926075795	90.49158253
6.962240963	90.46929425
6.860439685	90.46929425
6.708781404	84.38506023
6.667174504	84.36277195
6.648990686	84.38506023
6.706268116	84.38506023
6.662380414	84.40734002
6.522552154	80.8192068
6.571400647	80.84148659
6.438011771	80.84148659
6.498865288	80.8192068
6.558223606	80.79691852
6.305314608	75.53728299
6.277260304	75.53728299
6.320097982	75.53728299
6.207503295	75.55957127
6.239796657	75.53728299
6.080004519	71.52569788
6.088103887	71.50340959
6.06269636	71.52569788
6.122038711	71.50340959
6.055811163	71.52569788
6.062320165	73.08575877
6.07531837	73.13033533
5.964034297	73.08575877
6.06092652	73.10804705
6.041644775	73.08575877
5.93434939	70.79023977
5.934726224	70.76795573
5.941456855	70.76795573
5.958871677	70.79023977
5.887071463	70.74566745
5.767356537	66.84551525
5.703903507	66.82323122
5.711412714	66.84551525
5.800794451	66.84551525
5.703348475	66.84551525
5.7139375	67.26896288
5.681020126	67.26896288
5.761191795	67.2466746
5.745569806	67.2466746
5.745947279	67.22438632
5.524065099	62.83393013
5.565483582	62.78935782
5.460446006	62.8116461
5.542683233	62.76706954
5.522645266	62.78935782
5.260384088	59.02292683
5.358373918	59.00063855
5.294318593	59.02292683
5.309561512	59.04521086
5.379333531	59.02292683
5.145009774	56.57140258
5.224686769	56.5491143
5.172061317	56.57140258
5.158624006	56.57140258
5.209220304	56.63825893
5.125204614	57.64004377
5.064101045	57.61775548
5.129573648	57.64004377
5.09803523	57.61775548
5.126138075	57.5954672
5.089608528	58.3086413
5.033499921	58.3086413
5.090908924	58.33092533
5.042652507	58.35321361
5.13249347	58.28635302
4.956658759	53.80674793
4.949431218	53.80674793
4.942453729	53.8513245
4.952205416	53.76217562
4.932629549	53.80674793
4.615816598	48.92598774
4.561054691	48.92598774
4.623881156	48.92598774
4.594777467	48.94827602
4.642820557	48.94827602
4.423774529	44.58010387
4.380264938	44.58010387
4.404623079	44.58010387
4.371573175	44.55781559
4.432135445	44.60239215
4.400386575	45.11498019
4.380147098	45.07040787
4.388577951	45.13726847
4.340238503	45.11498019
4.351951003	45.13726847
4.411436422	45.04812382
4.344691207	45.15955675
4.384845063	45.07040787
4.357417325	45.09269616
4.357995988	45.13726847
4.397954402	46.09559242
4.398743836	46.11787646
4.362837661	46.09559242
4.357701228	46.14016474
4.32818366	46.11787646
4.032775496	40.61309107
4.01434482	40.59080704
4.030639041	40.59080704
4.016825215	40.61309107
4.081623989	40.63537935
3.815721576	36.08891367
3.779272186	36.08891367
3.835593481	36.06662964
3.771881457	36.08891367
3.792166602	36.11120195
3.626719086	32.50077621
3.570150294	32.47849004
3.599668501	32.50077621
3.516343885	32.50077621
3.560230948	32.47849004
3.222064944	26.61711762
3.226980706	26.68397821
3.267891423	26.63940376
3.243862852	26.63940376
3.181200853	26.63940376
2.970325726	23.31870233
2.89283309	23.34099061
2.957171679	23.34099061
2.961836112	23.36327678
3.005135571	23.38556295
2.902270216	24.94562381
2.900630032	25.01248441
2.829193878	24.94562381
2.904242525	24.96790998
2.880890338	25.05705673
2.84832968	25.21306197
2.894943996	25.16848966
2.896288781	25.16848966
2.972306658	25.21306197
2.962943939	25.19077581
2.725750818	22.15980081
2.785391123	22.15980081
2.79895841	22.18208698
2.805676587	22.18208698
2.756366633	22.13751467
2.487926341	18.03678278
2.46491091	17.94763602
2.486199933	17.96992219
2.515601257	17.96992219
2.498717035	18.01449662
2.184257697	13.57946598
2.154857171	13.57946598
2.154560814	13.55717983
2.181860971	13.60175215
2.175307899	13.60175215
1.809818265	9.233582109
1.828969715	9.233582109
1.805580643	9.255868277
1.794234439	9.30044166
1.770040444	9.30044166
1.615544416	7.027210409
1.564393406	6.982637026
1.606925145	7.049496555
1.546198251	7.004923706
1.571809523	7.049496555
1.310222174	4.820838175
1.400265446	4.820838175
1.370534233	4.820838175
1.387501645	4.820838175
1.383971065	4.820838175
1.164577264	2.324741079
1.157020713	2.324741079
1.182890659	2.324741079
1.173315173	2.324741079
1.154540637	2.302454399
1.107711956	2.792759182
1.055050178	2.748186066
1.08108483	2.748186066
1.047823516	2.748186066
1.119223424	2.748186066
1.085277503	3.536852467
1.097249873	3.514566054
1.026985097	3.536852467
1.046974203	3.536852467
0.996699092	3.559139169
0.85416745	0.416730819
0.833376375	0.483590593
0.905661363	0.461304001
0.878741392	0.483590593
0.909780904	0.416730819
0.878345238	1.196761287
0.865581197	1.196761287
0.885524636	1.219047856
0.86674994	1.196761287
0.846628862	1.17447474
0.826336133	1.330480767
0.870472848	1.352767336
0.842795059	1.330480767
0.865690016	1.30819422
0.891431583	1.375053882
0.766155567	0.260724726
0.766367616	0.238438157
0.723483313	0.260724726
0.75191461	0.238438157
0.781197216	0.216151566
0.711322126	-6.358390708
0.665335014	-6.380677388
0.70061598	-6.380677388
0.708299154	-6.358390708
0.661436183	-6.358390708
0.665716598	-5.934945721
0.640789095	-5.97951857
0.69763141	-5.934945721
0.648002624	-5.97951857
0.680260419	-5.97951857
0.524546068	-8.341896564
0.499679521	-8.341896564
0.507795575	-8.364183266
0.476883523	-8.364183266
0.421853203	-8.319609883
0.451171097	-7.584152821
0.411139592	-7.56186614
0.500345047	-7.56186614
0.441708741	-7.56186614
0.499545354	-7.584152821
0.366299786	-9.545371996
0.297832713	-9.500798613
0.365232158	-9.52308585
0.38451031	-9.500798613
0.37078199	-9.52308585
0.207222555	-11.52887841
0.21058811	-11.52887841
0.272463888	-11.55116455
0.233167149	-11.48430502
0.207222555	-11.52887841
0.02473708	-13.40095082
0.041067667	-13.33409127
0.072474737	-13.33409127
0.059128376	-13.37866465
0.076500475	-13.33409127
-0.117022701	-15.60732305
-0.108690497	-15.65189643
-0.112475729	-15.60732305
-0.145572078	-15.60732305
-0.205935951	-15.58503688
-0.341610639	-17.88055484
-0.403269478	-17.88055484
-0.303484918	-17.88055484
-0.300387258	-17.8359825
-0.348267101	-17.8359825
-0.48679768	-20.13149938
-0.541738622	-20.13149938
-0.58810664	-20.13149938
-0.6056207	-20.10921322
-0.548000726	-20.10921322
-0.766470447	-22.27101102
-0.771221105	-22.24872485
-0.727037045	-22.24872485
-0.706208766	-22.24872485
-0.727544573	-22.24872485
-0.733979805	-21.44640826
-0.703919502	-21.44640826
-0.748992233	-21.42412212
-0.749345036	-21.49098058
-0.750907857	-21.46869443
-1.000516368	-24.67796293
-0.917303924	-24.7002491
-0.946972944	-24.65567679
-0.928330379	-24.65567679
-0.932265336	-24.7002491
-1.112613667	-26.70604166
-1.134826331	-26.68375549
-1.091556413	-26.72832783
-1.106441899	-26.68375549
-1.08242682	-26.68375549
-1.125603009	-24.90082878
-1.146340913	-24.94540109
-1.202615104	-24.94540109
-1.146213971	-24.92311495
-1.175398297	-24.94540109
-1.360187276	-28.97927449
-1.322420326	-28.89012775
-1.373208314	-28.86784158
-1.354005449	-28.89012775
-1.371811475	-28.89012775
-1.540980223	-31.47537105
-1.548028608	-31.47537105
-1.545552045	-31.45308488
-1.606971611	-31.40851045
-1.563587844	-31.43079874
-1.693621783	-33.32515838
-1.693405104	-33.34744453
-1.695247118	-33.34744453
-1.65127878	-33.32515838
-1.706497677	-33.34744453
-1.874343355	-35.62067736
-1.873402229	-35.6652497
-1.866939373	-35.62067736
-1.855470379	-35.64296141
-1.884083865	-35.62067736
-2.026262066	-37.87161979
-1.989521907	-37.84933576
-2.060922294	-37.84933576
-2.024472745	-37.84933576
-2.018974487	-37.82704748
-2.179725475	-40.34543232
-2.228607659	-40.34543232
-2.168563376	-40.30086001
-2.212506485	-40.25628345
-2.142527687	-40.30086001
-2.141761405	-38.56250561
-2.191444201	-38.58478964
-2.237571828	-38.54021733
-2.224248524	-38.56250561
-2.237900918	-38.54021733
-2.274792609	-40.47914929
-2.24946971	-40.45686523
-2.262387438	-40.39000464
-2.292028595	-40.43457695
-2.264407171	-40.39000464
-2.436396582	-42.46265779
-2.455766148	-42.44036951
-2.358495815	-42.44036951
-2.395834756	-42.41808548
-2.363245834	-42.41808548
-2.550500519	-44.57988328
-2.570363802	-44.557595
-2.530547659	-44.557595
-2.595395133	-44.557595
-2.533292477	-44.53531097
-2.529482944	-44.04500272
-2.568879301	-44.0004304
-2.543922697	-44.04500272
-2.585517143	-44.0004304
-2.556915792	-44.02271868
-2.705058183	-46.47424291
-2.679837157	-46.40738231
-2.701742686	-46.45195463
-2.650511359	-46.45195463
-2.700740244	-46.45195463
-2.886872732	-49.19320531
-2.819094099	-49.148633
-2.843858453	-49.19320531
-2.805657426	-49.148633
-2.836353397	-49.17091703
-2.931358258	-51.64472954
-2.961494088	-51.68930188
-2.927102593	-51.66701782
-2.957227565	-51.64472954
-2.963055712	-51.66701782
-3.129578481	-54.00710916
-3.147930597	-53.98482087
-3.117629343	-53.94024854
-3.124296424	-53.96253259
-3.086666395	-53.96253259
-3.22968816	-55.99061343
-3.210411205	-55.96832515
-3.236902607	-55.99061343
-3.233549427	-55.99061343
-3.316925139	-55.96832515
-3.317430671	-54.18539842
-3.27963426	-54.18539842
-3.31793748	-54.18539842
-3.231642585	-54.16311438
-3.25926353	-54.2076867
-3.303753527	-53.43462188
-3.342843946	-53.45690593
-3.260533906	-53.45690593
-3.262593398	-53.43462188
-3.31276975	-53.45690593
-3.39965704	-56.04215135
-3.45223427	-56.04215135
-3.390753548	-56.04215135
-3.386221326	-56.04215135
-3.397967037	-56.04215135
-3.465936642	-57.98108331
-3.538033213	-58.04794391
-3.463878747	-58.00337159
-3.484250755	-57.98108331
-3.532926799	-58.00337159
-3.610560908	-60.43260756
-3.571075133	-60.43260756
-3.594101583	-60.43260756
-3.606648545	-60.45489584
-3.648814628	-60.45489584
-3.705425574	-62.43840012
-3.686604013	-62.43840012
-3.798732129	-62.48297243
-3.703955604	-62.41611184
-3.704141466	-62.48297243
-3.858865191	-64.84535203
-3.906618951	-64.82306375
-3.878234119	-64.82306375
-3.864454145	-64.82306375
-3.78801249	-64.82306375
-4.00664464	-67.07401043
-3.971057816	-67.14087103
-3.978704345	-67.09629446
-4.019811781	-67.11858274
-3.993881478	-67.07401043
-4.076963068	-65.7145271
-3.99436242	-65.69224307
-3.998679719	-65.7145271
-4.048286669	-65.69224307
-4.027357395	-65.73681538
-4.029333217	-65.44708894
-4.081453775	-65.42480066
-4.043711015	-65.40251663
-4.017281886	-65.42480066
-3.996946923	-65.42480066
-4.061199607	-65.31336775
-4.005141777	-65.29108372
-4.042150669	-65.26879544
-4.068972279	-65.29108372
-4.00245061	-65.29108372
-4.146013993	-67.54202615
-4.165622753	-67.56431443
-4.054738827	-67.56431443
-4.074727295	-67.56431443
-4.167515544	-67.54202615
-4.255092312	-69.5032464
-4.254963933	-69.48096234
-4.168183945	-69.52553465
-4.214094413	-69.5032464
-4.24126188	-69.52553465
-4.27777993	-71.55361127
-4.323768001	-71.57589955
-4.359099025	-71.55361127
-4.337471331	-71.53132299
-4.29951301	-71.53132299
-4.444910104	-74.00513549
-4.484890233	-74.00513549
-4.467032153	-74.02742377
-4.470107498	-74.00513549
-4.411979637	-74.00513549
-4.548603215	-75.96635998
-4.594348898	-75.9440717
-4.610732857	-75.89949514
-4.490640778	-75.96635998
-4.55318813	-75.9440717
-4.689578262	-78.08358545
-4.695915454	-78.10586526
-4.719487993	-78.08358545
-4.644774663	-78.06129717
-4.674960951	-78.08358545
-4.655838242	-76.52352458
-4.724050873	-76.52352458
-4.714638974	-76.52352458
-4.697620786	-76.54580437
-4.762923814	-76.56809265
-4.897142362	-80.15623438
-4.923571491	-80.1339461
-4.848311434	-80.1339461
-4.880276504	-80.11165782
-4.925973007	-80.11165782
-4.982701474	-82.49632569
-5.036461258	-82.49632569
-5.024574393	-82.47403741
-4.994118255	-82.49632569
-5.01994924	-82.51861398
-5.107832265	-84.4129736
-5.105431707	-84.43526188
-5.123049317	-84.36839704
-5.109623822	-84.43526188
-5.115885646	-84.4129736
-5.215717171	-86.75306494
-5.276301156	-86.70848837
-5.226362081	-86.73077665
-5.228853335	-86.66392028
-5.262622096	-86.66392028
-5.383319025	-89.13772432
-5.444927487	-89.1600126
-5.406167277	-89.13772432
-5.449407975	-89.18230088
-5.409316073	-89.1600126
-5.40423329	-88.24626096
-5.388321332	-88.22398117
-5.40368784	-88.26854924
-5.458336376	-88.24626096
-5.475799101	-88.24626096
-5.470772524	-86.77535322
-5.45475518	-86.797633
-5.467736139	-86.77535322
-5.521329542	-86.77535322
-5.453803515	-86.77535322
-5.564498705	-89.60574429
-5.577882685	-89.62803257
-5.599727538	-89.62803257
-5.607447517	-89.62803257
-5.608882678	-89.58345601
-5.65196881	-91.61153684
-5.697043219	-91.58924856
-5.72664765	-91.56696876
-5.704040189	-91.61153684
-5.699392361	-91.58924856
-5.789131771	-93.86248351
-5.799649261	-93.81790694
-5.807154636	-93.84019522
-5.839907225	-93.84019522
-5.815322345	-93.79562716
-5.868169745	-95.57855387
-5.87275498	-95.55626559
-5.895601315	-95.55626559
-5.911948229	-95.53397731
-5.938717466	-95.57855387
-6.064144934	-98.27522375
-6.100988403	-98.25294396
-6.018666867	-98.25294396
-6.032725315	-98.27522375
-6.094817273	-98.23065568
-6.158599235	-100.4593141
-6.221145948	-100.4370258
-6.254484226	-100.4816023
-6.164822099	-100.4593141
-6.186373149	-100.4370258
-6.247173015	-98.43123322
-6.277972456	-98.40894494
-6.190658833	-98.38665666
-6.23278372	-98.40894494
-6.268612931	-98.38665666
-6.55781867	-104.8274862
-6.612469123	-104.8051979
-6.500311307	-104.849766
-6.544473012	-104.7829097
-6.569631445	-104.8051979
-6.689638896	-107.2790105
-6.794428657	-107.3012903
-6.719841151	-107.3012903
-6.718708734	-107.2790105
-6.737861462	-107.2790105
-6.760421021	-105.7858059
-6.768370932	-105.7635177
-6.757398049	-105.7858059
-6.709239992	-105.7635177
-6.737190187	-105.8080942
-6.79345336	-105.2732179
-6.77831423	-105.3623625
-6.739311313	-105.2954977
-6.752471109	-105.2732179
-6.76949824	-105.317786
-6.76369628	-103.2002805
-6.880791254	-103.2002805
-6.78227737	-103.1557124
-6.805989145	-103.2225688
-6.846068273	-103.1780007
-6.774915702	-103.0665678
-6.813839419	-103.0888476
-6.860082651	-103.0665678
-6.80863209	-103.0888476
-6.833208028	-103.0665678
-6.84041513	-98.07436621
-6.761778899	-98.00750984
-6.822610701	-98.07436621
-6.849421453	-98.02979812
-6.760837454	-98.05208641
-6.635287994	-93.26047087
-6.684753472	-93.30503893
-6.592069012	-93.28275065
-6.608044841	-93.3496155
-6.673375013	-93.28275065
-6.419547563	-88.84772213
-6.473064321	-88.80315406
-6.473800105	-88.84772213
-6.441314494	-88.80315406
-6.447818386	-88.82543385
-6.415051108	-90.14034911
-6.469371991	-90.11806083
-6.387392799	-90.11806083
-6.421949079	-90.14034911
-6.493274099	-90.09577255
-6.42820771	-90.27406183
-6.41657441	-90.29635009
-6.422327828	-90.27406183
-6.447195014	-90.27406183
-6.407469088	-90.22949374
-6.256097584	-84.65784775
-6.131776347	-84.65784775
-6.178030436	-84.63555947
-6.270042983	-84.65784775
-6.193434627	-84.65784775
-5.942032325	-79.732511
-5.982925796	-79.77708754
-6.04450871	-79.732511
-5.966173307	-79.75479928
-5.937231848	-79.77708754
-5.81191743	-75.65406952
-5.786376415	-75.65406952
-5.794277146	-75.65406952
-5.812082853	-75.65406952
-5.780662595	-75.65406952
-5.5460824	-70.95159861
-5.552139202	-70.95159861
-5.572677272	-70.92931033
-5.606685547	-70.97388264
-5.54205539	-70.95159861
-5.506931944	-70.34985744
-5.570214441	-70.37214572
-5.526831951	-70.39443401
-5.495283314	-70.37214572
-5.521229905	-70.41671804
-5.487865441	-72.40022656
-5.477667302	-72.37793828
-5.511881238	-72.40022656
-5.42250972	-72.40022656
-5.469005877	-72.42251485
-5.487238875	-72.53394776
-5.485842675	-72.55622756
-5.494744889	-72.55622756
-5.477282804	-72.55622756
-5.471326278	-72.51165948
-5.506788875	-72.89052632
-5.458744506	-72.89052632
-5.435551995	-72.89052632
-5.504146568	-72.86824651
-5.475495079	-72.9128146
-5.42653162	-70.72873276
-5.342344758	-70.66187217
-5.387493575	-70.6841562
-5.385346901	-70.66187217
-5.402989101	-70.66187217
-5.198993104	-66.71714765
-5.22661373	-66.76171996
-5.219655082	-66.71714765
-5.203258669	-66.76171996
-5.282191576	-66.69485937
-5.199844812	-67.09601872
-5.216671071	-67.16287934
-5.293494668	-67.14059105
-5.18938225	-67.11830277
-5.20176315	-67.14059105
-5.064539833	-62.39354781
-5.023557581	-62.39354781
-5.022541408	-62.39354781
-4.962282841	-62.37126378
-4.999073297	-62.37126378
-4.78837094	-58.04766394
-4.742600028	-58.00309162
-4.769842223	-58.06995222
-4.795762627	-58.04766394
-4.77475575	-58.04766394
-4.635556611	-56.04187138
-4.687993007	-56.10873198
-4.631084107	-56.08644369
-4.655036992	-56.04187138
-4.684677509	-56.08644369
-4.613869517	-57.02108794
-4.654431823	-57.06566028
-4.685269266	-57.02108794
-4.66007283	-57.02108794
-4.611175796	-57.02108794
-4.579610872	-53.49980683
-4.469817208	-53.54438339
-4.530625059	-53.54438339
-4.546920876	-53.54438339
-4.511144358	-53.54438339
-4.246309534	-48.93105711
-4.265348892	-48.90877308
-4.268700795	-48.90877308
-4.290950265	-48.95334539
-4.241724938	-48.95334539
-3.998323963	-44.4514563
-4.038140584	-44.4514563
-4.024067765	-44.42916802
-3.993791421	-44.4514563
-4.031077828	-44.4514563
-4.015833951	-46.52410945
-3.957415162	-46.50182117
-3.969899212	-46.47953289
-3.982116286	-46.50182117
-3.982357076	-46.54639348
-3.996331215	-46.83611993
-3.966509307	-46.88069224
-3.948869981	-46.88069224
-3.957824889	-46.85840821
-3.978030515	-46.83611993
-3.932060328	-44.3623074
-3.829607575	-44.42916802
-3.864192277	-44.3623074
-3.898199594	-44.40688396
-3.851032801	-44.38459568
-3.674490729	-39.72670133
-3.678336667	-39.81584596
-3.620755215	-39.79355768
-3.611522472	-39.79355768
-3.620755215	-39.79355768
-3.42101169	-35.98255438
-3.446169484	-36.00483841
-3.403280711	-36.02712669
-3.42121288	-36.04941497
-3.489867811	-36.07169901
-3.182069805	-30.99035914
-3.145352161	-31.03493146
-3.12170713	-31.01264531
-3.066487594	-30.99035914
-3.134506379	-31.07950591
-2.883767367	-27.46907803
-2.940840094	-27.49136631
-2.849958367	-27.49136631
-2.884731486	-27.49136631
-2.905177903	-27.51365246
-2.849154881	-29.09599949
-2.850843607	-29.09599949
-2.863225146	-29.11828566
-2.905388994	-29.11828566
-2.89195296	-29.11828566
-2.666031634	-26.35474883
-2.716438238	-26.35474883
-2.73251562	-26.37703711
-2.74813665	-26.37703711
-2.800436045	-26.35474883
-2.472195774	-22.00886496
-2.4426814	-21.98657879
-2.407679626	-22.00886496
-2.495612949	-22.05343938
-2.475270161	-21.98657879
-2.460710173	-22.65517632
-2.468939995	-22.65517632
-2.44295668	-22.63289015
-2.418494271	-22.67746247
-2.469486883	-22.63289015
-2.381404424	-21.51856095
-2.431012172	-21.49627478
-2.449096193	-21.51856095
-2.398827868	-21.54084712
-2.38291591	-21.51856095
-2.151105122	-17.70755551
-2.177751409	-17.66298213
-2.147917365	-17.70755551
-2.079539631	-17.70755551
-2.125234697	-17.70755551
-1.791612571	-13.76282995
-1.799842713	-13.76282995
-1.866821693	-13.78511609
-1.844192196	-13.76282995
-1.818867541	-13.74054271
-1.370147819	-8.74834801
-1.408184221	-8.792921392
-1.4319728	-8.74834801
-1.449293095	-8.815208094
-1.393504476	-8.74834801
-1.352097968	-10.33069558
-1.378236807	-10.2861222
-1.351858455	-10.2861222
-1.412462081	-10.30840943
-1.462399559	-10.2861222
-1.298686994	-8.726061863
-1.281390252	-8.726061863
-1.259494623	-8.74834801
-1.292083065	-8.74834801
-1.309444955	-8.726061863
-1.127704655	-6.965421296
-1.139960769	-6.965421296
-1.185438198	-6.987707999
-1.178150859	-6.94313515
-1.232262807	-7.009994679
-1.146553281	-7.411152986
-1.15193801	-7.411152986
-1.135135942	-7.411152986
-1.193809412	-7.388866817
-1.194940392	-7.411152986
-1.092061066	-6.296823785
-1.122134863	-6.296823785
-1.103656284	-6.296823785
-1.093065025	-6.296823785
-1.122300286	-6.296823785
-0.885882708	0.322291449
-0.941412333	0.366864587
-0.96350548	0.322291449
-0.985585375	0.277718267
-0.966942171	0.277718267
-0.672145483	3.375553568
-0.697473411	3.353266865
-0.692808499	3.375553568
-0.696999096	3.375553568
-0.654293191	3.353266865
-0.671436205	2.929821878
-0.61888177	2.862962083
-0.637915499	2.885248496
-0.727581538	2.862962083
-0.680375704	2.862962083
-0.671538477	2.238380347
-0.716018495	2.216093933
-0.583844388	2.238380347
-0.634167043	2.282953729
-0.670407737	2.171520684
-0.624043153	3.687008304
-0.60396862	3.731581686
-0.626439479	3.709295006
-0.542218925	3.597862095
-0.575924455	3.820727917
-0.500584281	4.86819759
-0.536999061	4.845910887
-0.473912685	4.801337505
-0.481728589	4.845910887
-0.563626507	4.801337505
-0.53950708	4.667617914
-0.529173656	4.712191274
-0.488274836	4.667617914
-0.456474391	4.734477976
-0.496114372	4.645331745
-0.471431252	3.37499625
-0.503689126	3.37499625
-0.518802629	3.37499625
-0.487819562	3.419569366
-0.462693622	3.37499625
-0.479128398	3.441856046
-0.485126439	3.419569366
-0.536240524	3.441856046
-0.490168824	3.419569366
-0.480462005	3.441856046
-0.497220562	3.330423135
-0.44993018	3.37499625
-0.494622007	3.37499625
-0.519263691	3.352709548
-0.463154924	3.352709548
-0.397422889	3.330423135
-0.485672249	3.352709548
-0.534507489	3.330423135
-0.477772555	3.352709548
-0.493901432	3.352709548
-0.488759849	3.359952765
-0.502172132	3.426812583
-0.482182426	3.426812583
-0.449499616	3.382239467
-0.430893217	3.315379649
-0.455730264	3.560532174
-0.415207958	3.538245494
-0.422764709	3.538245494
-0.468294352	3.538245494
-0.384118227	3.538245494
-0.463275718	2.022757719
-0.360455233	2.022757719
-0.446853039	1.955898057
-0.463689557	1.978184626
-0.414096578	2.045044421
-0.448432307	2.000471172
-0.430956688	2.000471172
-0.449401735	1.978184626
-0.383538766	1.978184626
-0.428442242	2.000471172
-0.459509578	1.911324808
-0.499782551	1.978184626
-0.523857708	2.000471172
-0.507681686	1.978184626
-0.476947952	1.978184626
-0.475731227	2.981080893
-0.536623425	2.936507778
-0.525074553	2.958794213
-0.473288036	2.936507778
-0.497232218	2.981080893
-0.463135603	5.009160131
-0.47837976	4.986873451
-0.51604372	5.009160131
-0.48358665	4.986873451
-0.47750446	5.05373298
-0.36922352	7.10409892
-0.341818057	7.170958471
-0.340636819	7.170958471
-0.394383231	7.170958471
-0.394608612	7.193245151
-0.258522003	9.199038243
-0.272903753	9.243610558
-0.22757622	9.176751029
-0.227741164	9.176751029
-0.204822795	9.221324411
-0.143002674	11.47226896
-0.076018774	11.49455617
-0.009519766	11.42769665
-0.102185208	11.47226896
-0.059004478	11.47226896
0.205749451	13.72321458
0.100533247	13.74550074
0.104562263	13.83464751
0.140808846	13.76778796
0.14241466	13.72321458
0.346122822	15.99644636
0.335048145	15.99644636
0.308280565	16.01873251
0.354271848	16.04101868
0.327681048	16.06330589
0.391562847	14.68153748
0.37379135	14.65925132
0.323609868	14.6369641
0.36769946	14.68153748
0.358005854	14.65925132
0.67052422	18.22510476
0.552379062	18.24739091
0.652967846	18.26967708
0.601143326	18.22510476
0.616256629	18.22510476
0.610958005	17.84623156
0.631244586	17.86851984
0.571308004	17.84623156
0.630665085	17.82394539
0.680008451	17.84623156
0.768539519	20.18632287
0.782565712	20.14175056
0.784208212	20.1640367
0.767487099	20.11946439
0.804197718	20.1640367
1.019218492	22.41498127
0.977609037	22.3926951
0.970039392	22.3926951
1.01178992	22.34812279
0.934475721	22.37040896
1.031835552	21.72409759
0.93049342	21.74638376
0.993367707	21.72409759
1.022768313	21.72409759
1.025460917	21.72409759
1.197742533	24.6882141
1.217059647	24.6882141
1.155366317	24.71050027
1.171283306	24.73278642
1.159735272	24.71050027
1.355331392	26.85001191
1.289316532	26.85001191
1.374105849	26.87229806
1.410945006	26.85001191
1.353324913	26.85001191
1.447713268	29.27924999
1.528345599	29.27924999
1.544013893	29.25696382
1.553885816	29.27924999
1.555066934	29.27924999
1.702628905	31.32961486
1.715392067	31.32961486
1.660168221	31.30732869
1.675624626	31.30732869
1.664159942	31.32961486
1.70851693	29.70269551
1.744931351	29.72498166
1.716594103	29.70269551
1.73615975	29.74726782
1.761781402	29.70269551
2.002283952	33.66970617
1.913079614	33.66970617
1.932442794	33.64742001
1.905014257	33.66970617
1.950294806	33.62513386
2.136199756	35.83150398
2.039687561	35.87608054
2.061400681	35.85379226
2.06614607	35.83150398
2.114402647	35.80921992
2.279268626	38.03787833
2.262051801	37.99330601
2.194949552	37.94872945
2.222697918	38.01559005
2.179069529	37.99330601
2.39617694	40.55626317
2.357246675	40.53397489
2.423356702	40.48940257
2.439273291	40.51168661
2.422221411	40.46711429
2.47612155	42.74034501
2.525888495	42.71806098
2.557426753	42.74034501
2.545667788	42.74034501
2.577676449	42.6957727
2.637556107	44.74613757
2.673001778	44.74613757
2.638525655	44.76842585
2.67569534	44.74613757
2.704375731	44.76842585
2.710543666	43.94382309
2.745316466	43.94382309
2.67837022	43.9883954
2.706801198	43.96610712
2.610251479	43.94382309
2.864323711	47.35367129
2.889779141	47.30909473
2.886922231	47.30909473
2.90275531	47.28681067
2.864074937	47.30909473
3.038424349	49.67147432
3.074129971	49.62690201
3.059808059	49.64918604
3.064812601	49.58232967
3.077401717	49.67147432
3.097398808	48.04455283
3.035623006	48.0222688
3.091104409	47.99998052
3.065023053	48.0222688
3.088460187	47.97769224
3.255885121	51.78869979
3.253193635	51.78869979
3.24558958	51.81098807
3.261460023	51.85556039
3.244289823	51.78869979
3.340956584	54.01735819
3.325381541	53.99506991
3.339445418	54.01735819
3.325335554	54.01735819
3.332429926	53.99506991
3.47130684	56.20144428
3.489528022	56.24601659
3.450856272	56.179156
3.495453252	56.22372831
3.463750688	56.20144428
3.446849381	54.16779349
3.517527717	54.19007752
3.585904813	54.19007752
3.458406038	54.10093289
3.528366154	54.14550521
3.617874993	56.61931771
3.505950942	56.55245712
3.588720527	56.5747454
3.586371065	56.5747454
3.503850254	56.59702943
3.641955299	58.60282199
3.679242984	58.60282199
3.682312261	58.58053796
3.670387075	58.58053796
3.64430508	58.60282199
3.841620902	60.98748564
3.842011149	60.96520159
3.752806013	60.96520159
3.842044681	60.9429133
3.829235212	60.96520159
4.013053366	63.88474155
3.913091547	63.88474155
3.990240243	63.86245752
3.999650545	63.86245752
3.964041047	63.86245752
4.198708105	67.13858451
4.210172469	67.11629623
4.165187798	67.18315682
4.148597539	67.16087279
4.230505835	67.11629623
4.116960761	66.42541466
4.258790391	66.4031264
4.252332165	66.35855406
4.161356869	66.4031264
4.198808381	66.4031264
4.252498228	64.9099261
4.235696878	64.9099261
4.232118556	64.93221439
4.236356337	64.9099261
4.231656775	64.9099261
4.384739039	67.5843162
4.353449395	67.60660448
4.333540446	67.56202791
4.319135502	67.53974386
4.385398178	67.5843162
4.44422382	69.25580998
4.406641055	69.23352169
4.51079435	69.23352169
4.471770037	69.25580998
4.387936695	69.25580998
4.601852358	71.57361726
4.488288442	71.57361726
4.598829705	71.57361726
4.622185724	71.57361726
4.593965678	71.57361726
4.512023211	71.12788134
4.616426876	71.17245366
4.601181722	71.15016962
4.519579682	71.12788134
4.58500598	71.17245366
4.680140497	74.09199785
4.762416366	74.11428613
4.789006447	74.09199785
4.718905178	74.11428613
4.734229851	74.09199785
4.874380655	76.16464678
4.82877836	76.12007869
4.857246542	76.16464678
4.880636412	76.14236697
4.790382209	76.16464678
5.002631181	78.39330518
4.98233454	78.46017
4.939709869	78.43788172
5.004094765	78.41559346
5.035728029	78.39330518
5.107728157	80.68882841
5.113349684	80.7333965
5.088034769	80.71111669
5.147636113	80.64425184
5.149054348	80.68882841
5.301239557	82.96205488
5.316319288	82.98434316
5.264908327	82.98434316
5.255614908	83.00663144
5.25134104	82.96205488
5.416537865	85.19071328
5.430316563	85.19071328
5.419157178	85.14614521
5.459599088	85.16843349
5.44842693	85.12385693
5.54199663	87.21879412
5.502524907	87.21879412
5.608533309	87.21879412
5.577112412	87.21879412
5.482487578	87.2410824
5.609304221	85.45815569
5.584319514	85.4358674
5.516709179	85.39129934
5.604568891	85.39129934
5.594697767	85.36901106
5.612394256	85.25757812
5.57464511	85.23528984
5.586984814	85.2798664
5.585555401	85.23528984
5.584670161	85.25757812
5.653885552	87.53080459
5.745557671	87.55309287
5.701033184	87.55309287
5.625192547	87.50852481
5.680876419	87.55309287
5.815498626	89.53659715
5.837250867	89.58117371
5.796808957	89.55888543
5.776347531	89.62575027
5.830875354	89.58117371
5.865904272	88.51142107
5.836080128	88.55598916
5.784090504	88.51142107
5.81525081	88.55598916
5.7924511	88.53370088
5.984595361	91.92126505
5.936585482	91.89897677
5.961993648	91.87668848
5.965523748	91.87668848
5.931887197	91.89897677
6.048552326	94.03849052
6.124981206	94.03849052
6.10561643	94.0607788
6.074799745	94.01620224
6.107683905	94.03849052
6.221857461	96.24486064
6.191667341	96.22257236
6.246428928	96.22257236
6.284779731	96.20029255
6.181925873	96.22257236
6.596714923	100.5684562
6.59373666	100.5461764
6.482405963	100.5238881
6.560477582	100.5461764
6.53313032	100.5238881
6.690677424	102.8862678
6.709791829	102.8194029
6.694500688	102.8194029
6.680509942	102.8416912
6.59253207	102.8194029
6.804283175	104.9589167
6.896049183	104.9366284
6.876389965	104.9366284
6.794281117	104.9143401
6.809063213	104.9143401
6.878869403	103.4211441
6.839350416	103.4434324
6.855019029	103.4211441
6.837933138	103.3988558
6.907985227	103.3988558
6.882269847	101.9502278
6.890759461	101.9056513
6.936241999	101.9279396
6.910418678	101.9056513
6.857627484	101.9279396
6.830998761	98.74291282
6.92516373	98.69833625
6.945237464	98.74291282
6.873815361	98.67604797
6.973635389	98.74291282
6.950709216	95.89022499
6.971832975	95.91251327
6.943106119	95.91251327
6.925135627	95.91251327
6.942775911	95.91251327
6.894267207	93.10440199
6.818004389	93.10440199
6.905698039	93.10440199
6.895699175	93.14897855
6.911790608	93.08212218
6.738761392	89.62770167
6.6950851	89.62770167
6.723057011	89.5831251
6.688532027	89.62770167
6.780301229	89.60541338
6.712539521	91.2546189
6.707130362	91.18776256
6.666890282	91.23233062
6.638884519	91.21004234
6.707543602	91.23233062
6.661935878	91.27690719
6.647824418	91.27690719
6.71934041	91.29919547
6.687508189	91.2546189
6.6760071	91.21004234
6.504865245	85.3040976
6.495077791	85.32638588
6.408268103	85.3040976
6.459795308	85.32638588
6.445851826	85.32638588
6.238068971	80.60163517
6.194395234	80.60163517
6.226606842	80.62391495
6.243573296	80.62391495
6.270493905	80.60163517
6.001098756	75.69858669
6.060276322	75.67629841
5.994545684	75.69858669
5.952180645	75.63172185
6.026672345	75.67629841
5.787270596	71.39727089
5.804109949	71.46413573
5.702518803	71.44184745
5.793907977	71.44184745
5.772109111	71.41955917
5.537018594	67.09595933
5.622481262	67.11824762
5.611311658	67.0736753
5.598499954	67.09595933
5.535578323	67.1405359
5.46575425	68.8120297
5.490031915	68.85660201
5.550000831	68.85660201
5.528924336	68.8120297
5.453498855	68.8120297
5.530084856	68.99031898
5.444622188	68.96803492
5.540037095	68.96803492
5.540249144	68.94574667
5.460408323	68.96803492
5.362977675	66.36050545
5.408541329	66.33821717
5.404633756	66.36050545
5.420090321	66.36050545
5.398541187	66.38278951
5.229988306	62.88379666
5.243933385	62.88379666
5.205840937	62.86150837
5.209029652	62.86150837
5.225158769	62.86150837
5.000063284	58.40419159
4.981161246	58.44876815
4.964452828	58.40419159
4.98209375	58.40419159
4.973190577	58.40419159
4.83368039	55.84123443
4.769387787	55.8189504
4.836913175	55.8189504
4.8641311	55.8189504
4.784749824	55.86352271
4.820364113	56.84301927
4.860936956	56.88759158
4.83074492	56.8653033
4.846920982	56.84301927
4.775521553	56.84301927
4.730960021	53.50003166
4.685217212	53.5223157
4.688819486	53.56689226
4.686635128	53.56689226
4.721290088	53.54460398
4.449358976	49.24329242
4.38077047	49.2655807
4.407727485	49.31015304
4.394337757	49.28786476
4.434779348	49.31015304
4.146445755	44.89740855
4.200958568	44.85283624
4.141520732	44.91969683
4.206745199	44.89740855
4.1950327	44.87512452
4.101708262	46.45746944
4.179236985	46.50204176
4.155717778	46.50204176
4.212333833	46.50204176
4.163735392	46.52433004
3.878293199	40.48466408
3.871739807	40.48466408
3.852837131	40.52924065
3.889676448	40.50695237
3.889667187	40.596097
3.565147669	36.38393434
3.569930901	36.42850665
3.558217443	36.4062226
3.615921206	36.45079494
3.606191235	36.36164606
3.211768125	31.32488062
3.27405361	31.34716676
3.195474543	31.32488062
3.244817071	31.34716676
3.207398772	31.32488062
3.294597109	32.77350858
3.290024968	32.70664798
3.27986068	32.75122029
3.287618662	32.81808089
3.248393797	32.77350858
2.947208582	26.97899675
2.943716164	27.04585521
2.936913679	27.00128289
2.949890168	26.97899675
2.90981615	27.02356906
2.607516721	22.63311288
2.568210581	22.63311288
2.609111877	22.67768519
2.559604244	22.65539902
2.624864799	22.69997134
2.603377778	23.36856887
2.600392809	23.43542947
2.5984205	23.4131433
2.561627809	23.4131433
2.595811726	23.45771561
2.266073542	18.66610008
2.317649607	18.66610008
2.313540045	18.62152776
2.297871432	18.64381391
2.292664262	18.64381391
1.970049031	14.34250235
1.932207432	14.36478956
1.9667305	14.3202162
1.934307162	14.3202162
1.966094513	14.38707573
1.906809965	15.83570369
1.8669951	15.83570369
1.90244109	15.83570369
1.843013952	15.81341754
1.855103126	15.81341754
1.774845712	13.3618933
1.804543074	13.38417947
1.785804863	13.42875283
1.763889434	13.38417947
1.758212021	13.45103899
1.444197697	9.461741092
1.466075603	9.439453879
1.418916634	9.41716771
1.463773245	9.41716771
1.409471363	9.439453879
1.213204048	6.72049096
1.229875662	6.698204258
1.17447729	6.765064343
1.198078251	6.72049096
1.166789645	6.74277764
0.960082761	4.53640594
0.995655854	4.469545856
0.959668883	4.491832558
0.996625801	4.491832558
0.987806937	4.53640594
0.842580775	3.578082766
0.811254805	3.53350965
0.88416588	3.53350965
0.83377197	3.53350965
0.906683444	3.53350965
0.871614367	4.807745279
0.885569266	4.718598537
0.886161022	4.763171897
0.844444983	4.785458599
0.805976899	4.785458599
0.822927146	5.052897293
0.891799475	5.052897293
0.852103408	5.075183973
0.887643128	5.030611124
0.915273174	5.075183973
0.749771369	2.400793903
0.773174013	2.378507468
0.763339454	2.423080583
0.730619839	2.400793903
0.753466973	2.400793903
0.590472867	0.261281888
0.529651964	0.261281888
0.538673176	0.283568479
0.527928908	0.283568479
0.606212017	0.283568479
0.343113422	-6.558412533
0.284020444	-6.580699235
0.292706938	-6.558412533
0.260169811	-6.580699235
0.306269355	-6.536126386
0.333256749	-6.045821315
0.285137772	-6.090394697
0.343557479	-6.068108017
0.294002443	-6.068108017
0.299995455	-6.045821315
0.026844784	-8.853930998
0.069630447	-8.831644318
0.057705006	-8.831644318
0.130616584	-8.831644318
0.142046728	-8.831644318
-0.168741137	-10.94886979
-0.164282096	-10.99344317
-0.147862141	-10.97115596
-0.094610443	-10.97115596
-0.146185281	-10.97115596
-0.329116609	-13.24438774
-0.364944024	-13.22210157
-0.325727142	-13.17752819
-0.350783224	-13.24438774
-0.33699299	-13.17752819
-0.545011126	-15.27246751
-0.539804555	-15.27246751
-0.586884086	-15.2501803
-0.542879262	-15.2501803
-0.579709278	-15.22789413
-0.729767173	-17.70170452
-0.783817247	-17.72399174
-0.773455441	-17.70170452
-0.755141727	-17.70170452
-0.739521894	-17.70170452
-1.009073844	-20.15322981
-1.010916257	-20.15322981
-0.973463708	-20.15322981
-0.940481746	-20.17551598
-0.956558808	-20.19780215
-1.174791451	-22.15902237
-1.156707909	-22.13673409
-1.212982259	-22.13673409
-1.187060738	-22.15902237
-1.209121391	-22.13673409
-1.177615068	-21.55728334
-1.246044059	-21.53499718
-1.175266086	-21.55728334
-1.1833819	-21.53499718
-1.165016291	-21.55728334
-1.320619508	-24.27624786
-1.414141864	-24.29853401
-1.368828422	-24.27624786
-1.383826719	-24.25395958
-1.367660398	-24.27624786
-1.503488792	-26.50490627
-1.494876548	-26.52719241
-1.568791022	-26.52719241
-1.554442124	-26.48261798
-1.61969214	-26.52719241
-1.561245727	-25.12313677
-1.620441815	-25.10085062
-1.543836334	-25.10085062
-1.570214048	-25.10085062
-1.58276117	-25.12313677
-1.676392504	-27.1512155
-1.623802021	-27.1512155
-1.719561348	-27.1512155
-1.710492432	-27.1512155
-1.731103953	-27.17350378
-1.892392727	-29.0678634
-1.848808088	-29.02328897
-1.812599489	-29.0678634
-1.795670558	-29.04557514
-1.786056192	-29.0678634
-1.954286688	-31.16280061
-1.928798366	-31.14051444
-1.977412136	-31.18508889
-1.994557586	-31.18508889
-1.982505297	-31.16280061
-2.117588807	-33.28002608
-2.10444434	-33.30231436
-2.103935774	-33.30231436
-2.094868136	-33.30231436
-2.139203567	-33.30231436
-2.308533268	-36.04356505
-2.271906159	-36.04356505
-2.342925881	-36.06584908
-2.335076884	-36.04356505
-2.379476664	-36.02127677
-2.500528871	-38.02706933
-2.474937238	-38.04935761
-2.463115521	-38.00478105
-2.415349946	-38.02706933
-2.50908938	-38.02706933
-2.595646622	-40.05515017
-2.649584444	-40.05515017
-2.591455945	-40.05515017
-2.599520663	-40.05515017
-2.626775952	-40.03286188
-2.681505124	-38.42822868
-2.646679632	-38.45051271
-2.718728939	-38.38365636
-2.612835503	-38.4059404
-2.621750652	-38.4059404
-2.737479285	-40.54545417
-2.748018171	-40.5677382
-2.768744339	-40.61231477
-2.787326387	-40.5677382
-2.815596572	-40.54545417
-2.867497736	-42.52895845
-2.881277711	-42.52895845
-2.932726355	-42.50667439
-2.904775202	-42.46209783
-2.8841739	-42.50667439
-3.054761682	-44.75761683
-3.020281408	-44.77990511
-2.981521197	-44.75761683
-2.989294189	-44.73533279
-2.986667211	-44.71304451
-3.046121654	-44.02215872
-3.01739384	-44.02215872
-3.029370442	-43.99987468
-2.986481988	-44.02215872
-2.947453204	-44.044447
-3.126750632	-46.91941463
-3.13777557	-46.87484232
-3.153636433	-46.91941463
-3.166833273	-46.87484232
-3.185311852	-46.87484232
-3.31468745	-49.14807303
-3.292729548	-49.12578898
-3.372358639	-49.12578898
-3.312645523	-49.08121666
-3.325762206	-49.14807303
-3.399743584	-51.3321591
-3.395642485	-51.28758679
-3.43842715	-51.30987507
-3.412940106	-51.28758679
-3.491350556	-51.30987507
-3.543044142	-53.38252397
-3.540719909	-53.44938459
-3.57361397	-53.38252397
-3.585905771	-53.44938459
-3.604690607	-53.38252397
-3.652839083	-51.86703967
-3.605759154	-51.8893237
-3.586989008	-51.86703967
-3.619270874	-51.93389602
-3.550362379	-51.86703967
-3.764284428	-55.49974946
-3.802294803	-55.47746543
-3.79541248	-55.47746543
-3.797635479	-55.45517715
-3.76752392	-55.47746543
-3.775683006	-54.54477255
-3.789793508	-54.54477255
-3.774665874	-54.54477255
-3.794543208	-54.52248427
-3.854565137	-54.50019599
-3.92533321	-56.23855039
-3.8408254	-56.23855039
-3.888564789	-56.30541101
-3.884971138	-56.26083867
-3.853096124	-56.23855039
-3.942923355	-58.08833772
-3.952842382	-58.08833772
-3.936762445	-58.06604944
-3.952842382	-58.08833772
-3.940242727	-58.08833772
-4.05038097	-60.2501355
-4.076303928	-60.22785147
-4.033145942	-60.29470784
-4.047015974	-60.2501355
-4.061086877	-60.27242379
-4.209700788	-62.65708744
-4.249642915	-62.67937572
-4.197104327	-62.65708744
-4.180757732	-62.67937572
-4.210428269	-62.63479915
-4.368639622	-65.08632338
-4.360575063	-65.08632338
-4.33566732	-65.10861166
-4.35301923	-65.08632338
-4.344332577	-65.06403935
-4.454314977	-66.91382668
-4.523125112	-66.86925011
-4.438619218	-66.86925011
-4.48354928	-66.91382668
-4.41946681	-66.86925011
-4.487613654	-65.04175106
-4.496134245	-65.06403935
-4.424848824	-65.08632338
-4.507652899	-65.01946703
-4.484590682	-65.04175106
-4.705817875	-69.09790849
-4.649580888	-69.07562446
-4.681622922	-69.09790849
-4.66369171	-69.07562446
-4.734366533	-69.09790849
-4.782855118	-71.41571577
-4.801841144	-71.41571577
-4.76823589	-71.41571577
-4.812180436	-71.37113921
-4.814441119	-71.41571577
-4.910502072	-73.71123053
-4.917147756	-73.66666246
-4.898794043	-73.68895074
-4.936806973	-73.66666246
-4.922695513	-73.66666246
-5.029629073	-75.98446549
-5.056951745	-75.93988893
-5.061483329	-75.93988893
-5.046029638	-75.93988893
-5.103264914	-75.96217721
-5.133672512	-78.16854733
-5.1481244	-78.16854733
-5.184865676	-78.19083561
-5.181819072	-78.12397926
-5.23598507	-78.16854733
-5.245182046	-76.56391837
-5.197520259	-76.54163009
-5.247698847	-76.56391837
-5.222096197	-76.51934181
-5.227415619	-76.54163009
-5.44384425	-80.48635886
-5.397402383	-80.4417823
-5.475812514	-80.46407058
-5.426204605	-80.48635886
-5.421429677	-80.4417823
-5.511505043	-82.55900776
-5.530376742	-82.53671948
-5.555688464	-82.55900776
-5.542519087	-82.5144312
-5.532891947	-82.53671948
-5.630002605	-84.5870886
-5.637228868	-84.5870886
-5.678047612	-84.5870886
-5.638956554	-84.56480032
-5.632062416	-84.56480032
-5.772890881	-86.90489164
-5.734752766	-86.90489164
-5.791879463	-86.90489164
-5.750718375	-86.90489164
-5.833154239	-86.92717992
-5.92187492	-88.82153956
-5.884409357	-88.82153956
-5.873994698	-88.82153956
-5.916503445	-88.82153956
-5.849854354	-88.79925128
-5.879744923	-87.95236449
-5.865688391	-87.93007621
-5.955513387	-87.95236449
-5.914000375	-87.88549964
-5.900168666	-87.90778793
-6.066656945	-91.49592963
-6.062236496	-91.51821791
-6.097681847	-91.51821791
-6.054388776	-91.49592963
-6.034741694	-91.49592963
-6.197116739	-93.65772319
-6.203796913	-93.68001147
-6.21857837	-93.68001147
-6.148854573	-93.68001147
-6.164311138	-93.68001147
-6.260668129	-91.31763188
-6.198332825	-91.31763188
-6.234796267	-91.31763188
-6.227352845	-91.33992016
-6.284974535	-91.33992016
-6.417188201	-93.85830923
-6.301149	-93.83602095
-6.312604102	-93.90287732
-6.387951662	-93.85830923
-6.349154407	-93.85830923
-6.510865841	-96.17611228
-6.45518708	-96.13153572
-6.375049901	-96.13153572
-6.466947482	-96.13153572
-6.453384666	-96.10924744
-6.748574394	-101.1237288
-6.784553061	-101.1905937
-6.720595457	-101.1683054
-6.752614178	-101.1237288
-6.745791574	-101.1683054
-6.721957806	-100.5442844
-6.805777735	-100.5442844
-6.770383479	-100.5219962
-6.718300604	-100.5219962
-6.796306438	-100.4997079
-6.701413988	-100.4105632
-6.819104871	-100.3659867
-6.763567901	-100.4105632
-6.731702468	-100.3882749
-6.749966762	-100.4105632
-6.767534234	-100.2099857
-6.768879977	-100.2099857
-6.736457597	-100.2099857
-6.774126267	-100.1876974
-6.761490206	-100.2099857
-6.764642834	-99.60824452
-6.734682647	-99.6305328
-6.783578404	-99.6305328
-6.72717791	-99.60824452
-6.836665316	-99.6305328
-6.756270103	-98.33623442
-6.857744366	-98.33623442
-6.795919385	-98.33623442
-6.738680915	-98.31395461
-6.855560009	-98.33623442
-6.81970972	-98.29166633
-6.80676836	-98.29166633
-6.752957799	-98.31395461
-6.844308652	-98.33623442
-6.81197569	-98.29166633
-6.717977422	-93.72291662
-6.795981978	-93.70062833
-6.768766288	-93.70062833
-6.726422965	-93.70062833
-6.817699728	-93.67834005
-6.569121762	-88.53013748
-6.583245357	-88.53013748
-6.564664267	-88.57471404
-6.558033912	-88.53013748
-6.576476404	-88.55242576
-6.620894228	-88.7530033
-6.561876976	-88.77529158
-6.486922856	-88.70843523
-6.625187576	-88.70843523
-6.552811254	-88.77529158
-6.351432654	-84.69685012
-6.41031003	-84.74141818
-6.426820451	-84.7191384
-6.351776914	-84.69685012
-6.425930102	-84.74141818
-6.170205071	-80.48468744
-6.238783038	-80.46239916
-6.188897934	-80.46239916
-6.193266649	-80.46239916
-6.25407418	-80.46239916
-6.13874202	-82.13389296
-6.195854665	-82.13389296
-6.134218739	-82.20074931
-6.170949158	-82.15618124
-6.228276407	-82.13389296
-6.07062264	-79.5709358
-6.04721808	-79.59322408
-6.091098117	-79.50407096
-6.061669968	-79.59322408
-6.03437955	-79.54864752
-5.905939968	-75.47020606
-5.865782919	-75.47020606
-5.916570508	-75.44791777
-5.882710412	-75.49248584
-5.861653717	-75.51477412
-5.734407867	-70.58944162
-5.617985445	-70.58944162
-5.679097636	-70.61172565
-5.712853624	-70.61172565
-5.614910738	-70.61172565
-5.508041367	-66.88986698
-5.484519925	-66.88986698
-5.433910533	-66.91215526
-5.521095777	-66.91215526
-5.475237683	-66.91215526
-5.485039189	-67.4247433
-5.440831497	-67.35788695
-5.447006459	-67.38017098
-5.495670367	-67.40245926
-5.471529385	-67.38017098
-5.208995801	-62.63312774
-5.319433914	-62.6777043
-5.231881736	-62.6108437
-5.230279873	-62.65541602
-5.285043696	-62.65541602
-5.173654557	-64.43834273
-5.238603425	-64.39377041
-5.226335256	-64.39377041
-5.172016289	-64.41605445
-5.191345298	-64.41605445
-4.924729456	-58.46553739
-4.936835076	-58.46553739
-4.978834459	-58.46553739
-4.907597898	-58.46553739
-4.965510517	-58.48782568
-4.854732615	-55.54599742
-4.76965668	-55.50142086
-4.76377616	-55.50142086
-4.868056557	-55.52370914
-4.783839356	-55.54599742
-4.803440452	-55.88029618
-4.729881255	-55.94715255
-4.802805583	-55.85800792
-4.767105709	-55.90258024
-4.762571889	-55.90258024
-4.807663223	-56.41294539
-4.753281983	-56.3906571
-4.701896889	-56.4575177
-4.801999223	-56.3906571
-4.772839008	-56.43522942
-4.678957622	-53.29282363
-4.61977335	-53.31510766
-4.661152235	-53.29282363
-4.584327998	-53.31510766
-4.620051185	-53.33739594
-4.402032508	-49.59324899
-4.481991489	-49.59324899
-4.369671762	-49.6378213
-4.459001445	-49.66010958
-4.417676851	-49.66010958
-4.108730141	-44.33361348
-4.132872081	-44.35590176
-4.099026995	-44.31132944
-4.165005449	-44.33361348
-4.111079283	-44.33361348
-4.047424742	-45.87139031
-4.132576043	-45.96053494
-4.118061243	-45.91596263
-4.099237127	-45.91596263
-4.053886161	-45.91596263
-4.010104164	-46.11654019
-4.153310195	-46.16111675
-4.101785544	-46.13882847
-4.073006954	-46.16111675
-4.037992406	-46.11654019
-3.828849756	-39.63114679
-3.772524629	-39.65343083
-3.736278027	-39.63114679
-3.734436971	-39.63114679
-3.816582226	-39.63114679
-3.523186928	-35.86471156
-3.607754456	-35.90928812
-3.55599157	-35.84242752
-3.574925862	-35.86471156
-3.494573441	-35.88699984
-3.200395734	-31.02852582
-3.295023442	-31.00623753
-3.235219311	-31.00623753
-3.272251835	-31.05081196
-3.218811082	-30.98395137
-2.936307233	-26.54892073
-2.993494287	-26.59349518
-2.932457143	-26.61578133
-2.946962043	-26.59349518
-2.904580398	-26.61578133
-2.929962057	-28.3095613
-2.877713759	-28.3095613
-2.989868381	-28.26498898
-2.916741585	-28.28727513
-2.892165966	-28.3095613
-2.591419858	-22.15846454
-2.5199069	-22.13617837
-2.554970788	-22.15846454
-2.532608907	-22.09160395
-2.602445115	-22.11389223
-2.508637978	-22.76020146
-2.558856006	-22.69334298
-2.5233586	-22.71562914
-2.491392253	-22.73791529
-2.556619914	-22.71562914
-2.164407827	-17.52285528
-2.235031554	-17.56742761
-2.15057532	-17.54514144
-2.200259233	-17.56742761
-2.135006503	-17.52285528
-1.851823715	-13.33297665
-1.937230656	-13.37755004
-1.848532968	-13.37755004
-1.886164114	-13.37755004
-1.825902673	-13.35526387
-1.626633223	-10.79230671
-1.626977004	-10.79230671
-1.655031148	-10.79230671
-1.702528629	-10.81459288
-1.637201809	-10.72544718
-1.647403142	-12.0626422
-1.578478999	-12.08492837
-1.6566873	-12.04035499
-1.589440226	-12.0626422
-1.631490225	-12.04035499
-1.396078282	-8.496788244
-1.298973691	-8.496788244
-1.412754286	-8.474502075
-1.344616863	-8.519074924
-1.404599192	-8.519074924
-1.216427013	-6.557855749
-1.14675559	-6.535569069
-1.298913494	-6.557855749
-1.18405557	-6.535569069
-1.24040361	-6.580142451
-1.279561172	-6.959014056
-1.222448686	-6.959014056
-1.208108651	-6.981300736
-1.177757339	-6.959014056
-1.189225535	-6.936727376
-0.984861966	0.506991485
-0.991240194	0.417845143
-0.918762797	0.551564668
-0.92887088	0.484704917
-0.909177013	0.462418325
-0.721764169	3.315100991
-0.637083352	3.225954759
-0.672750972	3.337387693
-0.58634638	3.225954759
-0.705174389	3.337387693
-0.651026754	2.33114832
-0.603877525	2.442581253
-0.648014281	2.420294818
-0.71332134	2.398008138
-0.633692528	2.398008138
-0.504143842	3.980355708
-0.507721366	4.002642122
-0.475961558	3.91349589
-0.584907426	3.958069006
-0.55836405	3.958069006
-0.459440997	4.047215237
-0.494142462	4.09178862
-0.539918244	4.136361735
-0.554112776	4.09178862
-0.498437208	4.225507966
-0.533760807	2.88831292
-0.477439752	2.866026507
-0.522838501	2.88831292
-0.529179844	2.866026507
-0.44976292	2.88831292
-0.462269445	3.267184792
-0.469660653	3.267184792
-0.53542638	3.311758174
-0.519263492	3.289471494
-0.456672548	3.244898379
-0.475706198	3.267184792
-0.487833573	3.200325263
-0.469698057	3.200325263
-0.515558107	3.200325263
-0.570202293	3.222611676
-0.33818788	3.245455429
-0.367827799	3.111736083
-0.337515527	3.245455429
-0.359274993	3.290028545
-0.424074605	3.267742109
-0.341917814	3.267742109
-0.313910535	3.290028545
-0.302140532	3.200882314
-0.375485025	3.334601927
-0.333263934	3.223168994
-0.335064871	3.022589585
-0.347616584	3.000303149
-0.362234175	3.000303149
-0.392379306	2.955729767
-0.348124391	3.000303149
-0.322528028	2.376278753
-0.270162069	2.398565188
-0.271625932	2.376278753
-0.341430804	2.420851869
-0.352979118	2.398565188
-0.325080338	1.796827606
-0.272916228	1.752254357
-0.329024935	1.752254357
-0.369936909	1.796827606
-0.328610997	1.796827606
-0.353252721	1.774540903
-0.285595821	1.796827606
-0.292610135	1.774540903
-0.247753484	1.774540903
-0.290849855	1.819114152
-0.391089489	3.0671627
-0.327175277	3.111736083
-0.306761574	3.0671627
-0.321341861	3.134022496
-0.333728589	3.111736083
-0.265989236	5.362681165
-0.228608241	5.318107783
-0.276864119	5.340394485
-0.312899231	5.384967334
-0.265941792	5.340394485
-0.124770255	7.234754109
-0.176462853	7.212467429
-0.105406117	7.212467429
-0.106503525	7.257040812
-0.123932319	7.234754109
-0.143054199	6.454723664
-0.108954979	6.454723664
-0.082835595	6.499296513
-0.086992596	6.477010366
-0.097029533	6.454723664
0.096147138	9.218260521
0.053851732	9.195973285
0.025632489	9.195973285
0.057382462	9.195973285
0.023448167	9.195973285
0.218210068	11.58063798
0.311275973	11.58063798
0.293093512	11.60292415
0.295442794	11.60292415
0.269536102	11.5360646
0.405336833	13.58643054
0.445750561	13.45271146
0.43810028	13.49728377
0.487193994	13.47499763
0.448254668	13.54185716
0.675511437	15.97109523
0.627725623	15.92652185
0.668840045	15.94880802
0.657964763	15.92652185
0.7098698	15.92652185
0.898724112	18.15517921
0.873739165	18.13289304
0.875509884	18.08832073
0.814607906	18.13289304
0.915065038	18.13289304
1.177587764	20.40612587
1.148022134	20.40612587
1.117157705	20.38383759
1.132778656	20.38383759
1.106743206	20.38383759
1.368141818	22.54563751
1.340464987	22.52335136
1.361588427	22.54563751
1.345967237	22.54563751
1.274826721	22.50106308
1.301930797	21.78789323
1.355596293	21.83246555
1.342418933	21.78789323
1.285849024	21.76560709
1.291940954	21.74332092
1.527760709	24.77429591
1.512388452	24.81886823
1.513946404	24.79658208
1.491052804	24.81886823
1.434694625	24.77429591
1.76727423	27.13667339
1.745735156	27.0698128
1.668078692	27.09210108
1.716170165	27.0698128
1.692898614	27.11438722
1.840403262	29.27618503
1.829565304	29.32075946
1.898696067	29.27618503
1.88156419	29.27618503
1.865481857	29.25389886
1.910474672	27.56011891
1.90933986	27.53783274
1.818246883	27.56011891
1.885489806	27.53783274
1.834541424	27.56011891
2.043064373	30.05621548
2.059570484	30.03392931
2.048318967	30.03392931
1.968985114	30.05621548
2.003344196	30.01164314
2.13885787	31.79456987
2.136047586	31.7722837
2.164774601	31.7722837
2.167797094	31.7722837
2.131052625	31.74999542
2.310508131	33.82264858
2.308323774	33.82264858
2.312692648	33.82264858
2.28224146	33.84493475
2.221561669	33.77807626
2.440529935	36.16273989
2.418567722	36.14045161
2.386440581	36.16273989
2.406144827	36.05130698
2.365316663	36.14045161
2.601698793	38.39139829
2.542568012	38.39139829
2.620686736	38.39139829
2.575368663	38.36911001
2.650629359	38.36911001
2.665862378	40.82063426
2.692994398	40.77606192
2.704542432	40.7983502
2.759729074	40.75377789
2.743223443	40.77606192
2.870275447	42.75957045
2.853732132	42.71499388
2.833944536	42.78185448
2.798286497	42.80414276
2.839104602	42.80414276
3.007335257	45.03280116
3.059287518	45.01051288
3.040384522	45.0550852
3.017546809	44.96594057
3.00968408	45.03280116
3.07002472	43.22758617
3.008497374	43.24987445
3.095636951	43.27215848
3.08585748	43.20530214
3.109332297	43.22758617
3.002294309	43.07158092
3.070540472	43.04929264
3.060243334	43.07158092
3.087710032	43.11615326
3.085323207	43.04929264
3.242403101	47.32832016
3.276349102	47.23917128
3.217217203	47.23917128
3.287895858	47.26145957
3.305277787	47.30603188
3.372010867	49.46782969
3.388691183	49.35639675
3.393346994	49.46782969
3.430680346	49.44554565
3.428874099	49.42325737
3.547067959	51.807921
3.494866924	51.78563697
3.555805069	51.807921
3.536193116	51.78563697
3.585748331	51.78563697
3.675777392	53.96971881
3.654854824	54.01429535
3.638358773	53.94743475
3.698825876	54.0365794
3.697231359	53.99200707
3.800622684	56.55496422
3.82690587	56.59953656
3.82913781	56.57725251
3.907421159	56.57725251
3.887182001	56.53267594
3.816514843	55.99779962
3.89609699	56.0200879
3.895636487	55.99779962
3.912556315	56.0200879
3.922852495	55.99779962
3.863118301	54.45695997
3.800503247	54.43467591
3.835488415	54.41238763
3.84703581	54.43467591
3.901798355	54.43467591
3.989800178	57.15363832
3.997568699	57.13135004
4.013401458	57.109066
3.949487286	57.06448944
3.955533549	57.06448944
4.17094441	60.47433764
4.152043331	60.51890995
4.121342889	60.49662592
4.141215433	60.47433764
4.084517304	60.51890995
4.143898935	59.11485856
4.222855475	59.11485856
4.196477442	59.11485856
4.218946944	59.13714259
4.212818607	59.09257028
4.290439943	63.0372948
4.34889865	63.0372948
4.345415175	63.01501074
4.404168324	63.0372948
4.379560451	62.99272246
4.496744843	65.04308735
4.496698218	65.06537564
4.497418673	65.04308735
4.423208001	65.0208033
4.469741522	65.0208033
4.587548648	67.51689986
4.635381287	67.53918389
4.584313628	67.53918389
4.673434775	67.49461158
4.68498217	67.51689986
4.684883491	66.80373003
4.641760633	66.6922971
4.663759732	66.78144175
4.63969699	66.80373003
4.687741997	66.80373003
4.653935871	66.73686942
4.591522007	66.78144175
4.670891787	66.82601407
4.684376362	66.80373003
4.722891311	66.78144175
4.754475715	69.63412535
4.817082147	69.74555826
4.810150645	69.7678423
4.808216019	69.81241886
4.800372132	69.70098595
4.923609494	72.08564533
4.900596138	72.08564533
4.960862689	72.10793361
4.968207432	72.13022189
4.969267675	72.01878898
4.985279271	70.54787274
4.953694228	70.54787274
5.02005239	70.54787274
5.019627335	70.5924493
5.008254624	70.48101637
5.128493605	74.11372617
5.085195743	74.09143789
5.14373844	74.13601445
5.109803935	74.13601445
5.170824153	74.11372617
5.276522466	76.36467285
5.214074751	76.34238457
5.288825125	76.34238457
5.286929141	76.45381748
5.2987796	76.32009629
5.463511132	78.37046541
5.454609556	78.37046541
5.428362776	78.39275369
5.428325731	78.32588885
5.371118558	78.37046541
5.518728752	80.91113429
5.592180008	80.888846
5.573075183	80.86656622
5.550392355	80.86656622
5.567572773	80.84427794
5.690302368	82.80549393
5.661364741	82.82778221
5.65313444	82.82778221
5.592406108	82.78320565
5.650074423	82.76092584
5.837531896	85.12329697
5.907289544	85.10101716
5.912282908	85.12329697
5.882092788	85.10101716
5.890368438	85.07872888
5.940374895	83.22893732
5.859908786	83.22893732
5.902321089	83.27351388
5.834241308	83.29580216
5.909841793	83.20665753
6.019117151	85.43531591
6.008530043	85.52446057
5.945407221	85.50217228
5.965607418	85.479884
5.949516623	85.54674885
6.016372653	85.12329697
6.000666994	85.07872888
5.964797545	85.12329697
5.927509541	85.12329697
5.974630986	85.07872888
6.150128143	87.46338828
6.123585645	87.46338828
6.116491592	87.48567656
6.054502465	87.48567656
6.142275314	87.44110847
6.285856581	89.73662324
6.269303367	89.78119981
6.212615458	89.73662324
6.224658165	89.75891153
6.202992788	89.75891153
6.233127341	88.9565928
6.168281942	88.9565928
6.248876431	88.88973645
6.271936092	88.86744817
6.279375043	88.84515989
6.328889701	91.89842528
6.434140604	91.85384871
6.416958908	91.87613699
6.417384282	91.83156043
6.436324961	91.85384871
6.538978906	94.19394003
6.459300953	94.21622831
6.539814965	94.19394003
6.512177733	94.23851659
6.543003361	94.19394003
6.792555985	98.85183439
6.741488006	98.85183439
6.807549492	98.82954611
6.787348656	98.85183439
6.848202173	98.82954611
6.818224741	97.75979347
6.816875804	97.75979347
6.792813382	97.78208176
6.711376447	97.75979347
6.76538756	97.80437004
6.823197028	95.17845082
6.796195304	95.15616253
6.86931699	95.13387425
6.857604491	95.11159445
6.864523539	95.17845082
6.798400738	94.55442984
6.861863988	94.48756502
6.78983959	94.46527674
6.836460932	94.33156402
6.822562159	94.30927574
6.876029099	93.35094754
6.859189108	93.28409117
6.862674499	93.30637945
6.812067663	93.32866773
6.828360926	93.32866773
6.774424541	88.51476389
6.763173183	88.51476389
6.778118787	88.51476389
6.734233001	88.53705217
6.740326848	88.51476389
6.731579199	88.60390854
6.797346882	88.6484851
6.768158245	88.62619682
6.809694888	88.60390854
6.809578006	88.58162026
6.581720139	83.14369547
6.550066755	83.09911891
6.57480173	83.0768391
6.53003773	83.03226254
6.561076684	82.96540619
6.042019692	74.13991723
6.026868426	74.07305239
6.075680513	74.02848432
6.074381395	74.00619604
6.086989992	73.91705141
5.921795083	70.75235309
5.911973777	70.70778077
5.929484404	70.77464137
5.923604523	70.77464137
5.928348155	70.75235309
5.78184547	68.65741588
5.760463675	68.67969993
5.787890775	68.65741588
5.75983711	68.65741588
5.797420833	68.67969993
5.592957946	66.67390737
5.64036489	66.74076797
5.595517859	66.65162332
5.655359674	66.71848394
5.615544968	66.71848394
5.45619098	63.24177514
5.504069924	63.24177514
5.474043951	63.21948686
5.510068604	63.2640634
5.5120869	63.2640634
5.24761869	58.33872665
5.244595399	58.33872665
5.250014138	58.31643837
5.233931647	58.29415433
5.220910449	58.33872665
5.029775336	56.22150118
5.076307899	56.22150118
5.016715497	56.1992129
5.045348783	56.24378946
5.042161026	56.24378946
5.069881289	56.9321639
5.04145111	56.95445218
5.066943584	56.97673621
5.010797612	56.90987986
5.069668921	56.95445218
5.05226336	58.29164723
5.035626476	58.29164723
5.053101655	58.29164723
5.056336357	58.26935894
5.063764449	58.33621954
4.805807478	53.25487754
4.785817413	53.25487754
4.814498602	53.27716582
4.745329197	53.25487754
4.780563458	53.27716582
4.588065038	49.15414779
4.571981908	49.13185951
4.563492932	49.17643183
4.566304814	49.19872011
4.591298781	49.13185951
4.320616969	44.62997039
4.283151406	44.62997039
4.309270765	44.67454271
4.257365449	44.67454271
4.287096023	44.67454271
4.223984379	45.07570208
4.274238972	45.23170731
4.240516197	45.20942327
4.266174094	45.23170731
4.232334117	45.18713499
4.041350696	40.21722592
4.084860606	40.21722592
4.040253727	40.26179824
4.067009551	40.23951421
4.039839529	40.21722592
3.752819106	35.82676974
3.786128322	35.80448146
3.731530881	35.80448146
3.776245063	35.87134205
3.727787455	35.82676974
3.73460463	37.56512414
3.74703982	37.56512414
3.715739957	37.67655705
3.743249768	37.60969645
3.721123248	37.58740817
3.659607079	36.00506325
3.674979654	35.96049093
3.691734379	35.98277496
3.665643123	36.0942079
3.652805232	35.96049093
3.611506505	34.35585561
3.545821214	34.35585561
3.581477976	34.33356944
3.517479815	34.2444227
3.561663235	34.2444227
3.450300922	31.63689109
3.404395563	31.65917937
3.425306954	31.70375169
3.372810201	31.65917937
3.444208991	31.65917937
3.150843074	27.00128289
3.168060218	27.04585521
3.150372032	27.06814138
3.133451883	27.04585521
3.130758801	27.04585521
2.788579519	22.8559787
2.748976542	22.83369042
2.787068352	22.8559787
2.739198988	22.76683196
2.771824475	22.83369042
2.816415386	23.56914855
2.797391996	23.50228795
2.786517153	23.48000178
2.80386076	23.45771561
2.763622595	23.50228795
2.744853408	22.05365999
2.717012111	22.03137383
2.783572103	22.09823442
2.717435889	21.98680151
2.792568845	22.05365999
2.451967953	18.33180132
2.488464287	18.30951515
2.441376693	18.33180132
2.482029215	18.33180132
2.434445829	18.35408747
2.157991118	14.3202162
2.162655391	14.34250235
2.150259322	14.40936295
2.158701193	14.38707573
2.180969824	14.34250235
2.172139303	15.92485045
2.121910737	15.92485045
2.119053189	15.92485045
2.120517411	15.94713662
2.136350809	15.92485045
1.9999099	13.85219835
1.962859014	13.89677068
1.991347474	13.7630516
1.94799197	13.85219835
1.962986754	13.82991113
1.554431107	9.23887527
1.612973325	9.28344863
1.556864877	9.28344863
1.589452361	9.28344863
1.597564503	9.261161416
1.421049097	7.077076396
1.346249862	7.099363099
1.393667664	7.077076396
1.347300046	7.077076396
1.411934514	7.099363099
1.169218545	4.424973007
1.149477095	4.469545856
1.162453264	4.447259442
1.100417032	4.469545856
1.156064737	4.447259442
0.938570113	2.352320654
0.923242327	2.285460858
0.940293488	2.330033974
0.976624479	2.307747538
0.945452995	2.352320654
0.856489208	3.420405053
0.801382643	3.420405053
0.880682325	3.420405053
0.815836128	3.420405053
0.792611282	3.442691755
0.798347775	2.172356527
0.766681537	2.216929643
0.77503894	2.150069825
0.780542307	2.172356527
0.696755911	2.150069825
0.667578332	0.211137085
0.580769242	0.188850494
0.566613113	0.211137085
0.610204138	0.166563903
0.618353125	0.211137085
0.307179823	-6.385691624
0.260646342	-6.385691624
0.345431388	-6.363404921
0.321746079	-6.363404921
0.317211461	-6.363404921
0.29652621	-5.962246637
0.341090616	-5.984533317
0.358411629	-5.917673254
0.344734924	-5.962246637
0.354094369	-5.939959934
0.195993153	-6.920569522
0.212235879	-6.898283376
0.27125331	-6.920569522
0.255341192	-6.942856224
0.269742403	-6.920569522
0.078000324	-8.859502551
0.056551117	-8.881789231
0.106243035	-8.792643
0.10197758	-8.837215849
0.094990979	-8.792643
-0.14421399	-11.06587478
-0.103509474	-11.08816095
-0.112223662	-11.0213014
-0.175290956	-11.06587478
-0.184485696	-11.08816095
-0.296698999	-13.04938013
-0.364642477	-13.09395351
-0.374765808	-13.07166734
-0.310478654	-13.04938013
-0.31021032	-13.09395351
-0.598054368	-15.47861821
-0.554708444	-15.47861821
-0.542402392	-15.50090435
-0.537906097	-15.47861821
-0.533258708	-15.45633097
-0.761747732	-17.64041706
-0.735204994	-17.64041706
-0.767360317	-17.68498937
-0.805320634	-17.68498937
-0.762369826	-17.66270323
-0.957032884	-20.02508069
-0.982738764	-20.02508069
-1.017676189	-20.02508069
-1.042542975	-20.02508069
-1.008391552	-20.04736686
-1.188919996	-21.96401476
-1.208415227	-21.96401476
-1.159189182	-21.96401476
-1.147338963	-22.0085871
-1.184272409	-21.94172648
-1.120942328	-21.31770342
-1.13277658	-21.36227573
-1.175995482	-21.33998956
-1.21216568	-21.31770342
-1.117867861	-21.33998956
-1.393045889	-24.3041061
-1.38565532	-24.3041061
-1.333698828	-24.32639224
-1.388676855	-24.3041061
-1.441091056	-24.3041061
-1.514214339	-26.71105589
-1.571212497	-26.68876973
-1.62883275	-26.68876973
-1.590124275	-26.64419741
-1.556594866	-26.68876973
-1.597060568	-25.150995
-1.566604748	-25.17328117
-1.591801823	-25.17328117
-1.667735231	-25.17328117
-1.57651148	-25.17328117
-1.762699534	-27.20136201
-1.691884517	-27.24593433
-1.676810534	-27.22364816
-1.727165563	-27.24593433
-1.689244286	-27.22364816
-1.87756672	-29.27401305
-1.856357534	-29.2962992
-1.801035008	-29.31858748
-1.865589319	-29.2962992
-1.890114161	-29.2962992
-1.963083198	-31.32438004
-1.981396672	-31.32438004
-2.068365556	-31.34666621
-2.046573876	-31.32438004
-2.000525129	-31.25751944
-2.114665951	-33.35245876
-2.144904134	-33.35245876
-2.207058046	-33.35245876
-2.182700225	-33.35245876
-2.121765273	-33.3301726
-2.335480862	-35.67026391
-2.241854797	-35.69254796
-2.324393172	-35.67026391
-2.32836733	-35.69254796
-2.35350277	-35.64797563
-2.536700266	-37.96578291
-2.477061079	-37.96578291
-2.460094625	-37.96578291
-2.492630055	-37.98806694
-2.461872769	-37.92120635
-2.504829245	-36.31657316
-2.454219214	-36.33886144
-2.480469347	-36.31657316
-2.575389421	-36.31657316
-2.535525375	-36.33886144
-2.620921139	-38.14407219
-2.586528845	-38.12178816
-2.590009447	-38.14407219
-2.650702011	-38.12178816
-2.664356321	-38.09949987
-2.701158274	-40.52874007
-2.800446264	-40.52874007
-2.757266882	-40.52874007
-2.749379882	-40.52874007
-2.719738726	-40.4841635
-2.814910607	-42.42309971
-2.819610169	-42.42309971
-2.878792525	-42.40081143
-2.907849909	-42.40081143
-2.870802695	-42.44538375
-2.998456036	-44.5848975
-2.91567687	-44.56260922
-2.984295395	-44.60718155
-3.021798003	-44.5848975
-3.048468561	-44.60718155
-2.992781816	-44.0277329
-3.04330115	-44.05001695
-2.973413207	-44.05001695
-3.007855798	-44.05001695
-3.000387787	-44.00544461
-3.174558043	-46.76898358
-3.1239247	-46.72440702
-3.137868182	-46.72440702
-3.15084978	-46.70212299
-3.12778437	-46.72440702
-3.242007106	-49.08678662
-3.271460484	-49.06449833
-3.251747296	-49.08678662
-3.318996127	-49.06449833
-3.3043274	-49.08678662
-3.423037969	-51.24858442
-3.469064042	-51.24858442
-3.486321105	-51.2708727
-3.410769799	-51.24858442
-3.418885135	-51.22630037
-3.438772688	-49.79995647
-3.471630023	-49.75538413
-3.407622281	-49.75538413
-3.402974453	-49.73309585
-3.41266259	-49.75538413
-3.52683423	-51.69431609
-3.55807629	-51.69431609
-3.60182731	-51.7388884
-3.561481205	-51.67203206
-3.517879961	-51.71660437
-3.673229933	-53.94526277
-3.706821136	-53.94526277
-3.693030942	-53.87840218
-3.643828928	-53.94526277
-3.65480277	-53.92297449
-3.750647522	-55.86190645
-3.778994351	-55.88419473
-3.790867164	-55.90648302
-3.780452506	-55.90648302
-3.728180895	-55.83962242
-3.827234481	-55.63904061
-3.789387294	-55.66132889
-3.777463065	-55.66132889
-3.753650056	-55.63904061
-3.801530597	-55.63904061
-3.797583106	-54.96849593
-3.785875716	-54.94620765
-3.804406349	-54.92392362
-3.801660892	-54.94620765
-3.801278949	-54.96849593
-3.969251889	-58.11090175
-3.933350504	-58.08861769
-3.885636983	-58.08861769
-3.910048456	-58.06632941
-3.923191007	-58.04404538
-4.047517354	-60.2504155
-4.007409485	-60.22812722
-4.047275606	-60.20584318
-4.040290133	-60.2504155
-4.070414147	-60.22812722
-4.198094952	-62.27849634
-4.245921523	-62.30078037
-4.228739188	-62.32306865
-4.234910637	-62.34535268
-4.155536387	-62.30078037
-4.234026036	-60.7407195
-4.247752998	-60.76300778
-4.216385114	-60.7407195
-4.143475476	-60.7407195
-4.17741062	-60.7407195
-4.42081415	-64.64087168
-4.426402145	-64.61858765
-4.471879255	-64.64087168
-4.453236849	-64.64087168
-4.380605366	-64.66315996
-4.49264598	-66.95867896
-4.501143258	-66.9141024
-4.528524371	-66.9141024
-4.552882192	-66.9141024
-4.488150163	-66.93639068
-4.537848767	-66.33465377
-4.498363951	-66.33465377
-4.506530382	-66.29008145
-4.474056906	-66.31236549
-4.51745185	-66.29008145
-4.675809465	-69.1427608
-4.626290656	-69.12047677
-4.645899096	-69.1427608
-4.660735163	-69.12047677
-4.674970212	-69.1427608
-4.781655957	-71.72800624
-4.778177271	-71.70571796
-4.758757247	-71.75029452
-4.799359791	-71.77258281
-4.818651436	-71.70571796
-4.864910954	-73.35492348
-4.931318296	-73.33264367
-4.955895192	-73.31035539
-4.927838972	-73.31035539
-4.925221895	-73.35492348
-4.942027077	-71.88401572
-4.93441887	-71.90629552
-4.946319786	-71.83943915
-4.92846458	-71.86172744
-4.882770631	-71.86172744
-5.119876889	-75.65044673
-5.069469646	-75.65044673
-5.068898967	-75.60587017
-5.03596882	-75.60587017
-5.065609337	-75.65044673
-5.213238692	-78.25797195
-5.198862809	-78.30254852
-5.161562669	-78.30254852
-5.226128956	-78.28026023
-5.233520962	-78.28026023
-5.3561506	-80.64263983
-5.351057917	-80.66492811
-5.332196757	-80.68721639
-5.316157697	-80.64263983
-5.34916353	-80.68721639
-5.497720597	-82.87129823
-5.473311361	-82.89358651
-5.442324142	-82.84900995
-5.511665996	-82.87129823
-5.53165606	-82.87129823
-5.611126435	-84.92166735
-5.628385414	-84.94394714
-5.592064403	-84.87709079
-5.618011632	-84.92166735
-5.616259675	-84.87709079
-5.816595276	-86.97202798
-5.761818999	-86.97202798
-5.732545415	-86.99431626
-5.7281767	-86.99431626
-5.745195528	-86.97202798
-5.825836002	-85.18910126
-5.83183085	-85.21138955
-5.835744171	-85.18910126
-5.788539056	-85.18910126
-5.833736095	-85.18910126
-5.965466265	-89.22297466
-5.930807793	-89.24526294
-5.994358544	-89.22297466
-5.969566087	-89.26755122
-5.996542902	-89.22297466
-5.949635421	-88.4652325
-5.965599754	-88.4652325
-6.013313913	-88.4652325
-5.97501229	-88.4652325
-5.949929224	-88.48752078
-6.067739544	-91.51848941
-6.104875537	-91.51848941
-6.094195179	-91.56306597
-6.068488101	-91.56306597
-6.080705813	-91.58535426
-6.201286179	-93.65800318
-6.220106782	-93.65800318
-6.202465221	-93.65800318
-6.204410704	-93.6134351
-6.200498022	-93.6357149
-6.31250191	-95.86437328
-6.377018378	-95.86437328
-6.37483402	-95.86437328
-6.369792115	-95.86437328
-6.372844467	-95.77522865
-6.337906243	-94.30431241
-6.362429808	-94.30431241
-6.367637137	-94.30431241
-6.321246366	-94.23745604
-6.395361871	-94.30431241
-6.543116411	-98.00388706
-6.530682818	-98.00388706
-6.498181878	-97.95931897
-6.537615279	-97.98159877
-6.540688708	-97.95931897
-6.652764131	-100.3885549
-6.591676849	-100.433123
-6.670976052	-100.433123
-6.655113912	-100.3885549
-6.647670491	-100.4108432
-6.757665026	-102.2606263
-6.770699636	-102.2160497
-6.771752854	-102.1937699
-6.764819116	-102.2160497
-6.753731266	-102.2160497
-6.775187788	-101.0794407
-6.742877181	-101.1017205
-6.792102508	-101.1017205
-6.794719266	-101.0571524
-6.754637583	-101.1017205
-6.880226642	-99.51909986
-6.864771994	-99.51909986
-6.849606038	-99.54138815
-6.76750166	-99.51909986
-6.80261872	-99.51909986
-6.826227026	-99.4745233
-6.881384607	-99.45223502
-6.867337017	-99.49681158
-6.870969948	-99.45223502
-6.775489894	-99.4745233
-6.823941115	-97.13443199
-6.796052235	-97.13443199
-6.836208007	-97.13443199
-6.83384609	-97.13443199
-6.888621728	-97.13443199
-6.741794583	-93.45714563
-6.748728321	-93.43485735
-6.780770674	-93.45714563
-6.75863649	-93.43485735
-6.774840974	-93.47943391
-6.558295779	-89.20040641
-6.582944529	-89.22269467
-6.583616443	-89.22269467
-6.581762932	-89.22269467
-6.592392833	-89.20040641
-6.556585338	-89.44556051
-6.571304842	-89.40099245
-6.561970226	-89.44556051
-6.533331511	-89.40099245
-6.569743218	-89.42327223
-6.337676311	-84.25278985
-6.355877374	-84.23050157
-6.362162192	-84.27507813
-6.320379649	-84.25278985
-6.343009465	-84.27507813
-6.317736704	-85.7014178
-6.319921061	-85.7014178
-6.333701036	-85.7014178
-6.335429361	-85.67912952
-6.295943586	-85.67912952
-6.119400237	-80.01833889
-6.116164578	-80.04062717
-6.117485411	-79.97376232
-6.153005491	-80.01833889
-6.082102013	-80.01833889
-5.863617084	-75.18214679
-5.844287436	-75.18214679
-5.876888653	-75.18214679
-5.87141243	-75.22672333
-5.857685468	-75.20443505
-5.676651411	-71.28199458
-5.674376358	-71.32657115
-5.653257709	-71.30428286
-5.667925478	-71.28199458
-5.653206613	-71.32657115
-5.486840964	-66.46809499
-5.515645742	-66.5126673
-5.464997389	-66.46809499
-5.472808064	-66.5126673
-5.453196749	-66.49037902
-5.419589579	-67.11440422
-5.456357042	-67.04754362
-5.432837516	-67.04754362
-5.4133054	-67.0698319
-5.424151182	-67.02525959
-5.373145157	-68.54074389
-5.399358724	-68.54074389
-5.381883225	-68.54074389
-5.415703722	-68.51845986
-5.361386671	-68.54074389
-5.107929986	-62.56794278
-5.091530699	-62.61251512
-5.142942299	-62.61251512
-5.147474841	-62.61251512
-5.120766919	-62.61251512
-4.902791034	-58.15519832
-4.879613532	-58.15519832
-4.831609083	-58.13291003
-4.883018128	-58.13291003
-4.887552267	-58.13291003
-4.796434221	-56.10483344
-4.766270926	-56.14940576
-4.726114196	-56.14940576
-4.764541324	-56.17168979
-4.807761583	-56.14940576
-4.707134876	-57.06566028
-4.75859853	-57.04337622
-4.744653132	-57.04337622
-4.7913112	-57.06566028
-4.751103054	-57.08794856
-4.64685619	-53.54438339
-4.57746324	-53.54438339
-4.604857127	-53.54438339
-4.602405792	-53.58895571
-4.629672897	-53.56666743
-4.410616969	-49.59965465
-4.391732815	-49.55508231
-4.346772734	-49.59965465
-4.39634264	-49.59965465
-4.39103216	-49.64423121
-4.470059276	-49.84480875
-4.42083395	-49.84480875
-4.417264888	-49.86709703
-4.340531667	-49.84480875
-4.366528076	-49.86709703
-4.36019312	-51.15971552
-4.372461928	-51.15971552
-4.323111735	-51.13743148
-4.323186783	-51.1820038
-4.349997535	-51.13743148
-3.995197521	-44.11715752
-3.985746662	-44.13944157
-3.969619142	-44.13944157
-4.018411429	-44.18401814
-4.02548664	-44.09486924
-3.967416901	-44.76346677
-3.973564398	-44.71889443
-4.027997054	-44.71889443
-4.069106726	-44.74118272
-4.031909417	-44.69660618
-3.78886803	-40.1055724
-3.737458985	-40.1055724
-3.786797042	-40.12785646
-3.820733144	-40.12785646
-3.764548531	-40.08328412
-3.468305904	-36.00483841
-3.506300311	-36.07169901
-3.52869285	-36.04941497
-3.516258618	-36.04941497
-3.511777811	-36.02712669
-3.188545595	-31.01264531
-3.210770474	-30.99035914
-3.227178704	-31.01264531
-3.20953842	-31.01264531
-3.221641804	-31.01264531
-3.124001663	-33.04072401
-3.133195764	-33.06301229
-3.17161395	-33.08529846
-3.150785591	-33.08529846
-3.178890352	-33.06301229
-3.021604157	-30.18804255
-3.022606599	-30.18804255
-3.029451238	-30.21032869
-3.013435491	-30.23261486
-3.048805795	-30.18804255
-2.783734013	-26.37703711
-2.819876507	-26.44389559
-2.75058575	-26.39932328
-2.767628528	-26.44389559
-2.841595216	-26.42160942
-2.51452297	-22.54374339
-2.478187748	-22.56602956
-2.505060933	-22.56602956
-2.524263799	-22.54374339
-2.514141346	-22.56602956
-2.527664882	-23.14548244
-2.506874525	-23.12319416
-2.506785266	-23.16776859
-2.538243368	-23.14548244
-2.525467112	-23.14548244
-2.122937289	-17.6852683
-2.115775695	-17.66298213
-2.118073581	-17.6852683
-2.130455279	-17.70755551
-2.113755803	-17.66298213
-1.756606646	-13.49539072
-1.7419376	-13.51767689
-1.798794605	-13.56225027
-1.769206301	-13.49539072
-1.803596838	-13.51767689
-1.720041811	-14.00798194
-1.794921043	-14.03026915
-1.822975346	-14.03026915
-1.77207311	-14.03026915
-1.750356637	-14.05255532
-1.563196799	-10.79871448
-1.574562963	-10.82100065
-1.508638	-10.77642727
-1.485752065	-10.79871448
-1.510896926	-10.82100065
-1.375954409	-8.726061863
-1.317826549	-8.726061863
-1.308656239	-8.770634712
-1.356205135	-8.770634712
-1.323782436	-8.770634712
-1.283781708	-10.01868404
-1.294309497	-10.04097021
-1.293636626	-10.04097021
-1.299694465	-10.04097021
-1.32489138	-10.04097021
-1.115811643	-6.742555452
-1.050965845	-6.742555452
-1.075997416	-6.742555452
-1.084518646	-6.764842154
-1.057849206	-6.742555452
-1.128350941	-7.07685423
-1.069167866	-7.09914091
-1.047604521	-7.054568061
-1.094161275	-7.12142759
-1.069967839	-7.12142759
-1.032502356	-6.207677554
-1.094058604	-6.252250936
-1.046904505	-6.229964234
-0.969571224	-6.252250936
-1.023662015	-6.252250936
-0.814692054	0.300004858
-0.800878468	0.277718267
-0.829771147	0.277718267
-0.837704372	0.300004858
-0.81520054	0.300004858
-0.524438247	2.394943713
-0.59068795	2.506376625
-0.57486501	2.57323642
-0.60021705	2.484090189
-0.641552782	2.57323642
-0.503452807	3.30869375
-0.428734049	3.330980185
-0.494715177	3.30869375
-0.542005519	3.264120634
-0.471288382	3.353266865
-0.512537131	2.552899796
-0.470760376	2.664332729
-0.388235534	2.731192525
-0.460898114	2.775765641
-0.467949174	2.68661941
-0.408838911	3.956954637
-0.418663769	3.912381522
-0.451840655	3.956954637
-0.375530573	3.934668224
-0.398626641	3.890094842
-0.440951721	4.135247367
-0.364392266	4.157534069
-0.324991498	4.112960687
-0.353127017	4.157534069
-0.322261431	4.179820482
-0.38289755	4.001527753
-0.311322857	3.912381522
-0.356213819	3.934668224
-0.359946388	3.867808406
-0.326327781	4.023814455
-0.331949747	3.466649855
-0.370168638	3.51122297
-0.33165333	3.488936535
-0.386321706	3.444363152
-0.316315543	3.466649855
-0.371079426	2.441466885
-0.388460157	2.396893769
-0.291163258	2.552899796
-0.334664046	2.463753565
-0.356969642	2.441466885
-0.309565292	2.263174422
-0.352910537	2.263174422
-0.317558855	2.307747538
-0.365226369	2.285460858
-0.341752989	2.307747538
-0.313459412	2.441466885
-0.37036911	2.50832668
-0.297872013	2.463753565
-0.362328383	2.441466885
-0.322348813	2.441466885
-0.365982991	2.753479227
-0.327891121	2.775765641
-0.359180705	2.798052343
-0.283364658	2.775765641
-0.369712725	2.775765641
-0.371549789	3.020918165
-0.315191789	3.065491281
-0.383602876	3.087777983
-0.345925503	3.065491281
-0.287090022	3.043204868
-0.426534243	3.132351099
-0.343044243	3.132351099
-0.328214264	3.110064397
-0.3497621	3.132351099
-0.360637582	3.110064397
-0.324188491	3.110064397
-0.381808844	3.110064397
-0.326490709	3.087777983
-0.353114881	3.132351099
-0.332240356	3.110064397
-0.291125854	3.132351099
-0.344636285	3.176924214
-0.327799727	3.154637779
-0.36615049	3.176924214
-0.423935448	3.176924214
-0.32019649	3.132351099
-0.391088052	3.132351099
-0.324353456	3.110064397
-0.382515567	3.132351099
-0.356551652	3.087777983
-0.356905013	3.176924214
-0.329146129	3.154637779
-0.422589665	3.176924214
-0.337328867	3.132351099
-0.285753739	3.132351099
-0.292077279	3.244341061
-0.260326992	3.244341061
-0.247940503	3.266627741
-0.265119984	3.288914443
-0.278852555	3.266627741
-0.390104173	3.199767945
-0.342023	3.266627741
-0.364196743	3.266627741
-0.314170546	3.199767945
-0.351810574	3.288914443
-0.28133331	3.244341061
-0.258650481	3.244341061
-0.264577827	3.266627741
-0.301063902	3.199767945
-0.246005179	3.222054625
-0.284066551	2.575743549
-0.333292196	2.575743549
-0.289108556	2.575743549
-0.319347577	2.575743549
-0.2702058	2.531170434
-0.233677311	1.817999784
-0.186222484	1.862572899
-0.240230623	1.817999784
-0.233263453	1.862572899
-0.292479101	1.817999784
-0.280810832	3.400347355
-0.243016019	3.400347355
-0.258471545	3.400347355
-0.2271825	3.378060674
-0.236344567	3.42263379
-0.225011635	4.982694925
-0.267010539	4.982694925
-0.235344441	4.938121543
-0.287508451	4.982694925
-0.247105282	4.938121543
-0.213231653	4.291810711
-0.187315182	4.269524031
-0.174891349	4.358670262
-0.167702031	4.291810711
-0.17555492	4.269524031
-0.047931343	7.055347034
-0.018577702	7.077633714
-0.030041777	7.099920416
-0.007655378	7.077633714
-0.033313393	7.055347034
0.122194284	9.083425738
0.073430074	9.105712974
0.1140927	9.016566209
0.037062066	9.061139592
0.075317915	9.083425738
0.290945121	11.53494999
0.253408722	11.49037767
0.272004941	11.51266382
0.278817786	11.46809043
0.27721249	11.51266382
0.468261379	13.65217545
0.431304421	13.65217545
0.46460274	13.71903605
0.42828125	13.65217545
0.49228995	13.65217545
0.695894064	16.05912739
0.667886824	16.03684015
0.68278728	16.05912739
0.672881666	16.05912739
0.712649507	16.08141353
0.94716184	18.24321238
0.925495105	18.24321238
0.90718211	18.24321238
0.866575814	18.22092624
0.9122712	18.22092624
1.009178671	16.95059074
0.956304526	16.92830351
0.968526309	16.95059074
0.921615875	16.97287689
0.93984528	16.92830351
1.193242565	20.40501019
1.174680157	20.36043788
1.202522412	20.38272402
1.174928931	20.40501019
1.230577115	20.38272402
1.345540584	22.52223566
1.390185307	22.54452394
1.339494641	22.52223566
1.35667458	22.49994951
1.309966694	22.58909628
1.417211462	21.96507106
1.378484304	22.00964551
1.400197424	21.98735934
1.370880888	22.03193168
1.434545807	22.03193168
1.6333811	24.90690142
1.623131545	24.90690142
1.582597343	24.92918759
1.60061446	24.90690142
1.560008404	24.88461528
1.737116205	27.11327366
1.764662582	27.11327366
1.734894005	27.04641306
1.785749296	27.06869923
1.773777005	27.09098537
1.861352496	29.40879054
1.902677889	29.40879054
1.896845271	29.38650437
1.928972092	29.36421823
1.898945639	29.34193206
2.075180816	31.59287661
2.131040489	31.54830218
2.053679265	31.59287661
2.118690886	31.59287661
2.06833442	31.65973509
2.158402441	29.76537547
2.176043044	29.76537547
2.122414193	29.78766375
2.150172619	29.76537547
2.083814936	29.76537547
2.277144625	31.79345631
2.28151366	31.79345631
2.289412316	31.79345631
2.259339078	31.79345631
2.251062151	31.81574245
2.349829121	33.9998264
2.286954754	34.02211469
2.363523829	33.95525409
2.355958256	34.04440085
2.399633909	34.04440085
2.554767361	36.18391249
2.522344023	36.18391249
2.54821397	36.18391249
2.514787552	36.18391249
2.531081613	36.18391249
2.623412552	38.39028261
2.627532812	38.3457103
2.636896489	38.36799858
2.632361552	38.36799858
2.67234216	38.36799858
2.851270259	40.61894102
2.850431325	40.61894102
2.845473728	40.66351758
2.878651053	40.61894102
2.837288136	40.55208464
3.014693732	42.89217596
2.948124479	42.91446001
2.961230305	42.91446001
2.922763577	42.91446001
2.95745143	42.86988768
3.113324498	44.80881964
3.053106488	44.76424732
3.080441615	44.7865356
3.03718942	44.74195904
3.072588466	44.76424732
3.120523936	44.14022213
3.108810479	44.11793809
3.124845068	44.16251041
3.155757878	44.16251041
3.092174233	44.11793809
3.317430671	47.23805983
3.323522921	47.21577155
3.32805642	47.21577155
3.316295699	47.21577155
3.282148826	47.23805983
3.264950843	45.47741715
3.289770765	45.49970543
3.246815886	45.47741715
3.33068212	45.45513312
3.262814069	45.45513312
3.352488651	47.57235861
3.387049402	47.59464264
3.364496549	47.61693092
3.410734352	47.59464264
3.36852292	47.61693092
3.517684838	49.22156411
3.485760325	49.31070876
3.505914855	49.31070876
3.416957216	49.35528532
3.480872666	49.39985764
3.455609485	49.6004352
3.498860402	49.64500751
3.48345174	49.62272348
3.518022072	49.55586288
3.496769615	49.6004352
3.523441131	49.5335746
3.50979177	49.55586288
3.539782296	49.51129055
3.536039189	49.5335746
3.52884997	49.6004352
3.563209211	49.55586288
3.557376274	49.5335746
3.55389216	49.51129055
3.541293782	49.51129055
3.560149514	49.48900227
3.5809156	49.35528532
3.556180306	49.37756935
3.566758792	49.37756935
3.52278742	49.35528532
3.542777485	49.35528532
3.663762148	51.94052651
3.675310821	51.96281479
3.699208458	51.94052651
3.670645429	51.94052651
3.688286032	51.94052651
3.809792195	54.01317967
3.822389295	54.01317967
3.810841262	53.99089139
3.833228371	53.96860735
3.792575051	53.96860735
3.93590467	56.21954979
3.985756243	56.24183807
3.970513004	56.21954979
4.000704401	56.24183807
3.983074018	56.15269344
3.944173293	53.94743475
4.017037583	53.96971881
4.002418356	53.96971881
3.987848308	53.94743475
4.008299834	53.96971881
4.024686986	56.62182484
4.048583665	56.59953656
3.97155249	56.64410888
3.999819481	56.62182484
3.952824818	56.59953656
4.165400486	58.58304506
4.199584084	58.6276174
4.145447466	58.64990143
4.176111182	58.60532912
4.142233203	58.49389619
4.240123715	60.61112168
4.280823341	60.58883762
4.23974752	60.63340996
4.243692457	60.67798227
4.189517836	60.63340996
4.307890213	59.29621491
4.273551091	59.16249372
4.274888531	59.2516426
4.228189906	59.2516426
4.279930756	59.2516426
4.373481295	62.70606311
4.427570649	62.70606311
4.436345762	62.77291946
4.460206355	62.68377483
4.492629373	62.68377483
4.623764593	65.06843846
4.609866459	65.04615443
4.618049496	65.06843846
4.562650805	65.13529906
4.576097697	65.04615443
4.714948425	67.0965193
4.715574033	67.11880333
4.681687111	67.0965193
4.709481783	67.14109161
4.647078458	67.0965193
4.704451693	66.62849935
4.666408425	66.58392701
4.712220533	66.60621529
4.695252802	66.60621529
4.725953882	66.62849935
4.893166129	69.79319342
4.868345888	69.77090937
4.896824609	69.72633705
4.820844096	69.74862109
4.913579653	69.74862109
5.020927411	71.84356254
5.035758368	71.82127426
5.011353602	71.84356254
5.046680475	71.82127426
5.05205227	71.82127426
5.13260652	74.29508677
5.177627597	74.29508677
5.121518989	74.29508677
5.141048551	74.27279849
5.111104969	74.29508677
5.309065241	76.43460054
5.322297849	76.3677357
5.300668558	76.43460054
5.296465586	76.43460054
5.272993004	76.41231226
5.40433165	78.4403931
5.369770899	78.41810482
5.425041531	78.41810482
5.401899477	78.39581654
5.423234646	78.39581654
5.441871941	76.10030176
5.438896233	76.07801348
5.482110106	76.0557252
5.47455555	76.0557252
5.50210017	76.0557252
5.595464208	78.35123997
5.512810548	78.35123997
5.605915912	78.41810482
5.561657763	78.2843836
5.614317385	78.32896017
5.687791635	80.98106198
5.639498812	80.93648541
5.674143871	81.00335024
5.645924783	81.00335024
5.654991782	81.00335024
5.914386151	83.09828744
5.882635684	83.09828744
5.88826775	83.05371088
5.835180198	83.05371088
5.847942722	83.05371088
5.983106549	85.43837876
5.998349787	85.46066704
6.013345848	85.43837876
5.995206101	85.34923413
5.944294604	85.43837876
6.105148901	87.24359375
6.133580677	87.22130547
6.074283035	87.22130547
6.126475128	87.33273841
6.010016939	87.26587356
6.174386647	89.49453196
6.195215326	89.49453196
6.127133629	89.51682022
6.17799914	89.44996387
6.162754624	89.42767559
6.226072249	89.18252147
6.265886955	89.18252147
6.201924241	89.16023318
6.208644015	89.16023318
6.141954686	89.16023318
6.251546201	88.44706761
6.272836661	88.46935589
6.25624704	88.44706761
6.212359338	88.46935589
6.270025738	88.44706761
6.238799006	87.15444063
6.231289798	87.13216084
6.268199691	87.15444063
6.277315232	87.13216084
6.30129654	87.15444063
6.237531823	87.37730647
6.29125105	87.31045012
6.319556363	87.35502669
6.336273085	87.31045012
6.330853707	87.33273841
6.233463936	87.22130547
6.224725868	87.22130547
6.201252966	87.19901719
6.248920501	87.22130547
6.215918181	87.17672891
6.366619048	90.11856139
6.415798388	90.14084967
6.39219583	90.0962731
6.393788751	90.14084967
6.377411818	90.0962731
6.433707565	92.19121031
6.387538422	92.25807516
6.41161298	92.14664222
6.427990552	92.19121031
6.447731523	92.14664222
6.526485914	94.26386772
6.478322108	94.24157943
6.555932586	94.24157943
6.535269969	94.24157943
6.569828804	94.26386772
6.670754423	96.38109319
6.591125012	96.38109319
6.654000018	96.3588049
6.617458016	96.40337299
6.660837312	96.38109319
6.795935991	98.63203137
6.754610119	98.63203137
6.80656206	98.60975159
6.766075441	98.60975159
6.808073865	98.60975159
6.767994099	98.3200209
6.799829512	98.36459746
6.742796705	98.3200209
6.826537434	98.36459746
6.81697097	98.27545283
6.802315337	97.69599995
6.769350061	97.71828823
6.806307218	97.71828823
6.817606478	97.69599995
6.869430679	97.74056802
6.785764039	95.24308428
6.828352623	95.19850771
6.876361862	95.22079599
6.905927333	95.22079599
6.925918036	95.22079599
6.872701467	95.19850771
6.781359556	95.17621943
6.8328874	95.19850771
6.851411646	95.17621943
6.896895462	95.19850771
6.902115565	93.23729172
6.891711125	93.14813859
6.916482506	93.19271516
6.91769987	93.17042687
6.862217828	93.19271516
6.838936537	89.60457345
6.813949915	89.58228517
6.891808847	89.62686173
6.876269251	89.58228517
6.845357399	89.58228517
6.858068826	89.7828712
6.885244916	89.71600636
6.853118255	89.73829464
6.874666111	89.71600636
6.824734381	89.73829464
6.661594812	84.9466791
6.661180933	84.90210254
6.592933813	84.92439082
6.647367108	84.92439082
6.643508076	84.92439082
6.491900892	81.09110346
6.524785053	81.11338325
6.444152242	81.11338325
6.487874521	81.09110346
6.464816136	81.11338325
6.183324629	76.03204549
6.22663239	75.96518914
6.187067417	76.00975721
6.281064407	75.96518914
6.296982753	75.98746893
6.156036128	77.43609691
6.16035694	77.45838519
6.175813505	77.45838519
6.21709339	77.48067345
6.246327375	77.48067345
5.991577001	71.55244043
5.992367075	71.57472871
5.97472743	71.57472871
5.907447303	71.53015215
5.909798361	71.53015215
5.745341151	66.82768546
5.674024434	66.8722578
5.708711648	66.82768546
5.674732753	66.84997375
5.741208117	66.8722578
5.669084082	67.16198424
5.707340357	67.18427252
5.7272129	67.16198424
5.766729971	67.13970019
5.735772133	67.16198424
5.474361385	62.88296097
5.440049089	62.90524925
5.506157199	62.86067269
5.524047215	62.90524925
5.547732165	62.90524925
5.266053837	57.17759377
5.231409416	57.1107374
5.185041958	57.1107374
5.186257406	57.08844912
5.131457497	57.02158852
5.003958402	53.92375504
5.040749178	53.92375504
5.077329182	53.94603908
5.019201002	53.94603908
4.993661903	53.94603908
4.990699288	54.81410272
4.985657382	54.81410272
5.02252097	54.85867503
5.030287893	54.836391
4.961959019	54.81410272
4.964686912	56.32959127
4.907833579	56.28501896
4.923326869	56.35187955
4.943410822	56.30730299
4.997288447	56.32959127
4.87338971	54.01178824
4.835289278	54.07864461
4.864486537	54.01178824
4.803255228	54.05636056
4.852693562	54.03407227
4.616573778	49.28702905
4.536402748	49.30931733
4.577776842	49.28702905
4.592643247	49.33160561
4.632622418	49.33160561
4.432061356	45.29773222
4.381796543	45.23087162
4.344321399	45.3200205
4.267678235	45.2531599
4.338521036	45.27544394
4.287557166	45.56517038
4.334927385	45.56517038
4.341056999	45.60974269
4.385027732	45.63203097
4.395075457	45.56517038
4.027338873	40.19410618
4.059348652	40.14952962
4.093533527	40.19410618
3.98803385	40.19410618
4.024058824	40.2386785
3.800231799	35.91507866
3.789945519	35.84822231
3.713386024	35.82593403
3.739670487	35.87050634
3.748030764	35.89279462
3.762980839	37.43056721
3.720048953	37.47513955
3.648530726	37.45285549
3.724253841	37.47513955
3.720722463	37.47513955
3.329202569	31.23489814
3.391816985	31.25718431
3.404508294	31.212612
3.460406769	31.23489814
3.4609519	31.30175663
3.001798039	25.61867771
2.964934451	25.5741054
3.01168066	25.55181923
3.020887854	25.48495863
3.028953371	25.48495863
2.782342284	22.47626981
2.807401399	22.63227717
2.791328807	22.52084423
2.827448308	22.52084423
2.768953194	22.45398364
2.74732071	22.94428764
2.764914049	22.96657592
2.789899394	22.98886209
2.792131016	22.96657592
2.770427316	22.89971533
2.393110376	18.21953268
2.406382105	18.21953268
2.379838329	18.21953268
2.441828415	18.21953268
2.461651938	18.21953268
2.446299322	19.53444155
2.435838676	19.55672772
2.36489991	19.57901389
2.360281623	19.53444155
2.330550569	19.53444155
1.950601862	13.73992973
1.946068202	13.73992973
2.002897265	13.71764251
2.027255725	13.71764251
2.008565417	13.73992973
1.623646977	9.015173716
1.620623845	9.015173716
1.599961548	9.015173716
1.621970546	9.015173716
1.563888832	8.992886502
1.386294181	7.098527389
1.42371248	7.120814069
1.385324952	7.076240709
1.450881544	7.143100238
1.469572331	7.120814069
1.177435833	4.713862693
1.119273482	4.736149373
1.181097745	4.736149373
1.179751284	4.736149373
1.244136578	4.713862693
0.99432999	3.554960376
1.078539925	3.532673963
1.0724848	3.621820172
1.083864936	3.554960376
1.091882549	3.577247079
0.998807763	4.361456295
0.996364093	4.40602941
1.041846472	4.428315823
1.063643901	4.450602526
0.968393379	4.450602526
0.856891191	2.422523266
0.909553048	2.467096648
0.940724133	2.422523266
0.83118587	2.422523266
0.849866837	2.489383083
0.702920493	0.394444228
0.622618251	0.394444228
0.648652782	0.394444228
0.662338947	0.43901741
0.722402711	0.394444228
0.364033396	-6.514397002
0.319557969	-6.53668317
0.266039214	-6.492110322
0.339572224	-6.469823619
0.359231841	-6.469823619
0.32494627	-5.689793174
0.358333787	-5.667506494
0.395747456	-5.645219814
0.294108767	-5.645219814
0.306633015	-5.689793174
0.305789551	-5.53378688
0.232662954	-5.511500734
0.301256011	-5.53378688
0.329527713	-5.556073583
0.346545881	-5.578360263
0.238709577	-6.960128691
0.242188462	-6.937841989
0.27029464	-6.960128691
0.294271396	-6.937841989
0.223648288	-6.982414838
0.113586729	-9.166499857
0.123303428	-9.233360454
0.030808402	-9.188787071
0.066127995	-9.21107324
0.068985069	-9.21107324
-0.109648269	-11.6848847
-0.138706112	-11.6848847
-0.105101916	-11.6848847
-0.171863587	-11.72945702
-0.119313981	-11.64031132
-0.145303315	-10.03567707
-0.140387562	-10.05796321
-0.188723518	-10.08025043
-0.189208132	-10.0133909
-0.240058553	-10.03567707
-0.301108172	-11.37287209
-0.24459349	-11.32829871
-0.242485078	-11.37287209
-0.301489975	-11.35058594
-0.257014569	-11.32829871
-0.441271989	-13.46781141
-0.432801257	-13.42323803
-0.406155409	-13.46781141
-0.369796634	-13.42323803
-0.450315078	-13.40095082
-0.658257488	-15.54046352
-0.579734986	-15.49589014
-0.573369252	-15.56274967
-0.602187083	-15.51817629
-0.565612029	-15.49589014
-0.814801192	-17.74683469
-0.762552175	-17.74683469
-0.840275064	-17.7691219
-0.786403188	-17.74683469
-0.755490617	-17.74683469
-0.990824639	-19.95320799
-0.966123356	-19.95320799
-1.024797386	-19.93091971
-1.01136223	-19.93091971
-1.020658284	-19.90863354
-1.1576761	-21.82527933
-1.166922175	-21.82527933
-1.269564463	-21.82527933
-1.200183489	-21.82527933
-1.161536808	-21.82527933
-1.199687937	-21.3572615
-1.185984686	-21.40183595
-1.238829691	-21.3572615
-1.168559405	-21.37954767
-1.133660063	-21.3572615
-1.512809037	-25.01226171
-1.410686332	-25.07912231
-1.415435873	-25.05683403
-1.456060451	-25.14598079
-1.472241942	-25.12369462
-1.57690508	-26.86204902
-1.626131045	-26.86204902
-1.602152612	-26.83976074
-1.66716519	-26.83976074
-1.624492138	-26.83976074
-1.645951694	-25.07912231
-1.590539111	-25.14598079
-1.600053201	-25.10140845
-1.683491985	-25.12369462
-1.662664104	-25.12369462
-1.848023125	-29.20214033
-1.924389253	-29.15756591
-1.921074873	-29.13527974
-1.927309553	-29.20214033
-1.850245006	-29.17985205
-2.040028627	-31.25250521
-2.033094091	-31.27479137
-2.063219063	-31.25250521
-2.045248731	-31.25250521
-2.020029302	-31.18564461
-2.226677824	-33.68174328
-2.164666182	-33.61488269
-2.161261267	-33.63716886
-2.227379118	-33.59259652
-2.221739068	-33.63716886
-2.312934077	-35.62067736
-2.34597967	-35.64296141
-2.344518482	-35.62067736
-2.42280183	-35.62067736
-2.347706877	-35.62067736
-2.518914678	-37.96076869
-2.552033881	-38.02762504
-2.512488228	-37.98305273
-2.490822212	-37.98305273
-2.580192612	-37.98305273
-2.704733403	-40.07799416
-2.670229177	-40.0334176
-2.665046598	-40.1002782
-2.667572979	-40.1002782
-2.665605461	-40.07799416
-2.822191479	-42.57409073
-2.825938419	-42.55180244
-2.818165108	-42.57409073
-2.798175363	-42.57409073
-2.85000627	-42.52951841
-2.998207581	-44.64674388
-2.956373941	-44.64674388
-2.956881709	-44.64674388
-3.047979316	-44.6244556
-2.985991466	-44.6244556
-2.97992668	-42.93067351
-3.032391498	-42.90838948
-3.034359655	-42.93067351
-3.022091806	-42.93067351
-2.968787734	-42.9529618
-2.990995688	-42.70780767
-3.006833238	-42.68552364
-2.96641975	-42.73009595
-3.082738703	-42.77466829
-3.000353297	-42.73009595
-3.103307431	-44.80274913
-3.062336676	-44.86960972
-3.038790324	-44.80274913
-3.052189314	-44.82503316
-3.124045734	-44.84732144
-3.211389695	-46.98683519
-3.212227032	-46.98683519
-3.29348066	-47.00911923
-3.234731343	-46.98683519
-3.237372053	-47.00911923
-3.394397976	-49.23777763
-3.344944633	-49.19320531
-3.316817199	-49.148633
-3.333806007	-49.2154936
-3.307785966	-49.12634472
-3.460112008	-51.3550031
-3.554091115	-51.39957544
-3.482795156	-51.3550031
-3.444656721	-51.3550031
-3.469294932	-51.37729138
-3.668308422	-53.53908919
-3.643225675	-53.56137747
-3.614042148	-53.53908919
-3.586317095	-53.53908919
-3.557932263	-53.53908919
-3.752804735	-55.74545931
-3.794399181	-55.70088699
-3.750507328	-55.72317527
-3.721323481	-55.70088699
-3.765060769	-55.74545931
-3.754049563	-54.60940179
-3.744854823	-54.58711351
-3.734544592	-54.54254119
-3.756627041	-54.58711351
-3.826795694	-54.60940179
-3.78356745	-53.47278431
-3.744935939	-53.47278431
-3.79864303	-53.49507259
-3.817173343	-53.47278431
-3.812752894	-53.49507259
-3.887298883	-55.50086514
-3.846973856	-55.50086514
-3.916229804	-55.47857686
-3.870369474	-55.47857686
-3.875487066	-55.52315343
-3.968812143	-58.15296693
-4.012651304	-58.15296693
-4.00849847	-58.1306829
-4.002452526	-58.1306829
-4.025645038	-58.1306829
-4.14466825	-60.06961486
-4.067414168	-59.98047023
-4.063793692	-60.02504255
-4.137376201	-60.02504255
-4.128982392	-60.02504255
-4.215872876	-62.52113911
-4.283525046	-62.54342739
-4.261351263	-62.54342739
-4.261351263	-62.54342739
-4.207591478	-62.54342739
-4.371501002	-64.77208577
-4.370383914	-64.74979749
-4.349960491	-64.79436982
-4.433376122	-64.74979749
-4.360756135	-64.77208577
-4.491190061	-66.86702298
-4.501492308	-66.8447347
-4.545726186	-66.82245066
-4.502050214	-66.82245066
-4.491343988	-66.80016238
-4.490776502	-66.2875701
-4.475611185	-66.30985838
-4.581109903	-66.30985838
-4.494495019	-66.35443069
-4.470277392	-66.2875701
-4.548786203	-64.95037505
-4.547438863	-64.95037505
-4.491953308	-64.97266333
-4.478793513	-64.99495161
-4.560532234	-64.95037505
-4.635342965	-67.06760054
-4.607213295	-67.02302821
-4.635319014	-67.00074417
-4.625818017	-67.04531649
-4.605663487	-67.04531649
-4.764471706	-69.0733931
-4.750921983	-69.05110904
-4.714588198	-69.0733931
-4.720632225	-69.0733931
-4.732152476	-69.02882076
-4.912119263	-71.52491732
-4.894770546	-71.54720561
-4.845977301	-71.50262904
-4.831360947	-71.50262904
-4.851476197	-71.52491732
-4.987537079	-73.66443108
-4.941221675	-73.64214279
-4.932316905	-73.64214279
-5.010525845	-73.59757473
-4.992338514	-73.61985453
-5.064871638	-75.84851291
-5.134342509	-75.80394485
-5.099593661	-75.8708012
-5.071805695	-75.82623313
-5.110326393	-75.80394485
-5.18065472	-77.80973741
-5.204773029	-77.76516084
-5.16903611	-77.74287256
-5.243357277	-77.78744912
-5.210818015	-77.76516084
-5.397592716	-80.21668507
-5.345853781	-80.21668507
-5.325138472	-80.23897335
-5.331185054	-80.23897335
-5.375659723	-80.26126163
-5.471234944	-82.77964223
-5.446343487	-82.71278588
-5.520498592	-82.75735394
-5.489765576	-82.75735394
-5.482882295	-82.75735394
-5.554983338	-80.7292816
-5.593781231	-80.7292816
-5.498022064	-80.7292816
-5.480001115	-80.75156139
-5.541824819	-80.75156139
-5.739270937	-84.919156
-5.703714451	-84.89686772
-5.714304753	-84.89686772
-5.782555705	-84.87457944
-5.752699626	-84.85229963
-5.865667314	-87.10323784
-5.819060023	-87.05866975
-5.819567791	-87.05866975
-5.83989956	-87.05866975
-5.835148902	-87.08095803
-5.907394291	-89.13131868
-5.925552561	-89.1981835
-5.930330683	-89.08675059
-5.98478761	-89.15360694
-5.943349326	-89.13131868
-5.937738338	-88.46272114
-5.936330641	-88.41815308
-5.992441803	-88.41815308
-5.981352676	-88.41815308
-6.026082185	-88.39586479
-6.058146893	-91.38226534
-6.066262867	-91.35997706
-6.134130599	-91.35997706
-6.12746256	-91.33768878
-6.096843872	-91.35997706
-6.253190217	-93.74464493
-6.251794656	-93.76693322
-6.250498731	-93.74464493
-6.215510689	-93.76693322
-6.217744865	-93.74464493
-6.376248743	-95.83958214
-6.32836916	-95.83958214
-6.363119605	-95.77272577
-6.342186818	-95.81729386
-6.371971362	-95.79500558
-6.459122756	-98.4025393
-6.468150156	-98.42482758
-6.545977153	-98.4025393
-6.517250297	-98.4025393
-6.474794563	-98.38025102
-6.544240525	-96.41903503
-6.508069608	-96.44132331
-6.509124104	-96.41903503
-6.581145308	-96.44132331
-6.565359813	-96.44132331
-6.596463275	-98.33568293
-6.650816732	-98.29110637
-6.627424946	-98.31339465
-6.631465368	-98.31339465
-6.66443256	-98.29110637
-6.746643601	-100.4751882
-6.726033358	-100.4529084
-6.696123628	-100.4529084
-6.775028752	-100.4751882
-6.72026461	-100.4751882
-6.880349912	-102.7707115
-6.805471797	-102.7484232
-6.808329346	-102.7484232
-6.905763187	-102.7484232
-6.855968777	-102.7038466
-6.844389767	-102.0798257
-6.905272025	-102.1244022
-6.860759674	-102.1244022
-6.810695733	-102.1244022
-6.864163312	-102.1021139
-6.845665253	-101.8792481
-6.82203076	-101.8569598
-6.886153149	-101.8792481
-6.872044243	-101.8792481
-6.793707563	-101.9015364
-6.874857083	-100.2116571
-6.937419125	-100.2562251
-6.923958501	-100.1893688
-6.894683001	-100.2116571
-6.931753208	-100.2339369
-6.959428124	-100.2562251
-6.925784547	-100.2785134
-6.887594697	-100.3008017
-6.877231773	-100.2785134
-6.92684032	-100.2562251
-6.915164866	-97.98299867
-6.94889786	-97.91613383
-6.946496344	-97.93842211
-6.961571604	-97.96071039
-6.955741541	-97.93842211
-6.731660952	-93.25823948
-6.84673827	-93.25823948
-6.816624795	-93.28052777
-6.798477382	-93.28052777
-6.795910443	-93.30281605
-6.610548549	-88.82321096
-6.580362261	-88.80092268
-6.622817357	-88.82321096
-6.621255094	-88.84549924
-6.594202273	-88.84549924
-6.584482521	-89.06836509
-6.605196234	-89.04607681
-6.639511085	-89.02378852
-6.589068395	-89.04607681
-6.57668462	-89.02378852
-6.41708537	-84.744761
-6.42061611	-84.744761
-6.451603967	-84.78933756
-6.409603627	-84.78933756
-6.413009819	-84.76704928
-6.414231654	-86.05967626
-6.374035005	-86.08195605
-6.373464645	-86.03738798
-6.469171439	-86.05967626
-6.419108137	-86.05967626
-6.131861933	-79.86400081
-6.147139022	-79.86400081
-6.122071285	-79.88628909
-6.10027689	-79.86400081
-6.195235764	-79.84171253
-5.898851026	-75.36211594
-5.865805912	-75.33982766
-5.927666661	-75.31753938
-5.907387904	-75.29525109
-5.908299969	-75.33982766
-5.792451739	-71.19452135
-5.732861572	-71.17223307
-5.688056057	-71.14994903
-5.739198764	-71.19452135
-5.743327966	-71.14994903
-5.489047038	-66.46976639
-5.493872424	-66.49205044
-5.465385081	-66.53662276
-5.471356935	-66.49205044
-5.472917282	-66.46976639
-5.524801521	-66.87092151
-5.453908262	-66.87092151
-5.464538802	-66.84863748
-5.519757699	-66.87092151
-5.504758444	-66.89320979
-5.441622209	-68.58699188
-5.475161677	-68.60927591
-5.392292775	-68.63156419
-5.390541456	-68.58699188
-5.432667621	-68.60927591
-5.289746451	-66.06860703
-5.387016466	-66.06860703
-5.31030496	-66.11317935
-5.309391617	-66.06860703
-5.312975369	-66.04631875
-5.12486227	-61.83415607
-5.100504129	-61.83415607
-5.108352168	-61.85644013
-5.189873411	-61.83415607
-5.099373948	-61.81186779
-4.971286609	-57.95628792
-4.917361401	-57.95628792
-4.898261686	-57.93400389
-4.947725567	-57.97857621
-4.957301931	-57.97857621
-4.752268364	-55.34875845
-4.740992737	-55.28189785
-4.818004432	-55.32647442
-4.801657837	-55.34875845
-4.791626399	-55.32647442
-4.832729045	-56.30847383
-4.780991069	-56.30847383
-4.713718606	-56.26390152
-4.781587296	-56.26390152
-4.766371841	-56.30847383
-4.703182275	-53.72323264
-4.608644624	-53.70094436
-4.599794463	-53.67866032
-4.714435867	-53.72323264
-4.676690873	-53.70094436
-4.465237722	-49.48878168
-4.380111011	-49.4664934
-4.346579208	-49.51106571
-4.430286725	-49.48878168
-4.448702391	-49.44420936
-4.396886494	-50.87054904
-4.399820686	-50.91512135
-4.362975621	-50.93740964
-4.362685331	-50.91512135
-4.349412805	-50.91512135
-4.07071753	-44.58573321
-4.065841686	-44.58573321
-4.049877674	-44.58573321
-4.118712399	-44.60801724
-4.07009799	-44.56344492
-4.049562794	-44.9646043
-4.045919643	-44.94231602
-4.115921595	-44.9646043
-4.062327234	-44.9646043
-4.024697205	-44.9646043
-3.757859415	-40.19527702
-3.866381106	-40.19527702
-3.820254437	-40.23984933
-3.77621185	-40.17298874
-3.797189347	-40.26213337
-3.562574981	-35.89396546
-3.592407748	-35.84939315
-3.53002518	-35.87167718
-3.535980748	-35.9162495
-3.636946286	-35.9162495
-3.50042011	-37.36487745
-3.533464904	-37.38716574
-3.530123221	-37.45402633
-3.477635729	-37.40945402
-3.508838828	-37.43173805
-3.391398956	-35.22536793
-3.408657615	-35.2476541
-3.473884957	-35.22536793
-3.389617938	-35.26994027
-3.349347838	-35.2476541
-3.164529159	-30.9240564
-3.170573506	-30.9240564
-3.178638384	-30.9240564
-3.204508011	-30.9240564
-3.16363881	-30.94634254
-2.812159083	-26.55588636
-2.860697806	-26.55588636
-2.869510922	-26.60045867
-2.892866621	-26.60045867
-2.886124174	-26.53360019
-2.530447383	-21.92027604
-2.549434048	-21.92027604
-2.513099305	-21.94256219
-2.512426434	-21.94256219
-2.583317776	-21.94256219
-2.47939122	-22.45515448
-2.589449306	-22.52201507
-2.556912119	-22.49972679
-2.479848051	-22.47744064
-2.490781175	-22.54430124
-2.156097369	-17.93097707
-2.258409449	-17.93097707
-2.188646691	-17.95326536
-2.163832198	-17.93097707
-2.240843733	-17.97555152
-2.161019838	-19.53561239
-2.195525181	-19.58018471
-2.165173151	-19.55789856
-2.146910773	-19.53561239
-2.210233189	-19.53561239
-1.738936503	-13.49594751
-1.732268624	-13.47366134
-1.767446999	-13.51823472
-1.761036037	-13.45137412
-1.784122684	-13.49594751
-1.417068233	-8.882624941
-1.343153759	-8.882624941
-1.296545989	-8.838051558
-1.359486142	-8.860338261
-1.361289674	-8.882624941
-1.199328987	-6.475674076
-1.107102316	-6.475674076
-1.060568954	-6.475674076
-1.129783707	-6.475674076
-1.107102316	-6.475674076
-1.093220069	-6.988265294
-1.084317375	-6.988265294
-1.09243279	-6.965978614
-1.150242578	-7.032838677
-1.082971792	-6.988265294
-0.786571006	0.366307447
-0.780135854	0.344020856
-0.759731193	0.388593994
-0.751420974	0.344020856
-0.853167963	0.232587922
-0.46394352	3.642435188
-0.500772818	3.575575392
-0.436387483	3.553288979
-0.375539714	3.709295006
-0.477507853	3.709295006
-0.373262106	2.822010442
-0.471831358	2.79972374
-0.43475644	2.822010442
-0.418913222	2.710577509
-0.431686644	2.79972374
-0.355309977	3.668900683
-0.356205196	3.780333595
-0.434606066	3.758046914
-0.381472808	3.735760212
-0.350894198	3.646613981
-0.389142769	3.958626057
-0.379156039	3.914052941
-0.334733485	4.047772555
-0.424508283	3.914052941
-0.382969723	3.891766506
-0.356087077	3.80262003
-0.374696709	3.780333595
-0.429634018	3.869479826
-0.329082678	3.82490671
-0.316861393	3.847193146
-0.360576786	3.691187097
-0.411266893	3.668900683
-0.358675133	3.668900683
-0.348638545	3.691187097
-0.3415902	3.691187097
-0.31999528	3.646613981
-0.342374884	3.490607954
-0.386474036	3.53518107
-0.37466665	3.512894367
-0.403855406	3.490607954
-0.418261428	3.468321252
-0.371220099	3.468321252
-0.347864839	3.468321252
-0.303257241	3.423748136
-0.333249903	3.379175021
-0.34406844	3.245455429
-0.324546523	3.401461456
-0.354667164	3.423748136
-0.443145579	3.223168994
-0.369773282	3.245455429
-0.3362899	3.134022496
-0.396848657	3.178595611
-0.361210297	3.334601927
-0.3823812	3.334601927
-0.356316929	3.0671627
-0.330989021	3.08944938
-0.345478772	3.022589585
-0.384418058	3.08944938
-0.360224582	3.08944938
-0.395293579	3.0671627
-0.420426544	2.777437327
-0.330299383	2.822010442
-0.320723479	2.822010442
-0.395135581	2.732863944
-0.397542446	2.844296856
-0.290898676	2.777437327
-0.329050823	2.621431011
-0.367670239	2.777437327
-0.385145498	2.777437327
-0.318575846	2.755150624
-0.360141271	2.621431011
-0.306381447	2.621431011
-0.3612285	2.576857895
-0.395671251	2.576857895
-0.381133817	2.621431011
-0.40372579	2.487711664
-0.32212429	2.5099981
-0.319431546	2.5099981
-0.408461838	2.420851869
-0.357607225	2.443138549
-0.375392334	2.264845842
-0.365143737	2.264845842
-0.327644343	2.242559139
-0.322767242	2.242559139
-0.357658002	2.220272593
-0.324325692	2.264845842
-0.27891413	2.242559139
-0.401050351	2.242559139
-0.345402686	2.220272593
-0.333736633	2.264845842
-0.284269678	1.975120179
-0.378055158	1.997406748
-0.374406978	2.019693428
-0.324884895	2.041979997
-0.299853424	2.041979997
-0.324988924	2.175699477
-0.325271589	2.153412908
-0.315695963	2.153412908
-0.376893521	2.175699477
-0.315163985	2.220272593
-0.274757104	2.264845842
-0.30836134	2.264845842
-0.429317063	2.264845842
-0.34213106	2.264845842
-0.2772373	2.242559139
-0.358223013	2.331705637
-0.347381781	2.376278753
-0.30740261	2.376278753
-0.310556137	2.353992073
-0.384092999	2.331705637
-0.338868975	2.398565188
-0.340969862	2.443138549
-0.308250685	2.465424984
-0.356459639	2.465424984
-0.322703112	2.465424984
-0.40221119	2.576857895
-0.356233579	2.599144598
-0.307893372	2.621431011
-0.309899372	2.621431011
-0.341945478	2.599144598
-0.348720579	2.710577509
-0.325082334	2.732863944
-0.401181125	2.732863944
-0.322140836	2.777437327
-0.294039069	2.755150624
-0.352352073	2.933443354
-0.396700837	2.933443354
-0.357902544	2.933443354
-0.292547383	2.933443354
-0.305641213	2.933443354
-0.344684587	3.134022496
-0.297774512	3.111736083
-0.375007038	3.08944938
-0.329181617	3.111736083
-0.338461403	3.134022496
-0.328834463	3.356888341
-0.357383839	3.356888341
-0.349319201	3.356888341
-0.38141241	3.356888341
-0.352769105	3.312315225
-0.34584834	3.379175021
-0.356296531	3.401461456
-0.354276798	3.401461456
-0.383384679	3.334601927
-0.364327118	3.379175021
-0.338834006	3.401461456
-0.365293034	3.446034839
-0.338029841	3.423748136
-0.352139585	3.423748136
-0.330308405	3.423748136
-0.351340929	3.185281778
-0.368116052	3.341287827
-0.420482031	3.319001125
-0.374669364	3.341287827
-0.298631708	3.207568213
-0.430932817	3.252141596
-0.364574814	3.252141596
-0.311535844	3.274428009
-0.366806635	3.274428009
-0.378613902	3.296714711
-0.420057974	3.274428009
-0.379701211	3.252141596
-0.28536998	3.296714711
-0.377102935	3.296714711
-0.367183429	3.296714711
-0.378566838	3.274428009
-0.331868791	3.274428009
-0.322623335	3.274428009
-0.398179989	3.252141596
-0.375628015	3.229854893
-0.301203119	3.319001125
-0.33140745	3.296714711
-0.373773826	3.229854893
-0.384706311	3.319001125
-0.33996766	3.296714711
-0.331790231	3.65329988
-0.249744794	3.452720738
-0.318344317	3.564153649
-0.329798262	3.497293854
-0.298354253	3.564153649
-0.344515331	2.271531741
-0.310119704	2.293818421
-0.236831776	2.271531741
-0.286636863	2.226958626
-0.270941105	2.360678239
-0.336532327	1.803513505
-0.308808112	1.803513505
-0.262240959	1.781226936
-0.275381853	1.803513505
-0.300625374	1.825800052
-0.300777804	3.430434058
-0.31026956	3.475007418
-0.250111867	3.385860942
-0.301818268	3.363574507
-0.32952911	3.363574507
-0.27617039	5.079641424
-0.302642172	5.124214273
-0.244561475	5.146500953
-0.242743573	5.079641424
-0.293692534	5.101928104
-0.122536208	7.286013124
-0.086666539	7.241439742
-0.091069265	7.263726444
-0.121439129	7.241439742
-0.086370771	7.263726444
0.011645095	9.224946153
-0.025891245	9.180372771
0.010477064	9.224946153
0.069985575	9.202658917
0.026686738	9.180372771
0.198988261	11.45360453
0.170132947	11.52046408
0.254851268	11.49817792
0.201256967	11.49817792
0.136457705	11.4758907
0.402219094	13.97198831
0.422195347	13.97198831
0.497327904	14.03884786
0.473016428	14.01656169
0.446638515	14.01656169
0.434388189	12.81308575
0.413146311	12.76851237
0.476104507	12.79079958
0.512756006	12.85765913
0.494960439	12.76851237
0.778309728	16.13378718
0.73795037	16.06692763
0.701501459	16.06692763
0.761894633	16.02235425
0.744079186	16.11149995
0.849632034	18.25101158
0.914229138	18.20643927
0.983646678	18.27329987
0.922293696	18.20643927
0.918550589	18.22872544
1.143618051	20.4128115
1.120202074	20.27909242
1.114218004	20.4128115
1.118337067	20.36823708
1.103096782	20.43509767
1.326898738	22.57460931
1.27629246	22.59689548
1.271593936	22.59689548
1.319046627	22.55232314
1.356511552	22.55232314
1.349553224	21.9060118
1.308937347	21.97287239
1.276019575	21.97287239
1.284992845	22.01744471
1.362272954	22.01744471
1.505452958	24.58040187
1.488404431	24.62497632
1.434975653	24.62497632
1.497341135	24.60268804
1.567323447	24.5581157
1.664652061	26.36332858
1.648226747	26.34104243
1.614767436	26.36332858
1.544073931	26.34104243
1.649196455	26.36332858
1.746171868	24.89241448
1.68174881	24.84784214
1.697915611	24.91470062
1.696992688	24.87012831
1.711479545	24.84784214
1.844988816	27.29936639
1.833699296	27.23250579
1.851932294	27.27707811
1.816685099	27.25479194
1.83394839	27.27707811
1.909514385	29.55031094
1.905489131	29.55031094
1.97078673	29.66174387
1.973640926	29.5725971
1.99015965	29.55031094
2.099990358	31.82354165
2.127277582	31.8681161
2.156937421	31.82354165
2.122827752	31.91268842
2.054507501	31.80125551
2.273283997	34.02991389
2.288113357	34.00762774
2.303734867	34.00762774
2.274677004	34.00762774
2.195001287	34.02991389
2.387401986	36.34771905
2.396977551	36.34771905
2.457277475	36.34771905
2.482783361	36.37000734
2.426708605	36.34771905
2.570642435	38.71009865
2.609063176	38.73238268
2.617245255	38.75467096
2.587609687	38.71009865
2.5709249	38.73238268
2.659394093	37.57348117
2.671207987	37.3729036
2.609209757	37.46204825
2.634770093	37.28375472
2.615938313	37.3729036
2.697518956	38.66552209
2.718902027	38.64323805
2.662450278	38.64323805
2.642591147	38.66552209
2.643510238	38.62094977
2.802198221	40.67131464
2.839815795	40.67131464
2.797614264	40.6044583
2.799340353	40.67131464
2.790932812	40.67131464
2.95436363	42.61025085
2.897746936	42.61025085
2.899011564	42.65482317
2.895692873	42.63253489
2.932980558	42.63253489
2.922041845	42.38738501
2.974500276	42.36509673
2.979000883	42.38738501
2.900752344	42.36509673
2.941027553	42.38738501
3.087551954	44.9726262
3.099135116	44.9726262
3.094351884	44.92805388
3.065543594	44.9726262
3.052140453	44.95034217
3.085908576	44.43774988
3.125855174	44.46003391
3.083559434	44.43774988
3.005016772	44.4823222
3.04694494	44.43774988
3.251082089	47.11213995
3.246698684	47.11213995
3.253723437	47.04527935
3.216886995	47.15671229
3.229567765	47.11213995
3.340699507	49.4968036
3.311180343	49.47451532
3.354762426	49.51909188
3.427932335	49.47451532
3.403480305	49.51909188
3.334635041	47.71387689
3.395456304	47.71387689
3.415267851	47.71387689
3.446476061	47.73616517
3.39796097	47.80302152
3.644940268	51.90375551
3.665518895	51.8591832
3.646211922	51.77003432
3.607400296	51.77003432
3.674110702	51.68088967
3.773159817	53.88725979
3.79186258	53.86497575
3.767703394	53.84268747
3.78979766	53.88725979
3.772157376	53.88725979
3.884343614	56.33878403
3.910294036	56.29421172
3.934877639	56.27192344
3.813744477	56.27192344
3.852343096	56.29421172
3.93748801	54.37254956
3.91955105	54.35026552
3.910188012	54.32797724
3.944169461	54.30568896
3.906953311	54.35026552
3.938726132	56.37834211
3.943755583	56.37834211
3.92099164	56.42291445
3.907980022	56.37834211
3.939682586	56.4006304
3.970235488	58.42870701
4.078898332	58.36185064
4.04575422	58.38413467
3.976291332	58.33956236
4.062426552	58.36185064
4.174585645	60.65736539
4.1607814	60.59050904
4.143767043	60.61279307
4.156070022	60.59050904
4.13578328	60.56822076
4.212159149	62.529441
4.283300223	62.57401332
4.312357926	62.57401332
4.220224026	62.529441
4.329254123	62.529441
4.375634356	64.86953232
4.408304232	64.82496
4.443621205	64.89181635
4.377144884	64.86953232
4.381336678	64.86953232
4.594433526	67.00904184
4.486564588	67.18733535
4.548931188	67.16505131
4.58484822	67.09819072
4.475228922	67.14276303
4.643843756	65.80556799
4.508186214	65.76099567
4.57953838	65.78327971
4.648385559	65.71642336
4.480591775	65.78327971
4.579981319	65.56041386
4.597315984	65.62727448
4.540675977	65.56041386
4.559271438	65.58270214
4.606764288	65.69413508
4.503375199	65.56041386
4.610221577	65.56041386
4.622984739	65.56041386
4.509136921	65.53812983
4.604010209	65.56041386
4.671558271	67.65535532
4.74660628	67.67763935
4.641945537	67.67763935
4.635345201	67.69992763
4.759830585	67.69992763
4.751316381	69.86172542
4.819856345	69.77258079
4.778022386	69.77258079
4.734265618	69.8171531
4.780832671	69.79486482
4.89440457	71.88980203
4.850940966	71.86752222
4.965262381	71.91209031
4.877271735	71.88980203
4.843502973	71.88980203
5.010814219	74.16303697
5.029824197	74.22989334
5.029753301	74.18532525
5.01072991	74.11846041
5.016987264	74.09618062
5.170360137	76.19111781
5.206574485	76.14654125
5.120980245	76.10197318
5.185106786	76.12425297
5.196373152	76.12425297
5.343495697	78.57577722
5.319962119	78.57577722
5.319971061	78.48663259
5.308592283	78.55349741
5.350211319	78.48663259
5.283753839	77.26087045
5.361448625	77.30544701
5.359131418	77.28315873
5.287863561	77.30544701
5.393079654	77.28315873
5.372985481	76.90428341
5.316970763	76.85971535
5.360136733	76.85971535
5.370551392	76.85971535
5.338556622	76.90428341
5.530551746	80.69300268
5.550165616	80.71529097
5.539407974	80.71529097
5.52983193	80.71529097
5.549021064	80.78215581
5.663474371	82.76566009
5.691554222	82.67651546
5.680456153	82.76566009
5.682212581	82.72108352
5.638749615	82.69879524
5.820341896	85.30632896
5.793668464	85.28404068
5.826883472	85.30632896
5.800019707	85.21718433
5.771447417	85.30632896
5.954163812	87.51269908
5.938888638	87.51269908
5.94795436	87.51269908
5.996673197	87.51269908
5.974252875	87.55727565
6.087380239	89.36249064
6.115117108	89.51849164
6.032513905	89.49620336
6.063943105	89.40705873
6.10035545	89.34020236
6.097121707	87.91386268
6.082006208	87.82470956
6.10404778	87.80242977
6.13046701	87.95843077
6.109094157	87.8915744
6.134825505	87.53498737
6.095505154	87.53498737
6.104125702	87.51269908
6.090048731	87.4904108
6.150398314	87.55727565
6.311359274	91.50199592
6.322978523	91.56886076
6.257467598	91.47971613
6.286076933	91.45742785
6.270657413	91.43513957
6.450055117	94.13181792
6.394870071	94.17638599
6.382138205	94.1541062
6.468618962	94.17638599
6.474545469	94.1541062
6.511379357	96.22675511
6.560639812	96.20446683
6.600585451	96.22675511
6.479122401	96.22675511
6.566852457	96.29361148
6.734077158	99.52516615
6.761256442	99.4583098
6.753144939	99.48059808
6.744961262	99.4583098
6.788766572	99.48059808
6.776048757	98.85656864
6.816203252	98.76742398
6.724270543	98.78971227
6.781101521	98.76742398
6.803283608	98.67827936
6.82680505	98.67827936
6.804156073	98.65599107
6.713109881	98.65599107
6.763883419	98.72285592
6.767023912	98.7451357
6.789063568	98.47770179
6.75675807	98.49999007
6.717616556	98.49999007
6.827530614	98.47770179
6.798920641	98.49999007
6.793403541	97.29650775
6.799204224	97.34108431
6.767925119	97.27422796
6.821542792	97.34108431
6.806673833	97.29650775
6.816541763	95.31217201
6.741443297	95.22302738
6.767268534	95.33446029
6.767065427	95.26759545
6.804401334	95.24530716
6.878810003	93.1280817
6.841297176	93.15036998
6.854027126	93.17265826
6.824706279	93.1280817
6.871916503	93.21723482
6.752504322	89.47308362
6.824953456	89.45079534
6.79849335	89.40622727
6.900087689	89.51766018
6.834863541	89.45079534
6.798534865	89.56222825
6.775984249	89.58451653
6.728104665	89.58451653
6.725410624	89.58451653
6.839575238	89.53994846
6.671224507	85.08263166
6.67778205	85.17177631
6.645816342	85.10491146
6.608859184	85.10491146
6.62331235	85.10491146
6.611559612	86.46439479
6.631336989	86.48668307
6.661412143	86.48668307
6.606767439	86.50897133
6.543181558	86.46439479
6.627863095	86.37525014
6.58837732	86.37525014
6.619883803	86.4198267
6.55734667	86.35296186
6.537147111	86.37525014
6.349560621	79.68927495
6.332809409	79.7561313
6.27736058	79.7561313
6.304826001	79.80070787
6.389792398	79.82299615
6.149011055	75.7222664
6.195887239	75.7222664
6.194494871	75.74454619
6.154005697	75.74454619
6.182912667	75.74454619
5.956694345	71.84439401
6.032049569	71.79982592
6.000534145	71.84439401
5.966010438	71.88897057
5.944306739	71.8221142
5.783378991	67.03049441
5.747423317	67.03049441
5.751628524	67.03049441
5.685436105	67.03049441
5.7310483	67.07506673
5.688891478	68.85799344
5.697619966	68.94714232
5.698975289	68.85799344
5.637152224	68.85799344
5.64207597	68.83570941
5.710467437	68.99171465
5.675115335	68.94714232
5.601945108	68.99171465
5.625926415	69.01399869
5.644405952	69.01399869
5.613029125	67.14192732
5.594782714	66.94134976
5.531637538	67.09735501
5.577346815	67.09735501
5.577159676	67.18649964
5.315155894	62.28345117
5.347956705	62.26116713
5.398387899	62.32802348
5.388599167	62.35031176
5.348205479	62.30573945
5.164438101	58.51702018
5.168476288	58.51702018
5.098799755	58.4947319
5.115130382	58.56159249
5.157673299	58.53930421
5.016944471	55.33003782
4.991960403	55.30774954
4.927905716	55.33003782
4.917834679	55.33003782
4.937480164	55.33003782
4.937677523	56.20060857
5.021309035	56.13374797
4.957926261	56.15603626
4.929659909	56.17832029
4.980727568	56.17832029
4.961485103	56.82463377
4.949094942	56.71320086
4.920960801	56.75777317
4.925281294	56.7800572
4.98736463	56.73548489
4.903413129	57.22578889
4.930109874	57.22578889
4.924110555	57.20350484
4.923391058	57.22578889
4.969889451	57.24807718
4.862097795	55.53201104
4.887672342	55.50972278
4.869207176	55.50972278
4.909257243	55.55429509
4.80115965	55.50972278
4.806930953	53.63765141
4.724938667	53.63765141
4.837203784	53.61536313
4.736854593	53.72679604
4.823389639	53.63765141
4.56121756	49.0689017
4.534554986	49.04661341
4.573862244	49.04661341
4.494232513	49.04661341
4.490371565	49.04661341
4.326033792	44.87902305
4.288013517	44.90131133
4.291802611	44.85673477
4.283692705	44.87902305
4.234691563	44.85673477
4.284032175	45.30246646
4.29053958	45.32475474
4.251194958	45.25789414
4.269084016	45.30246646
4.309110451	45.28018243
4.011441604	40.48856686
4.033027144	40.53313918
3.950077446	40.5108509
4.068825378	40.44399455
4.021478152	40.5108509
3.723962274	35.65237899
3.657938153	35.74152364
3.723490594	35.71923536
3.706112178	35.7638119
3.730339385	35.74152364
3.689063012	36.74441991
3.706222034	36.90042516
3.673550241	36.85585282
3.712653115	36.78899222
3.61336736	36.8781411
3.742977681	37.34615682
3.634231487	37.36844511
3.698793622	37.34615682
3.596656067	37.25701219
3.747558126	37.32387279
3.645323808	35.94210118
3.58500169	36.03125006
3.648345822	35.94210118
3.561703154	35.91981715
3.66195175	36.03125006
3.351662171	32.50996895
3.434441975	32.44310835
3.427006537	32.55454126
3.421500296	32.44310835
3.382832059	32.46539663
3.052312583	26.89375065
2.99611328	27.02746973
3.063187426	26.9160368
3.063365624	26.9160368
3.05793411	26.93832297
2.742013424	22.72615817
2.733202224	22.59243909
2.712542162	22.68158584
2.78695147	22.68158584
2.736807052	22.72615817
2.718124089	24.10792765
2.663372243	24.01878088
2.724089557	24.15249996
2.724335138	24.10792765
2.702042236	24.08563937
2.705967374	24.30850521
2.646210027	24.28621904
2.734493358	24.24164673
2.686660719	24.21936056
2.732816768	24.24164673
2.613067991	22.12442124
2.621274181	22.05756064
2.615181612	22.07984681
2.511773362	22.12442124
2.632728485	22.12442124
2.365422527	18.04597552
2.33487729	18.11283612
2.307717487	18.00140321
2.29414014	18.06826169
2.352315744	18.04597552
2.011936002	14.05667764
1.939061652	14.12353717
2.025160147	14.07896379
2.041632885	14.07896379
2.009280602	14.12353717
1.609729203	9.086769622
1.521644987	9.10905579
1.595488884	9.064482408
1.508632092	9.064482408
1.615100838	9.086769622
1.368414065	6.880397388
1.339817823	6.902684068
1.339723934	6.947256917
1.279330441	6.991830299
1.369713981	6.902684068
1.099492991	4.540306074
1.138812464	4.540306074
1.069254011	4.540306074
1.143049687	4.518019372
1.104864547	4.540306074
1.095117969	5.743781507
1.066165732	5.766068187
1.079992092	5.743781507
1.051891004	5.766068187
1.09326382	5.743781507
0.813920104	2.55679993
0.765545368	2.55679993
0.81484183	2.601373312
0.842152526	2.55679993
0.843532519	2.534513517
0.782350949	2.645946428
0.775501759	2.623659748
0.788701873	2.579086632
0.747635313	2.534513517
0.794709974	2.512226814
0.587076854	0.016129474
0.550073072	0.038416065
0.56322664	0.016129474
0.475320143	0.038416065
0.606690045	0.038416065
0.426160922	-3.995455641
0.428155705	-3.950882526
0.428155705	-3.950882526
0.427158293	-3.973168961
0.429153116	-3.928595846
0.436134877	-3.772589819
0.437132288	-3.750303117
0.437132288	-3.750303117
0.440124483	-3.683443588
0.437132288	-3.750303117
0.291512108	-7.004144222
0.275572027	-6.937284671
0.252610785	-6.959571374
0.307514842	-7.026430902
0.278749105	-7.004144222
0.29390097	-6.558412533
0.257833363	-6.580699235
0.287375581	-6.647559298
0.241464135	-6.625272618
0.316441647	-6.491553004
0.255136748	-6.424693453
0.228936653	-6.424693453
0.296777839	-6.33554671
0.295408603	-6.402406773
0.262974368	-6.469266302
0.296868594	-5.912101701
0.252731978	-5.77838211
0.223194691	-5.867528852
0.256328883	-5.889815021
0.273234421	-5.934388403
0.127285579	-7.31615681
0.239743394	-7.271583449
0.159366014	-7.31615681
0.141508812	-7.293870129
0.174388272	-7.271583449
0.008169483	-9.054510162
-0.005992108	-9.032223994
0.014939078	-9.076796309
0.006836504	-9.054510162
0.029670497	-9.054510162
-0.218375272	-11.28316856
-0.194181777	-11.28316856
-0.160360671	-11.30545471
-0.178434543	-11.2608824
-0.186243481	-11.30545471
-0.413418916	-13.24438774
-0.356534527	-13.28896112
-0.374174411	-13.28896112
-0.373146701	-13.22210157
-0.415146563	-13.22210157
-0.673857441	-15.56219289
-0.577146889	-15.53990567
-0.555416404	-15.56219289
-0.633078177	-15.53990567
-0.588907132	-15.53990567
-0.826502514	-17.70170452
-0.832674682	-17.72399174
-0.817383381	-17.72399174
-0.810641572	-17.65713114
-0.870281717	-17.65713114
-1.039319691	-19.90807571
-1.071284761	-19.88578954
-0.978549205	-19.88578954
-1.026862466	-19.84121723
-1.056605655	-19.84121723
-1.285551469	-22.04758946
-1.190174405	-22.02530118
-1.244847692	-22.06987563
-1.255529328	-22.02530118
-1.207928457	-22.04758946
-1.252266124	-21.51271103
-1.200869614	-21.51271103
-1.233458136	-21.51271103
-1.243033382	-21.51271103
-1.207587471	-21.51271103
-1.251190232	-20.46524031
-1.25449056	-20.48752859
-1.233662041	-20.48752859
-1.259037074	-20.48752859
-1.323084735	-20.46524031
-1.346444187	-22.13673409
-1.366471775	-22.11444794
-1.335305161	-22.15902237
-1.378867365	-22.13673409
-1.424675322	-22.15902237
-1.590775909	-24.61054662
-1.477997596	-24.63283279
-1.511551594	-24.65511893
-1.582734823	-24.6774051
-1.498496386	-24.63283279
-1.675790049	-26.88377734
-1.689505994	-26.90606351
-1.712810278	-26.92834965
-1.700148829	-26.88377734
-1.715719242	-26.90606351
-1.882180217	-29.11243574
-1.843471741	-29.0678634
-1.857491069	-29.11243574
-1.92859973	-29.09014957
-1.83901249	-29.11243574
-2.043652298	-31.2965218
-2.0171981	-31.25194738
-2.06693279	-31.25194738
-2.028972713	-31.25194738
-2.098085113	-31.2965218
-2.267215539	-33.43603344
-2.191954204	-33.43603344
-2.22224444	-33.4137473
-2.212999562	-33.4137473
-2.197708262	-33.4137473
-2.450310204	-35.79841092
-2.354602772	-35.77612264
-2.371848498	-35.79841092
-2.409314221	-35.79841092
-2.380930029	-35.79841092
-2.580105589	-38.02706933
-2.525343842	-38.02706933
-2.550591853	-38.00478105
-2.550083447	-38.00478105
-2.521356432	-38.00478105
-2.588476085	-36.1104214
-2.630132006	-36.1104214
-2.534778095	-36.15499796
-2.583382445	-36.13270968
-2.619312251	-36.06584908
-2.70560044	-38.22764689
-2.708788197	-38.22764689
-2.682969666	-38.20536283
-2.719277584	-38.27222345
-2.680225806	-38.22764689
-2.777231079	-40.47859355
-2.850216722	-40.52316589
-2.795430226	-40.45630527
-2.864975506	-40.45630527
-2.820462196	-40.45630527
-2.97303318	-42.57353076
-2.940775585	-42.57353076
-2.947733913	-42.61810732
-2.961729449	-42.59581904
-2.924405358	-42.52895845
-3.08480522	-44.44560635
-3.0315548	-44.44560635
-3.068510999	-44.44560635
-3.082291293	-44.44560635
-3.073770383	-44.42331807
-3.10901614	-43.82158116
-3.068857494	-43.82158116
-3.018361472	-43.86615347
-3.114628406	-43.86615347
-3.106831144	-43.82158116
-3.245617044	-46.62969244
-3.186166753	-46.69654879
-3.227416939	-46.65197647
-3.216457149	-46.67426475
-3.240981033	-46.67426475
-3.329922705	-49.30408251
-3.327522466	-49.32636654
-3.44512425	-49.32636654
-3.334343155	-49.28179423
-3.35894017	-49.32636654
-3.563776697	-51.35444738
-3.465667749	-51.35444738
-3.48728203	-51.37673141
-3.555927381	-51.3321591
-3.485493348	-51.35444738
-3.651722953	-53.67225041
-3.640635423	-53.67225041
-3.650046363	-53.67225041
-3.653958726	-53.64996638
-3.656877909	-53.6945387
-3.766883941	-55.61118238
-3.731769756	-55.61118238
-3.788005465	-55.63347066
-3.775241983	-55.63347066
-3.749029054	-55.63347066
-3.787858883	-54.65620549
-3.790767846	-54.63391721
-3.796813152	-54.63391721
-3.791150748	-54.61162892
-3.796699463	-54.61162892
-3.858808347	-53.00699572
-3.768714458	-53.029284
-3.823766654	-53.05156803
-3.852928146	-53.00699572
-3.785680593	-53.029284
-3.955983514	-55.94882395
-4.006887027	-55.94882395
-3.982805444	-55.97111223
-3.930114206	-55.94882395
-3.982309493	-55.97111223
-4.02666185	-58.17748235
-4.090859605	-58.24434295
-4.11527012	-58.22205891
-4.033963799	-58.22205891
-4.050805068	-58.19977063
-4.230856163	-60.42842903
-4.187904797	-60.40614075
-4.168245899	-60.40614075
-4.191423401	-60.40614075
-4.157270141	-60.42842903
-4.337596516	-62.45650987
-4.288802952	-62.41193331
-4.25397714	-62.43422159
-4.323651118	-62.45650987
-4.314417737	-62.45650987
-4.460492493	-64.7743129
-4.480647023	-64.7743129
-4.365406517	-64.7743129
-4.442904902	-64.75202462
-4.490275121	-64.75202462
-4.535407971	-66.75781718
-4.604277825	-66.75781718
-4.540067614	-66.78010546
-4.547675502	-66.75781718
-4.575310179	-66.71324487
-4.569976706	-64.8411735
-4.578549351	-64.8411735
-4.618743126	-64.81888522
-4.591045217	-64.88574584
-4.575503066	-64.7743129
-4.674767424	-67.0698319
-4.706615932	-67.18126481
-4.722264426	-67.09211594
-4.69065639	-67.02525959
-4.673370905	-67.09211594
-4.828350111	-69.34306262
-4.786133889	-69.3653509
-4.801514449	-69.32077434
-4.81076252	-69.32077434
-4.851415521	-69.32077434
-4.92459501	-71.48257215
-4.872803063	-71.50486043
-4.881198149	-71.50486043
-4.948229822	-71.50486043
-4.893518692	-71.48257215
-5.005115728	-73.28778714
-5.076082757	-73.3323637
-4.984287369	-73.28778714
-5.004277114	-73.28778714
-5.033625426	-73.31007542
-5.123132987	-75.76159965
-5.151641726	-75.78388793
-5.13799045	-75.80617621
-5.162057663	-75.78388793
-5.16642542	-75.78388793
-5.253854967	-78.03483461
-5.26297434	-78.01254633
-5.242414235	-77.96796977
-5.28928978	-77.96796977
-5.25547088	-77.99025805
-5.410573675	-80.33034936
-5.433804509	-80.30806108
-5.336583994	-80.2857728
-5.389456303	-80.30806108
-5.472157867	-80.2857728
-5.456536517	-78.34684509
-5.40861925	-78.36913337
-5.421218267	-78.36913337
-5.474635388	-78.36913337
-5.436622458	-78.39141318
-5.616396996	-80.97665861
-5.543486719	-80.97665861
-5.538660694	-80.95437033
-5.630266388	-80.93209053
-5.57310584	-80.95437033
-5.623600904	-82.73729705
-5.660505049	-82.75958533
-5.72443966	-82.71501724
-5.654347333	-82.73729705
-5.630940857	-82.75958533
-5.717506561	-84.94367564
-5.772397165	-84.96595545
-5.793784069	-84.94367564
-5.792488145	-84.92138736
-5.7815159	-84.94367564
-5.929058391	-87.06090113
-5.879045546	-87.03861285
-5.896126966	-87.06090113
-5.84169431	-87.06090113
-5.915330151	-87.03861285
-5.997494566	-89.08897348
-6.025548231	-89.08897348
-5.990698788	-89.04440541
-6.027680854	-89.11126176
-5.991665142	-89.06669369
-5.988946192	-88.15294205
-5.98620361	-88.17523033
-6.051429674	-88.15294205
-5.985872124	-88.17523033
-6.027629758	-88.13065377
-6.113774558	-90.51532165
-6.108971527	-90.55988971
-6.128670344	-90.53760143
-6.123896053	-90.49303337
-6.164242797	-90.55988971
-6.239725122	-93.12284687
-6.30238808	-93.12284687
-6.232677695	-93.12284687
-6.269013396	-93.10055859
-6.340743353	-93.10055859
-6.283739287	-91.80794011
-6.265666603	-91.85251667
-6.266823291	-91.78565183
-6.28100884	-91.83022839
-6.333372744	-91.85251667
-6.357928243	-93.90287732
-6.384751131	-93.9251656
-6.351919983	-93.88058904
-6.364188791	-93.88058904
-6.390351262	-93.90287732
-6.523171694	-96.06467935
-6.509735979	-96.06467935
-6.501163334	-96.06467935
-6.479320398	-96.06467935
-6.481907137	-96.10924744
-6.549792753	-98.31562603
-6.575156209	-98.31562603
-6.647899784	-98.31562603
-6.564678957	-98.27104947
-6.598562685	-98.29333775
-6.773601255	-100.8117183
-6.781781738	-100.8340066
-6.717656794	-100.8117183
-6.752698487	-100.7671503
-6.801199526	-100.7894301
-6.755931591	-100.0539762
-6.806616988	-100.0762645
-6.778104736	-100.0539762
-6.732118262	-100.0316879
-6.727076356	-100.0316879
-6.730902176	-99.89796671
-6.803358336	-99.8756869
-6.779568639	-99.92025499
-6.73881121	-99.96483155
-6.708221264	-99.89796671
-6.803221015	-98.51481217
-6.781554999	-98.51481217
-6.797468873	-98.53709196
-6.747404933	-98.53709196
-6.785656737	-98.55938024
-6.779175838	-96.75416524
-6.792830627	-96.73188544
-6.826472287	-96.70959715
-6.818865358	-96.73188544
-6.812095127	-96.75416524
-6.767334321	-93.18831179
-6.799974498	-93.16603201
-6.753111088	-93.16603201
-6.759374828	-93.14374373
-6.696711871	-93.14374373
-6.731569618	-93.72319661
-6.770331744	-93.7454764
-6.758950731	-93.72319661
-6.754582016	-93.72319661
-6.696962242	-93.72319661
-6.475978714	-88.7087152
-6.515007179	-88.68642692
-6.565018108	-88.7087152
-6.502025581	-88.7087152
-6.505213976	-88.7087152
-6.547906668	-88.93158105
-6.562905923	-88.90929277
-6.501589986	-88.90929277
-6.501538252	-88.93158105
-6.508357663	-88.88700449
-6.293169069	-84.67484181
-6.357902695	-84.65255355
-6.366806187	-84.65255355
-6.390491137	-84.65255355
-6.345925135	-84.67484181
-6.145906968	-80.75240134
-6.198371786	-80.73011306
-6.234220158	-80.77468963
-6.145358963	-80.77468963
-6.166455896	-80.73011306
-5.993217186	-75.9384975
-5.957531044	-75.89392944
-5.959664944	-75.91620922
-5.910490075	-75.89392944
-5.927811008	-75.96078578
-5.925650921	-77.49855839
-5.871103937	-77.47627011
-5.906003839	-77.49855839
-5.870341967	-77.52084667
-5.923644122	-77.49855839
-5.705536665	-71.25831487
-5.620701841	-71.25831487
-5.662295967	-71.21374679
-5.629604055	-71.25831487
-5.640400657	-71.23602659
-5.37031635	-66.71185344
-5.373175176	-66.71185344
-5.419035186	-66.71185344
-5.448892543	-66.73414172
-5.433997397	-66.71185344
-5.440805311	-67.13529685
-5.463145795	-67.13529685
-5.39006754	-67.13529685
-5.38019961	-67.11301279
-5.410439548	-67.11301279
-5.157111881	-62.4551142
-5.19201274	-62.47740248
-5.153378035	-62.47740248
-5.191847317	-62.47740248
-5.227673973	-62.4551142
-4.958410716	-58.17609092
-4.898657042	-58.15380689
-4.97073062	-58.15380689
-4.961699707	-58.13151861
-4.929226231	-58.15380689
-4.896199001	-59.82530069
-4.927275957	-59.82530069
-4.921904801	-59.82530069
-4.935415244	-59.86987301
-4.896542941	-59.82530069
-4.801688495	-57.35148816
-4.844578865	-57.32919988
-4.760631196	-57.30691585
-4.816410234	-57.30691585
-4.789547108	-57.37377645
-4.730312378	-55.59084973
-4.71075663	-55.54627317
-4.717828647	-55.61313377
-4.754734389	-55.63542205
-4.64921108	-55.56856145
-4.755826887	-56.23660325
-4.681696372	-56.25888728
-4.693167762	-56.23660325
-4.683881049	-56.25888728
-4.682245336	-56.23660325
-4.610885187	-53.31705905
-4.524208029	-53.31705905
-4.538076783	-53.27248674
-4.560925354	-53.27248674
-4.595315892	-53.29477077
-4.378198421	-49.97407145
-4.366146771	-49.95178317
-4.356188464	-49.97407145
-4.400155046	-49.99635973
-4.45955488	-49.95178317
-4.110386931	-44.58071899
-4.11559458	-44.58071899
-4.155814861	-44.62529131
-4.0503171	-44.62529131
-4.086649927	-44.60300303
-4.028860897	-46.22992449
-4.029459679	-46.18535218
-4.000971698	-46.22992449
-4.044001305	-46.14077986
-4.100539758	-46.25221277
-4.052033928	-46.38592974
-4.023866255	-46.36364571
-4.045824158	-46.38592974
-4.082348914	-46.4305063
-4.057292034	-46.36364571
-3.725535714	-40.10111391
-3.699158001	-40.10111391
-3.725192732	-40.10111391
-3.76193305	-40.12340219
-3.719859259	-40.07882987
-3.534169392	-36.00038416
-3.510815608	-36.00038416
-3.552355445	-35.97809588
-3.468433963	-36.02266819
-3.461663732	-36.04495648
-3.248783085	-31.11962184
-3.165941966	-31.05276124
-3.214443005	-31.07504741
-3.134811997	-31.07504741
-3.151945152	-31.07504741
-2.885023053	-26.66230505
-2.857110541	-26.59544443
-2.898789296	-26.66230505
-2.835290279	-26.66230505
-2.83550616	-26.64001888
-2.795313982	-28.44523177
-2.817436989	-28.46751791
-2.862674266	-28.44523177
-2.829337905	-28.40065732
-2.855613426	-28.44523177
-2.428523155	-22.00440857
-2.413232333	-22.00440857
-2.506857599	-21.9821224
-2.452067431	-22.07126917
-2.448130957	-22.02669472
-2.424535425	-22.45014024
-2.399429684	-22.40556792
-2.430123899	-22.42785409
-2.414616078	-22.45014024
-2.442888179	-22.42785409
-2.099432134	-17.68081085
-2.10693719	-17.70309808
-2.023372103	-17.6585247
-2.059057607	-17.70309808
-2.071034688	-17.68081085
-1.761663402	-13.93666496
-1.700907765	-13.91437879
-1.763861331	-13.93666496
-1.786252912	-13.91437879
-1.761003943	-13.93666496
-1.448382467	-10.68282412
-1.432304925	-10.66053691
-1.414320701	-10.66053691
-1.482548021	-10.57139121
-1.434144863	-10.66053691
-1.327544784	-8.743891114
-1.25981589	-8.677031029
-1.306538786	-8.743891114
-1.219734047	-8.721604412
-1.233576216	-8.76617726
-1.218761386	-9.947366012
-1.23975485	-9.947366012
-1.240592985	-9.947366012
-1.315688098	-9.947366012
-1.258120139	-9.925079844
-1.017730638	-6.804958085
-0.97057606	-6.782671405
-0.990806436	-6.827244787
-1.008040905	-6.782671405
-1.050091942	-6.760384702
-1.010245541	-7.005537227
-1.037866007	-7.05011061
-0.975689102	-6.983250547
-1.013177977	-7.05011061
-1.017141756	-7.005537227
-1.046816684	-7.183830223
-1.009262181	-7.228403072
-1.024044677	-7.228403072
-0.986631088	-7.206116392
-0.999393931	-7.206116392
-0.687850502	0.282175563
-0.675177956	0.415895087
-0.693232756	0.371321905
-0.734982646	0.415895087
-0.734652597	0.415895087
-0.464354165	2.488547374
-0.457256041	2.555407192
-0.467801474	2.533120489
-0.523025121	2.510834076
-0.484953031	2.711413219
-0.339744913	3.424583846
-0.432904407	3.469156961
-0.400565457	3.424583846
-0.405062072	3.491443664
-0.360501938	3.469156961
-0.441761274	2.934279063
-0.363265797	2.911992361
-0.347301824	2.911992361
-0.322269734	2.911992361
-0.344656165	2.934279063
-0.297019986	3.803455717
-0.301352235	3.870315535
-0.268043578	3.8480291
-0.275387722	3.82574242
-0.318474532	3.781169304
-0.308625563	3.38001073
-0.270783645	3.35772405
-0.242847421	3.335437615
-0.276993695	3.35772405
-0.252291714	3.35772405
-0.237399202	2.533120489
-0.242394163	2.510834076
-0.256420078	2.555407192
-0.304205413	2.510834076
-0.235497549	2.510834076
-0.217662402	2.243394849
-0.21253012	2.109675502
-0.234299726	2.243394849
-0.309018783	2.221108414
-0.283148777	2.221108414
-0.336882135	1.708516929
-0.29343861	1.909096227
-0.30296775	1.886809658
-0.258858159	1.753090044
-0.254193366	1.775376746
-0.308933237	1.173638897
-0.315321665	1.173638897
-0.341191651	1.173638897
-0.276806277	1.151352328
-0.310693537	1.129065781
-0.315626285	0.661047479
-0.322263407	0.616474363
-0.310550009	0.63876091
-0.330375129	0.63876091
-0.323444604	0.616474363
-0.357689737	0.438181678
-0.385697017	0.415895087
-0.302372161	0.415895087
-0.350038977	0.393608496
-0.303553359	0.415895087
-0.285078533	0.170742651
-0.328753946	0.170742651
-0.307464943	0.193029243
-0.405619938	0.215315811
-0.362866968	0.170742651
-0.298848687	0.081596331
-0.328414317	0.081596331
-0.31337209	0.037023149
-0.377592819	0.05930974
-0.427656041	0.05930974
-0.347694026	0.148456082
-0.375159208	0.1038829
-0.311658874	0.1038829
-0.341897934	0.1038829
-0.357188916	0.1038829
-0.318662191	1.01763287
-0.348524218	0.995346234
-0.305272502	1.039919417
-0.335181434	1.039919417
-0.418671474	1.039919417
-0.446304315	1.418791288
-0.376961343	1.351931626
-0.367301389	1.396504742
-0.321191946	1.441077991
-0.319799059	1.418791288
-0.411324775	2.243394849
-0.413212696	2.265681529
-0.346653103	2.332541347
-0.370292027	2.310254645
-0.369241444	2.287968232
-0.371000346	2.911992361
-0.361932229	2.911992361
-0.394436722	2.956565743
-0.346557538	2.956565743
-0.366961401	2.911992361
-0.290017168	3.246291117
-0.312488028	3.224004704
-0.285318704	3.246291117
-0.321060453	3.224004704
-0.301117473	3.246291117
-0.275809204	3.446870548
-0.304786231	3.402297433
-0.377235825	3.424583846
-0.346832259	3.424583846
-0.354731953	3.424583846
-0.227428261	3.535459729
-0.232046209	3.490886613
-0.276724523	3.490886613
-0.243002207	3.513173026
-0.302806538	3.513173026
-0.060281381	5.452105788
-0.047931593	5.40753294
-0.063434927	5.429819086
-0.06564642	5.273813326
-0.109035575	5.385246237
-0.190028743	1.774819562
-0.1297536	1.707959767
-0.153973981	1.551953718
-0.079726758	1.641100082
-0.076253268	1.752533016
-0.150948693	3.245734088
-0.144395361	3.245734088
-0.137511941	3.245734088
-0.202688755	3.245734088
-0.18202566	3.245734088
-0.115795258	5.073234184
-0.089915202	4.984087419
-0.100376067	5.006374099
-0.09554613	5.028660801
-0.096007432	5.006374099
-0.023195313	7.14588627
0.060600607	7.079026741
0.034481881	7.034453359
0.083909377	7.101312888
0.092304124	7.101312888
0.04056249	6.076130451
0.056489503	6.009270389
0.100202231	6.076130451
0.127630388	6.053843771
0.077189908	6.076130451
0.262411552	9.107105445
0.271987098	9.107105445
0.206928433	9.129392682
0.271149142	9.107105445
0.271101758	9.129392682
0.518109079	11.42491061
0.532891655	11.42491061
0.479687381	11.4026234
0.530164761	11.44719676
0.448896403	11.51405631
0.802415981	13.72042854
0.775862306	13.80957531
0.765364456	13.76500193
0.690066875	13.69814238
0.71622256	13.80957531
0.918025177	15.85994018
0.969718764	15.8822274
0.966530927	15.8822274
0.988657846	15.90451356
1.036076447	15.8822274
1.204625255	18.26689209
1.221131685	18.24460594
1.230882015	18.15545918
1.186570535	18.22231766
1.225509821	18.15545918
1.399209035	20.65155574
1.461457155	20.60698343
1.396020958	20.65155574
1.427983314	20.62926957
1.426471828	20.62926957
1.612181974	22.59048982
1.617388984	22.59048982
1.583288896	22.59048982
1.638724632	22.59048982
1.650706823	22.47905691
1.632604759	21.94417845
1.654105511	21.94417845
1.597996424	21.94417845
1.604089632	21.9218923
1.558017094	21.94417845
1.851880719	24.93058113
1.763893905	24.99743961
1.829319244	25.04201406
1.814711034	24.9528673
1.833567564	24.93058113
1.93569458	23.14765442
1.925445664	23.14765442
1.883070566	23.16994059
1.907734645	23.10307997
1.852039596	23.14765442
1.987688676	25.19801929
1.98920112	25.19801929
2.01091392	25.17573314
2.00692172	25.15344697
1.958463154	25.10887252
2.103818732	27.1815257
2.111210579	27.1815257
2.077525008	27.22609802
2.119854759	27.22609802
2.092637792	27.22609802
2.333103457	29.36560965
2.329869714	29.38789793
2.29593489	29.38789793
2.309667601	29.41018408
2.255494098	29.36560965
2.450264218	31.5051234
2.43434715	31.48283512
2.477066189	31.46054895
2.492512694	31.54969572
2.496547687	31.46054895
2.609485197	33.77835412
2.565089888	33.80064029
2.593614595	33.73378181
2.611090253	33.73378181
2.653255059	33.73378181
2.800456164	36.05158695
2.734136324	36.11844332
2.777561926	36.07387101
2.722762336	36.00701039
2.768632247	35.91786576
3.017640059	38.32481767
2.997024387	38.30252939
3.00004704	38.30252939
2.920040795	38.32481767
2.940280272	38.36939001
3.135639754	40.46432719
3.085457015	40.44204316
3.11023095	40.48661547
3.053660242	40.46432719
3.110655047	40.44204316
3.335728178	42.80441851
3.258330388	42.78213447
3.311039828	42.80441851
3.219273182	42.82670679
3.31456961	42.80441851
3.470266716	44.74335472
3.398276807	44.78792703
3.418526823	44.74335472
3.353053262	44.72106643
3.409539023	44.6987824
3.433717369	43.00500032
3.488395606	42.96042798
3.500192733	43.0272886
3.475914749	42.98271204
3.473056562	42.98271204
3.414312993	42.8712791
3.455427456	42.89356738
3.388193954	42.82670679
3.432447951	42.8712791
3.444506307	42.89356738
3.67664858	47.35088419
3.624908688	47.35088419
3.651912009	47.37317247
3.636800343	47.37317247
3.697902953	47.3954565
3.803774993	49.46810966
3.846612032	49.46810966
3.843542434	49.49039794
3.813562128	49.44582138
3.838548751	49.46810966
3.912947839	51.83048925
3.972337454	51.78591269
3.932985167	51.80820097
4.014963402	51.80820097
4.011267558	51.80820097
4.12291601	54.01457109
4.117210813	53.92542646
4.138796033	53.96999878
4.126669336	53.90313818
4.138880022	54.01457109
4.229381402	55.70835318
4.209476285	55.75292549
4.207032615	55.79749781
4.145044126	55.79749781
4.207686325	55.97579134
4.200614628	56.06494021
4.15837701	55.93121902
4.233674112	55.99807962
4.210200572	55.97579134
4.260678072	56.02036365
4.261882023	54.34775842
4.26750387	54.39233073
4.262509547	54.37004245
4.211277102	54.37004245
4.267644384	54.32547013
4.399884556	58.09190112
4.431635342	58.09190112
4.464942962	58.06961709
4.463008017	58.11418941
4.474390308	58.13647769
4.544407588	56.62098913
4.52630712	56.59870085
4.462049646	56.55412854
4.447256692	56.64327317
4.396153265	56.57641682
4.662788267	60.58800193
4.655278101	60.56571365
4.663343937	60.56571365
4.589382998	60.58800193
4.650533192	60.58800193
4.846859347	63.12867081
4.790114274	63.19553141
4.841487233	63.12867081
4.767030981	63.15095909
4.843352559	63.03952616
5.002011322	64.9338858
4.931958913	64.9338858
4.942288625	64.88930924
4.86525713	64.9338858
4.907883078	64.95616984
4.996861476	67.16254421
5.033983418	67.16254421
5.039910882	67.14025593
5.068756537	67.16254421
5.100129531	67.18482824
5.072535092	66.69452424
5.016887627	66.71681252
5.072240012	66.67223595
5.05162402	66.64995192
5.105712736	66.64995192
5.176226287	69.36891431
5.235772064	69.41348664
5.170003423	69.36891431
5.220599082	69.43577492
5.211955222	69.39120259
5.352376835	72.08787671
5.423942965	72.08787671
5.386736076	72.04330862
5.398449214	72.06558843
5.412560674	72.06558843
5.335058137	70.72839763
5.409434871	70.75068167
5.379030148	70.75068167
5.445389268	70.75068167
5.475250457	70.77296995
5.461333162	70.41638291
5.42432874	70.43867119
5.424703658	70.41638291
5.339241629	70.39409888
5.39383907	70.39409888
5.650611571	74.13824583
5.660271285	74.1828139
5.695006401	74.11595755
5.678830659	74.13824583
5.630113739	74.13824583
5.793784708	76.21089474
5.739648409	76.23318302
5.740651808	76.23318302
5.649096572	76.23318302
5.701049152	76.21089474
5.826857285	78.57327433
5.873097323	78.55098605
5.886663333	78.57327433
5.893712037	78.57327433
5.902662155	78.55098605
6.025525238	81.20308786
6.012254308	81.20308786
6.048999417	81.22537614
6.080240839	81.22537614
6.087465825	81.22537614
6.127380806	83.18660061
6.158751884	83.20888042
6.179839876	83.16431233
6.214072335	83.18660061
6.206938683	83.14202405
6.250829578	85.12552833
6.296149248	85.14781661
6.301944821	85.10324005
6.306313536	85.10324005
6.292712398	85.10324005
6.419081311	87.17589745
6.432351602	87.17589745
6.365535172	87.15360917
6.399764437	87.17589745
6.33903866	87.13132088
6.508955487	89.27083466
6.548981602	89.24854638
6.573716577	89.22625809
6.606556667	89.27083466
6.565948695	89.24854638
6.605308007	87.35418673
6.562055174	87.30961866
6.571750016	87.33189845
6.534119668	87.33189845
6.585773336	87.28733038
6.610899195	87.24275382
6.548238793	87.24275382
6.560540175	87.22046554
6.500273624	87.19818573
6.560540175	87.22046554
6.728212606	89.73885461
6.745641479	89.76114289
6.730480633	89.78342269
6.726699523	89.73885461
6.644095042	89.71656632
6.756557518	92.27952348
6.781965684	92.2572352
6.76374546	92.21266713
6.846184517	92.23494692
6.849965627	92.27952348
6.973339032	94.50818188
6.899260571	94.50818188
6.9640223	94.46360532
6.914669234	94.53047017
6.95204985	94.4858936
7.034529783	95.91223328
7.078879266	95.91223328
7.080177107	95.93452156
7.048308481	95.91223328
7.062004147	95.86766521
7.077932073	95.80080037
6.988562471	95.80080037
7.065594285	95.75623228
7.051600984	95.77852056
7.073940191	95.77852056
7.065053305	95.51107815
7.035736928	95.55565472
7.06270544	95.51107815
7.006595556	95.51107815
7.031417393	95.53336643
7.057682057	95.33278889
7.107534588	95.35506868
7.134288496	95.33278889
7.129035819	95.35506868
7.124250032	95.31050061
7.10636321	93.30470805
7.071850361	93.26013149
7.108430685	93.28241977
7.036488679	93.30470805
7.05534505	93.28241977
7.146561775	89.38226757
7.166928034	89.35997929
7.105105608	89.35997929
7.10942642	89.38226757
7.043953817	89.35997929
7.197677656	89.35997929
7.123040332	89.38226757
7.099935962	89.42684413
7.030931342	89.40455585
7.078550974	89.44912394
7.129548057	89.40455585
7.164781999	89.42684413
7.156644948	89.38226757
7.134426455	89.40455585
7.050591198	89.40455585
7.129924891	89.38226757
7.137105167	89.40455585
7.155088433	89.40455585
7.080087689	89.35997929
7.133290206	89.38226757
6.919348996	84.88037422
7.000114656	84.9026625
6.979826957	84.88037422
6.95239858	84.9026625
6.940803602	84.9026625
6.90540232	85.81641414
6.927530117	85.83870242
6.953235917	85.83870242
6.893478411	85.81641414
6.9206941	85.81641414
6.649420531	80.24476814
6.669867906	80.26705642
6.690366377	80.26705642
6.653245712	80.26705642
6.681299377	80.26705642
6.499253618	76.36690424
6.522559818	76.38919252
6.466536797	76.43376058
6.490942202	76.4114723
6.434205751	76.38919252
6.240192652	71.50842383
6.291931267	71.50842383
6.281634767	71.53071211
6.267229505	71.50842383
6.252234082	71.53071211
6.014734384	67.22940056
5.982145942	67.22940056
6.069166402	67.22940056
6.096891136	67.22940056
6.107140371	67.22940056
6.049939585	67.60827587
6.061441951	67.65284819
5.989711994	67.65284819
5.998992959	67.63055991
5.956993257	67.63055991
5.994457543	67.63055991
5.964727288	67.63055991
6.04082596	67.63055991
6.021839933	67.63055991
6.044851692	67.63055991
6.026975089	69.03461555
6.060909275	69.03461555
6.009238362	69.07918786
6.010750806	69.07918786
5.959850167	69.07918786
5.893176806	67.05111127
5.840810987	67.02882299
5.930478862	67.05111127
5.920063564	67.05111127
5.960927017	67.02882299
5.726838621	62.19263512
5.64741104	62.25949571
5.648165346	62.21491915
5.58987302	62.21491915
5.677141934	62.25949571
5.476414809	58.8050752
5.47855318	58.82735925
5.447983033	58.82735925
5.487431763	58.76049864
5.457737914	58.82735925
5.33544998	56.13068513
5.273625957	56.13068513
5.292779004	56.13068513
5.298953327	56.15296916
5.382115074	56.15296916
5.316305875	56.97757192
5.345670474	56.91071557
5.368931646	56.95528789
5.290648297	56.95528789
5.309292619	56.95528789
5.208700401	55.59580456
5.305250599	55.61809284
5.319361102	55.61809284
5.27501098	55.61809284
5.242965114	55.59580456
5.128409296	53.32257384
5.114678182	53.30028556
5.069278675	53.32257384
5.162639839	53.34486213
5.206033186	53.32257384
4.978145619	49.75672042
4.969574571	49.75672042
4.871973391	49.75672042
4.908766402	49.75672042
4.900949659	49.80129273
4.64091627	44.67537842
4.546588113	44.71995073
4.621387029	44.6976667
4.639865607	44.6976667
4.645910593	44.6976667
4.601002247	46.4360211
4.616670541	46.41373281
4.606587368	46.41373281
4.616704073	46.39144453
4.536910196	46.39144453
4.565301095	44.96510486
4.551983221	44.98739314
4.524978303	44.96510486
4.506665148	44.96510486
4.451737179	44.96510486
4.297867716	40.5969327
4.27077849	40.53007636
4.179472985	40.57464867
4.255618282	40.55236039
4.284430724	40.5969327
3.956139996	35.58245343
3.996924249	35.6047396
4.006796012	35.62702788
3.919868484	35.58245343
3.956154047	35.58245343
3.757545813	31.74915971
3.758763177	31.81602031
3.744866959	31.79373416
3.648222233	31.81602031
3.661869997	31.79373416
3.284832329	26.89068569
3.324186531	26.86839952
3.369503007	26.89068569
3.393697321	26.89068569
3.417632323	26.93525801
3.298011924	28.47303273
3.341014067	28.47303273
3.349243411	28.47303273
3.276002926	28.47303273
3.317210319	28.45074656
3.161812125	26.69010599
3.194235782	26.69010599
3.184032853	26.66781985
3.250343751	26.69010599
3.240471349	26.66781985
3.002885746	22.67852088
3.019853158	22.67852088
2.892048445	22.65623473
2.944414903	22.67852088
2.921779978	22.65623473
2.881773023	23.01281966
2.961048913	23.1019664
2.981132548	23.05739197
2.948545702	23.05739197
2.972196801	23.07968025
2.544290749	18.1543435
2.599358593	18.08748502
2.619884048	18.24349026
2.580375121	18.17663178
2.601249467	18.1543435
2.257993814	14.34333806
2.19273294	14.29876575
2.247956148	14.32105189
2.301301256	14.27647851
2.281395979	14.32105189
1.770084515	9.217423744
1.813087616	9.217423744
1.79086593	9.239710957
1.718674831	9.217423744
1.752407027	9.150564215
1.751144475	10.64376555
1.727585828	10.576906
1.691551274	10.62147939
1.755475347	10.576906
1.766185564	10.59919217
1.447476788	6.855046261
1.501908965	6.855046261
1.408004427	6.855046261
1.453534229	6.855046261
1.463370225	6.810473413
1.206384078	4.53724165
1.238430263	4.55952833
1.172580667	4.55952833
1.215087418	4.55952833
1.211651366	4.514954948
0.979158525	2.353156363
0.977222942	2.397729479
0.921537714	2.353156363
0.938754618	2.397729479
0.936273744	2.375443043
0.945134523	3.218711542
0.969244289	3.174138449
0.932158992	3.240998245
0.963377022	3.174138449
0.933976336	3.174138449
0.75258341	0.321455673
0.739772664	0.343742264
0.663791952	0.366028855
0.697642428	0.321455673
0.722415485	0.366028855
0.386761691	-6.631958784
0.393748721	-6.676531633
0.38155516	-6.631958784
0.3285208	-6.65424493
0.364371029	-6.609672082
0.350733325	-6.208513263
0.355267903	-6.208513263
0.353972857	-6.230799943
0.361580424	-6.253086646
0.310640365	-6.230799943
0.156153518	-8.838330484
0.187014214	-8.816043804
0.080624602	-8.793757102
0.122572784	-8.771470421
0.156964179	-8.749184253
-0.087778278	-11.02241604
-0.048637342	-11.02241604
-0.022932231	-11.02241604
-0.112923758	-11.04470218
-0.095387193	-11.0001288
-0.272396844	-13.36250735
-0.272524106	-13.3847935
-0.312681534	-13.3847935
-0.316325822	-13.40707967
-0.362110067	-13.36250735
-0.343594923	-11.91387939
-0.298903316	-11.91387939
-0.400198045	-11.91387939
-0.297264768	-11.89159216
-0.306892687	-11.86930601
-0.426481789	-13.47394026
-0.415229354	-13.47394026
-0.463947113	-13.47394026
-0.463439346	-13.47394026
-0.470322227	-13.47394026
-0.655642007	-16.19290267
-0.63697601	-16.12604312
-0.692029284	-16.14833035
-0.692485156	-16.1706165
-0.718281093	-16.12604312
-0.822402453	-17.73067739
-0.766622537	-17.73067739
-0.819036499	-17.73067739
-0.828155952	-17.70839122
-0.849327294	-17.70839122
-1.048552194	-19.98162194
-0.994895959	-19.93704963
-1.007165565	-19.93704963
-1.048325375	-19.93704963
-1.054535944	-19.93704963
-1.202608557	-22.09884741
-1.165308577	-22.09884741
-1.240517778	-22.12113358
-1.19454312	-22.09884741
-1.202495347	-22.07656126
-1.221330481	-21.51939666
-1.235110535	-21.51939666
-1.225586225	-21.49711049
-1.219781711	-21.54168281
-1.213062576	-21.54168281
-1.419851692	-24.50579934
-1.431663988	-24.48351317
-1.492038959	-24.52808549
-1.430836391	-24.55037166
-1.437986809	-24.50579934
-1.623652246	-26.68988329
-1.591850204	-26.71217157
-1.601477824	-26.68988329
-1.677868702	-26.71217157
-1.629202558	-26.68988329
-1.749517065	-28.71796413
-1.777000529	-28.67338968
-1.785305239	-28.71796413
-1.831786387	-28.74025028
-1.761111883	-28.71796413
-1.849621634	-27.18018941
-1.796421192	-27.15790324
-1.806238346	-27.20247558
-1.875401842	-27.22476173
-1.842522472	-27.20247558
-1.949099637	-29.07454906
-1.923941843	-29.05226289
-1.890628794	-29.07454906
-1.980887468	-29.05226289
-1.944872554	-29.00768844
-2.028718989	-31.28092129
-2.148163265	-31.28092129
-2.074248791	-31.28092129
-2.048760629	-31.25863301
-2.055911046	-31.21406069
-2.225700611	-33.44271907
-2.203958749	-33.39814676
-2.290712072	-33.44271907
-2.25879698	-33.44271907
-2.217687628	-33.42043293
-2.451011338	-35.78280828
-2.393368412	-35.71595193
-2.337447263	-35.78280828
-2.37063337	-35.73823596
-2.352941671	-35.76052424
-2.470892345	-37.87774971
-2.494680445	-37.8331774
-2.533491592	-37.8331774
-2.581827846	-37.85546143
-2.531764225	-37.85546143
-2.702339871	-40.10640811
-2.642027014	-40.10640811
-2.720982915	-40.10640811
-2.732287923	-40.08411983
-2.742992872	-40.10640811
-2.876540465	-42.15677299
-2.863344263	-42.20134532
-2.847482443	-42.15677299
-2.855928625	-42.1344847
-2.820939306	-42.15677299
-2.823054684	-40.48527918
-2.937266881	-40.41841859
-2.9053759	-40.48527918
-2.909288263	-40.46299092
-2.848975406	-40.46299092
-3.071516087	-42.8476588
-2.986388418	-42.82537052
-2.934978415	-42.82537052
-2.983583244	-42.80308224
-3.016753862	-42.8476588
-3.131995006	-44.67515783
-3.107282067	-44.60829723
-3.061917688	-44.60829723
-3.045355852	-44.65286955
-3.044060247	-44.63058551
-3.139854223	-44.22942614
-3.122455687	-44.27399848
-3.057722061	-44.29628676
-3.056592838	-44.27399848
-3.151678175	-44.27399848
-3.281628285	-46.90381623
-3.314051942	-46.90381623
-3.234805113	-46.88152795
-3.164458902	-46.85924392
-3.238994673	-46.88152795
-3.389753342	-48.90960879
-3.373915792	-48.93189282
-3.353736353	-48.86503647
-3.400675768	-48.90960879
-3.389296671	-48.88732051
-3.513357958	-51.36113301
-3.558431089	-51.33884473
-3.518667479	-51.3165607
-3.469278965	-51.3165607
-3.517817368	-51.3165607
-3.605896794	-53.50064254
-3.656579317	-53.52293082
-3.638609783	-53.52293082
-3.709284286	-53.5452191
-3.619242132	-53.5452191
-3.762298387	-55.70701691
-3.771087871	-55.68472863
-3.842817189	-55.68472863
-3.792080377	-55.68472863
-3.782290687	-55.70701691
-3.821053133	-54.61135318
-3.804646181	-54.5890649
-3.77839525	-54.61135318
-3.790879938	-54.5890649
-3.76509941	-54.54449258
-3.813163578	-53.29644219
-3.819959357	-53.34101875
-3.831933724	-53.31873047
-3.882163727	-53.31873047
-3.797783977	-53.34101875
-3.912664575	-55.79254298
-3.983847165	-55.81482701
-3.951018571	-55.77025469
-3.893348021	-55.79254298
-3.966372625	-55.81482701
-4.122893336	-59.80412809
-4.225991497	-59.82641212
-4.159633335	-59.82641212
-4.126105044	-59.87098446
-4.172396178	-59.82641212
-4.262464838	-62.63452341
-4.310053812	-62.61223513
-4.316059199	-62.63452341
-4.312415729	-62.61223513
-4.290571196	-62.61223513
-4.515000515	-66.958119
-4.585219944	-66.958119
-4.558601121	-66.91354668
-4.523485659	-66.91354668
-4.548643453	-66.93583497
-4.512895996	-66.37867037
-4.594925326	-66.35638208
-4.586529601	-66.35638208
-4.533558932	-66.37867037
-4.574045551	-66.37867037
-4.536995143	-65.10833169
-4.620052463	-65.15290825
-4.604140185	-65.13061997
-4.603011281	-65.10833169
-4.563756077	-65.08604766
-4.795194502	-69.07534449
-4.782672769	-69.11991681
-4.74938431	-69.05306043
-4.809976279	-69.07534449
-4.758781837	-69.05306043
-4.955981417	-71.66058993
-4.942140765	-71.61601337
-4.910340161	-71.63830165
-4.888659135	-71.63830165
-4.868378143	-71.61601337
-5.026006042	-74.11211415
-5.018107546	-74.11211415
-5.035455304	-74.08982587
-5.042352317	-74.08982587
-5.009546078	-74.11211415
-5.129699791	-76.07333015
-5.214003536	-76.0064738
-5.10499771	-76.07333015
-5.064051865	-76.05104187
-5.155062609	-76.07333015
-5.264629534	-78.19055562
-5.301930312	-78.19055562
-5.331154077	-78.19055562
-5.255892423	-78.19055562
-5.235063105	-78.19055562
-5.362734969	-80.55293524
-5.429932065	-80.55293524
-5.439290951	-80.57522352
-5.408811499	-80.53064695
-5.349794247	-80.55293524
-5.447726914	-78.54714268
-5.423824167	-78.56943096
-5.426224405	-78.54714268
-5.452554216	-78.56943096
-5.506932582	-78.59171924
-5.648410607	-82.31357367
-5.635863325	-82.29128539
-5.589787434	-82.31357367
-5.616039323	-82.29128539
-5.612636963	-82.31357367
-5.819643796	-85.1885413
-5.785760707	-85.16626151
-5.734083407	-85.21082958
-5.741019062	-85.1885413
-5.779448425	-85.21082958
-5.912569046	-87.08290095
-5.87040456	-87.08290095
-5.857351427	-87.06062114
-5.919960733	-87.08290095
-5.862431016	-87.03833286
-6.003396803	-89.0886935
-5.95916037	-89.11098179
-5.983013298	-89.11098179
-5.996409413	-89.13327007
-6.038219421	-89.0664137
-6.036485348	-88.39781618
-6.005357615	-88.42009597
-6.01434797	-88.3755279
-5.995655746	-88.39781618
-6.014807196	-88.39781618
-6.100646698	-90.69333094
-6.075996032	-90.67104265
-6.134237262	-90.69333094
-6.148070248	-90.67104265
-6.132830842	-90.64875437
-6.145554405	-90.20302271
-6.100100608	-90.24759925
-6.097346529	-90.20302271
-6.16511143	-90.24759925
-6.116154997	-90.20302271
-6.111088182	-90.13616633
-6.073457834	-90.13616633
-6.083085613	-90.11387805
-6.174475426	-90.11387805
-6.147984662	-90.09158977
-6.19048319	-91.6962272
-6.196935986	-91.74080377
-6.197048398	-91.76308357
-6.171283837	-91.71851548
-6.17241306	-91.74080377
-6.30313025	-93.63516341
-6.342295397	-93.70201976
-6.292119683	-93.6797315
-6.271672309	-93.65744322
-6.324250177	-93.65744322
-6.273885408	-92.09738233
-6.364094901	-92.09738233
-6.323202707	-92.05281426
-6.324547812	-92.05281426
-6.319796515	-92.07510254
-6.52309505	-95.95296644
-6.513012516	-95.95296644
-6.497823567	-95.90838988
-6.478363624	-95.97525473
-6.484678461	-95.93067816
-6.660958665	-98.11476
-6.634819826	-98.15933657
-6.577559002	-98.07019194
-6.573671229	-98.15933657
-6.620089464	-98.13704828
-6.765216388	-100.276562
-6.763055662	-100.3434184
-6.735001359	-100.3434184
-6.735968352	-100.3657067
-6.79658555	-100.2988503
-6.786637143	-100.0091196
-6.750706378	-100.0759845
-6.734576623	-100.0759845
-6.751544993	-100.0759845
-6.821866614	-100.0314079
-6.752158146	-98.04707219
-6.812915219	-98.06935198
-6.794270897	-98.06935198
-6.739507394	-98.06935198
-6.771971929	-98.04707219
-6.758421248	-98.02478391
-6.8114296	-97.98020735
-6.76887359	-98.00249563
-6.715508204	-97.98020735
-6.822137423	-98.00249563
-6.71348927	-93.3000247
-6.734699253	-93.27773642
-6.732588346	-93.32231298
-6.738064569	-93.27773642
-6.714302975	-93.23316835
-6.540298462	-89.08786204
-6.608673322	-89.08786204
-6.55828045	-89.08786204
-6.543878381	-89.06557376
-6.597751535	-89.08786204
-6.521269004	-89.2661513
-6.59064918	-89.2661513
-6.539645709	-89.31072787
-6.518068473	-89.2661513
-6.543847723	-89.31072787
-6.346943863	-84.2739582
-6.354627436	-84.29624648
-6.341736533	-84.2739582
-6.373765474	-84.29624648
-6.313175101	-84.2739582
-6.327363206	-85.63344153
-6.310687361	-85.65572981
-6.360243534	-85.65572981
-6.330041918	-85.63344153
-6.273718068	-85.65572981
-6.091909906	-79.79435311
-6.025820318	-79.74978505
-6.107531895	-79.79435311
-6.068313736	-79.74978505
-6.026772621	-79.77207333
-5.931380069	-75.18103533
-5.879371922	-75.2256034
-5.831493616	-75.2256034
-5.889621796	-75.2256034
-5.881316767	-75.18103533
-5.684821036	-71.03572902
-5.63816201	-71.01344074
-5.630439476	-71.01344074
-5.741819354	-71.01344074
-5.66315502	-71.03572902
-5.466328442	-66.89042269
-5.516341926	-66.91271097
-5.408200262	-66.89042269
-5.410841291	-66.91271097
-5.498077631	-66.89042269
-5.454847153	-67.38073095
-5.47783528	-67.31387035
-5.418537638	-67.31387035
-5.436345262	-67.31387035
-5.479562327	-67.29158207
-5.36079204	-68.76249831
-5.435670155	-68.78478234
-5.441818929	-68.74021002
-5.420214229	-68.78478234
-5.38711738	-68.78478234
-5.271957989	-65.84295411
-5.257825132	-65.77609349
-5.286006538	-65.79838177
-5.297766301	-65.79838177
-5.338151686	-65.84295411
-5.132587039	-62.23252835
-5.136955754	-62.23252835
-5.105204649	-62.23252835
-5.09943654	-62.25481663
-5.130896717	-62.23252835
-4.93989158	-57.50777338
-4.864361671	-57.55234572
-4.861681682	-57.55234572
-4.923951199	-57.574634
-4.847102373	-57.53005744
-4.773700297	-56.61658577
-4.766360344	-56.59430174
-4.788699551	-56.59430174
-4.70721663	-56.59430174
-4.763236777	-56.63887405
-4.552738804	-53.58561289
-4.624737335	-53.54104058
-4.640992914	-53.56332461
-4.621002211	-53.56332461
-4.633766651	-53.56332461
-4.322514869	-48.81628139
-4.319809332	-48.90543026
-4.446075733	-48.86085795
-4.346237183	-48.88314198
-4.333348516	-48.86085795
-4.322277592	-50.71064101
-4.375198442	-50.71064101
-4.30185353	-50.75521757
-4.324027952	-50.75521757
-4.368211372	-50.75521757
-4.163374845	-47.88024571
-4.224017272	-47.88024571
-4.201459948	-47.90253397
-4.159919473	-47.92481803
-4.209969682	-47.92481803
-3.999201538	-44.62640699
-4.039271085	-44.58183043
-4.050486036	-44.60411871
-4.016551532	-44.60411871
-4.025783955	-44.60411871
-4.042629694	-44.89384515
-4.004083768	-44.84927283
-4.008643136	-44.91612918
-4.018726309	-44.91612918
-4.030818516	-44.91612918
-3.738602579	-39.76793083
-3.687216847	-39.83479143
-3.729138307	-39.79021486
-3.776307336	-39.81250315
-3.700996502	-39.83479143
-3.441663129	-35.17689283
-3.502014627	-35.15460669
-3.412756798	-35.17689283
-3.415233042	-35.19918112
-3.499715304	-35.13232052
-3.47384408	-36.60323676
-3.416391326	-36.60323676
-3.362630903	-36.60323676
-3.46964015	-36.60323676
-3.431338527	-36.60323676
-3.134693838	-31.41046184
-3.171432878	-31.43274801
-3.154391377	-31.38817356
-3.114270734	-31.45503416
-3.150718846	-31.45503416
-2.828236465	-26.48512509
-2.818113373	-26.50741337
-2.760773031	-26.52969952
-2.815967976	-26.48512509
-2.764736171	-26.48512509
-2.453108034	-22.1615295
-2.547952741	-22.11695505
-2.483727521	-22.13924122
-2.459204276	-22.13924122
-2.534007822	-22.11695505
-2.386977889	-22.67411965
-2.486887335	-22.69640582
-2.485617118	-22.74098025
-2.427159049	-22.74098025
-2.47445454	-22.69640582
-2.090687039	-17.57049255
-2.085810557	-17.57049255
-2.143811636	-17.5482064
-2.080604186	-17.57049255
-2.074341083	-17.59277872
-1.744697746	-13.06860238
-1.711705325	-13.024029
-1.690557456	-13.0908896
-1.697148211	-13.06860238
-1.687408021	-13.06860238
-1.638506675	-14.78466957
-1.691870944	-14.80695571
-1.633908188	-14.80695571
-1.61817283	-14.78466957
-1.714120573	-14.8515291
-1.399406553	-10.92909075
-1.413921832	-10.97366413
-1.42708035	-10.95137692
-1.39616786	-10.95137692
-1.388814814	-10.92909075
-1.188825628	-8.700432345
-1.208473509	-8.700432345
-1.236362549	-8.700432345
-1.217478874	-8.655858962
-1.173790766	-8.655858962
-0.982940753	-6.627779724
-1.067536384	-6.583206876
-0.999017736	-6.650066404
-0.979079406	-6.627779724
-1.065135507	-6.605493022
-1.016889948	-7.006651863
-0.999706096	-7.028938543
-1.002564124	-7.028938543
-1.030110181	-7.028938543
-0.973493168	-7.028938543
-0.617195958	0.102768576
-0.752816456	0.125055167
-0.708975459	0.125055167
-0.637105028	0.058195416
-0.736946013	0.169628327
-0.42952995	3.245177037
-0.398463452	3.334323269
-0.347127219	3.200603655
-0.410830021	3.133744104
-0.373670276	3.200603655
-0.364260374	2.688012437
-0.302176818	2.643439054
-0.391086376	2.665725734
-0.364260374	2.688012437
-0.322308196	2.71029885
-0.269536142	3.688958649
-0.228964117	3.733531764
-0.320777808	3.77810488
-0.284540806	3.80039156
-0.240596719	3.666671946
-0.271046072	4.357556161
-0.219130936	4.268409663
-0.227313654	4.246123249
-0.262806748	4.268409663
-0.238531439	4.223836547
-0.254138418	2.77520859
-0.189965093	2.77520859
-0.186188733	2.730635474
-0.273586365	2.75292191
-0.22071196	2.77520859
-0.30801744	0.479690436
-0.270221948	0.479690436
-0.267529803	0.479690436
-0.31742842	0.479690436
-0.289161748	0.457403845
-0.278748886	1.906031802
-0.327136216	1.906031802
-0.303615433	1.906031802
-0.281936662	1.906031802
-0.310664416	1.906031802
-0.339556656	1.906031802
-0.286695644	1.928318349
-0.259940598	1.906031802
-0.336627972	1.950604918
-0.322518208	1.950604918
-0.322550523	2.641488976
-0.268673217	2.663775679
-0.341914261	2.663775679
-0.298864814	2.641488976
-0.276111629	2.686062359
-0.288730026	2.864354821
-0.27159765	2.864354821
-0.328036406	2.864354821
-0.263566643	2.886641523
-0.250426328	2.864354821
-0.306450986	2.908928203
-0.273448865	2.953501319
-0.278443766	2.931214639
-0.298090549	2.931214639
-0.24836963	2.931214639
-0.250776096	3.04264755
-0.210372907	2.998074435
-0.321384674	3.06493423
-0.2863631	3.109507346
-0.266363495	3.020361115
-0.261089541	0.345970912
-0.19251353	0.323684321
-0.21401494	0.323684321
-0.21690628	0.345970912
-0.150336289	0.323684321
-0.151577045	3.318722733
-0.139261882	3.296436052
-0.173915993	3.318722733
-0.201711802	3.27414935
-0.120025933	3.341009168
-0.145057395	3.341009168
-0.232411226	3.251862937
-0.157999114	3.341009168
-0.128174371	3.296436052
-0.227840362	3.318722733
-0.067152756	3.942746884
-0.117559829	3.942746884
-0.169215493	3.987320244
-0.078913273	3.942746884
-0.094712056	3.942746884
-0.100866001	1.714088615
-0.142441266	1.669515366
-0.098135893	1.780948277
-0.098503346	1.714088615
-0.111114946	1.714088615
-0.071519216	1.914667891
-0.191424025	1.892381211
-0.13400651	1.825521526
-0.070337998	1.914667891
-0.111710994	1.93695446
-0.099516924	1.80323498
-0.180233085	1.758661731
-0.11073472	1.780948277
-0.079573315	1.825521526
-0.154198504	1.758661731
-0.130709176	2.962137297
-0.15712131	2.984423977
-0.165020375	2.984423977
-0.145751124	3.006710412
-0.135242716	2.962137297
-0.017503917	4.990216267
-0.132367334	4.967930099
-0.07579728	4.990216267
-0.018295392	4.967930099
-0.057484065	4.990216267
0.130234931	7.040582208
0.12250075	7.040582208
0.013682918	7.018295528
0.107256334	7.018295528
0.134425608	7.040582208
0.314151604	9.13552153
0.291351275	9.113234294
0.191011884	9.13552153
0.261230734	9.13552153
0.305874718	9.157807677
0.513551588	11.54247237
0.526281738	11.56475854
0.445518153	11.54247237
0.47671315	11.56475854
0.509146308	11.47561284
0.646260328	13.70427125
0.680407081	13.68198401
0.753530284	13.65969786
0.703217409	13.61512448
0.676499188	13.70427125
0.689173172	12.38936237
0.741280078	12.4562219
0.746440623	12.47850911
0.708786084	12.41164852
0.757493584	12.50079528
1.006495568	15.97750196
1.00339212	16.02207535
0.981510941	15.95521579
1.006579318	16.02207535
1.053842794	15.91064241
1.274032975	18.0947285
1.187473738	18.11701465
1.233676891	18.11701465
1.245483598	18.0947285
1.230984047	18.11701465
1.403544058	20.34567305
1.421857852	20.34567305
1.417997383	20.34567305
1.330717611	20.39024536
1.408374554	20.36795922
1.660254126	22.41832409
1.539924131	22.44061237
1.618584473	22.41832409
1.678308607	22.46289852
1.618432462	22.41832409
1.650879432	21.9725924
1.5504223	21.9725924
1.665120389	21.99488068
1.676537329	21.99488068
1.570411726	21.9725924
1.790583145	24.84756217
1.859421383	24.86984831
1.881808014	24.84756217
1.829263358	24.825276
1.778493173	24.84756217
1.931401551	23.46579481
1.79897903	23.39893421
1.841061763	23.44350864
1.883437979	23.42122036
1.851640727	23.44350864
2.094711654	27.0539344
2.083954173	27.0539344
2.121749465	27.0539344
2.153842914	27.0539344
2.082160221	27.03164823
2.227507496	29.3494534
2.247746654	29.39402572
2.285305468	29.3494534
2.313690459	29.3494534
2.275763754	29.32716512
2.441999267	31.62268412
2.436626993	31.62268412
2.350491933	31.60039795
2.395678433	31.60039795
2.466027838	31.62268412
2.587167546	33.78448192
2.646015543	33.76219576
2.604900921	33.73990959
2.525094589	33.73990959
2.604097115	33.71762344
2.77100566	36.0131403
2.677727687	36.03542859
2.747320391	36.0131403
2.79083094	36.0131403
2.750508467	36.0131403
2.987918427	40.09158604
3.074810827	40.15844663
3.075400028	40.1138743
2.978639378	40.1138743
3.04550403	40.1138743
3.093244057	38.21951467
3.071695243	38.24179871
3.027854486	38.24179871
3.104156264	38.3086593
3.100211328	38.26408699
3.397264786	42.94426962
3.341650852	42.94426962
3.261597982	42.98884195
3.334932995	42.94426962
3.382304172	42.94426962
3.387127962	45.06149511
3.5026281	45.01692279
3.533328861	45.03920683
3.426906261	44.99463451
3.465083018	45.06149511
3.460326292	44.66033573
3.438660276	44.66033573
3.507154893	44.68262401
3.507945286	44.70490807
3.438908092	44.70490807
3.461564414	44.54890282
3.482462073	44.59347514
3.506195884	44.5711911
3.441856975	44.5711911
3.464243765	44.54890282
3.63877329	47.57987995
3.605417449	47.62445226
3.678541051	47.60216398
3.706005834	47.6467363
3.596137123	47.6467363
3.757587648	49.65252886
3.786135348	49.65252886
3.798568621	49.65252886
3.817437766	49.63024482
3.745660225	49.65252886
3.896073997	51.88118726
3.908554215	51.8589032
3.967095315	51.90347554
3.92455144	51.83661494
3.849163323	51.90347554
4.021209898	53.73097457
4.072445536	53.82012345
4.084630354	53.77554688
4.012674297	53.79783516
4.001882805	53.82012345
4.218882754	56.27164769
4.175326219	56.29393173
4.215483907	56.29393173
4.277684764	56.27164769
4.231185733	56.24935941
4.265121515	54.57062426
4.218753417	54.57062426
4.216781428	54.54833598
4.236016867	54.59290829
4.278901489	54.57062426
4.194490762	53.590012
4.224340135	53.61230029
4.29989655	53.63458434
4.205484404	53.63458434
4.220893066	53.65687262
4.371230832	56.10839685
4.276097911	56.13068513
4.339928414	56.13068513
4.412886593	56.10839685
4.297552517	56.15296916
4.475294389	58.67135401
4.4419031	58.64906572
4.445386575	58.67135401
4.524271261	58.62678169
4.533635256	58.64906572
4.616753253	60.67714656
4.581402109	60.63257425
4.634110911	60.65485828
4.635739599	60.67714656
4.57454246	60.69943484
4.75146424	62.95037728
4.801315174	62.97266556
4.687079025	62.97266556
4.74016498	62.97266556
4.815980707	62.95037728
4.879916596	65.24589628
4.895194324	65.24589628
4.920109412	65.223608
4.835945543	65.223608
4.88906503	65.20132396
5.017420623	67.29626115
5.022049289	67.25168884
5.002980231	67.29626115
5.026027758	67.27397712
5.017170891	67.25168884
5.014656005	66.73909655
5.045662066	66.69452424
5.046110434	66.71681252
5.021751335	66.71681252
5.012683058	66.71681252
5.189590786	69.90379063
5.215425923	69.92607891
5.191868394	69.85921831
5.128651683	69.88150659
5.220927374	69.85921831
5.19587752	68.16544047
5.242068378	68.16544047
5.246601878	68.16544047
5.202892374	68.18772451
5.260465842	68.21001279
5.388873808	71.70900987
5.349766145	71.68672159
5.414447397	71.68672159
5.416217876	71.64214502
5.399204158	71.6644333
5.505793778	74.13824583
5.586946492	74.13824583
5.569222538	74.09366927
5.5599288	74.11595755
5.54674154	74.16053411
5.692256155	76.4114723
5.599012831	76.4114723
5.68759236	76.38919252
5.732118763	76.38919252
5.596295797	76.34461595
5.843731766	78.6178509
5.79177727	78.55098605
5.792331024	78.52869777
5.862761863	78.50641799
5.82655007	78.55098605
5.908064288	80.71278811
5.916920516	80.73507639
6.0097506	80.69049983
5.988664525	80.73507639
5.892820411	80.69049983
6.112656832	82.65171582
6.096316305	82.6740041
6.03613534	82.69629238
6.143027704	82.6740041
6.124582018	82.65171582
6.144811596	81.33680906
6.120877552	81.29224099
6.053846519	81.29224099
6.181863919	81.29224099
6.153549664	81.33680906
6.328984229	85.25924954
6.242847732	85.23696126
6.339114027	85.23696126
6.342764203	85.25924954
6.245658655	85.25924954
6.501818003	87.37647501
6.408197846	87.39876329
6.358299328	87.39876329
6.43272141	87.39876329
6.404369472	87.37647501
6.627422391	90.16229801
6.531594244	90.11772145
6.619749676	90.14000973
6.602224358	90.16229801
6.601812396	90.11772145
7.057761894	96.73684029
6.931091514	96.73684029
6.948434802	96.71455201
7.002656048	96.73684029
6.94469393	96.73684029
6.981451174	92.6586703
7.057125748	92.70324686
7.056748915	92.72553514
6.963174744	92.72553514
7.060869814	92.68095858
7.157019865	96.6925437
7.193563783	96.64797563
7.166687883	96.64797563
7.119897923	96.6925437
7.211545772	96.64797563
7.503796198	102.0413239
7.459697086	102.0859004
7.535711449	102.0413239
7.558276118	102.0190356
7.433625949	102.0190356
7.902684147	107.3455359
7.983704649	107.3232476
7.959380998	107.3009594
7.921702747	107.3232476
7.938601499	107.2786711
8.049780186	104.3145588
8.068754077	104.3145588
7.958885366	104.3145588
8.023355209	104.3368471
8.02540991	104.3145588
8.477485048	108.4598651
8.370639947	108.4598651
8.474204041	108.5044332
8.499540671	108.4375768
8.379128923	108.4152886
8.923419714	110.4433694
8.918932201	110.4210811
8.933074957	110.3987928
8.958664514	110.3765046
8.943253936	110.3542248
9.049628952	105.9860526
9.047277893	105.9860526
8.964048763	105.9414761
8.995409622	105.9637643
9.104357965	106.0083409
9.531328321	109.5073295
9.538047455	109.5073295
9.41914368	109.4850412
9.516460638	109.4627614
9.520699058	109.4404731
9.992854318	111.7582762
9.981259339	111.7582762
9.928252264	111.7136996
9.998140846	111.7136996
9.98348649	111.6468432
10.02745978	108.2592791
10.06253021	108.2815674
10.02834438	108.2369993
9.997009706	108.2815674
10.08525967	108.2592791
10.40251715	111.4239774
10.50234868	111.4016891
10.47304188	111.357121
10.41730947	111.3348328
10.53188924	111.3348328
10.50634375	110.643947
10.4753131	110.6216587
10.59745956	110.532514
10.51353361	110.5770906
10.47359947	110.5548023
10.60136522	107.9472686
10.6174228	107.9027005
10.52154675	107.8804122
10.5622237	107.9472686
10.62800288	107.9027005
10.65409829	107.3678157
10.57525832	107.390104
10.54488936	107.3678157
10.64110775	107.390104
10.57789104	107.4123923
10.93786741	112.3600173
10.93880119	112.3154408
10.93750207	112.2931525
10.93392407	112.3154408
11.00088293	112.2708642
10.94791673	109.3958966
11.04753748	109.3958966
11.04198462	109.3958966
10.94712857	109.3736083
11.03930718	109.3958966
10.99293749	108.370712
11.00151013	108.370712
11.06080841	108.370712
11.01634205	108.3484322
11.048599	108.3484322
11.50694235	111.8697091
11.40921216	111.8474208
11.49807335	111.8474208
11.49749597	111.8028527
11.38624319	111.7359879
11.89021151	113.2514807
11.96311923	113.2514807
11.901178	113.2291924
11.90697358	113.1846158
11.9948499	113.1846158
12.35051184	114.0983675
12.33192053	114.0760792
12.31332283	114.0537909
12.32960332	114.0537909
12.32700508	114.0092228
12.41088314	109.0393095
12.48060757	109.0393095
12.45419473	109.0615978
12.39609976	109.0393095
12.46057791	108.9724532
12.94641478	112.8503171
12.96632181	112.805749
12.95646538	112.7834607
12.8965284	112.7611724
12.98438811	112.7611724
13.46088079	114.3212333
13.36050126	114.2766568
13.48054767	114.2320887
13.49684093	114.2320887
13.36076185	114.2320887
13.48731024	110.1982153
13.53033186	110.1982153
13.55434446	110.1982153
13.48911904	110.2205036
13.5510411	110.175927
13.98996283	113.2514807
13.88651754	113.2291924
13.8567017	113.1846158
13.97572874	113.1400478
13.92209063	113.1623276
13.97679665	112.7611724
13.91040496	112.7834607
13.96196346	112.7834607
14.00346753	112.7834607
13.88683689	112.805749
14.01720982	111.1788233
14.02341927	111.1788233
13.91649561	111.2233999
14.07781871	111.2011116
14.03110667	111.2011116
13.99600878	110.5102258
14.03498487	110.5102258
14.01416832	110.5102258
13.97001364	110.5770906
14.03800848	110.5102258
14.04712785	107.2605656
14.07749298	107.1937007
14.1237081	107.1937007
14.04721855	107.215989
14.09664506	107.1937007
14.30094125	111.6510175
14.18644387	111.6955941
14.24796866	111.6733058
14.35688763	111.6510175
14.19799159	111.7178824
14.6320809	114.6819946
14.72195891	114.6819946
14.67203421	114.6151383
14.65270712	114.6151383
14.70168399	114.5705617
14.69889031	111.3835836
14.73938012	111.3835836
14.77181464	111.3835836
14.73551853	111.3835836
14.73846167	111.339007
14.71966981	110.6481212
14.80232283	110.6481212
14.77345993	110.6258414
14.69870764	110.6258414
14.76825324	110.6258414
15.18996581	114.3254076
15.15224924	114.2808395
15.24150387	114.2585512
15.1726634	114.236263
15.18913677	114.236263
15.70514078	114.5037054
15.60489282	114.4814171
15.67637879	114.4368405
15.73207224	114.4814171
15.6280023	114.4368405
15.71985006	110.9601402
15.8198617	110.9378519
15.77160656	110.9601402
15.69070996	110.9155637
15.77231296	110.9378519
16.09337902	114.3031278
16.22316818	114.2585512
16.27906346	114.2808395
16.08401694	114.2808395
16.23161053	114.236263
16.67192335	115.7517558
16.59199758	115.7294675
16.63580225	115.7517558
16.59976674	115.7071792
16.59225306	115.6848909
16.69612884	111.6510175
16.77571865	111.6733058
16.67031893	111.6287377
16.70923243	111.6510175
16.74413361	111.6733058
17.15803359	114.7265712
17.14955547	114.6819946
17.16925173	114.6597064
17.16670076	114.6819946
17.16934371	114.6151383
17.437883	115.7071792
17.47077993	115.6403228
17.33553627	115.6403228
17.47001988	115.5957463
17.42402957	115.573458
17.48343132	112.9659328
17.5027137	112.9882126
17.43556323	112.9659328
17.45117181	112.9659328
17.51640873	112.9436445
17.43374805	111.4950165
17.5446291	111.4950165
17.51900569	111.45044
17.43148832	111.45044
17.5627797	111.4950165
17.74156106	114.5705617
17.65105202	114.5482735
17.70476933	114.5705617
17.70619363	114.5259936
17.67147768	114.5037054
17.9067828	115.8186121
18.00648147	115.7740356
18.07415312	115.7963238
17.92194173	115.7963238
18.02895481	115.7963238
18.13277821	112.3864799
18.12955149	112.319615
18.00396882	112.3641916
18.11476684	112.319615
18.06650148	112.3419033
18.63542314	115.216871
18.66907502	115.1945912
18.72535097	115.1945912
18.65281241	115.1723029
18.684446	115.1500146
19.22736869	116.0860545
19.10522862	116.0860545
19.11148406	116.0637663
19.18557976	116.0637663
19.05642803	116.041478
19.24528681	112.8767796
19.25049478	112.8767796
19.09782096	112.8544998
19.23306207	112.8544998
19.23813975	112.8322116
19.63791805	115.8186121
19.65592686	115.7963238
19.70703827	115.7740356
19.583106	115.7517558
19.66255913	115.7517558
20.15827543	116.5094979
20.24236936	116.4649214
20.07626239	116.4426331
20.16735521	116.4203533
20.21482219	116.3757767
20.20344948	112.8544998
20.23155232	112.8322116
20.25775056	112.8322116
20.17670196	112.787635
20.23542668	112.8322116
20.60558714	115.7517558
20.70383341	115.6848909
20.67258049	115.6848909
20.63108919	115.6848909
20.65582864	115.6626026
20.79863197	116.3757767
20.84828203	116.3312002
20.89009523	116.4203533
20.8646596	116.3757767
20.88090943	116.398065
20.90349135	113.8796759
20.94033673	113.9465408
20.96793245	113.9242525
20.9366757	113.9242525
20.94575675	113.9242525
21.12113638	107.1633354
21.04944858	107.0519025
21.04948563	107.1187673
20.99699845	107.0741907
21.02768804	107.096479
21.0341683	106.9627578
21.06432776	107.0073344
21.11253691	107.0073344
21.06649934	107.0073344
21.13710646	106.9850461
21.16173605	102.8620281
21.13855887	102.8620281
21.12775333	102.8843164
21.03569224	102.8843164
21.08799163	102.8620281
20.93962139	98.24870181
20.87594545	98.24870181
20.95759571	98.24870181
20.95142075	98.31556665
20.87535401	98.29327837
20.65252911	93.88053813
20.75286776	93.85824984
20.73652851	93.88053813
20.71048228	93.88053813
20.71036093	93.85824984
20.42363655	88.97748965
20.46769031	88.95520137
20.40401054	88.95520137
20.4670976	88.91062481
20.472897	88.95520137
20.4346848	89.33406822
20.38693551	89.3563565
20.37764241	89.37864478
20.31737713	89.3563565
20.41486207	89.33406822
20.20978795	85.27791501
20.25060477	85.27791501
20.26052252	85.27791501
20.31370205	85.23333845
20.29949862	85.27791501
19.87377628	80.50858773
19.98356515	80.55315582
19.98604459	80.5754441
19.97620732	80.53086754
19.97322203	80.59773239
19.83668053	82.11321669
19.90870684	82.13550497
19.91144814	82.11321669
19.94852218	82.13550497
19.9152944	82.11321669
19.63986608	76.02898267
19.64410834	76.09583902
19.62602032	76.07355074
19.65474909	76.07355074
19.55696908	76.07355074
19.45037115	71.9282529
19.43045901	71.88367634
19.37476684	71.9282529
19.42290318	71.88367634
19.39049421	71.88367634
19.12130856	67.13663312
19.10215519	67.13663312
19.10836464	67.13663312
19.12537964	67.11434908
19.11513998	67.11434908
19.04199594	67.73837428
19.01868846	67.716086
19.10206194	67.69379772
19.10302893	67.716086
19.14342422	67.76065831
18.85311289	62.99133103
18.86124227	63.03590337
18.85805643	63.03590337
18.82816139	63.03590337
18.88566237	63.01361509
18.83337447	64.39538668
18.81662645	64.37309839
18.81699945	64.35081011
18.75975907	64.32852608
18.81666861	64.35081011
18.40557508	58.15514316
18.43916309	58.15514316
18.39321877	58.11056662
18.45957725	58.11056662
18.45756151	58.1997155
18.17361675	53.6086775
18.18067696	53.6086775
18.16837941	53.63096578
18.18551064	53.63096578
18.07731597	53.63096578
18.09091136	54.96899651
18.1008636	55.03585711
18.18083535	54.94670823
18.15924215	54.99128055
18.14643236	55.01356883
17.86962062	49.62021637
17.88798455	49.59792809
17.86980073	49.62021637
17.83994018	49.59792809
17.77891485	49.53106747
17.53220253	44.98460604
17.54798739	44.98460604
17.47314185	45.02917838
17.61926387	45.05146666
17.61758792	45.05146666
17.50483802	45.65320357
17.58374698	45.67549185
17.61719575	45.58634298
17.57858883	45.65320357
17.54654009	45.63091529
17.22602587	40.34899573
17.14531066	40.30442341
17.21855562	40.39356804
17.17883608	40.34899573
17.21515518	40.32671169
17.06644386	39.34609946
17.1750984	39.36838774
17.19201759	39.39067177
17.18297359	39.45753237
17.18168213	39.34609946
17.08898362	41.46332493
16.98595348	41.48561321
17.08255062	41.48561321
17.10931858	41.46332493
17.16928878	41.46332493
16.68348001	36.00311186
16.73812599	35.98082782
16.73775171	36.00311186
16.77191838	36.04768417
16.77419982	36.00311186
16.40226761	31.56808122
16.39870238	31.5903695
16.51185338	31.54579507
16.4714351	31.5903695
16.49277155	31.5903695
16.01715133	27.02161978
16.13151714	27.04390595
16.11254005	26.95475919
16.12038203	26.97704536
16.0982472	27.04390595
15.73520443	22.80945499
15.67531471	22.76488054
15.67689869	22.80945499
15.64003543	22.76488054
15.70798938	22.80945499
15.72235377	23.70091835
15.69627433	23.72320452
15.59177773	23.72320452
15.65049479	23.6786322
15.65222184	23.74549066
15.61074715	24.4140882
15.67623955	24.34722972
15.71318713	24.43637434
15.65514326	24.39180203
15.68104642	24.45866263
15.51722344	21.87341719
15.47115393	21.89570547
15.52903941	21.94027781
15.44633784	21.96256395
15.47870977	21.89570547
15.21847103	18.15155851
15.21403079	18.1069862
15.27153559	18.08469792
15.23901677	18.12927237
15.16740306	18.15155851
14.69432615	13.5828088
14.70948764	13.64966835
14.83367922	13.71652788
14.78499615	13.69424173
14.78852816	13.60509496
14.30845748	9.437504601
14.31657537	9.32607169
14.30035492	9.45979077
14.25671504	9.437504601
14.21485457	9.370644005
14.28814551	10.88613256
14.26843648	10.90841873
14.2599111	10.88613256
14.26474223	10.90841873
14.23992359	10.88613256
13.86031163	7.030553225
13.80168655	7.030553225
13.92164098	7.030553225
13.87069053	7.052839905
13.916677	6.985979842
13.63664237	4.913327756
13.68973886	4.913327756
13.71577615	4.913327756
13.68935181	4.935614436
13.64189632	4.891041054
13.35116728	2.55094974
13.30828617	2.57323642
13.25377176	2.617809536
13.30479887	2.55094974
13.19493079	2.55094974
13.26755876	3.464699777
13.23219133	3.420126661
13.32085453	3.442413097
13.33161026	3.442413097
13.24143462	3.420126661
13.28174942	3.353266865
13.23529798	3.30869375
13.2463871	3.30869375
13.26428989	3.264120634
13.20637121	3.241833954
13.08888471	2.350649234
13.06872986	2.350649234
13.12188256	2.39522235
13.13768147	2.39522235
13.18666089	2.350649234
12.88305564	0.456289499
12.92400532	0.47857609
12.86092976	0.434002908
12.89754393	0.434002908
12.90271613	0.456289499
11.97678871	-6.474837855
11.89698046	-6.474837855
11.8933603	-6.430265006
11.9175543	-6.430265006
11.80566665	-6.430265006
11.90337514	-5.783954175
11.93501383	-5.806240321
11.93385523	-5.739380792
11.89296303	-5.783954175
11.93117524	-5.739380792
11.86915098	-5.338222485
11.84368597	-5.293649103
11.83974902	-5.338222485
11.8249286	-5.315935805
11.90736318	-5.293649103
11.31195715	-8.703496257
11.25725752	-8.658923386
11.20613844	-8.636636706
11.2603565	-8.614350026
11.18765827	-8.636636706
10.58810642	-10.84300894
10.67088463	-10.82072173
10.59662606	-10.82072173
10.65899649	-10.84300894
10.68550258	-10.82072173
9.926080042	-13.04938013
10.03791723	-13.02709396
10.00527578	-13.00480675
10.04283012	-13.04938013
10.06278314	-13.02709396
9.461603885	-15.25575236
9.423973537	-15.25575236
9.377937883	-15.25575236
9.382647665	-15.25575236
9.365555387	-15.27803851
8.848930569	-17.46212353
8.896198915	-17.41755121
8.865960254	-17.41755121
8.869033683	-17.43983738
8.847696598	-17.43983738
8.349292643	-19.44562994
8.356517629	-19.44562994
8.374946708	-19.42334377
8.372594372	-19.42334377
8.409897067	-19.42334377
7.872460815	-21.78572125
7.874263868	-21.76343509
7.916771337	-21.76343509
7.8982918	-21.76343509
7.849853992	-21.74114894
7.766562908	-20.67139205
7.812881506	-20.64910588
7.752402906	-20.64910588
7.806543037	-20.67139205
7.801970576	-20.64910588
7.702126917	-22.14230618
7.680116641	-22.14230618
7.72044103	-22.14230618
7.682517518	-22.16459232
7.692170206	-22.12002001
7.262435553	-24.28181782
7.292675491	-24.28181782
7.257138805	-24.23724548
7.340389013	-24.28181782
7.251513127	-24.28181782
6.850265177	-26.30989865
6.829476098	-26.3321848
6.831278512	-26.30989865
6.857582136	-26.35447097
6.833845451	-26.3321848
6.39477235	-28.7391346
6.389155613	-28.62770169
6.37715506	-28.67227611
6.388152853	-28.62770169
6.416931443	-28.64998997
5.862734399	-30.65578253
5.941382766	-30.58892193
5.938628048	-30.63349424
5.942603962	-30.61120808
5.90060426	-30.61120808
5.376839403	-33.15187909
5.44677972	-33.17416523
5.409770828	-33.15187909
5.406405512	-33.15187909
5.404272251	-33.17416523
5.066242929	-35.15767165
5.092696328	-35.11309931
5.031874427	-35.11309931
5.070153695	-35.17995779
5.059383919	-35.09081103
4.985034649	-33.57532459
5.007030873	-33.57532459
4.963760795	-33.53075016
5.021027367	-33.59761076
4.95372776	-33.55303844
4.721438905	-35.60340331
4.760237437	-35.60340331
4.716561464	-35.60340331
4.754356278	-35.60340331
4.723520751	-35.558831
4.114686986	-39.34755027
4.07532959	-39.32526199
4.108704273	-39.30297795
4.101542519	-39.32526199
4.14718601	-39.30297795
3.676385116	-42.02194034
3.649624182	-41.99965206
3.656560475	-42.02194034
3.63653145	-41.99965206
3.676840829	-41.99965206
3.271000619	-43.78257879
3.329660199	-43.71571817
3.253091123	-43.73800645
3.298570468	-43.71571817
3.247744238	-43.67114586
3.274774065	-42.42309971
3.282736751	-42.37852315
3.213686145	-42.37852315
3.258999747	-42.35623912
3.20931711	-42.37852315
2.771975208	-46.34553595
2.745940477	-46.34553595
2.800589333	-46.36782423
2.763986016	-46.30096361
2.773434959	-46.32325189
2.402364515	-48.4850497
2.401920778	-48.50733373
2.403927577	-48.50733373
2.388471012	-48.50733373
2.42987273	-48.46276142
1.984284878	-50.89200161
1.971469821	-50.86971333
2.004566031	-50.86971333
1.944545539	-50.84742505
2.012705956	-50.82514101
1.608320228	-52.89779417
1.658674778	-52.87550589
1.624905697	-52.87550589
1.624905697	-52.87550589
1.662205837	-52.87550589
1.210774589	-55.23788548
1.226726227	-55.23788548
1.234460337	-55.23788548
1.240237947	-55.19330894
1.229150896	-55.19330894
1.171489207	-52.29438161
1.179262917	-52.31666989
1.232931846	-52.27209757
1.200508668	-52.27209757
1.198870559	-52.29438161
1.190307095	-52.13837636
1.183867552	-52.11609233
1.162366002	-52.11609233
1.197138642	-52.11609233
1.161527627	-52.11609233
0.894061035	-55.68194575
0.973577556	-55.70422981
0.893336589	-55.65965749
0.959695389	-55.65965749
0.937952889	-55.70422981
0.761405947	-57.82145528
0.706898643	-57.86602759
0.768797314	-57.82145528
0.805589607	-57.82145528
0.732387364	-57.84374356
0.398699612	-59.82724783
0.420582946	-59.84953612
0.415055867	-59.78267552
0.432098965	-59.7381032
0.414001212	-59.76038724
0.053406483	-61.87761271
-0.007847388	-61.83304039
0.045746502	-61.83304039
0.020879961	-61.83304039
0.035931204	-61.87761271
-0.337280645	-64.21770402
-0.277641179	-64.21770402
-0.358668347	-64.19541999
-0.318129155	-64.21770402
-0.364878756	-64.19541999
-0.700518977	-66.2903572
-0.703542269	-66.2903572
-0.693395226	-66.24578486
-0.657988795	-66.22349658
-0.670039526	-66.24578486
-0.735343831	-64.32913695
-0.738812617	-64.28456464
-0.765976571	-64.30685292
-0.721792991	-64.30685292
-0.730821908	-64.32913695
-0.717693169	-64.26228058
-0.775364278	-64.2399923
-0.721312688	-64.21770402
-0.762473376	-64.21770402
-0.709221997	-64.21770402
-0.772058202	-63.90569355
-0.695451204	-63.90569355
-0.729653963	-63.86112123
-0.713039913	-63.92798183
-0.678814559	-63.90569355
-0.871062928	-66.8475218
-0.928301318	-66.86981008
-0.851478359	-66.89209411
-0.912096595	-66.82523774
-0.916427946	-66.8475218
-1.058312823	-68.60816448
-1.087207018	-68.60816448
-1.068397832	-68.60816448
-1.100021517	-68.5858762
-1.040546955	-68.5858762
-1.380462361	-70.88139519
-1.370594271	-70.85910691
-1.352065075	-70.88139519
-1.369859126	-70.81453458
-1.412884901	-70.88139519
-1.698595508	-73.22148226
-1.722661762	-73.19920245
-1.717506168	-73.17691419
-1.723932618	-73.15462591
-1.674872555	-73.15462591
-2.01110122	-75.13813019
-2.072251254	-75.13813019
-2.013500979	-75.11584191
-2.050280577	-75.11584191
-2.027588009	-75.04898554
-2.363012868	-77.54508635
-2.377084729	-77.56736613
-2.405977487	-77.56736613
-2.351812926	-77.52279806
-2.389443115	-77.52279806
-2.693743275	-79.97432229
-2.729406104	-79.95203401
-2.673437373	-79.88517766
-2.730333498	-79.90745744
-2.67960914	-79.90745744
-3.054167052	-82.33670188
-3.008358137	-82.3144136
-3.047664117	-82.3144136
-2.985384061	-82.29212532
-3.06972517	-82.29212532
-3.297187361	-84.38706253
-3.283458802	-84.36477425
-3.272752576	-84.34249444
-3.307413603	-84.32020616
-3.290826218	-84.29791788
-3.602696263	-86.74944213
-3.645585675	-86.72715384
-3.54343854	-86.72715384
-3.601109091	-86.70486556
-3.59454548	-86.63800921
-3.848775312	-88.8666676
-3.807284016	-88.8666676
-3.829169107	-88.84437931
-3.813599173	-88.82209103
-3.853338511	-88.77752297
-3.930718098	-86.95001969
-3.855331259	-86.92773141
-3.927402282	-86.92773141
-3.929257389	-86.92773141
-3.945042246	-86.92773141
-3.922203894	-86.61572093
-3.905744888	-86.61572093
-3.926735478	-86.61572093
-3.91330136	-86.61572093
-3.947234587	-86.61572093
-4.204843786	-91.67477888
-4.302837129	-91.6524906
-4.217709141	-91.63020232
-4.275545115	-91.60791404
-4.262565433	-91.63020232
-4.403455853	-93.61370659
-4.456569272	-93.52456196
-4.455133153	-93.56913853
-4.464416991	-93.54685024
-4.434851521	-93.54685024
-4.674042499	-95.44120987
-4.674881113	-95.44120987
-4.670945118	-95.39663331
-4.664847759	-95.41892159
-4.65303658	-95.44120987
-4.919936324	-97.42471414
-4.869467447	-97.38014608
-4.867156946	-97.3578578
-4.843762286	-97.38014608
-4.920687437	-97.31328123
-4.896154931	-94.83946871
-4.894425648	-94.86175699
-4.856402498	-94.88404527
-4.882665884	-94.86175699
-4.898285318	-94.86175699
-5.158357348	-98.11559996
-5.147650484	-98.09331168
-5.130062574	-98.0710234
-5.164046578	-98.04874359
-5.148301001	-98.02645531
-5.254292158	-99.92081495
-5.297396812	-99.87623839
-5.247550988	-99.85395011
-5.263628689	-99.87623839
-5.283556161	-99.8316703
-5.691195911	-101.7928863
-5.662635756	-101.7928863
-5.634071769	-101.7928863
-5.649629248	-101.7483097
-5.639433664	-101.7260299
-6.170862933	-103.9769681
-6.201661096	-103.9546884
-6.166598326	-103.9324001
-6.114896756	-103.9101118
-6.190092943	-103.8655352
-6.205331711	-101.1020005
-6.272361467	-101.1020005
-6.242339326	-101.0797122
-6.248042287	-101.0797122
-6.264513109	-101.0797122
-6.555818258	-104.0884011
-6.626408134	-103.9992564
-6.614649648	-103.9992564
-6.588105233	-103.9992564
-6.594201635	-103.9769681
-6.996087008	-105.9604809
-6.946840604	-105.8936161
-6.938152993	-105.8713278
-6.956084524	-105.8936161
-6.917491015	-105.8713278
-6.987580787	-103.9992564
-6.954319793	-103.9992564
-7.011048579	-104.0215447
-7.009537412	-104.0215447
-7.032207466	-104.0215447
-7.058341835	-99.8503358
-7.088174282	-99.80575923
-7.05240958	-99.87261558
-7.064706491	-99.78347095
-7.083640144	-99.80575923
-7.326641612	-104.5750865
-7.350679763	-104.6419513
-7.292147286	-104.5973748
-7.351166454	-104.5750865
-7.32340212	-104.5973748
-7.367066277	-102.5915822
-7.376590586	-102.6138705
-7.386891557	-102.5915822
-7.381505391	-102.5915822
-7.329547701	-102.6138705
-7.854570799	-106.2020122
-7.898028017	-106.224292
-7.838366316	-106.1574357
-7.874433124	-106.1797239
-7.875449936	-106.1797239
-8.319488937	-108.0740836
-8.291650514	-108.0517953
-8.317952861	-108.0072187
-8.271749868	-108.0072187
-8.288335656	-108.029507
-8.414357116	-104.3076526
-8.455391102	-104.2853643
-8.348784876	-104.3299324
-8.429305913	-104.3076526
-8.362730274	-104.3299324
-8.852045514	-107.6506402
-8.879693603	-107.6060636
-8.799606244	-107.5837753
-8.831471037	-107.6060636
-8.810289796	-107.5392073
-9.234189277	-109.2998457
-9.195429705	-109.2775574
-9.233443274	-109.2552691
-9.193895545	-109.2107011
-9.224808675	-109.2107011
-9.238593759	-105.6448476
-9.274420415	-105.6225593
-9.265024485	-105.6225593
-9.306752738	-105.6671274
-9.280646473	-105.6225593
-9.596898006	-107.9849389
-9.555697319	-108.0072187
-9.583243856	-108.0072187
-9.511006132	-108.0072187
-9.537642519	-107.9626507
-10.06498793	-109.9461549
-10.01665104	-109.9238667
-10.08340424	-109.9015784
-10.03911032	-109.8792986
-10.04043946	-109.8792986
-10.08903247	-106.536311
-10.10330872	-106.536311
-10.08223925	-106.4917344
-10.11314855	-106.4917344
-10.12515293	-106.536311
-10.53686344	-110.0130113
-10.52416415	-110.0575879
-10.49692355	-109.9907315
-10.53829924	-109.9684432
-10.59513341	-109.9461549
-10.88631402	-110.9267629
-10.93710352	-110.9044747
-10.94834338	-110.8376183
-10.97176199	-110.8821949
-10.89883128	-110.81533
-10.96628577	-107.1380437
-10.95188689	-107.1157554
-10.99916865	-107.1603319
-10.97019718	-107.1157554
-10.97204174	-107.1157554
-11.53592916	-110.9713395
-11.50927106	-110.9490512
-11.54498339	-110.9044747
-11.49324477	-110.9044747
-11.49837482	-110.8599066
-11.97639527	-111.9742358
-11.97756665	-111.9742358
-11.98227387	-111.9742358
-12.01316401	-111.9073709
-11.98969302	-111.8850911
-12.05165852	-108.029507
-12.02422631	-108.0517953
-12.03984894	-108.0517953
-12.01486679	-108.029507
-12.04073545	-108.029507
-12.60179215	-111.4170712
-12.58074823	-111.4393595
-12.59046415	-111.3724946
-12.56941895	-111.3947829
-12.60554005	-111.3947829
-13.03226897	-112.7542662
-13.04503533	-112.7542662
-13.04878195	-112.7319779
-13.04832208	-112.7096897
-13.05374466	-112.6874014
-13.07197574	-109.1661245
-13.03736836	-109.1661245
-13.12489723	-109.1661245
-13.0718646	-109.1438362
-13.08940078	-109.1884128
-13.55920498	-112.0633804
-13.52801849	-112.0410921
-13.56015026	-112.0188039
-13.51723594	-111.9742358
-13.51157193	-111.9519475
-13.90814268	-113.7571625
-13.87722827	-113.7571625
-13.92650789	-113.7348742
-13.90303818	-113.7125859
-13.88947856	-113.6902976
-13.94384223	-111.8628029
-13.95732904	-111.8405146
-13.94519117	-111.8628029
-13.91565636	-111.8405146
-13.94165787	-111.8628029
-13.97691034	-110.4810313
-13.99615185	-110.4364632
-13.95031738	-110.5033195
-14.00630975	-110.4810313
-13.99830171	-110.458743
-13.96137074	-108.4306706
-13.99614546	-108.4306706
-13.99430089	-108.4306706
-14.03171216	-108.4529504
-13.98359371	-108.4083823
-13.95785789	-108.497527
-14.02505562	-108.497527
-14.00646559	-108.4752387
-14.04863263	-108.4752387
-14.01207722	-108.5198153
-13.99346036	-108.5866716
-14.02710074	-108.5643833
-13.98277489	-108.6312482
-14.03146946	-108.5643833
-13.96791871	-108.5866716
-14.55082664	-114.0468847
-14.57545239	-114.0023166
-14.55079981	-113.9800283
-14.54945471	-113.9800283
-14.56220829	-113.9131635
-14.62899087	-110.5478961
-14.60110007	-110.5478961
-14.58556559	-110.5033195
-14.58955236	-110.5256078
-14.59922996	-110.4810313
-15.03466438	-114.0914613
-15.04573818	-114.0245964
-15.03006701	-114.0468847
-15.02058357	-114.0023166
-15.0560813	-113.9800283
-15.51869117	-114.7600588
-15.50625566	-114.7600588
-15.51726942	-114.7154822
-15.48904778	-114.7154822
-15.55662746	-114.6931939
-15.54727943	-111.4170712
-15.60699542	-111.4616393
-15.56081861	-111.3724946
-15.54088987	-111.4170712
-15.56753519	-111.3724946
-15.95827971	-114.9160598
-16.00490488	-114.8714917
-15.96397436	-114.8492034
-16.04247327	-114.8269151
-15.99240933	-114.8269151
-16.55348902	-115.8075231
-16.57336412	-115.7852433
-16.5156958	-115.8075231
-16.51281398	-115.7406668
-16.53856769	-115.7183785
-16.62476933	-111.6845051
-16.62976142	-111.7067934
-16.63826253	-111.6622253
-16.63472796	-111.6622253
-16.61630143	-111.639937
-17.05768344	-115.0720693
-17.0050302	-115.0274927
-17.06068278	-115.0052129
-17.06102385	-115.0052129
-17.0881878	-115.0274927
-17.59042652	-116.1863985
-17.57962991	-116.2086867
-17.62576073	-116.1641102
-17.56045483	-116.1418219
-17.61397415	-116.0972538
-17.66557863	-112.5982567
-17.66910682	-112.5982567
-17.66452222	-112.620545
-17.5908685	-112.5759685
-17.63617922	-112.5982567
-18.01691657	-115.6515221
-18.07744499	-115.6292339
-18.05934675	-115.6069456
-18.05686987	-115.5846573
-18.05826863	-115.5623775
-18.55550759	-116.5652738
-18.5133942	-116.5429855
-18.55049123	-116.4761206
-18.51218961	-116.4761206
-18.54562561	-116.4761206
-18.56692501	-113.244566
-18.51702586	-113.244566
-18.57201674	-113.2222862
-18.55855803	-113.1554213
-18.57105613	-113.1999979
-18.93598818	-115.9635326
-18.892568	-115.918956
-18.8770514	-115.874388
-18.88007374	-115.874388
-18.84819489	-115.8520997
-19.36963807	-116.9218523
-19.36728765	-116.9218523
-19.40065211	-116.8772842
-19.32542846	-116.854996
-19.33988354	-116.854996
-19.4582655	-116.4761206
-19.52047115	-116.4538409
-19.45074799	-116.4538409
-19.48994379	-116.4315526
-19.52359695	-116.4092643
-19.57368005	-113.8463071
-19.51264578	-113.8685954
-19.55305512	-113.8240189
-19.52013774	-113.8240189
-19.53710675	-113.8240189
-19.90702833	-116.2978314
-19.89404354	-116.3201196
-19.8809144	-116.2532548
-19.85281156	-116.2755431
-19.88813684	-116.2532548
-20.39502913	-117.7464593
-20.34283448	-117.724171
-20.39030785	-117.679603
-20.32942687	-117.6350264
-20.35466194	-117.6127381
-20.46423621	-114.2697505
-20.42250094	-114.2251825
-20.44277331	-114.2474622
-20.44052636	-114.2028942
-20.49973011	-114.2474622
-20.64824215	-116.6767067
-20.62510584	-116.6544184
-20.60835399	-116.6321301
-20.64883997	-116.6321301
-20.56126512	-116.6544184
-20.69322331	-114.9160598
-20.63739062	-114.9383481
-20.64656364	-114.89378
-20.65038563	-114.9160598
-20.62724677	-114.89378
-20.79598391	-110.6122411
-20.76126157	-110.5899613
-20.82341484	-110.5899613
-20.80078694	-110.567673
-20.80812434	-110.5899613
-20.79771735	-110.4339518
-20.77963955	-110.4785284
-20.75970442	-110.4562401
-20.77570515	-110.4339518
-20.7145572	-110.4339518
-20.79200864	-110.1219413
-20.8014563	-110.0996531
-20.79147596	-110.0550765
-20.81825669	-110.0996531
-20.82515467	-110.0996531
-20.83046355	-106.8903867
-20.84827053	-106.8903867
-20.83903619	-106.8903867
-20.88065267	-106.9126749
-20.85953466	-106.8903867
-20.62869534	-101.853617
-20.61205718	-101.853617
-20.58265777	-101.853617
-20.58949954	-101.8759053
-20.61367182	-101.8090404
-20.43770457	-98.33234011
-20.47751992	-98.33234011
-20.43444464	-98.28776355
-20.47504304	-98.31005183
-20.42611087	-98.33234011
-20.40109679	-98.55520596
-20.38288998	-98.5106294
-20.43448297	-98.57748577
-20.3995243	-98.5106294
-20.42803464	-98.53291768
-20.4164997	-99.66953516
-20.38985309	-99.71410323
-20.36172087	-99.66953516
-20.39918835	-99.66953516
-20.36643448	-99.66953516
-20.1368649	-93.29557045
-20.09146347	-93.31785873
-20.12712215	-93.29557045
-20.10840566	-93.25099389
-20.16038442	-93.29557045
-19.84393234	-88.7713888
-19.83664731	-88.72682073
-19.908551	-88.72682073
-19.83604949	-88.7713888
-19.88811512	-88.7713888
-19.839593	-89.15026412
-19.8231209	-89.15026412
-19.81107883	-89.12797584
-19.8237034	-89.19484068
-19.80258794	-89.1725524
-19.60879583	-84.55922614
-19.54130813	-84.53693786
-19.63579628	-84.5815144
-19.61523522	-84.53693786
-19.65742525	-84.60380269
-19.34481431	-80.32477518
-19.33531044	-80.36935175
-19.36110758	-80.32477518
-19.32655257	-80.3024869
-19.38390282	-80.34706347
-19.17294881	-77.89553922
-19.20901498	-77.9178275
-19.14109679	-77.94011578
-19.20454407	-77.96239559
-19.18919098	-77.9178275
-19.17966539	-79.21044598
-19.14932837	-79.25502255
-19.1419897	-79.23273426
-19.1152294	-79.25502255
-19.13370702	-79.25502255
-19.15827018	-79.70075421
-19.09611691	-79.70075421
-19.17663156	-79.67846593
-19.15777455	-79.70075421
-19.20300864	-79.67846593
-18.93681593	-75.60002447
-18.97215015	-75.57773619
-18.95248966	-75.57773619
-18.95915514	-75.60002447
-18.92349391	-75.62230425
-18.64456168	-70.852977
-18.63606695	-70.89755356
-18.60688215	-70.87526528
-18.60974225	-70.87526528
-18.64283591	-70.87526528
-18.37136753	-66.46252079
-18.32260015	-66.48480907
-18.34296961	-66.46252079
-18.3147007	-66.48480907
-18.36034228	-66.50709313
-18.29872807	-67.26483951
-18.36640738	-67.19797892
-18.3367014	-67.26483951
-18.36794282	-67.26483951
-18.31977582	-67.24255123
-18.0255863	-62.7629504
-18.02323843	-62.7629504
-18.04246205	-62.80752271
-18.02565911	-62.80752271
-18.02234425	-62.78523445
-17.69960862	-57.85990192
-17.68045653	-57.85990192
-17.6823522	-57.83761364
-17.65491744	-57.85990192
-17.67008275	-57.83761364
-17.32169051	-53.80374025
-17.3288644	-53.82602853
-17.31459326	-53.82602853
-17.33916664	-53.80374025
-17.34253132	-53.80374025
-17.32655741	-55.41339191
-17.33003705	-55.43567595
-17.34301801	-55.41339191
-17.40327562	-55.43567595
-17.30997162	-55.39110363
-17.32511778	-56.46086052
-17.35859465	-56.43857224
-17.290725	-56.43857224
-17.33838743	-56.46086052
-17.29571709	-56.46086052
-17.31536481	-56.92888047
-17.3120474	-56.90659218
-17.35513161	-56.95116452
-17.3010413	-56.95116452
-17.31083259	-56.92888047
-17.12007559	-54.14305748
-17.14505518	-54.16534152
-17.16655514	-54.16534152
-17.179881	-54.14305748
-17.20833896	-54.1876298
-16.85412559	-49.50744717
-16.85625885	-49.52973121
-16.8904102	-49.50744717
-16.83492113	-49.52973121
-16.88414454	-49.52973121
-16.46995842	-44.55982636
-16.49426355	-44.58211042
-16.49981514	-44.58211042
-16.51224682	-44.58211042
-16.4557601	-44.6043987
-16.53923066	-45.2284239
-16.4570656	-45.16156328
-16.47165354	-45.25070793
-16.46409898	-45.25070793
-16.46728482	-45.25070793
-16.48009972	-45.2284239
-16.49925181	-45.2284239
-16.41033951	-45.25070793
-16.44599947	-45.2284239
-16.49579899	-45.27299621
-16.10071514	-40.54824125
-16.12480822	-40.59281358
-16.05132439	-40.54824125
-16.10659758	-40.54824125
-16.12132347	-40.5705253
-15.66665776	-35.91263094
-15.63204655	-35.91263094
-15.69578764	-35.95720325
-15.72211617	-35.97949153
-15.66673057	-35.95720325
-15.23545154	-31.21016003
-15.14843236	-31.21016003
-15.18959153	-31.21016003
-15.1847885	-31.25473445
-15.20070493	-31.27702062
-15.1615896	-32.65878798
-15.17394719	-32.61421567
-15.194613	-32.61421567
-15.20391887	-32.65878798
-15.14634892	-32.63650182
-14.77269732	-26.8865623
-14.69834869	-26.93113675
-14.71302987	-26.97570907
-14.70388751	-26.93113675
-14.7652539	-26.90885058
-14.24218331	-22.20637967
-14.23587039	-22.25095412
-14.24398828	-22.22866796
-14.18267298	-22.22866796
-14.19594008	-22.22866796
-14.14894829	-23.20927596
-14.16540889	-23.20927596
-14.18019227	-23.20927596
-14.183	-23.23156425
-14.20891721	-23.20927596
-13.70775534	-18.08336165
-13.72275332	-18.06107548
-13.6675555	-18.10564993
-13.68709336	-18.08336165
-13.70232638	-18.10564993
-13.08909676	-13.47003962
-13.03366645	-13.47003962
-13.04362252	-13.44775345
-13.06066306	-13.49232576
-13.09813054	-13.49232576
-13.05244298	-14.49522205
-13.01459739	-14.51750927
-13.05174424	-14.5843688
-13.04864782	-14.53979544
-13.05601332	-14.62894218
-13.05925154	-14.91866757
-13.10921456	-14.96324093
-13.04487565	-14.96324093
-13.04986519	-14.9855271
-13.0460547	-14.96324093
-12.92989925	-13.24717377
-12.95358484	-13.24717377
-12.93674229	-13.26945992
-12.92274835	-13.29174715
-12.87688834	-13.29174715
-12.42460371	-9.012722812
-12.44286928	-9.035008981
-12.42837588	-9.057296195
-12.42187646	-9.035008981
-12.43229112	-9.035008981
-12.10541798	-6.694918179
-12.06579553	-6.76177773
-12.11153802	-6.739491027
-12.02473344	-6.717204881
-12.045854	-6.739491027
-12.04391235	-7.630954384
-12.01394195	-7.586381535
-12.04425597	-7.630954384
-12.01687358	-7.630954384
-12.05035301	-7.608668238
-11.98379781	-6.561198565
-12.02159103	-6.561198565
-11.98374416	-6.583485268
-12.00899201	-6.561198565
-11.9520978	-6.538911885
-10.98092735	0.280782646
-10.95576636	0.213922918
-10.97209795	0.147063166
-10.998171	0.080203393
-11.0098554	0.213922918
-9.924526082	3.33404461
-9.93192735	3.423191108
-9.927641027	3.378617725
-9.959935028	3.400904405
-9.95541047	3.490050636
-9.928553092	2.732306894
-9.919153329	2.821453125
-9.930055956	2.643160662
-9.97089386	2.821453125
-9.964423819	2.776880009
-9.91309525	2.308861907
-9.94244931	2.286575204
-9.909187677	2.286575204
-9.927455804	2.264288524
-9.891085613	2.308861907
-9.888684097	2.108282475
-9.910647748	2.085995928
-9.875872393	2.085995928
-9.921817351	2.041422813
-9.895484347	2.063709359
-9.710661516	3.534624019
-9.71414563	3.512337339
-9.737793536	3.579197135
-9.752873267	3.556910454
-9.718513707	3.512337339
-9.713343422	1.929989902
-9.700780811	1.863130084
-9.707874864	1.885416653
-9.71119547	1.863130084
-9.704015193	1.885416653
-9.769204213	1.885416653
-9.720909474	1.929989902
-9.758366095	1.840843537
-9.734819105	1.996849564
-9.76085192	1.996849564
-9.712891221	2.041422813
-9.726650119	1.863130084
-9.700531079	1.907703333
-9.72467781	1.885416653
-9.688604615	1.907703333
-9.776605481	2.487154369
-9.81385644	2.464867933
-9.764006464	2.487154369
-9.824023283	2.509441049
-9.781185606	2.509441049
-9.779085557	2.464867933
-9.74704001	2.487154369
-9.785295008	2.464867933
-9.796015605	2.531727729
-9.850188948	2.487154369
-9.753639708	2.509441049
-9.825617481	2.464867933
-9.805214815	2.509441049
-9.832125844	2.442581253
-9.785718467	2.509441049
-9.74557483	2.509441049
-9.795967702	2.509441049
-9.76484444	2.487154369
-9.787856838	2.487154369
-9.775093675	2.487154369
-9.798788844	2.576300845
-9.807526274	2.576300845
-9.818285193	2.576300845
-9.742007685	2.576300845
-9.72528777	2.531727729
-9.814103618	1.996849564
-9.764171888	1.974563017
-9.74976407	1.996849564
-9.7294323	1.996849564
-9.762870854	1.996849564
-9.773404311	1.974563017
-9.758377592	1.929989902
-9.761527027	1.996849564
-9.775259737	1.974563017
-9.773747293	1.974563017
-9.816547926	2.041422813
-9.748631653	2.019136266
-9.721085117	2.019136266
-9.82498836	2.063709359
-9.748169872	2.041422813
-9.737718808	2.108282475
-9.830916783	2.085995928
-9.767417128	2.085995928
-9.74036303	2.085995928
-9.779977822	2.152855724
-9.778218201	2.19742884
-9.762715649	2.175142293
-9.720125788	2.130569177
-9.844198571	2.175142293
-9.763011368	2.152855724
-9.700398868	2.59858728
-9.780076182	2.62087396
-9.742021098	2.576300845
-9.822284739	2.643160662
-9.719715103	2.59858728
-9.406557437	3.543259974
-9.432888526	3.520973294
-9.443646167	3.520973294
-9.493035001	3.520973294
-9.433349668	3.498686881
-9.456613075	3.454113765
-9.42818066	3.431827063
-9.485009723	3.454113765
-9.47609665	3.364967267
-9.474453911	3.387253948
-9.495633237	3.476400179
-9.454724436	3.431827063
-9.450011461	3.431827063
-9.412840978	3.409540383
-9.476223751	3.431827063
-8.929396678	3.988991664
-8.933023223	4.033564779
-8.922736304	4.100424575
-8.910080443	3.988991664
-8.890762292	3.988991664
-9.237483058	2.094632017
-9.201021533	2.094632017
-9.2617026	2.027772222
-9.250449966	2.027772222
-9.335072742	2.005485675
-9.318524637	1.559753986
-9.332940758	1.626613781
-9.3307564	1.626613781
-9.27695031	1.604327235
-9.298450902	1.604327235
-9.302571163	1.64890035
-9.349058378	1.626613781
-9.318403922	1.671186897
-9.399842135	1.64890035
-9.398838736	1.64890035
-9.425271377	0.948822996
-9.4555094	0.948822996
-9.434008807	0.948822996
-9.410146298	0.948822996
-9.379444579	0.97110961
-9.356887575	2.531170434
-9.372922803	2.486597318
-9.338951573	2.553457114
-9.383039188	2.508883998
-9.362516447	2.575743549
-8.99413222	4.626109489
-8.952932172	4.692969018
-8.94659051	4.715255698
-8.979145739	4.692969018
-8.979193642	4.715255698
-8.991830342	4.135804417
-8.972594583	4.1803778
-8.956464827	4.1803778
-8.945828539	4.068944889
-8.949238564	4.1803778
-8.427218639	6.899340718
-8.383495721	6.877054572
-8.39873896	6.854767869
-8.394157558	6.832481189
-8.403724021	6.743334958
-8.41496005	6.475895731
-8.44562217	6.520469113
-8.414710318	6.520469113
-8.485224827	6.498182433
-8.432482174	6.498182433
-7.916868419	8.971992827
-7.845303886	8.971992827
-7.893395518	8.994280041
-7.851646187	8.949706658
-7.900066112	8.971992827
-7.275807397	11.13379168
-7.32036829	11.15607889
-7.255354913	11.15607889
-7.312351315	11.17836506
-7.222472669	11.17836506
-7.151997759	11.20065123
-7.159435433	11.22293844
-7.168173501	11.22293844
-7.161704099	11.17836506
-7.203489197	11.15607889
-6.595415805	13.51845637
-6.609607742	13.47388299
-6.635607983	13.45159685
-6.623222293	13.47388299
-6.632338473	13.49617023
-6.063607787	15.70254139
-6.096609468	15.65796801
-6.085865879	15.65796801
-6.093799184	15.68025523
-6.089515416	15.63568187
-5.509934477	17.79748072
-5.558190255	17.81976686
-5.476673483	17.79748072
-5.554954596	17.79748072
-5.516110077	17.7751935
-4.896485458	20.1598582
-5.002069763	20.11528586
-4.930089755	20.1598582
-4.979646248	20.1598582
-4.955629812	20.1598582
-4.399547322	22.07650399
-4.404543561	22.05421782
-4.379003504	22.05421782
-4.389712923	22.03193168
-4.392146374	21.98735934
-4.460061689	20.04842527
-4.380597382	20.04842527
-4.408604102	20.02613912
-4.360146814	20.07071143
-4.412182744	20.04842527
-4.154974969	22.36623043
-4.160595538	22.32165812
-4.14488988	22.36623043
-4.157690725	22.29936984
-4.184493175	22.34394426
-3.846584887	24.84004083
-3.79203471	24.86232699
-3.852050251	24.88461528
-3.778301999	24.88461528
-3.839405568	24.86232699
-3.357403774	26.62296754
-3.389568119	26.57839522
-3.346777705	26.60068139
-3.379365828	26.60068139
-3.373994033	26.60068139
-2.877778587	28.96305885
-2.900117794	28.96305885
-2.856856338	28.91848654
-2.927287497	28.94077271
-2.855675061	28.91848654
-2.434057659	31.37001078
-2.379544047	31.32543633
-2.424730708	31.32543633
-2.405922879	31.32543633
-2.413939694	31.30315017
-1.921437815	33.42037566
-1.892131658	33.46495009
-1.938913474	33.42037566
-1.868483273	33.39808949
-1.938960418	33.4426618
-1.430942256	35.53760113
-1.459410438	35.49302881
-1.41737433	35.55988729
-1.469151746	35.49302881
-1.390619943	35.53760113
-0.89943299	37.89997861
-0.901570962	37.87769458
-0.922317887	37.83311801
-0.900944955	37.89997861
-0.897747059	37.81083398
-0.396146604	40.17320933
-0.35767836	40.17320933
-0.416385722	40.12863701
-0.373336874	40.10635298
-0.387823572	40.12863701
-0.330233358	37.92226689
-0.326867204	37.92226689
-0.309946836	37.94455092
-0.339310596	38.01141152
-0.303393504	37.94455092
0.196169913	42.17900188
0.212972161	42.17900188
0.212049997	42.13442957
0.226372288	42.11214554
0.215533692	42.15671785
0.62546067	44.49680916
0.664141401	44.47452088
0.594973514	44.45223685
0.6556161	44.45223685
0.62701894	44.47452088
0.811016809	41.55498093
0.809788347	41.57726497
0.801854962	41.59955325
0.802185091	41.59955325
0.77803844	41.57726497
1.00369686	44.89796852
0.955652651	44.89796852
1.047714857	44.89796852
0.96204062	44.89796852
1.028563886	44.89796852
1.28885507	46.83690048
1.25840444	46.85918451
1.304274191	46.77003988
1.265334586	46.83690048
1.278771658	46.83690048
1.698612433	48.77583244
1.71562679	48.75354416
1.716888863	48.70897184
1.702779159	48.70897184
1.706475003	48.70897184
2.305072466	51.11592375
2.260263438	51.09363547
2.294409512	51.07135144
2.261940348	51.09363547
2.267570178	51.04906316
2.769459045	53.09942803
2.803478178	53.14400459
2.772363219	53.077144
2.814989167	53.09942803
2.741239957	53.09942803
3.369915289	55.59552884
3.375711181	55.55095228
3.372061324	55.52866822
3.383313639	55.52866822
3.370881324	55.52866822
3.424825054	53.38915447
3.399049955	53.34458215
3.389380022	53.38915447
3.396606285	53.38915447
3.364052013	53.36687044
3.458106806	50.51335113
3.448319991	50.53563516
3.431564947	50.51335113
3.477932405	50.51335113
3.433537255	50.53563516
3.750314759	56.17414176
3.796090142	56.12956945
3.757245304	56.15185773
3.772192185	56.15185773
3.765982415	56.15185773
4.193366968	58.44737248
4.183494247	58.42508845
4.190885934	58.42508845
4.131835469	58.38051613
4.15187184	58.35822785
4.535199435	59.91828872
4.502988146	59.89600044
4.517144315	59.8737164
4.497569087	59.91828872
4.496434754	59.89600044
4.972278193	62.03551419
5.032129907	62.01322591
4.996354666	62.01322591
5.050951149	62.01322591
5.015341012	62.01322591
5.579892677	64.21960028
5.619128081	64.17502796
5.639626552	64.17502796
5.596742888	64.19731199
5.637902698	64.19731199
6.140748819	66.26996515
6.171825456	66.26996515
6.162757178	66.26996515
6.179264406	66.24767687
6.180195632	66.20310455
6.229836753	64.28646087
6.261255734	64.28646087
6.252566206	64.26417259
6.270878403	64.26417259
6.240805166	64.26417259
6.737851881	68.92206696
6.765694136	68.94435522
6.729327778	68.8997829
6.749149225	68.8997829
6.779898847	68.8997829
7.073790735	70.23697795
7.114606924	70.23697795
7.0927774	70.23697795
7.112259059	70.23697795
7.096686889	70.21468967
7.170576295	70.45984379
7.175704425	70.50441611
7.186282591	70.50441611
7.192789677	70.52670439
7.197947188	70.54898842
7.330895361	71.08386899
7.35390712	71.08386899
7.306241501	71.06158071
7.336020298	71.03929243
7.278774802	71.01700839
7.71258373	73.44624859
7.73723248	73.37938374
7.701786489	73.37938374
7.723029685	73.4239603
7.70224827	73.40167202
8.297308767	75.31831995
8.252913298	75.34060823
8.287601789	75.29603167
8.227335238	75.27374339
8.260762294	75.27374339
8.54662124	76.27663965
8.567120349	76.27663965
8.598292791	76.23207159
8.606144343	76.25435137
8.594431843	76.23207159
8.820128346	77.81441226
8.763972475	77.83670055
8.861915999	77.83670055
8.788413008	77.88127711
8.848689778	77.81441226
9.304358248	79.46362626
9.293613381	79.46362626
9.362580317	79.4190497
9.315207862	79.4190497
9.344054155	79.44133798
9.504843944	80.15450358
9.517489586	80.13222377
9.524042658	80.13222377
9.510770451	80.13222377
9.516025683	80.10993549
9.939526615	82.13801633
9.953270183	82.07115148
9.948016867	82.09343976
9.956965707	82.07115148
9.982292758	82.09343976
10.10868275	82.53917145
10.05232505	82.49459489
10.10301428	82.51688317
10.04384693	82.4500268
10.10843493	82.49459489
10.53375488	84.38895454
10.53480619	84.36667473
10.5206481	84.38895454
10.51052788	84.32209817
10.50225159	84.34438645
10.63255427	84.4335311
10.62780808	84.45581936
10.64393784	84.45581936
10.61629933	84.50038745
10.64842599	84.47810764
10.69430963	84.70097349
10.67855671	84.6786852
10.69157088	84.72325329
10.66238224	84.70097349
10.69741436	84.65639692
11.06215863	86.86276704
10.99231795	86.84047876
11.05737603	86.81819898
10.97946984	86.7959107
11.01852513	86.75133413
11.51942002	88.55654913
11.52676636	88.57883741
11.49329204	88.60112569
11.48266533	88.53426085
11.47090173	88.53426085
11.56194218	86.2387461
11.54741939	86.19416953
11.57874512	86.2387461
11.59399858	86.17188125
11.62515825	86.21645781
11.56070054	86.10502488
11.51853605	86.10502488
11.52911422	86.10502488
11.46905205	86.14960144
11.54582264	86.14960144
11.80517741	89.33657957
11.76104061	89.31429129
11.80870687	89.33657957
11.80879373	89.38115614
11.83878202	89.33657957
12.15483173	91.097218
12.12291712	91.097218
12.1389153	91.07492972
12.09931328	91.05264991
12.11997781	91.05264991
12.25650527	91.38694869
12.2997581	91.43151676
12.24839632	91.40922848
12.27150197	91.36466041
12.23954264	91.38694869
12.31881183	89.18057008
12.28950567	89.13600201
12.33927198	89.11371373
12.29387566	89.13600201
12.35430189	89.15829029
12.54822429	91.54294967
12.48056797	91.52066139
12.53256718	91.47609332
12.49300348	91.52066139
12.54088179	91.52066139
12.90508827	93.48188588
12.91801558	93.48188588
12.90592752	93.48188588
12.93351941	93.4595976
12.95401788	93.4595976
13.37521821	95.62139963
13.35766032	95.66596772
13.37589012	95.62139963
13.35859282	95.62139963
13.41310851	95.57682307
14.03078221	98.00605903
14.06282329	97.93920269
14.03023421	97.93920269
14.04232737	97.93920269
14.02675201	97.9169144
14.03919518	94.84136921
14.10227457	94.88593727
14.05053213	94.88593727
14.10513085	94.88593727
14.04750979	94.88593727
14.18669808	93.39274125
14.19689941	93.41502104
14.17686208	93.43730932
14.18269342	93.4595976
14.18488672	93.37045297
14.60487352	97.87233784
14.62704539	97.87233784
14.61231055	97.85005803
14.64103932	97.85005803
14.60949771	97.82776975
15.04572668	99.78898575
14.99184586	99.76669747
15.02762589	99.76669747
14.95694724	99.74441768
15.00863987	99.76669747
15.38633699	100.9478915
15.42086006	100.9033149
15.38260442	100.8810267
15.37726361	100.8587469
15.34441649	100.9033149
15.61914479	101.9953559
15.59365168	101.9730761
15.65089207	101.9953559
15.60041552	101.9507878
15.64481163	101.9284995
15.83104791	102.1067888
15.81496542	102.084509
15.81815253	102.084509
15.77830142	102.0176441
15.7861089	102.0622207
15.92533934	99.61069646
15.91387593	99.63298475
15.92892373	99.58840818
15.90977036	99.58840818
15.90165503	99.61069646
16.19406257	102.4633758
16.1490878	102.4410876
16.20624644	102.4188077
16.16739936	102.4410876
16.20852532	102.3742312
16.60461193	104.0011484
16.53304548	104.0011484
16.58453755	103.9565804
16.51864021	103.9788686
16.55816048	103.9565804
16.9548002	105.4720647
17.02485676	105.4720647
16.96916842	105.4274966
17.02465238	105.4052083
16.96845691	105.3606318
17.10488855	102.1959419
17.08552569	102.2182217
17.08002137	102.1959419
17.05167198	102.1736536
17.08892614	102.1959419
17.44699726	105.38292
17.38084827	105.3606318
17.43385279	105.3160637
17.36951388	105.3160637
17.43535885	105.3160637
17.53341606	102.5302407
17.48998823	102.5748087
17.50388636	102.597097
17.49810356	102.5525205
17.52942546	102.597097
17.72508896	105.7172188
17.77792614	105.6726422
17.71073224	105.6726422
17.73911611	105.6726422
17.67796816	105.6726422
18.24212766	107.7452996
18.16624103	107.7230113
18.26111241	107.7452996
18.19715416	107.7230113
18.26564846	107.7452996
18.33028628	104.3577355
18.31785333	104.3577355
18.3398157	104.3800237
18.33784212	104.3577355
18.34631896	104.402312
18.70399025	107.7898677
18.75195159	107.7452996
18.70167815	107.7675879
18.72376827	107.7230113
18.69633989	107.7452996
19.2334223	108.99335
19.27727551	108.99335
19.27899873	108.9710617
19.27551398	108.9487735
19.24476819	108.9487735
19.30102369	106.2298068
19.30148611	106.2520951
19.31845001	106.2520951
19.30371646	106.2298068
19.31329186	106.2298068
19.78516673	109.2830722
19.79549708	109.2384957
19.75770003	109.2384957
19.75861721	109.1939276
19.73409365	109.1939276
20.21902356	110.3974014
20.22192838	110.3751131
20.26262768	110.3528249
20.28098778	110.3305451
20.26838877	110.3305451
20.24635614	107.7007231
20.27025122	107.6784348
20.20821419	107.7007231
20.20968065	107.7230113
20.18066829	107.7007231
20.72321543	110.3528249
20.69978787	110.3082568
20.72019054	110.3528249
20.7071802	110.3082568
20.74934341	110.3082568
20.81758478	110.6871236
20.80149846	110.6648438
20.86324041	110.6202673
20.83938748	110.6202673
20.87957838	110.597979
20.85551468	103.2882628
20.90511748	103.2659745
20.89121934	103.2436863
20.97080149	103.2659745
20.93758776	103.2436863
21.00068376	103.109965
21.05729949	103.109965
21.00056368	103.0876768
20.99619497	103.0876768
20.93571764	103.0876768
20.98630915	101.8842029
20.9897096	101.8619146
20.89294511	101.8619146
20.92070178	101.8396349
20.88151492	101.8619146
20.82372781	97.89490609
20.7842101	97.91719437
20.86774453	97.89490609
20.82608845	97.89490609
20.91092583	97.89490609
20.68857228	93.66045513
20.68689761	93.66045513
20.74384164	93.66045513
20.72868399	93.68274341
20.72910681	93.63816685
20.43668904	88.82426303
20.46688427	88.84655131
20.42442087	88.82426303
20.38871621	88.86883959
20.35326958	88.86883959
20.3059546	89.18085007
20.41301112	89.15856179
20.44808219	89.18085007
20.47861721	89.20313835
20.47777668	89.20313835
20.21007153	85.30298615
20.23577414	85.30298615
20.20129961	85.32527443
20.21003576	85.32527443
20.14200388	85.32527443
19.85806424	80.55594715
19.88813939	80.55594715
19.83148916	80.57822696
19.89264095	80.57822696
19.87462192	80.60051524
19.56698136	76.187775
19.66983649	76.16548671
19.68710058	76.187775
19.68831539	76.16548671
19.68982783	76.16548671
19.60173563	77.81469223
19.59014449	77.81469223
19.57082761	77.81469223
19.5326499	77.83698052
19.5760458	77.81469223
19.15646522	71.9087475
19.24088744	71.86417941
19.29271036	71.9087475
19.31803997	71.93103578
19.32631626	71.9087475
18.93446935	67.0948479
18.92333423	67.11713193
18.92926138	67.0948479
18.87870564	67.0948479
18.92418754	67.11713193
18.81333842	67.69658482
18.89272002	67.6520125
18.86752198	67.6520125
18.93056433	67.62972422
18.94810817	67.67429654
18.56770934	62.43694931
18.49430598	62.43694931
18.54407101	62.41466525
18.53575129	62.45923757
18.58026109	62.45923757
18.29985473	58.71509061
18.31514524	58.71509061
18.26307705	58.71509061
18.2901733	58.69280658
18.24930921	58.71509061
18.15586853	56.39728758
18.10059918	56.39728758
18.11184798	56.39728758
18.01255807	56.39728758
18.05400083	56.41957163
18.08287395	57.42358358
18.06708653	57.33443895
18.07479438	57.42358358
18.06858493	57.42358358
17.98312162	57.4012953
18.020934	58.15904171
18.0004879	58.13675343
18.02275557	58.09218112
18.0732666	58.1144694
18.04046292	58.13675343
17.9350351	55.75208978
17.87222141	55.75208978
17.91366672	55.77437806
17.93894012	55.7298015
17.93487031	55.75208978
17.51549539	49.51184629
17.41091832	49.5564186
17.47845967	49.5564186
17.50646671	49.57870688
17.48592353	49.60099092
17.0239332	44.85395192
17.07412999	44.87623597
17.06287608	44.78709132
17.10939778	44.87623597
17.12036556	44.85395192
17.02594639	45.45568883
17.10935307	45.41111652
17.12850516	45.41111652
17.06043752	45.43340057
17.08100369	45.47797289
16.57766641	39.4828835
16.55851176	39.4828835
16.59287899	39.52745581
16.6454147	39.46059522
16.59219047	39.52745581
16.28461377	36.02846298
16.31741363	36.0061747
16.28198105	36.0061747
16.27281569	36.05075126
16.26327733	36.02846298
15.76351038	31.61572063
15.86989754	31.59343235
15.89665272	31.57114618
15.80567743	31.61572063
15.8548293	31.57114618
15.81558496	33.15349321
15.78434481	33.15349321
15.76742562	33.13120707
15.77791948	33.08663473
15.82890443	33.13120707
15.60471526	31.25913359
15.66471994	31.23684742
15.68350542	31.16998894
15.60224732	31.14770066
15.60799307	31.12541451
15.19860232	27.04697091
15.34282485	27.00239646
15.29871743	27.04697091
15.20959181	27.09154323
15.27818575	27.06925706
14.72953902	22.50050734
14.75745281	22.56736583
14.80577054	22.52279351
14.72769828	22.50050734
14.76623878	22.54507968
14.69360186	23.25825164
14.73812954	23.25825164
14.74778798	23.21367719
14.74698705	23.28053779
14.70890386	23.25825164
14.27352692	18.15462347
14.22301717	18.13233732
14.18062786	18.15462347
14.21523524	18.15462347
14.27013031	18.17690964
13.68636397	13.87559915
13.65632586	13.94245868
13.68284856	13.87559915
13.64866272	13.83102577
13.68089924	13.92017251
13.02261309	9.195416501
13.04387162	9.150843118
12.94348059	9.195416501
12.99988555	9.217702669
13.00652038	9.173129287
12.72253474	6.833038507
12.57969054	6.855325187
12.64667622	6.877611356
12.71744941	6.855325187
12.62264574	6.877611356
12.56893354	7.724501863
12.62783965	7.746788544
12.62762888	7.769074712
12.54158819	7.702215161
12.57911954	7.746788544
12.1730858	4.693526336
12.24661945	4.715813016
12.24067059	4.671239633
12.16127494	4.715813016
12.16736815	4.693526336
11.8543229	2.687733778
11.81416393	2.687733778
11.9243769	2.687733778
11.88985256	2.732306894
11.78329934	2.665447076
11.78835019	4.090116933
11.85033996	4.090116933
11.82821535	4.06783052
11.71720145	4.134690316
11.83639584	4.090116933
11.67741166	2.374050038
11.61770077	2.329476923
11.67087136	2.374050038
11.68892233	2.329476923
11.61441913	2.374050038
11.37367866	0.323684321
11.37778807	0.368257503
11.33874299	0.323684321
11.32168074	0.368257503
11.36716136	0.390544094
8.898754358	-6.406864225
8.864475913	-6.406864225
8.868679204	-6.406864225
8.946684399	-6.429150371
8.895462493	-6.362290842
8.862289639	-5.782839539
8.904313612	-5.87198577
8.845639981	-5.849699624
8.846860539	-5.87198577
8.905228231	-5.827412922
8.774527009	-6.496010433
8.670246932	-6.518297136
8.780735822	-6.496010433
8.790034031	-6.518297136
8.704308219	-6.496010433
7.725532116	-8.613235925
7.807002902	-8.613235925
7.866310124	-8.613235925
7.765512245	-8.613235925
7.801009331	-8.635522605
6.922573159	-10.70817525
6.933405528	-10.66360186
6.97673756	-10.66360186
6.937252424	-10.66360186
6.878516201	-10.68588801
6.194894059	-13.07055271
6.216178771	-13.04826656
6.278726762	-13.07055271
6.219215155	-13.04826656
6.207275917	-13.04826656
5.634699612	-15.36607066
5.55593117	-15.29921111
5.609057682	-15.32149728
5.599532095	-15.34378449
5.526075729	-15.32149728
5.07819526	-17.43872275
5.045833876	-17.39415043
4.98087447	-17.4164366
5.052335533	-17.37186322
5.03323486	-17.39415043
4.506998869	-19.64509394
4.484899494	-19.6005216
4.505562111	-19.6005216
4.529248658	-19.6005216
4.539549309	-19.62280777
3.889374981	-21.96289908
4.036327312	-21.94061293
4.014647883	-21.94061293
3.904591394	-22.00747353
4.016884295	-21.96289908
3.90274938	-20.53655729
3.966518249	-20.58113172
3.958058334	-20.55884557
3.872219472	-20.55884557
3.969653632	-20.55884557
3.813500813	-22.18576493
3.773469907	-22.16347876
3.794310402	-22.16347876
3.813336347	-22.18576493
3.769990264	-22.18576493
3.446326285	-24.30299039
3.458647467	-24.32527656
3.495005203	-24.28070425
3.440065419	-24.28070425
3.440573825	-24.28070425
2.991535071	-26.3533574
3.039757637	-26.3533574
3.00526363	-26.33106912
2.986300278	-26.26421064
3.000728853	-26.33106912
2.491790802	-28.5820158
2.580944203	-28.55972752
2.542184153	-28.5820158
2.48687504	-28.55972752
2.567125907	-28.53744135
2.046997175	-30.74381359
2.106241964	-30.72152744
2.088488151	-30.74381359
2.000793862	-30.74381359
2.100869371	-30.72152744
1.602838736	-32.97247199
1.634208377	-32.95018582
1.619693098	-32.99475816
1.570873027	-32.95018582
1.631401446	-32.97247199
1.182216111	-35.20113039
1.1208482	-35.17884422
1.143291196	-35.22341654
1.224558715	-35.20113039
1.098001146	-35.17884422
0.699486278	-37.29606972
0.627134505	-37.318358
0.662654825	-37.27378143
0.67402047	-37.25149738
0.62783061	-37.25149738
0.222284163	-39.54701638
0.22974958	-39.50243981
0.223361192	-39.50243981
0.247988625	-39.54701638
0.237141466	-39.50243981
-0.250395351	-41.86481943
-0.222431004	-41.82024709
-0.252796567	-41.84253115
-0.277993262	-41.84253115
-0.228145821	-41.82024709
-0.645269024	-43.89290027
-0.664180402	-43.84832371
-0.705126008	-43.87061199
-0.63947852	-43.84832371
-0.670682139	-43.87061199
-0.660701398	-42.35512341
-0.71058754	-42.35512341
-0.716862379	-42.33283938
-0.668309764	-42.33283938
-0.782090359	-42.3105511
-0.721596271	-41.46366006
-0.696564061	-41.46366006
-0.726473631	-41.46366006
-0.689083595	-41.50823237
-0.746133168	-41.46366006
-0.973774116	-44.49463719
-0.87718871	-44.56149778
-0.99565745	-44.4723489
-0.947396403	-44.49463719
-0.909931239	-44.49463719
-1.212303799	-46.36670853
-1.191527493	-46.3444245
-1.220928578	-46.3444245
-1.208254834	-46.29984793
-1.225513094	-46.32213621
-1.629079448	-48.59536693
-1.664919358	-48.5730829
-1.642528735	-48.59536693
-1.662900424	-48.5730829
-1.679702572	-48.5730829
-2.171764386	-50.77945302
-2.125791485	-50.75716474
-2.117675032	-50.77945302
-2.159217264	-50.75716474
-2.102054161	-50.77945302
-2.569723025	-52.85210617
-2.589599241	-52.82981789
-2.585852142	-52.85210617
-2.571793534	-52.82981789
-2.615469187	-52.82981789
-2.998764847	-55.14762517
-3.113457987	-55.1699092
-3.024087427	-55.1699092
-3.053870375	-55.14762517
-3.092885427	-55.12533689
-3.083927964	-52.18211299
-3.165628364	-52.15982893
-3.122499438	-52.13754067
-3.113836098	-52.18211299
-3.129965534	-52.18211299
-3.418855435	-55.77025469
-3.366330579	-55.74796641
-3.382622245	-55.74796641
-3.432178738	-55.74796641
-3.390065667	-55.72568238
-3.66107194	-57.50860909
-3.649933313	-57.53089313
-3.624877711	-57.46403678
-3.610551647	-57.48632081
-3.697790223	-57.46403678
-4.002326383	-59.55897397
-3.988890349	-59.55897397
-4.055896153	-59.49211337
-4.005450908	-59.51440165
-4.001679698	-59.46982934
-4.494834489	-61.72077177
-4.450919003	-61.67619946
-4.475950016	-61.67619946
-4.465588688	-61.65391117
-4.476002389	-61.65391117
-4.922369456	-63.86028552
-4.913682483	-63.83799724
-4.928516953	-63.81571321
-4.946777416	-63.83799724
-4.931158301	-63.83799724
-5.434595221	-66.22266089
-5.427583561	-66.20037684
-5.512420302	-66.20037684
-5.432626105	-66.20037684
-5.47808118	-66.15580452
-5.532725884	-64.35058953
-5.450097772	-64.41745012
-5.441501495	-64.35058953
-5.459979115	-64.35058953
-5.491588429	-64.41745012
-5.769784878	-67.06955193
-5.669710647	-67.04726788
-5.64182049	-67.04726788
-5.688862736	-67.04726788
-5.665009808	-67.04726788
-5.964143515	-68.5627522
-5.947341846	-68.5627522
-5.930716459	-68.5627522
-5.938541823	-68.51817989
-5.947175145	-68.5627522
-6.327900992	-70.61312133
-6.363780022	-70.56854476
-6.380073285	-70.56854476
-6.368821928	-70.56854476
-6.3801346	-70.61312133
-6.884359677	-73.02007324
-6.954461585	-72.99778495
-6.893403044	-72.95320839
-6.851290292	-72.93092011
-6.871862852	-72.97549667
-7.333685207	-75.18186679
-7.345155638	-75.15957851
-7.430498869	-75.15957851
-7.409380858	-75.13729873
-7.359875781	-75.11501044
-7.825955077	-77.29909226
-7.82965124	-77.29909226
-7.906930231	-77.29909226
-7.869338205	-77.27680398
-7.814360738	-77.29909226
-8.363033657	-79.66147188
-8.314430425	-79.68376014
-8.359121613	-79.68376014
-8.41280635	-79.6391836
-8.407431042	-79.6391836
-8.856342694	-81.75640907
-8.845292528	-81.73412079
-8.893628782	-81.75640907
-8.863201704	-81.6895527
-8.891547894	-81.71184098
-9.110283194	-82.51415123
-9.103222355	-82.51415123
-9.179259711	-82.46958314
-9.116635715	-82.44729486
-9.094804275	-82.44729486
-9.174157129	-80.33006939
-9.191746316	-80.35235767
-9.170789897	-80.33006939
-9.17523845	-80.37464595
-9.175453053	-80.35235767
-9.402214909	-82.55872779
-9.36979189	-82.55872779
-9.361829205	-82.51415123
-9.29714923	-82.51415123
-9.327488167	-82.46958314
-9.563393667	-84.25250985
-9.595997438	-84.25250985
-9.616416709	-84.20793329
-9.608923469	-84.25250985
-9.627506475	-84.20793329
-9.951766681	-86.19143759
-9.934508341	-86.16915778
-9.948288315	-86.16915778
-9.962396582	-86.16915778
-9.959707012	-86.16915778
-10.44024394	-87.19433386
-10.43570725	-87.19433386
-10.46057508	-87.19433386
-10.45575288	-87.17205407
-10.4698075	-87.19433386
-10.43411689	-85.83485903
-10.5014909	-85.83485903
-10.5467301	-85.81257075
-10.52987605	-85.83485903
-10.52814901	-85.85713881
-11.00025956	-90.8939085
-11.01560243	-90.87162022
-10.97975087	-90.82705213
-10.98955237	-90.87162022
-11.04183133	-90.78247557
-11.06189676	-90.7379075
-11.0766763	-90.7379075
-11.07511532	-90.76018728
-11.01693859	-90.78247557
-11.04039297	-90.7379075
-11.11907838	-88.62068203
-11.14775351	-88.64296181
-11.14544141	-88.62068203
-11.12135088	-88.57610547
-11.09857864	-88.62068203
-11.36214372	-91.27278382
-11.35513589	-91.25049554
-11.39697209	-91.25049554
-11.35458789	-91.27278382
-11.35456873	-91.20591897
-11.65796576	-93.14485518
-11.65838348	-93.18943172
-11.66750285	-93.16714346
-11.72197383	-93.14485518
-11.74398219	-93.14485518
-12.19907838	-94.74949261
-12.13355915	-94.74949261
-12.14628591	-94.7717724
-12.15719237	-94.7717724
-12.14510048	-94.7717724
-12.71468894	-97.31244977
-12.75056861	-97.26787321
-12.74519586	-97.26787321
-12.71466722	-97.24558493
-12.76977052	-97.24558493
-12.79036479	-94.10317489
-12.79103671	-94.10317489
-12.75324221	-94.10317489
-12.80385416	-94.0808951
-12.82084105	-94.14775145
-13.13339451	-97.57988368
-13.14302228	-97.5575954
-13.09470711	-97.60217197
-13.18199965	-97.5575954
-13.20047727	-97.5575954
-13.57480461	-99.69710917
-13.58000875	-99.69710917
-13.57782439	-99.69710917
-13.52651882	-99.65254109
-13.53385621	-99.67482089
-13.70954243	-99.96455156
-13.71004955	-99.96455156
-13.65841952	-99.98683984
-13.68871311	-99.96455156
-13.74609273	-99.919975
-13.76286119	-97.84732609
-13.76968251	-97.80274953
-13.7179439	-97.80274953
-13.77338059	-97.80274953
-13.79784795	-97.82503781
-13.95335632	-100.276562
-14.03282223	-100.276562
-14.05553954	-100.2542738
-14.01763392	-100.2319855
-14.00296168	-100.2542738
-14.02917524	-98.31534604
-13.9919773	-98.27076948
-13.99575074	-98.31534604
-14.04148429	-98.29305776
-14.03988243	-98.33762585
-14.18048351	-100.2319855
-14.24192144	-100.2542738
-14.18137131	-100.2097057
-14.21950942	-100.2097057
-14.18668275	-100.1651291
-14.51079414	-101.7029017
-14.44913777	-101.7029017
-14.50974028	-101.72519
-14.40416683	-101.6806135
-14.45737446	-101.7029017
-14.94380916	-103.6418379
-15.01464876	-103.6641262
-14.97382938	-103.6641262
-14.9767789	-103.6195496
-14.96814111	-103.5749731
-15.3500971	-104.8453118
-15.379333	-104.8453118
-15.3250664	-104.8453118
-15.3309961	-104.8230235
-15.29291036	-104.8007352
-15.45509699	-102.2154982
-15.36440272	-102.2823546
-15.40863532	-102.2600663
-15.35984623	-102.2154982
-15.3709839	-102.19321
-15.98343814	-105.8036315
-15.911583	-105.7813517
-15.95252884	-105.8036315
-15.87961601	-105.8036315
-15.93577571	-105.7813517
-16.39023576	-107.1408265
-16.43479538	-107.1185467
-16.38618256	-107.0739702
-16.39781842	-107.0516819
-16.44984956	-107.0739702
-16.5101787	-104.511013
-16.47298076	-104.4664364
-16.47864603	-104.4887247
-16.42618058	-104.511013
-16.47125499	-104.4887247
-16.90262982	-107.8762889
-16.87613651	-107.8540006
-16.97004216	-107.8540006
-16.95098971	-107.809424
-16.95615169	-107.8317123
-17.30817432	-108.8791851
-17.27782197	-108.8568969
-17.31686193	-108.9014734
-17.29238563	-108.8791851
-17.31729369	-108.8568969
-17.32263834	-106.472229
-17.30375323	-106.4276609
-17.35930616	-106.4499492
-17.31899647	-106.4499492
-17.34368354	-106.4499492
-17.34575037	-105.8688249
-17.33473406	-105.913393
-17.38383356	-105.8911132
-17.35612288	-105.8911132
-17.36305917	-105.8688249
-17.38381312	-105.6682473
-17.35880415	-105.7351037
-17.36331465	-105.6682473
-17.3488749	-105.6682473
-17.4161876	-105.6905271
-17.40576528	-104.5316299
-17.4389113	-104.5093416
-17.37288367	-104.5093416
-17.35032858	-104.5316299
-17.40468843	-104.4870533
-17.71835194	-108.6546479
-17.74241948	-108.6323596
-17.75720285	-108.6323596
-17.72785071	-108.6100713
-17.70975247	-108.5877831
-18.14056398	-110.861018
-18.17660715	-110.8164415
-18.2072763	-110.7718734
-18.16763085	-110.7718734
-18.15856002	-110.7718734
-18.54145617	-111.6187602
-18.51820107	-111.5741921
-18.51664008	-111.5964719
-18.46813968	-111.5741921
-18.51181533	-111.5741921
-18.55959145	-107.8300409
-18.57655535	-107.8300409
-18.54110999	-107.8300409
-18.56824968	-107.7854728
-18.5370849	-107.8300409
-18.97029792	-111.0170275
-18.93439142	-110.9947392
-18.9653531	-110.9724509
-18.90531009	-110.9278744
-18.98332359	-110.9724509
-19.31649814	-112.2650694
-19.29427518	-112.2873577
-19.38760856	-112.2427896
-19.30735322	-112.2205013
-19.3448207	-112.2205013
-19.71946867	-113.6022645
-19.74744888	-113.5576964
-19.72448503	-113.5354081
-19.71551	-113.4908315
-19.68140975	-113.4908315
-19.80367884	-109.9472664
-19.80597434	-109.9695547
-19.75116101	-109.991843
-19.78962998	-109.991843
-19.78200133	-109.9472664
-20.18275556	-113.290254
-20.20649225	-113.2679657
-20.18985664	-113.2679657
-20.16617105	-113.2679657
-20.14876901	-113.3125423
-20.57858286	-114.8057468
-20.68592295	-114.8057468
-20.64230223	-114.7834585
-20.63702145	-114.7388819
-20.63393397	-114.6943139
-20.7909139	-111.6410485
-20.71737898	-111.6187602
-20.72393205	-111.6187602
-20.70410805	-111.6187602
-20.68293511	-111.6187602
-20.81426992	-107.5595357
-20.845915	-107.6041122
-20.81376279	-107.5595357
-20.84618581	-107.5595357
-20.82233288	-107.5595357
-20.76707247	-102.5004862
-20.72872103	-102.5227745
-20.71779924	-102.5227745
-20.73257878	-102.5227745
-20.77570515	-102.5450543
-20.53193086	-97.82030357
-20.53142245	-97.82030357
-20.48114519	-97.84259185
-20.52861856	-97.79801529
-20.50622825	-97.82030357
-20.53139179	-98.06545769
-20.48257204	-98.11002576
-20.51180922	-98.11002576
-20.5313011	-98.11002576
-20.49300075	-98.11002576
-20.23479565	-93.0732561
-20.18826372	-93.0732561
-20.2233233	-93.09554436
-20.18154331	-93.0732561
-20.17102518	-93.11783264
-20.21458842	-94.41045112
-20.20698149	-94.4327394
-20.18581111	-94.4327394
-20.16054282	-94.38817133
-20.15999098	-94.41045112
-19.82698504	-88.3262171
-19.8250715	-88.28164054
-19.90806558	-88.28164054
-19.83123879	-88.30392882
-19.87373157	-88.30392882
-19.86943695	-88.66051585
-19.93567791	-88.63822757
-19.8579646	-88.68280414
-19.89026243	-88.66051585
-19.86444486	-88.63822757
-19.58457757	-84.1363427
-19.64225099	-84.11405442
-19.65211892	-84.1363427
-19.61956817	-84.11405442
-19.56453768	-84.15862249
-19.38620086	-80.54820099
-19.39037925	-80.63734562
-19.33498087	-80.61505734
-19.33262918	-80.61505734
-19.42217889	-80.61505734
-18.98900547	-75.55600787
-19.00933916	-75.55600787
-19.01534422	-75.57828768
-19.02088432	-75.57828768
-18.96348042	-75.55600787
-18.66675143	-71.47755791
-18.73092555	-71.47755791
-18.68779918	-71.45526963
-18.73384569	-71.52213447
-18.72658238	-71.54442275
-18.70505049	-72.63646367
-18.68057803	-72.61417539
-18.72387174	-72.63646367
-18.68737253	-72.65875196
-18.6740505	-72.68103174
-18.27419045	-66.52993712
-18.23882174	-66.57451369
-18.33177318	-66.5522254
-18.30976482	-66.5522254
-18.31408244	-66.57451369
-18.26361739	-67.22082292
-18.30607696	-67.2431112
-18.28524764	-67.2431112
-18.25841453	-67.22082292
-18.25186018	-67.22082292
-17.97359859	-62.76350613
-17.93839339	-62.80807845
-18.02567955	-62.76350613
-17.98022958	-62.80807845
-17.96644769	-62.80807845
-17.52616425	-57.63759182
-17.55073891	-57.61530354
-17.55024456	-57.61530354
-17.50236625	-57.61530354
-17.54968506	-57.63759182
-17.3865953	-56.56783493
-17.46487833	-56.56783493
-17.45285159	-56.61240725
-17.4449994	-56.59012321
-17.45273535	-56.59012321
-17.39590884	-57.77131301
-17.34315469	-57.77131301
-17.46685575	-57.74902473
-17.39847898	-57.74902473
-17.35417995	-57.72673645
-17.37286451	-58.64048808
-17.36601763	-58.6181998
-17.39210602	-58.59591577
-17.33880258	-58.6181998
-17.3351045	-58.6181998
-17.03564953	-53.55914608
-17.06914046	-53.60371842
-17.05453464	-53.60371842
-17.02211162	-53.60371842
-17.08863489	-53.60371842
-16.70697015	-49.12411758
-16.70848004	-49.12411758
-16.68916445	-49.12411758
-16.65097396	-49.14640162
-16.74829411	-49.12411758
-16.2679935	-44.51079555
-16.2253717	-44.48850727
-16.28768848	-44.48850727
-16.2736575	-44.53307958
-16.21204967	-44.51079555
-16.23624622	-45.35768234
-16.23507995	-45.35768234
-16.29060351	-45.31311003
-16.26322495	-45.31311003
-16.23567778	-45.31311003
-16.20870927	-46.04856814
-16.24042205	-46.07085642
-16.2233253	-46.04856814
-16.24557381	-46.09314045
-16.22488629	-46.02627986
-15.80676577	-40.47692215
-15.82198346	-40.43234984
-15.81033356	-40.45463387
-15.83424908	-40.43234984
-15.79584271	-40.47692215
-15.30646615	-35.64073428
-15.35128253	-35.66301831
-15.34297941	-35.618446
-15.33448597	-35.66301831
-15.33380767	-35.66301831
-14.8158007	-31.09427073
-14.84614283	-31.04969628
-14.86200561	-31.09427073
-14.83915544	-31.09427073
-14.86661192	-31.13884305
-14.44439605	-27.23869084
-14.41465047	-27.23869084
-14.39802381	-27.23869084
-14.45089803	-27.26097701
-14.44177738	-27.28326529
-14.02934386	-24.49744229
-14.13635694	-24.49744229
-14.09491674	-24.47515401
-14.07357902	-24.47515401
-14.15555629	-24.47515401
-14.08881714	-25.96835641
-14.01098248	-25.99064256
-14.07662434	-26.01292873
-14.09146137	-25.99064256
-14.0629472	-25.96835641
-13.73535106	-22.17963712
-13.73912706	-22.22420946
-13.74207275	-22.17963712
-13.77433098	-22.17963712
-13.72119489	-22.20192329
-13.71069847	-22.93738142
-13.80729306	-22.93738142
-13.70771446	-22.91509314
-13.69265262	-22.89280697
-13.79162317	-22.95966757
-13.69569922	-22.95966757
-13.77023307	-22.98195374
-13.74967457	-22.93738142
-13.6522254	-22.93738142
-13.79003664	-22.91509314
-13.20029205	-17.58860019
-13.18718463	-17.58860019
-13.21905836	-17.61088743
-13.19486565	-17.61088743
-13.2039863	-17.58860019
-13.20516151	-17.90061173
-13.16527335	-17.85603942
-13.24641137	-17.85603942
-13.16467553	-17.90061173
-13.19658631	-17.90061173
-12.65235683	-13.2872897
-12.59729953	-13.26500353
-12.59857182	-13.22043015
-12.6063678	-13.26500353
-12.61237542	-13.2872897
-11.91159777	-8.985979214
-12.01518869	-9.008265361
-11.94744806	-9.030552597
-11.89989677	-9.030552597
-11.99044925	-9.030552597
-11.56737241	-6.445308202
-11.54845664	-6.489881585
-11.53748504	-6.512168287
-11.57114075	-6.489881585
-11.55188519	-6.534454967
-11.4960525	-7.180765799
-11.59534241	-7.180765799
-11.54074497	-7.180765799
-11.54902764	-7.158479119
-11.54309155	-7.180765799
-11.50847651	-7.492777875
-11.5312858	-7.515064555
-11.5611323	-7.537351257
-11.53123215	-7.537351257
-11.49655197	-7.492777875
-11.43654345	-6.601314518
-11.50328004	-6.579027816
-11.43999754	-6.556741136
-11.40989684	-6.645887901
-11.52116239	-6.623601198
-10.41865713	0.262953396
-10.44600183	0.240666805
-10.37560612	0.240666805
-10.45389107	0.240666805
-10.43524611	0.240666805
-9.835740892	2.179599611
-9.826954921	2.157313042
-9.863324473	2.112739927
-9.863667456	2.112739927
-9.86337046	2.135026496
-9.741309585	1.555575326
-9.786322678	1.466428962
-9.745759415	1.600148442
-9.758325857	1.577861895
-9.780239689	1.533288646
-9.161425901	3.561367884
-9.199352607	3.539081204
-9.189352465	3.494508088
-9.180082997	3.561367884
-9.166161869	3.494508088
-9.178415349	3.227069128
-9.243553911	3.293928924
-9.172910384	3.249355563
-9.142743897	3.204782448
-9.229434786	3.204782448
-9.173166504	2.87048367
-9.117427704	2.803623874
-9.237424936	2.825910554
-9.162328386	2.825910554
-9.166323461	2.803623874
-9.192192768	2.803623874
-9.145991053	2.803623874
-9.164936202	2.87048367
-9.123815992	2.803623874
-9.202097744	2.803623874
-9.104690728	2.490776089
-9.060790252	2.468489408
-9.108515909	2.557635906
-9.130340961	2.379343177
-9.067546432	2.401629613
-9.062995048	2.134190653
-9.129591126	2.089617537
-9.100413986	2.111904084
-9.092303122	2.089617537
-9.068791899	2.178763902
-9.083649362	2.045044421
-9.121406811	2.111904084
-9.077732436	2.111904084
-9.090319955	2.022757719
-9.050350045	2.111904084
-8.895790785	3.58281861
-8.832963682	3.58281861
-8.851423419	3.404525881
-8.820364665	3.58281861
-8.896675386	3.60510529
-8.821876471	3.58281861
-8.86084362	3.493672379
-8.847100051	3.426812583
-8.882308445	3.560532174
-8.84803511	3.471385698
-8.369603335	4.563428464
-8.395816264	4.563428464
-8.38358514	4.496568402
-8.394965514	4.563428464
-8.386239581	4.563428464
-7.533874545	6.168062181
-7.546849118	6.190348884
-7.544288565	6.168062181
-7.606664746	6.279495115
-7.52619672	6.279495115
-7.568259653	6.05662927
-7.529448347	6.05662927
-7.549830574	6.07891595
-7.568721434	6.034343101
-7.540324787	6.034343101
-7.192000243	6.858946395
-7.266516214	6.903519778
-7.189271712	6.836659715
-7.264614801	6.881233098
-7.222628512	6.881233098
-6.932801317	7.482971058
-6.981651726	7.460684378
-6.933097674	7.460684378
-7.024900727	7.416110996
-6.924477126	7.438397698
-6.940600495	6.747513484
-6.945086731	6.725226782
-6.976673051	6.725226782
-6.927116878	6.725226782
-6.933669312	6.725226782
-6.28583231	9.087605331
-6.334549231	9.087605331
-6.29283439	8.976172398
-6.262464795	8.998458567
-6.311785288	9.043031949
-5.887360156	10.1796473
-5.928518688	10.26879406
-5.891433791	10.20193453
-5.924740772	10.22422068
-5.81675048	10.15736115
-5.542148002	11.2939765
-5.540755634	11.27169035
-5.521321878	11.2939765
-5.600230195	11.27169035
-5.560296691	11.2939765
-4.94808292	13.50034873
-4.868618294	13.50034873
-4.910298007	13.58949445
-4.914111371	13.56720828
-4.920701169	13.50034873
-4.278330491	15.7512933
-4.284728039	15.84044007
-4.300335976	15.84044007
-4.273678192	15.77358052
-4.268965856	15.77358052
-3.737524452	17.97995275
-3.713672482	17.97995275
-3.751008069	18.00223892
-3.718668082	17.95766447
-3.717143822	17.95766447
-3.155768417	20.23089732
-3.234701644	20.14175056
-3.206458284	20.20861115
-3.207461045	20.20861115
-3.164991259	20.14175056
-2.749369024	22.14754311
-2.675737974	22.12525695
-2.763314103	22.14754311
-2.680403365	22.1029708
-2.752593826	22.08068252
-2.734769596	20.87720866
-2.631360707	20.83263424
-2.696560266	20.921781
-2.661020705	20.87720866
-2.7375802	20.85492038
-2.663692871	20.69891516
-2.697378442	20.74348747
-2.655332434	20.7212013
-2.6990215	20.7212013
-2.631731633	20.67662899
-2.169118247	24.57678119
-2.234473489	24.57678119
-2.200704089	24.57678119
-2.299061172	24.53220674
-2.175163872	24.57678119
-1.710782881	26.89458634
-1.702045292	26.89458634
-1.699860934	26.89458634
-1.750799576	26.82772574
-1.72574078	26.98373099
-1.211209385	28.92266506
-1.260374753	28.9003789
-1.229439189	28.96723738
-1.235898612	28.92266506
-1.227668391	28.92266506
-0.737839077	31.37418931
-0.764842957	31.35190314
-0.692087086	31.26275638
-0.813974713	31.30732869
-0.716916508	31.32961486
-0.688592354	29.74726782
-0.699066172	29.76955397
-0.781846375	29.83641459
-0.726612629	29.76955397
-0.713246932	29.72498166
-0.279170608	33.26854894
-0.219077025	33.46912861
-0.241688219	33.51370093
-0.215596005	33.40226801
-0.25452595	33.37998187
0.244496068	35.51949348
0.203880013	35.5863541
0.239291194	35.60863814
0.254994018	35.56406582
0.264404379	35.56406582
0.705305084	38.03787833
0.723948687	38.03787833
0.745288007	38.12702298
0.761330181	37.99330601
0.684948245	37.97101773
1.267991981	40.17738785
1.207433145	40.22196441
1.246396542	40.22196441
1.227386085	40.15510382
1.279290682	40.15510382
1.762449483	42.58433976
1.765849608	42.56205573
1.74812773	42.60662804
1.75014395	42.51747917
1.711214643	42.49519513
2.210565153	44.47869941
2.251712668	44.47869941
2.212783841	44.45641537
2.282931416	44.41183881
2.173688952	44.43412709
2.310450808	42.29461332
2.264506329	42.25004101
2.326875803	42.3169016
2.241188153	42.3169016
2.351103489	42.29461332
2.37831854	41.78202528
2.231823359	41.78202528
2.35274543	41.80430932
2.288191439	41.73744872
2.372180144	41.8265976
2.527094682	44.90214704
2.579046303	44.87985876
2.531308831	44.81299816
2.568632603	44.87985876
2.577831175	44.90214704
2.916137054	46.97479597
2.844734751	46.88565132
2.866992524	46.93022363
2.906807229	46.93022363
2.849906952	46.9079396
3.442333127	49.38174788
3.463712366	49.27031497
3.356361095	49.35946385
3.471897639	49.38174788
3.441437668	49.49318079
3.851232395	51.14239056
3.934132913	51.18696287
3.926281042	51.16467459
3.869460603	51.097814
3.921204966	51.18696287
4.435837037	53.41562128
4.5004343	53.37104896
4.362723973	53.34876068
4.440748648	53.393333
4.442484318	53.37104896
5.016403491	55.68885199
4.968994631	55.6219914
5.038449854	55.75571259
5.005066229	55.64427968
4.939769588	55.53284675
5.592233659	57.89522212
5.525994614	57.9175104
5.492897127	57.9175104
5.561369709	57.87293806
5.565560865	57.87293806
5.612258213	56.4243101
5.543388998	56.51345475
5.575540569	56.55802707
5.557321622	56.51345475
5.593356495	56.46888244
6.203688972	60.25760171
6.071928784	60.27988999
6.164157211	60.27988999
6.130435074	60.25760171
6.174157992	60.23531343
6.703782292	62.44168778
6.733726512	62.41939949
6.627802418	62.46397183
6.721471116	62.41939949
6.672326905	62.37482718
7.260995282	64.71491849
7.190776492	64.71491849
7.235550711	64.67034618
7.266709101	64.71491849
7.207486188	64.75949083
7.721724819	66.76528339
7.746580508	66.85443227
7.76530786	66.89900458
7.78399753	66.8767163
7.734728133	66.98814921
7.837371858	65.02692899
7.777106584	65.00464493
7.83006448	65.07150553
7.76794378	65.04921725
7.789528681	65.09378959
7.876017741	62.59435021
7.773069355	62.6612108
7.926259241	62.59435021
7.864836002	62.63892252
7.83280323	62.61663849
7.839641801	62.21547911
7.888523507	62.21547911
7.780888333	62.19319086
7.921502834	62.19319086
7.858202453	62.1709068
8.101405751	67.14081164
8.236978984	67.14081164
8.138233252	67.11852761
8.200894293	67.11852761
8.140891525	67.14081164
8.410971362	69.05745955
8.463123855	69.10203188
8.462663352	69.07974783
8.449782668	69.05745955
8.450277662	69.05745955
8.516997009	67.34139343
8.45576091	67.29682112
8.540102018	67.29682112
8.507749896	67.34139343
8.41922785	67.25224455
8.664975733	69.52547952
8.669143895	69.7037688
8.658115445	69.59233587
8.723800097	69.59233587
8.627250218	69.57005183
8.878117289	71.35297432
8.991483527	71.3752626
8.866614284	71.30840623
8.970262047	71.39755088
8.924023925	71.33069451
9.336020574	73.5816327
9.337234106	73.55935292
9.413345552	73.55935292
9.291846095	73.49248807
9.390204775	73.53706463
9.948649181	75.60971354
9.831565065	75.52056891
9.87938461	75.63200182
9.965120003	75.60971354
9.851802307	75.56514547
10.45449847	77.86066022
10.37746474	77.90523679
10.48235095	77.88294851
10.45268903	77.83837194
10.38449109	77.83837194
10.99596493	80.02246226
10.98194927	79.97788572
11.01049027	80.06703034
10.92756516	79.95559743
11.02251829	79.93330915
11.57858545	82.27340047
11.45643515	82.11739947
11.5638008	82.27340047
11.52744593	82.22883238
11.52810635	82.22883238
12.13149359	84.34605787
12.08566807	84.32376959
12.06579936	84.34605787
12.17042497	84.36834615
12.01977201	84.34605787
12.71134087	86.79758209
12.67157407	86.77529381
12.69903821	86.73071725
12.64163943	86.70843746
12.71588714	86.70843746
13.15536582	89.04852878
13.29047663	89.0262405
13.22319715	88.98166393
13.28221184	88.95937565
13.17720684	88.95937565
13.28880707	86.37413871
13.29986171	86.39641849
13.30926083	86.39641849
13.36470647	86.39641849
13.23841484	86.37413871
13.37348988	85.34895414
13.2756626	85.37124242
13.38625241	85.34895414
13.27717632	85.37124242
13.39369327	85.32666585
13.43911386	87.55532426
13.51084382	87.55532426
13.41619471	87.51074769
13.5099688	87.48846789
13.48876264	87.51074769
13.98437164	91.12117768
13.97950857	91.12117768
13.97891203	91.07660112
14.03116288	91.07660112
13.88404321	91.05432133
13.94059635	89.89541557
14.02622189	89.91770385
13.99552209	89.89541557
13.9832999	89.87312729
14.03572704	89.87312729
14.51926842	93.30525952
14.49073637	93.28297974
14.47906858	93.23840317
14.46898477	93.23840317
14.59209056	93.26069146
15.09075255	95.22190745
15.13679012	95.22190745
15.07462279	95.22190745
15.14539597	95.19961917
15.05926075	95.17733936
15.15858387	92.25779517
15.22158917	92.25779517
15.1260791	92.2132186
15.15531372	92.2132186
15.18286218	92.2132186
15.45472782	95.51163812
15.51872566	95.51163812
15.50382349	95.48934986
15.53288311	95.48934986
15.4297776	95.46706158
15.93068271	97.85172945
16.00707902	97.87400924
16.00615801	97.82944117
15.96042446	97.85172945
16.02333907	97.80715289
16.56129395	99.94666664
16.61930588	99.92437836
16.56134121	99.92437836
16.58998567	99.8798018
16.65878783	99.83523373
16.94066319	100.9495629
16.95276658	100.9495629
16.94692374	100.9272746
16.98221453	100.9272746
16.97804381	100.9049864
17.08296706	97.53971048
16.99896127	97.53971048
17.05578777	97.51743067
16.96171861	97.51743067
17.07825472	97.53971048
17.60989668	102.1084602
17.53166347	102.175325
17.62346396	102.1307485
17.58185515	102.1084602
17.5973462	102.0861804
17.62836536	101.2615734
17.64123774	101.2169968
17.58015748	101.2615734
17.62152998	101.2392851
17.5509203	101.2615734
17.65594063	99.54550304
17.62399153	99.47864669
17.62972707	99.54550304
17.72718007	99.54550304
17.56711648	99.52322323
17.86807879	102.5764801
17.87840148	102.6210567
17.82210254	102.5541919
17.88828091	102.5541919
17.83814287	102.5096238
18.26628333	104.2479739
18.15737203	104.2702622
18.32638382	104.2702622
18.18412466	104.2479739
18.274216	104.2256857
18.49328917	105.0948692
18.47770103	105.072581
18.59017756	105.117149
18.44797078	105.072581
18.57636501	105.0502927
18.59373513	101.7741614
18.58320422	101.7518816
18.56149222	101.7741614
18.60235631	101.7518816
18.5479211	101.7518816
18.60412679	101.194717
18.54461263	101.1278522
18.65621158	101.194717
18.50295783	101.1278522
18.65171002	101.1724288
18.98884069	105.1840139
18.90568309	105.1840139
18.98484753	105.1617256
18.92105279	105.1394373
19.04550241	105.1617256
19.37453691	106.6326418
19.28639233	106.6103535
19.37660374	106.6103535
19.32923895	106.5212089
19.33288977	106.5434972
20.00072066	108.3264239
20.02687419	108.3487037
19.98317427	108.2818473
19.97442023	108.2818473
20.04721427	108.2595591
20.10052153	104.2256857
20.07595453	104.2479739
20.14387017	104.2256857
20.0217301	104.2256857
20.07863325	104.2479739
20.41100559	106.7886428
20.29776774	106.7886428
20.3628271	106.766363
20.31726089	106.7886428
20.376936	106.766363
20.81828991	108.7721556
20.85086749	108.7721556
20.75659394	108.7052908
20.87447644	108.727579
20.84226674	108.7052908
20.90809127	106.6772099
20.83543136	106.6326418
20.92018444	106.6772099
20.7610904	106.6772099
20.92287464	106.6772099
20.96603167	102.0644436
20.84499783	102.0198755
20.9887656	102.0421638
20.86868342	102.0198755
20.97291687	102.0644436
20.93633846	102.0421638
20.94255813	102.0421638
20.88850614	102.0198755
20.94743781	102.0421638
20.91445656	102.0644436
20.91149044	101.863866
20.93653901	101.863866
20.98175394	101.8415778
20.88533691	101.8415778
20.94521641	101.8861543
20.88979376	98.32030089
20.93931225	98.34258917
20.86631895	98.29801261
20.99374363	98.34258917
20.83305795	98.29801261
20.64828686	93.84069581
20.73257623	93.86298409
20.66525076	93.84069581
20.69716665	93.84069581
20.74407924	93.90756065
20.45727821	89.56167678
20.461394	89.60624485
20.36669763	89.58395656
20.49479423	89.5393885
20.44346693	89.58395656
20.44123276	89.78454262
20.44167857	89.80682241
20.47654526	89.76225434
20.34420769	89.73996606
20.52762601	89.76225434
20.14938727	84.10146371
20.0605133	84.10146371
20.1848339	84.10146371
20.0605133	84.10146371
20.14664596	84.12374349
19.87550716	80.3573125
19.89883124	80.37960078
19.85853943	80.3573125
19.90650588	80.40188907
19.79970612	80.37960078
19.55275493	75.6102735
19.59295733	75.58798522
19.52713919	75.56569694
19.59258177	75.6102735
19.50777505	75.58798522
19.46758415	77.05890146
19.60791443	77.03661318
19.45586782	77.03661318
19.54641901	77.03661318
19.54143204	77.0143249
19.25343025	71.84384252
19.18644967	71.82155423
19.26604332	71.84384252
19.19821071	71.82155423
19.22920432	71.86612232
18.83869102	66.89621748
18.88733193	66.9407898
18.83025378	66.91850576
18.89303298	66.9407898
18.81622918	66.96307808
18.83319308	67.38652148
18.85436219	67.38652148
18.90777803	67.38652148
18.79539475	67.38652148
18.8961805	67.38652148
18.5138975	62.41661664
18.5567901	62.48347301
18.50977149	62.55033361
18.52183911	62.48347301
18.55336411	62.59490592
18.2709714	59.25191832
18.27632116	59.2742066
18.27369993	59.31877894
18.26489096	59.2742066
18.27558793	59.29649488
18.04121786	55.97579134
17.93381901	55.99807962
18.06150684	55.99807962
17.95948329	55.93121902
18.03046597	55.97579134
17.98138308	57.04248538
17.96604659	57.15391829
17.98460724	57.10934175
18.02812705	57.10934175
18.04243523	57.08705769
17.74807709	53.43205539
17.73053325	53.47663195
17.75264763	53.49891598
17.65539263	53.49891598
17.74249356	53.45434367
17.40057008	49.06388746
17.30774	49.1084598
17.33537404	49.15303211
17.38624785	49.08617152
17.4058036	49.13074808
16.94074111	44.82943652
17.03523693	44.87400884
16.98504525	44.85172056
16.95565862	44.85172056
16.99180909	44.82943652
16.9551732	45.52031807
16.97721733	45.49803403
17.03539661	45.47574575
16.91746302	45.47574575
16.9627648	45.49803403
16.50464117	40.17153791
16.52251841	40.21611447
16.58485563	40.21611447
16.45973921	40.19382619
16.63714863	40.19382619
16.5054587	41.28586711
16.5159334	41.26358307
16.5183528	41.30815539
16.57300006	41.28586711
16.44600075	41.28586711
16.1270309	35.91480291
16.00594724	35.98166353
16.17466778	35.95937525
16.10775235	35.98166353
16.10435574	36.00394757
15.69447447	31.8363572
15.68826502	31.8363572
15.67451889	31.90321568
15.6774352	31.79178277
15.66188794	31.8363572
15.15922641	26.9555949
15.17990116	26.9555949
15.13893998	26.93330873
15.13427619	27.00016721
15.13818632	26.97788104
14.63886391	22.45370578
14.58287538	22.47599195
14.54982515	22.45370578
14.63748559	22.47599195
14.5436949	22.40913133
14.56820825	23.10001501
14.62491085	23.05544269
14.48660142	23.16687563
14.64352132	23.07772886
14.5657352	23.07772886
14.06297658	18.24154099
14.07591411	18.24154099
14.05751696	18.19696654
14.10312149	18.24154099
14.03547667	18.21925482
13.42550953	13.91794326
13.52933677	13.91794326
13.4685171	13.91794326
13.48007759	13.9402305
13.49194721	13.87336988
13.47890621	15.29971169
13.43677366	15.27742552
13.40937211	15.21056493
13.44995262	15.4111446
13.45329174	15.25513831
12.82969472	9.460626479
12.80697357	9.393766928
12.73142291	9.460626479
12.79688976	9.393766928
12.81088626	9.460626479
12.05271749	4.802730532
12.01629237	4.869590061
12.01651719	4.847303915
12.00323349	4.847303915
11.98207332	4.847303915
11.54542664	2.663218361
11.61233952	2.640931948
11.55130653	2.663218361
11.65265049	2.640931948
11.47952931	2.685505063
11.58972312	3.376389255
11.54532828	3.398675691
11.56759468	3.354102575
11.53742755	3.398675691
11.56099434	3.376389255
11.53648866	3.621541535
11.52016091	3.643828215
11.55080962	3.5992551
11.54929845	3.5992551
11.52565885	3.57696842
11.58333611	3.888980473
11.51160615	3.888980473
11.58198845	3.888980473
11.52366099	3.911267176
11.58395948	3.911267176
11.51935615	4.044986789
11.52662712	4.022700087
11.5469608	4.022700087
11.47203096	4.022700087
11.55451792	4.022700087
11.54261253	4.135247367
11.5922281	4.112960687
11.50972964	4.112960687
11.49617385	4.090674251
11.53136117	4.135247367
11.37345129	2.307747538
11.28054967	2.307747538
11.40196673	2.330033974
11.35950589	2.307747538
11.3830599	2.285460858
11.10444702	0.368814643
10.98122243	0.324241505
11.02468604	0.346528096
11.05917462	0.324241505
11.05223321	0.346528096
8.116933211	-6.384020205
8.016753595	-6.361733524
8.053876176	-6.361733524
8.054727564	-6.361733524
8.086465256	-6.361733524
8.05605734	-6.205727742
8.064972328	-6.205727742
8.108522158	-6.228014445
7.993903427	-6.205727742
8.089547628	-6.228014445
8.11639798	-5.826855604
7.961382048	-5.849142306
8.065879284	-5.849142306
8.033860563	-5.804568924
8.080152974	-5.849142306
7.798128151	-6.450880289
7.923120664	-6.450880289
7.836977141	-6.473166436
7.9223753	-6.495453138
7.821535905	-6.473166436
6.750343596	-8.634965287
6.793344781	-8.634965287
6.836628272	-8.67953867
6.812497509	-8.634965287
6.760375673	-8.612678607
5.874145432	-10.79676416
5.899889554	-10.81905031
5.873751353	-10.77447692
5.969105583	-10.81905031
5.825707624	-10.77447692
5.07263952	-13.11456826
5.14341877	-13.13685547
5.141981373	-13.09228209
5.137942867	-13.09228209
5.102841136	-13.09228209
4.462580087	-15.18722141
4.528886834	-15.1649342
4.475977799	-15.1649342
4.493125005	-15.25408094
4.478874308	-15.18722141
3.831140777	-17.5495989
3.883097827	-17.57188504
3.873305263	-17.5495989
3.918379033	-17.57188504
3.783643456	-17.57188504
3.372951673	-19.80054345
3.340020568	-19.80054345
3.395634182	-19.80054345
3.316409388	-19.75597113
3.317412787	-19.75597113
2.874931258	-21.89548277
2.853542757	-21.8731966
2.886257663	-21.85091045
2.870128865	-21.85091045
2.838326983	-21.82862217
2.833135941	-21.44975108
2.83766944	-21.44975108
2.90463852	-21.49432339
2.869179117	-21.49432339
2.839956948	-21.49432339
2.816490114	-20.66972063
2.890695996	-20.64743449
2.810610552	-20.66972063
2.86638927	-20.66972063
2.882010301	-20.66972063
2.376304875	-24.16871349
2.353697893	-24.12414117
2.394567413	-24.14642732
2.276252679	-24.12414117
2.366182422	-24.14642732
1.833276636	-26.35279955
1.943031977	-26.37508572
1.873256925	-26.35279955
1.942928827	-26.3305134
1.854066354	-26.3305134
1.438555253	-28.82660994
1.380987054	-28.84889611
1.428762849	-28.8043238
1.389353718	-28.75975148
1.486561299	-28.8043238
1.421362699	-28.49231119
1.422252888	-28.51459736
1.472151725	-28.51459736
1.351982683	-28.49231119
1.406198979	-28.47002504
0.999637596	-30.8324025
0.879190399	-30.8324025
0.957257308	-30.81011636
0.974110552	-30.8324025
0.968965416	-30.78783019
0.449155795	-33.0610609
0.512097027	-33.03877476
0.496743931	-33.08334707
0.541498111	-33.03877476
0.462884554	-33.03877476
0.015044625	-35.26743314
0.023656031	-35.28971931
0.006102962	-35.24514699
0.015209515	-35.26743314
0.023274345	-35.26743314
-0.433670489	-37.56295214
-0.376050076	-37.56295214
-0.474158425	-37.56295214
-0.39747626	-37.51837982
-0.433937865	-37.51837982
-0.516854671	-36.15889649
-0.406747365	-36.11432418
-0.466117539	-36.15889649
-0.41985331	-36.11432418
-0.477586374	-36.13660824
-0.91958736	-39.65788935
-0.918241537	-39.65788935
-0.85528869	-39.63560531
-0.938791423	-39.63560531
-0.964393035	-39.68017763
-1.360949247	-41.93112006
-1.371237123	-41.90883603
-1.355171876	-41.88654775
-1.395431437	-41.90883603
-1.334713005	-41.86426369
-1.768188531	-44.13749441
-1.815064236	-44.13749441
-1.78588007	-44.11520613
-1.852402219	-44.11520613
-1.803901818	-44.0929221
-1.845359422	-42.48828466
-1.816910242	-42.51057295
-1.832088173	-42.48828466
-1.885744009	-42.53286123
-1.851899721	-42.48828466
-2.306077782	-46.58901866
-2.328759971	-46.58901866
-2.283447167	-46.56673038
-2.289086738	-46.52215806
-2.315247772	-46.54444634
-2.713502449	-48.48337828
-2.730115382	-48.41651769
-2.736402116	-48.46109
-2.777055117	-48.46109
-2.721326856	-48.43880597
-3.198474522	-50.77889728
-3.201677288	-50.77889728
-3.300622295	-50.77889728
-3.178485734	-50.77889728
-3.238684583	-50.756609
-3.715215264	-52.9184068
-3.708217017	-52.89612277
-3.737782487	-52.89612277
-3.637821626	-52.89612277
-3.743640014	-52.82926218
-4.147029209	-55.10249289
-4.229299649	-55.12478117
-4.171715642	-55.10249289
-4.184420683	-55.05792056
-4.134595935	-55.10249289
-4.235699113	-52.07012434
-4.206589676	-52.09241262
-4.218731063	-52.07012434
-4.283501733	-52.02555202
-4.239685566	-52.09241262
-4.431668235	-54.98966853
-4.481605394	-54.96738025
-4.47202903	-54.96738025
-4.481006612	-55.01195257
-4.42762909	-54.98966853
-4.743492932	-57.68634266
-4.827656482	-57.68634266
-4.747010258	-57.68634266
-4.792755303	-57.6640586
-4.717332696	-57.6640586
-5.135220404	-59.62527462
-5.082806043	-59.62527462
-5.182479489	-59.60299056
-5.129390979	-59.60299056
-5.149596286	-59.58070228
-5.59027093	-61.94308188
-5.643686774	-61.94308188
-5.575071762	-61.89850956
-5.6096389	-61.9207936
-5.558661617	-61.87622128
-6.155587759	-64.06030737
-6.101043331	-64.03801909
-6.139944694	-63.99344677
-6.085346615	-63.99344677
-6.152109394	-64.03801909
-6.621575722	-66.28896577
-6.635560081	-66.26667749
-6.572679965	-66.28896577
-6.619774585	-66.26667749
-6.552122734	-66.24439343
-6.585508914	-64.32774553
-6.660224159	-64.35003381
-6.59379095	-64.30545725
-6.679921699	-64.32774553
-6.608193019	-64.32774553
-6.853069714	-66.77926975
-6.81517175	-66.82384209
-6.848372706	-66.77926975
-6.777975718	-66.77926975
-6.898765578	-66.77926975
-7.122119325	-68.6067688
-7.137522239	-68.62905708
-7.063079719	-68.56219649
-7.145182819	-68.58448477
-7.118349073	-68.56219649
-7.603681373	-70.70171024
-7.599034823	-70.67942196
-7.570088893	-70.70171024
-7.520355799	-70.70171024
-7.559054694	-70.67942196
-8.075348665	-72.8635038
-8.138049306	-72.84122399
-8.069125162	-72.8635038
-8.127685104	-72.81893571
-8.059142265	-72.81893571
-8.605168408	-75.47103752
-8.558290946	-75.47103752
-8.673522191	-75.40418115
-8.595621743	-75.38189287
-8.631015999	-75.40418115
-9.111570177	-77.18710786
-9.155867286	-77.20938767
-9.148792395	-77.14253132
-9.134964518	-77.16481958
-9.135089065	-77.18710786
-9.634208365	-79.54947898
-9.608339058	-79.54947898
-9.665886658	-79.50491091
-9.668120835	-79.48262263
-9.644813357	-79.46033435
-10.14262779	-81.80042567
-10.23121115	-81.77813738
-10.15908328	-81.80042567
-10.19268982	-81.80042567
-10.11479001	-81.77813738
-10.32251666	-82.40216683
-10.37463658	-82.37987855
-10.31572152	-82.35759027
-10.33638349	-82.35759027
-10.27787529	-82.37987855
-10.42400114	-80.15122014
-10.34990735	-80.15122014
-10.40506557	-80.12893186
-10.35596607	-80.15122014
-10.37712176	-80.15122014
-10.36560151	-80.35179771
-10.33264198	-79.90606602
-10.41154775	-79.9283543
-10.4050215	-79.83920967
-10.38412129	-79.79463311
-10.59928816	-82.31302218
-10.59781532	-82.2907339
-10.58057359	-82.26844561
-10.5528463	-82.26844561
-10.55184417	-82.26844561
-10.82996781	-84.25194989
-10.90488744	-84.25194989
-10.83175873	-84.27423817
-10.88780602	-84.22966161
-10.82072198	-84.25194989
-11.31294586	-86.16859782
-11.2742393	-86.12402126
-11.32021172	-86.14630954
-11.31825602	-86.12402126
-11.30397083	-86.12402126
-11.79485983	-88.33039985
-11.79478702	-88.28582329
-11.77093537	-88.28582329
-11.77760213	-88.30811157
-11.76224776	-88.26353501
-11.83983588	-85.87887563
-11.82886044	-85.90115541
-11.88469058	-85.87887563
-11.81372451	-85.83429906
-11.85394479	-85.87887563
-12.01719677	-88.93213254
-12.13248613	-88.90984426
-12.09363395	-88.93213254
-12.06545446	-88.90984426
-12.04647993	-88.90984426
-12.33822451	-90.80420388
-12.39310298	-90.82649216
-12.4052549	-90.80420388
-12.37148678	-90.80420388
-12.36016006	-90.75963582
-12.77609877	-92.38655305
-12.74809939	-92.36426477
-12.72388113	-92.2974084
-12.73336839	-92.34198497
-12.71190165	-92.31969668
-12.81586557	-89.93502881
-12.81120433	-89.91274053
-12.77912493	-89.91274053
-12.79482037	-89.95731709
-12.73354084	-89.93502881
-13.14476849	-93.18887176
-13.19106282	-93.14429522
-13.16312093	-93.1665835
-13.17762583	-93.14429522
-13.16082544	-93.14429522
-13.3514943	-93.79061292
-13.3830193	-93.74603636
-13.37254844	-93.76832464
-13.41693816	-93.74603636
-13.38738802	-93.74603636
-13.47041532	-91.94082137
-13.42865705	-91.98539793
-13.46074794	-91.98539793
-13.38670461	-91.96310965
-13.4334588	-91.94082137
-13.7669642	-95.48438653
-13.74058713	-95.48438653
-13.75156001	-95.46210672
-13.73000896	-95.48438653
-13.79478091	-95.43981844
-14.09285629	-97.33417809
-14.21717689	-97.33417809
-14.19163396	-97.33417809
-14.15522544	-97.31188981
-14.17736154	-97.33417809
-14.19262905	-95.79640548
-14.16932669	-95.7741172
-14.14004097	-95.79640548
-14.28250962	-95.79640548
-14.17520529	-95.7741172
-14.27891117	-93.9689022
-14.2275545	-93.94661392
-14.24166341	-93.94661392
-14.21063787	-93.92432564
-14.23119765	-93.9689022
-14.64330671	-97.51246737
-14.6028169	-97.51246737
-14.5958078	-97.49017909
-14.56221595	-97.49017909
-14.56909987	-97.49017909
-15.04707306	-99.47369184
-15.03833435	-99.47369184
-14.9909504	-99.47369184
-15.07315761	-99.45140356
-15.01497833	-99.47369184
-15.56101661	-101.568629
-15.61080463	-101.5463408
-15.57393498	-101.5017642
-15.5490167	-101.5240525
-15.63966881	-101.4794844
-15.65337661	-98.49307536
-15.65541279	-98.40393073
-15.61029878	-98.44850729
-15.67838814	-98.42621901
-15.63676783	-98.40393073
-15.78483022	-100.1200011
-15.76825849	-100.0977128
-15.79995466	-100.1200011
-15.78139912	-100.0754245
-15.82028707	-100.1200011
-15.98787328	-101.9474959
-16.07720584	-101.9697842
-16.01694439	-101.9474959
-16.02164396	-101.9474959
-16.08330288	-101.9474959
-16.49956349	-104.0201533
-16.58833527	-104.0647214
-16.50784489	-103.997865
-16.53522856	-103.997865
-16.48000519	-103.9755767
-16.89632968	-105.1121942
-16.98609527	-105.0899059
-16.90511948	-105.0899059
-16.92246788	-105.0676176
-16.9285266	-105.0676176
-17.00211006	-101.6577737
-16.93351741	-101.680062
-17.02395492	-101.6577737
-17.03582709	-101.680062
-16.9750598	-101.6577737
-17.03761673	-100.7384563
-17.03224525	-100.7384563
-17.04220516	-100.7161681
-16.99394108	-100.7384563
-17.06181328	-100.7384563
-17.01736352	-100.6270234
-17.07058009	-100.6493032
-17.02044078	-100.6047351
-17.00128869	-100.6047351
-16.99178993	-100.6493032
-17.24508215	-104.6163202
-17.28243466	-104.594032
-17.35332537	-104.594032
-17.28268759	-104.5494554
-17.34439633	-104.5271756
-17.5984997	-106.2655258
-17.71463215	-106.2432375
-17.65358383	-106.1986694
-17.65067263	-106.2209492
-17.63966015	-106.2655258
-18.33566031	-108.4496076
-18.29538638	-108.4273278
-18.25158937	-108.4050395
-18.38699527	-108.4050395
-18.31480928	-108.3827512
-18.32667123	-104.9283307
-18.43154977	-104.9060425
-18.37279822	-104.8837542
-18.40152699	-104.8837542
-18.33125839	-104.9060425
-18.57490494	-107.2238455
-18.62500976	-107.2015657
-18.62691437	-107.1792774
-18.6427005	-107.1792774
-18.58044376	-107.2238455
-18.83590245	-108.6724734
-18.84446615	-108.6724734
-18.83657692	-108.6724734
-18.84804416	-108.6501936
-18.84590195	-108.6279054
-19.03874368	-109.1404934
-19.04574512	-109.1627817
-19.02832902	-109.1404934
-19.0598438	-109.0959253
-18.96122709	-109.0959253
-19.50594836	-110.4999767
-19.48118848	-110.4554002
-19.57343862	-110.522265
-19.51466791	-110.4331204
-19.56148853	-110.4554002
-19.57796701	-107.736442
-19.57998786	-107.736442
-19.57853035	-107.7141537
-19.6135797	-107.736442
-19.60048633	-107.736442
-19.60488443	-106.1763811
-19.65800902	-106.1540928
-19.61824861	-106.1318046
-19.65050429	-106.1318046
-19.60885843	-106.1986694
-20.0299208	-109.7199463
-19.94803166	-109.6753697
-20.01888277	-109.697658
-19.94417391	-109.6753697
-19.98141529	-109.697658
-20.46504481	-112.015461
-20.38049996	-112.0377493
-20.39655307	-111.9931812
-20.36598739	-111.9931812
-20.410768	-111.9486047
-20.47777157	-109.7199463
-20.38978284	-109.697658
-20.47440434	-109.7199463
-20.46331521	-109.7199463
-20.44109097	-109.7422346
-20.48973699	-109.3856475
-20.43862175	-109.4079358
-20.48112858	-109.4079358
-20.37342315	-109.341071
-20.49197755	-109.3633592
-20.46555066	-108.2267418
-20.46938542	-108.3158949
-20.4727897	-108.2936066
-20.47687739	-108.2713183
-20.44567556	-108.24903
-20.49647656	-106.0039375
-20.60286627	-105.9816493
-20.50312033	-105.959361
-20.56130089	-105.9370727
-20.53197429	-105.9816493
-20.48553689	-105.7810717
-20.52569586	-105.7810717
-20.59003349	-105.7810717
-20.51639765	-105.80336
-20.55912036	-105.7810717
-20.43805841	-101.680342
-20.50475541	-101.680342
-20.54428461	-101.6580537
-20.46028649	-101.6580537
-20.4861807	-101.72491
-20.30001469	-97.8470461
-20.29067815	-97.89162266
-20.25275209	-97.86933438
-20.33977382	-97.86933438
-20.28854234	-97.86933438
-20.08482226	-93.18915175
-20.02312502	-93.21144003
-20.04678634	-93.14457519
-20.02984543	-93.21144003
-20.03901718	-93.16686347
-19.77849231	-89.11070179
-19.74119345	-89.11070179
-19.77946058	-89.13299007
-19.84161385	-89.13299007
-19.74774652	-89.11070179
-19.77390133	-89.44500055
-19.77815635	-89.42272076
-19.84753461	-89.42272076
-19.78566237	-89.44500055
-19.79798163	-89.42272076
-19.53813889	-84.83168277
-19.50772395	-84.83168277
-19.49834527	-84.89853911
-19.49160697	-84.83168277
-19.53412274	-84.89853911
-19.50253642	-86.52546485
-19.46316689	-86.48088829
-19.50153111	-86.52546485
-19.41561688	-86.48088829
-19.50506185	-86.52546485
-19.13125185	-80.28522133
-19.05022496	-80.30750112
-19.2076405	-80.30750112
-19.13473405	-80.30750112
-19.11237824	-80.30750112
-18.75331202	-75.62731849
-18.8219711	-75.64960677
-18.76553293	-75.64960677
-18.8183254	-75.62731849
-18.73764213	-75.64960677
-18.4490885	-71.21457825
-18.47621797	-71.25915481
-18.41237469	-71.25915481
-18.49406328	-71.23686653
-18.46249228	-71.23686653
-18.0761497	-66.73497743
-18.07392958	-66.75726146
-18.14956966	-66.73497743
-18.08270277	-66.73497743
-18.1233216	-66.75726146
-18.06258625	-67.33671435
-18.0889365	-67.26985375
-18.07146036	-67.26985375
-18.09460561	-67.29214203
-18.13655293	-67.31442607
-17.71665428	-62.41137759
-17.72683006	-62.36680528
-17.66333041	-62.36680528
-17.74867236	-62.36680528
-17.72683006	-62.36680528
-17.68105691	-63.94915443
-17.6806111	-63.92686615
-17.7462223	-63.88229383
-17.67976035	-63.92686615
-17.69410047	-63.90457787
-17.31128223	-57.95406079
-17.28686853	-57.97634907
-17.21199488	-57.95406079
-17.30221268	-57.95406079
-17.34958258	-57.95406079
-17.11725253	-55.68083007
-17.08264515	-55.68083007
-17.086554	-55.65854179
-17.07652512	-55.63625776
-17.04215534	-55.68083007
-17.04915806	-56.84251869
-17.09927182	-56.82023041
-17.04535012	-56.82023041
-17.02674348	-56.79794637
-17.14165602	-56.79794637
-16.8424463	-53.83382986
-16.94000661	-53.8561139
-16.86743868	-53.8561139
-16.88679387	-53.83382986
-16.85265913	-53.8561139
-16.48054681	-48.77477614
-16.44263735	-48.75248786
-16.4528374	-48.77477614
-16.38664498	-48.77477614
-16.44695497	-48.77477614
-16.06170712	-44.40660399
-16.03460192	-44.42889227
-16.04759821	-44.40660399
-16.02922917	-44.42889227
-15.95805105	-44.40660399
-15.99934818	-44.96376859
-15.99286792	-45.0083409
-16.03641839	-44.98605687
-16.03306521	-44.98605687
-16.02672674	-44.96376859
-15.54890173	-40.06072012
-15.58816396	-40.0830084
-15.65380071	-40.10529243
-15.58412865	-40.0830084
-15.60529903	-40.0830084
-15.55906857	-41.64306927
-15.61098475	-41.64306927
-15.56418329	-41.68764158
-15.56216627	-41.68764158
-15.54184408	-41.68764158
-15.13105075	-35.558831
-15.05166788	-35.60340331
-15.08918006	-35.58111714
-15.05994416	-35.58111714
-15.04392171	-35.53654272
-14.56699344	-31.07922591
-14.68907347	-31.10151419
-14.61011981	-31.10151419
-14.600036	-31.10151419
-14.57081287	-31.10151419
-14.15045435	-26.66648356
-14.15449222	-26.66648356
-14.11155107	-26.71105589
-14.11311205	-26.68876973
-14.11211057	-26.68876973
-13.78184466	-23.96980732
-13.86207062	-23.92523289
-13.78585059	-23.90294672
-13.79228614	-23.88066058
-13.77431565	-23.88066058
-13.54423894	-22.12002001
-13.55881026	-22.14230618
-13.54011421	-22.16459232
-13.55360229	-22.14230618
-13.59878784	-22.14230618
-13.55976193	-22.6326123
-13.51514483	-22.67718461
-13.60909775	-22.65489844
-13.55776407	-22.69947078
-13.545547	-22.67718461
-13.54194728	-22.94462277
-13.56765244	-22.94462277
-13.49948771	-22.9223366
-13.55980153	-22.9223366
-13.58589374	-22.90005045
-13.02435163	-18.0415743
-12.98492334	-18.01928813
-13.02893879	-18.01928813
-13.09894042	-18.0415743
-12.99619386	-18.08614873
-12.97359662	-19.44562994
-12.992506	-19.40105763
-12.96687621	-19.44562994
-12.9695166	-19.46791609
-13.05449194	-19.40105763
-12.34875285	-13.51739903
-12.2971011	-13.47282565
-12.40658723	-13.4951118
-12.35900017	-13.51739903
-12.32531891	-13.47282565
-11.65747141	-8.792643
-11.66266533	-8.725782937
-11.68524724	-8.77035632
-11.59145527	-8.792643
-11.6992399	-8.748069618
-11.29631536	-6.6977037
-11.3384939	-6.6977037
-11.29951653	-6.6977037
-11.30332702	-6.71999038
-11.29169372	-6.74227706
-11.26906965	-7.410874594
-11.28177086	-7.366301211
-11.27869871	-7.388587892
-11.25433865	-7.388587892
-11.34651343	-7.410874594
-11.22690772	-6.430265006
-11.17482293	-6.430265006
-11.15478305	-6.452551686
-11.1729311	-6.452551686
-11.21979643	-6.452551686
-10.14293054	0.144277334
-10.09182679	0.211137085
-10.11037786	0.166563903
-10.10664785	0.144277334
-10.1476697	0.077417583
-9.374978781	2.417508785
-9.360835386	2.39522235
-9.416473909	2.328362554
-9.372406094	2.306075874
-9.383932092	2.350649234
-8.860853839	3.353545524
-8.812523333	3.464978436
-8.80625576	3.353545524
-8.812865677	3.464978436
-8.89475098	3.420405053
-8.786643168	2.863240475
-8.832088661	2.907813835
-8.844993616	2.974673386
-8.780550599	2.840954039
-8.834560434	2.796380924
-8.804427798	2.684948012
-8.808291939	2.595801514
-8.790523276	2.528941697
-8.785361295	2.64037463
-8.870495031	2.618088195
-8.625394153	3.509551551
-8.577643587	3.576411369
-8.642658241	3.487264871
-8.623220015	3.598697782
-8.65117021	3.464978436
-8.73364695	2.127783278
-8.718233179	1.971777229
-8.719281287	1.994063798
-8.64893284	2.016350345
-8.724499474	2.083210163
-8.782143519	2.016350345
-8.713794206	1.860344318
-8.721859084	1.860344318
-8.682396942	1.949490683
-8.745590659	1.882630865
-8.771049282	1.682051589
-8.748403499	1.615191927
-8.753444766	1.615191927
-8.720976399	1.592905225
-8.809942981	1.726624838
-8.710902807	1.682051589
-8.751013231	1.659765042
-8.777768417	1.682051589
-8.726311469	1.659765042
-8.758193508	1.637478474
-8.810145449	2.083210163
-8.724841818	2.016350345
-8.744071828	2.060923594
-8.809214862	2.038636914
-8.741971779	2.016350345
-8.821061488	1.325466287
-8.780231887	1.325466287
-8.789734481	1.370039402
-8.801862774	1.303179718
-8.837013685	1.325466287
-8.807539549	1.370039402
-8.816655729	1.392326082
-8.768054413	1.370039402
-8.818675301	1.392326082
-8.837732862	1.347752833
-8.814083041	1.793484523
-8.823117467	1.771197954
-8.804129524	1.771197954
-8.756840739	1.815771069
-8.793847715	1.748911407
-8.85383707	1.92720398
-8.79482365	1.904917434
-8.828674804	1.949490683
-8.787691276	1.949490683
-8.849171998	1.949490683
-8.286222833	3.135972574
-8.26186597	3.135972574
-8.30281437	3.113686139
-8.242501832	3.113686139
-8.303864394	3.135972574
-7.809073571	2.935393409
-7.819783948	2.913106729
-7.823595716	2.890820294
-7.825568663	2.868533614
-7.839169801	2.868533614
-8.199158303	1.575911817
-8.211970646	1.598198386
-8.185589739	1.598198386
-8.198909849	1.620484932
-8.203279202	1.620484932
-8.204513173	1.821064208
-8.175113126	1.821064208
-8.177922772	1.798777662
-8.179895081	1.776490981
-8.191240966	1.821064208
-8.031346636	3.314265303
-8.004426026	3.291978868
-8.041676986	3.269692188
-8.010601627	3.269692188
-8.036213537	3.225119072
-7.617943567	4.51774098
-7.664015627	4.540027682
-7.617271015	4.51774098
-7.61633915	4.473167598
-7.584081555	4.473167598
-7.639324723	4.116582429
-7.64630317	4.161155544
-7.631048435	4.094295726
-7.632098459	4.116582429
-7.609924676	4.116582429
-6.536455398	6.657253151
-6.499085001	6.701826
-6.523019683	6.657253151
-6.459566014	6.67953932
-6.511307184	6.67953932
-5.538695823	8.952770571
-5.523075751	8.952770571
-5.522401921	8.952770571
-5.514337682	8.952770571
-5.521941418	8.975057785
-4.6767755	11.1591428
-4.681687431	11.18142895
-4.653927888	11.1591428
-4.693235464	11.1591428
-4.664804008	11.13685664
-4.030748259	13.41008735
-4.070516339	13.38780118
-4.034773672	13.41008735
-4.070680805	13.38780118
-4.00197382	13.38780118
-3.449866286	15.75017867
-3.392449938	15.68331914
-3.444898789	15.61645959
-3.409501339	15.63874576
-3.43121398	15.66103297
-2.792263865	18.02341152
-2.830355994	18.00112324
-2.813728691	18.09026998
-2.849753344	18.04569767
-2.806491569	18.00112324
-2.30969267	20.07377639
-2.367265659	20.05149022
-2.305276691	20.05149022
-2.327615738	20.05149022
-2.290446532	20.02920408
-1.883736891	22.12414126
-1.868576843	22.1018551
-1.916786156	22.1018551
-1.896466521	22.1018551
-1.916621371	22.1018551
-1.895064892	20.96523975
-1.820265019	20.94295358
-1.849830808	20.94295358
-1.819803877	20.96523975
-1.836724344	20.94295358
-1.251934798	24.64252611
-1.26579485	24.68709842
-1.275869161	24.59795379
-1.314596558	24.64252611
-1.339830438	24.57566551
-0.900011573	26.67060481
-0.951337667	26.71517926
-0.88481464	26.71517926
-0.930048644	26.73746541
-0.865911725	26.67060481
-0.332951669	29.05527058
-0.389438008	29.07755674
-0.33883169	29.05527058
-0.377559766	29.09984289
-0.321652988	29.03298229
0.062872571	31.21706838
0.092188878	31.17249604
0.053933032	31.15020776
0.0892035	31.23935453
0.073131197	31.12792162
0.57646799	33.46801293
0.531658603	33.44572676
0.577683199	33.44572676
0.534007865	33.44572676
0.59750776	33.44572676
1.033382007	35.49609166
1.009107216	35.54066608
1.083068316	35.51837994
1.056774272	35.56295225
1.100248096	35.49609166
1.53960989	37.8138968
1.546449739	37.92532974
1.521723387	37.85846912
1.576109737	37.8807574
1.499088781	37.83618508
2.083222061	40.1762764
2.048247752	40.1094158
2.08952652	40.13170408
2.045343259	40.13170408
2.071378149	40.13170408
2.110446852	38.54935493
2.084410844	38.54935493
2.121533584	38.54935493
2.07176632	38.57164321
2.088225965	38.57164321
2.585950821	42.38264652
2.627239329	42.31578592
2.614890843	42.36036248
2.618336316	42.31578592
2.635303249	42.31578592
3.066129602	44.54444432
3.10177838	44.61130492
3.052434256	44.58902089
3.08128949	44.52216027
3.016904595	44.54444432
3.177448165	41.93691485
3.158592114	41.95920313
3.219107758	42.02606373
3.179880658	41.98148717
3.22876396	41.98148717
3.389316471	44.67816552
3.348450783	44.7004538
3.39779363	44.72273783
3.356256029	44.74502611
3.390779735	44.7004538
3.6504018	46.88453564
3.666861764	46.88453564
3.611590813	46.88453564
3.686013214	46.88453564
3.660354359	46.8622516
4.192758286	48.95718879
4.19712732	48.95718879
4.18603947	48.95718879
4.170796232	48.93490476
4.137285505	48.8903282
4.764644155	51.1189866
4.754441225	51.09670254
4.784632623	51.1189866
4.761785648	51.1189866
4.787656233	51.1189866
5.286926267	53.30307266
5.288696427	53.25850035
5.265896397	53.23621207
5.29613442	53.23621207
5.244182798	53.25850035
5.807445884	55.86602982
5.794811739	55.79916922
5.829843213	55.75459691
5.833702883	55.75459691
5.818294859	55.73231288
5.872212722	52.36397415
5.854571161	52.36397415
5.900007075	52.40854648
5.893288579	52.40854648
5.851337418	52.3862582
5.947437651	51.87366592
5.91984449	51.8959542
5.860877695	51.8959542
5.896157624	51.8959542
5.840050294	51.8959542
6.234486497	55.90753931
6.22730622	55.88525103
6.197019017	55.90753931
6.181565007	55.90753931
6.129871101	55.88525103
6.466762258	58.0024765
6.541349764	58.0024765
6.519091672	57.95790419
6.55542418	57.93562015
6.520979672	57.93562015
6.562990232	56.39784332
6.478153491	56.39784332
6.52775629	56.37555926
6.529563814	56.39784332
6.598647632	56.37555926
6.545357613	56.21954979
6.503617862	56.17497747
6.491432085	56.21954979
6.432678617	56.19726575
6.518353334	56.19726575
6.987336804	60.20885087
6.935266703	60.20885087
6.965845792	60.11970199
6.974995184	60.16427855
7.021067243	60.14199027
7.392831476	62.25921574
7.466284648	62.23692746
7.463889519	62.25921574
7.390399941	62.21464343
7.396030729	62.17007111
7.992074187	64.51016243
7.988639892	64.46558586
8.015347814	64.46558586
7.982248411	64.46558586
7.890069802	64.44330183
8.562475715	66.67196021
8.570292777	66.62738789
8.497887713	66.62738789
8.487179252	66.60509961
8.504608764	66.62738789
8.591782512	64.7553123
8.523075527	64.7553123
8.531979019	64.7553123
8.484727279	64.77760059
8.549948872	64.7553123
9.058004877	69.03433558
9.063212207	69.03433558
9.042299219	68.98976324
8.978423369	69.01205152
9.039276247	68.98976324
9.509196053	71.24070993
9.576983308	71.19613336
9.558667279	71.19613336
9.530282767	71.19613336
9.544064658	71.19613336
10.13167407	73.3802237
10.12761257	73.31335885
10.04223549	73.33564714
10.12677459	73.31335885
10.15503903	73.29107057
10.69808755	75.76488308
10.70547923	75.76488308
10.66842883	75.80945964
10.6512599	75.7425948
10.59687324	75.72031501
11.24695655	77.74838735
11.23842989	77.72610757
11.15880048	77.72610757
11.16290988	77.77067564
11.15308538	77.72610757
11.23872369	74.76198681
11.25788472	74.67284216
11.29760809	74.71741872
11.28661477	74.67284216
11.21504832	74.67284216
11.53564175	78.14955096
11.46718321	78.19411904
11.51980835	78.17183924
11.49124819	78.17183924
11.55844209	78.17183924
11.8287723	80.13305523
11.84746197	80.11076695
11.85804014	80.11076695
11.81369257	80.11076695
11.72713325	80.13305523
12.32133981	82.4062902
12.31810542	82.42857
12.21807335	82.38400192
12.26397807	82.36171363
12.28526853	82.38400192
12.7715972	84.56808375
12.80334831	84.56808375
12.80990138	84.56808375
12.87012705	84.52351567
12.8768909	84.50122738
13.42332261	86.77445388
13.46178902	86.77445388
13.43642876	86.77445388
13.33874327	86.72988579
13.42425256	86.72988579
14.01726986	88.73567834
13.98223838	88.78024643
13.96641265	88.71339006
13.9258117	88.69110178
14.01148706	88.69110178
13.97624737	86.61845288
14.06247711	86.59616459
14.05071607	86.59616459
13.97517435	86.57387631
14.05723593	86.61845288
14.04871055	85.57098002
14.0325808	85.57098002
13.98381597	85.5932683
14.05945223	85.57098002
14.0385782	85.5932683
14.63813324	90.65232627
14.65207863	90.65232627
14.60106047	90.63003799
14.61428542	90.65232627
14.63443899	90.65232627
15.10869749	92.74726346
15.12285366	92.72497518
15.05028573	92.72497518
15.08758459	92.72497518
15.12312958	92.68039862
15.12228777	90.63003799
15.06601182	90.63003799
15.16845053	90.56317315
15.17105004	90.60774971
15.08772766	90.60774971
15.60717298	93.90616075
15.62362975	93.90616075
15.5685239	93.90616075
15.52304073	93.88388094
15.60409572	93.83930438
16.0877048	95.80052037
15.95747239	95.82280866
16.06154361	95.77824059
16.07263018	95.77824059
16.01022781	95.73366403
16.54342948	97.40515783
16.52314433	97.38286955
16.59152111	97.38286955
16.56039721	97.40515783
16.49161933	97.36058126
16.61747409	94.95363358
16.5344008	94.99821014
16.59773695	94.99821014
16.64649922	94.97592186
16.61912066	94.97592186
16.89314895	98.20747653
16.91451605	98.18518825
16.91316967	98.18518825
16.87537645	98.18518825
16.852152	98.20747653
16.97188545	98.20747653
17.03656798	98.20747653
17.00033064	98.18518825
16.96723315	98.18518825
16.97395357	98.18518825
17.52061522	100.0349713
17.5332104	100.0349713
17.39016053	99.99040325
17.43820618	99.99040325
17.44025896	99.96811499
17.68747458	100.8150018
17.65946115	100.792722
17.69088524	100.792722
17.70188368	100.7481454
17.71885141	100.7481454
17.76055092	98.43034238
17.75480133	98.36347753
17.62931447	98.36347753
17.70620257	98.38576581
17.70221069	98.36347753
17.99587648	101.1938771
17.90890839	101.1715888
17.9860111	101.1715888
17.97151004	101.1938771
17.88772396	101.1715888
17.98580289	99.05436333
17.9399416	99.05436333
17.96351478	99.03207504
18.03798348	99.00979526
18.02239535	99.07665161
18.47330294	102.1076287
18.41719561	102.1076287
18.35189865	102.0853405
18.45470524	102.0853405
18.47209707	102.0407639
18.62836677	102.8207943
18.67850736	102.7762262
18.60853894	102.8207943
18.67213057	102.7762262
18.68628801	102.753938
19.14253387	104.3585754
19.07416859	104.3585754
19.14868328	104.3139989
19.1950517	104.3139989
19.13910788	104.3139989
19.16465719	101.661897
19.21056447	101.6396088
19.20658281	101.6173205
19.14417278	101.661897
19.22825266	101.6173205
19.60264514	104.6928742
19.60571474	104.6705859
19.54037307	104.6705859
19.60710839	104.6482976
19.63095876	104.6482976
20.06728353	106.2975031
20.11070753	106.252935
20.06291481	106.2975031
20.08669621	106.252935
20.15045134	106.2083585
20.31944653	106.9215326
20.31143083	106.8992443
20.32340392	106.876956
20.37977184	106.8323795
20.35675561	106.8323795
20.36864439	106.8323795
20.49594772	106.7655231
20.49041401	106.7655231
20.40713379	106.7432348
20.49351555	106.7209465
20.44043949	104.1579894
20.51893329	104.1357096
20.4571147	104.1357096
20.40180702	104.1579894
20.53019998	104.1357096
21.06879483	108.325584
21.17605317	108.3701605
21.1532541	108.3478723
21.02944319	108.3478723
21.1218645	108.325584
21.18491196	106.4312243
21.15373952	106.4758009
21.06328412	106.4312243
21.176849	106.4312243
21.18609483	106.4312243
21.16544946	100.9470516
21.26275812	100.9247633
21.21551979	100.9470516
21.21076913	100.9693398
21.23848237	100.9693398
21.21747166	100.7241857
21.24804117	100.7241857
21.12959917	100.7241857
21.21074103	100.7241857
21.25631745	100.7018974
21.19355358	97.78236173
21.22779945	97.71549688
21.30561751	97.78236173
21.213094	97.76007345
21.2079218	97.73778516
21.10086785	93.90448933
21.0450441	93.92677761
20.99161165	93.92677761
21.05108621	93.92677761
21.01833618	93.92677761
20.73048512	89.3580279
20.8350622	89.31345983
20.8266505	89.31345983
20.69137746	89.33573961
20.83169496	89.31345983
20.71781585	89.55860546
20.82479188	89.58089374
20.80938131	89.55860546
20.75611747	89.55860546
20.76123219	89.60318202
20.76375761	90.02662541
20.71290041	90.00433713
20.74801874	90.00433713
20.81735485	90.02662541
20.69963075	90.00433713
20.42428419	85.05672059
20.53545266	85.07900887
20.54268147	85.07900887
20.40143785	85.05672059
20.4962313	85.03443231
20.22039422	80.1759604
20.22761792	80.1759604
20.13157517	80.15367212
20.21321266	80.15367212
20.19342698	80.22052846
19.91109686	75.5849224
19.79891541	75.65177875
19.90362278	75.62949047
19.93496256	75.5849224
19.78804217	75.62949047
19.57454485	71.10531731
19.56631838	71.10531731
19.50580274	71.1276056
19.60496363	71.10531731
19.55876	71.10531731
19.43469871	72.59852183
19.57237327	72.55394527
19.53595581	72.53165699
19.40806999	72.55394527
19.5549444	72.53165699
19.16492034	66.80400576
19.16588861	66.82629404
19.1417406	66.80400576
19.18205286	66.80400576
19.13368147	66.80400576
19.15313375	67.16059282
19.09761786	67.20516513
19.15356296	67.20516513
19.19101639	67.20516513
19.09379076	67.18288108
18.89903038	63.19358002
18.92826628	63.19358002
18.85595766	63.1490077
18.91630086	63.12671942
18.90912697	63.10443536
18.49536623	58.17909861
18.51023519	58.1345263
18.48108998	58.17909861
18.49071393	58.15681458
18.53924882	58.15681458
18.26158505	55.81672326
18.36637672	55.8390073
18.30147959	55.86129558
18.24481531	55.88357961
18.32268702	55.8390073
18.23111901	56.75582178
18.23900696	56.75582178
18.30389771	56.73353772
18.24943312	56.75582178
18.28185614	56.75582178
18.06976014	53.36826186
18.04929743	53.34597358
18.02456182	53.36826186
18.04459787	53.34597358
18.10709604	53.34597358
17.65153998	49.15609918
17.71855761	49.15609918
17.73271505	49.1338109
17.64390112	49.11152262
17.74066177	49.11152262
17.26881245	44.67649412
17.31110595	44.6987824
17.30724437	44.6987824
17.25920383	44.6987824
17.26213802	44.65420584
17.24839445	45.2336587
17.28560773	45.27823104
17.33482859	45.27823104
17.30337767	45.30051932
17.27737743	45.27823104
16.86131225	40.08545612
16.8871311	40.1077444
16.81338413	40.1077444
16.83862943	40.08545612
16.89830582	40.15231672
16.86175679	41.40036711
16.87805005	41.40036711
16.80488174	41.44493943
16.75976262	41.48951174
16.83931156	41.44493943
16.41442848	35.87329344
16.43315647	35.91786576
16.35327669	35.87329344
16.35310041	35.87329344
16.39068413	35.89557748
15.96265609	31.57198189
15.94862638	31.52740957
15.840189	31.57198189
15.98487777	31.54969572
15.98831526	31.59426803
15.40550824	26.89179926
15.41734848	26.84722692
15.42640909	26.93637369
15.36925813	26.86951309
15.43893274	26.89179926
14.82399523	22.54591537
14.94810506	22.56820153
14.96309921	22.54591537
14.84209857	22.56820153
14.92289425	22.56820153
14.84481178	23.14765442
14.91709868	23.12536614
14.86035393	23.19222673
14.85724729	23.14765442
14.92591914	23.08079382
14.40059905	18.11088473
14.37923194	18.13317301
14.28993899	18.08859858
14.35401986	18.13317301
14.33675449	18.11088473
13.75224598	13.60899563
13.71612488	13.60899563
13.63028602	13.60899563
13.76820839	13.60899563
13.72242247	13.65356902
13.60292406	14.87933113
13.69699195	14.87933113
13.68271954	14.87933113
13.64547944	14.85704391
13.70804787	14.90161727
12.9722413	9.017959748
13.02582703	9.107105445
12.96146513	9.040245917
13.02793986	9.062532063
13.01297892	9.062532063
12.57622495	6.923020425
12.7069696	6.900733745
12.67651761	6.923020425
12.54900862	6.923020425
12.70540989	6.923020425
12.31915545	4.738935406
12.24969416	4.783508276
12.28177356	4.783508276
12.31406628	4.761221574
12.19508394	4.783508276
11.74178761	2.532563439
11.85063887	2.532563439
11.85359222	2.487990323
11.79740058	2.532563439
11.86009931	2.510276759
11.81705597	2.866862195
11.8451933	2.91143531
11.76569674	2.933722012
11.82734161	2.933722012
11.84989159	2.91143531
11.755931	3.670293421
11.76774186	3.648007008
11.83909371	3.670293421
11.79944187	3.670293421
11.7041464	3.692580124
11.62859063	2.422244896
11.58180833	2.377671513
11.71347399	2.399958194
11.70330843	2.444531309
11.61167016	2.399958194
11.28335484	0.305019316
11.25584216	0.282732747
11.3191783	0.282732747
11.310948	0.282732747
11.2475812	0.305019316
8.119228064	-6.536962074
8.212939555	-6.447815865
8.17192026	-6.514675394
8.132015497	-6.470102011
8.198715684	-6.470102011
8.203378201	-6.068943704
8.202084193	-6.091230407
8.134505793	-6.068943704
8.159194781	-6.068943704
8.146595764	-6.068943704
7.719376315	-7.205559608
7.666964509	-7.205559608
7.603134007	-7.205559608
7.657348865	-7.183272906
7.661428249	-7.205559608
7.410357432	-7.495284981
7.377478381	-7.517571684
7.424123994	-7.495284981
7.381557126	-7.539858364
7.350313149	-7.539858364
6.697608607	-8.698760414
6.75366548	-8.676474245
6.713456696	-8.654187565
6.725940746	-8.676474245
6.726613937	-8.676474245
5.63068346	-10.88284597
5.610185628	-10.88284597
5.674358475	-10.88284597
5.68007421	-10.88284597
5.596293881	-10.90513211
4.812364382	-13.1783639
4.768980935	-13.15607773
4.876207659	-13.1783639
4.839820223	-13.13379052
4.781476162	-13.11150435
4.082254067	-15.34016275
4.088186003	-15.36244892
4.104338752	-15.29558937
4.136978609	-15.31787554
4.080983052	-15.29558937
3.48010846	-17.5019616
3.500988235	-17.52424777
3.485239784	-17.54653394
3.471879116	-17.5019616
3.47457188	-17.5019616
2.850356917	-19.79747849
2.917932762	-19.81976677
2.950408154	-19.84205294
2.916600432	-19.81976677
2.911342326	-19.79747849
2.406996854	-21.91470396
2.364046286	-21.93699224
2.418097638	-21.91470396
2.407556835	-21.93699224
2.401841739	-21.93699224
2.324714758	-21.00095445
2.355843289	-21.0232406
2.378017871	-21.0232406
2.365013918	-21.06781505
2.302375711	-21.00095445
1.762185061	-24.32165589
1.850312389	-24.3662282
1.851390516	-24.32165589
1.857448755	-24.32165589
1.838079827	-24.29936972
1.389440422	-26.55031429
1.350680531	-26.57260044
1.296374338	-26.55031429
1.344037242	-26.52802812
1.371419632	-26.52802812
0.878255101	-28.84583327
0.841627593	-28.84583327
0.769681197	-28.82354501
0.895678546	-28.82354501
0.90835229	-28.77897267
0.463988309	-30.82933757
0.379824919	-30.82933757
0.444544134	-30.85162582
0.435995161	-30.78476523
0.399495074	-30.76247908
-0.090254402	-33.0357098
-0.014536769	-33.01342363
-0.049855435	-32.99113746
-0.083333463	-32.96885132
-0.010498254	-33.01342363
-0.528951029	-35.21979586
-0.509658426	-35.28665435
-0.518828935	-35.24208203
-0.521469645	-35.26436818
-0.529675037	-35.19750972
-0.988637008	-37.55988507
-1.041266212	-37.53760103
-1.061420982	-37.53760103
-0.967225515	-37.51531275
-1.004450048	-37.47074044
-1.507049391	-39.85540406
-1.422263108	-39.83312003
-1.45630172	-39.78854347
-1.49328235	-39.85540406
-1.508766219	-39.76625943
-1.951729329	-41.99491781
-1.89438723	-42.01720187
-1.914354142	-41.9503455
-1.976252734	-41.99491781
-1.895162933	-41.97262953
-2.380520621	-44.1790039
-2.389258051	-44.1790039
-2.414671166	-44.15671562
-2.39433796	-44.15671562
-2.40098061	-44.11214331
-2.37533373	-42.93095351
-2.407374646	-42.95324179
-2.455823951	-42.9978141
-2.438781811	-42.95324179
-2.40544545	-42.90866523
-2.877657553	-46.51909522
-2.918984703	-46.51909522
-2.939024905	-46.49680693
-2.920202706	-46.49680693
-2.852841144	-46.49680693
-2.907889508	-45.36018945
-2.853621956	-45.36018945
-2.886260856	-45.33790542
-2.966399312	-45.33790542
-2.883581505	-45.33790542
-3.291358576	-48.30202193
-3.326777741	-48.39116658
-3.349436298	-48.32430598
-3.401976164	-48.34659427
-3.325178434	-48.27973365
-3.856263443	-51.15470128
-3.833038996	-51.02098434
-3.824377252	-51.06555665
-3.8194369	-51.02098434
-3.834117443	-51.06555665
-4.321841678	-53.02677689
-4.302878964	-53.09363749
-4.284451801	-53.07134921
-4.305166472	-53.04906093
-4.399744361	-53.04906093
-4.789081175	-55.52287345
-4.792245619	-55.45601284
-4.868417423	-55.50058517
-4.841736326	-55.41144052
-4.844111017	-55.47830112
-4.825579106	-52.78190276
-4.857494677	-52.78190276
-4.931079741	-52.78190276
-4.905552777	-52.78190276
-4.904662428	-52.80418679
-5.101863923	-55.7683033
-5.172805723	-55.74601927
-5.110487345	-55.74601927
-5.110271784	-55.7683033
-5.091499722	-55.74601927
-5.336466154	-57.75181183
-5.390277034	-57.72952355
-5.412554287	-57.68495123
-5.418434169	-57.68495123
-5.36971661	-57.68495123
-5.80196519	-59.75760439
-5.77765623	-59.7353161
-5.801559615	-59.71302782
-5.841539744	-59.71302782
-5.760399167	-59.71302782
-6.238016597	-61.69653635
-6.218722078	-61.76339694
-6.254436962	-61.71882038
-6.319830366	-61.69653635
-6.252798694	-61.69653635
-6.784661641	-64.28177754
-6.73543823	-64.28177754
-6.795295374	-64.25949351
-6.855770141	-64.25949351
-6.807778785	-64.23720522
-7.297609457	-66.24299778
-7.289547773	-66.24299778
-7.309969599	-66.19842544
-7.215797604	-66.24299778
-7.231396599	-66.17613716
-7.828749394	-68.47165616
-7.817612365	-68.49394444
-7.797711718	-68.44937213
-7.74114644	-68.42708385
-7.789481417	-68.44937213
-8.344106391	-70.54430934
-8.365010436	-70.58888165
-8.273506296	-70.56659762
-8.33533	-70.56659762
-8.379057388	-70.54430934
-8.35596643	-69.18482601
-8.404925418	-69.22940257
-8.353616649	-69.18482601
-8.374061469	-69.20711429
-8.345627138	-69.22940257
-8.784754529	-72.99583356
-8.811511631	-72.97354528
-8.848468788	-72.97354528
-8.807766288	-72.99583356
-8.806203386	-73.01812184
-9.345567238	-75.49193437
-9.336992677	-75.49193437
-9.282665407	-75.44735781
-9.307642449	-75.46964609
-9.350747742	-75.42506953
-9.878918997	-77.47543865
-9.86842961	-77.43086209
-9.871186883	-77.47543865
-9.829290012	-77.43086209
-9.881320513	-77.45315037
-9.921363235	-75.64793535
-9.944663048	-75.67022363
-9.883564908	-75.64793535
-9.874610959	-75.67022363
-9.899862642	-75.64793535
-10.45999577	-79.68180875
-10.48065775	-79.68180875
-10.40064831	-79.70409703
-10.42522489	-79.68180875
-10.44723325	-79.68180875
-10.91507472	-81.97732352
-10.93050702	-81.91046715
-10.98841676	-81.93275543
-10.92698777	-81.91046715
-10.95153433	-81.97732352
-11.48544368	-84.09454899
-11.51959758	-84.0722692
-11.4704738	-84.02769264
-11.48239835	-84.02769264
-11.4211993	-84.04998092
-12.01592447	-86.32320739
-12.05751796	-86.2786393
-11.98279122	-86.34549567
-12.00364736	-86.25635102
-11.99339621	-86.25635102
-12.03725453	-84.16141383
-12.07901281	-84.11683727
-12.00577296	-84.11683727
-12.03298673	-84.11683727
-12.01222384	-84.16141383
-12.2972084	-86.54607324
-12.32283564	-86.50150515
-12.30738036	-86.50150515
-12.3206053	-86.52379343
-12.34332134	-86.50150515
-12.65112414	-88.57415408
-12.72792027	-88.6410189
-12.64901387	-88.61873064
-12.65969934	-88.57415408
-12.64877627	-88.57415408
-12.697688	-86.85809219
-12.66051687	-86.88037199
-12.67546376	-86.88037199
-12.71158485	-86.88037199
-12.71557163	-86.90266027
-13.18537072	-91.00339002
-13.18302285	-91.00339002
-13.22192485	-90.95882195
-13.2401125	-90.93653367
-13.14137827	-90.91424539
-13.78614823	-93.12061551
-13.72785526	-93.12061551
-13.73144604	-93.16519205
-13.7055531	-93.0983357
-13.74167164	-93.0983357
-13.72803793	-90.55765835
-13.76007773	-90.57994663
-13.76948707	-90.57994663
-13.80627881	-90.57994663
-13.82144923	-90.55765835
-14.34891408	-94.61382003
-14.28976143	-94.54696366
-14.33075837	-94.54696366
-14.37661838	-94.54696366
-14.35298133	-94.52467538
-14.78664527	-96.32989037
-14.79387409	-96.32989037
-14.82214683	-96.30760209
-14.83663768	-96.28531381
-14.74843435	-96.28531381
-15.32508429	-98.22425002
-15.35028232	-98.22425002
-15.34860254	-98.22425002
-15.32673852	-98.15738518
-15.2554135	-98.20196174
-15.40070138	-95.81729386
-15.43115464	-95.79500558
-15.33831051	-95.77272577
-15.36741739	-95.75043749
-15.372329	-95.72814921
-15.41809065	-95.39385045
-15.43673178	-95.39385045
-15.32866612	-95.41613874
-15.37474585	-95.39385045
-15.38397763	-95.39385045
-15.33930177	-95.23784098
-15.36689877	-95.21556117
-15.37730959	-95.21556117
-15.38510685	-95.26012926
-15.36096907	-95.23784098
-15.75239571	-99.31629094
-15.7605698	-99.33857922
-15.73378907	-99.29400266
-15.77457013	-99.31629094
-15.83531826	-99.27171438
-16.19994757	-101.2997952
-16.23320856	-101.2997952
-16.27016763	-101.2997952
-16.23438888	-101.2997952
-16.2378979	-101.2329388
-16.33594617	-98.78141462
-16.27030943	-98.75912634
-16.28817134	-98.73683806
-16.29275593	-98.71454978
-16.29918127	-98.69226149
-16.72653867	-102.2358351
-16.680846	-102.2358351
-16.74898263	-102.1912586
-16.81118444	-102.1689703
-16.77686959	-102.1912586
-16.74295329	-99.62830141
-16.75382398	-99.6505897
-16.77566883	-99.6505897
-16.81459383	-99.67287798
-16.82997503	-99.62830141
-16.99640008	-102.614702
-17.020253	-102.614702
-17.0230569	-102.6369903
-17.04129437	-102.5924137
-16.98509635	-102.6369903
-17.33707554	-104.0187618
-17.36462399	-104.0187618
-17.41249974	-104.0187618
-17.40146682	-103.9964736
-17.4035988	-104.0187618
-17.4226206	-101.6786705
-17.43644081	-101.6563823
-17.39562398	-101.6563823
-17.41522827	-101.6786705
-17.3946225	-101.6563823
-17.94575506	-105.0439379
-17.96642087	-105.0439379
-17.99026868	-105.0439379
-17.91069165	-105.0216581
-17.96534146	-104.9993699
-18.17834825	-105.8016886
-18.2350764	-105.8239684
-18.27241742	-105.8016886
-18.20324993	-105.7794003
-18.2143365	-105.7794003
-18.58058555	-106.9382976
-18.59044071	-106.9605859
-18.64001923	-106.8714412
-18.53454798	-106.9382976
-18.56908254	-106.8937295
-18.65634571	-103.9964736
-18.63813251	-103.951897
-18.66604375	-104.0187618
-18.60141487	-103.9964736
-18.63008999	-104.0187618
-19.14577719	-107.9411938
-19.17647444	-107.9634821
-19.20894728	-107.9411938
-19.21353443	-107.9189141
-19.12174287	-107.8743375
-19.4626917	-108.8549455
-19.48340988	-108.8326572
-19.41391538	-108.8103774
-19.47371695	-108.8103774
-19.43994883	-108.8103774
-19.4973655	-108.8103774
-19.50495071	-108.7212243
-19.50335013	-108.7658008
-19.54186763	-108.7435126
-19.59020452	-108.7658008
-19.49891499	-106.7822966
-19.56743994	-106.7154317
-19.58939337	-106.73772
-19.58793586	-106.7154317
-19.61234701	-106.6931519
-19.94743001	-109.5012547
-19.97397442	-109.5012547
-19.88894799	-109.4343984
-19.89410358	-109.4566866
-19.89650382	-109.4343984
-19.96511308	-107.4731824
-19.990527	-107.4508941
-20.01476059	-107.4286058
-19.90081633	-107.4508941
-19.94089482	-107.4063175
-20.45025122	-110.860738
-20.44157638	-110.9053146
-20.40650914	-110.8830263
-20.46312871	-110.8830263
-20.52528198	-110.8830263
-20.52771799	-108.3646457
-20.54476364	-108.4092138
-20.51150265	-108.4092138
-20.52801051	-108.3869255
-20.54821646	-108.3646457
-20.50746861	-108.2532128
-20.53619738	-108.2532128
-20.54145517	-108.2309245
-20.56044119	-108.2309245
-20.50087594	-108.2754926
-20.51290651	-107.6068951
-20.53116953	-107.6291834
-20.52596284	-107.6291834
-20.54830077	-107.6291834
-20.56716416	-107.6068951
-20.55426623	-105.0458893
-20.57353073	-105.0681776
-20.61860386	-105.0458893
-20.58858492	-105.023601
-20.59265727	-105.0013212
-20.58249682	-102.19321
-20.53428767	-102.19321
-20.57968909	-102.1709217
-20.57402892	-102.1486334
-20.5921246	-102.1709217
-20.60231827	-102.349211
-20.54738998	-102.349211
-20.56277118	-102.3046429
-20.54172598	-102.3269312
-20.59716267	-102.3269312
-20.39783558	-98.09248022
-20.41938918	-98.07019194
-20.36592097	-98.09248022
-20.38742092	-98.09248022
-20.37196691	-98.09248022
-20.11046994	-93.10027862
-20.13878994	-93.05571053
-20.06895182	-93.03342225
-20.10989766	-93.05571053
-20.04286727	-93.05571053
-19.8383041	-88.99954885
-19.86417405	-88.99954885
-19.81591636	-89.02183713
-19.8593493	-88.97726057
-19.84585994	-88.99954885
-19.85847939	-89.2224147
-19.87674369	-89.24470298
-19.92087154	-89.26699126
-19.87870961	-89.26699126
-19.89845952	-89.2224147
-19.5409594	-84.80967446
-19.53817722	-84.85424254
-19.5460013	-84.80967446
-19.55385094	-84.83196274
-19.61349284	-84.83196274
-19.24212907	-79.70604842
-19.22863971	-79.72832823
-19.25467699	-79.72832823
-19.24951757	-79.70604842
-19.27531342	-79.66147188
-19.23270057	-80.95409034
-19.20922831	-80.93181055
-19.21791592	-80.95409034
-19.20508058	-80.90952227
-19.21959315	-80.95409034
-18.88072393	-75.71674311
-18.90402247	-75.73903139
-18.85871174	-75.71674311
-18.91180057	-75.71674311
-18.84897283	-75.71674311
-18.52057703	-71.14799764
-18.47795396	-71.12570936
-18.51037442	-71.12570936
-18.4799697	-71.12570936
-18.51755214	-71.14799764
-18.10004734	-66.53467561
-18.12483405	-66.64610852
-18.10160577	-66.66839256
-18.13619015	-66.60153621
-18.15685213	-66.60153621
-18.08020801	-67.15870081
-18.07041417	-67.18098484
-18.10782799	-67.20327313
-18.12484682	-67.18098484
-18.12047811	-67.18098484
-17.75407066	-62.09964284
-17.78430932	-62.09964284
-17.73993621	-62.03278649
-17.72963651	-62.05507053
-17.69167596	-62.05507053
-17.66157909	-63.30312092
-17.69524502	-63.34769326
-17.69114583	-63.30312092
-17.72424332	-63.30312092
-17.72319074	-63.32540498
-17.33961629	-57.64232606
-17.27325653	-57.64232606
-17.29694212	-57.64232606
-17.25825472	-57.66461434
-17.28539568	-57.62004203
-17.14819504	-55.85939935
-17.0927098	-55.88168763
-17.15078433	-55.90397589
-17.10929559	-55.90397589
-17.13705737	-55.88168763
-17.08665364	-57.19659437
-17.12358461	-57.12973802
-17.12186012	-57.15202206
-17.11883906	-57.15202206
-17.12186012	-57.15202206
-16.91389268	-53.11815291
-16.87324064	-53.11815291
-16.90347802	-53.11815291
-16.84343629	-53.07357634
-16.87081868	-53.07357634
-16.36012229	-47.16763158
-16.32205826	-47.21220814
-16.3468488	-47.16763158
-16.31707	-47.18991986
-16.36119786	-47.21220814
-16.02205017	-44.24809163
-16.00688869	-44.27037567
-16.03796532	-44.27037567
-16.01231126	-44.24809163
-16.00772666	-44.27037567
-16.09749992	-44.78296795
-16.06793317	-44.78296795
-16.0929677	-44.78296795
-16.02963411	-44.78296795
-16.06788719	-44.80525623
-15.96769671	-45.60757071
-15.98914557	-45.62985899
-15.96639632	-45.74129191
-15.99900839	-45.8081525
-15.97179334	-45.8081525
-16.03112228	-45.87501312
-16.05313447	-45.87501312
-16.02133738	-45.89729715
-16.07790074	-45.91958544
-16.01701465	-45.87501312
-15.6129545	-39.96906836
-15.57750915	-39.96906836
-15.6047242	-39.96906836
-15.5573543	-39.96906836
-15.60892558	-39.96906836
-15.10285082	-35.46717713
-15.09637695	-35.51174944
-15.12812933	-35.51174944
-15.11674512	-35.48946327
-15.11439726	-35.48946327
-14.66739596	-31.25501233
-14.64524581	-31.32187293
-14.65609351	-31.27729848
-14.64891834	-31.25501233
-14.67864987	-31.25501233
-14.08214911	-26.48568294
-14.05147741	-26.53025737
-14.10130247	-26.48568294
-14.07823259	-26.50796909
-14.1045624	-26.53025737
-13.61497763	-22.34037875
-13.58058869	-22.31809258
-13.61392122	-22.36266489
-13.58558078	-22.34037875
-13.64348797	-22.36266489
-13.52397806	-23.00897626
-13.54687677	-22.98669009
-13.52616242	-23.00897626
-13.56290689	-23.03126241
-13.55925991	-23.00897626
-13.01304663	-17.83848963
-12.99937076	-17.79391518
-13.0445563	-17.79391518
-12.98677047	-17.79391518
-13.02872163	-17.81620135
-12.87577573	-19.24254314
-12.8868623	-19.24254314
-12.8646355	-19.2648293
-12.90070423	-19.28711759
-12.86005091	-19.28711759
-12.28809542	-13.22516546
-12.2446382	-13.20287932
-12.2855074	-13.18059315
-12.24760688	-13.22516546
-12.25192706	-13.2474527
-11.64619834	-9.1912942
-11.64444702	-9.146720818
-11.65515293	-9.169008032
-11.62445568	-9.146720818
-11.68711736	-9.146720818
-11.25151432	-6.762056656
-11.21020952	-6.828916184
-11.24978344	-6.784342802
-11.22898095	-6.851202887
-11.27966826	-6.873489567
-11.29707669	-7.363794105
-11.28817448	-7.363794105
-11.30989159	-7.341507402
-11.28061865	-7.363794105
-11.32272948	-7.386080785
-11.16876166	-6.672909891
-11.19182515	-6.650623722
-11.1896408	-6.650623722
-11.23466283	-6.650623722
-11.18246691	-6.628337042
-9.95747092	0.035351663
-9.952688965	0.079924823
-9.958144111	0.035351663
-9.948319612	0.079924823
-9.955499888	0.057638232
-9.13611929	2.286296545
-9.106260017	2.308583248
-9.148422587	2.308583248
-9.090590765	2.286296545
-9.152366566	2.264010132
-8.433758298	3.422912449
-8.458743005	3.400625747
-8.447278322	3.378339333
-8.456477532	3.356052631
-8.459498588	3.356052631
-8.392434342	2.664611388
-8.421999812	2.664611388
-8.409612206	2.686898068
-8.452236558	2.664611388
-8.422673003	2.664611388
-8.38145571	2.464032224
-8.393391755	2.553178455
-8.362267854	2.530891775
-8.402093418	2.620038273
-8.363743254	2.59775157
-8.228300315	3.31092222
-8.266308135	3.3332089
-8.235655596	3.377782016
-8.261561309	3.31092222
-8.193904349	3.3332089
-8.258152562	2.686898068
-8.215363426	2.709184504
-8.233121869	2.686898068
-8.224937554	2.709184504
-8.25159949	2.686898068
-8.161649309	2.820617415
-8.155095597	2.820617415
-8.190079807	2.842904095
-8.185286356	2.79833098
-8.203600469	2.79833098
-8.18261467	2.887477211
-8.225703357	2.842904095
-8.181105419	2.887477211
-8.21831167	2.842904095
-8.182192488	2.842904095
-8.417899991	1.617141983
-8.376314167	1.572568734
-8.439613909	1.639428552
-8.405090842	1.594855436
-8.423733886	1.594855436
-8.356456314	2.062873672
-8.405799161	2.040587103
-8.364934431	2.018300423
-8.393036637	2.040587103
-8.378418687	2.040587103
-8.37526031	2.30802593
-8.391968729	2.263452814
-8.391130115	2.263452814
-8.4250643	2.263452814
-8.366310832	2.285739495
-8.361057516	2.263452814
-8.413682648	2.285739495
-8.362405175	2.263452814
-8.399276108	2.30802593
-8.330357713	2.285739495
-8.366101338	2.842904095
-8.292186385	2.842904095
-8.346619679	2.842904095
-8.326167834	2.865190531
-8.357621943	2.887477211
-8.285711872	3.04348326
-8.268697516	3.021196824
-8.30877345	3.06576994
-8.257823631	3.04348326
-8.308137304	2.998910144
-8.176861251	3.04348326
-8.236841025	3.132629758
-8.170982647	3.04348326
-8.235792278	3.110343055
-8.174637294	3.110343055
-8.174521689	3.132629758
-8.208667923	3.154916171
-8.198254541	3.154916171
-8.230595168	3.199489287
-8.172124005	3.110343055
-8.020771663	3.276099428
-8.004510974	3.298386108
-8.003555477	3.320672811
-7.991996266	3.253812993
-8.023037135	3.320672811
-7.989281148	3.320672811
-8.050006925	3.276099428
-8.024680513	3.298386108
-7.966634726	3.253812993
-7.9911238	3.231526313
-8.011917989	3.298386108
-7.955845788	3.231526313
-7.966471218	3.253812993
-8.043454491	3.276099428
-8.051141258	3.253812993
-7.990287102	3.231526313
-7.975090488	3.276099428
-7.97570428	3.253812993
-8.056137177	3.231526313
-8.032249759	3.298386108
-7.958831077	3.298386108
-7.972563148	3.276099428
-8.005705983	3.298386108
-8.03039561	3.298386108
-7.981513905	3.298386108
-7.15301521	4.145276349
-7.127723288	4.100703234
-7.061875129	4.100703234
-7.096105033	4.078416554
-7.114030816	4.056129851
-7.136467105	3.855550709
-7.138839241	3.788690913
-7.181722905	3.810977593
-7.197228011	3.833264029
-7.13882966	3.699544682
-7.379862652	2.964087352
-7.377843718	2.964087352
-7.379057889	2.986374033
-7.423146781	2.941800672
-7.457699229	2.830367739
-7.694902569	2.117197245
-7.716820234	2.072623996
-7.674596987	2.050337427
-7.694835506	2.005764311
-7.750270284	2.005764311
-7.848213808	1.693752124
-7.834434472	1.693752124
-7.864283526	1.671465556
-7.895068915	1.60460576
-7.843916627	1.649178875
-7.879018997	1.649178875
-7.862763417	1.582319191
-7.827906309	1.626892307
-7.886909509	1.560032644
-7.921645903	1.626892307
-7.871452945	1.560032644
-7.888124957	1.582319191
-7.898030571	1.582319191
-7.887286982	1.582319191
-7.860955893	1.60460576
-7.852924867	1.626892307
-7.857425154	1.60460576
-7.874768442	1.626892307
-7.898195356	1.582319191
-7.916978276	1.649178875
-7.9154224	1.47088628
-7.918741091	1.448599711
-7.954024213	1.448599711
-7.966611732	1.359453369
-7.95607572	1.47088628
-7.804311416	2.429209432
-7.862238405	2.496068983
-7.875131224	2.473782548
-7.828207776	2.451495867
-7.855259958	2.451495867
-7.235275431	4.635581154
-7.192002159	4.591007772
-7.209477658	4.591007772
-7.206240721	4.568721603
-7.236019517	4.591007772
-6.465312407	6.217928725
-6.422852202	6.240215405
-6.45666695	6.262501574
-6.474050476	6.217928725
-6.480127077	6.240215405
-6.398207923	5.326465368
-6.437774813	5.371038217
-6.462970929	5.371038217
-6.400684806	5.393324897
-6.437099706	5.371038217
-5.971202439	6.685947094
-5.944284384	6.663660392
-5.979434018	6.685947094
-6.038282652	6.708233241
-5.998254621	6.685947094
-5.081977967	8.981465559
-5.013436086	8.981465559
-5.041879678	9.003751706
-5.022517138	8.981465559
-5.04060515	8.959178345
-4.18455449	11.23241011
-4.154350958	11.25469628
-4.190469181	11.25469628
-4.237133317	11.23241011
-4.204709659	11.23241011
-3.463834996	13.3496356
-3.551199396	13.3496356
-3.497275146	13.3496356
-3.456609052	13.3496356
-3.47761561	13.3496356
-2.850678503	15.57829398
-2.867019349	15.60058015
-2.810769589	15.5337206
-2.820604307	15.57829398
-2.859204203	15.55600783
-2.268617168	17.762379
-2.299447905	17.71780562
-2.322423578	17.78466624
-2.312919068	17.74009285
-2.332164088	17.78466624
-1.743959408	20.16933093
-1.732199804	20.16933093
-1.764114417	20.16933093
-1.786490349	20.10247031
-1.786750141	20.14704265
-1.249771757	22.19740964
-1.231918946	22.17512349
-1.231067957	22.17512349
-1.296469345	22.19740964
-1.33372262	22.17512349
-1.174600639	20.88250076
-1.195640648	20.90478693
-1.25687555	20.86021461
-1.223068945	20.92707307
-1.20740089	20.90478693
-0.729658913	24.53750095
-0.742765617	24.53750095
-0.723388705	24.5152148
-0.762802147	24.55978712
-0.72663634	24.53750095
-0.303521304	26.83301783
-0.319933266	26.81073167
-0.329132237	26.78844552
-0.267651695	26.78844552
-0.219476034	26.81073167
0.232053155	28.83881039
0.241383159	28.88338482
0.188744834	28.90567099
0.23729707	28.90567099
0.26133588	28.81652422
0.265823593	27.39018244
0.208745417	27.36789627
0.189513052	27.41247072
0.177032694	27.43475686
0.223905365	27.34561012
0.735632285	31.04518263
0.751300259	31.02289646
0.732821521	31.02289646
0.710186276	31.00061031
0.724130876	31.00061031
1.183200429	33.29612718
1.138851665	33.29612718
1.173835954	33.27384103
1.248507289	33.31841546
1.274505694	33.25155486
1.699898298	35.50249943
1.710350002	35.56936003
1.72062223	35.48021326
1.69061909	35.52478558
1.716028373	35.50249943
2.176585301	37.88716306
2.26072442	37.82030671
2.271845163	37.79801843
2.257937608	37.86487903
2.265009146	37.77573015
2.441483516	39.2912187
2.536356006	39.31350698
2.540382697	39.31350698
2.500779241	39.2912187
2.518254101	39.2912187
2.762668376	40.18268206
2.746373836	40.18268206
2.68144317	40.13810974
2.705885301	40.18268206
2.743266875	40.13810974
3.258794724	42.25533521
3.201338457	42.25533521
3.197479106	42.25533521
3.24389319	42.23304693
3.273953654	42.23304693
3.779320089	44.48399361
3.805157142	44.5062819
3.747734088	44.48399361
3.706408535	44.48399361
3.739259483	44.52856593
3.777190979	42.83478809
3.798869769	42.83478809
3.807607518	42.83478809
3.818813208	42.85707213
3.793107408	42.85707213
4.326291189	46.66807968
4.323222869	46.69036374
4.341865275	46.69036374
4.351653048	46.66807968
4.375598588	46.62350737
4.837820131	48.9413104
4.807582428	48.9413104
4.85908632	48.89673808
4.862816653	48.8744498
4.832991232	48.91902212
5.399033625	51.14768052
5.390638539	51.14768052
5.405350378	51.1031082
5.376445325	51.1031082
5.379005239	51.08082417
5.466415306	49.00817102
5.456721102	48.98588273
5.434381895	48.98588273
5.415724799	48.98588273
5.427485201	48.98588273
6.009624138	53.51006011
5.968593984	53.53234839
6.006106172	53.51006011
6.018987495	53.53234839
6.065483013	53.4654878
6.499286192	55.71643023
6.536868637	55.73871852
6.60378215	55.71643023
6.606506849	55.6941462
6.530526336	55.71643023
6.613205545	54.42381175
6.601116212	54.42381175
6.576758071	54.42381175
6.583854039	54.40152347
6.617872533	54.44609581
6.624986385	52.43640469
6.595373012	52.45868875
6.55450956	52.48097703
6.569669767	52.45868875
6.652994064	52.45868875
6.894563564	56.13597509
6.923244433	56.15826337
6.956176497	56.15826337
6.939928582	56.13597509
6.863192486	56.11369105
7.197255475	57.96347839
7.176888577	57.98576242
7.099939155	57.98576242
7.155467822	57.9411901
7.232371257	57.96347839
7.654585206	59.96927094
7.604569807	59.94698266
7.603696702	59.96927094
7.557917807	59.92469438
7.59503911	59.92469438
8.178396049	62.39850689
8.111154244	62.42079517
8.139052705	62.33164629
8.130220747	62.37621861
8.196956701	62.35393457
8.710661378	64.29286653
8.686304514	64.29286653
8.620322867	64.27057825
8.637124536	64.27057825
8.722932741	64.29286653
8.864104827	64.7385982
8.893220652	64.71630992
8.83080615	64.6717376
8.815597401	64.71630992
8.85983064	64.69402589
9.108234242	66.34323141
9.169799272	66.38780372
9.257797582	66.32094737
9.207133263	66.36551969
9.163834443	66.34323141
9.183411268	64.85003113
9.164766308	64.85003113
9.171994487	64.85003113
9.26115204	64.87231942
9.232295528	64.85003113
9.419417682	67.27926708
9.447778563	67.21241073
9.463399912	67.21241073
9.409132041	67.21241073
9.390488997	67.21241073
9.783529	69.12905441
9.793022652	69.08448207
9.757363335	69.10677035
9.677532094	69.03990976
9.674924278	69.08448207
10.27009208	71.20170756
10.28441622	71.17941928
10.23947339	71.13484697
10.22431446	71.15713525
10.24990146	71.13484697
10.81006844	73.60865522
10.83761434	73.60865522
10.7932655	73.60865522
10.76665082	73.56408716
10.71456923	73.56408716
11.38130092	75.592168
11.28490305	75.56987972
11.23774265	75.54759143
11.28566949	75.52530315
11.35151957	75.52530315
11.87373685	77.90997103
11.82593519	77.86539447
11.87130213	77.86539447
11.91947679	77.88768275
11.86777139	77.86539447
12.50309751	80.0494848
12.45320091	80.0494848
12.45442594	80.02719652
12.4651459	79.96033168
12.45559732	80.02719652
12.99582469	82.38957612
12.95543452	82.34499955
12.97369753	82.36728783
13.01573684	82.34499955
13.06349634	82.32271127
13.64703148	84.52908139
13.5720186	84.4845133
13.56152474	84.52908139
13.55171174	84.4845133
13.5335969	84.46222502
13.55405066	82.52328883
13.57174013	82.50100903
13.64095105	82.50100903
13.64732784	82.50100903
13.65631308	82.54557712
14.20296962	86.91374927
14.1548831	86.8468929
14.21133661	86.8468929
14.26018446	86.78002805
14.25534183	86.8468929
14.67962709	88.71896426
14.75682816	88.6743877
14.81243985	88.6743877
14.76853555	88.69667598
14.73502674	88.65209942
14.79950871	86.62402705
14.76867989	86.66859514
14.74201923	86.64630686
14.77960296	86.66859514
14.82948806	86.66859514
15.14588905	89.54356277
15.1259884	89.49899471
15.08494803	89.52128299
15.07507627	89.49899471
15.13333219	89.52128299
15.40486188	91.21505658
15.44542706	91.17048849
15.41472981	91.14820021
15.37916821	91.12591192
15.34363983	91.17048849
15.37915544	88.74125254
15.45597456	88.71896426
15.52351209	88.71896426
15.50078327	88.74125254
15.43900683	88.71896426
15.75975738	91.19277677
15.74438129	91.14820021
15.68771701	91.17048849
15.64627426	91.14820021
15.636368	91.14820021
16.15464323	93.42143517
16.17728773	93.35457033
16.08097289	93.37685861
16.05956491	93.33228205
16.09540115	93.31000226
16.69770643	95.36036288
16.6534419	95.31579482
16.71682403	95.29350654
16.78835344	95.31579482
16.72110844	95.24892997
16.97030531	96.18496989
17.01643613	96.14039333
16.90756954	96.14039333
16.84679458	96.11810505
16.92272975	96.11810505
17.01699691	93.88944665
17.02880266	93.86716686
16.99701578	93.88944665
16.93132155	93.88944665
16.92657856	93.91173493
17.60892841	97.54445322
17.49938735	97.54445322
17.46091711	97.54445322
17.51674724	97.52216494
17.5884772	97.52216494
18.20975829	99.81767969
18.18821107	99.83996797
18.16025385	99.79539141
18.12375848	99.81767969
18.21187622	99.7731116
18.38602444	100.6868548
18.45057285	100.664575
18.43448908	100.6422867
18.45079767	100.6422867
18.39622833	100.6199984
18.46962402	97.99018489
18.43615225	98.0124647
18.49533046	97.99018489
18.48255005	97.99018489
18.45970372	97.99018489
18.47529441	96.98728862
18.51095053	96.96500034
18.55161663	96.96500034
18.43670537	96.96500034
18.41637296	96.96500034
18.79910561	100.2856996
18.78549106	100.2856996
18.73563916	100.2634114
18.69650212	100.2634114
18.74869549	100.2856996
19.14555237	101.8680488
19.16301701	101.8680488
19.20115257	101.8680488
19.17902541	101.8457605
19.13455777	101.8234722
19.40916983	103.138379
19.47373484	103.1160992
19.50614381	103.1160992
19.5311745	103.1160992
19.47582084	103.0715226
19.56198927	100.352556
19.52096295	100.2856996
19.47249959	100.3302762
19.55171385	100.2856996
19.54468558	100.2634114
19.68062543	102.5812144
19.79682941	102.6035027
19.83018877	102.5589346
19.75151613	102.5812144
19.7064941	102.5812144
20.21417838	104.431006
20.25806736	104.4087177
20.23052018	104.4087177
20.14182249	104.4087177
20.17543094	104.319573
20.67742312	105.4784703
20.69910063	105.4784703
20.63878809	105.4784703
20.63609533	105.4784703
20.69263059	105.4339022
20.74767768	105.0996035
20.76687064	105.0773152
20.77516737	105.0550269
20.65709965	105.0327386
20.68947924	105.0550269
20.80305816	103.8515531
20.79364882	103.8515531
20.799659	103.8738414
20.75200551	103.8515531
20.70125305	103.8515531
20.87501167	104.7430164
20.86022702	104.7430164
20.88828898	104.7430164
20.82898176	104.7430164
20.86413203	104.7207282
21.0192393	102.8263685
20.9097008	102.8263685
20.83522954	102.8486568
20.89777625	102.8263685
20.9708973	102.8040802
20.98909517	98.81367197
20.94546933	98.79138369
20.92091	98.81367197
20.86025895	98.81367197
20.88717637	98.79138369
20.86169603	93.95519156
20.9143697	93.9106235
20.8415284	93.95519156
20.81142132	93.97747984
20.85111786	93.95519156
20.49690449	88.87385381
20.50240882	88.89614209
20.57787901	88.87385381
20.64693025	88.87385381
20.59320656	88.85156553
20.61378295	89.07443137
20.50952906	89.0298633
20.50931829	89.05214309
20.5839505	89.0298633
20.6168385	89.05214309
20.56111822	89.96589473
20.58739949	90.01047129
20.60739211	90.01047129
20.53094981	90.01047129
20.52989851	90.03275957
20.25560453	85.06284626
20.23388997	85.08513454
20.20776071	85.1297111
20.26626445	85.10742282
20.37059754	85.10742282
20.07245701	80.22666263
19.93654015	80.22666263
19.93053125	80.29351898
19.92188963	80.24894241
19.9954731	80.24894241
19.73906657	75.59104807
19.63879562	75.65791291
19.57206158	75.6801927
19.63086168	75.6801927
19.66093428	75.6801927
19.31490267	71.31202904
19.30478181	71.33430883
19.32578869	71.33430883
19.40205342	71.33430883
19.44535224	71.35659711
19.05560666	66.85470799
19.00906068	66.85470799
19.05689428	66.87699627
19.0749082	66.85470799
19.06370156	66.83242396
18.95399571	67.43416087
19.01402467	67.41187259
19.04941126	67.43416087
19.07133403	67.38958856
19.07948514	67.43416087
18.61454911	62.4642518
18.69691472	62.44196352
18.72365969	62.50882412
18.73647331	62.48654008
18.69447488	62.48654008
18.75230798	62.97684409
18.69657621	62.95455581
18.67569835	62.97684409
18.63907523	62.97684409
18.6775046	62.99912812
18.62362506	63.91287976
18.62413218	63.91287976
18.67231068	63.93516804
18.65049649	63.91287976
18.68182733	63.95745207
18.31962253	58.69782081
18.29795907	58.69782081
18.27072614	58.69782081
18.28097729	58.69782081
18.36628986	58.72010485
18.14024335	55.75598834
18.16258256	55.75598834
18.13314866	55.68913197
18.07656741	55.75598834
18.05465486	55.71141602
18.10708199	56.55412854
18.00130672	56.59870085
18.06548084	56.59870085
18.11979597	56.57641682
18.06162053	56.59870085
18.10264685	56.57641682
18.02684581	56.59870085
18.02063636	56.59870085
18.03205251	56.59870085
18.09866391	56.64327317
17.88862964	53.47857909
17.82546594	53.47857909
17.81093421	53.52315141
17.85238846	53.45629506
17.92247951	53.52315141
17.43774504	48.97668997
17.51287416	48.95440169
17.53484931	48.97668997
17.42766378	48.97668997
17.49948315	48.93211766
17.09464634	44.67537842
17.09073622	44.6976667
17.16113384	44.6976667
17.11093578	44.67537842
17.06906892	44.6976667
17.15389608	45.29940361
17.1117201	45.29940361
17.06132276	45.29940361
17.15238619	45.29940361
17.11495576	45.27711533
16.63197132	40.53007636
16.77940268	40.48549979
16.70480368	40.48549979
16.69233368	40.50778808
16.71135675	40.48549979
16.35264948	36.85279
16.29662391	36.89736231
16.26125903	36.85279
16.38860196	36.85279
16.31492525	36.89736231
16.32703757	38.25684139
16.24887079	38.27912967
16.24825763	38.25684139
16.28234255	38.25684139
16.30511097	38.30141795
16.13998504	35.87217776
16.13569552	35.82760543
16.19144007	35.84989371
16.03758849	35.82760543
16.14863816	35.82760543
15.79769877	31.50400772
15.69801798	31.52629387
15.73582908	31.52629387
15.73397174	31.52629387
15.67418294	31.52629387
15.3211946	27.5592832
15.26855669	27.58156937
15.31589082	27.60385552
15.22450165	27.60385552
15.31245717	27.5592832
14.70105167	22.63394856
14.73926643	22.58937414
14.6896202	22.63394856
14.61747381	22.58937414
14.75845684	22.65623473
14.65096857	23.32483224
14.71161196	23.32483224
14.64915849	23.3025461
14.64470547	23.34711841
14.74105863	23.3025461
14.20349591	18.24349026
14.04847423	18.2212041
14.17640477	18.17663178
14.12977704	18.2212041
14.15032278	18.19891793
13.45049934	13.80846067
13.55744344	13.76388729
13.42548015	13.71931393
13.57710394	13.76388729
13.49812856	13.76388729
13.48878053	14.67763682
13.46693568	14.67763682
13.529103	14.67763682
13.52371875	14.67763682
13.43278561	14.69992403
13.17909101	11.89181381
13.24779863	11.89181381
13.15070713	11.89181381
13.24888187	11.9363872
13.21777074	11.95867443
12.82860127	9.128278046
12.80931888	9.105990832
12.77076945	9.150564215
12.85140034	9.150564215
12.7585792	9.105990832
12.50612495	6.877332964
12.39545723	6.944192492
12.49179506	6.988765875
12.43350082	6.988765875
12.49264581	6.988765875
12.41053185	7.746509618
12.40511056	7.679650089
12.33766756	7.724222938
12.44405343	7.701936769
12.36424646	7.701936769
12.06147791	4.760107473
11.9427766	4.804680855
12.03995496	4.849253704
11.9919553	4.826967024
11.98208354	4.804680855
11.53579759	2.330869928
11.43429011	2.353156363
11.55847914	2.330869928
11.46662882	2.308583248
11.56642713	2.308583248
11.47001394	3.066326991
11.54111669	3.044040577
11.40739697	3.044040577
11.52671015	3.021753875
11.5236546	3.044040577
11.50754273	3.289192835
11.41370989	3.333766218
11.50077761	3.311479515
11.48528783	3.333766218
11.52097845	3.289192835
11.38540777	1.974284492
11.23610246	1.951997923
11.33693675	1.929711243
11.29897491	1.929711243
11.30522269	1.996571038
11.30979962	2.447874392
11.24327763	2.447874392
11.31853833	2.447874392
11.34726327	2.447874392
11.21756991	2.447874392
11.25953385	2.381014597
11.31452217	2.358728161
11.30758971	2.381014597
11.30064703	2.403301277
11.23164177	2.381014597
10.92144896	0.286075741
10.95610615	0.26378915
10.9903367	0.286075741
10.92581895	0.286075741
10.9459738	0.286075741
7.711195194	-6.333039581
7.733420712	-6.355326284
7.639009204	-6.355326284
7.735988929	-6.377612964
7.725026903	-6.355326284
7.743980995	-6.110173737
7.668810355	-6.154747119
7.676823498	-6.132460439
7.687745924	-6.132460439
7.687963083	-6.154747119
7.662711399	-5.976454145
7.666698171	-5.954167977
7.716252428	-5.954167977
7.653298862	-5.976454145
7.677326795	-5.976454145
6.203285313	-8.650844215
6.13126347	-8.673130895
6.115299776	-8.673130895
6.181782804	-8.650844215
6.151837307	-8.628558046
4.900274872	-11.01322223
5.009492427	-10.94636268
5.02499913	-10.96864885
4.956292783	-10.96864885
4.973755827	-10.96864885
4.161852821	-12.97444141
4.129430441	-12.97444141
4.214318277	-12.99672862
4.221671004	-12.97444141
4.190542632	-12.95215524
4.18516924	-11.94925897
4.11616973	-11.97154512
4.198770378	-11.94925897
4.176191659	-11.99383233
4.16266429	-11.94925897
3.476846933	-15.31453272
3.430261997	-15.29224655
3.322578601	-15.29224655
3.456131943	-15.29224655
3.450594724	-15.29224655
2.766829194	-17.54319112
2.837795584	-17.49861879
2.811087662	-17.49861879
2.762751727	-17.52090495
2.809016674	-17.47633157
2.184244444	-19.81642395
2.308081067	-19.74956336
2.240974987	-19.79413567
2.144999939	-19.7718495
2.243108248	-19.7718495
1.721135906	-21.88907499
1.715494898	-21.84450268
1.698834861	-21.91136114
1.694032947	-21.86678882
1.688660673	-21.86678882
1.667831196	-20.86389256
1.634291568	-20.8861787
1.746966093	-20.86389256
1.728412467	-20.90846487
1.616524822	-20.90846487
1.459316868	-22.95883186
1.479867712	-22.98111803
1.406244326	-22.95883186
1.457744227	-23.00340419
1.448549487	-23.02569034
1.109975273	-24.16230782
1.161066005	-24.09544723
1.147667016	-24.1177334
1.109604587	-24.07316106
1.134014862	-24.09544723
0.648177349	-26.39096623
0.588664665	-26.36867794
0.717519762	-26.36867794
0.703193857	-26.34639178
0.635272754	-26.32410563
0.185671345	-28.66419694
0.109280607	-28.68648309
0.186966311	-28.64191077
0.208136855	-28.64191077
0.123352229	-28.66419694
-0.203795045	-30.64770333
-0.157427138	-30.64770333
-0.184032698	-30.69227565
-0.210358816	-30.71456182
-0.188857685	-30.71456182
-0.278730663	-30.84828301
-0.351184687	-30.82599473
-0.290707285	-30.82599473
-0.273905097	-30.82599473
-0.281678368	-30.80370858
-0.796950138	-33.23294666
-0.744829021	-33.25523281
-0.795160178	-33.21066049
-0.850493003	-33.25523281
-0.741273771	-33.18837434
-0.815381931	-32.09633129
-0.81660185	-32.07404514
-0.733403937	-32.09633129
-0.785195085	-32.07404514
-0.869306021	-32.09633129
-1.30057252	-35.30559981
-1.196179632	-35.26102536
-1.230404905	-35.28331153
-1.272405405	-35.28331153
-1.257838392	-35.26102536
-1.700938104	-37.57883053
-1.700773319	-37.57883053
-1.734543517	-37.57883053
-1.73967564	-37.53425822
-1.712407417	-37.55654225
-2.225055364	-39.80748893
-2.104024873	-39.76291662
-2.143279917	-39.78520065
-2.211388918	-39.82977721
-2.143507933	-39.76291662
-2.618617025	-41.96928672
-2.552880958	-41.991575
-2.576946414	-41.96928672
-2.662673185	-41.94700268
-2.580072856	-41.9247144
-3.051245633	-44.08651221
-3.139206899	-44.04193987
-3.05129641	-44.06422815
-3.045200328	-44.08651221
-3.080355071	-44.06422815
-3.07423855	-42.86075007
-3.086089648	-42.81617776
-3.12445578	-42.86075007
-3.046680198	-42.86075007
-3.07092497	-42.83846604
-3.626297862	-46.4488918
-3.50747584	-46.47117584
-3.53692858	-46.4488918
-3.566276892	-46.47117584
-3.545209019	-46.42660352
-4.050035433	-48.56611727
-3.988480303	-48.52154496
-3.969492679	-48.52154496
-3.997167594	-48.54382899
-4.003936867	-48.52154496
-4.480380365	-50.57190983
-4.463848228	-50.52733751
-4.448173547	-50.54962155
-4.487877118	-50.52733751
-4.51811546	-50.52733751
-4.89665663	-53.02343408
-4.933662967	-53.0011458
-5.003881438	-53.0011458
-4.894013685	-53.0011458
-4.929271898	-52.9342852
-5.437665457	-55.20752014
-5.44265435	-55.2298042
-5.419401801	-55.18523186
-5.415121865	-55.14065955
-5.431149429	-55.18523186
-5.870783309	-57.48075086
-5.950628602	-57.45846258
-5.921303283	-57.50303491
-5.915348035	-57.45846258
-5.869488024	-57.45846258
-6.385288279	-59.64254867
-6.36635271	-59.62026038
-6.410826739	-59.64254867
-6.434564063	-59.62026038
-6.443683436	-59.59797635
-6.847627342	-62.00492826
-6.900877762	-62.00492826
-6.909946678	-62.00492826
-6.824488482	-61.98263998
-6.852325627	-62.00492826
-7.430251053	-64.27815898
-7.330391425	-64.23358666
-7.350216066	-64.23358666
-7.424474002	-64.23358666
-7.417756783	-64.23358666
-7.834334835	-66.23937922
-7.848039442	-66.19480266
-7.874821454	-66.23937922
-7.875253854	-66.19480266
-7.879787993	-66.19480266
-7.867304581	-65.21419465
-7.815005826	-65.23648293
-7.893339951	-65.21419465
-7.921827933	-65.16962233
-7.845399052	-65.16962233
-7.842457196	-64.59016945
-7.862177728	-64.63474177
-7.901457841	-64.56788542
-7.871295824	-64.61245773
-7.909218697	-64.63474177
-7.933129109	-62.81002984
-7.925471722	-62.85460215
-7.897289678	-62.83231387
-7.946411535	-62.87689044
-7.923504523	-62.83231387
-8.291975613	-66.75475436
-8.226962236	-66.75475436
-8.208358792	-66.73246608
-8.176774387	-66.73246608
-8.183491606	-66.73246608
-8.23169565	-65.03868824
-8.235441631	-65.01639996
-8.230399725	-65.01639996
-8.229673522	-65.03868824
-8.261426543	-65.03868824
-8.613210931	-68.89426811
-8.535765238	-68.89426811
-8.555299909	-68.87197983
-8.628882738	-68.87197983
-8.619815738	-68.87197983
-8.951357135	-70.9223447
-8.999348491	-70.94463298
-8.942668247	-70.90006067
-8.935112414	-70.90006067
-8.963218452	-70.87777238
-9.347525495	-72.97271382
-9.332018473	-72.9950021
-9.416740248	-72.97271382
-9.405869556	-72.95042554
-9.408509946	-72.97271382
-9.854974096	-75.29051685
-9.841920963	-75.26822857
-9.955813491	-75.26822857
-9.88127772	-75.24594029
-9.914030947	-75.24594029
-10.41534866	-77.51917525
-10.44899032	-77.49688697
-10.50542913	-77.49688697
-10.44500546	-77.47459869
-10.43329807	-77.45231891
-10.94359528	-79.23524562
-10.96447697	-79.21295734
-10.9720328	-79.21295734
-10.96698962	-79.21295734
-10.97589439	-79.21295734
-11.49841697	-81.9319155
-11.51554949	-81.9319155
-11.43092927	-81.90963569
-11.4759513	-81.90963569
-11.51687415	-81.86505913
-11.6539279	-82.53365666
-11.6443014	-82.55594494
-11.64111172	-82.55594494
-11.6933332	-82.4890801
-11.74553295	-82.51136838
-12.07552422	-83.95999634
-11.99287248	-83.95999634
-12.00965115	-83.89313997
-12.05243518	-83.91542825
-12.06638058	-83.91542825
-12.13784611	-84.78460332
-12.17687458	-84.76231504
-12.19943222	-84.74002676
-12.23727781	-84.71773848
-12.13542544	-84.74002676
-12.22988932	-81.61990502
-12.28712843	-81.64219328
-12.27547469	-81.59761674
-12.26188185	-81.66448156
-12.20620501	-81.61990502
-12.50063596	-84.60630557
-12.443637	-84.62859385
-12.46014998	-84.60630557
-12.42755962	-84.60630557
-12.45550534	-84.58402578
-13.17390603	-88.57332261
-13.12125152	-88.52874605
-13.14566267	-88.50645777
-13.23162544	-88.52874605
-13.2057555	-88.52874605
-13.17783532	-86.30008765
-13.25519479	-86.34466421
-13.2618079	-86.38923228
-13.20567885	-86.32237593
-13.19454119	-86.34466421
-13.43102663	-89.01905428
-13.37653266	-88.97447772
-13.40655544	-88.996766
-13.45044697	-88.97447772
-13.41634672	-88.97447772
-13.71233355	-90.84654908
-13.77019348	-90.89112565
-13.81456787	-90.80198099
-13.75174268	-90.80198099
-13.78176291	-90.82426928
-13.95309445	-91.71573263
-13.94983452	-91.67115607
-13.94209858	-91.67115607
-13.97390206	-91.64886779
-14.02240373	-91.67115607
-13.98585088	-89.39792113
-13.99100647	-89.42020941
-14.0461979	-89.37564132
-14.00012329	-89.39792113
-14.02952653	-89.39792113
-14.15916878	-91.15856803
-14.12960459	-91.15856803
-14.1377608	-91.11399149
-14.19891004	-91.11399149
-14.15329018	-91.15856803
-14.52943399	-93.09749577
-14.51587436	-93.07520749
-14.53283698	-93.07520749
-14.44430664	-93.07520749
-14.4889991	-93.07520749
-15.02797207	-95.2592978
-15.05444112	-95.21472124
-14.99531018	-95.21472124
-15.01529769	-95.21472124
-15.00034825	-95.21472124
-15.34614737	-96.12847287
-15.33702927	-96.15076116
-15.33905012	-96.15076116
-15.30322027	-96.17304944
-15.3525331	-96.12847287
-15.35714836	-94.07810375
-15.40670645	-94.07810375
-15.35825714	-94.03353569
-15.38042901	-94.03353569
-15.31328748	-94.01124741
-15.83884517	-97.35423499
-15.87580424	-97.35423499
-15.80809938	-97.35423499
-15.80221694	-97.35423499
-15.79105756	-97.30965842
-16.36706497	-99.00344051
-16.38832477	-98.95887244
-16.32403823	-98.93658416
-16.33771665	-98.98115223
-16.31155418	-98.95887244
-16.41637268	-96.95307988
-16.35332523	-96.97535967
-16.37903167	-96.97535967
-16.36576202	-96.97535967
-16.39292469	-96.99764795
-16.76766847	-100.0286251
-16.71722386	-100.0509134
-16.71452854	-100.0509134
-16.77018367	-100.0286251
-16.72969769	-100.0286251
-16.77721705	-97.79996668
-16.82706127	-97.82225496
-16.76356162	-97.82225496
-16.79704105	-97.79996668
-16.83154496	-97.84454324
-17.32681161	-101.9006964
-17.31720938	-101.8338401
-17.23954589	-101.8561284
-17.26956867	-101.8784081
-17.2883682	-101.8115518
-17.60314305	-102.925881
-17.63993479	-102.925881
-17.65628298	-102.9035927
-17.66143602	-102.925881
-17.59032943	-102.9481693
-17.67738183	-99.91719215
-17.72617092	-99.96176871
-17.71530406	-99.93948043
-17.71781927	-99.93948043
-17.62126939	-99.91719215
-18.19908687	-103.8619209
-18.13709966	-103.8619209
-18.16777264	-103.8173443
-18.1227506	-103.8173443
-18.15690195	-103.7950561
-18.70042885	-105.6671274
-18.63949294	-105.6448476
-18.67393681	-105.6448476
-18.68456991	-105.6225593
-18.70312545	-105.6671274
-18.74685475	-102.5470057
-18.76886056	-102.5470057
-18.80757606	-102.5915822
-18.75621556	-102.569294
-18.7588074	-102.6138705
-18.91749012	-104.4636536
-18.92572042	-104.4636536
-18.95113433	-104.4413653
-18.91064963	-104.4413653
-18.90453087	-104.3967972
-19.30473583	-106.4694461
-19.2405617	-106.4694461
-19.25073493	-106.4248781
-19.19373725	-106.4471579
-19.22843405	-106.4025898
-19.79411366	-108.2746611
-19.81952629	-108.2523729
-19.83077893	-108.2523729
-19.8362015	-108.2300846
-19.86233842	-108.1855165
-19.90491679	-105.6002711
-19.91441938	-105.5556945
-19.89831262	-105.6225593
-19.89596475	-105.6225593
-19.83923278	-105.6002711
-20.34477996	-109.1884128
-20.34507249	-109.2107011
-20.36940955	-109.1438362
-20.33207237	-109.1661245
-20.33895245	-109.1661245
-20.34572652	-108.5198153
-20.34937095	-108.5421035
-20.37488961	-108.4752387
-20.30075686	-108.497527
-20.32494702	-108.497527
-20.43083982	-106.692312
-20.35430683	-106.7368885
-20.37384469	-106.7146003
-20.35490721	-106.692312
-20.37813676	-106.6700237
-20.34270035	-106.3580132
-20.39589776	-106.3803015
-20.43048214	-106.3134451
-20.41313375	-106.3357249
-20.39986409	-106.3357249
-20.40143402	-106.0014262
-20.41419654	-106.0014262
-20.33826138	-106.0014262
-20.3590907	-106.0014262
-20.40192838	-106.0014262
-20.33158823	-105.8231369
-20.35880328	-105.8231369
-20.38367175	-105.8231369
-20.41547139	-105.8008486
-20.46856022	-105.8008486
-20.49752403	-103.3278761
-20.54535635	-103.3501643
-20.50861316	-103.3278761
-20.53213141	-103.3278761
-20.48975615	-103.3501643
-20.50816479	-103.1495783
-20.51056248	-103.1272985
-20.52493836	-103.0827219
-20.55697816	-103.1050102
-20.51716409	-103.1050102
-20.32101518	-97.48878766
-20.36693139	-97.46649938
-20.3614309	-97.44421957
-20.36860734	-97.46649938
-20.32077758	-97.44421957
-20.11597043	-93.03147086
-20.08136306	-93.03147086
-20.09419839	-93.07604742
-20.02899979	-93.00918258
-20.08427298	-93.00918258
-19.82916685	-88.86388474
-19.86723087	-88.81930818
-19.79674383	-88.86388474
-19.83347936	-88.88616455
-19.798034	-88.88616455
-19.49511855	-84.18370212
-19.52401083	-84.18370212
-19.54097856	-84.18370212
-19.54669366	-84.18370212
-19.52595376	-84.13912555
-19.21596533	-79.59266412
-19.21618376	-79.57037584
-19.22448815	-79.6149524
-19.16490118	-79.59266412
-19.21412459	-79.59266412
-19.181745	-81.35330255
-19.18258298	-81.35330255
-19.22059591	-81.33101427
-19.17792174	-81.33101427
-19.19580537	-81.37559083
-18.81570034	-75.55879072
-18.74531676	-75.55879072
-18.78054751	-75.581079
-18.75551554	-75.581079
-18.77684943	-75.581079
-18.49288296	-71.50262904
-18.48897411	-71.52491732
-18.52436964	-71.54720561
-18.45973693	-71.52491732
-18.48035037	-71.54720561
-18.15476996	-67.00074417
-18.08304001	-67.00074417
-18.10257404	-66.97845589
-18.06691025	-67.00074417
-18.1129887	-66.97845589
-17.79398436	-63.03373137
-17.74661446	-63.03373137
-17.78009006	-63.01144309
-17.72069342	-63.05601543
-17.73828069	-63.07830371
-17.40592112	-58.33126046
-17.33939785	-58.33126046
-17.36483731	-58.37583278
-17.32742221	-58.35354874
-17.32893593	-58.35354874
-17.07662731	-55.54543746
-17.1028792	-55.52315343
-17.08564066	-55.56772574
-17.09913003	-55.54543746
-17.15703977	-55.56772574
-17.13200524	-55.87973622
-17.0924275	-55.92430855
-17.1143656	-55.87973622
-17.04430904	-55.87973622
-17.04687662	-55.85745218
-17.06211602	-56.77008814
-17.03036109	-56.77008814
-17.06003003	-56.72551158
-17.09041048	-56.65865523
-17.09139919	-56.74779986
-17.07847699	-57.5946909
-17.12149861	-57.6615515
-17.03946896	-57.68383553
-17.04813103	-57.63926321
-17.01403206	-57.63926321
-16.75752589	-53.29337934
-16.7698541	-53.33795166
-16.73316584	-53.29337934
-16.75485612	-53.36023994
-16.73332934	-53.29337934
-16.45206968	-49.37093886
-16.43078433	-49.34865482
-16.45711415	-49.37093886
-16.48338775	-49.41551542
-16.44988533	-49.37093886
-15.97491404	-44.40103404
-15.98557012	-44.44560635
-15.96226775	-44.42331807
-16.01116926	-44.49017867
-16.02660539	-44.42331807
-15.52946989	-39.98828957
-15.53748431	-40.0105736
-15.54833073	-39.96600129
-15.53155078	-40.03286188
-15.57414575	-39.98828957
-14.98276226	-35.70926629
-15.00712231	-35.70926629
-15.01122022	-35.75383861
-15.05041602	-35.73155033
-15.04650206	-35.75383861
-15.05003663	-37.06874537
-14.99173984	-37.06874537
-15.01240565	-37.06874537
-15.00876377	-37.04646132
-15.03463372	-37.04646132
-14.50467155	-31.02908153
-14.51222738	-31.02908153
-14.49917233	-31.00679536
-14.54436043	-31.00679536
-14.50937366	-31.02908153
-14.03800465	-26.72777209
-14.00193592	-26.70548381
-14.05283784	-26.70548381
-14.03384926	-26.70548381
-14.04264162	-26.68319766
-13.53671248	-22.5156073
-13.53088881	-22.49332115
-13.5502044	-22.49332115
-13.54319019	-22.47103287
-13.5353661	-22.5156073
-13.52034896	-23.16191866
-13.45792999	-23.20649098
-13.48401582	-23.18420481
-13.45461258	-23.18420481
-13.4733329	-23.22877715
-13.47546872	-23.71908326
-13.4373817	-23.69679498
-13.49462081	-23.71908326
-13.46068407	-23.71908326
-13.49702105	-23.69679498
-12.80927418	-17.72399174
-12.86185204	-17.72399174
-12.84013621	-17.7462779
-12.87844166	-17.7462779
-12.88431771	-17.7462779
-12.29141155	-13.5786865
-12.29111903	-13.55640033
-12.27023734	-13.5786865
-12.2739137	-13.51182694
-12.21054817	-13.60097371
-11.51000429	-9.054510162
-11.52740633	-9.00993678
-11.51768403	-9.076796309
-11.54377113	-9.054510162
-11.54628761	-9.054510162
-11.11425364	-6.580699235
-11.13637569	-6.602985915
-11.12159487	-6.602985915
-11.11477226	-6.647559298
-11.15294998	-6.625272618
-11.16254582	-7.31615681
-11.13259713	-7.338442978
-11.12906767	-7.338442978
-11.10470761	-7.338442978
-11.11819825	-7.31615681
-11.0679261	-6.424693453
-11.11928788	-6.446979622
-11.04275489	-6.491553004
-11.06339515	-6.424693453
-11.01643147	-6.469266302
-9.7499263	0.105275816
-9.762900873	0.127562385
-9.771382184	0.082989225
-9.796412238	0.082989225
-9.788181937	0.082989225
-8.842381328	2.423080583
-8.890086546	2.333934085
-8.840658113	2.400793903
-8.89005014	2.400793903
-8.816547788	2.356220788
-8.172235139	3.359117055
-8.144346898	3.359117055
-8.169082511	3.381403758
-8.152159489	3.403690171
-8.172364157	3.425976873
-8.112019684	2.784680277
-8.179215503	2.784680277
-8.103355066	2.65096093
-8.130708076	2.806966957
-8.11029583	2.762393842
-7.92899352	3.475564469
-7.981832616	3.520137585
-7.943566761	3.453277789
-7.985104682	3.475564469
-7.977950592	3.341844855
-7.884274868	3.118979033
-7.924928188	3.118979033
-7.90191579	3.118979033
-7.906202112	3.163552415
-7.898431676	3.141265713
-7.895076579	3.386418238
-7.913268062	3.497851171
-7.862827287	3.475564469
-7.879795019	3.475564469
-7.886347452	3.475564469
-8.005277415	2.405808383
-8.01720324	2.405808383
-8.03459443	2.450381499
-8.025056708	2.38352197
-8.06265065	2.450381499
-8.036255692	2.606387815
-8.023870002	2.628674228
-8.065869065	2.628674228
-8.06759228	2.65096093
-8.095645945	2.65096093
-7.97227701	3.029832802
-7.998984294	3.029832802
-7.95963073	3.0075461
-8.000330037	3.029832802
-7.981852416	3.029832802
-7.950253322	3.185838829
-7.948068964	3.185838829
-7.942438815	3.141265713
-7.951091936	3.185838829
-7.921939705	3.141265713
-8.008253123	3.118979033
-7.959452533	3.163552415
-8.006447515	3.141265713
-7.972888247	3.163552415
-8.004263158	3.141265713
-7.922449389	3.141265713
-7.948742155	3.185838829
-7.932744611	3.163552415
-7.976716621	3.141265713
-7.942192276	3.096692598
-8.006752175	3.208125531
-7.989573034	3.185838829
-8.029130982	3.141265713
-7.960423997	3.141265713
-8.015396994	3.163552415
-7.751883004	3.095856888
-7.746627772	3.073570208
-7.723450589	3.073570208
-7.73003879	3.095856888
-7.801061066	3.073570208
-7.726934703	3.051283505
-7.765320634	3.095856888
-7.794213553	3.095856888
-7.758600222	3.095856888
-7.683128116	3.073570208
-7.729864425	3.006710412
-7.800308676	3.028997092
-7.716356537	3.051283505
-7.684051039	3.028997092
-7.706780492	3.051283505
-7.748990965	3.073570208
-7.755874885	3.073570208
-7.777671835	3.051283505
-7.702788611	3.073570208
-7.684818119	3.073570208
-7.671852488	3.140430003
-7.706671274	3.162716439
-7.719895579	3.140430003
-7.66840478	3.095856888
-7.718645641	3.185003119
-7.685688668	3.247405485
-7.649392567	3.247405485
-7.728479082	3.225119072
-7.691226206	3.247405485
-7.69403713	3.225119072
-7.362166801	2.690240885
-7.396760765	2.690240885
-7.438382355	2.667954471
-7.4105797	2.623381356
-7.357313951	2.623381356
-7.608764795	1.642771501
-7.631447623	1.642771501
-7.661058441	1.665058048
-7.620900753	1.665058048
-7.650387024	1.620484932
-7.620084493	1.843350777
-7.655693352	1.843350777
-7.725488684	1.798777662
-7.669465663	1.754204413
-7.625125122	1.843350777
-7.610847599	2.511948422
-7.637188906	2.578807973
-7.634745875	2.534234858
-7.588806665	2.489661742
-7.588392787	2.534234858
-7.011542295	4.540027682
-6.985683845	4.629173914
-6.96652026	4.540027682
-6.998272004	4.540027682
-7.065137614	4.540027682
-5.702285038	6.657253151
-5.703676129	6.768686063
-5.788171803	6.67953932
-5.716819319	6.701826
-5.702084486	6.724112702
-4.70822929	8.841338171
-4.643016	8.908198234
-4.64721993	8.908198234
-4.62243354	8.952770571
-4.669144939	8.952770571
-4.711825496	8.105881108
-4.662609112	8.19502734
-4.608095341	8.150453957
-4.591458137	8.150453957
-4.653320802	8.083594428
-3.706443663	11.13685664
-3.764148065	11.09228325
-3.706773552	11.13685664
-3.68435355	11.09228325
-3.677635693	11.09228325
-2.925625277	13.34322782
-2.970279421	13.41008735
-2.920502257	13.29865444
-2.930630139	13.41008735
-2.981818832	13.29865444
-2.259853552	15.63874576
-2.254777156	15.61645959
-2.260398683	15.5718862
-2.250065937	15.61645959
-2.357254499	15.61645959
-1.692042435	17.8896903
-1.691382498	17.8896903
-1.684155595	17.8896903
-1.70758267	17.84511799
-1.702422125	17.86740416
-1.232865182	19.94005731
-1.20283817	19.96234346
-1.147614563	19.98462963
-1.130896963	19.94005731
-1.197927996	19.94005731
-0.724845982	22.19100186
-0.658026917	22.21328803
-0.62783536	22.23557418
-0.628639604	22.21328803
-0.626442154	22.21328803
-0.620186317	21.16581942
-0.611236159	21.14353326
-0.609051842	21.14353326
-0.687345609	21.23267791
-0.704184882	21.16581942
-0.070990496	24.59795379
-0.101276665	24.62023994
-0.136261234	24.64252611
-0.114501389	24.59795379
-0.101690424	24.57566551
0.397838683	26.71517926
0.361922209	26.78203775
0.390306043	26.78203775
0.416980752	26.80432389
0.359239186	26.69289098
0.876012462	29.03298229
0.835605521	28.98840998
0.843128221	29.01069613
0.79748002	28.98840998
0.801129238	29.01069613
1.378433208	31.15020776
1.340756235	31.17249604
1.345726925	31.12792162
1.336942391	31.15020776
1.344959686	31.17249604
1.880127112	33.46801293
1.882311949	33.46801293
1.831574977	33.46801293
1.847915823	33.44572676
1.871188012	33.40115445
2.298314371	35.54066608
2.3607648	35.56295225
2.364376335	35.51837994
2.375335487	35.5852384
2.336156927	35.51837994
2.345871889	33.91374462
2.380597585	33.93603077
2.371445318	33.89145845
2.36061726	33.84688614
2.34066424	33.91374462
2.904267115	37.8807574
2.928200839	37.92532974
2.904347592	37.83618508
2.903475765	37.85846912
2.858572528	37.8807574
3.34425324	40.06484349
3.366462471	40.0425552
3.395306848	40.06484349
3.439715091	40.0425552
3.356377701	40.0425552
3.888616843	42.29350189
3.902264926	42.27121361
3.988838614	42.24892955
3.895759756	42.24892955
3.832766271	42.24892955
4.396517005	44.36615504
4.401356762	44.29929445
4.425964635	44.34386676
4.422635406	44.41072736
4.408324351	44.34386676
4.420645533	43.11810465
4.474710936	43.05124403
4.486800588	43.05124403
4.443657611	43.11810465
4.418851741	43.09581637
4.471179558	43.05124403
4.477355797	43.07353231
4.472136012	43.07353231
4.480034828	43.07353231
4.46966903	43.05124403
4.640756914	44.92331964
4.650380223	44.90103136
4.69507173	44.90103136
4.669438103	44.94560368
4.664998492	44.90103136
5.023903438	46.90682392
5.008070678	46.9291122
4.992379072	46.88453564
4.938229041	46.90682392
5.0095448	46.8622516
5.432385315	48.8903282
5.453213356	48.8903282
5.500289453	48.86804416
5.534354572	48.8903282
5.534990718	48.82347182
6.026536302	50.91840903
6.043751849	50.96298135
6.053766043	50.91840903
5.97832651	50.91840903
5.950484894	50.89612075
6.558082453	53.34764498
6.55317212	53.36993326
6.58706926	53.30307266
6.604366561	53.30307266
6.607473842	53.34764498
7.138929936	55.48715875
7.107379383	55.46487047
7.093057152	55.48715875
7.070222951	55.48715875
7.004783561	55.44258644
7.178879408	52.27761237
7.202814729	52.32218468
7.174214336	52.25532409
7.155984531	52.2998964
7.128190179	52.25532409
7.093241097	51.83188068
7.111046804	51.83188068
7.192152254	51.85416473
7.177146612	51.87645302
7.183448675	51.83188068
7.356878357	54.14968373
7.364010731	54.19425605
7.354280121	54.1051114
7.305302611	54.14968373
7.293542209	54.14968373
7.462469048	55.93261045
7.498093237	55.93261045
7.464526304	55.99947104
7.419467863	55.93261045
7.432705581	55.95489873
7.821830985	58.0721242
7.760963416	58.09440823
7.747951799	58.04983592
7.776386768	58.11669651
7.748280091	58.04983592
7.776522812	56.93550671
7.774892847	56.91322268
7.761231671	56.93550671
7.810668407	56.91322268
7.822262747	56.91322268
8.046452554	59.36474693
8.084931097	59.36474693
8.001217192	59.38703096
7.991052266	59.43160328
8.029026235	59.43160328
8.271005143	60.12248907
8.231176386	60.12248907
8.24017249	60.07791675
8.26096604	60.10020079
8.199012041	60.07791675
8.757511375	62.30657516
8.738183005	62.30657516
8.770143604	62.28428688
8.777795881	62.32885919
8.675732096	62.28428688
9.276004394	64.53523356
9.282510202	64.55751759
9.305286281	64.51294528
9.220317968	64.49066124
9.208097701	64.46837296
9.823638146	66.80846428
9.832573574	66.786176
9.830228264	66.786176
9.822763126	66.74160368
9.747114738	66.76389194
9.897111118	65.07010988
9.887237439	65.04782582
9.87317452	65.02553754
9.83080054	65.04782582
9.797075848	65.02553754
10.32042491	68.88111743
10.29851044	68.83654512
10.3238739	68.83654512
10.41463587	68.81425683
10.44013026	68.83654512
10.88967869	71.02062696
10.89110555	70.97605462
10.85465616	70.97605462
10.85074987	70.9983429
10.84936644	70.9314823
11.3654177	73.2938619
11.34218176	73.31615018
11.36888968	73.31615018
11.44055066	73.27157362
11.45592036	73.22699705
11.95586742	75.65624149
11.98925871	75.6785213
11.97540911	75.63395321
11.91105999	75.63395321
11.94264375	75.63395321
12.51173147	77.92946798
12.53349202	77.8848999
12.52482484	77.92946798
12.5408358	77.9071797
12.51195246	77.81803505
13.13776705	79.97983711
13.04266575	79.97983711
13.01886136	79.95754882
13.06381186	79.91297226
13.04901444	79.91297226
13.54036713	82.11935086
13.53784937	82.03019773
13.60059536	82.07477429
13.6123564	82.07477429
13.57173374	82.05248601
13.64403469	79.97983711
13.55957415	79.95754882
13.58389716	79.97983711
13.52648688	79.95754882
13.53769353	79.97983711
13.84865023	82.72108352
13.88555693	82.7433718
13.92441678	82.72108352
13.8969488	82.67651546
13.83987192	82.65422717
14.34721003	84.61544317
14.24887562	84.63773145
14.24539214	84.61544317
14.3077728	84.59315489
14.30373365	84.59315489
14.9028301	86.66581229
14.86519017	86.66581229
14.86514929	86.59894745
14.87393654	86.57666764
14.82546808	86.62123573
15.36486642	88.56017191
15.39179533	88.53788363
15.36143148	88.51559537
15.35592716	88.49330709
15.39956449	88.51559537
15.38461633	86.46523473
15.36366055	86.5320911
15.38504426	86.50980282
15.3894002	86.50980282
15.42741058	86.48751453
15.6410318	89.27333752
15.59599954	89.27333752
15.62993501	89.27333752
15.71624651	89.2956258
15.74073431	89.22876945
15.6648183	87.51269908
15.71055824	87.4904108
15.79989718	87.51269908
15.73937004	87.44584274
15.70282612	87.4904108
16.2071189	90.87797497
16.21787718	90.87797497
16.27957953	90.85568669
16.19259867	90.83339841
16.14131481	90.85568669
16.60027515	93.039777
16.67223248	93.01748872
16.67696909	92.99520044
16.70367701	92.99520044
16.73689841	93.01748872
16.90281377	93.84208723
16.89967647	93.81980745
16.88607214	93.81980745
16.84969045	93.77523088
16.89303909	93.77523088
17.4952639	95.95931272
17.47195514	95.93703291
17.46712912	95.91474463
17.48136065	95.93703291
17.55301652	95.89245635
17.58282214	93.55236504
17.62785695	93.55236504
17.58072976	93.50778848
17.51856754	93.5969416
17.47917629	93.55236504
17.52254665	92.68318996
17.5377554	92.72775803
17.52251727	92.70547824
17.56416824	92.70547824
17.61746784	92.68318996
17.605413	92.01375249
17.63497974	92.01375249
17.60284159	92.03604078
17.63228826	92.01375249
17.64250364	92.03604078
17.59476585	91.70174202
17.62367218	91.70174202
17.55629689	91.70174202
17.50384676	91.63488565
17.55500032	91.67945374
17.62022064	91.65717393
17.62493298	91.65717393
17.58061862	91.63488565
17.54445409	91.65717393
17.57206131	91.63488565
18.11314199	97.05052216
18.13570729	97.0282339
18.06401183	97.00595409
18.08878321	97.05052216
18.10214866	97.00595409
18.60662794	98.76659252
18.60230777	98.74430424
18.61055085	98.74430424
18.54073571	98.7888808
18.56316434	98.74430424
18.87674738	99.97006638
18.94277501	99.97006638
18.97385293	99.97006638
18.9822148	99.90321001
18.98360717	99.88092172
18.99188474	97.38482094
19.02985423	97.38482094
19.01637381	97.40710922
18.9613114	97.38482094
18.95173471	97.38482094
19.32476804	99.90321001
19.37966823	99.83634516
19.32484469	99.85863344
19.30485973	99.85863344
19.35363605	99.83634516
20.05420677	102.2878694
20.03124291	102.2655811
20.02107734	102.3101577
19.99075437	102.2655811
19.98004208	102.2433013
20.34590152	103.4690635
20.31930729	103.4021986
20.36575363	103.3576305
20.45627289	103.3799103
20.41112056	103.3576305
20.50745584	100.6832405
20.4110107	100.6832405
20.37863495	100.6609522
20.40279573	100.6832405
20.31585575	100.6386639
20.85799667	103.2461976
20.90382347	103.2684774
20.88420002	103.2461976
20.85493091	103.2684774
20.90252435	103.2461976
20.86118634	101.7975697
20.92284399	101.7975697
20.90104512	101.7752814
20.91427134	101.7975697
20.86879072	101.7752814
20.89610157	100.2820769
20.87540127	100.2152205
20.91500329	100.2375088
20.90436381	100.2597886
20.93406085	100.2820769
20.86367472	97.33941291
20.8764513	97.33941291
20.84498633	97.36170119
20.85585575	97.38398948
20.86732554	97.36170119
20.89234857	93.30553952
20.86445777	93.30553952
20.8830708	93.3278278
20.85148192	93.3278278
20.87144261	93.35011608
20.78445408	93.84041583
20.78113411	93.81813603
20.8088614	93.81813603
20.79273165	93.81813603
20.7899533	93.86270412
20.60243579	88.42477932
20.61285045	88.42477932
20.63049009	88.42477932
20.60138704	88.44706761
20.61470396	88.42477932
20.59566172	88.62535687
20.62926762	88.62535687
20.5995693	88.60306858
20.58399777	88.5807888
20.57391395	88.5807888
20.36135681	84.65834831
20.40751318	84.68063659
20.39054417	84.68063659
20.40969753	84.68063659
20.45220436	84.68063659
20.05242351	80.46846544
20.07069164	80.49075372
20.07686788	80.51304201
20.06594609	80.51304201
20.09757712	80.49075372
19.80613018	75.54313716
19.84145801	75.52084888
19.79425162	75.52084888
19.80370695	75.4985606
19.77270184	75.54313716
19.39687611	71.04124382
19.39792741	71.01895554
19.41499223	70.97438322
19.41940437	70.95209919
19.39563448	70.90752262
19.13895842	66.89593751
19.13240535	66.89593751
19.14887872	66.89593751
19.12833299	66.91822579
19.14110957	66.91822579
19.1351326	67.38624574
19.15756378	67.34166918
19.11635607	67.36395746
19.12026492	67.34166918
19.15516865	67.36395746
18.80439788	62.77291946
18.77423842	62.72834715
18.78633159	62.81749602
18.74957434	62.79520774
18.7880433	62.79520774
18.75214448	64.13240279
18.7833067	64.1769751
18.78453556	64.15469107
18.76282483	64.1769751
18.75682232	64.15469107
18.41537403	58.33789096
18.40226661	58.33789096
18.40215037	58.31560268
18.37114399	58.36017924
18.36925726	58.38246327
18.16525871	55.81950612
18.18336078	55.8417944
18.17734932	55.90865499
18.18349107	55.86407843
18.15719447	55.90865499
18.08652987	56.77671439
18.10164154	56.77671439
18.14661631	56.79900267
18.16342053	56.79900267
18.16955845	56.75443035
17.89833917	53.61202031
17.91571439	53.65659263
17.95812925	53.70116919
17.99148605	53.65659263
18.01303199	53.6343086
17.52696518	49.08784291
17.46329052	49.08784291
17.4915441	49.15470351
17.4636533	49.15470351
17.48873382	49.13241948
17.09293846	44.80881964
17.15308493	44.80881964
17.09326675	44.80881964
17.18053503	44.85339195
17.1462585	44.85339195
17.1846802	45.38827252
17.13965816	45.38827252
17.13041488	45.47741715
17.12110134	45.43284484
17.181	45.38827252
17.14579608	45.34370021
17.19162671	45.36598424
17.19007594	45.29912364
17.21638531	45.25455133
17.14787569	45.23226727
16.721286	40.2623582
16.67777257	40.2623582
16.65101611	40.28464224
16.70927842	40.30693052
16.69810754	40.2623582
16.27630938	35.76046908
16.25392036	35.69360849
16.27752164	35.7381808
16.29194095	35.67132021
16.27131219	35.7381808
16.214326	37.11994816
16.22689053	37.14223644
16.16196146	37.09766413
16.14129565	37.09766413
16.1281448	37.11994816
15.80258484	31.94946153
15.83324504	31.90488922
15.87557814	31.99403385
15.80405768	31.88260094
15.8401775	31.88260094
15.26418798	26.9572663
15.30173976	27.00184075
15.26880834	27.00184075
15.28965171	27.00184075
15.2666738	26.97955246
14.73796348	22.61138242
14.71058109	22.61138242
14.69113392	22.58909628
14.68331878	22.63366859
14.68285764	22.61138242
14.75114116	22.65595687
14.74375011	22.65595687
14.72707874	22.67824302
14.72577962	22.65595687
14.74267326	22.61138242
14.69876768	23.23540762
14.66269384	23.21312147
14.65659808	23.23540762
14.70792921	23.19083319
14.73476359	23.21312147
14.14018148	18.26549855
14.1588737	18.24321238
14.14743968	18.24321238
14.17096559	18.24321238
14.14824827	18.26549855
13.51013486	13.85275513
13.46804446	13.89732851
13.49172877	13.89732851
13.56568907	13.8750413
13.55913472	13.8750413
12.83817029	9.328578797
12.82590467	9.417724494
12.81249962	9.395438348
12.88331112	9.44001173
12.85716781	9.484585112
12.75217175	10.59891429
12.77439088	10.57662708
12.78140637	10.59891429
12.81328777	10.62120046
12.82840199	10.62120046
12.43042611	6.988487483
12.37049168	6.966200803
12.34899045	6.966200803
12.33844294	6.9439141
12.38959523	6.988487483
12.06762094	4.826688632
12.07681823	4.848975312
12.09752875	4.826688632
12.10874562	4.848975312
12.07362856	4.848975312
11.4777831	2.486597318
11.51856927	2.508883998
11.51490568	2.486597318
11.53982013	2.464310616
11.511541	2.486597318
11.50290449	3.695087231
11.55545808	3.628227702
11.47057344	3.650514115
11.56633261	3.650514115
11.50996469	3.695087231
11.50011592	4.007099573
11.52421411	4.051672689
11.47092473	3.984812871
11.44254085	3.984812871
11.51283245	4.029385986
11.33374963	2.291032656
11.26520807	2.291032656
11.2264453	2.268745954
11.37193629	2.268745954
11.35625618	2.291032656
11.06359443	0.508105809
10.98303251	0.552678992
10.92282344	0.418959467
10.99358768	0.48581924
11.01323413	0.48581924
7.503317811	-6.423022056
7.389296266	-6.445308202
7.444059769	-6.445308202
7.542130395	-6.423022056
7.445137258	-6.400735354
7.488332608	-6.021863215
7.412833037	-6.066436598
7.415690586	-6.066436598
7.485998794	-6.111009446
7.468014251	-6.021863215
6.630317623	-7.515064555
6.630723198	-7.470491172
6.611787629	-7.492777875
6.537148388	-7.470491172
6.646852953	-7.470491172
6.398032919	-7.893936159
6.459360991	-7.893936159
6.351791604	-7.871650013
6.46759257	-7.893936159
6.400941563	-7.916222862
5.916955006	-8.584820374
5.921210033	-8.607107076
5.87899445	-8.584820374
5.959804819	-8.584820374
5.827203461	-8.562533693
4.697926723	-10.85805162
4.786725965	-10.90262501
4.685710289	-10.88033884
4.769325833	-10.85805162
4.703971709	-10.85805162
3.804837153	-12.97527709
3.822403027	-13.01985048
3.80501535	-12.97527709
3.810044801	-12.97527709
3.882739197	-12.95299095
3.059188838	-15.31536843
3.051226791	-15.35994179
3.051683463	-15.33765564
3.080651428	-15.29308226
3.010979685	-15.31536843
2.416049483	-17.54402681
2.351584591	-17.56631405
2.398701405	-17.52174066
2.417942274	-17.56631405
2.390344482	-17.54402681
1.710286611	-19.79497138
1.812598211	-19.79497138
1.781583049	-19.75039907
1.76752508	-19.77268521
1.76499774	-19.77268521
1.264602874	-21.84533837
1.157083226	-21.84533837
1.287882169	-21.8899107
1.293545451	-21.86762453
1.220634456	-21.86762453
1.252627869	-20.97616118
1.264184924	-20.95387501
1.236333488	-20.97616118
1.224916468	-20.97616118
1.18874635	-20.95387501
1.099234397	-22.24649561
1.11951563	-22.22420946
1.080591114	-22.24649561
1.097049721	-22.24649561
1.039048482	-22.22420946
0.642268446	-24.23000202
0.707319147	-24.25228816
0.712652221	-24.23000202
0.677156332	-24.20771585
0.7010194	-24.20771585
0.228203344	-26.61466776
0.159990524	-26.61466776
0.147683374	-26.59237948
0.203957615	-26.59237948
0.233700943	-26.59237948
-0.300218441	-28.86561233
-0.302722429	-28.79875173
-0.241519522	-28.82103788
-0.305146658	-28.84332616
-0.258195487	-28.79875173
-0.72230986	-30.80454429
-0.799664298	-30.84911872
-0.758264416	-30.80454429
-0.796618572	-30.78225812
-0.783118109	-30.80454429
-1.25198302	-33.25606852
-1.30912305	-33.16692175
-1.255871113	-33.16692175
-1.218570733	-33.16692175
-1.280902684	-33.16692175
-1.688602072	-35.23957493
-1.678250006	-35.28414724
-1.709505958	-35.28414724
-1.747466355	-35.28414724
-1.686252291	-35.23957493
-2.179166771	-37.44594503
-2.144467901	-37.49052159
-2.180513153	-37.44594503
-2.178402725	-37.49052159
-2.170593806	-37.44594503
-2.644538546	-39.87518524
-2.629309679	-39.91975755
-2.653606185	-39.87518524
-2.693802355	-39.85289696
-2.625769359	-39.85289696
-2.727593151	-38.60485079
-2.645232495	-38.62713482
-2.651226385	-38.6494231
-2.676982962	-38.62713482
-2.732748746	-38.62713482
-3.149998072	-42.10384362
-3.069074333	-42.08155534
-3.123546589	-42.0592713
-3.111963426	-42.0592713
-3.151001152	-42.10384362
-3.580228677	-44.1764968
-3.471529428	-44.1764968
-3.501490254	-44.15420851
-3.485576699	-44.13192023
-3.571976021	-44.10963618
-3.523309878	-42.6164359
-3.549778287	-42.57185934
-3.535452861	-42.59414762
-3.618778116	-42.59414762
-3.505274238	-42.63871994
-3.546134817	-42.54957531
-3.566289347	-42.54957531
-3.585733322	-42.57185934
-3.515386472	-42.54957531
-3.538399509	-42.54957531
-3.710605759	-44.66680078
-3.743434033	-44.71137311
-3.759778712	-44.68908483
-3.734568224	-44.68908483
-3.695822065	-44.66680078
-4.078404297	-46.65030505
-4.113963337	-46.67259334
-4.065347651	-46.62802102
-4.077275073	-46.62802102
-4.03582178	-46.60573274
-4.451907393	-48.5446647
-4.51531763	-48.58923701
-4.440717032	-48.58923701
-4.430026454	-48.56695298
-4.448884421	-48.5446647
-4.50301561	-48.90125174
-4.611560933	-48.96811233
-4.458729678	-48.94582405
-4.537758391	-48.99039639
-4.515419503	-48.99039639
-4.894803759	-50.88475601
-4.953313882	-50.86247198
-4.929172261	-50.8401837
-4.925969175	-50.8401837
-4.922669645	-50.81789542
-5.418286629	-53.47000145
-5.457048755	-53.49228549
-5.456426022	-53.47000145
-5.445796759	-53.49228549
-5.447067774	-53.44771317
-5.99168111	-55.58722692
-5.932870797	-55.52036633
-5.912559466	-55.58722692
-5.926100566	-55.54265461
-5.963223147	-55.54265461
-5.970453881	-52.87160735
-6.024654689	-52.89389139
-5.968052365	-52.89389139
-6.018279814	-52.89389139
-5.980484681	-52.89389139
-6.460193857	-57.8415122
-6.475408993	-57.79693986
-6.456712298	-57.81922814
-6.523885762	-57.75236754
-6.475026411	-57.81922814
-6.834382599	-59.73587182
-6.887924906	-59.7581601
-6.837860965	-59.7581601
-6.888636419	-59.73587182
-6.830740087	-59.71358779
-7.384307372	-61.91995791
-7.273549589	-61.94224619
-7.286287843	-61.87538559
-7.3398838	-61.87538559
-7.331895566	-61.91995791
-7.83986854	-64.14861629
-7.82306751	-64.14861629
-7.871378217	-64.10404397
-7.817073301	-64.12633226
-7.830215213	-64.10404397
-7.855150101	-62.14282373
-7.861981008	-62.16511201
-7.874338596	-62.1205397
-7.88202153	-62.14282373
-7.867746563	-62.14282373
-8.38506501	-66.39956297
-8.435241362	-66.42184701
-8.38142122	-66.37727469
-8.383936425	-66.37727469
-8.369241831	-66.33270238
-8.402675274	-65.17380086
-8.423873761	-65.08465198
-8.434527294	-65.12922855
-8.402537315	-65.08465198
-8.416773961	-65.10694026
-8.800721416	-68.67279369
-8.875867784	-68.65050541
-8.88997669	-68.65050541
-8.869024103	-68.62822137
-8.857009498	-68.67279369
-9.416712145	-70.8345915
-9.325375344	-70.81230746
-9.332588833	-70.81230746
-9.355705978	-70.7677309
-9.367299679	-70.7677309
-9.925905038	-73.04096162
-9.882776751	-73.01868181
-9.887145466	-73.01868181
-9.854316234	-72.97410525
-9.919735825	-73.01868181
-10.39836304	-75.22505193
-10.38951128	-75.20276365
-10.4472192	-75.15818709
-10.36469519	-75.18047537
-10.40909513	-75.15818709
-10.92780148	-77.69886444
-10.95184602	-77.60971133
-10.93697195	-77.65428787
-10.95496799	-77.72114424
-10.9213391	-77.65428787
-11.32876265	-79.63779217
-11.32905518	-79.66008043
-11.38068138	-79.63779217
-11.33315692	-79.70465699
-11.38359897	-79.68236871
-11.49969565	-79.50407096
-11.40142511	-79.50407096
-11.42392783	-79.50407096
-11.45505428	-79.48179117
-11.41992956	-79.41492633
-12.00500907	-82.02246005
-11.93097852	-82.00017177
-11.99510154	-82.02246005
-11.98461152	-81.97788349
-11.98142312	-81.97788349
-12.59251438	-84.13968552
-12.48251729	-84.11739724
-12.50704085	-84.11739724
-12.55636773	-84.07282067
-12.51610146	-84.05054089
-13.04840256	-86.36834392
-13.01601659	-86.34605564
-13.02634694	-86.3906322
-13.00947501	-86.34605564
-13.10572853	-86.34605564
-13.10519841	-85.81117932
-13.07855436	-85.85574739
-13.09454615	-85.76660276
-13.14388581	-85.78889104
-13.06228792	-85.76660276
-13.16275687	-83.82767504
-13.15072119	-83.80538676
-13.14908228	-83.78309848
-13.16044733	-83.80538676
-13.09143185	-83.87224311
-13.40641748	-86.59120976
-13.46790267	-86.59120976
-13.4030017	-86.61349805
-13.43542472	-86.61349805
-13.41527243	-86.61349805
-13.76142794	-88.66385867
-13.79411922	-88.6192906
-13.76909108	-88.6192906
-13.78314761	-88.64157039
-13.78588891	-88.6192906
-13.82360804	-87.72782722
-13.76938999	-87.70553894
-13.78177185	-87.72782722
-13.74010682	-87.72782722
-13.78446461	-87.72782722
-13.77740569	-86.72493096
-13.80466289	-86.70264268
-13.78656594	-86.68035439
-13.82184267	-86.68035439
-13.79300532	-86.65806611
-14.10175212	-89.4661774
-13.98360137	-89.48846568
-14.07952788	-89.48846568
-14.05248655	-89.48846568
-14.08109014	-89.4661774
-14.33432104	-91.00394998
-14.34535524	-91.02623827
-14.33952773	-91.00394998
-14.38471711	-91.00394998
-14.26637475	-90.95938192
-14.85036975	-92.92059791
-14.79526391	-92.92059791
-14.87718498	-92.87602135
-14.806293	-92.87602135
-14.84144327	-92.85374154
-14.89080719	-90.62508316
-14.87696271	-90.5805066
-14.88430138	-90.60279488
-14.8478405	-90.60279488
-14.85113108	-90.55821832
-15.16378418	-93.1880403
-15.16557254	-93.2103201
-15.19440478	-93.16575202
-15.18617448	-93.16575202
-15.21679253	-93.14346376
-15.63552236	-95.10467975
-15.57083983	-95.10467975
-15.65270598	-95.08239994
-15.60902905	-95.08239994
-15.64607881	-95.03782338
-16.19210687	-97.44477107
-16.22402149	-97.44477107
-16.11840844	-97.42249126
-16.20413234	-97.40020298
-16.2097248	-97.37791469
-16.37931397	-98.06880051
-16.39766385	-98.04651223
-16.4070502	-97.97965586
-16.40019183	-98.04651223
-16.44451641	-97.97965586
-16.43315519	-95.86243039
-16.49476302	-95.88471017
-16.43692481	-95.90699846
-16.43067831	-95.84014211
-16.49833208	-95.86243039
-16.4736284	-95.48355507
-16.49373088	-95.50584335
-16.45930489	-95.50584335
-16.48449909	-95.50584335
-16.51226087	-95.48355507
-16.56347192	-94.41380243
-16.4416793	-94.41380243
-16.53597712	-94.39151415
-16.50623281	-94.39151415
-16.47359519	-94.41380243
-16.79559631	-97.84593467
-16.85577983	-97.82364638
-16.73700954	-97.82364638
-16.7610809	-97.8013581
-16.84229046	-97.84593467
-17.1244277	-99.36141897
-17.15887156	-99.36141897
-17.11166517	-99.36141897
-17.13722343	-99.27227434
-17.12235064	-99.3168509
-17.67220324	-101.9020878
-17.71015996	-101.9020878
-17.66087013	-101.8575198
-17.69089419	-101.8798081
-17.74525148	-101.8352315
-17.89740283	-102.503829
-17.93738168	-102.503829
-17.95015698	-102.503829
-17.96016798	-102.4592524
-17.94903031	-102.4815407
-18.0303063	-100.0968813
-17.94093797	-100.0968813
-17.9889338	-100.1191611
-18.02683176	-100.0745931
-17.97492581	-100.0745931
-18.57926216	-104.309044
-18.58536048	-104.2867557
-18.63415213	-104.3313323
-18.5927132	-104.309044
-18.61085231	-104.1530345
-19.07160867	-105.5570944
-19.09063175	-105.5348061
-19.09403347	-105.5125179
-19.02918871	-105.5125179
-19.09840218	-105.5125179
-19.11841524	-102.7935512
-19.13942212	-102.7935512
-19.12355934	-102.7489831
-19.11263627	-102.7489831
-19.16348965	-102.7712714
-19.62442612	-106.3148366
-19.61826521	-106.2925483
-19.66215419	-106.27026
-19.64972252	-106.27026
-19.6320816	-106.27026
-20.20254763	-108.1869079
-20.12191674	-108.1869079
-20.16060414	-108.1646196
-20.17180184	-108.1869079
-20.12469764	-108.1423314
-20.26528085	-105.6016625
-20.21236958	-105.6016625
-20.242271	-105.6016625
-20.24998907	-105.6016625
-20.1412515	-105.6239508
-20.3280856	-102.7035751
-20.30607468	-102.7035751
-20.2797487	-102.6812868
-20.27352392	-102.6812868
-20.29486165	-102.6812868
-20.25633903	-97.64451717
-20.19648508	-97.66680543
-20.1862863	-97.64451717
-20.20727913	-97.64451717
-20.18539595	-97.66680543
-19.93568429	-92.74146867
-19.91229123	-92.76375695
-19.93249718	-92.74146867
-20.00905188	-92.76375695
-19.87835577	-92.76375695
-19.70111496	-88.9527494
-19.72749586	-88.9527494
-19.74564264	-88.9527494
-19.71926556	-88.9527494
-19.70963395	-88.97503768
-19.66441775	-89.22019181
-19.69233537	-89.13103868
-19.75547991	-89.22019181
-19.72332387	-89.17561525
-19.70736145	-89.17561525
-19.70993286	-90.31223273
-19.67281028	-90.31223273
-19.70976552	-90.31223273
-19.72577009	-90.28994445
-19.62615317	-90.28994445
-19.33561319	-84.22799021
-19.38550979	-84.22799021
-19.32918275	-84.25027849
-19.33304305	-84.25027849
-19.39932872	-84.2057104
-19.00643051	-79.9266829
-19.03505454	-79.97125947
-19.09183506	-79.97125947
-19.04132658	-79.94897118
-19.07173258	-79.94897118
-18.73381887	-75.58079903
-18.73678627	-75.60308731
-18.68912768	-75.58079903
-18.69284364	-75.64765538
-18.75119153	-75.62537557
-18.43004244	-70.96747698
-18.34549759	-70.98976103
-18.37549865	-70.9451887
-18.4012613	-70.98976103
-18.32629696	-71.01204932
-18.02437276	-66.71073776
-18.07263301	-66.6884537
-17.96197423	-66.66616542
-17.99318883	-66.75531007
-18.01143013	-66.71073776
-18.08474534	-67.22333002
-17.93695376	-67.20104174
-17.95627063	-67.20104174
-18.00140763	-67.22333002
-17.99373683	-67.20104174
-17.60798696	-62.05284339
-17.67019644	-62.03055511
-17.55211978	-62.09741573
-17.59949096	-62.09741573
-17.66018544	-62.07512745
-17.56750354	-63.5237554
-17.56958315	-63.56833197
-17.56564875	-63.5237554
-17.56270306	-63.56833197
-17.58279404	-63.5237554
-17.2009147	-57.90753708
-17.18226974	-57.90753708
-17.16182747	-57.88525305
-17.20457445	-57.92982536
-17.2009147	-57.90753708
-16.96035562	-55.47830112
-16.95812017	-55.50058517
-17.01502587	-55.52287345
-16.99503453	-55.52287345
-16.96525574	-55.54516174
-16.95357645	-56.77008814
-16.98856832	-56.74779986
-16.99428342	-56.74779986
-16.97803742	-56.72551158
-16.96865363	-56.79237217
-16.70718092	-53.24880703
-16.71004103	-53.24880703
-16.72679032	-53.27109106
-16.77639568	-53.24880703
-16.68640143	-53.22651875
-16.39367836	-49.17036132
-16.32960643	-49.12578898
-16.33740241	-49.17036132
-16.41830412	-49.12578898
-16.3245658	-49.12578898
-15.8923977	-44.55703929
-15.94821633	-44.534751
-15.84198758	-44.55703929
-15.888356	-44.55703929
-15.93863965	-44.534751
-15.85609776	-45.02505499
-15.92396741	-45.02505499
-15.89032958	-45.04734327
-15.87861836	-45.02505499
-15.88790124	-45.00277095
-15.45233397	-40.21115539
-15.47523268	-40.18886711
-15.47334085	-40.21115539
-15.51399417	-40.21115539
-15.48173465	-40.21115539
-15.44072238	-41.77121628
-15.41026529	-41.79350032
-15.4672157	-41.79350032
-15.44950069	-41.748928
-15.34917992	-41.83807688
-14.88403696	-35.53097276
-14.87607747	-35.48639831
-14.92176886	-35.48639831
-14.95805219	-35.48639831
-14.8473487	-35.48639831
-14.91029141	-35.97670445
-14.92070606	-35.97670445
-14.90049373	-35.99898849
-14.8830738	-35.97670445
-14.91835181	-35.97670445
-14.43863242	-31.02908153
-14.46539271	-31.00679536
-14.43275509	-31.02908153
-14.38357894	-31.00679536
-14.44287339	-31.00679536
-13.91512623	-26.52719241
-13.92772525	-26.52719241
-13.93993849	-26.54947858
-13.87884163	-26.52719241
-13.92637887	-26.52719241
-13.400475	-22.20359471
-13.34789713	-22.20359471
-13.36313654	-22.22588086
-13.43666891	-22.24816702
-13.37640747	-22.22588086
-13.3695095	-22.84990605
-13.37180627	-22.87219222
-13.32721472	-22.82761991
-13.35656686	-22.84990605
-13.39028389	-22.87219222
-12.7612247	-17.79085129
-12.79184913	-17.76856407
-12.76827723	-17.79085129
-12.76765769	-17.76856407
-12.76446674	-17.76856407
-12.7359002	-19.39548554
-12.76136266	-19.35091111
-12.77106453	-19.37319939
-12.71954435	-19.35091111
-12.73263772	-19.35091111
-12.12082218	-13.53411311
-12.10809797	-13.51182694
-12.06169124	-13.53411311
-12.11893034	-13.55640033
-12.156942	-13.53411311
-11.44323193	-8.787070935
-11.41954634	-8.787070935
-11.41383124	-8.787070935
-11.41394876	-8.809357638
-11.41613312	-8.809357638
-11.05553274	-6.84813844
-11.04185688	-6.80356508
-11.00832635	-6.84813844
-11.04482684	-6.82585176
-11.06141262	-6.84813844
-11.01839483	-7.472162592
-11.05888081	-7.472162592
-11.00579582	-7.472162592
-11.0281874	-7.449875889
-11.01537122	-7.472162592
-10.94740066	-6.536126386
-10.98586962	-6.536126386
-10.93839625	-6.580699235
-10.88657972	-6.536126386
-10.93289831	-6.558412533
-9.564517142	0.038416065
-9.561198451	0.060702634
-9.608368438	0.127562385
-9.513414673	0.105275816
-9.557939799	-0.006157095
-8.640728726	2.28936097
-8.555680575	2.267074556
-8.574738136	2.222501307
-8.622108036	2.222501307
-8.577097498	2.311647672
-7.841444854	3.403690171
-7.833216469	3.403690171
-7.849555719	3.425976873
-7.874953665	3.359117055
-7.76882838	3.381403758
-7.773513891	2.577415213
-7.819432662	2.688848146
-7.75202224	2.666561444
-7.785341995	2.777994355
-7.821429881	2.510555417
-7.703023653	3.26829916
-7.773788533	3.201439609
-7.663918544	3.201439609
-7.656231777	3.223726045
-7.71608445	3.246012725
-7.683729772	3.357445658
-7.679879044	3.446591889
-7.696587463	3.402018774
-7.606082889	3.424305454
-7.641730709	3.357445658
-7.666231919	3.424305454
-7.638223602	3.446591889
-7.61557718	3.379732072
-7.602143381	3.379732072
-7.673338746	3.446591889
-7.619463676	3.46887857
-7.523077304	3.491165005
-7.553942531	3.46887857
-7.656676313	3.513451685
-7.563189006	3.46887857
-7.553860778	3.424305454
-7.616146901	3.402018774
-7.612545266	3.446591889
-7.613381965	3.446591889
-7.564665683	3.446591889
-7.190171003	3.098921312
-7.201802387	3.121207748
-7.277867208	3.098921312
-7.290889683	3.143494428
-7.226291462	3.098921312
-7.227390028	3.143494428
-7.228947181	3.165780863
-7.209748467	3.143494428
-7.245029034	3.143494428
-7.20970248	3.121207748
-6.843871141	3.321787157
-6.841983141	3.299500477
-6.825134208	3.277213774
-6.8633528	3.321787157
-6.915224265	3.299500477
-6.994199007	2.162884707
-7.035265567	2.11831148
-7.08003787	2.162884707
-7.019135811	2.11831148
-7.005426733	2.073738364
-7.097339003	1.761726155
-7.140437909	1.806299404
-7.198401305	1.806299404
-7.144170478	1.739439586
-7.125489112	1.806299404
-7.150333943	1.71715304
-7.160675151	1.761726155
-7.15626045	1.739439586
-7.167713637	1.672579791
-7.216984949	1.694866471
-7.182827219	1.672579791
-7.140412361	1.71715304
-7.136636361	1.672579791
-7.131807142	1.694866471
-7.183004778	1.672579791
-7.150701196	1.650293222
-7.170948657	1.694866471
-7.162202285	1.605720106
-7.167206508	1.672579791
-7.174221361	1.650293222
-7.137593135	1.650293222
-7.202947578	1.650293222
-7.211765485	1.694866471
-7.167110703	1.628006675
-7.151998398	1.628006675
-7.260117068	1.761726155
-7.170737247	1.672579791
-7.115383584	1.71715304
-7.162374735	1.694866471
-7.184846153	1.672579791
-7.148773596	1.694866471
-7.128653876	1.71715304
-7.187491652	1.650293222
-7.170652939	1.71715304
-7.116597116	1.739439586
-7.279358575	1.426870215
-7.274777811	1.404583646
-7.313124782	1.51601658
-7.298888136	1.449156762
-7.244374365	1.404583646
-7.288888633	1.404583646
-7.226734721	1.404583646
-7.300272201	1.382297099
-7.284518641	1.404583646
-7.296410615	1.382297099
-7.152893218	2.518912981
-7.169272706	2.474339598
-7.208578367	2.474339598
-7.168844776	2.518912981
-7.116726773	2.496626301
-6.446814987	4.569278387
-6.458494274	4.524705538
-6.50809835	4.546992241
-6.507672975	4.502418858
-6.480797075	4.591565089
-5.209808867	6.686503878
-5.193737233	6.79793679
-5.213975433	6.753363941
-5.226150033	6.708790558
-5.18562605	6.775650621
-4.123548004	8.959735107
-4.143326339	8.937448961
-4.101492381	8.937448961
-4.111020842	8.915162792
-4.198136468	8.959735107
-4.122118911	7.979126053
-4.040305461	7.979126053
-4.075623073	7.912265991
-4.115743397	7.979126053
-4.094526388	7.956839373
-3.112356227	11.23296689
-3.059434738	11.23296689
-3.055607961	11.25525411
-3.120407693	11.23296689
-3.067499616	11.23296689
-2.337537	13.41705191
-2.321077036	13.41705191
-2.319518766	13.39476574
-2.402548461	13.41705191
-2.337371737	13.41705191
-1.618267198	15.66799753
-1.632931774	15.6902837
-1.598066043	15.64571031
-1.652484807	15.64571031
-1.686762613	15.64571031
-1.012213219	17.94122825
-1.08494961	17.85208362
-1.052196143	17.85208362
-1.035761008	17.785223
-1.081914103	17.85208362
-0.468657573	20.05845371
-0.450946314	20.10302816
-0.566529483	20.10302816
-0.523386147	20.03616757
-0.455305169	20.0138814
0.01786061	22.3094004
0.073838419	22.28711212
0.00235398	22.2425398
0.007941752	22.3094004
0.043350011	22.2425398
0.041359402	20.94991709
-0.027809417	20.92763092
0.019904908	20.92763092
0.09179955	20.92763092
0.037027796	21.01677769
0.085218893	20.25903341
0.067248606	20.25903341
0.108032366	20.28131956
0.071782171	20.25903341
-0.010455439	20.30360784
0.514497345	24.69406405
0.55531541	24.69406405
0.595849931	24.67177788
0.582413897	24.67177788
0.598330646	24.69406405
0.595279971	24.02546651
0.610180706	24.04775268
0.616060987	24.04775268
0.589150996	23.9808942
0.627784503	23.9808942
1.099028257	26.83357569
1.071646984	26.83357569
1.060795693	26.87815011
1.013175742	26.83357569
1.043757625	26.83357569
1.618962105	29.01766175
1.518161511	29.01766175
1.52790234	29.01766175
1.568898004	29.01766175
1.472136396	29.01766175
2.085658067	31.35775307
2.04693091	31.40232538
2.052006507	31.38003923
2.020562777	31.31317864
2.045974455	31.38003923
2.597773337	33.4972647
2.586426973	33.54183702
2.572020432	33.51955087
2.527295234	33.54183702
2.582199251	33.47497856
2.997484891	35.65906462
3.084444993	35.68134866
3.085329594	35.65906462
3.075471563	35.63677634
3.09084318	35.59220403
3.615797618	37.95457937
3.509838076	37.93229534
3.589383179	37.88772302
3.644536609	37.86543474
3.61329391	37.86543474
4.161060831	40.16095374
4.075328632	40.27238665
4.138627735	40.20552606
4.099119926	40.13866546
4.066991348	40.16095374
4.649159346	42.30046327
4.667261091	42.32275155
4.660374297	42.2336069
4.584525038	42.27817921
4.68386093	42.25589093
5.156107843	44.59598226
5.140284983	44.52912165
5.115171898	44.57369821
5.19186041	44.52912165
5.155952	44.50683761
5.10152158	43.05820966
5.187905893	43.12507025
5.235996567	43.10278197
5.178118758	43.14735431
5.219195217	43.10278197
5.278731733	43.9051007
5.256345901	43.92738473
5.253902869	43.97195705
5.278176702	43.92738473
5.220476132	43.97195705
5.69659996	46.91378952
5.767067205	46.95836186
5.721810128	46.91378952
5.774684354	46.93607358
5.70403955	46.89150126
6.288441404	49.09787136
6.239276754	49.07558733
6.232002588	49.09787136
6.283612186	49.07558733
6.21620368	49.09787136
6.821065044	51.14824048
6.836190762	51.14824048
6.830687714	51.1259522
6.751471542	51.17052452
6.813965882	51.08137989
6.809930569	49.2093043
6.906443403	49.16473196
6.871341672	49.16473196
6.866972957	49.16473196
6.843616938	49.16473196
7.093933449	51.57168389
7.023297587	51.52711158
7.165886313	51.54939561
7.157111838	51.48253924
7.073739	51.50482329
7.438846052	53.53290413
7.402446481	53.51061585
7.43685075	53.44375523
7.445151948	53.4883318
7.363926423	53.44375523
7.977740459	55.40497548
7.890720638	55.40497548
7.898142983	55.38269144
7.859840083	55.38269144
7.849096493	55.38269144
7.884370034	55.04839269
7.974589108	54.95924381
7.902883422	55.02610441
7.857352342	55.02610441
7.94920202	55.04839269
7.966430341	52.08260476
7.92190777	52.17174939
7.979537125	52.08260476
7.918258233	52.14946535
7.938210614	52.08260476
8.32833814	56.07190159
8.300484388	56.13876219
8.20863471	56.11647391
8.27880496	56.13876219
8.273349814	56.09418987
8.578544794	58.01083355
8.563051824	57.94397718
8.490602689	57.96626124
8.535836134	57.94397718
8.640378079	57.9216889
9.019572959	60.10577499
8.95023877	60.08348671
9.002096822	60.10577499
9.022251671	60.10577499
8.965257186	60.12805902
9.592982769	62.42357802
9.500246574	62.42357802
9.494908311	62.40129399
9.592813513	62.33443339
9.571399145	62.37900571
10.05490795	64.71909702
9.982835653	64.71909702
10.04415223	64.71909702
10.05944209	64.71909702
10.07587651	64.65223642
10.4926136	66.76946189
10.55489653	66.79175017
10.6417158	66.72488958
10.56947552	66.72488958
10.571992	66.72488958
10.62943102	65.03110749
10.55320269	65.00882346
10.56903354	64.98653518
10.65551365	65.00882346
10.62985576	64.98653518
11.12903573	68.99812029
11.12508217	69.04269261
11.05777075	69.02040858
11.11980395	68.99812029
11.16885363	68.99812029
11.6434417	71.00391285
11.63232064	71.02620113
11.67730435	70.95934054
11.65437243	70.91476822
11.54205941	70.95934054
12.22229772	73.2994361
12.19025153	73.27714782
12.07180954	73.27714782
12.12371549	73.27714782
12.23316841	73.23257125
12.76766791	75.77324013
12.71592547	75.77324013
12.75733373	75.72867204
12.71252374	75.70638376
12.66658198	75.75096032
13.36651016	77.46702221
13.34778089	77.42245412
13.29154327	77.40016584
13.3084599	77.42245412
13.26025202	77.42245412
13.40461123	75.43894137
13.37054292	75.41666157
13.29284111	75.46122966
13.32866201	75.43894137
13.36382506	75.41666157
13.41906887	75.26065209
13.3290248	75.26065209
13.33124748	75.23836381
13.3508556	75.26065209
13.31038367	75.26065209
13.54319785	78.02418681
13.51602879	78.00189853
13.59940099	77.97961873
13.57466538	78.00189853
13.46605938	77.95733044
13.86700267	80.119124
13.87271649	80.119124
13.91736552	80.14141228
13.81749312	80.09684422
13.83937118	80.07455594
14.43997624	82.3255026
14.37362159	82.3255026
14.37824579	82.28092603
14.47001435	82.25863775
14.39164574	82.21406969
14.94550171	84.39815152
14.92386763	84.37586324
15.01709754	84.37586324
14.99548262	84.35357496
15.02169619	84.35357496
15.57287857	86.60452165
15.4699404	86.58223336
15.60937522	86.58223336
15.64500196	86.58223336
15.57764072	86.58223336
15.62427995	84.21986224
15.6363003	84.17528568
15.56456779	84.17528568
15.5933285	84.1529974
15.65448029	84.1529974
15.90656536	87.09482988
15.95418563	87.13939796
15.93769182	87.07254159
15.88562235	87.07254159
15.93596605	87.09482988
16.32911974	88.85546831
16.27649333	88.87775659
16.24702239	88.83318003
16.3782269	88.83318003
16.31942681	88.83318003
16.41392135	86.91653212
16.30758402	86.91653212
16.35956151	86.96110868
16.36665492	86.9388204
16.36486145	86.91653212
16.9092902	91.06183843
16.96270604	91.06183843
16.88719753	91.01727036
16.83747593	91.01727036
16.97545068	90.99498208
17.3130195	92.73333223
17.26989824	92.71104395
17.35718057	92.66647586
17.38232878	92.68876414
17.28997261	92.66647586
17.68579097	93.93680606
17.60486882	93.91452628
17.6401826	93.89223799
17.69259696	93.89223799
17.66623139	93.89223799
17.71100177	91.46300203
17.70447553	91.5298584
17.7340014	91.46300203
17.69314114	91.48528184
17.76979037	91.46300203
17.69742938	90.50467383
17.73282491	90.52696211
17.75550901	90.52696211
17.70264884	90.50467383
17.76270845	90.46010576
18.19856953	95.5637318
18.23829928	95.51915523
18.29427632	95.49686695
18.21457921	95.45229886
18.28291	95.47458714
18.75837181	97.39122658
18.7475305	97.34665851
18.6267879	97.32437023
18.72229798	97.27979366
18.79550206	97.30208195
19.22772892	98.90671938
19.22782856	98.86214281
19.18134007	98.83985453
19.23013555	98.79528647
19.17759472	98.77299818
19.30603494	95.83116571
19.24437475	95.83116571
19.28775404	95.8088859
19.19973338	95.8088859
19.21434941	95.8088859
19.72728509	98.99586403
19.6742448	98.97357575
19.72481843	98.97357575
19.71092029	98.95128747
19.58534273	98.90671938
20.12426077	100.8456471
20.16701414	100.801079
20.11041118	100.801079
20.16354344	100.7787907
20.2562445	100.7119344
20.58614252	102.0714092
20.70944759	102.0714092
20.70201439	102.0045529
20.65018635	102.0491294
20.66664312	102.0491294
20.72639999	99.68674982
20.72955645	99.7090381
20.6994813	99.7090381
20.71329512	99.68674982
20.61674652	99.66446154
21.11223417	102.9405928
21.12650786	102.9405928
21.04221465	102.9183045
21.12486767	102.9183045
21.08375704	102.9851609
21.23910957	102.8960162
21.2625499	102.8514396
21.1269294	102.8737279
21.21100673	102.8291599
21.23520328	102.8291599
21.29345536	100.801079
21.20408704	100.801079
21.20673382	100.8233673
21.31185762	100.8456471
21.23399869	100.801079
21.27266565	100.3553473
21.31407774	100.3999154
21.2612495	100.3553473
21.27480529	100.3776356
21.17741361	100.3553473
21.19695658	100.2439144
21.24512741	100.2662027
21.31572559	100.2439144
21.20367316	100.2439144
21.29762225	100.2216261
21.27588981	96.3351252
21.41490309	96.29054863
21.33099566	96.3351252
21.34605623	96.35741348
21.30506312	96.35741348
21.28639261	93.23729172
21.32414623	93.25957153
21.21877844	93.28185981
21.35237809	93.25957153
21.36666711	93.25957153
21.08525927	89.40399589
21.13941984	89.44857245
21.07525466	89.35941932
21.11980916	89.42628417
21.10751289	89.35941932
21.1457136	89.49314051
21.03618915	89.49314051
21.14610448	89.47085226
21.20423266	89.47085226
21.11392928	89.5154288
21.06053132	90.18402633
21.13286166	90.13944977
21.06382319	90.13944977
21.129626	90.16173805
21.12256452	90.16173805
20.85552618	84.92439082
20.82277231	84.92439082
20.75554392	84.9466791
20.88497285	84.90210254
20.8050854	84.9466791
20.54780513	80.04363061
20.51849259	80.08820717
20.54033616	80.08820717
20.52739736	80.08820717
20.42475427	80.08820717
20.14996338	75.63089039
20.2533959	75.65317017
20.22126924	75.67545846
20.25201886	75.67545846
20.28847975	75.67545846
19.89744399	71.21814167
19.94670572	71.19585339
19.85930715	71.21814167
19.83830027	71.21814167
19.94325546	71.24042995
19.52108174	67.07283959
19.59881166	67.09512362
19.58940104	67.09512362
19.58532996	67.11741191
19.62060925	67.11741191
19.64140024	67.5631436
19.54614948	67.5631436
19.63854142	67.5631436
19.51956419	67.58543188
19.54345927	67.5631436
19.31575342	62.83838863
19.22738658	62.83838863
19.27449844	62.88296097
19.24049272	62.83838863
19.21907324	62.88296097
18.92535253	59.16110229
18.96235631	59.13881401
18.9402662	59.18338633
19.01006855	59.13881401
18.86521627	59.16110229
18.8501953	60.47600904
18.88845094	60.49829732
18.91431961	60.49829732
18.91024853	60.52058135
18.99282746	60.47600904
18.5103642	55.862687
18.64413119	55.84039872
18.59794033	55.84039872
18.6364093	55.84039872
18.56354628	55.81811469
18.57752106	56.69063258
18.60743271	56.69063258
18.55926954	56.66834855
18.70135114	56.69063258
18.60324027	56.69063258
18.31360724	53.34764498
18.40906622	53.32536094
18.36863006	53.30307266
18.38768507	53.34764498
18.33245914	53.32536094
18.05187523	49.18005464
17.96720136	49.18005464
17.99609491	49.18005464
18.01003904	49.18005464
18.04801364	49.18005464
17.51285117	44.65587724
17.6566151	44.58902089
17.59341053	44.61130492
17.66980683	44.6335932
17.54804998	44.7004538
17.53421572	45.14618549
17.57537233	45.23533012
17.59910263	45.21304184
17.61762751	45.1907578
17.60154758	45.16846952
17.12558885	40.35456993
17.18735635	40.37685396
17.14662256	40.33228165
17.21187864	40.37685396
17.09282221	40.35456993
16.63317975	35.62981074
16.78115017	35.56295225
16.70157185	35.54066608
16.76551988	35.65209902
16.59223262	35.60752668
16.24519698	31.10563545
16.19038621	31.12792162
16.23591921	31.12792162
16.1625133	31.12792162
16.24528129	31.15020776
16.21027153	32.46511666
16.16554202	32.48740281
16.22976468	32.46511666
16.14241593	32.46511666
16.23434928	32.44283049
15.59667401	26.84889834
15.70364494	26.78203775
15.67407819	26.78203775
15.72169974	26.82661217
15.59108155	26.78203775
15.22304541	22.54758679
15.19158939	22.56987295
15.17386799	22.52530062
15.10838069	22.59216124
15.18083238	22.56987295
15.17984367	23.23847047
15.13209566	23.26075875
15.19585208	23.2161843
15.13727681	23.19389815
15.19946712	23.26075875
14.62421849	17.8896903
14.60989882	17.91197859
14.62417506	17.91197859
14.48557822	17.91197859
14.56292364	17.9565509
13.9844304	13.47694795
13.90059579	13.47694795
13.9244436	13.47694795
13.94729377	13.47694795
13.95333588	13.47694795
13.29479298	8.975057785
13.26031079	8.997343931
13.33561875	8.975057785
13.20866798	8.952770571
13.28222589	9.041917314
12.92720521	6.946978525
12.84493285	6.924691845
12.88637561	6.946978525
12.86441323	6.924691845
12.8810514	6.924691845
12.83183948	6.345240564
12.80618158	6.322954395
12.75729796	6.322954395
12.78354602	6.300667693
12.76523191	6.300667693
12.50068067	4.98575935
12.52478908	4.941185967
12.46502199	5.008045518
12.51810826	5.008045518
12.53315095	4.96347267
12.02660611	2.801673818
12.00220262	2.823960498
11.99439514	2.779387383
11.99615668	2.823960498
12.03971226	2.801673818
12.02298851	3.914888651
11.93419757	3.959462033
12.0236617	3.914888651
11.9521093	3.914888651
12.03727625	3.914888651
11.99213286	4.226900971
11.95110015	4.249187407
11.96752627	4.271474087
12.03309148	4.249187407
11.99546177	4.249187407
11.36768381	0.54961459
11.43190393	0.527327998
11.4080906	0.59418775
11.42434937	0.527327998
11.29220979	0.571901181
7.648410883	-6.492946009
7.719707801	-6.448372627
7.721157652	-6.492946009
7.744790868	-6.470659329
7.626859833	-6.470659329
7.701843333	-6.114073871
7.641491835	-6.091787191
7.731611272	-6.047214342
7.719684808	-6.047214342
7.735955078	-6.114073871
6.090443449	-8.565598118
5.987293872	-8.565598118
6.119552248	-8.587884798
6.101822546	-8.543311415
6.128036113	-8.543311415
4.875683605	-10.86111658
4.791902956	-10.88340275
4.832578631	-10.8165432
4.847413101	-10.83882937
4.862651869	-10.8165432
3.912762616	-13.13434837
3.806717169	-13.11206113
3.895122971	-13.13434837
3.847026549	-13.11206113
3.839292199	-13.11206113
3.039144484	-15.34071953
3.099240821	-15.31843339
3.071859709	-15.31843339
3.071402718	-15.34071953
2.998897059	-15.29614615
2.458024595	-17.27965256
2.400861333	-17.25736639
2.45243628	-17.25736639
2.410945783	-17.25736639
2.46805763	-17.25736639
2.425203346	-16.6333412
2.448341568	-16.61105503
2.421177614	-16.6333412
2.400081798	-16.58876888
2.464179916	-16.6333412
1.665984711	-19.77575017
1.769060358	-19.82032248
1.707362478	-19.79803634
1.731961888	-19.753464
1.69953871	-19.753464
1.164027023	-21.82611504
1.21802656	-21.78154273
1.21414222	-21.84840332
1.153396244	-21.8038289
1.185603541	-21.78154273
1.182549353	-21.0683729
1.209930226	-21.0683729
1.087388968	-21.11294522
1.210373724	-21.04608462
1.169225571	-21.04608462
0.623799448	-24.18849464
0.586715549	-24.21078081
0.580618708	-24.18849464
0.671170506	-24.18849464
0.616191441	-24.16620636
0.092397484	-26.52858597
0.089944483	-26.48401152
0.127739027	-26.48401152
0.10774981	-26.48401152
0.093371163	-26.43943921
-0.394376884	-28.46751791
-0.308970302	-28.4229456
-0.384902712	-28.4229456
-0.359655619	-28.44523177
-0.398887031	-28.40065732
-0.851389021	-31.03047507
-0.898086927	-31.03047507
-0.862019481	-31.00818892
-0.859886858	-30.98590276
-0.884028559	-31.00818892
-1.399748577	-33.30370579
-1.308980859	-33.32599407
-1.338139636	-33.28141964
-1.365864849	-33.28141964
-1.421352799	-33.25913347
-1.792396737	-35.42093128
-1.788193286	-35.42093128
-1.751782377	-35.39864511
-1.823183244	-35.39864511
-1.807396151	-35.39864511
-2.315610714	-37.67187794
-2.245100197	-37.64958966
-2.2986441	-37.67187794
-2.26452038	-37.60501734
-2.349521586	-37.60501734
-2.742746972	-39.989681
-2.737728379	-40.05654159
-2.794487503	-39.989681
-2.752374751	-39.96739694
-2.773545135	-39.96739694
-3.260935011	-42.08462243
-3.23225957	-42.06233415
-3.216639179	-42.06233415
-3.212815914	-42.04004587
-3.191429649	-42.06233415
-3.706165509	-44.1349873
-3.590252132	-44.1349873
-3.641204506	-44.11269902
-3.661028827	-44.11269902
-3.684715055	-44.11269902
-3.679689116	-43.0206581
-3.695247554	-42.97608579
-3.677227243	-42.99836982
-3.642783055	-42.99836982
-3.685113604	-42.99836982
-4.093155097	-46.45279034
-4.13796157	-46.47507862
-4.153252711	-46.47507862
-4.172112275	-46.45279034
-4.090464249	-46.45279034
-4.547676779	-48.70373702
-4.594477277	-48.6591647
-4.58708559	-48.6591647
-4.605106859	-48.63687642
-4.557010756	-48.6591647
-5.106010371	-50.79867421
-5.031637469	-50.77639017
-5.09084665	-50.82096249
-5.05599561	-50.77639017
-5.084433134	-50.75410189
-5.141056854	-50.88782308
-5.148337726	-50.8655348
-5.173773036	-50.91010714
-5.084379164	-50.84324654
-5.10767259	-50.8655348
-5.19534165	-49.79577794
-5.131916723	-49.84035025
-5.180291619	-49.84035025
-5.128881615	-49.84035025
-5.1975886	-49.84035025
-5.601164615	-53.20562614
-5.574239535	-53.22791442
-5.492351677	-53.18333786
-5.520736189	-53.18333786
-5.562113157	-53.1610538
-5.604718347	-51.95757572
-5.577666166	-51.95757572
-5.59261177	-51.95757572
-5.527194734	-51.91300341
-5.603204626	-51.95757572
-5.961690903	-55.41199624
-6.048814832	-55.36742392
-5.997316369	-55.41199624
-6.024075387	-55.3897122
-6.002118762	-55.36742392
-6.044559167	-52.78162277
-6.011753567	-52.80391105
-6.109075635	-52.78162277
-6.047543817	-52.80391105
-6.078379664	-52.75933873
-6.298844566	-55.76802756
-6.342902802	-55.74573928
-6.228665376	-55.74573928
-6.297426011	-55.723451
-6.296637216	-55.70116696
-6.763756317	-58.95500569
-6.758712495	-58.95500569
-6.703708841	-58.91043335
-6.758814688	-58.91043335
-6.808878629	-58.91043335
-7.05111621	-60.31448899
-7.057937537	-60.26991668
-7.147194728	-60.2476284
-7.043423056	-60.22534436
-7.060287957	-60.26991668
-7.445969485	-62.20884864
-7.424991989	-62.11970399
-7.432963616	-62.16427632
-7.448854497	-62.11970399
-7.495169902	-62.14198804
-8.003333848	-64.43750704
-7.937103745	-64.45979532
-7.987600725	-64.41521876
-7.927502791	-64.39293471
-8.000235509	-64.39293471
-8.404167919	-66.35415495
-8.459819216	-66.33186667
-8.393806911	-66.33186667
-8.397372779	-66.30957839
-8.401692952	-66.33186667
-8.454540352	-66.57702079
-8.522574146	-66.57702079
-8.520389789	-66.57702079
-8.555888792	-66.55473251
-8.477604485	-66.55473251
-8.522213919	-65.35125868
-8.569876344	-65.37354271
-8.530785287	-65.35125868
-8.55055947	-65.37354271
-8.542712389	-65.35125868
-8.565616208	-64.7049452
-8.57049269	-64.7049452
-8.543059843	-64.72723348
-8.541472032	-64.68266115
-8.574226537	-64.68266115
-8.675289477	-67.0673248
-8.725495209	-67.0004642
-8.76435825	-66.97817592
-8.801099527	-67.0004642
-8.686861462	-67.0004642
-9.031221589	-68.8056792
-9.052404747	-68.87253554
-8.976521956	-68.85025151
-9.029660603	-68.82796323
-9.018789912	-68.8056792
-9.503842461	-70.92290466
-9.470355366	-70.8783281
-9.477857549	-70.90061638
-9.498282569	-70.85604407
-9.52897854	-70.8783281
-10.07375666	-73.17385135
-10.00946821	-73.15156307
-10.01400426	-73.15156307
-9.992883059	-73.12927478
-10.05419772	-73.12927478
-10.03658107	-70.8783281
-10.100752	-70.8783281
-10.06477716	-70.81147175
-10.0810915	-70.8783281
-10.07749945	-70.83375579
-10.30367881	-73.53042991
-10.3024953	-73.53042991
-10.32563735	-73.55271819
-10.30049105	-73.53042991
-10.31783881	-73.5081501
-10.61966975	-75.62537557
-10.60694619	-75.60308731
-10.65096291	-75.60308731
-10.66479206	-75.58079903
-10.61664678	-75.62537557
-11.1181842	-77.80945741
-11.11050191	-77.78716913
-11.07405379	-77.78716913
-11.11038822	-77.76488085
-11.17024728	-77.74260106
-11.60777408	-79.83753825
-11.6611912	-79.83753825
-11.6592751	-79.79296169
-11.68778288	-79.81524997
-11.6495298	-79.79296169
-12.17870765	-81.99933181
-12.19113805	-81.99933181
-12.23297297	-81.99933181
-12.16515314	-81.97705202
-12.21772973	-81.97705202
-12.6694127	-83.98284458
-12.70397154	-84.00512437
-12.66107382	-83.9605563
-12.72344298	-83.93826802
-12.67275694	-83.91597974
-13.20810464	-85.92177229
-13.13397061	-85.94406058
-13.19070643	-85.96634886
-13.23292073	-85.94406058
-13.17527669	-85.87720421
-13.24769261	-83.93826802
-13.19981175	-83.93826802
-13.22786477	-83.93826802
-13.20442061	-83.98284458
-13.27876924	-83.93826802
-13.5515163	-86.61265809
-13.53735374	-86.63494637
-13.52295614	-86.61265809
-13.5225742	-86.63494637
-13.52391803	-86.63494637
-13.93809903	-88.75217184
-13.94143816	-88.68530699
-13.99797981	-88.64073893
-13.88654692	-88.66302721
-13.91212817	-88.64073893
-13.95872013	-86.83552393
-13.96723913	-86.85781221
-13.98447384	-86.81323565
-13.96467666	-86.8801005
-13.93541649	-86.81323565
-14.49369866	-90.78025268
-14.45142304	-90.7579644
-14.48244858	-90.78025268
-14.47654826	-90.71338783
-14.45852284	-90.73567611
-14.52793432	-88.5515943
-14.50812309	-88.5515943
-14.52503972	-88.57387408
-14.50588763	-88.57387408
-14.55913997	-88.57387408
-15.1104948	-92.69689211
-15.1659085	-92.63003576
-15.05251096	-92.63003576
-15.1286569	-92.60774748
-15.13180953	-92.63003576
-15.61218295	-94.50210713
-15.52364877	-94.50210713
-15.56783283	-94.50210713
-15.6131244	-94.45753904
-15.60707973	-94.45753904
-16.08635203	-96.21817747
-16.05643145	-96.15131265
-16.06398728	-96.15131265
-16.07012264	-96.10674456
-16.02952425	-96.08445628
-16.07418095	-93.85579787
-16.1398177	-93.87808616
-16.14048833	-93.87808616
-16.13120801	-93.90037444
-16.13377175	-93.87808616
-16.51355105	-97.13192913
-16.55172493	-97.10964085
-16.53097481	-97.15420891
-16.5933478	-97.13192913
-16.49955455	-97.15420891
-17.0168449	-99.20457803
-17.03306535	-99.16000147
-16.98121049	-99.13772166
-17.06230125	-99.16000147
-16.99418762	-99.11543341
-17.08444884	-96.6193326
-17.09238662	-96.59704431
-17.02619676	-96.59704431
-17.10644315	-96.6193326
-17.05572007	-96.6193326
-17.60027401	-100.7869272
-17.56134518	-100.7646389
-17.5918521	-100.7200623
-17.67906289	-100.7869272
-17.5947633	-100.6977826
-17.7229046	-101.0766494
-17.72492418	-101.0766494
-17.70308188	-101.0766494
-17.74217294	-101.0989377
-17.70056412	-101.0766494
-17.80122851	-98.73655806
-17.71274543	-98.71426978
-17.79960366	-98.71426978
-17.76919765	-98.71426978
-17.81438703	-98.71426978
-18.24305505	-102.0349776
-18.25263174	-102.0349776
-18.23933653	-101.9681128
-18.23710364	-101.990401
-18.29450497	-102.0126893
-18.69805289	-103.5281736
-18.72246532	-103.5058853
-18.73583972	-103.4613173
-18.77207195	-103.4836056
-18.68526992	-103.4613173
-18.97565534	-104.5979348
-19.00398046	-104.5533582
-18.96176615	-104.5756465
-18.97848862	-104.5310699
-19.05078191	-104.5087816
-18.99212489	-101.9681128
-19.07823073	-101.9235447
-19.03534195	-101.9458245
-19.03181121	-101.9458245
-19.03534195	-101.9458245
-19.51245034	-104.8653687
-19.48540263	-104.8653687
-19.43919772	-104.8653687
-19.44752894	-104.8208006
-19.46109239	-104.8430804
-19.89625089	-106.4254295
-19.89961812	-106.4254295
-19.93856867	-106.3585732
-19.94372298	-106.3808615
-19.84381354	-106.3585732
-20.20750523	-107.1608919
-20.2078859	-107.1386036
-20.15547537	-107.1386036
-20.19024625	-107.1386036
-20.20148867	-107.0717388
-20.28498861	-105.2888121
-20.17685014	-105.2665323
-20.23306988	-105.2888121
-20.22277274	-105.3111003
-20.238495	-105.2665323
-20.30020757	-101.9881697
-20.36272746	-102.0550345
-20.27424821	-102.0327462
-20.32850203	-102.0327462
-20.29915372	-102.0104579
-20.26341456	-97.84287182
-20.28693664	-97.84287182
-20.31503821	-97.82058354
-20.26257659	-97.84287182
-20.24896204	-97.84287182
-19.99440391	-93.14040091
-20.00918728	-93.14040091
-20.05315546	-93.16268919
-19.97412388	-93.11811263
-19.97884515	-93.18496898
-19.69228683	-87.83618884
-19.72871451	-87.76933247
-19.66168283	-87.76933247
-19.69990781	-87.72475591
-19.65404269	-87.65789956
-19.64759053	-87.23445615
-19.69361533	-87.23445615
-19.58819006	-87.27902424
-19.69765064	-87.23445615
-19.63169837	-87.27902424
-19.64491693	-87.30131252
-19.69284761	-87.27902424
-19.63395427	-87.3236008
-19.62598328	-87.27902424
-19.60766916	-87.27902424
-19.6019694	-88.28192051
-19.64231103	-88.34878535
-19.57622336	-88.30420879
-19.6055193	-88.34878535
-19.6498707	-88.34878535
-19.39521166	-84.06975785
-19.34074068	-84.09204611
-19.40642469	-84.09204611
-19.36521059	-84.11433439
-19.4361575	-84.09204611
-19.11625004	-79.92445152
-19.11026031	-79.90217173
-19.1231263	-79.85759517
-19.17527368	-79.90217173
-19.07552647	-79.87988345
-18.85151486	-75.5117113
-18.72786745	-75.5117113
-18.75956746	-75.53399958
-18.7838662	-75.48942302
-18.81283001	-75.53399958
-18.45642973	-70.94296158
-18.44421011	-70.9206733
-18.43760466	-70.94296158
-18.33181661	-70.9206733
-18.45112213	-70.9875339
-18.09422622	-66.77537122
-18.0518484	-66.79765525
-18.05650581	-66.81994354
-18.0770937	-66.77537122
-18.12643335	-66.79765525
-18.04223084	-67.19881463
-18.1125761	-67.22110291
-18.0319452	-67.22110291
-18.04290404	-67.19881463
-18.0512097	-67.24338694
-18.02826373	-68.44686502
-17.99141196	-68.40228846
-18.04377395	-68.42457674
-18.09095862	-68.35771614
-18.008091	-68.38000443
-17.63882983	-62.07290031
-17.5770585	-62.05061203
-17.5893139	-62.05061203
-17.58194968	-62.11747263
-17.64919212	-62.09518859
-17.26017082	-58.28418104
-17.32960018	-58.26189276
-17.26934257	-58.2396087
-17.25877207	-58.3064693
-17.27792416	-58.3064693
-16.80708782	-53.13597844
-16.82136023	-53.13597844
-16.87317677	-53.18055501
-16.83823854	-53.18055501
-16.83333587	-53.11369439
-16.78996807	-54.69743499
-16.85861566	-54.65286267
-16.79271577	-54.6751467
-16.79719306	-54.69743499
-16.81669005	-54.69743499
-16.71868393	-55.18773899
-16.82099617	-55.18773899
-16.82760034	-55.16545071
-16.7878974	-55.18773899
-16.77038933	-55.21002727
-16.46430592	-49.50466007
-16.39800237	-49.48237179
-16.40130062	-49.50466007
-16.41562413	-49.48237179
-16.41424326	-49.50466007
-15.97708434	-44.75761683
-15.94953844	-44.75761683
-15.93635821	-44.71304451
-15.96474208	-44.71304451
-15.90662668	-44.71304451
-15.89393952	-45.13648792
-15.92712642	-45.09191558
-15.93140572	-45.13648792
-15.97167965	-45.1587762
-15.91482377	-45.11420386
-15.4693298	-40.03286188
-15.46709563	-40.05515017
-15.49003649	-40.0105736
-15.43707285	-40.03286188
-15.48104102	-40.05515017
-15.00449086	-35.57554508
-14.94307721	-35.62011739
-15.03731882	-35.62011739
-14.95388275	-35.59783336
-14.99470341	-35.59783336
-14.55107701	-31.43024088
-14.52448533	-31.45252705
-14.51814686	-31.43024088
-14.52588281	-31.43024088
-14.60395123	-31.45252705
-14.4860483	-32.67828917
-14.56394939	-32.70057533
-14.46276765	-32.72286148
-14.5064433	-32.72286148
-14.57374451	-32.67828917
-14.00894119	-27.30722286
-14.05556381	-27.26264841
-13.93266241	-27.30722286
-14.0108343	-27.28493669
-14.01981189	-27.329509
-13.3746702	-22.15902237
-13.45513887	-22.15902237
-13.35031015	-22.15902237
-13.39986568	-22.15902237
-13.41472187	-22.20359471
-13.34822159	-22.80533163
-13.38871141	-22.80533163
-13.3612166	-22.78304546
-13.40011861	-22.73847314
-13.37594888	-22.80533163
-12.80176688	-17.7462779
-12.75226117	-17.72399174
-12.80909917	-17.70170452
-12.7843048	-17.7462779
-12.80194444	-17.7462779
-12.16468178	-13.35582065
-12.20293102	-13.37810787
-12.13389255	-13.37810787
-12.19520785	-13.37810787
-12.21423603	-13.35582065
-11.9034901	-11.55060777
-11.81188505	-11.57289394
-11.89987122	-11.59518115
-11.88597692	-11.57289394
-11.86375012	-11.59518115
-11.81095765	-12.62036359
-11.86740988	-12.62036359
-11.82894092	-12.62036359
-11.87299724	-12.59807744
-11.80803879	-12.57579021
-11.34432652	-8.675638024
-11.43096759	-8.697924704
-11.41148721	-8.697924704
-11.41340203	-8.742498087
-11.38338053	-8.720211406
-10.99389809	-6.82585176
-11.01124649	-6.80356508
-11.07554835	-6.82585176
-11.00554545	-6.80356508
-11.05836474	-6.84813844
-11.02543076	-7.31615681
-11.02945841	-7.31615681
-11.07138402	-7.271583449
-10.98522581	-7.338442978
-11.06536235	-7.338442978
-10.91917135	-6.446979622
-10.98793007	-6.424693453
-10.93475438	-6.469266302
-10.95990132	-6.491553004
-10.94444347	-6.491553004
-9.614743313	0.127562385
-9.53540962	0.105275816
-9.591767321	0.060702634
-9.5643019	0.105275816
-9.55005248	0.038416065
-7.856661906	3.381403758
-7.753560871	3.403690171
-7.815087579	3.425976873
-7.871363526	3.336830375
-7.815597263	3.425976873
-7.823899099	2.779665775
-7.792563149	2.735092659
-7.825954439	2.801952455
-7.759845051	2.757379339
-7.789917011	2.757379339
-7.885464129	2.735092659
-7.792314694	2.779665775
-7.781724393	2.779665775
-7.828809432	2.801952455
-7.803448531	2.801952455
-7.826948896	2.623659748
-7.820570828	2.712806224
-7.805669933	2.735092659
-7.868120841	2.712806224
-7.806470864	2.801952455
-7.700952984	3.359117055
-7.703053672	3.403690171
-7.669744775	3.381403758
-7.725688597	3.381403758
-7.708179248	3.359117055
-7.652576491	2.935672068
-7.698435863	2.935672068
-7.628983514	2.980245184
-7.701472887	2.935672068
-7.703313623	2.935672068
-7.705523529	2.779665775
-7.643158206	2.757379339
-7.659616893	2.757379339
-7.681752993	2.824239157
-7.643535678	2.779665775
-7.590001675	2.645946428
-7.62548471	2.579086632
-7.67211244	2.623659748
-7.665181256	2.601373312
-7.66791809	2.712806224
-7.709685305	2.512226814
-7.6459736	2.489940401
-7.665703075	2.445367019
-7.613583155	2.512226814
-7.670873998	2.512226814
-7.668245744	2.28936097
-7.757829949	2.311647672
-7.662826365	2.267074556
-7.678114313	2.356220788
-7.727541469	2.28936097
-7.690620718	2.222501307
-7.748241769	2.222501307
-7.660761445	2.244787854
-7.67066642	2.244787854
-7.698639609	2.200214761
-7.725026903	2.28936097
-7.677312105	2.28936097
-7.667228293	2.28936097
-7.724176792	2.28936097
-7.639258936	2.244787854
-7.651433217	2.200214761
-7.666922355	2.222501307
-7.719795942	2.200214761
-7.673771785	2.200214761
-7.731689193	2.177928058
-7.706438149	2.489940401
-7.715374853	2.512226814
-7.675901853	2.512226814
-7.727689009	2.534513517
-7.721644981	2.534513517
-8.009799418	0.63876091
-8.042387222	0.63876091
-7.964942807	0.63876091
-7.984719545	0.616474363
-8.028902966	0.616474363
-7.97281799	0.54961459
-7.993648585	0.54961459
-8.010826449	0.571901181
-7.996799297	0.527327998
-8.024641552	0.505041407
-8.017485546	0.460468269
-8.034713229	0.505041407
-8.084731183	0.482754816
-7.980741715	0.482754816
-8.016437438	0.438181678
-8.061602542	0.349035336
-8.084237467	0.326748745
-8.044092553	0.326748745
-8.07117667	0.349035336
-8.041315481	0.371321905
-8.08345442	0.438181678
-8.10642147	0.415895087
-8.015538147	0.415895087
-8.019940713	0.438181678
-8.069380004	0.460468269
-7.912129897	2.35482776
-7.837035263	2.35482776
-7.830316128	2.35482776
-7.898187053	2.35482776
-7.830989319	2.35482776
-7.632624749	3.335437615
-7.617545656	3.35772405
-7.619517965	3.335437615
-7.626071038	3.335437615
-7.603731831	3.335437615
-7.340639383	3.403411779
-7.381751929	3.381125099
-7.391799335	3.447984894
-7.365872545	3.336551983
-7.427755009	3.447984894
-5.984599193	4.696033442
-5.981649033	4.651460594
-6.041301792	4.4954543
-6.082994917	4.428594482
-6.011454016	4.361734686
-7.204650355	1.286186177
-7.217333042	1.241613061
-7.204131091	1.197039812
-7.256970188	1.241613061
-7.260748743	1.197039812
-7.328745493	1.107893514
-7.260759601	1.13018015
-7.218159521	1.085606901
-7.248952574	1.107893514
-7.300278588	1.152466696
-7.076729399	2.489661742
-7.084879224	2.445088627
-7.118849176	2.46737504
-7.150762511	2.46737504
-7.125909377	2.46737504
-7.072425192	2.266795898
-7.04604684	2.266795898
-7.133576344	2.266795898
-7.128487813	2.244509218
-7.108507329	2.333655693
-6.275216461	4.740606825
-6.228766929	4.785179673
-6.259632795	4.762893505
-6.318479513	4.785179673
-6.257538494	4.807466376
-5.725409847	5.921795555
-5.780101816	5.966368937
-5.780858677	5.921795555
-5.756417505	5.966368937
-5.824580955	5.944082257
-5.744259192	5.253198043
-5.731906714	5.297771425
-5.812506312	5.275484745
-5.754433699	5.386917657
-5.720410096	5.253198043
-5.242155561	6.657253151
-5.197923918	6.634966471
-5.151769147	6.657253151
-5.209318025	6.701826
-5.245507464	6.657253151
-4.101534854	8.796764789
-4.044753056	8.796764789
-4.096210643	8.819051491
-4.138623584	8.77447862
-4.12254237	8.796764789
-3.089798265	11.13685664
-3.099670348	11.11456942
-3.013488183	11.11456942
-3.044070146	11.11456942
-3.06792052	11.11456942
-2.149736386	13.56609365
-2.17458952	13.56609365
-2.223687106	13.49923412
-2.162583697	13.52152026
-2.113405794	13.5438075
-1.502433978	15.61645959
-1.540148315	15.5718862
-1.585382399	15.59417344
-1.539522068	15.59417344
-1.521669257	15.5718862
-0.882498391	17.82283182
-0.901908834	17.86740416
-0.886584321	17.84511799
-0.897742268	17.80054567
-0.975658524	17.86740416
-0.246614779	20.45264746
-0.232161873	20.45264746
-0.308768393	20.45264746
-0.25714648	20.43036132
-0.212125303	20.43036132
0.185849523	22.1018551
0.153416035	22.19100186
0.259305649	22.16871571
0.251571119	22.16871571
0.217387461	22.12414126
0.266375331	21.05438651
0.236419854	21.07667266
0.193794484	21.05438651
0.183925675	21.12124497
0.245948435	21.09895883
0.796948221	24.46423258
0.781149473	24.46423258
0.747605214	24.44194643
0.832027039	24.39737409
0.758349283	24.44194643
1.264247277	26.75975158
1.251940946	26.69289098
1.289985651	26.73746541
1.22132585	26.71517926
1.20406248	26.69289098
1.734138262	28.92154938
1.80687066	28.92154938
1.792309394	28.81011645
1.773618767	28.83240473
1.813174799	28.87697705
2.31801191	30.79362286
2.254511776	30.79362286
2.241195658	30.90505577
2.293818395	30.79362286
2.345726904	30.8827696
2.836441218	33.31200768
2.817831706	33.28972154
2.821315181	33.31200768
2.754083596	33.24514709
2.77625706	33.24514709
3.392531053	35.56295225
3.288200519	35.56295225
3.325166618	35.47380549
3.342420487	35.5852384
3.249270414	35.54066608
3.931650602	37.72475217
3.930774623	37.65789158
3.832574022	37.70246389
3.867228023	37.68017986
3.901069277	37.72475217
4.399597779	39.95341057
4.41898523	39.99798289
4.42231382	39.93112229
4.399890943	39.88654996
4.422644348	39.93112229
4.975358328	42.27121361
4.92831704	42.27121361
4.953019121	42.27121361
4.95490776	42.24892955
4.969821429	42.27121361
4.979885441	40.48828689
5.012473883	40.48828689
4.954463863	40.51057515
4.943555169	40.51057515
4.949139013	40.48828689
5.173778465	42.62780064
5.234375224	42.65008468
5.293175957	42.65008468
5.235650391	42.60551236
5.217252289	42.56094005
5.522178376	44.61130492
5.455985957	44.61130492
5.546842454	44.54444432
5.563764199	44.56673261
5.510335581	44.56673261
5.77589597	43.94270741
5.832122098	43.96499569
5.824447466	43.94270741
5.775847428	43.96499569
5.80579101	43.94270741
6.107512095	46.83996332
6.061110466	46.8622516
6.13237928	46.83996332
6.179586312	46.83996332
6.14671237	46.81767927
6.604821955	48.84575588
6.640313932	48.82347182
6.58798388	48.77889526
6.535108377	48.75661123
6.621326628	48.82347182
7.13578625	51.14127488
7.171325491	51.09670254
7.187063723	51.1189866
7.097019653	51.1189866
7.098249152	51.09670254
7.681127704	53.30307266
7.740024242	53.25850035
7.639176544	53.28078863
7.60780355	53.25850035
7.692521492	53.23621207
8.182599341	55.64316398
8.217833283	55.66545226
8.281920543	55.62087994
8.29095433	55.64316398
8.275380245	55.62087994
8.282418091	52.34586439
8.337101118	52.39043671
8.289775288	52.36815267
8.259146381	52.39043671
8.344029108	52.36815267
8.571961703	55.97857844
8.515932933	55.93400612
8.604347038	55.91171784
8.520765345	55.95629015
8.50804753	55.93400612
8.850153042	57.87293806
8.863175518	57.82836574
8.911418522	57.80607746
8.873079854	57.82836574
8.860389504	57.87293806
9.338501289	59.90101467
9.374571929	59.92330295
9.305061458	59.90101467
9.277561547	59.87873062
9.367888561	59.90101467
9.953472013	62.26339427
9.832268913	62.21882195
9.906986714	62.24110599
9.969188529	62.21882195
9.873761486	62.21882195
10.36022237	64.51434095
10.32427883	64.42519205
10.49349309	64.49205267
10.38963391	64.42519205
10.4003775	64.42519205
10.97956181	66.63156642
10.94406664	66.65385045
10.87074248	66.60927814
11.00140539	66.63156642
10.95406742	66.60927814
11.03757886	64.46976439
10.96143164	64.49205267
11.07038254	64.53662499
11.03329189	64.51434095
10.90969175	64.49205267
11.14311781	67.12187042
11.21362913	67.05500981
11.24081224	67.07729809
11.21410432	67.07729809
11.21320375	67.09958214
11.21519906	66.52013351
11.2605992	66.49784523
11.17760384	66.49784523
11.27365681	66.52013351
11.18663762	66.52013351
11.54652266	68.97165773
11.45979983	68.99394177
11.56987867	68.97165773
11.5539137	68.97165773
11.56803794	68.97165773
12.01885867	71.02202261
12.09047238	70.99973433
11.99248159	71.02202261
12.03620451	70.99973433
12.07731897	71.02202261
12.67127132	73.38439798
12.71343453	73.38439798
12.69030461	73.36210969
12.74174943	73.33982989
12.64288489	73.29525332
13.31212093	75.50162345
13.23177235	75.52391173
13.23663542	75.52391173
13.1712963	75.52391173
13.22168853	75.52391173
13.7510069	77.46284794
13.78796214	77.46284794
13.72736474	77.44055965
13.75730832	77.41827137
13.8434908	77.41827137
14.40715084	79.82521903
14.35907071	79.84750732
14.35708562	79.82521903
14.31764711	79.80293925
14.28216855	79.82521903
15.02297359	81.67501059
14.98063027	81.67501059
14.91200696	81.63043403
14.98780927	81.69729887
14.89487444	81.63043403
15.5756352	84.52768997
15.52970493	84.48312188
15.52280952	84.48312188
15.58568325	84.4608336
15.5632725	84.41625703
16.06693169	85.84259671
15.98063552	85.82031692
16.01232914	85.75345208
15.96311978	85.75345208
15.93989534	85.77574036
15.99980421	84.10424656
16.09572689	84.10424656
15.98009518	84.12653484
16.07371853	84.10424656
16.03643244	84.10424656
16.5232031	86.93464612
16.47205209	86.89006956
16.47816701	86.93464612
16.39111461	86.95692591
16.46746877	86.91235784
16.84012654	88.67299627
16.91211198	88.62841971
16.80794623	88.62841971
16.89237101	88.58385162
16.84268646	88.65070799
16.89564243	86.66720372
16.87548886	86.66720372
16.85045434	86.66720372
16.93663682	86.66720372
16.92152516	86.66720372
17.40509336	90.65650055
17.49908461	90.70107711
17.414085	90.70107711
17.47707625	90.70107711
17.50963722	90.63421227
18.10030793	93.46461183
18.00871948	93.39775546
18.08385754	93.37546718
18.16982542	93.39775546
18.05109218	93.37546718
18.12041551	90.34449008
18.17769294	90.34449008
18.13858273	90.32220179
18.15484661	90.34449008
18.17801996	90.34449008
18.49237838	93.39775546
18.4027137	93.37546718
18.4986517	93.37546718
18.4924282	93.37546718
18.40091001	93.3531789
18.92017522	95.29211511
18.96017068	95.29211511
18.98271938	95.26982683
18.86272151	95.29211511
18.9913725	95.22525027
19.59703224	97.18647473
19.60070221	97.11960989
19.51468324	97.11960989
19.58148753	97.14189817
19.57057852	97.14189817
19.9366564	98.83568026
19.89118855	98.81339197
19.96727445	98.81339197
19.89723066	98.72424734
19.97782834	98.74653563
19.99660998	95.8715595
20.03343365	95.84927971
19.9645523	95.84927971
19.98102312	95.84927971
20.04619745	95.84927971
20.68538006	99.54884586
20.55328774	99.57113414
20.63743022	99.50427779
20.70171931	99.52656607
20.55757343	99.52656607
21.10368196	101.5546384
21.23194335	101.5100703
21.1214634	101.4877821
21.17781727	101.4432055
21.24013533	101.4432055
21.25162811	98.94711319
21.2912148	98.96940147
21.20457373	98.94711319
21.30302311	98.94711319
21.21222537	98.90253663
21.33283128	94.62211768
21.30506184	94.64440596
21.2607577	94.62211768
21.36533861	94.66669424
21.29503423	94.62211768
21.28333195	94.51068477
21.36871223	94.48840496
21.23216689	94.46611668
21.33943417	94.42154011
21.27783785	94.39925183
21.19997636	88.87218241
21.15377401	88.87218241
21.13336368	88.91675897
21.10632363	88.91675897
21.20139811	88.91675897
21.16439433	88.93903876
21.1370988	88.98361532
21.17847002	88.96132704
21.08729289	88.93903876
21.16229428	88.98361532
21.16242202	89.42934701
21.0709958	89.45163529
21.15208911	89.47392357
21.12654874	89.47392357
21.17078006	89.45163529
20.85382468	84.39257732
20.90439447	84.39257732
20.89951735	84.39257732
20.8249324	84.39257732
20.87415581	84.39257732
20.63283157	80.00212539
20.64862026	80.00212539
20.5332006	80.00212539
20.63030614	80.00212539
20.61514849	80.02440517
20.31783572	76.65913778
20.41787035	76.61456122
20.33731483	76.65913778
20.43479848	76.6368495
20.28422983	76.65913778
20.04594453	71.26578106
19.9437166	71.2212045
19.963326	71.24349278
20.03960223	71.24349278
19.963326	71.24349278
19.65256729	67.05361838
19.73926201	67.05361838
19.63354678	67.07590244
19.68515765	67.05361838
19.66029941	67.05361838
19.38148086	62.77459088
19.28606659	62.77459088
19.4316751	62.79687916
19.3658263	62.79687916
19.37929651	62.77459088
19.20894856	63.13117792
19.28869804	63.1534662
19.30047186	63.1534662
19.35372419	63.1534662
19.18236071	63.1534662
19.31327654	63.5546213
19.22579749	63.53233727
19.33642434	63.57690958
19.22538744	63.57690958
19.27878923	63.57690958
18.8345995	57.98297532
18.93421642	57.98297532
18.93641738	57.98297532
18.91608242	57.98297532
18.81086792	58.0052636
18.66414936	56.28919748
18.77010219	56.31148152
18.72802585	56.2669092
18.79069008	56.2669092
18.69253579	56.28919748
18.62138194	55.3963427
18.65285585	55.28490977
18.65103938	55.35176614
18.59127229	55.3294821
18.57532137	55.3294821
18.48832519	53.14539602
18.44363655	53.14539602
18.50080413	53.12310774
18.46828914	53.1676843
18.37778903	53.14539602
18.18290602	49.06695031
18.08854306	49.04466627
18.09798817	49.02237799
18.17103129	49.04466627
18.1386913	49.08923859
17.72533933	44.72106643
17.6239085	44.6987824
17.74365089	44.72106643
17.67947932	44.72106643
17.73612827	44.6987824
17.58670672	44.16390183
17.6629689	44.16390183
17.60471809	44.23076243
17.62008907	44.18619012
17.61140912	44.16390183
17.22430521	40.1077444
17.26836153	40.08545612
17.14282101	40.1077444
17.27340215	40.08545612
17.26417037	40.08545612
16.79159165	35.85100516
16.75518825	35.82872113
16.82683901	35.87329344
16.79147158	35.82872113
16.82384733	35.85100516
16.32197267	31.32682987
16.27713075	31.32682987
16.35217812	31.34911604
16.22097616	31.34911604
16.35250769	31.34911604
16.18730512	32.66402492
16.31997354	32.68631109
16.29646806	32.68631109
16.34875213	32.66402492
16.17722386	32.66402492
16.15799257	30.9479588
16.1559845	30.9479588
16.1549332	30.97024497
16.1561033	30.97024497
16.16281988	30.97024497
15.75985957	26.6243611
15.7200059	26.55750048
15.73797384	26.55750048
15.69715701	26.55750048
15.77734337	26.53521434
15.29322205	22.96936089
15.18877399	22.94707474
15.27369313	22.99164706
15.26928992	23.01393322
15.26478836	22.99164706
15.31387125	23.23679905
15.26023825	23.16994059
15.2345267	23.25908733
15.20370682	23.2145129
15.29509727	23.2145129
14.73426285	18.0217401
14.66583753	18.04402627
14.66058613	18.06631242
14.71459469	18.11088473
14.69721052	18.06631242
14.13805716	13.74271471
14.07560881	13.72042854
14.09588118	13.74271471
13.97732166	13.72042854
14.12654266	13.69814238
13.39027495	8.995672534
13.32857004	9.107105445
13.40581454	9.040245917
13.36708627	9.084819299
13.36439478	9.084819299
12.49833791	4.716648725
12.58263239	4.738935406
12.47473663	4.761221574
12.54184878	4.716648725
12.50026296	4.761221574
12.05497721	2.554849874
12.04511822	2.532563439
12.04948694	2.532563439
11.97014111	2.554849874
12.01923422	2.532563439
11.90080628	3.579475793
11.97274701	3.557189091
11.93490397	3.579475793
11.99459058	3.557189091
11.94101123	3.557189091
12.02606577	3.869201167
11.94206764	3.869201167
11.94546681	3.846914754
11.92089726	3.869201167
11.98027602	3.913774549
11.26492321	0.169628327
11.26004864	0.169628327
11.26379015	0.147341758
11.32998385	0.147341758
11.25922216	0.169628327
7.533394881	-6.382627199
7.575393944	-6.382627199
7.535250307	-6.382627199
7.623158561	-6.40491388
7.593542633	-6.382627199
7.590398308	-6.092901804
7.637120565	-6.026042275
7.529196699	-6.070615124
7.63418765	-6.070615124
7.557364053	-6.048328444
6.656093041	-7.563816463
6.691246507	-7.586103143
6.683371323	-7.519243081
6.585480172	-7.541529761
6.690928433	-7.519243081
5.221572782	-9.814761546
5.214802551	-9.792474332
5.155266674	-9.837047714
5.278405995	-9.837047714
5.234730981	-9.837047714
4.656101068	-10.92909075
4.57277741	-10.92909075
4.687013558	-10.92909075
4.667023494	-10.92909075
4.60511101	-10.88451736
3.661152097	-13.22460868
3.677041701	-13.26918206
3.689258774	-13.24689485
3.674753554	-13.22460868
3.598654882	-13.22460868
2.857036771	-15.2526874
2.846114345	-15.2526874
2.902110222	-15.27497462
2.88446898	-15.27497462
2.806135174	-15.2526874
2.212464331	-17.50363302
2.179493786	-17.48134581
2.176345469	-17.50363302
2.138497962	-17.48134581
2.169066513	-17.48134581
1.50544705	-19.8660105
1.430021249	-19.8660105
1.524650394	-19.88829665
1.497726272	-19.8660105
1.505409366	-19.84372433
1.519026312	-18.99683329
1.490133714	-18.99683329
1.506084473	-18.99683329
1.437999264	-18.97454715
1.477522083	-18.99683329
0.952857935	-22.02780829
0.912483648	-22.00552214
0.860578092	-22.00552214
0.908952589	-22.00552214
0.913208254	-22.02780829
0.924105611	-21.09177262
0.870585499	-21.0472003
0.882397396	-21.06948645
0.903112067	-21.09177262
0.91408543	-21.11405878
0.373344499	-24.25646669
0.364823589	-24.27875497
0.356706856	-24.25646669
0.385651309	-24.27875497
0.289294498	-24.23418054
-0.10765164	-26.15082634
-0.115042868	-26.15082634
-0.097453511	-26.12854017
-0.166110318	-26.15082634
-0.077793919	-26.12854017
-0.683640584	-28.60235056
-0.655826113	-28.64692501
-0.741311215	-28.58006441
-0.655877928	-28.62463884
-0.670419952	-28.58006441
-1.144676378	-30.78643665
-1.185329459	-30.78643665
-1.132409167	-30.78643665
-1.157605364	-30.78643665
-1.109941661	-30.76415048
-1.660406935	-33.14881413
-1.715243889	-33.19338856
-1.708450505	-33.14881413
-1.678429162	-33.12652796
-1.671367524	-33.12652796
-2.135970622	-35.37747251
-2.159439532	-35.39975868
-2.094061936	-35.3329002
-2.116857494	-35.35518636
-2.092258084	-35.31061405
-2.597548993	-37.69527768
-2.60308685	-37.69527768
-2.668478977	-37.6729894
-2.553239429	-37.6729894
-2.618542616	-37.69527768
-3.124513901	-39.76793083
-3.084699196	-39.76793083
-3.098644275	-39.76793083
-3.159340033	-39.74564255
-3.099368881	-39.74564255
-3.58472609	-41.95201692
-3.490821392	-41.95201692
-3.540375969	-41.95201692
-3.532820774	-41.95201692
-3.558285145	-41.90744036
-3.963260873	-44.22524764
-3.947969732	-44.22524764
-4.036045326	-44.20295935
-3.921528787	-44.1806753
-4.013807992	-44.15838702
-4.045775936	-42.66518675
-4.027514835	-42.64289846
-4.008768321	-42.68747078
-4.018229719	-42.66518675
-4.024325801	-42.64289846
-4.52836757	-46.58762298
-4.528659775	-46.60991126
-4.572170325	-46.60991126
-4.503297916	-46.60991126
-4.539176307	-46.56533895
-4.968694441	-48.66027614
-4.911719436	-48.74942502
-4.899428273	-48.68256442
-4.945289242	-48.68256442
-4.865088513	-48.6379921
-5.383981358	-51.02265573
-5.385148904	-51.02265573
-5.390407329	-51.00036745
-5.423935301	-50.95579514
-5.388781835	-50.97808342
-5.838989411	-53.05073235
-5.890728665	-53.05073235
-5.937045986	-53.07302063
-5.858015037	-53.02844829
-5.867486335	-53.07302063
-6.288123331	-55.30167901
-6.318070745	-55.27939073
-6.340537053	-55.30167901
-6.303846234	-55.25710669
-6.34975798	-55.23481841
-6.380411158	-52.64511872
-6.430206206	-52.68969104
-6.364573927	-52.667407
-6.43114829	-52.64511872
-6.412834176	-52.64511872
-6.383517161	-52.37768056
-6.365151313	-52.3999646
-6.44230448	-52.37768056
-6.321640445	-52.3999646
-6.408257884	-52.35539228
-6.707152078	-56.0549669
-6.704182757	-56.03267864
-6.736502306	-56.07725096
-6.662296744	-56.0549669
-6.665267981	-56.07725096
-6.895547802	-57.74874476
-6.976471861	-57.77103304
-6.86945942	-57.77103304
-6.905960545	-57.74874476
-6.956024486	-57.74874476
-7.253073473	-59.73225326
-7.342492894	-59.70996498
-7.334937699	-59.70996498
-7.358459142	-59.70996498
-7.291642712	-59.68768094
-7.786802066	-61.93862338
-7.785001568	-61.91633935
-7.847714982	-61.89405107
-7.773851125	-61.87176278
-7.821463093	-61.91633935
-8.283100863	-64.36786357
-8.271646398	-64.30100298
-8.332071347	-64.32328701
-8.251874131	-64.27871469
-8.318904526	-64.27871469
-8.780424136	-66.48508906
-8.72398532	-66.48508906
-8.773490397	-66.5073731
-8.751480122	-66.5073731
-8.720059225	-66.5073731
-8.836728824	-66.30679553
-8.871012379	-66.37365613
-8.763930959	-66.32907957
-8.787834984	-66.30679553
-8.850115359	-66.32907957
-8.803825502	-64.74673466
-8.845062595	-64.79130698
-8.918686301	-64.7690187
-8.812105623	-64.72444638
-8.871479908	-64.7690187
-8.889562812	-63.78841071
-8.907928659	-63.76612243
-8.866599594	-63.76612243
-8.925301327	-63.81069897
-8.854332702	-63.76612243
-9.075991975	-66.84167185
-9.15545724	-66.84167185
-9.118790053	-66.86396013
-9.146604205	-66.81938782
-9.156511097	-66.81938782
-9.438902535	-68.84746441
-9.456033135	-68.84746441
-9.393916267	-68.82518038
-9.392406378	-68.82518038
-9.488329052	-68.82518038
-9.850801462	-71.07612281
-9.910201296	-71.0315505
-9.873295873	-71.00926222
-9.864504793	-71.0315505
-9.949103936	-70.98697818
-10.4193712	-73.17106
-10.42406756	-73.17106
-10.40912004	-73.17106
-10.41672889	-73.14877172
-10.4309649	-73.17106
-10.98247812	-75.31057377
-10.8818942	-75.28828549
-10.90058898	-75.26599721
-10.97908917	-75.2437174
-10.89354028	-75.26599721
-11.5181094	-77.71752143
-11.51435767	-77.73980972
-11.4386435	-77.71752143
-11.5121005	-77.69524165
-11.48522907	-77.69524165
-12.009213	-79.58960127
-11.98715227	-79.61188108
-12.00160608	-79.61188108
-12.00535525	-79.58960127
-11.990356	-79.61188108
-12.50467255	-81.92969261
-12.55646481	-81.90740433
-12.54454027	-81.90740433
-12.57885512	-81.88511605
-12.51602737	-81.88511605
-12.57025565	-79.65645764
-12.60658752	-79.63416936
-12.56736233	-79.67874593
-12.58689381	-79.65645764
-12.59035046	-79.61188108
-12.88690445	-82.46456893
-12.87514469	-82.46456893
-12.84860027	-82.46456893
-12.90328841	-82.41999237
-12.8014833	-82.41999237
-13.2922139	-84.11377443
-13.20831924	-84.06919789
-13.24265964	-84.11377443
-13.24018659	-84.09148614
-13.1767342	-84.06919789
-13.72900492	-86.32014455
-13.73068215	-86.32014455
-13.69960552	-86.32014455
-13.78689295	-86.27557648
-13.73914111	-86.29785627
-14.29756124	-88.03621491
-14.26160365	-88.03621491
-14.31620237	-88.03621491
-14.27107176	-88.01392663
-14.3068058	-88.03621491
-14.36603383	-86.36472111
-14.28321857	-86.36472111
-14.29134157	-86.4092892
-14.34070805	-86.34243283
-14.28014004	-86.38700939
-14.36519074	-87.05560693
-14.38647226	-87.07788671
-14.30024123	-87.10017499
-14.32103734	-87.18931962
-14.38610181	-87.16703984
-14.60992309	-89.10596755
-14.63860076	-89.12825583
-14.55117154	-89.08367927
-14.55309275	-89.12825583
-14.63207324	-89.0391112
-14.67343935	-87.01103036
-14.63535361	-86.98874208
-14.64158989	-87.05560693
-14.59843413	-86.9664538
-14.61345894	-87.01103036
-15.09204017	-91.02261548
-15.14029658	-91.0003272
-15.06395904	-90.95575911
-15.068444	-90.97803892
-15.11573981	-90.93347083
-15.65478175	-92.93926338
-15.60207487	-92.9169751
-15.62257334	-92.9169751
-15.63892153	-92.89468682
-15.65610514	-92.87239854
-16.28118906	-95.07877713
-16.17501523	-95.07877713
-16.23441315	-95.03420059
-16.2529457	-95.01191231
-16.21755017	-94.98962403
-16.34179157	-95.07877713
-16.33893274	-95.07877713
-16.29849913	-95.05648887
-16.3441918	-95.05648887
-16.32269057	-95.05648887
-16.39997595	-92.80554219
-16.37369979	-92.76096563
-16.35582	-92.71639754
-16.38697328	-92.76096563
-16.37806851	-92.76096563
-16.62265651	-95.63594173
-16.67401574	-95.65822154
-16.74215491	-95.61365345
-16.65496712	-95.61365345
-16.70385074	-95.61365345
-16.73037216	-93.91987139
-16.67745322	-93.91987139
-16.69161578	-93.89758311
-16.71446212	-93.89758311
-16.68583809	-93.85301502
-17.14963339	-97.70859066
-17.15443642	-97.6640141
-17.13477848	-97.6640141
-17.16679657	-97.61944601
-17.15537915	-97.61944601
-17.76845804	-99.78123957
-17.75081967	-99.78123957
-17.73183364	-99.78123957
-17.76867392	-99.75895978
-17.75130508	-99.71438322
-17.83686164	-96.90627194
-17.78720008	-96.9508485
-17.82823918	-96.92856022
-17.7677593	-96.92856022
-17.78645152	-96.90627194
-17.8257508	-96.83941559
-17.88010809	-96.79483903
-17.77091448	-96.79483903
-17.82047002	-96.79483903
-17.85176509	-96.77255074
-18.30670161	-101.2967324
-18.31145227	-101.2744441
-18.34380375	-101.2298675
-18.29811108	-101.2298675
-18.31188658	-101.2298675
-18.74009346	-102.4556297
-18.78840481	-102.4110616
-18.80524863	-102.3887733
-18.7298206	-102.3887733
-18.80551433	-102.3441967
-18.80084415	-99.46922909
-18.88393149	-99.42466103
-18.87319365	-99.49151738
-18.79702216	-99.44694081
-18.82826231	-99.44694081
-19.29443358	-102.9905145
-19.30304327	-102.9682262
-19.27129472	-102.9682262
-19.26546465	-102.9459379
-19.31898141	-102.9013613
-19.73822987	-104.3945658
-19.72932894	-104.3945658
-19.71336269	-104.3945658
-19.71789874	-104.3945658
-19.66394894	-104.3277095
-19.99204966	-105.4197504
-20.06932737	-105.4197504
-20.08235815	-105.3751739
-20.00062103	-105.4197504
-20.02485334	-105.3974621
-20.12009899	-103.2356601
-20.01419598	-103.191092
-20.11611989	-103.2133803
-20.14148398	-103.2133803
-20.03447601	-103.2133803
-20.12107748	-102.1659074
-20.12364506	-102.1436192
-20.0572853	-102.1436192
-20.11670877	-102.1659074
-20.13629518	-102.1213309
-20.18058654	-99.75867979
-20.19167183	-99.75867979
-20.12183754	-99.73639151
-20.1685879	-99.71410323
-20.19075977	-99.71410323
-20.19187238	-98.5106294
-20.15707595	-98.44377305
-20.19155431	-98.42148477
-20.16107933	-98.3769082
-20.11581587	-98.33234011
-20.23671941	-97.8197436
-20.13205931	-97.8197436
-20.16985891	-97.8197436
-20.23969321	-97.84203188
-20.13054942	-97.8197436
-19.92883997	-92.98355998
-19.97995777	-92.96127169
-20.04761282	-92.98355998
-19.94396825	-92.98355998
-20.01946909	-93.02812804
-19.75761445	-88.88282173
-19.71292326	-88.88282173
-19.74431925	-88.81596536
-19.73973465	-88.83825365
-19.76511024	-88.83825365
-19.71153728	-89.06111949
-19.74218088	-89.10568756
-19.78159129	-89.06111949
-19.69410968	-89.03883121
-19.75684801	-89.08340777
-19.69026087	-90.0417275
-19.69978646	-90.06401578
-19.76916855	-90.06401578
-19.70348326	-90.06401578
-19.71804437	-90.08630404
-19.70980001	-89.86343822
-19.74680891	-89.84114994
-19.73768698	-89.86343822
-19.72363172	-89.84114994
-19.74462455	-89.84114994
-19.76185926	-89.79657337
-19.72657741	-89.79657337
-19.74438312	-89.79657337
-19.71104803	-89.75200528
-19.66446118	-89.77428509
-19.37621924	-83.89062861
-19.37856455	-83.89062861
-19.42610435	-83.89062861
-19.35605162	-83.89062861
-19.38545103	-83.89062861
-19.07303937	-78.92072379
-19.04045284	-78.92072379
-19.08436609	-78.96529186
-19.10260739	-78.92072379
-19.03831702	-78.89843551
-18.96746975	-80.19105397
-19.071076	-80.21334225
-19.09800363	-80.19105397
-19.02718446	-80.23563053
-19.02802372	-80.23563053
-18.70712244	-75.37715862
-18.73976389	-75.35487034
-18.77437127	-75.35487034
-18.73714522	-75.39943843
-18.72824045	-75.39943843
-18.45686022	-71.0981311
-18.40533493	-71.07584282
-18.40209927	-71.0981311
-18.46610605	-71.0981311
-18.4249967	-71.07584282
-18.03290709	-66.596242
-18.08560886	-66.61852604
-18.0933282	-66.61852604
-18.03314596	-66.64081432
-18.02462058	-66.61852604
-18.04601834	-67.28712355
-18.08062572	-67.28712355
-18.05559502	-67.28712355
-18.0348794	-67.30941183
-18.04942006	-67.26483951
-17.7120518	-62.49550801
-17.69767208	-62.54008455
-17.6426697	-62.49550801
-17.6992369	-62.51779629
-17.7579859	-62.54008455
-17.27439853	-58.19420068
-17.30738999	-58.23877302
-17.29954546	-58.21648473
-17.29349952	-58.21648473
-17.25670779	-58.21648473
-17.02294705	-55.45295001
-17.04903543	-55.43066173
-17.11971536	-55.45295001
-17.02810647	-55.47523405
-17.0357134	-55.45295001
-17.08295301	-56.5227069
-16.99488252	-56.54499093
-17.01726899	-56.5227069
-17.05954717	-56.54499093
-16.95472356	-56.54499093
-17.01106593	-57.30663588
-17.00043539	-57.32892416
-16.97494739	-57.30663588
-17.0282521	-57.2843476
-17.00926607	-57.2843476
-16.73046924	-53.29505076
-16.75021915	-53.25047843
-16.82396485	-53.25047843
-16.73790883	-53.27276248
-16.75857081	-53.27276248
-16.41761432	-48.39200227
-16.31000469	-48.43657461
-16.34734188	-48.41429055
-16.39293619	-48.45886289
-16.30452719	-48.48114692
-15.95548603	-44.603283
-15.9433456	-44.62557128
-15.9572118	-44.58099472
-15.95313561	-44.603283
-15.94507009	-44.603283
-15.95753881	-45.20501991
-15.94224831	-45.20501991
-15.96404079	-45.22730819
-15.93226669	-45.1604476
-15.95783134	-45.22730819
-15.50599124	-40.12367793
-15.54163076	-40.03453328
-15.44095615	-40.05682156
-15.46480908	-40.05682156
-15.53610089	-40.1013939
-15.19217188	-36.95898386
-15.10863362	-36.98127214
-15.15235654	-36.95898386
-15.15419727	-36.95898386
-15.09816276	-37.00355617
-15.05490098	-38.36303948
-15.1153221	-38.38532776
-15.1374978	-38.38532776
-15.08991202	-38.40761182
-15.08340748	-38.38532776
-14.94019922	-35.30977834
-14.85997837	-35.35435065
-14.8675061	-35.28749006
-14.92204861	-35.30977834
-14.84568935	-35.35435065
-14.45662718	-30.96389447
-14.43092202	-30.96389447
-14.39828312	-30.98618061
-14.45859693	-30.98618061
-14.48362763	-30.98618061
-13.93018042	-26.57343615
-13.94755308	-26.61801057
-13.96037054	-26.59572232
-13.8988368	-26.61801057
-13.94870913	-26.55114998
-13.36488786	-22.29441287
-13.37359846	-22.22755228
-13.38827837	-22.2721267
-13.38137273	-22.20526611
-13.34846302	-22.2721267
-13.05827432	-19.75374188
-13.018192	-19.7983142
-12.95555715	-19.70916954
-12.99046982	-19.7983142
-13.01917177	-19.73145571
-12.73316273	-17.59194301
-12.75528733	-17.61423024
-12.80681262	-17.63651639
-12.69632373	-17.61423024
-12.76284572	-17.61423024
-12.09252389	-13.13462623
-12.12471059	-13.09005391
-12.18518663	-13.09005391
-12.0540562	-13.13462623
-12.10838411	-13.17919961
-12.0782898	-14.42724893
-12.11419246	-14.4495351
-12.04116722	-14.42724893
-12.07375758	-14.42724893
-12.11222654	-14.42724893
-11.92613078	-13.04548053
-11.95771837	-13.04548053
-11.97463373	-13.06776667
-11.94708656	-13.06776667
-11.93952817	-13.06776667
-11.38428749	-8.877889097
-11.34679957	-8.811029035
-11.36664784	-8.877889097
-11.41059047	-8.833315715
-11.32275503	-8.900175266
-10.94382904	-6.493224401
-10.95990898	-6.515511103
-10.99686422	-6.515511103
-10.93948588	-6.560084486
-10.96187746	-6.537797784
-10.87522489	-6.537797784
-10.84256044	-6.493224401
-10.82273899	-6.493224401
-10.86759113	-6.493224401
-10.87387851	-6.537797784
-9.121600338	-0.096974945
-9.139790543	-0.163834674
-9.127664165	-0.119261514
-9.121600338	-0.096974945
-9.139790543	-0.163834674
-8.472833388	2.287689573
-8.479811835	2.332262688
-8.468677999	2.309976253
-8.497028022	2.287689573
-8.51945984	2.332262688
-8.440336919	1.908817568
-8.481699836	1.841957883
-8.496989061	1.931104248
-8.45947815	1.819671337
-8.45873087	1.953390817
-8.430621638	1.578697582
-8.453338317	1.600984151
-8.41474353	1.534124467
-8.429478363	1.511837787
-8.380769107	1.600984151
-8.291080793	2.425587712
-8.234382665	2.381014597
-8.269194425	2.314154779
-8.232448678	2.336441481
-8.255295652	2.336441481
-6.824213201	4.498240332
-6.83420504	4.45366695
-6.788896867	4.565099861
-6.791694378	4.45366695
-6.815592654	4.47595363
-5.08115532	6.749184881
-5.077717512	6.793758264
-5.112056953	6.66003865
-5.147051382	6.771471583
-5.139282223	6.749184881
-3.752747252	8.933270435
-3.720370539	8.955556603
-3.775430399	8.933270435
-3.793908978	8.933270435
-3.786564236	8.955556603
-2.764524441	11.09506929
-2.747439828	11.11735545
-2.773464659	11.02820869
-2.6883421	11.13964162
-2.686995718	11.13964162
-1.698829751	13.76945938
-1.750734588	13.76945938
-1.702525595	13.76945938
-1.719493486	13.76945938
-1.673633316	13.76945938
-1.63582493	13.25686709
-1.621678341	13.32372769
-1.685380464	13.25686709
-1.675852003	13.27915431
-1.735232357	13.23458092
-1.136819318	15.46323933
-1.147501513	15.59695841
-1.188144693	15.50781271
-1.117889337	15.57467224
-1.125365093	15.53009888
-0.452653202	17.55817865
-0.450468885	17.55817865
-0.476395995	17.66961156
-0.521831469	17.62503818
-0.486184128	17.69189773
0.399766642	21.07945765
0.347565568	21.05717148
0.416273072	21.05717148
0.41581173	21.03488533
0.432059086	21.05717148
0.681265096	22.06006777
0.663412883	22.08235391
0.686849179	22.0377816
0.681218231	22.08235391
0.643799732	22.06006777
0.786955025	22.28293359
0.776033078	22.28293359
0.821007131	22.30521976
0.795184289	22.28293359
0.769856201	22.26064744
0.736439363	21.65891053
0.779727485	21.77034344
0.792806964	21.61433608
0.827377695	21.5474776
0.8167149	21.50290317
1.30119701	24.53387816
1.312792866	24.53387816
1.314091425	24.55616644
1.31481164	24.53387816
1.263744859	24.53387816
1.761712741	26.60653132
1.784597399	26.67339191
1.699972867	26.65110363
1.781114083	26.65110363
1.778929726	26.65110363
2.286181446	28.94662263
2.352879078	28.85747586
2.331331541	28.87976203
2.356161363	28.81290355
2.337931079	28.85747586
2.646648655	30.66268875
2.710314053	30.66268875
2.677891035	30.66268875
2.749456207	30.66268875
2.735345704	30.66268875
3.45648259	33.27022035
3.426732215	33.44851175
3.408428002	33.3593671
3.397717305	33.33707882
3.339839816	33.38165327
3.845874332	35.54345107
3.894756676	35.54345107
3.873420549	35.54345107
3.914497966	35.49887873
3.889833568	35.56573722
4.405953174	37.72753502
4.411833056	37.72753502
4.361345975	37.77211159
4.430015277	37.70525099
4.397427473	37.70525099
4.982645588	40.00076999
4.952831024	39.95619343
4.999410212	39.93390937
5.019023443	39.95619343
5.047041021	39.88933706
5.013117375	38.35156022
5.022316266	38.3738485
4.9788533	38.35156022
5.034961908	38.35156022
4.991663088	38.32927619
5.244569851	40.44650166
5.312439499	40.44650166
5.280015522	40.44650166
5.260190562	40.44650166
5.244274452	40.42421337
5.653245574	42.36314534
5.655604935	42.27400071
5.653208529	42.29628474
5.598102682	42.29628474
5.558712074	42.25171243
6.056477328	44.61409202
6.003824732	44.48037081
6.081104362	44.48037081
6.048718388	44.54723142
6.111391565	44.45808677
6.127141293	42.94259822
6.141710064	42.96488225
6.139989403	42.98717053
6.127021856	42.92030994
6.105852111	42.92030994
6.626829038	46.86503446
6.576598396	46.86503446
6.613685848	46.79817809
6.571519445	46.79817809
6.621912317	46.79817809
7.122157647	49.09369284
7.203012087	48.98225992
7.187130786	49.02683649
7.22371111	49.04912052
7.244375004	49.04912052
7.734628496	51.45607245
7.720848521	51.45607245
7.650169866	51.43378417
7.667811427	51.43378417
7.615147973	51.38921183
8.235948121	53.52872561
8.255737633	53.46186501
8.28072234	53.48415329
8.254853033	53.48415329
8.278583969	53.46186501
8.808528897	55.51222988
8.784582718	55.5568022
8.734614582	55.51222988
8.777827177	55.48994585
8.731248628	55.51222988
8.805358385	52.67765604
8.893431424	52.65536776
8.851219034	52.67765604
8.873098377	52.65536776
8.894646872	52.63308373
9.220116138	56.68924116
9.171184614	56.71152944
9.22864152	56.71152944
9.209536056	56.68924116
9.254723514	56.68924116
9.380145234	58.36073496
9.441422849	58.29387436
9.405810157	58.29387436
9.455156198	58.31616264
9.406188907	58.27159031
9.815246254	60.05451704
9.864173945	60.03222876
9.828516545	60.05451704
9.904875168	60.00994048
9.868294844	59.98765642
10.39444078	62.26088714
10.35101103	62.21631482
10.36781397	62.21631482
10.34304068	62.17174251
10.35933585	62.17174251
10.98690304	64.28896798
10.99488297	64.24439142
10.97619202	64.2666797
10.98384366	64.22210738
10.9914838	64.2666797
11.5269618	66.74049223
11.50370031	66.69591566
11.49891644	66.65134335
11.45238451	66.65134335
11.49127757	66.60677103
11.54973532	64.64555079
11.52470207	64.64555079
11.54239154	64.62326676
11.47884206	64.64555079
11.49144108	64.64555079
12.0801101	69.10286757
12.07120788	69.10286757
12.10602858	69.08058354
12.09796307	69.08058354
12.04899386	69.03600698
12.65895717	70.97494319
12.64635943	70.97494319
12.62094807	70.99722722
12.6317881	70.9526549
12.58050808	70.97494319
13.23719364	73.22588562
13.18817845	73.20359734
13.21383634	73.22588562
13.21258577	73.18130906
13.17949211	73.18130906
13.3513359	74.16192554
13.42286658	74.0950607
13.39767238	74.0950607
13.43025763	74.0950607
13.40984091	74.13963726
13.77292839	75.56597693
13.80707079	75.54368865
13.79572619	75.58826522
13.77402313	75.52140037
13.76096297	75.49912056
13.95624581	76.18999788
13.96380164	76.18999788
13.9116006	76.1677181
13.97535957	76.12314154
13.89618875	76.14542982
14.3467936	77.81692362
14.38077888	77.79463534
14.37754194	77.81692362
14.37385664	77.72777897
14.36230126	77.79463534
14.91785363	80.045582
14.91369568	80.02329372
14.86834663	80.02329372
14.89802835	80.045582
14.8458733	80.00100546
15.55090853	82.18509577
15.49673646	82.14051921
15.52483931	82.11823093
15.46498536	82.14051921
15.52416867	82.11823093
16.14925514	84.45832224
16.09773241	84.43603396
16.13897206	84.39146589
16.06375862	84.36917761
16.11679763	84.39146589
16.25208856	82.40796162
16.25670509	82.45252968
16.23735118	82.38567333
16.24823081	82.40796162
16.22411857	82.45252968
16.44128841	84.792621
16.43369553	84.72576465
16.3879556	84.74805293
16.43671787	84.72576465
16.37816303	84.77033272
16.78852589	86.48640308
16.84245269	86.48640308
16.78310715	86.50869136
16.81683312	86.53097964
16.78487635	86.4641148
17.40170058	89.00478368
17.44714416	88.96021561
17.41866831	89.00478368
17.46281533	88.93792733
17.45496186	88.91563905
17.40816168	86.66469236
17.43877845	86.64241255
17.36418967	86.64241255
17.44142395	86.66469236
17.40597733	86.66469236
18.10903642	90.60942111
18.09430158	90.58713282
18.12710271	90.56484454
18.12958215	90.58713282
18.11387777	90.54256476
18.3669094	91.99119272
18.401306	92.01347252
18.35208643	91.92432787
18.38550326	92.01347252
18.39491261	92.01347252
18.35339704	89.38365899
18.34226065	89.40594728
18.30400629	89.38365899
18.35793054	89.38365899
18.27174678	89.38365899
18.8656276	93.26152292
18.85525765	93.23923464
18.87659154	93.23923464
18.85467515	93.19466655
18.86290545	93.19466655
19.44854064	95.33418032
19.51594787	95.31189204
19.46706424	95.31189204
19.49830822	95.31189204
19.48743242	95.28960376
19.92088048	96.53765415
19.92755363	96.55994243
19.90513011	96.51536587
19.98152642	96.53765415
19.95074359	96.55994243
20.10853595	94.06384162
20.09493417	94.06384162
20.11165792	94.01926508
20.10098012	94.06384162
20.13903776	94.01926508
20.6350402	98.00857039
20.60693735	98.0308502
20.62999574	98.00857039
20.62479288	98.00857039
20.62886013	97.98628211
21.31311841	99.7914971
21.30404886	99.7914971
21.32727331	99.76920882
21.31493743	99.72463226
21.34584673	99.72463226
21.33542058	97.33997288
21.28565555	97.36225266
21.35357118	97.33997288
21.31459381	97.33997288
21.37511968	97.3176846
21.42276805	93.48299734
21.37875133	93.48299734
21.38484326	93.46070905
21.37740623	93.48299734
21.38740573	93.43842925
21.34820226	88.57994884
21.34195066	88.60223712
21.34971598	88.57994884
21.31422337	88.60223712
21.29888305	88.6245254
21.34042927	88.69138177
21.31497065	88.73595834
21.30992746	88.73595834
21.26331506	88.69138177
21.28346991	88.69138177
21.26205554	89.07025709
21.27163223	89.07025709
21.28007458	89.04796881
21.31451461	89.04796881
21.32447452	89.11482516
21.11048157	84.9026625
21.08742447	84.92495079
21.11761331	84.94723907
21.06167076	84.94723907
21.07791932	84.96952733
20.73588598	80.11104694
20.69553029	80.13333522
20.76231287	80.08875866
20.71249802	80.13333522
20.74172115	80.13333522
20.47254316	75.80973963
20.42986899	75.80973963
20.4583014	75.78745135
20.43301268	75.83202792
20.44800682	75.80973963
20.13460006	71.59757696
20.14480395	71.61985674
20.13006784	71.59757696
20.15493247	71.59757696
20.12520222	71.59757696
19.72193916	66.62766364
19.76313538	66.60537961
19.68539397	66.58309133
19.75221359	66.60537961
19.73222225	66.60537961
19.78064345	67.09568359
19.79059441	67.07339531
19.79408172	67.09568359
19.82134404	67.07339531
19.86161925	67.09568359
19.41640248	62.43778499
19.44348468	62.41550096
19.3654022	62.48236156
19.42558189	62.46007328
19.34465975	62.43778499
19.183656	59.05022508
19.16388181	59.02794104
19.17521492	59.07251336
19.20684723	59.05022508
19.24414354	59.05022508
18.94553165	55.84095869
18.93411551	55.84095869
18.91491615	55.86324272
18.87098374	55.90781928
18.85863382	55.86324272
18.79438177	57.26729836
18.86225398	57.26729836
18.85007906	57.22272605
18.88082485	57.22272605
18.90001398	57.28958664
18.83138683	57.77933493
18.87423218	57.69018605
18.86483688	57.69018605
18.89121396	57.69018605
18.78083876	57.69018605
18.56954369	53.14372462
18.49059002	53.14372462
18.52035604	53.21058522
18.46820099	53.16600865
18.56748835	53.16600865
18.22845818	49.17671182
18.17692906	49.15442354
18.24084387	49.1990001
18.19360043	49.13213951
18.23134894	49.15442354
17.78641959	44.78625561
17.78739169	44.80853967
17.83678244	44.80853967
17.88449596	44.80853967
17.82909759	44.78625561
17.75521904	45.36570427
17.78142495	45.27655962
17.73854384	45.2988479
17.80969513	45.25427133
17.81113732	45.20969902
17.37250939	40.12835702
17.3531938	40.12835702
17.39829503	40.0837847
17.38274521	40.12835702
17.36513239	40.28436651
16.93085402	35.89390608
16.90401325	35.87162202
16.9539865	35.91619436
16.92136165	35.84933374
16.9418103	35.87162202
16.32818213	30.12168251
16.26221453	30.09939636
16.34252224	30.0102496
16.2630244	30.03253577
16.33059769	30.0102496
16.00147761	27.29128719
16.01404469	27.31357336
16.0543991	27.29128719
16.01138642	27.29128719
16.01090995	27.35814568
15.35956265	22.49967165
15.34310587	22.49967165
15.3959801	22.5219578
15.39161139	22.5219578
15.395008	22.49967165
15.39303058	23.0791224
15.32399211	23.0791224
15.39051537	23.0791224
15.34834833	23.0791224
15.35065149	23.10140857
15.36422772	23.97058576
15.37682673	23.97058576
15.37640264	24.01515809
15.42626475	23.94829961
15.41475408	24.08201869
14.84721201	18.04235485
14.84085949	18.10921333
14.84817007	18.06464102
14.76571121	18.22064624
14.76282556	18.06464102
14.23472839	13.74104329
14.22200547	13.71875715
14.17000371	13.76333051
14.19260606	13.71875715
14.15922371	13.69647098
13.39225492	9.060860666
13.40296594	9.08314788
13.48137798	9.105434048
13.49256164	9.060860666
13.5091883	9.060860666
12.64551634	4.915556471
12.60839376	4.915556471
12.64896788	4.960129319
12.64531835	4.937843151
12.69315194	4.960129319
12.11877578	3.021196824
12.16312334	3.021196824
12.164471	3.021196824
12.2545981	3.06576994
12.24859815	3.04348326
12.18543317	4.022978746
12.10841349	3.97840563
12.1356988	4.022978746
12.13771965	4.022978746
12.18883106	4.000692066
12.13346335	3.22066162
12.12257988	3.287521416
12.07340118	3.265234736
12.07856061	3.287521416
12.02934869	3.287521416
11.99718243	4.178984773
12.07101627	4.223557888
12.06429714	4.223557888
12.13057131	4.178984773
12.09742911	4.201271475
12.02620756	4.201271475
12.10625979	4.156698092
12.07551145	4.156698092
12.07797939	4.178984773
12.08620969	4.178984773
12.14079436	4.022978746
12.06636908	4.022978746
12.04817632	4.045265181
11.96644558	4.089838541
12.03654558	4.067551861
11.77901621	2.084045873
11.78555396	2.084045873
11.80642926	2.061759304
11.83998661	2.084045873
11.87724204	2.106332419
11.79597245	2.173192215
11.79860517	2.195478784
11.74842116	2.173192215
11.81415371	2.150905668
11.8505239	2.195478784
11.85547128	2.240052033
11.81158358	2.262338446
11.81091039	2.262338446
11.72182182	2.284625148
11.80284615	2.262338446
11.79864222	2.262338446
11.73039446	2.284625148
11.80721486	2.262338446
11.83456021	2.284625148
11.89734069	2.306911828
11.83627576	2.351484944
11.83442225	2.351484944
11.8545771	2.351484944
11.85498842	2.39605806
11.80850249	2.373771379
11.8117292	2.440631175
11.78800912	2.462917877
11.84789756	2.507490993
11.79775059	2.462917877
11.83129517	2.485204291
11.74681802	2.730356815
11.79091777	2.6857837
11.77748078	2.6857837
11.85303783	2.708070135
11.86798471	2.708070135
11.86809712	2.908649545
11.81299128	2.908649545
11.74591362	2.93093598
11.80169266	2.93093598
11.75281031	2.93093598
11.81343198	3.109228709
11.77009995	3.109228709
11.80592341	3.086942274
11.79478958	3.109228709
11.80927404	3.086942274
11.72291783	3.176088505
11.77554296	3.153801802
11.7880219	3.131515389
11.86832706	3.131515389
11.85206956	3.198375185
11.82140297	3.153801802
11.86134861	3.176088505
11.85576636	3.198375185
11.83922145	3.153801802
11.74076952	3.153801802
11.82460414	3.153801802
11.76207403	3.176088505
11.82590198	3.176088505
11.78230808	3.131515389
11.82686003	3.198375185
11.77247336	3.176088505
11.79738781	3.153801802
11.85433312	3.153801802
11.83602156	3.153801802
11.80573436	3.176088505
11.84421609	3.176088505
11.8722704	3.176088505
11.80691723	3.176088505
11.79481385	3.176088505
11.7579493	3.131515389
11.82112066	3.131515389
11.76043001	3.153801802
11.7868799	3.198375185
11.78402235	3.198375185
11.84803041	3.198375185
11.79724602	3.22066162
11.71993254	3.2429483
11.81266809	3.2429483
11.78835658	3.22066162
11.85769013	3.2429483
11.8043075	3.22066162
11.86113656	3.198375185
11.85394734	3.265234736
11.75289718	3.22066162
11.79640677	3.22066162
11.81811494	3.565546677
11.79509998	3.565546677
11.75654927	3.520973294
11.76986746	3.498686881
11.85244128	3.543259974
11.7947257	3.58783309
11.79921194	3.610119792
11.80609458	3.610119792
11.79144278	3.632406205
11.79620238	3.610119792
11.85906334	3.58783309
11.76548853	3.58783309
11.76208936	3.610119792
11.81803318	3.610119792
11.81920073	3.610119792
11.71972049	3.454113765
11.82635418	3.476400179
11.88171934	3.431827063
11.77986952	3.454113765
11.79409722	3.476400179
11.7806845	2.963808694
11.7377293	2.94152228
11.74184892	2.896949165
11.77048317	2.94152228
11.79459158	2.896949165
11.24392527	0.356278464
11.33266895	0.333991873
11.34712147	0.333991873
11.26895724	0.356278464
11.28940845	0.378565055
7.41017157	-6.507989227
7.419024605	-6.485703059
7.302653917	-6.507989227
7.379665932	-6.463416379
7.431127989	-6.485703059
7.381493255	-6.374270148
7.346555032	-6.374270148
7.419390581	-6.418842996
7.401648105	-6.374270148
7.310766698	-6.374270148
7.278785022	-6.262837236
7.310725182	-6.195977152
7.379025315	-6.240550534
7.33446059	-6.218263854
7.322028274	-6.218263854
5.850339767	-8.669788079
5.887828962	-8.60292855
5.890686511	-8.60292855
5.805774403	-8.647501399
5.864068007	-8.647501399
4.566415309	-10.89844648
4.57682901	-10.89844648
4.628672052	-10.94301986
4.624924474	-10.92073265
4.52290476	-10.89844648
3.641148619	-13.10481871
3.63594097	-13.10481871
3.537998724	-13.10481871
3.616737466	-13.0825315
3.647319749	-13.0825315
2.776664232	-15.40033667
2.776296979	-15.4671962
2.722283311	-15.42262281
2.756674486	-15.40033667
2.748101203	-15.40033667
2.015353052	-17.65128122
1.935393752	-17.65128122
2.051649952	-17.65128122
2.036307555	-17.62899505
1.915517536	-17.62899505
1.371605973	-19.90222577
1.279947187	-19.85765345
1.364087664	-19.92451193
1.354751771	-19.87993962
1.310454582	-19.90222577
0.72071654	-22.06402568
0.777841161	-22.06402568
0.798173809	-22.06402568
0.77738441	-22.08631185
0.712269959	-22.0417374
0.734964044	-21.03884114
0.717196739	-21.06112942
0.745416945	-21.06112942
0.755933556	-21.10570173
0.743626746	-21.08341556
0.157028209	-24.29268409
0.113632287	-24.27039581
0.172649209	-24.29268409
0.1346899	-24.29268409
0.153497829	-24.29268409
-0.413138926	-26.49905421
-0.384513384	-26.45448189
-0.36854981	-26.45448189
-0.325495633	-26.47676804
-0.399537229	-26.49905421
-0.925552429	-28.90600612
-0.893967066	-28.90600612
-0.963257265	-28.95057843
-0.965708919	-28.90600612
-0.941896628	-28.88371997
-1.397920136	-30.97865927
-1.399077143	-30.91179868
-1.421542813	-30.93408484
-1.462629172	-30.88951253
-1.372534165	-30.91179868
-1.928479654	-33.47475583
-1.909191043	-33.38560907
-1.984753046	-33.47475583
-1.958261324	-33.45246967
-1.920061095	-33.40789524
-2.379659173	-35.25768255
-2.340682922	-35.25768255
-2.354957092	-35.25768255
-2.391659407	-35.30225488
-2.389122487	-35.2353964
-2.849250367	-37.597776
-2.859105205	-37.62006003
-2.84386516	-37.597776
-2.877304352	-37.597776
-2.875413158	-37.62006003
-3.341857472	-39.78185784
-3.328473173	-39.75957378
-3.350825473	-39.75957378
-3.344655621	-39.7372855
-3.347626539	-39.75957378
-3.857261094	-42.07737683
-3.814475151	-42.05509278
-3.819579969	-42.09966512
-3.82678292	-42.0328045
-3.845262456	-42.0328045
-4.27635914	-44.39518411
-4.249360609	-44.37289583
-4.25842697	-44.37289583
-4.297456712	-44.35060755
-4.278685608	-44.3283235
-4.297974699	-42.94655613
-4.3488252	-42.96884019
-4.290036603	-42.96884019
-4.261233742	-42.92426788
-4.337498156	-42.92426788
-4.78153109	-46.44554899
-4.76192265	-46.42326071
-4.790979714	-46.42326071
-4.731062213	-46.40097667
-4.708620495	-46.44554899
-5.168427747	-48.58505849
-5.192544778	-48.54048617
-5.182918915	-48.56277446
-5.159612396	-48.54048617
-5.185825005	-48.54048617
-5.689178254	-50.81371689
-5.646213475	-50.79143286
-5.611708291	-50.74686054
-5.702373179	-50.76914458
-5.653364372	-50.74686054
-6.099980532	-53.15380821
-6.161588356	-53.17609649
-6.153523478	-53.17609649
-6.127414657	-53.13152417
-6.124392324	-53.13152417
-6.687763031	-55.38246661
-6.611156592	-55.38246661
-6.529454596	-55.40475489
-6.60716982	-55.36018257
-6.643414187	-55.38246661
-6.612752067	-52.62812465
-6.680608941	-52.62812465
-6.677711793	-52.65041293
-6.636675891	-52.67269696
-6.699100613	-52.62812465
-6.940591553	-55.77053469
-6.911645623	-55.79281872
-6.905260529	-55.79281872
-6.90334251	-55.74824641
-6.974143157	-55.79281872
-7.140942483	-57.75403896
-7.235976724	-57.77632725
-7.161338762	-57.79861128
-7.096200838	-57.77632725
-7.208139579	-57.75403896
-7.650281639	-59.75983152
-7.582390275	-59.6929709
-7.546616631	-59.6929709
-7.612629575	-59.6929709
-7.542905778	-59.6929709
-8.002822248	-62.01077818
-8.061000885	-61.9884899
-8.088051151	-61.9884899
-8.085360942	-61.9884899
-8.046676099	-62.01077818
-8.622488702	-64.32858124
-8.587386971	-64.32858124
-8.541019193	-64.32858124
-8.566546796	-64.32858124
-8.573987662	-64.30629296
-9.037274558	-66.00007502
-9.101741207	-66.0223633
-9.090359555	-66.00007502
-9.087719803	-65.97778674
-9.104357965	-65.97778674
-9.1396347	-64.66287999
-9.113309999	-64.64059171
-9.103226187	-64.64059171
-9.089625049	-64.64059171
-9.174408138	-64.66287999
-9.623075168	-68.74132571
-9.571933738	-68.69675339
-9.672732895	-68.69675339
-9.620155027	-68.69675339
-9.570927784	-68.69675339
-9.920889319	-70.01166013
-9.961379131	-70.01166013
-9.890650658	-70.01166013
-9.872721042	-69.98937185
-9.940589413	-69.98937185
-9.925795181	-67.98357929
-9.986222046	-68.00586757
-9.944486767	-67.96129526
-9.948097344	-68.00586757
-9.994389116	-67.96129526
-9.961761713	-67.89443466
-9.982604444	-67.89443466
-9.969624761	-67.91672295
-9.967366953	-67.87214638
-9.943222777	-67.84986235
-10.32577403	-71.46029234
-10.30128943	-71.43800406
-10.31305047	-71.43800406
-10.36782675	-71.43800406
-10.31663294	-71.41571577
-10.82049715	-73.53294127
-10.79557632	-73.55522955
-10.86746978	-73.55522955
-10.86506188	-73.51065298
-10.8030951	-73.57751783
-11.24544666	-75.33815626
-11.18842854	-75.2935797
-11.15187568	-75.33815626
-11.24970552	-75.31586798
-11.22046834	-75.31586798
-11.74525703	-77.61138273
-11.75499722	-77.61138273
-11.75106155	-77.56681466
-11.75346306	-77.54452638
-11.758961	-77.56681466
-12.33087561	-79.81776132
-12.27790814	-79.84004113
-12.26015353	-79.81776132
-12.34251275	-79.79547304
-12.26377368	-79.77318476
-12.83361763	-82.04641973
-12.80515966	-82.00184316
-12.94745331	-82.00184316
-12.84910357	-81.9572666
-12.80969572	-82.00184316
-13.36267923	-84.07449209
-13.4703144	-84.09678037
-13.42661703	-84.029924
-13.36395152	-84.029924
-13.42761852	-84.029924
-13.44984404	-81.53382322
-13.54641563	-81.46696684
-13.45543395	-81.51153493
-13.43028701	-81.48925513
-13.51982395	-81.48925513
-13.74940631	-84.54251204
-13.81072161	-84.54251204
-13.75864065	-84.54251204
-13.72689338	-84.54251204
-13.84136393	-84.5870886
-14.13709144	-86.19171756
-14.07124009	-86.19171756
-14.07876144	-86.21400584
-14.18622927	-86.23629412
-14.08887974	-86.19171756
-14.57269576	-88.55409716
-14.68143205	-88.53180887
-14.67109787	-88.57638544
-14.60550072	-88.53180887
-14.64961069	-88.48724081
-14.66914345	-86.45915997
-14.74524212	-86.45915997
-14.66011732	-86.43687169
-14.63559376	-86.43687169
-14.72563783	-86.43687169
-14.98216315	-89.31183932
-14.9875474	-89.31183932
-14.92216613	-89.24498295
-14.98712714	-89.26727123
-14.95677351	-89.24498295
-15.79882289	-92.74398003
-15.81708463	-92.76625983
-15.82028835	-92.76625983
-15.81942483	-92.69940346
-15.81780764	-92.74398003
-15.88297686	-89.7352912
-15.9071453	-89.66842636
-15.84006253	-89.69071464
-15.86514688	-89.66842636
-15.94804005	-89.71300292
-16.30352443	-92.94455759
-16.2348909	-92.98912568
-16.29001335	-92.89998103
-16.30873112	-92.94455759
-16.26246618	-92.89998103
-16.66326767	-94.77205239
-16.65916466	-94.7274843
-16.58792906	-94.7274843
-16.59502886	-94.70519602
-16.68134036	-94.7274843
-16.66435985	-92.87769275
-16.61213199	-92.94455759
-16.68832008	-92.89998103
-16.6832884	-93.05599052
-16.62858365	-92.87769275
-17.18561142	-96.80013323
-17.20742945	-96.73327686
-17.13614403	-96.75556514
-17.155512	-96.73327686
-17.21835124	-96.73327686
-17.62467111	-98.5162036
-17.65326064	-98.58305994
-17.69381305	-98.47162703
-17.63352734	-98.53849188
-17.63552009	-98.47162703
-17.69369553	-95.81952522
-17.629013	-95.81952522
-17.76105549	-95.81952522
-17.72209345	-95.81952522
-17.67392262	-95.79723694
-18.5609621	-100.0985527
-18.50660098	-100.1431208
-18.44235276	-100.0985527
-18.495554	-100.1208326
-18.49347056	-100.0762645
-18.98610321	-101.8814795
-18.9477505	-101.9037593
-19.05082023	-101.8591912
-18.99298841	-101.8814795
-18.94580884	-101.7923263
-19.10062358	-101.5694605
-19.07240705	-101.5694605
-19.04809809	-101.5471807
-19.1458615	-101.5471807
-19.05536651	-101.5248924
-19.18329832	-99.3185223
-19.10637828	-99.22936918
-19.08948719	-99.27394574
-19.1821972	-99.20708939
-19.1467774	-99.27394574
-19.63484973	-103.0180885
-19.69280035	-103.0180885
-19.64974423	-103.0403767
-19.58103789	-103.0403767
-19.65857236	-102.9958087
-20.04284683	-104.3552835
-19.9772995	-104.4444366
-20.06861586	-104.3998601
-20.02873537	-104.3552835
-20.01765007	-104.3552835
-20.12594694	-100.900863
-20.08915521	-100.900863
-20.04626643	-100.9231513
-20.1309352	-100.9231513
-20.11396746	-100.9231513
-20.18023397	-98.78196609
-20.11778945	-98.7596863
-20.02841985	-98.7596863
-20.17972684	-98.78196609
-20.15061868	-98.80425437
-20.11494085	-93.67834005
-20.07428753	-93.67834005
-20.02378799	-93.72291662
-20.10037335	-93.65605179
-20.04678123	-93.65605179
-19.80989724	-88.70843523
-19.75815351	-88.70843523
-19.8403505	-88.68614695
-19.78171392	-88.68614695
-19.77135035	-88.66385867
-19.83059371	-89.3101679
-19.76658692	-89.3101679
-19.78451398	-89.33245618
-19.79867909	-89.3101679
-19.77097352	-89.37703275
-19.76418668	-89.64446668
-19.85048541	-89.66675494
-19.77185748	-89.66675494
-19.75809347	-89.66675494
-19.83209721	-89.62218687
-19.50262456	-84.22883015
-19.45949819	-84.20654187
-19.44085706	-84.20654187
-19.47120303	-84.22883015
-19.44612507	-84.25111843
-19.1715871	-79.92752284
-19.20675781	-79.90523456
-19.1773814	-79.97209093
-19.1732771	-79.92752284
-19.18873622	-79.92752284
-18.84416852	-75.44791777
-18.81635181	-75.49248584
-18.91513331	-75.49248584
-18.83011965	-75.49248584
-18.8239102	-75.49248584
-18.50812875	-71.14660622
-18.51052771	-71.12431794
-18.54474548	-71.14660622
-18.50173791	-71.14660622
-18.49725806	-71.12431794
-18.21697561	-66.75614578
-18.1408003	-66.71157345
-18.13491786	-66.71157345
-18.21848422	-66.75614578
-18.12747827	-66.73386173
-18.17995395	-67.24645401
-18.15502544	-67.20187745
-18.13817268	-67.22416573
-18.21175615	-67.22416573
-18.13711627	-67.24645401
-18.18473398	-68.44992785
-18.10632577	-68.42763956
-18.08662312	-68.44992785
-18.19913541	-68.47221613
-18.13119296	-68.42763956
-17.74319869	-62.23197263
-17.67624111	-62.27654495
-17.70339357	-62.23197263
-17.75748388	-62.23197263
-17.70804075	-62.25425666
-17.35635026	-58.19809923
-17.34925046	-58.22038752
-17.37453918	-58.17581095
-17.34586151	-58.1535269
-17.35232516	-58.19809923
-17.06431443	-55.34541563
-17.11148634	-55.36770392
-17.11639795	-55.34541563
-17.09770572	-55.36770392
-17.11512949	-55.38998795
-17.12176303	-55.65743036
-17.14759594	-55.67971439
-17.05939643	-55.67971439
-17.12154971	-55.67971439
-17.12461931	-55.65743036
-17.05701536	-56.59207035
-17.11172521	-56.61435864
-17.08443607	-56.56978632
-17.06440768	-56.59207035
-17.12903401	-56.61435864
-16.86286558	-53.07079349
-16.84824571	-53.07079349
-16.89142701	-53.07079349
-16.85496612	-53.07079349
-16.85278176	-53.07079349
-16.46749048	-48.79176597
-16.44783126	-48.79176597
-16.46861843	-48.81405425
-16.49257355	-48.76948194
-16.46989072	-48.76948194
-16.04970082	-44.40130978
-15.99300077	-44.4458821
-16.05162458	-44.4458821
-16.05649659	-44.4458821
-15.97921633	-44.4458821
-15.94750099	-45.04762326
-16.05518342	-45.04762326
-16.04304427	-45.06990729
-15.92914089	-45.06990729
-16.03972941	-45.04762326
-16.01763291	-45.09219558
-16.04104769	-45.13676789
-16.02804374	-45.09219558
-16.00884439	-45.11447961
-16.00574541	-45.06990729
-16.05704715	-45.73850481
-15.9853172	-45.73850481
-15.9312882	-45.78307714
-16.05278063	-45.69393249
-15.98817602	-45.73850481
-15.51026671	-40.03314186
-15.54303335	-40.03314186
-15.54530584	-39.98856529
-15.5143429	-40.01085357
-15.53995864	-40.05542591
-15.01779373	-35.62039739
-15.0899018	-35.59810911
-15.08280711	-35.62039739
-15.02619009	-35.62039739
-15.05313817	-35.6649697
-14.55891132	-31.20765292
-14.5366232	-31.18536675
-14.56811883	-31.22993907
-14.59335518	-31.20765292
-14.55250898	-31.29679966
-14.00362465	-26.72804995
-14.07821471	-26.72804995
-14.01441869	-26.7057638
-13.97053099	-26.72804995
-14.06868784	-26.7057638
-13.93698258	-28.02067268
-14.01577146	-28.02067268
-13.99197091	-27.9983844
-13.95292073	-27.95381208
-14.01334312	-27.97609823
-13.3852126	-22.15930025
-13.43787989	-22.11472792
-13.42222022	-22.13701408
-13.40458057	-22.13701408
-13.44825623	-22.13701408
-13.39395642	-22.85018391
-13.41893985	-22.87247008
-13.43288397	-22.87247008
-13.39894851	-22.87247008
-13.41775697	-22.87247008
-13.40456013	-22.91704453
-13.41855663	-22.89475836
-13.46738915	-22.91704453
-13.39061474	-22.91704453
-13.39796874	-22.93933068
-12.84553579	-17.76884298
-12.80034641	-17.76884298
-12.77291293	-17.79113021
-12.84804844	-17.76884298
-12.83994332	-17.79113021
-12.18284388	-13.33381341
-12.23637469	-13.35609958
-12.19717505	-13.31152619
-12.16196602	-13.35609958
-12.21811295	-13.33381341
-11.51916709	-9.277654911
-11.56632622	-9.299941079
-11.52545574	-9.322228293
-11.47212932	-9.277654911
-11.57085589	-9.299941079
-11.06465212	-6.870703534
-11.01963008	-6.870703534
-11.11409652	-6.848416832
-11.09254291	-6.870703534
-11.03074348	-6.937563063
-11.13417344	-7.427868135
-11.04618727	-7.405581433
-11.01820578	-7.450154815
-11.14026921	-7.405581433
-11.05891275	-7.427868135
-10.96661662	-6.62555101
-10.98848702	-6.692411072
-11.01735247	-6.62555101
-10.97799572	-6.64783769
-10.96887634	-6.670124392
-9.47387397	0.082710655
-9.576255828	0.038137473
-9.513016124	0.082710655
-9.459016507	0.216430158
-9.546098282	0.082710655
-9.467520811	0.171856975
-9.416867988	0.127283815
-9.482610123	0.238716727
-9.4519001	0.171856975
-9.37748696	0.261003318
-8.456490306	2.311369013
-8.502810182	2.289082578
-8.512397084	2.378228809
-8.444211279	2.222222649
-8.477271083	2.289082578
-8.442138056	2.021643506
-8.440297958	2.021643506
-8.533528508	2.021643506
-8.44918676	2.021643506
-8.438017157	1.977070257
-8.387723283	1.404305121
-8.340560961	1.515738054
-8.342617579	1.448878236
-8.386376902	1.404305121
-8.381582812	1.359731894
-8.332195255	1.359731894
-8.39490356	1.382018441
-8.363319156	1.382018441
-8.293420994	1.29287221
-8.381751429	1.359731894
-8.089559763	2.474061206
-8.204575127	2.362628295
-8.127437927	2.429487824
-8.111225779	2.474061206
-8.189140917	2.540920757
-7.03501839	4.479853764
-6.99760009	4.502140466
-6.953122867	4.435280382
-7.025136407	4.412993968
-6.982604668	4.479853764
-5.987765234	5.616469668
-6.0654696	5.661042516
-6.001873501	5.616469668
-5.977940735	5.661042516
-6.07332179	5.638755814
-5.034117864	6.775371717
-5.062257754	6.730798869
-5.081278909	6.753085015
-5.07053468	6.753085015
-5.052762505	6.775371717
-3.729764234	8.892597186
-3.714558041	8.848024338
-3.742269042	8.848024338
-3.715858436	8.825737658
-3.768990377	8.848024338
-2.636869344	11.12125612
-2.663187658	11.09896889
-2.5949886	11.09896889
-2.650979048	11.12125612
-2.678515365	11.03210936
-1.757830397	13.48363358
-1.682404277	13.48363358
-1.735443767	13.46134744
-1.703101544	13.50591975
-1.696301932	13.46134744
-0.902186989	15.89058445
-0.864227151	15.89058445
-0.827091556	15.89058445
-0.878784983	15.86829828
-0.862338751	15.86829828
-0.251566129	17.96323656
-0.235898135	17.94095039
-0.239512703	17.89637807
-0.247483473	17.85180362
-0.278654338	17.89637807
0.335790875	20.08046202
0.396268556	20.08046202
0.375144079	20.05817586
0.359853097	20.05817586
0.396739678	20.01360354
0.925075399	22.17540135
0.933587527	22.19768749
0.945644366	22.21997366
0.904732212	22.26454809
0.928804934	22.15311518
1.021745034	21.28393799
0.974831725	21.21707737
0.945468005	21.28393799
0.99733931	21.30622414
0.946730477	21.23936565
1.580994682	24.62692557
1.550388928	24.56006498
1.506323347	24.58235326
1.601835656	24.62692557
1.508262124	24.62692557
2.040844568	26.52128522
2.088935561	26.49899905
2.040973107	26.45442462
2.090281943	26.49899905
2.095065016	26.54357136
2.574286703	28.90594885
2.644561859	28.79451594
2.691475886	28.86137653
2.578665478	28.81680422
2.669796138	28.86137653
3.107276958	31.02317434
3.208241857	31.02317434
3.217901571	31.06774877
3.104465715	31.00088817
3.171826957	31.00088817
3.757462782	33.5861315
3.707577358	33.5861315
3.753517845	33.54155916
3.789923803	33.65299209
3.716314788	33.5861315
4.280014106	35.63649637
4.264098635	35.61421234
4.292401393	35.65878465
4.28858771	35.63649637
4.269103496	35.54735172
4.836269684	37.88744305
4.769793682	37.86515477
4.798555028	37.84287072
4.830767275	37.86515477
4.767313606	37.84287072
5.305133717	39.98238024
5.338949104	39.96009621
5.342137819	39.96009621
5.293632308	39.93780793
5.367099213	39.91552387
5.962717935	42.21103864
5.836470374	42.16646631
5.958936186	42.16646631
5.974985465	42.21103864
5.867006032	42.18875459
6.467021571	44.48427359
6.416865657	44.61799055
6.465051178	44.55112996
6.501452666	44.57341824
6.387390244	44.48427359
6.433324983	43.1693626
6.508883313	43.19165088
6.483388923	43.1693626
6.482881156	43.1693626
6.484440225	43.14707856
6.492577276	42.25561521
6.533408155	42.25561521
6.493415891	42.25561521
6.551035026	42.25561521
6.502659811	42.25561521
7.131586152	47.0695148
7.108785803	47.04723074
7.125823153	47.09180308
7.119317344	47.0695148
7.124145924	47.09180308
7.543629426	48.78558092
7.605783338	48.78558092
7.490283201	48.83015748
7.565013136	48.76329686
7.588613778	48.71872455
8.082208314	51.05881586
8.131044672	51.08109992
8.014835576	51.05881586
8.083423124	51.03652758
8.086976856	51.1033882
8.570911678	53.3097583
8.627825049	53.33204658
8.61141171	53.3097583
8.605981474	53.33204658
8.62992382	53.28747426
9.225796745	55.71671023
9.124910725	55.67213789
9.160607725	55.71671023
9.223692225	55.67213789
9.099418251	55.64984963
9.406917026	56.34073542
9.282679458	56.38530774
9.441735174	56.31844714
9.398733989	56.31844714
9.306539412	56.29616311
9.403268766	53.32118242
9.448161783	53.38803879
9.468920205	53.34346647
9.383279979	53.32118242
9.425442549	53.32118242
9.835593352	58.0236491
9.892255713	58.00136507
9.883352221	58.00136507
9.867306774	57.9567885
9.864993399	58.0236491
10.1930015	60.18544689
10.32064207	60.20773517
10.33131412	60.16316285
10.19044861	60.11859054
10.29271423	60.14087457
10.78369903	62.43639357
10.75992786	62.39182125
10.81822465	62.39182125
10.80668716	62.36953297
10.78361345	62.39182125
11.3126891	64.70962429
11.38576033	64.62047966
11.31301867	64.62047966
11.32062432	64.68734025
11.32384465	64.66505197
11.85985149	66.53712334
11.86372585	66.53712334
11.85157904	66.55941162
11.86837815	66.55941162
11.87515732	66.53712334
11.94671228	65.08849538
11.79522006	65.06621132
11.91600992	65.06621132
11.93806682	65.04392304
11.81924927	65.06621132
12.39322688	68.96636353
12.48225414	68.96636353
12.47734381	68.98864756
12.38678878	68.98864756
12.48074298	68.96636353
13.01176028	71.06130072
12.99122732	71.083589
13.042013	71.06130072
13.04350883	71.06130072
12.96948083	71.03901668
13.59189625	73.20081449
13.59925153	73.22310277
13.59706718	73.22310277
13.62040914	73.22310277
13.627896	73.17852621
14.18991585	75.47404943
14.1355394	75.45176115
14.22519259	75.47404943
14.20302072	75.47404943
14.17632685	75.47404943
14.70532203	77.72498764
14.86971473	77.68041955
14.85177234	77.74727592
14.70221411	77.68041955
14.82586407	77.68041955
15.33089008	80.08736724
15.4162793	80.06507895
15.26676194	80.06507895
15.36735224	80.08736724
15.42090732	80.02051087
15.49758977	77.16782304
15.33601502	77.14554323
15.42853852	77.16782304
15.46129239	77.16782304
15.32757139	77.16782304
15.7592643	80.35480964
15.6424165	80.39937771
15.76611501	80.37709793
15.74456523	80.39937771
15.62549859	80.37709793
16.08610805	82.18230442
16.14264331	82.13773636
16.04771956	82.13773636
16.08165503	82.13773636
16.09257809	82.13773636
16.53720598	84.34410648
16.63935215	84.34410648
16.67937699	84.3218182
16.51415909	84.27725011
16.61591438	84.29952991
17.23930829	86.72877435
17.27106706	86.72877435
17.30483135	86.63962123
17.22818084	86.66190951
17.22919382	86.66190951
17.89290382	88.7568467
17.76169803	88.7568467
17.86682183	88.77913498
17.87496782	88.73456691
17.79740525	88.71227863
17.89549184	86.41675538
17.91007594	86.43904366
17.94350044	86.43904366
17.86393873	86.48362023
17.87671786	86.48362023
18.55716949	90.80721582
18.44024122	90.80721582
18.53991051	90.78492754
18.57334779	90.78492754
18.4520508	90.78492754
18.57419598	88.13282575
18.50545259	88.15511403
18.61885524	88.15511403
18.61862147	88.17740231
18.50931035	88.15511403
18.95572659	91.18609114
18.94691252	91.14151457
18.9022686	91.11922629
18.99180554	91.11922629
18.97879392	91.16380286
19.51968171	93.28102835
19.41641653	93.25874006
19.48952608	93.23645178
19.5177605	93.23645178
19.44070505	93.2141635
20.22956213	95.2868209
20.08458211	95.2868209
20.20490827	95.26453262
20.22897197	95.24224434
20.09781855	95.21995606
20.98903896	97.42633465
20.92247737	97.44861446
20.95300856	97.38175809
20.95593764	97.42633465
20.89282887	97.40404637
21.05141578	97.04745934
20.97226028	97.06974762
21.03349127	97.02517105
21.00853212	97.06974762
20.90774509	97.06974762
20.92571303	95.62111966
21.11269914	95.62111966
21.06784062	95.62111966
20.93810128	95.64340794
21.05649473	95.66568773
21.20408704	97.44861446
21.20194484	97.42633465
21.11716111	97.40404637
21.1914497	97.38175809
21.25663936	97.38175809
21.20840466	95.77712066
21.29852026	95.82169722
21.22812264	95.82169722
21.14262867	95.82169722
21.22442839	95.82169722
21.26698248	94.35078098
21.29502529	94.35078098
21.24610718	94.37306927
21.24438396	94.39535755
21.26815514	94.35078098
21.31030174	91.49726168
21.2708313	91.49726168
21.26314517	91.47497339
21.2889653	91.49726168
21.31401387	91.49726168
21.34132728	91.27439583
21.30196158	91.29668411
21.2260047	91.22982776
21.30461475	91.22982776
21.33917614	91.25210755
21.29149966	88.77830352
21.24833497	88.77830352
21.29053267	88.75601524
21.32052479	88.80058332
21.25076714	88.82287161
21.12784913	84.09812089
21.01612499	84.09812089
21.00004506	84.07583261
21.08446728	84.03125605
21.01729382	84.09812089
20.81091036	81.04485548
20.87689073	81.06714376
20.88103462	81.08943204
20.85102206	81.06714376
20.86715181	81.06714376
20.5195605	75.62921897
20.5012566	75.62921897
20.45475789	75.60693069
20.50767938	75.60693069
20.53044652	75.65149878
20.22962217	71.19418197
20.07859365	71.19418197
20.19069334	71.17190219
20.22193349	71.17190219
20.09560481	71.17190219
19.87267772	66.82601407
19.81481396	66.87058638
19.88714429	66.82601407
19.89905479	66.82601407
19.84199069	66.80373003
19.86784147	67.40546695
19.84970364	67.40546695
19.80484894	67.40546695
19.88010964	67.40546695
19.91750303	67.36089463
19.77347723	68.40836322
19.81177885	68.40836322
19.88965056	68.45293553
19.8236242	68.45293553
19.75457295	68.45293553
19.82959605	68.40836322
19.7633602	68.43064725
19.84050762	68.40836322
19.82992946	68.40836322
19.72173478	68.40836322
19.83567649	68.38607494
19.77764667	68.43064725
19.85861096	68.43064725
19.85044837	68.47522381
19.75580437	68.43064725
19.45081952	62.85900127
19.51180781	62.85900127
19.42137285	62.88128955
19.42578883	62.85900127
19.45921333	62.85900127
19.13682899	58.11196227
19.11615424	58.11196227
19.05013938	58.11196227
19.0727264	58.15653458
19.08934668	58.15653458
18.89870337	55.81644327
18.81142998	55.86101561
18.86862438	55.81644327
18.93334396	55.88330389
18.89614984	55.83872733
18.80013264	56.84329501
18.80412324	56.77643864
18.9139581	56.79872268
18.82823421	56.82101096
18.81281341	56.79872268
18.79450696	56.70957805
18.87809759	56.75415036
18.86678237	56.77643864
18.82571389	56.73186208
18.82378885	56.68728976
18.68780812	53.45573509
18.58895892	53.41116278
18.63834967	53.41116278
18.65446665	53.41116278
18.63805587	53.47802338
18.39658856	49.66701582
18.26929161	49.64473177
18.3542133	49.68930408
18.41251265	49.60015521
18.25055468	49.68930408
17.81991435	44.65253442
17.90315881	44.69710673
17.87468935	44.65253442
17.81605021	44.65253442
17.91273166	44.69710673
17.83398238	44.76396733
17.89336113	44.80853967
17.82889321	44.78625561
17.84931759	44.7416833
17.88618341	44.78625561
17.86241607	45.25427133
17.81449689	45.18741499
17.87678045	45.20969902
17.90100638	45.27655962
17.82952808	45.2319873
17.38020574	40.28436651
17.44510032	40.26207823
17.43544316	40.30665055
17.39091803	40.30665055
17.47466834	40.26207823
17.08344481	36.09448787
16.9172433	36.20592078
17.04560177	36.1167719
17.04769032	36.16134847
16.94342366	36.13906018
16.54288403	31.34744465
16.54942305	31.34744465
16.47105699	31.39201907
16.56493837	31.32515848
16.52094337	31.39201907
16.51656571	32.5954929
16.41051196	32.61778119
16.50274167	32.61778119
16.53567565	32.61778119
16.39400027	32.72921412
16.02093755	26.95698844
15.98965015	26.97927461
15.92077901	26.97927461
15.98258867	26.97927461
16.02603056	26.93470229
15.48092734	22.36595257
15.38051587	22.34366429
15.4429093	22.38823872
15.48902862	22.43281104
15.37034009	22.38823872
15.46653868	23.10140857
15.35155589	22.96768949
15.42471654	23.0122618
15.51312809	22.98997564
15.36877271	23.0122618
14.84283691	18.0200687
14.86747928	18.04235485
14.84690927	17.99778042
14.84712387	18.06464102
14.87034577	17.95320808
14.21243517	13.54046468
14.19248087	13.51817745
14.22575337	13.51817745
14.27992799	13.56275083
14.19365864	13.51817745
13.54264218	9.239154173
13.60919611	9.21686696
13.64124357	9.239154173
13.51680417	9.21686696
13.5872695	9.261440342
13.00710543	6.809916095
13.14788535	6.809916095
13.13372663	6.832202797
13.03717931	6.809916095
13.12886356	6.832202797
12.65906319	4.603544395
12.65272344	4.581257715
12.53748262	4.581257715
12.6835165	4.558971012
12.65713687	4.558971012
12.32491015	3.400068696
12.31473181	3.444641811
12.37172821	3.422355131
12.33002231	3.444641811
12.30057436	3.466928514
12.23042072	3.442970414
12.17972957	3.420683712
12.13122662	3.398397299
12.24794029	3.420683712
12.17842151	3.48754353
12.21840036	4.93617122
12.19967493	4.980744602
12.12936033	4.93617122
12.19476076	4.913885051
12.13809776	4.93617122
12.15296417	4.980744602
12.15447533	4.980744602
12.22710203	4.9584579
12.14448605	4.93617122
12.19404286	4.93617122
12.14253801	3.376110596
12.10310205	3.442970414
12.1723513	3.420683712
12.19508267	3.398397299
12.1194924	3.398397299
12.09842676	3.50983021
12.14500851	3.48754353
12.18746807	3.50983021
12.09305401	3.50983021
12.18088051	3.532116645
12.16411205	3.50983021
12.1019575	3.50983021
12.14193763	3.50983021
12.22409502	3.50983021
12.07764726	3.48754353
12.16680482	3.50983021
12.16533964	3.48754353
12.1059826	3.50983021
12.16685336	3.48754353
12.12060119	3.50983021
12.06265056	3.50983021
12.17566105	3.532116645
12.19250998	3.50983021
12.07750675	3.554403325
12.21846551	3.554403325
11.89775329	3.631570518
11.99481157	3.653857198
11.94642486	3.653857198
12.02493271	3.631570518
11.93382712	3.653857198
11.94907164	3.676143634
11.97204444	3.609284083
11.91010832	3.676143634
11.98317061	3.676143634
11.94911763	3.653857198
11.97973312	3.631570518
11.96218673	3.586997402
12.02979578	3.631570518
11.9034224	3.653857198
11.90396402	3.631570518
11.85288837	3.720717016
11.97980593	3.765290109
11.94166909	3.765290109
12.00337528	3.743003429
11.94582576	3.787576545
11.94769715	3.520137585
11.96042519	3.542424287
11.9801189	3.520137585
11.8548428	3.497851171
12.02313669	3.520137585
11.88175127	2.896113188
11.8755546	2.896113188
11.88179982	2.873826753
11.89646311	2.851540073
11.8677369	2.851540073
11.35229495	0.35544271
11.34176277	0.333156119
11.38778757	0.333156119
11.35835367	0.35544271
11.30017823	0.377729301
7.758746485	-6.486538768
7.787348155	-6.508824937
7.705496065	-6.486538768
7.760182285	-6.531111617
7.750847031	-6.486538768
7.76317907	-5.973947017
7.784094612	-6.018520399
7.711768747	-5.973947017
7.773973117	-5.996233719
7.762937002	-6.018520399
6.54151391	-7.957452894
6.468107363	-7.957452894
6.521523845	-7.957452894
6.493634327	-7.957452894
6.578813411	-7.957452894
6.5229424	-6.909983755
6.468666226	-6.976843307
6.509319546	-6.976843307
6.506866296	-6.932270458
6.461119974	-6.909983755
5.777494	-8.670623788
5.846467962	-8.715197171
5.828231131	-8.670623788
5.842047512	-8.692910491
5.752791599	-8.670623788
4.621585026	-10.92156834
4.661742714	-10.92156834
4.631324897	-10.92156834
4.561324223	-10.94385557
4.683864124	-10.89928219
3.524627518	-13.19480012
3.643285713	-13.21708734
3.573750971	-13.15022674
3.655831717	-13.19480012
3.538813067	-13.15022674
2.774173617	-15.31202561
2.737381883	-15.31202561
2.713479136	-15.28973944
2.726624561	-15.31202561
2.733977607	-15.28973944
1.982175568	-17.42925108
1.928797567	-17.4515383
2.032290445	-17.4515383
1.948114122	-17.4515383
1.916199349	-17.4515383
1.277432062	-19.74705623
1.273392997	-19.74705623
1.31837639	-19.72477008
1.280568164	-19.72477008
1.214770143	-19.74705623
0.603443687	-21.93114231
0.662409444	-21.93114231
0.644552521	-21.90885403
0.63446851	-21.90885403
0.679046807	-21.93114231
0.627398728	-21.12882359
0.659657122	-21.12882359
0.632275809	-21.12882359
0.598227775	-21.15111187
0.656126702	-21.12882359
0.006890371	-24.27123363
0.07823825	-24.24894535
0.072969381	-24.2935198
-0.011371795	-24.2935198
0.071114713	-24.2935198
-0.439365626	-26.36617084
-0.461704474	-26.36617084
-0.521611077	-26.3215985
-0.483599943	-26.34388467
-0.456879607	-26.34388467
-0.982026612	-28.929128
-1.029893102	-28.929128
-1.057884654	-28.88455566
-1.039862188	-28.90684183
-1.022768792	-28.88455566
-1.528412503	-30.86806207
-1.521581755	-30.8457759
-1.584281597	-30.82348762
-1.556137077	-30.86806207
-1.563745124	-30.8457759
-1.897650992	-32.71784727
-1.979680163	-32.6955611
-1.975857857	-32.67327495
-1.949732909	-32.71784727
-1.955029337	-32.67327495
-2.564844147	-35.86025731
-2.579905676	-35.88254134
-2.571586275	-35.9271179
-2.613967441	-35.90482962
-2.544078859	-35.90482962
-3.05907483	-37.68775634
-3.046057465	-37.64318402
-3.040813091	-37.66546805
-3.097926055	-37.66546805
-3.079447157	-37.66546805
-3.512072572	-39.93870302
-3.538179795	-39.98327533
-3.536773376	-39.93870302
-3.501097772	-39.96098705
-3.586542875	-39.91641474
-3.979010921	-42.18964545
-3.969725486	-42.21193374
-4.067835072	-42.21193374
-3.933913519	-42.14507314
-4.018493502	-42.18964545
-4.499943458	-44.26229861
-4.449079544	-44.24001033
-4.458377754	-44.21772629
-4.44858519	-44.24001033
-4.419567086	-44.21772629
-4.445531241	-43.01424821
-4.445873265	-43.01424821
-4.473067877	-42.94739184
-4.485726932	-42.99196416
-4.475709225	-42.96967588
-4.946495429	-46.69153457
-4.922060644	-46.64696224
-4.914746559	-46.69153457
-4.987125436	-46.6246782
-4.893714773	-46.6246782
-5.374222645	-48.74190367
-5.390964277	-48.69732713
-5.376129807	-48.71961539
-5.377236037	-48.67504308
-5.456355765	-48.67504308
-5.88677766	-51.10427904
-5.933553568	-50.99284611
-5.867768641	-51.03741845
-5.981002029	-51.03741845
-5.88718579	-50.99284611
-6.386301897	-53.13235988
-6.369333527	-53.13235988
-6.364747654	-53.15464391
-6.34514081	-53.13235988
-6.436529346	-53.13235988
-6.811510077	-55.33873
-6.869360422	-55.31644595
-6.814851122	-55.27186938
-6.832057089	-55.31644595
-6.799011975	-55.29415767
-6.880132115	-52.85099049
-6.908551755	-52.82870221
-6.923400915	-52.80641815
-6.875634382	-52.82870221
-6.873740633	-52.85099049
-7.133707278	-55.77053469
-7.159236158	-55.77053469
-7.114557105	-55.77053469
-7.1739761	-55.79281872
-7.073154589	-55.72595812
-7.414564556	-57.73175068
-7.433537808	-57.73175068
-7.398270015	-57.73175068
-7.420992443	-57.70946663
-7.403691948	-57.70946663
-7.786024128	-60.02726968
-7.831212864	-60.02726968
-7.839567073	-60.04955796
-7.814627076	-60.00498563
-7.832151755	-59.98269734
-8.298856978	-62.03306224
-8.272709836	-62.01077818
-8.345275214	-62.01077818
-8.314961186	-61.96620162
-8.29245911	-61.96620162
-8.851319949	-64.19486002
-8.816549066	-64.19486002
-8.821134939	-64.17257599
-8.828549619	-64.23943659
-8.789256093	-64.15028771
-9.32823417	-66.26751318
-9.360048506	-66.31208551
-9.295136683	-66.26751318
-9.318988973	-66.26751318
-9.298670616	-66.26751318
-9.355237172	-64.81888522
-9.327562256	-64.79660119
-9.344531904	-64.79660119
-9.410937649	-64.7743129
-9.356123689	-64.79660119
-9.31259813	-64.41772587
-9.388739595	-64.39544183
-9.377207209	-64.37315355
-9.358168171	-64.39544183
-9.374805694	-64.39544183
-9.610796141	-67.1366925
-9.604191333	-67.15897656
-9.580964332	-67.18126481
-9.634137469	-67.1366925
-9.636043992	-67.11440422
-9.822527445	-68.67446511
-9.899018918	-68.65217683
-9.899565008	-68.62989279
-9.881542781	-68.65217683
-9.874697183	-68.62989279
-10.41398695	-70.99226814
-10.33658469	-70.96998411
-10.35917554	-71.01455642
-10.36195772	-70.96998411
-10.31928291	-70.96998411
-10.83219816	-73.24321905
-10.90721742	-73.19864249
-10.86030483	-73.22093077
-10.88096809	-73.22093077
-10.8294824	-73.17635423
-10.92991175	-71.41571577
-10.91041731	-71.41571577
-10.88148416	-71.43800406
-10.92772867	-71.41571577
-10.93360599	-71.41571577
-11.08267115	-73.51065298
-11.11407991	-73.51065298
-11.1513826	-73.51065298
-11.10260884	-73.53294127
-11.10534376	-73.51065298
-11.51937148	-75.40501261
-11.48609898	-75.40501261
-11.44996767	-75.33815626
-11.5140907	-75.36044454
-11.42404663	-75.36044454
-11.97634673	-77.5222381
-11.97680276	-77.54452638
-11.97024969	-77.54452638
-11.98754316	-77.54452638
-11.98726979	-77.5222381
-12.4851283	-79.99605061
-12.57291137	-79.95147404
-12.50946025	-79.92919426
-12.52076398	-79.90690598
-12.46935621	-79.90690598
-13.07271152	-81.91269853
-13.10824757	-81.86812197
-13.07797059	-81.89041025
-13.09683015	-81.86812197
-13.10263977	-81.82355388
-13.14817916	-79.8846177
-13.10235747	-79.86232941
-13.11155093	-79.8846177
-13.19264297	-79.90690598
-13.10151949	-79.86232941
-13.74421623	-84.38651104
-13.74829369	-84.36422276
-13.73536383	-84.36422276
-13.72465665	-84.34193448
-13.79396593	-84.29735791
-14.3150195	-86.52601632
-14.2846135	-86.52601632
-14.34904566	-86.48144825
-14.32985525	-86.50373653
-14.3030694	-86.45915997
-14.8268911	-88.88839591
-14.82878294	-88.86610763
-14.94895326	-88.84382785
-14.84928141	-88.86610763
-14.85489559	-88.75467472
-14.93875959	-86.57059288
-14.88903671	-86.57059288
-14.91323326	-86.57059288
-14.86350017	-86.57059288
-14.92936302	-86.57059288
-14.88322709	-85.45626368
-14.95054234	-85.47855196
-14.98683589	-85.47855196
-14.94454239	-85.45626368
-14.91614446	-85.45626368
-15.23009284	-88.95526076
-15.24683702	-88.91068419
-15.26295017	-88.91068419
-15.28160791	-88.91068419
-15.22772326	-88.88839591
-15.64371562	-90.64903437
-15.60424517	-90.64903437
-15.60411616	-90.62675456
-15.580101	-90.62675456
-15.59122462	-90.60446628
-16.16385968	-92.98912568
-16.2160109	-93.03370224
-16.21063814	-93.03370224
-16.18938856	-92.98912568
-16.21061387	-92.96684587
-16.40390907	-93.34571272
-16.35333545	-93.34571272
-16.40306982	-93.34571272
-16.35216918	-93.34571272
-16.38681488	-93.32342444
-16.44847891	-90.8496204
-16.39900768	-90.80504384
-16.42892188	-90.80504384
-16.39706603	-90.8496204
-16.39673518	-90.8496204
-16.67993777	-93.43485735
-16.71324986	-93.41257756
-16.63764554	-93.41257756
-16.68497712	-93.43485735
-16.7022757	-93.43485735
-16.69536496	-92.05309423
-16.7365254	-92.05309423
-16.67974616	-92.05309423
-16.66327278	-92.05309423
-16.76760587	-92.05309423
-17.13497265	-95.46293819
-17.05095153	-95.39608184
-17.12806318	-95.39608184
-17.12385797	-95.39608184
-17.09631208	-95.39608184
-17.64406207	-97.33500955
-17.62399792	-97.29044146
-17.62099602	-97.35729783
-17.61113193	-97.33500955
-17.65725891	-97.29044146
-17.8814583	-98.27104947
-17.96297954	-98.24876119
-17.92631683	-98.27104947
-17.90568934	-98.24876119
-17.92987695	-98.18190484
-17.99387096	-95.70809231
-17.91721662	-95.73038059
-17.97522983	-95.70809231
-17.93692437	-95.70809231
-17.97901094	-95.66351575
-18.66275699	-99.76425399
-18.68593417	-99.76425399
-18.62068448	-99.71967743
-18.68267424	-99.71967743
-18.69157518	-99.71967743
-19.38236099	-101.9706241
-19.42784161	-101.9929124
-19.32763964	-101.9483358
-19.44351151	-101.9706241
-19.41058391	-101.9706241
-19.54700917	-102.238058
-19.62586065	-102.2826346
-19.58523671	-102.19349
-19.59980548	-102.2157782
-19.58540022	-102.19349
-19.64205044	-100.0093996
-19.67285244	-99.98711983
-19.62837585	-99.96483155
-19.59679209	-99.96483155
-19.67193654	-99.94254327
-20.11215228	-103.4415403
-20.14357253	-103.4415403
-20.08469196	-103.3969638
-20.11700385	-103.3746755
-20.066047	-103.3969638
-20.29646734	-98.17717058
-20.20847606	-98.15488229
-20.26639219	-98.17717058
-20.20847606	-98.15488229
-20.24265167	-98.19945038
-20.25539375	-97.97658454
-20.2197223	-97.93201647
-20.24524735	-97.93201647
-20.26502537	-97.95430475
-20.23160086	-97.95430475
-20.15316582	-93.09582435
-20.27182498	-93.07353607
-20.18653029	-93.05125628
-20.17388145	-93.07353607
-20.24948577	-93.07353607
-19.99075054	-89.19567214
-20.02501302	-89.19567214
-19.97656755	-89.15110408
-19.96890569	-89.19567214
-20.03261995	-89.17338386
-19.98387429	-89.26253699
-20.05400749	-89.30710508
-19.97723563	-89.30710508
-19.99558423	-89.2848168
-19.96972706	-89.2848168
-19.70786858	-84.15890248
-19.61923093	-84.20347904
-19.68094222	-84.18119076
-19.73414346	-84.20347904
-19.66401665	-84.15890248
-19.41973394	-79.83530689
-19.37377046	-79.87988345
-19.37722711	-79.83530689
-19.36990888	-79.87988345
-19.38523898	-79.85759517
-19.0707311	-75.31113374
-19.04795885	-75.3557018
-19.04885176	-75.33342202
-19.02544209	-75.3557018
-19.0312862	-75.37799009
-19.01321735	-76.73747341
-18.98430846	-76.73747341
-19.01321735	-76.73747341
-18.99924385	-76.67061704
-19.01816856	-76.69289685
-18.98244218	-76.82661804
-19.0424111	-76.82661804
-19.0051761	-76.80432976
-19.01464549	-76.84890632
-19.02293072	-76.82661804
-18.59727608	-70.72009574
-18.60773928	-70.69780746
-18.57608143	-70.65323514
-18.58623805	-70.69780746
-18.66031971	-70.69780746
-18.28889335	-66.59707769
-18.23648026	-66.59707769
-18.32064573	-66.59707769
-18.30888469	-66.59707769
-18.25288849	-66.61936175
-18.27206357	-67.15424229
-18.33505738	-67.15424229
-18.25441371	-67.15424229
-18.28790081	-67.13195401
-18.26494972	-67.17652635
-17.92762617	-62.54092026
-17.94639503	-62.56320432
-17.89380439	-62.56320432
-17.9220899	-62.54092026
-17.94106571	-62.54092026
-17.44301432	-57.74930472
-17.55916466	-57.79387704
-17.47231154	-57.79387704
-17.48654818	-57.81616107
-17.51392802	-57.81616107
-17.31471206	-55.45378572
-17.30475726	-55.47606976
-17.28280128	-55.45378572
-17.29547566	-55.49835804
-17.19920298	-55.49835804
-17.29642605	-56.74891554
-17.27350307	-56.70433898
-17.20582631	-56.77119959
-17.31534182	-56.70433898
-17.27525566	-56.74891554
-17.01839566	-53.09391323
-16.98706227	-53.13848555
-17.0195747	-53.09391323
-17.05581077	-53.11620152
-17.01382512	-53.11620152
-16.63602197	-48.63659643
-16.62338335	-48.65888471
-16.61483242	-48.72574531
-16.61958819	-48.70345703
-16.5975134	-48.65888471
-16.17412616	-44.29071256
-16.19378666	-44.29071256
-16.16891819	-44.29071256
-16.13746345	-44.31300084
-16.21205095	-44.31300084
-16.21316101	-44.95931007
-16.16074921	-44.95931007
-16.1614224	-44.95931007
-16.17205422	-44.93702604
-16.14547148	-44.95931007
-16.13227208	-45.85077345
-16.19229721	-45.82848939
-16.14771971	-45.85077345
-16.17041914	-45.85077345
-16.14134292	-45.85077345
-16.13083117	-46.36336571
-16.11704928	-46.36336571
-16.10601125	-46.34107743
-16.11666734	-46.38565399
-16.15791721	-46.34107743
-15.65589309	-40.14541048
-15.64946521	-40.16769453
-15.65920795	-40.16769453
-15.63948359	-40.12312219
-15.68113967	-40.12312219
-15.19420423	-35.71037773
-15.19981586	-35.75495004
-15.17287161	-35.71037773
-15.21519961	-35.71037773
-15.23233468	-35.71037773
-14.70629796	-30.98562279
-14.65769282	-31.00790893
-14.68625425	-31.00790893
-14.65337647	-30.98562279
-14.61838588	-31.00790893
-14.17791977	-26.70659951
-14.18689863	-26.75117182
-14.16758175	-26.75117182
-14.16310574	-26.79574625
-14.12570852	-26.77345797
-13.53547596	-22.13784979
-13.57978904	-22.16013594
-13.55626695	-22.16013594
-13.54270095	-22.13784979
-13.62413533	-22.16013594
-13.53728732	-22.85101962
-13.53566246	-22.82873347
-13.61440152	-22.85101962
-13.57340458	-22.85101962
-13.55438023	-22.87330579
-13.58610068	-22.96245255
-13.51739433	-22.96245255
-13.51885568	-22.9847387
-13.62238528	-22.96245255
-13.58073048	-22.96245255
-13.00101989	-17.74739254
-12.96751746	-17.70281916
-12.99120305	-17.70281916
-12.90447001	-17.7251053
-12.98062489	-17.70281916
-12.34205416	-13.22321621
-12.23990543	-13.22321621
-12.3339912	-13.22321621
-12.37334668	-13.20092897
-12.27273338	-13.26778852
-12.26024294	-14.53812402
-12.22693341	-14.56041123
-12.30804716	-14.49355063
-12.30553323	-14.49355063
-12.23184502	-14.53812402
-11.53334114	-8.832758953
-11.56827554	-8.832758953
-11.53574266	-8.810472251
-11.52791729	-8.855045099
-11.5574074	-8.810472251
-11.13998307	-6.492667617
-11.12596358	-6.448094235
-11.11462536	-6.492667617
-11.13432162	-6.470380937
-11.06930952	-6.470380937
-11.12410368	-7.22812468
-11.09922628	-7.161265151
-11.09833721	-7.183551298
-11.08186383	-7.183551298
-11.09123613	-7.205838
-11.0477968	-6.492667617
-11.01369655	-6.492667617
-10.98546596	-6.492667617
-11.06800402	-6.470380937
-11.01280875	-6.514953786
-11.07776848	-6.537240466
-10.99336542	-6.492667617
-11.01011471	-6.514953786
-11.0130489	-6.559527168
-10.96525746	-6.514953786
-9.525356466	0.081874901
-9.498060301	0.037301741
-9.417346375	-0.007271441
-9.538417263	0.05958831
-9.516160449	0.01501515
-7.740391495	3.402575825
-7.788719446	3.380289389
-7.787928735	3.402575825
-7.760334296	3.380289389
-7.744370602	3.380289389
-7.741311863	2.934557722
-7.811991796	2.91227102
-7.769697014	2.934557722
-7.788768626	2.889984607
-7.761551021	2.889984607
-7.703510343	2.59775157
-7.763562291	2.553178455
-7.709802187	2.553178455
-7.736642959	2.530891775
-7.728531456	2.508605339
-6.772348124	4.51439763
-6.793686486	4.51439763
-6.803813091	4.625830564
-6.756006319	4.492111484
-6.756171743	4.492111484
-5.108816823	6.631623121
-5.044845487	6.56476357
-5.099702559	6.609336953
-5.139635425	6.587050273
-5.066394301	6.587050273
-3.612373541	8.837995355
-3.573902982	8.927141586
-3.605571376	8.882568204
-3.572607058	8.860281501
-3.648903727	8.882568204
-2.420932672	11.17808613
-2.409549263	11.20037337
-2.524247512	11.17808613
-2.467631137	11.17808613
-2.429539328	11.20037337
-2.255970728	11.49009874
-2.351859392	11.46781258
-2.276811543	11.49009874
-2.289019834	11.46781258
-2.362899818	11.44552536
-2.343867007	10.39805569
-2.292127114	10.39805569
-2.253363072	10.42034293
-2.278903289	10.42034293
-2.294406479	10.44262907
-1.411428503	13.38445837
-1.397072739	13.33988499
-1.486230771	13.31759884
-1.451445198	13.31759884
-1.408371839	13.36217222
-0.684416846	15.61311677
-0.675019079	15.61311677
-0.654026014	15.61311677
-0.645571449	15.59083062
-0.617011933	15.50168386
0.065586112	17.86406134
0.014011598	17.86406134
0.089154429	17.84177517
0.045182114	17.819489
0.011874485	17.84177517
0.752199471	20.15958032
0.714781251	20.13729417
0.72972933	20.13729417
0.744097947	20.09271972
0.642755336	20.11500589
1.260387687	22.14308673
1.235392362	22.20994521
1.298266809	22.18765904
1.27668111	22.14308673
1.318967269	22.25451964
1.307676392	21.16247661
1.323391391	21.11790216
1.28130786	21.07332984
1.341122849	20.98418308
1.298756453	20.91732462
1.278570866	20.67217049
1.327157891	20.64988432
1.343592706	20.58302584
1.338799574	20.62759818
1.357857135	20.67217049
1.552136733	22.54424397
1.470322485	22.54424397
1.516737527	22.5219578
1.564569847	22.54424397
1.516855527	22.54424397
1.935826632	24.66146944
1.864556859	24.68375561
1.856751932	24.63918329
1.949356714	24.61689712
1.927855643	24.61689712
2.443488239	26.75640876
2.478768646	26.75640876
2.394816985	26.73412259
2.408216454	26.667262
2.46575639	26.71183645
3.03415559	28.91820657
3.056825006	28.91820657
2.983748986	28.91820657
3.00224002	28.91820657
3.051204437	28.87363423
3.582191405	31.23601171
3.599535012	31.21372557
3.535032277	31.21372557
3.541751092	31.21372557
3.605251706	31.21372557
4.097870946	33.3532372
4.150403147	33.37552335
4.160876247	33.3532372
4.123232486	33.3532372
4.127353385	33.30866487
4.721002672	35.67104024
4.634500199	35.58189558
4.670620019	35.58189558
4.738865543	35.55960944
4.65986142	35.58189558
5.264106757	38.03341983
5.259607108	38.01113155
5.215339699	37.96655923
5.286455864	37.94427518
5.252342523	37.94427518
5.754235702	40.23978995
5.818621236	40.2175059
5.834111013	40.19521761
5.830807013	40.17293358
5.850288671	40.17293358
6.314738641	42.3793037
6.379798005	42.35701542
6.360104297	42.3793037
6.333971206	42.33473139
6.373918123	42.35701542
6.912598565	44.40738454
6.938373983	44.45195686
6.884117609	44.36280798
6.834516726	44.47424089
6.902726163	44.38509626
6.944198298	43.11476183
6.891338124	43.09247355
6.884017972	43.13704587
6.936844294	43.18162243
6.929169663	43.15933415
6.967819378	42.3793037
6.926045776	42.35701542
6.914945791	42.35701542
7.016796888	42.33473139
6.942964328	42.3793037
7.421882153	46.85890879
7.572957938	46.83662051
7.494498627	46.83662051
7.508655435	46.81433222
7.560527539	46.83662051
7.958473404	48.86470135
8.035034495	48.88698538
8.030430738	48.84241306
7.900014377	48.86470135
8.018739316	48.88698538
8.596190187	51.20479266
8.49929541	51.18250438
8.524426379	51.22707669
8.57271537	51.18250438
8.549111535	51.13793206
9.06634248	53.41116278
9.095695902	53.43345104
9.096170457	53.45573509
9.035099781	53.41116278
9.115108581	53.3888745
9.59866146	55.61753288
9.590584447	55.61753288
9.680935093	55.55067653
9.618060087	55.57296056
9.683282958	55.55067653
9.659256942	52.69465011
9.638856192	52.73922243
9.695258602	52.67236183
9.705376904	52.6500778
9.716097501	52.67236183
9.993954161	56.50565342
10.02615236	56.5279417
10.06954379	56.50565342
9.988568634	56.50565342
10.07928526	56.50565342
10.29297546	57.97656966
10.33074696	57.90970906
10.28306537	57.88742503
10.25228509	57.90970906
10.27724553	57.86513675
10.75699239	60.16065574
10.7461498	60.11608343
10.76833827	60.11608343
10.79760739	60.09379515
10.7400221	60.07150687
11.26832493	62.18873234
11.27563295	62.14416002
11.34552217	62.14416002
11.23191131	62.1664483
11.2419568	62.09958771
11.88829924	64.75168949
11.79068528	64.75168949
11.84738533	64.70711718
11.87957075	64.66254486
11.73647745	64.64025658
12.39861369	66.6906257
12.36698138	66.71290974
12.44174517	66.71290974
12.32330573	66.71290974
12.32300937	66.6906257
12.40278952	64.99684362
12.4947663	64.95227131
12.40295302	64.99684362
12.39888961	64.92998302
12.44889607	65.04141594
12.97125514	68.96385642
12.9922122	68.98614045
12.98424249	68.94156814
13.01762356	68.96385642
12.953802	68.87470754
13.55983857	70.74678313
13.58525504	70.6353502
13.57616121	70.72449485
13.5229753	70.70221082
13.52535638	70.67992254
14.16634778	73.30973604
14.08257576	73.28745626
14.13808399	73.33202433
14.17383208	73.26516798
14.1390497	73.35431261
14.79029353	75.47153808
14.69053865	75.44924979
14.75592886	75.42696151
14.80679629	75.44924979
14.72615262	75.44924979
15.36365033	77.72248476
15.26587287	77.72248476
15.35935443	77.76705285
15.39359647	77.70019648
15.29951325	77.70019648
15.96361158	79.86199853
15.96264331	79.83971025
15.93056008	79.83971025
15.95126166	79.81742197
15.9466579	79.77284541
16.55074261	82.11293672
16.63322573	82.11293672
16.48694276	82.09065691
16.54063069	82.04608035
16.6203789	82.06836863
16.62260158	80.08486436
16.62727687	80.10714416
16.521812	80.08486436
16.62482937	80.06257607
16.64248434	80.06257607
17.20280525	84.29702703
17.35892039	84.27473875
17.25122645	84.27473875
17.24933718	84.29702703
17.31860047	84.27473875
17.82997133	86.77083956
17.87819454	86.77083956
17.8977158	86.74855128
17.87655308	86.74855128
17.94207358	86.74855128
18.45304462	88.59833434
18.48860877	88.62062262
18.59215242	88.59833434
18.46987822	88.57604606
18.57610187	88.55376628
18.62224674	86.70397472
18.53304064	86.70397472
18.55895785	86.68168644
18.64643946	86.70397472
18.50838423	86.68168644
18.59383349	85.52278915
18.56808106	85.54507743
18.66199694	85.54507743
18.5095786	85.56735724
18.55745563	85.56735724
18.97168518	89.42294135
18.94904067	89.40065307
18.91309969	89.40065307
18.98894671	89.35607651
18.94123319	89.35607651
19.40824627	91.22815634
19.33382099	91.22815634
19.32416	91.18357978
19.43144261	91.13900322
19.25878129	91.11672343
20.08668599	93.41223818
20.04041082	93.36766162
20.05524274	93.34538184
20.06598441	93.34538184
19.99434771	93.30080527
20.90203511	95.32888611
20.79707609	95.30659783
20.86183016	95.35117439
20.8924712	95.23974146
20.76940629	95.28430955
20.91346275	92.76592895
20.98155722	92.74364067
20.83169752	92.74364067
20.86281759	92.72135239
20.95954886	92.74364067
21.17428142	95.4626073
21.23454541	95.48488709
21.19359701	95.4626073
21.11603188	95.44031902
21.19978603	95.39574246
21.27153515	94.28141326
21.19143182	94.25912498
21.27496752	94.23684519
21.18543058	94.23684519
21.15216959	94.23684519
21.25603132	89.69065526
21.2057566	89.71294354
21.36540503	89.69065526
21.25166005	89.69065526
21.28387229	89.71294354
21.30814166	89.33406822
21.32279729	89.40093304
21.22889163	89.40093304
21.27248298	89.3563565
21.30927471	89.3563565
21.27399287	89.3563565
21.25983797	89.37864478
21.37139477	89.37864478
21.20461077	89.3563565
21.23922198	89.3563565
21.14890072	84.49788457
21.20025356	84.52017285
21.2058473	84.49788457
21.18732242	84.52017285
21.23137362	84.49788457
20.8767681	79.39425853
20.91095265	79.43882662
20.826662	79.41653834
20.94451128	79.4611149
20.86172541	79.43882662
20.62366493	76.00669439
20.69262293	76.05127095
20.63551284	76.05127095
20.5520525	76.02898267
20.71988524	76.02898267
20.31370333	71.25965539
20.30347389	71.32651176
20.3695028	71.32651176
20.26690826	71.30422348
20.26064004	71.32651176
19.96219677	66.69090143
19.90281929	66.73547799
19.91960691	66.73547799
20.01339249	66.71318971
19.95405078	66.73547799
19.95651872	67.27035431
19.84556102	67.22578199
20.01633818	67.27035431
19.94883259	67.24806603
19.92258326	67.27035431
19.61942893	62.38959412
19.61321564	62.38959412
19.6310188	62.38959412
19.60262087	62.38959412
19.56155878	62.43416643
19.21547991	58.02142197
19.2963714	57.97684965
19.18540859	58.02142197
19.20225625	57.99913368
19.28372639	57.99913368
19.24302453	59.2248958
19.24816863	59.24718408
19.13402509	59.20261176
19.21161449	59.13575117
19.23594645	59.2248958
19.06342691	56.21620697
18.99700967	56.23849525
19.01822988	56.21620697
19.07593013	56.26078353
18.94993613	56.26078353
19.04830375	56.88731161
18.91264366	56.84273927
18.99866008	56.84273927
19.08828133	56.88731161
18.98269766	56.84273927
18.75824279	53.34374645
18.80254054	53.36603473
18.73018849	53.34374645
18.71116797	53.36603473
18.78650659	53.32145816
18.38415688	49.15386782
18.35892819	49.17615608
18.42624089	49.19844014
18.42917892	49.15386782
18.4146127	49.22072842
17.97417853	44.7856999
18.00760303	44.7856999
17.99795992	44.74112333
17.99224483	44.74112333
18.06506185	44.7856999
17.98156063	45.38743681
17.97168248	45.45429741
18.0971438	45.38743681
17.94383895	45.43200913
17.92880904	45.38743681
17.599749	40.1946619
17.54888796	40.26152249
17.5760583	40.28380655
17.61894196	40.26152249
17.54111752	40.28380655
17.07812826	35.80420571
17.15014946	35.82648974
17.1317306	35.80420571
17.10986531	35.89335034
17.13771395	35.82648974
16.54643776	31.32460063
16.62803693	31.34688679
16.63743605	31.34688679
16.62695369	31.30231448
16.62925301	31.32460063
16.2734084	27.78103335
16.18323404	27.7587472
16.16270235	27.78103335
16.26812635	27.64731429
16.2104031	27.78103335
16.18267581	28.98450931
16.19822435	28.939937
16.15857379	28.939937
16.2363944	28.91765083
16.17755854	28.939937
15.91833407	26.35469367
15.97383335	26.33240539
15.98666358	26.37697984
15.9690712	26.35469367
16.01512026	26.26554693
15.62896035	22.58826057
15.54614382	22.58826057
15.55015997	22.67740733
15.66016984	22.61054671
15.54630988	22.58826057
15.60929091	23.18999748
15.54306528	23.21228365
15.59954434	23.27914425
15.59580921	23.21228365
15.50312731	23.27914425
14.86074737	17.79664501
14.90170088	17.64063871
15.01968684	17.70749824
14.90157569	17.70749824
14.96519159	17.72978548
14.34637716	13.49533452
14.33227975	13.49533452
14.291583	13.51762066
14.34667224	13.51762066
14.36905871	13.58448022
13.97999271	11.19981552
13.95613978	11.19981552
13.99239373	11.22210273
14.00216458	11.19981552
13.92741101	11.19981552
13.55043561	8.904297588
13.64787329	8.993444331
13.58921115	8.837438037
13.47828284	8.948870949
13.63200284	8.948870949
13.29231482	7.165944236
13.24951163	7.143657555
13.2981832	7.165944236
13.21873007	7.165944236
13.19146648	7.188230938
12.75644466	4.714420011
12.73336328	4.669846628
12.76413206	4.736706691
12.71940383	4.669846628
12.6916114	4.714420011
12.4505618	3.577804107
12.44069898	3.466371196
12.38579496	3.533230992
12.47295849	3.466371196
12.44791758	3.555517694
12.46841988	3.88981645
12.38987881	3.934389565
12.34390128	3.912102885
12.42235037	3.912102885
12.41231255	3.88981645
12.32631401	4.554235191
12.39335973	4.554235191
12.41921691	4.554235191
12.38326187	4.554235191
12.41943151	4.62109472
12.32765401	3.484479105
12.2445424	3.462192403
12.18725091	3.462192403
12.28544353	3.506765786
12.28956443	3.462192403
12.57206062	8.699539898
12.57864946	8.766399449
12.53270514	8.7218266
12.57247194	8.744112746
12.58708925	8.744112746
12.5630907	5.846856832
12.56993885	5.869143535
12.52294578	5.846856832
12.55804879	5.846856832
12.57910166	5.824570686
12.27582086	3.529052221
12.21051368	3.506765786
12.31908136	3.484479105
12.30387644	3.529052221
12.24263779	3.484479105
12.29852157	3.774204746
12.32636255	3.796491159
12.28495301	3.751918043
12.29326634	3.796491159
12.33203038	3.818777861
12.23190378	3.818777861
12.28055108	3.774204746
12.30014898	3.796491159
12.25659341	3.818777861
12.28768154	3.818777861
12.26445454	3.751918043
12.27932094	3.796491159
12.36320155	3.774204746
12.27360712	3.796491159
12.20338833	3.796491159
11.96442984	4.187342358
12.06388453	4.187342358
12.05872511	4.165055678
12.10084233	4.187342358
12.07627278	4.209628771
12.02776599	4.187342358
12.04422532	4.187342358
11.96170259	4.209628771
12.03561946	4.209628771
12.01495493	4.209628771
12.05244923	3.942189833
11.99348435	3.942189833
12.00386069	3.875330016
11.99451011	3.853043602
12.05599019	3.853043602
12.05103898	3.563317962
12.03751896	3.518744846
11.96981154	3.518744846
11.98183317	3.474171464
11.93636277	3.451885028
11.95554807	3.273592299
11.87482137	3.318165415
11.88653514	3.340452117
11.88641635	3.318165415
11.91463543	3.318165415
11.88920747	3.518744846
11.97392605	3.496458144
12.0037866	3.518744846
11.90403683	3.496458144
11.9152422	3.518744846
11.91552195	3.80847022
11.95432048	3.80847022
11.95016382	3.786183784
11.90892034	3.8307569
11.91345384	3.8307569
11.90618159	3.853043602
11.95212463	3.897616718
11.98111144	3.853043602
11.91391626	3.853043602
11.90232	3.853043602
11.74276227	2.337555827
11.74427471	2.337555827
11.70917043	2.337555827
11.75473408	2.315269147
11.71840477	2.337555827
11.28327181	0.331763203
11.21561549	0.309476656
11.27142774	0.287190065
11.28213875	0.309476656
11.32712758	0.331763203
7.448224738	-6.421071711
7.479518533	-6.443358413
7.354577756	-6.465645093
7.419587939	-6.465645093
7.385105748	-6.443358413
7.413786618	-6.109059657
7.369260215	-6.109059657
7.38806996	-6.109059657
7.414231792	-6.086772955
7.422564286	-6.131346338
5.747427149	-8.694303496
5.778795034	-8.672016816
5.740760388	-8.716589664
5.761319535	-8.672016816
5.722305122	-8.649730113
4.460756276	-10.81152896
4.407048227	-10.83381513
4.440818266	-10.83381513
4.371437451	-10.83381513
4.415443313	-10.83381513
3.296021413	-13.10704692
3.319404576	-13.19619368
3.358203109	-13.19619368
3.319631635	-13.1516203
3.315097496	-13.1516203
2.409458568	-15.58085731
2.375118169	-15.62543069
2.384769899	-15.58085731
2.323887002	-15.62543069
2.374063833	-15.60314453
1.714965255	-17.51979032
1.650717042	-17.5643637
1.724518466	-17.58664987
1.772232786	-17.58664987
1.723463013	-17.5643637
1.708104329	-16.4500345
1.689968893	-16.4500345
1.720955473	-16.40546114
1.666283304	-16.4500345
1.671387004	-16.40546114
0.962495215	-19.81530827
0.992710164	-19.88216887
0.927608647	-19.83759442
0.950113517	-19.83759442
0.885101896	-19.83759442
0.338747661	-21.99939434
0.379287093	-22.02168051
0.320434127	-21.99939434
0.309055529	-22.02168051
0.25890171	-21.97710819
-0.861749071	-26.67957699
-0.867247807	-26.70186313
-0.89752511	-26.67957699
-0.899761043	-26.65729082
-0.925974849	-26.65729082
-0.856798659	-25.63210625
-0.905374586	-25.69896686
-0.8707427	-25.63210625
-0.940858579	-25.6766807
-0.891735924	-25.63210625
-1.349519053	-28.84137477
-1.355336661	-28.79680246
-1.417655199	-28.79680246
-1.40018002	-28.79680246
-1.44969867	-28.81908862
-1.899750083	-30.93631409
-1.992993247	-30.93631409
-1.993717694	-30.91402792
-2.050156669	-30.91402792
-1.98082743	-30.89174178
-2.509128341	-33.343266
-2.486356893	-33.38783832
-2.461464958	-33.32097772
-2.504377044	-33.36555217
-2.504189586	-33.29869157
-2.919878246	-35.32677028
-2.932220185	-35.37134473
-2.914798976	-35.34905856
-2.931473543	-35.32677028
-2.943957274	-35.30448413
-3.475590289	-37.62228716
-3.428868032	-37.55543079
-3.38194139	-37.57771485
-3.375387998	-37.57771485
-3.395721365	-37.57771485
-3.910385371	-39.89552213
-3.863967454	-39.91780616
-3.911097842	-39.87323385
-3.922309599	-39.89552213
-3.949504531	-39.82866151
-4.421891319	-42.12418051
-4.393658818	-42.12418051
-4.344102964	-42.12418051
-4.379268884	-42.10189223
-4.403170992	-42.07960395
-4.784578652	-44.26369003
-4.837209533	-44.241406
-4.869061872	-44.19682944
-4.924040617	-44.17454541
-4.868605839	-44.17454541
-4.958912096	-42.81506208
-4.903260479	-42.83735036
-4.838796385	-42.81506208
-4.903642103	-42.81506208
-4.861021584	-42.79277804
-5.351991698	-46.42548784
-5.352956456	-46.44777612
-5.383411637	-46.42548784
-5.32666848	-46.40320379
-5.390727957	-46.3809155
-5.840002391	-48.65414622
-5.884298223	-48.6764345
-5.794687192	-48.63186219
-5.811896991	-48.6764345
-5.78746029	-48.63186219
-6.314608985	-51.08338643
-6.328844353	-51.10567047
-6.273662501	-51.06109815
-6.265382381	-51.08338643
-6.338051867	-51.0388141
-6.822228757	-53.24518422
-6.869090251	-53.24518422
-6.826875946	-53.2674725
-6.818481498	-53.2674725
-6.788573684	-53.2674725
-7.350686789	-55.47384262
-7.314010022	-55.4961309
-7.30974286	-55.45155434
-7.300294556	-55.47384262
-7.359970308	-55.45155434
-7.373567615	-53.07302063
-7.370708789	-53.07302063
-7.375586548	-53.07302063
-7.471396173	-53.05073235
-7.404239315	-53.02844829
-7.629170015	-56.21543065
-7.674140954	-56.2377147
-7.712165381	-56.21543065
-7.758862728	-56.21543065
-7.710579486	-56.17085408
-8.099784728	-58.80067186
-8.127968688	-58.82296014
-8.092227617	-58.80067186
-8.037959746	-58.80067186
-8.098107499	-58.80067186
-8.295584274	-60.02643397
-8.365689376	-60.00414994
-8.338474325	-60.00414994
-8.328149084	-59.95957338
-8.309671464	-59.95957338
-8.642522198	-60.96246964
-8.633352368	-61.00704621
-8.627179961	-60.98475792
-8.633568249	-60.98475792
-8.631817569	-60.94018561
-8.767804042	-61.94308188
-8.801065675	-61.94308188
-8.754914417	-61.9207936
-8.843064738	-61.94308188
-8.827878344	-61.89850956
-9.279641796	-64.10487968
-9.258851439	-64.0825914
-9.227612572	-64.0825914
-9.315683695	-64.06030737
-9.271119608	-64.0825914
-9.443628922	-64.75118891
-9.460660524	-64.79576548
-9.43875244	-64.75118891
-9.507586526	-64.7734772
-9.448672744	-64.75118891
-9.769724116	-66.22210515
-9.825085443	-66.17753284
-9.741760508	-66.17753284
-9.770271483	-66.19981687
-9.762092916	-66.17753284
-9.791520427	-64.61747197
-9.847632228	-64.61747197
-9.815538779	-64.61747197
-9.792617076	-64.57289965
-9.763963033	-64.61747197
-10.04665083	-66.97984732
-10.00863726	-67.0021356
-10.04089677	-67.0021356
-9.988650388	-67.0021356
-10.01182757	-67.0021356
-10.37924097	-69.1639334
-10.40443581	-69.1639334
-10.38375339	-69.09707281
-10.44071978	-69.1639334
-10.41482939	-69.09707281
-10.74526711	-70.94686012
-10.8099011	-70.9691484
-10.77758028	-70.92457608
-10.84931023	-70.92457608
-10.81710437	-70.9022878
-11.38888102	-73.06408983
-11.31637696	-73.10865792
-11.29782397	-73.06408983
-11.3009485	-73.01951327
-11.30733551	-73.01951327
-11.86574926	-75.38189287
-11.86429302	-75.35960458
-11.91053497	-75.3373163
-11.86025132	-75.35960458
-11.88331865	-75.3373163
-11.84517031	-73.17552274
-11.8764871	-73.22009083
-11.86893254	-73.22009083
-11.96735893	-73.15323449
-11.93253567	-73.17552274
-12.43078378	-77.61055127
-12.50712644	-77.65511936
-12.50062191	-77.63283955
-12.55254191	-77.63283955
-12.50795419	-77.58826299
-13.01783688	-80.01749895
-12.98282585	-79.97293086
-12.93988726	-80.01749895
-13.00281336	-79.97293086
-13.00302796	-79.95064258
-13.57914139	-82.04557979
-13.54722678	-82.04557979
-13.6043918	-82.02329151
-13.52673214	-82.04557979
-13.61737531	-82.00100323
-14.13724218	-84.38567111
-14.16618555	-84.36338282
-14.1540975	-84.36338282
-14.17190065	-84.36338282
-14.13223093	-84.29652645
-14.2414884	-81.86729051
-14.217182	-81.84500223
-14.24463592	-81.8895703
-14.23292726	-81.86729051
-14.2205454	-81.84500223
-14.43153134	-84.65311351
-14.48464572	-84.56396039
-14.4631151	-84.65311351
-14.46886852	-84.63082523
-14.45756479	-84.65311351
-14.88779763	-86.65890607
-14.86079719	-86.63661779
-14.85950318	-86.61432951
-14.84388055	-86.61432951
-14.8445563	-86.61432951
-15.444096	-88.53097741
-15.41579899	-88.48640085
-15.4304163	-88.48640085
-15.38661419	-88.46411257
-15.36527774	-88.46411257
-15.40303775	-86.39146366
-15.36603141	-86.41375194
-15.43042141	-86.39146366
-15.43186999	-86.3468871
-15.47079498	-86.36917538
-15.95516795	-90.71505925
-15.94655699	-90.73734753
-15.97426639	-90.73734753
-15.94446077	-90.69277097
-15.96000548	-90.6482029
-15.97873347	-88.06295746
-15.97861722	-88.04066918
-16.03127046	-88.08524575
-16.02099504	-88.0183809
-16.04314647	-88.10753403
-16.29142871	-90.98250166
-16.36142651	-91.00478994
-16.28676875	-90.96021338
-16.3460121	-90.98250166
-16.32758558	-90.96021338
-16.8058564	-93.03286228
-16.77826196	-93.05515057
-16.81475734	-93.03286228
-16.7894916	-92.98829422
-16.83995792	-93.03286228
-17.40380957	-95.35067381
-17.38055575	-95.30609725
-17.3767708	-95.35067381
-17.38828786	-95.30609725
-17.36655031	-95.26152069
-17.45688307	-92.49798597
-17.46510954	-92.49798597
-17.44634067	-92.47569768
-17.38594	-92.52027425
-17.45116798	-92.49798597
-17.68331408	-95.52896309
-17.73330266	-95.48438653
-17.72339896	-95.48438653
-17.79042935	-95.48438653
-17.77329811	-95.48438653
-18.25309926	-97.69076513
-18.26515666	-97.71304491
-18.21115577	-97.66847685
-18.28562958	-97.64618856
-18.22529022	-97.57933222
-18.82944391	-99.36225893
-18.89777214	-99.38453871
-18.90151493	-99.36225893
-18.95133872	-99.31768237
-18.91252741	-99.31768237
-18.99621513	-96.13070426
-19.01589734	-96.19756061
-19.00378757	-96.13070426
-18.96399138	-96.19756061
-18.93608271	-96.13070426
-19.4715492	-99.94170331
-19.44090688	-99.89713525
-19.44392922	-99.89713525
-19.40794991	-99.8302704
-19.38752553	-99.87484697
-20.06805891	-101.9920724
-20.10024178	-101.9474959
-20.08047015	-101.9252161
-20.06069469	-101.9029278
-20.06897609	-101.8806395
-20.21866717	-96.53157939
-20.20309692	-96.50929111
-20.20684609	-96.4870113
-20.18579834	-96.50929111
-20.26055063	-96.50929111
-20.17205349	-92.87658131
-20.16895707	-92.83200475
-20.24815472	-92.87658131
-20.21194803	-92.92115788
-20.20241989	-92.89886959
-20.02313524	-88.79813983
-19.98320493	-88.77585155
-19.91835889	-88.77585155
-19.98757364	-88.77585155
-19.97413665	-88.77585155
-19.99966042	-88.93185255
-19.95720469	-88.90957276
-19.93510691	-88.95414083
-19.95749721	-88.93185255
-19.94972294	-88.95414083
-19.7114402	-84.40767939
-19.7027577	-84.38539111
-19.7256564	-84.36310283
-19.71553299	-84.38539111
-19.69767491	-84.40767939
-19.40550113	-79.70520848
-19.39916266	-79.6829202
-19.45112099	-79.6606404
-19.38409059	-79.6606404
-19.34468019	-79.70520848
-19.39694892	-81.24298107
-19.3935472	-81.26526935
-19.40876106	-81.22070129
-19.384401	-81.22070129
-19.34934143	-81.198413
-19.02438951	-75.35932461
-18.99808652	-75.40390118
-18.94584078	-75.40390118
-19.01206897	-75.38161289
-19.00146653	-75.47075752
-18.66400373	-70.58999733
-18.63422111	-70.61228562
-18.59306321	-70.61228562
-18.61079611	-70.56770905
-18.61556848	-70.61228562
-18.37005692	-66.62298453
-18.33024285	-66.62298453
-18.30920148	-66.64527281
-18.32352499	-66.62298453
-18.32055759	-66.6007005
-18.35300999	-67.20243742
-18.33911952	-67.18014913
-18.30815529	-67.20243742
-18.28528596	-67.13557682
-18.30937521	-67.18014913
-17.99969463	-62.65597173
-17.94005656	-62.65597173
-17.97197245	-62.65597173
-17.97089305	-62.61139942
-18.03441442	-62.67826001
-17.5429276	-57.574634
-17.52941652	-57.53005744
-17.50697384	-57.574634
-17.48535764	-57.55234572
-17.54465592	-57.55234572
-17.36738445	-55.30139904
-17.30399849	-55.32368732
-17.27621244	-55.279115
-17.32139798	-55.279115
-17.32773262	-55.30139904
-17.30263039	-56.43746078
-17.275248	-56.43746078
-17.31841652	-56.43746078
-17.28961239	-56.39288422
-17.2993628	-56.39288422
-17.15083032	-53.13904551
-17.05569069	-53.16132955
-17.04796752	-53.16132955
-17.08711095	-53.16132955
-17.10861218	-53.16132955
-17.09207749	-54.43166822
-17.04220771	-54.49852459
-17.01425432	-54.45395228
-17.04254878	-54.49852459
-17.06124228	-54.47624056
-16.74420259	-49.70690903
-16.70045285	-49.66233672
-16.65886064	-49.70690903
-16.73433721	-49.684625
-16.69889314	-49.684625
-16.17973523	-44.33584484
-16.20947699	-44.33584484
-16.17487216	-44.33584484
-16.20549277	-44.31355656
-16.204338	-44.38041715
-16.19916707	-44.82614884
-16.19311985	-44.82614884
-16.17032844	-44.80386056
-16.22498592	-44.84843712
-16.15891869	-44.87072116
-15.82484229	-40.74770313
-15.80869082	-40.68084253
-15.8475034	-40.68084253
-15.8355763	-40.68084253
-15.82661021	-40.6362702
-15.72365161	-39.72252281
-15.69956236	-39.67794624
-15.6593127	-39.72252281
-15.76632578	-39.72252281
-15.71172706	-39.72252281
-15.56470575	-38.51904473
-15.61484506	-38.56361704
-15.63342998	-38.51904473
-15.62490715	-38.49676069
-15.58687251	-38.45218413
-15.26564677	-35.37663682
-15.17871701	-35.33206449
-15.21502333	-35.39892297
-15.24161884	-35.37663682
-15.21289007	-35.37663682
-14.74418443	-31.07532738
-14.71251252	-31.11989969
-14.70735821	-31.09761355
-14.80719356	-31.07532738
-14.72823607	-31.07532738
-14.26863575	-27.37575274
-14.30095786	-27.42032719
-14.30710727	-27.37575274
-14.2806395	-27.42032719
-14.30163232	-27.42032719
-13.65194948	-22.0269726
-13.63440947	-21.98240026
-13.61331701	-22.0269726
-13.65720854	-22.00468643
-13.58945131	-22.0269726
-13.6176985	-23.87675991
-13.5942505	-23.92133222
-13.55476728	-23.92133222
-13.65141552	-23.89904608
-13.5872414	-23.89904608
-12.9886227	-17.72566316
-12.94177909	-17.79252268
-13.02116835	-17.74794932
-13.01478134	-17.74794932
-12.98000662	-17.74794932
-12.3785853	-13.78093757
-12.40015935	-13.82551095
-12.4080588	-13.82551095
-12.46106971	-13.78093757
-12.39147301	-13.80322374
-11.61999627	-9.056181559
-11.64666459	-9.078468796
-11.59201605	-9.100754942
-11.56042845	-9.100754942
-11.61581533	-9.12304111
-11.13876954	-6.649230717
-11.08069373	-6.626944015
-11.13445447	-6.626944015
-11.19287135	-6.649230717
-11.13978635	-6.649230717
-11.17305245	-7.340114909
-11.11168606	-7.362401077
-11.0902372	-7.340114909
-11.14394301	-7.362401077
-11.16048026	-7.40697446
-11.0534774	-6.649230717
-11.06629358	-6.626944015
-11.04733054	-6.693803566
-11.06842428	-6.649230717
-11.03780496	-6.671517397
-9.494454195	0.081317739
-9.415653817	-0.007828603
-9.415653817	-0.007828603
-9.395953723	-0.030115172
-9.455054006	0.036744557
-9.233908248	0.705342069
-9.203552705	0.727628682
-9.138751376	0.749915251
-9.217909426	0.683055522
-9.184106175	0.749915251
-7.654046142	3.379732072
-7.639807581	3.402018774
-7.629558345	3.402018774
-7.621834534	3.402018774
-7.636925762	3.46887857
-7.548664306	2.575465157
-7.650052984	2.620038273
-7.604276643	2.575465157
-7.601928778	2.575465157
-7.658531101	2.575465157
-7.57369436	2.575465157
-7.654755739	2.530891775
-7.612130111	2.553178455
-7.587889491	2.530891775
-7.623592878	2.575465157
-7.090749525	4.001806412
-7.095873184	4.046379527
-7.088362699	4.06866623
-7.087812139	3.957233296
-7.087310758	4.046379527
-6.670081232	4.492111484
-6.711149708	4.447538101
-6.71539196	4.380678283
-6.64659875	4.425251399
-6.695895611	4.380678283
-4.863491122	6.787629415
-4.928456277	6.765342735
-4.836347606	6.743056032
-4.887672662	6.787629415
-4.877400114	6.854488966
-3.556882877	8.949427732
-3.620665477	8.927141586
-3.552420273	8.904855418
-3.539656472	8.904855418
-3.577320352	8.927141586
-2.872763507	10.35348337
-2.787206631	10.33119616
-2.785567724	10.26433663
-2.859444674	10.33119616
-2.776284843	10.33119616
-2.824458229	9.372873253
-2.709218042	9.372873253
-2.743825738	9.372873253
-2.828496736	9.372873253
-2.748076293	9.395159422
-2.121121143	11.28951907
-2.223089282	11.28951907
-2.131581788	11.31180628
-2.152668662	11.35637966
-2.160131564	11.31180628
-1.405377609	13.42903175
-1.341534492	13.42903175
-1.363200189	13.42903175
-1.360567942	13.45131792
-1.391893672	13.40674454
-0.523882338	15.59083062
-0.542902575	15.61311677
-0.520388963	15.52397001
-0.508426931	15.59083062
-0.506737287	15.59083062
0.17496977	17.79720286
0.234562351	17.819489
0.219732472	17.84177517
0.169715655	17.819489
0.226591642	17.77491562
0.824593198	20.27101325
0.901482741	20.2932994
0.95429629	20.18186649
0.88583776	20.2264388
0.935925492	20.2932994
1.015222859	20.36016002
1.02222406	20.38244616
0.95455672	20.44930465
0.979339837	20.40473233
1.035660573	20.38244616
1.394994406	22.23223136
1.501167274	22.23223136
1.444715365	22.23223136
1.419989651	22.16537288
1.516421211	22.16537288
1.477241374	21.07332984
1.499250692	21.07332984
1.470179736	21.07332984
1.489886696	21.0510437
1.517657736	21.02875753
2.116073649	24.43860359
2.119049357	24.46088976
2.076128009	24.41631745
2.077685801	24.39403128
2.102967504	24.43860359
2.789638485	27.13527983
2.737353142	27.06842137
2.718460046	27.02384692
2.774110705	27.09070752
2.800617436	27.02384692
3.206305635	28.87363423
3.229695505	28.85134808
3.284919192	28.87363423
3.210002117	28.87363423
3.230994623	28.87363423
3.289619712	27.93759856
3.30776936	27.93759856
3.206590815	27.95988473
3.280091251	27.91531028
3.269842016	27.91531028
3.862072429	31.16915323
3.826461972	31.16915323
3.789288934	31.10229263
3.802052735	31.10229263
3.801887951	31.10229263
4.363279323	33.46467011
4.386762763	33.39781163
4.360432952	33.37552335
4.3335925	33.3532372
4.412680612	33.37552335
4.949412377	35.47046267
4.972132888	35.53732327
4.878392336	35.53732327
4.929328742	35.51503712
4.963475615	35.49274884
4.947089421	34.60128546
4.890142199	34.60128546
4.983964824	34.64585991
4.936204678	34.66814608
4.894925431	34.64585991
4.942076576	33.82125504
4.976657127	33.66524979
4.941069664	33.73211039
4.935061723	33.79896887
4.962997228	33.77668272
5.564622613	37.87741458
5.482689408	37.8551263
5.545634671	37.87741458
5.559367381	37.89969864
5.493150053	37.83284227
6.071688632	40.19521761
6.101134665	40.17293358
6.141999395	40.1506453
6.082064969	40.12835702
6.06488455	40.1506453
6.605408921	42.29015907
6.635366554	42.26787079
6.548049099	42.24558251
6.643925787	42.26787079
6.609575807	42.22329845
7.134298715	43.76107106
7.222762	43.71649875
7.213316889	43.73878703
7.17769334	43.73878703
7.201755762	43.71649875
7.178427846	42.9364683
7.225812436	42.9364683
7.224974461	42.9364683
7.218078406	42.9364683
7.179737183	42.86960771
7.774047845	46.76975989
7.788995365	46.76975989
7.672198026	46.79204817
7.752203632	46.76975989
7.814998161	46.79204817
8.261314132	48.99841829
8.233894697	48.93155769
8.246162228	48.93155769
8.24002495	48.97613426
8.260143393	48.90927366
8.813849276	51.3385096
8.788404705	51.29393729
8.831535546	51.31622557
8.817804113	51.29393729
8.76962945	51.27164901
9.327893742	53.18829694
9.376895523	53.21058522
9.324233985	53.16600865
9.319996843	53.18829694
9.373624735	53.16600865
9.934475128	55.55067653
9.919772231	55.50609997
9.912498065	55.52838825
9.87621346	55.52838825
9.92295871	55.50609997
10.05736248	52.56538742
9.917373908	52.5876757
10.00909265	52.5876757
10.01006348	52.60995973
9.934849407	52.5876757
10.30478632	56.08666853
10.26534653	56.06438025
10.24307822	56.10895256
10.24345697	56.08666853
10.22834338	56.08666853
10.56673166	58.11474512
10.54729726	58.09246109
10.62482471	58.1370334
10.54757957	58.11474512
10.53603058	58.09246109
11.02269457	60.29883121
10.97455695	60.34340352
11.00405088	60.29883121
11.0800793	60.25425889
10.97070558	60.25425889
11.55375403	62.28233973
11.57014437	62.23776317
11.53302307	62.23776317
11.56459406	62.23776317
11.55754664	62.23776317
12.16007419	64.53328217
12.17014522	64.53328217
12.11999825	64.48870983
12.13289235	64.51099811
12.14750966	64.51099811
12.65617626	66.69507995
12.70060814	66.65050764
12.63698968	66.6282236
12.69330906	66.60593532
12.7134192	66.6282236
12.98065171	67.94313037
12.99874994	67.96541863
13.00660213	67.89855803
12.98892544	67.92084209
13.04302981	67.92084209
13.02600076	65.98191013
13.00341757	66.02648244
13.09018894	65.98191013
13.04373621	65.93733781
13.02630095	66.00419841
13.43263871	69.25803711
13.44376105	69.23575308
13.37866847	69.28032539
13.43218012	69.23575308
13.45157492	69.19118076
13.88354502	71.10782444
13.87219658	71.15239676
13.81207182	71.06325211
13.87329387	71.10782444
13.91154695	71.13011272
14.52361414	73.26962223
14.53779075	73.31419879
14.40768735	73.26962223
14.52591858	73.29191051
14.5210389	73.29191051
15.16773646	75.58742526
15.03576678	75.63200182
15.11153077	75.54285719
15.09422325	75.63200182
15.08104685	75.58742526
15.71183436	77.59321782
15.71993181	77.57093803
15.64640583	77.54864975
15.75769437	77.59321782
15.72165375	77.54864975
16.37427973	79.82187622
16.2980035	79.82187622
16.26470546	79.75501987
16.32912357	79.79959643
16.28687988	79.75501987
16.85960054	81.98367825
16.94499486	81.96138999
16.99543181	81.93910171
16.83524048	81.98367825
16.95821597	81.98367825
17.62068945	84.4352025
17.56698747	84.41291422
17.63837636	84.41291422
17.57410898	84.45749078
17.55051664	84.41291422
17.56901598	83.96718255
17.63059442	83.92261446
17.71187041	83.94489427
17.58481872	83.96718255
17.63592247	83.94489427
17.68529917	82.58541941
17.7002601	82.58541941
17.62743541	82.6299875
17.66337511	82.6299875
17.65716566	82.6299875
17.8513461	84.88093419
17.90817644	84.85864591
17.89553016	84.88093419
17.87176026	84.83635762
17.92384378	84.83635762
18.39398777	86.55242797
18.28546608	86.55242797
18.37059598	86.57471625
18.40162791	86.59700453
18.2985735	86.55242797
19.01446537	88.66965346
18.96520875	88.69194174
19.01318286	88.64736518
19.04361824	88.62507689
18.92858819	88.60279709
19.07005152	86.46328334
18.99592644	86.48557162
19.05225603	86.46328334
19.10760075	86.5078514
18.97375074	86.48557162
19.31273492	89.24910634
19.26579295	89.20452978
19.26716871	89.1822415
19.29786723	89.20452978
19.30527233	89.20452978
19.77973778	91.21032233
19.68650403	91.21032233
19.685652	91.21032233
19.73496228	91.16575425
19.69256147	91.12117768
19.7552602	88.71423002
19.74757407	88.69194174
19.77289473	88.62507689
19.73745577	88.71423002
19.81078886	88.66965346
20.58625621	92.97096077
20.61427475	92.90410442
20.65456273	92.9263927
20.60730908	92.94868098
20.63124248	92.90410442
21.20647706	94.97675332
21.28349291	94.93218526
21.28814393	94.95447354
21.15843014	94.88760869
21.2947928	94.90989698
21.29809872	92.03492932
21.36450702	92.01264104
21.2743416	91.99035278
21.29461652	92.01264104
21.34551716	92.01264104
21.39331244	88.9125762
21.38741339	88.9125762
21.3125934	88.86799964
21.38133552	88.84571985
21.35789902	88.89028792
21.40092831	88.62285401
21.311689	88.64513379
21.37080717	88.64513379
21.33330775	88.66742207
21.31844007	88.62285401
21.32269893	88.60056573
21.38998225	88.55598916
21.39601542	88.55598916
21.27965559	88.53370088
21.39148447	88.55598916
21.49380949	91.92126505
21.51021899	91.94355331
21.53075451	91.92126505
21.4313573	91.89897677
21.5019772	91.94355331
21.51701733	89.18001861
21.51152705	89.15773033
21.514368	89.15773033
21.51266139	89.18001861
21.50262101	89.15773033
21.39396008	84.25468185
21.33515999	84.25468185
21.28690485	84.27697014
21.42022091	84.23239357
21.29232231	84.25468185
21.04308584	80.62196356
21.14073301	80.59968378
21.19618248	80.59968378
21.04065367	80.57739549
21.16878603	80.59968378
20.79285939	75.80806822
20.87424906	75.8526363
20.7610623	75.83034802
20.8240676	75.83034802
20.86518078	75.8526363
20.5365129	71.37303122
20.41455805	71.37303122
20.51143494	71.3953195
20.53257467	71.41760778
20.43080405	71.3953195
20.1566097	66.55913162
20.11549779	66.62599222
20.10851551	66.58141991
20.14981009	66.60370819
20.1670729	66.62599222
19.78031516	62.48069016
19.75623613	62.50297419
19.84939579	62.45840188
19.68488684	62.48069016
19.84637601	62.45840188
19.46027996	57.97879679
19.45088212	57.97879679
19.33016635	58.02337336
19.44058753	58.00108507
19.37540043	58.00108507
19.28914386	59.40514072
19.40900888	59.3605684
19.376872	59.38285244
19.3480372	59.3605684
19.42358148	59.38285244
19.11903223	55.86157132
19.17769053	55.83928729
19.18895466	55.83928729
19.0829469	55.83928729
19.19079795	55.83928729
19.12865873	56.4190159
19.16476066	56.4190159
19.0829635	56.4190159
19.22328228	56.39672761
19.15388742	56.39672761
18.85210502	53.58862058
19.00266473	53.6554812
18.94630448	53.61090463
18.95322672	53.67776523
18.98894543	53.63319292
18.59796716	49.48788658
18.66141955	49.51017487
18.59944639	49.51017487
18.63898454	49.55474718
18.64882053	49.51017487
18.10659275	44.82999224
18.21718383	44.71855931
18.21218024	44.87456455
18.15392049	44.85228052
18.19096898	44.80770396
18.21720299	45.38715684
18.11444494	45.36486856
18.1938508	45.38715684
18.15588769	45.38715684
18.12946591	45.40944512
17.98365557	43.64880244
18.07084465	43.64880244
18.10735408	43.62651841
17.99723563	43.58194185
18.0632505	43.58194185
17.75626268	40.2835308
17.6965914	40.30581484
17.77213312	40.32810312
17.78251202	40.35038715
17.72493823	40.32810312
17.25195585	35.71478109
17.34566096	35.73706512
17.25247448	35.71478109
17.27266509	35.69249281
17.33213965	35.69249281
16.86546892	31.70319386
16.82764121	31.72548214
16.87218039	31.7923406
16.84712543	31.72548214
16.86525815	31.72548214
16.53138869	29.02880377
16.52084501	29.00651762
16.63067859	29.02880377
16.45545352	29.02880377
16.5606578	29.00651762
16.30234539	26.82243365
16.2537594	26.84471982
16.32212213	26.84471982
16.31630229	26.82243365
16.34111199	26.84471982
15.72024222	22.36511686
15.77671872	22.43197535
15.76451059	22.40968918
15.78159584	22.43197535
15.78151153	22.38740301
15.72993132	23.07828669
15.77523438	23.10057286
15.76829553	23.21200577
15.71265445	23.14514731
15.75255155	23.10057286
15.22119701	18.04151914
15.2087615	18.04151914
15.10595491	18.04151914
15.22442117	18.10837762
15.20117246	18.06380531
15.22273884	19.22270682
15.17998163	19.26728127
15.09367141	19.24499511
15.20534573	19.26728127
15.0974027	19.31185359
14.4975066	13.67334805
14.58477743	13.71792144
14.46991344	13.6956342
14.54012967	13.6956342
14.6068305	13.6956342
13.84138181	9.305178015
13.78947586	9.305178015
13.77279171	9.327464183
13.8950212	9.282890801
13.76520394	9.34975033
13.36449442	7.00965955
13.37204897	7.00965955
13.43706235	7.00965955
13.35291349	7.00965955
13.39854612	7.03194623
12.92841491	4.647281534
12.85120234	4.691854916
12.80312732	4.714141619
12.87691006	4.691854916
12.87469121	4.714141619
12.3191133	2.552342745
12.30496862	2.574629448
12.30953661	2.552342745
12.27225052	2.552342745
12.25363878	2.530056065
12.18839163	2.908928203
12.32975022	2.953501319
12.25402838	2.931214639
12.31279526	2.953501319
12.27598948	2.953501319
12.27801672	3.287800075
12.23157804	3.243226959
12.28415591	3.243226959
12.32742024	3.287800075
12.21590943	3.265513395
12.2828453	3.31008651
12.24879231	3.287800075
12.26974043	3.31008651
12.27495862	3.31008651
12.33555601	3.33237319
12.31372266	3.33237319
12.23400383	3.376946306
12.25878415	3.33237319
12.29313477	3.376946306
12.22749674	3.354659893
12.28784249	3.33237319
12.2353566	3.287800075
12.28179527	3.33237319
12.33241616	3.31008651
12.19700643	3.31008651
12.31253723	3.51066592
12.21643572	3.51066592
12.28788082	3.488379239
12.22663961	3.532952355
12.32971445	3.488379239
12.08255377	2.351763603
12.11962908	2.374050038
12.14983581	2.396336718
12.07292088	2.463196536
12.11555545	2.396336718
11.59504988	0.345970912
11.46733012	0.368257503
11.56732515	0.345970912
11.49139254	0.345970912
11.60013905	0.323684321
7.521331096	-6.473723753
7.51385063	-6.429150371
7.509304356	-6.429150371
7.540266665	-6.451437073
7.458669416	-6.473723753
7.525358106	-6.005705384
7.486215952	-6.005705384
7.508961373	-5.961132535
7.465058342	-6.005705384
7.503132588	-5.983418704
5.740775716	-8.680095453
5.872869946	-8.702382156
5.80024964	-8.680095453
5.871066893	-8.724668836
5.735950969	-8.702382156
4.535044231	-10.86418047
4.595356768	-10.86418047
4.495445726	-10.88646771
4.575531808	-10.86418047
4.53890454	-10.86418047
3.411802898	-13.22655902
3.419255262	-13.18198564
3.396459384	-13.20427179
3.371160117	-13.15969947
3.400498529	-13.20427179
2.584858642	-15.47750357
2.544433019	-15.43293019
2.589722351	-15.47750357
2.498648535	-15.38835787
2.579383537	-15.43293019
2.54259883	-14.74204651
2.528385975	-14.69747313
2.537758434	-14.67518698
2.524958227	-14.74204651
2.561076929	-14.74204651
1.759101093	-17.43872275
1.753550621	-17.43872275
1.803232938	-17.4164366
1.710953574	-17.39415043
1.722496498	-17.37186322
1.008664197	-19.82338744
0.976914849	-19.82338744
1.033963943	-19.86795976
0.940578748	-19.8011013
0.9923188	-19.8011013
0.291422909	-22.11890644
0.383880072	-22.14119261
0.335657905	-22.14119261
0.362873315	-22.14119261
0.299778656	-22.09661816
0.375672364	-21.07143572
0.286824741	-21.16058249
0.316060682	-21.16058249
0.294380914	-21.16058249
0.390318058	-21.16058249
-0.221984552	-24.36985101
-0.316500447	-24.32527656
-0.273611933	-24.34756484
-0.269676158	-24.30299039
-0.240058713	-24.32527656
-0.88524736	-26.39792972
-0.788308114	-26.39792972
-0.85023393	-26.3533574
-0.831412449	-26.3533574
-0.861270125	-26.37564357
-1.398220804	-28.78259337
-1.395603088	-28.8271678
-1.370217437	-28.7603072
-1.441997532	-28.73802103
-1.388517978	-28.7603072
-1.954365248	-31.01125175
-2.052689758	-30.9889656
-1.933284122	-30.96667943
-2.011631182	-30.94439326
-1.979372788	-30.94439326
-2.519733652	-33.10619107
-2.491957184	-33.12847724
-2.503058446	-33.12847724
-2.531607424	-33.12847724
-2.528635867	-33.10619107
-2.980323952	-35.33484947
-3.068400823	-35.3125633
-2.995489269	-35.3125633
-3.038427862	-35.26799099
-2.972019881	-35.29027716
-3.539553961	-37.63036847
-3.474147463	-37.65265675
-3.58430838	-37.67494079
-3.505059635	-37.65265675
-3.550642768	-37.63036847
-3.96325736	-39.68073334
-4.050658166	-39.65844931
-3.987664043	-39.65844931
-3.958977425	-39.63616103
-3.976629844	-39.63616103
-4.466004483	-42.06539697
-4.48348062	-42.06539697
-4.453064081	-42.06539697
-4.549142279	-41.99854062
-4.489793541	-42.02082466
-4.963165845	-44.09347781
-4.969680915	-44.11576609
-4.923642387	-44.11576609
-4.981605144	-44.11576609
-4.999335165	-44.07118953
-5.031015374	-42.8677157
-4.968467064	-42.89000398
-4.999482385	-42.84542742
-4.958612226	-42.8677157
-5.033747418	-42.84542742
-5.553616517	-46.70100728
-5.48709389	-46.70100728
-5.548687662	-46.72329557
-5.520572681	-46.67872325
-5.512378786	-46.65643497
-5.982695225	-48.52850633
-5.914497285	-48.52850633
-5.961703677	-48.52850633
-5.903281695	-48.5062223
-5.998254621	-48.48393402
-6.438379024	-50.93545824
-6.436399689	-50.91317421
-6.438927668	-50.91317421
-6.435904057	-50.91317421
-6.424144294	-50.91317421
-6.88794726	-53.14183261
-6.881901316	-53.14183261
-6.889076484	-53.16411665
-6.954358115	-53.11954433
-6.871817505	-53.14183261
-7.412315689	-55.48192393
-7.400695163	-55.41506333
-7.38636846	-55.43734736
-7.455292604	-55.41506333
-7.395491027	-55.41506333
-7.480260704	-52.71671356
-7.47796138	-52.69442953
-7.456002839	-52.67214125
-7.448726119	-52.69442953
-7.513573433	-52.69442953
-7.5593172	-52.67214125
-7.442224142	-52.67214125
-7.498625275	-52.69442953
-7.430083074	-52.69442953
-7.502485584	-52.69442953
-7.762668748	-55.97055651
-7.734157134	-55.94826823
-7.779407186	-55.99284055
-7.749613699	-55.94826823
-7.769363612	-55.90369592
-8.382466135	-60.04900222
-8.421774351	-60.04900222
-8.338209903	-60.00442566
-8.415942372	-60.02671394
-8.450260417	-60.00442566
-8.430803029	-58.13235432
-8.45118781	-58.11006604
-8.482378775	-58.13235432
-8.464520694	-58.1546426
-8.459874144	-58.13235432
-8.978482768	-62.0325065
-8.965289121	-62.07707884
-8.950098256	-62.0325065
-8.90843004	-62.0325065
-8.941413838	-62.01021822
-9.49279932	-64.12744371
-9.443842887	-64.0828714
-9.511060421	-64.14973199
-9.433999866	-64.12744371
-9.463399912	-64.12744371
-9.931026781	-66.37839039
-9.923319576	-66.28924574
-9.922100296	-66.31152978
-9.990422783	-66.33381806
-9.889787772	-66.33381806
-9.949146091	-64.52860306
-9.970877254	-64.50631903
-9.924455825	-64.52860306
-10.02621048	-64.55089134
-9.945338155	-64.50631903
-10.19443219	-66.86869438
-10.15383252	-66.84641034
-10.17965265	-66.86869438
-10.25782008	-66.84641034
-10.14677168	-66.84641034
-10.55255186	-69.05278046
-10.5862312	-69.00820815
-10.57124472	-69.03049218
-10.57208333	-69.03049218
-10.55117929	-68.98591987
-11.02756402	-71.37058774
-11.09102919	-71.39286753
-11.02896406	-71.34829946
-11.07381747	-71.34829946
-11.10746297	-71.32601118
-11.18876833	-71.77174285
-11.1697427	-71.79403113
-11.17684378	-71.77174285
-11.13961773	-71.81631941
-11.1418238	-71.88317578
-11.49400866	-73.24265909
-11.58091543	-73.2203708
-11.4938196	-73.17579426
-11.52433674	-73.19808252
-11.57223165	-73.19808252
-12.05642067	-75.31530801
-12.01828256	-75.31530801
-12.05021122	-75.31530801
-12.07528024	-75.29301973
-11.99975001	-75.3375963
-12.04738689	-74.44613294
-12.0796464	-74.44613294
-12.02521119	-74.44613294
-12.08307367	-74.4907095
-12.07832173	-74.51298929
-12.06242574	-73.39866009
-12.06841165	-73.35409202
-12.14226976	-73.3763803
-12.10771859	-73.35409202
-12.06504442	-73.35409202
-12.65822522	-77.78912052
-12.66298993	-77.76683224
-12.64294749	-77.78912052
-12.62439578	-77.74454396
-12.63094885	-77.74454396
-13.14441848	-79.68348017
-13.17409381	-79.70576845
-13.20263481	-79.6389036
-13.19267618	-79.66119189
-13.17995198	-79.6389036
-13.72702112	-82.11271613
-13.77769821	-82.06814804
-13.72057152	-82.06814804
-13.73837722	-82.06814804
-13.68741655	-82.02357148
-14.2476953	-83.91793113
-14.3059921	-83.91793113
-14.22404931	-83.89564285
-14.27159549	-83.89564285
-14.18563017	-83.87335456
-14.32066562	-81.80070564
-14.31187198	-81.82299392
-14.28432608	-81.82299392
-14.33523055	-81.82299392
-14.25682106	-81.80070564
-14.62463365	-84.6311052
-14.61045066	-84.58652864
-14.65882459	-84.58652864
-14.62825381	-84.58652864
-14.60584051	-84.54195208
-15.12538164	-86.57003292
-15.05136385	-86.61460948
-15.08338194	-86.57003292
-15.03701352	-86.57003292
-15.04618399	-86.52546485
-15.66338506	-88.41982447
-15.59018353	-88.39753619
-15.67927722	-88.37524791
-15.66252409	-88.35295963
-15.63059542	-88.35295963
-15.69680445	-86.25802244
-15.72860793	-86.23573416
-15.64611841	-86.23573416
-15.68819093	-86.28031072
-15.74379113	-86.28031072
-16.17096331	-90.89362851
-16.27332026	-90.87134872
-16.28323035	-90.87134872
-16.21399005	-90.80448388
-16.27243502	-90.73762751
-16.24017679	-88.41982447
-16.24482525	-88.44210428
-16.34937422	-88.41982447
-16.27079867	-88.39753619
-16.28442089	-88.46439256
-16.63244269	-91.20564748
-16.61610727	-91.22792726
-16.609102	-91.20564748
-16.53853703	-91.20564748
-16.61284734	-91.18335919
-17.13858514	-93.05543056
-17.06707107	-93.03314228
-17.09318116	-93.07771884
-17.04964986	-93.010854
-17.07564499	-93.03314228
-17.72623479	-95.46237822
-17.79835691	-95.44009844
-17.72943468	-95.46237822
-17.69935953	-95.46237822
-17.81117053	-95.41781015
-17.87193655	-92.65427543
-17.81722797	-92.63198715
-17.80574413	-92.65427543
-17.84617135	-92.60969887
-17.75972061	-92.65427543
-18.20810661	-95.8858301
-18.20918601	-95.93039819
-18.22547928	-95.93039819
-18.1630603	-95.81896526
-18.23818176	-95.8858301
-18.65106493	-97.35673787
-18.68643747	-97.31216978
-18.66551873	-97.35673787
-18.66741057	-97.33445806
-18.6525531	-97.2898815
-19.45432088	-99.71911746
-19.40452903	-99.6745494
-19.41871075	-99.71911746
-19.40906125	-99.6745494
-19.38919893	-99.69682918
-19.47477464	-97.26759322
-19.52948194	-97.2898815
-19.46795076	-97.31216978
-19.48345715	-97.2898815
-19.48273414	-97.31216978
-20.14013632	-101.25689
-20.07138271	-101.2791783
-20.06062443	-101.2791783
-20.08554399	-101.25689
-20.02830488	-101.2346103
-20.17572858	-98.71622117
-20.11822377	-98.73850945
-20.10466031	-98.71622117
-20.11767449	-98.76079774
-20.10109253	-98.73850945
-20.19542612	-95.68497257
-20.23666065	-95.72954064
-20.22814166	-95.70725235
-20.1295275	-95.70725235
-20.18198912	-95.68497257
-20.23773495	-93.23344832
-20.2286309	-93.1665835
-20.21157248	-93.21116004
-20.18462824	-93.1665835
-20.25290027	-93.21116004
-20.27121438	-93.21116004
-20.18675767	-93.18887176
-20.18759564	-93.18887176
-20.2637684	-93.23344832
-20.29737046	-93.23344832
-19.99089361	-88.59783378
-19.99890548	-88.62012207
-20.07518554	-88.62012207
-19.999198	-88.64241035
-19.9475488	-88.59783378
-20.03361377	-88.73155498
-20.01043658	-88.73155498
-19.98208848	-88.70926669
-20.04289792	-88.70926669
-20.08497427	-88.75384326
-19.7459441	-84.18509354
-19.73527269	-84.22966161
-19.77506504	-84.16280526
-19.76695098	-84.18509354
-19.70323161	-84.20738182
-19.52047115	-79.86149795
-19.50273825	-79.90606602
-19.48435005	-79.86149795
-19.49538808	-79.88377774
-19.46986303	-79.88377774
-19.17448808	-75.4933258
-19.18557721	-75.4933258
-19.11933369	-75.51561408
-19.10398187	-75.47103752
-19.2106079	-75.4933258
-18.79206329	-70.9691484
-18.79816033	-70.94686012
-18.84980953	-70.99143243
-18.77951537	-70.94686012
-18.73741347	-70.99143243
-18.71755115	-72.48463695
-18.73427873	-72.44006039
-18.79249761	-72.39549232
-18.77755072	-72.39549232
-18.75820575	-72.32862748
-18.31382951	-66.48954331
-18.40543457	-66.46725928
-18.38757649	-66.48954331
-18.3179057	-66.46725928
-18.35772105	-66.46725928
-18.39834115	-67.18042913
-18.3656997	-67.20271316
-18.32448688	-67.22500144
-18.34654633	-67.20271316
-18.3472208	-67.20271316
-18.0372988	-62.16594772
-18.05275791	-62.16594772
-18.01609392	-62.18823176
-18.05086864	-62.18823176
-18.02079348	-62.18823176
-17.70057434	-58.48866136
-17.72118522	-58.51094542
-17.70909717	-58.51094542
-17.66356289	-58.51094542
-17.64407101	-58.51094542
-17.20173224	-53.29588645
-17.13936308	-53.31817473
-17.18405427	-53.31817473
-17.24985069	-53.34045879
-17.19254133	-53.27359817
-17.19328988	-54.6330815
-17.17807475	-54.67765381
-17.15352308	-54.61079321
-17.16350981	-54.65536978
-17.20488359	-54.6330815
-17.17901236	-54.78908674
-17.21761928	-54.72222613
-17.13100759	-54.76680269
-17.14008737	-54.76680269
-17.19355558	-54.74451441
-17.19010149	-55.39333077
-17.15560908	-55.41561905
-17.15141792	-55.41561905
-17.14076567	-55.37104673
-17.15970315	-55.39333077
-16.95464308	-51.782905
-16.9668576	-51.80519328
-16.95156837	-51.80519328
-16.90458042	-51.782905
-16.89276828	-51.80519328
-16.72539157	-49.17537553
-16.77073168	-49.10851493
-16.74615318	-49.13080321
-16.71027735	-49.17537553
-16.70348285	-49.13080321
-16.26900775	-44.38375999
-16.29870096	-44.40604827
-16.299157	-44.42833231
-16.23795666	-44.45062059
-16.23649532	-44.42833231
-16.24737367	-44.98549691
-16.29021135	-44.98549691
-16.3018983	-44.94092459
-16.31551285	-44.94092459
-16.28174345	-44.94092459
-15.80734444	-40.01558782
-15.81932008	-39.99330378
-15.83529016	-39.99330378
-15.75975865	-40.0378761
-15.77832697	-39.99330378
-15.34507052	-36.07086332
-15.40195579	-36.02629098
-15.38825182	-36.07086332
-15.39848125	-36.0040027
-15.333602	-36.0931516
-14.74847139	-31.12324251
-14.76275275	-31.12324251
-14.87816985	-31.12324251
-14.85570035	-31.10095636
-14.76644316	-31.12324251
-14.26031476	-26.44305988
-14.22289965	-26.42077371
-14.22821875	-26.44305988
-14.29962169	-26.44305988
-14.27812046	-26.44305988
-13.79366191	-22.36461628
-13.7502775	-22.38690245
-13.74367716	-22.4091886
-13.73375686	-22.4091886
-13.73477112	-22.4091886
-13.67711941	-24.12525472
-13.69912777	-24.12525472
-13.72677713	-24.0806824
-13.68830817	-24.0806824
-13.65510722	-24.12525472
-13.70654564	-24.19211533
-13.67407025	-24.21440148
-13.69734707	-24.16982917
-13.7135011	-24.23668765
-13.6689632	-24.16982917
-13.70694802	-24.23668765
-13.7307984	-24.23668765
-13.73282052	-24.23668765
-13.7080798	-24.25897593
-13.70678452	-24.23668765
-13.68475061	-24.32583441
-13.66195154	-24.30354825
-13.74959281	-24.32583441
-13.7603	-24.34812056
-13.71285217	-24.30354825
-13.55490013	-21.58458584
-13.49256675	-21.58458584
-13.47124691	-21.58458584
-13.51424809	-21.58458584
-13.52852306	-21.58458584
-13.10801636	-17.75129214
-13.11142447	-17.72900597
-13.06944776	-17.79586657
-13.07941916	-17.77357935
-13.09213059	-17.79586657
-12.42666161	-13.24940195
-12.49189342	-13.22711581
-12.41496188	-13.29397534
-12.39793283	-13.24940195
-12.4263908	-13.29397534
-11.68968877	-8.925805296
-11.66622161	-8.903518082
-11.6147602	-8.925805296
-11.70698479	-8.925805296
-11.72899571	-8.925805296
-11.63192848	-9.995561115
-11.64279662	-10.01784728
-11.64515981	-10.01784728
-11.60836424	-10.01784728
-11.61927581	-10.01784728
-11.17260792	-6.630286831
-11.1577364	-6.674860213
-11.17599686	-6.697146916
-11.21115225	-6.674860213
-11.23483656	-6.674860213
-11.09981516	-6.51885392
-11.09209454	-6.51885392
-11.04683363	-6.474281071
-11.03148948	-6.496567751
-11.12905362	-6.51885392
-9.506376188	0.144834496
-9.491037144	0.122547927
-9.509266949	0.167121087
-9.465002413	0.122547927
-9.496385626	0.189407656
-8.416782903	2.284346489
-8.448107355	2.239773374
-8.418198903	2.239773374
-8.401328254	2.284346489
-8.436018661	2.239773374
-7.714681863	3.376389255
-7.736257822	3.242669642
-7.760404553	3.220382962
-7.740721065	3.287242757
-7.737815614	3.264956344
-7.796169255	2.6857837
-7.725549999	2.574350789
-7.719471482	2.552064109
-7.737749189	2.618923904
-7.749413786	2.574350789
-7.780417611	2.642882004
-7.730023461	2.642882004
-7.70948092	2.620595323
-7.734182044	2.620595323
-7.771598427	2.598308888
-7.730485881	2.620595323
-7.707755789	2.598308888
-7.722374378	2.598308888
-7.708475605	2.620595323
-7.70457889	2.687455119
-7.668923405	2.534792176
-7.642711115	2.534792176
-7.709826458	2.490218793
-7.738516907	2.557078589
-7.754384796	2.512505473
-6.945344128	4.451438235
-6.920660249	4.629730697
-6.908561974	4.540584466
-6.904902218	4.473724915
-6.883235563	4.562871146
-5.821773225	5.966925721
-5.80393239	6.033785806
-5.778477599	5.989212423
-5.788853936	6.056072486
-5.806733094	5.922352872
-5.077992473	6.702383318
-5.115504023	6.724669998
-5.124156825	6.769242847
-5.149320367	6.746956166
-5.118445879	6.680096615
-3.606352826	8.975614569
-3.628397911	8.908755018
-3.647964198	8.864181635
-3.687827125	8.886468338
-3.716681402	8.9533284
-2.939900884	10.2236639
-2.922175653	10.26823623
-2.900086178	10.2236639
-2.884748412	10.20137668
-2.910452935	10.20137668
-2.911530743	9.555066383
-2.926481775	9.465919618
-2.909043002	9.39906009
-2.916280443	9.488205787
-2.871672286	9.443633472
-2.321619453	11.31570588
-2.326190317	11.24884633
-2.290862646	11.22656019
-2.302622888	11.22656019
-2.285147549	11.22656019
-2.012359141	12.00659063
-1.982958456	12.00659063
-1.964186554	11.93973001
-1.969346939	11.91744387
-1.966535856	11.93973001
-1.948471954	11.38256541
-1.966443244	11.38256541
-1.942084465	11.38256541
-1.91810204	11.40485265
-1.935385768	11.56085894
-1.377282588	13.27692506
-1.400176986	13.29921227
-1.403421587	13.41064521
-1.364563177	13.38835797
-1.371614755	13.29921227
-0.462717574	15.43872391
-0.468146293	15.55015684
-0.466329308	15.48329729
-0.481535821	15.52787067
-0.459644104	15.50558346
0.291419437	17.80110139
0.318766778	17.82338967
0.296757919	17.82338967
0.301809446	17.73424186
0.252278221	17.80110139
0.948488342	20.07433422
1.021445962	20.05204808
0.98536143	20.02975979
1.031729368	20.02975979
1.025387945	20.00747363
1.619419255	22.23613203
1.60475468	22.2584182
1.635205549	22.23613203
1.623775036	22.23613203
1.640742448	22.23613203
1.668889364	21.16637728
1.738400633	21.18866342
1.725920894	21.21094959
1.754482965	21.21094959
1.717395193	21.18866342
2.376675002	24.48707658
2.335928751	24.53165103
2.340013883	24.50936486
2.280916794	24.48707658
2.282889102	24.50936486
2.929191784	26.6488765
2.905256782	26.60430207
2.939571634	26.67116266
2.944435661	26.67116266
2.966185666	26.71573498
3.562966185	28.83296047
3.584339357	28.89982107
3.578082961	28.92210721
3.572118132	28.8775349
3.622064233	28.85524875
4.123943999	31.15076561
4.161112566	31.12847945
4.187030096	31.1061933
4.2002544	31.12847945
4.236514735	31.06161885
4.827953477	33.42399844
4.806948517	33.42399844
4.812413243	33.37942402
4.773602256	33.37942402
4.759196354	33.35713785
5.367548858	35.92009289
5.41816783	35.89780886
5.379605618	35.94238118
5.433115989	35.89780886
5.41253321	35.85323652
5.442994778	35.22921133
5.446524878	35.22921133
5.461850509	35.20692518
5.482465224	35.22921133
5.464743825	35.27378364
6.470909983	39.95396629
6.441767971	39.90939398
6.479990395	39.95396629
6.451295475	39.93167801
6.498503144	39.93167801
7.133987029	42.2940576
7.103616157	42.27176932
7.099119702	42.33862992
7.054900514	42.27176932
7.005259393	42.22719701
7.688024398	44.72329357
7.710042977	44.63414892
7.642881649	44.61186064
7.626558367	44.45585541
7.56805463	44.47814369
7.654329087	42.89579452
7.667554669	42.9180828
7.720107628	42.8512222
7.720309457	42.9180828
7.734299565	42.89579452
7.716140017	41.95975885
7.739200317	41.93747057
7.763527162	41.95975885
7.706189055	41.98204713
7.691028209	42.00433116
7.959519596	45.1467412
7.966625784	45.12445292
7.964441426	45.12445292
8.013965026	45.1467412
7.998541035	45.12445292
8.229980099	46.70680207
8.188192446	46.68451379
8.22856346	46.66222976
8.224063172	46.63994148
8.236402876	46.68451379
8.763896469	48.95774451
8.729170934	48.93546047
8.717034337	48.95774451
8.705414449	48.89088816
8.708766352	48.89088816
9.302223071	51.09725828
9.304243921	51.09725828
9.302979293	51.05268594
9.304655244	51.05268594
9.346158675	51.05268594
9.849513202	53.28134435
9.87538251	53.28134435
9.906968191	53.28134435
9.902175379	53.32591666
9.928020416	53.25905606
10.43874172	55.57686334
10.46154399	55.59914738
10.5253879	55.59914738
10.50349706	55.62143566
10.47809656	55.55457506
10.55802297	52.73810675
10.55932272	52.76039503
10.55041987	52.76039503
10.47906675	52.73810675
10.5173358	52.76039503
10.84406394	56.10338261
10.84209036	56.08109435
10.77824836	56.08109435
10.78131795	56.0588103
10.77741166	56.08109435
11.10885406	57.97545398
11.07475381	57.97545398
11.08779098	57.93088166
11.02440756	57.95316994
11.02949673	57.93088166
11.50889422	60.13725601
11.56537839	60.11496773
11.58058714	60.07039541
11.61628286	60.11496773
11.64124329	60.07039541
12.14502511	62.34362613
12.13948757	62.34362613
12.10369988	62.34362613
12.09341296	62.27676553
12.09273849	62.27676553
12.71765507	64.70600572
12.71693589	64.72828978
12.71652074	64.68371744
12.73085574	64.66142916
12.6847824	64.68371744
13.27397899	66.75637062
13.26813104	66.73408234
13.32016601	66.75637062
13.30260557	66.71179828
13.26883744	66.71179828
13.35208318	65.30774266
13.36917993	65.3300267
13.27434177	65.28545438
13.27698727	65.30774266
13.24930724	65.28545438
13.3622002	64.34941869
13.29865328	64.37170697
13.29075511	64.37170697
13.31771468	64.41627928
13.35543636	64.37170697
13.88627228	69.00731306
13.93406883	68.96274072
13.97699081	69.00731306
13.96565387	68.96274072
13.96890358	68.94045668
14.47793808	71.19139912
14.44185402	71.16911509
14.47922442	71.2136874
14.52067867	71.14682681
14.48871424	71.16911509
15.19331516	73.39776924
15.16983906	73.37548096
15.16056385	73.39776924
15.10969514	73.37548096
15.07143695	73.35320115
15.70707604	75.71557227
15.66444913	75.69329249
15.67977285	75.67100421
15.68263167	75.67100421
15.78015749	75.62642764
16.36420869	77.98880724
16.34093443	78.0333838
16.32565415	77.94423068
16.30998553	77.96651896
16.3666958	77.92195087
17.03353926	80.21746564
17.0052678	80.15060927
16.97460632	80.19517736
16.91719732	80.17288908
16.90704197	80.12832099
17.56041779	82.33469111
17.55358113	82.31240283
17.56492063	82.35697939
17.6141913	82.33469111
17.61766711	82.26783476
18.31648523	84.60792608
18.29619881	84.58563779
18.25184741	84.58563779
18.2810501	84.51877295
18.31078163	84.51877295
18.75150577	85.67767871
18.69879378	85.65539043
18.66267396	85.65539043
18.64166708	85.65539043
18.65494184	85.65539043
18.7542739	83.5827415
18.72924321	83.5827415
18.74755732	83.5827415
18.69821256	83.56045322
18.75366331	83.56045322
19.22731376	86.8142962
19.22361569	86.8142962
19.19510152	86.79200791
19.13176537	86.79200791
19.17713103	86.79200791
19.69837237	88.97608973
19.683589	88.97608973
19.69741432	88.95380995
19.74113724	88.93152167
19.83085046	88.93152167
19.78222999	86.14569866
19.85985515	86.14569866
19.89962323	86.16798694
19.91751964	86.12341038
19.8768561	86.12341038
20.0097519	89.2881087
20.06347943	89.31038851
20.10736457	89.2881087
20.15457097	89.2881087
20.10369971	89.26582042
20.74567471	91.40533417
20.75469445	91.42761398
20.74860507	91.44990226
20.65473007	91.42761398
20.63751452	91.38304589
20.67380679	90.02356259
20.73479124	90.02356259
20.73159135	90.02356259
20.75309258	90.02356259
20.70302609	90.02356259
21.24986146	92.72024094
21.19491913	92.72024094
21.17926201	92.65337609
21.15499009	92.69795265
21.11740381	92.67566437
21.26994606	92.98767485
21.25948286	92.9208185
21.30575547	92.96539506
21.34691592	92.96539506
21.35368232	92.94310678
21.28837514	91.98477858
21.33660345	91.98477858
21.33457877	91.98477858
21.39724045	91.98477858
21.34990632	91.96249877
21.29406724	91.31618107
21.38601208	91.29390126
21.39259837	91.27161298
21.40649395	91.29390126
21.34051486	91.27161298
21.4586094	86.99759969
21.47515942	86.95303162
21.45046213	86.95303162
21.4093004	86.95303162
21.41228697	86.97531988
21.44774637	86.7078775
21.42838862	86.73016578
21.41461695	86.73016578
21.39567563	86.7078775
21.45482318	86.7078775
21.40492658	86.4384837
21.38548196	86.41620392
21.46532087	86.39391563
21.43722058	86.41620392
21.50682621	86.39391563
21.40539411	84.07611258
21.44903655	84.09839239
21.48406546	84.0538243
21.52951287	84.09839239
21.45714805	84.07611258
21.29770145	80.22052846
21.26464995	80.19824018
21.16426148	80.24281675
21.16191489	80.24281675
21.1845479	80.26510503
21.21686872	80.91141428
21.31208372	80.93370254
21.28356827	80.91141428
21.32523968	80.91141428
21.24417958	80.86683772
20.96107152	75.60721068
20.99286989	75.5849224
20.98139115	75.60721068
20.97114384	75.60721068
20.93221501	75.5849224
20.63441555	71.1276056
20.67989234	71.14988965
20.6756437	71.17217368
20.64078595	71.1276056
20.63754901	71.14988965
20.2541138	66.75943344
20.29880499	66.75943344
20.34768861	66.75943344
20.40032524	66.73714941
20.36142068	66.78172172
20.30584858	67.27202573
20.30110559	67.29431401
20.31244381	67.24973745
20.32709305	67.31659804
20.37027435	67.31659804
20.05010119	62.88156954
19.9953262	62.88156954
19.9803295	62.90385358
19.96689378	62.90385358
19.97252201	62.85928126
19.52611471	58.1345263
19.57281014	58.1345263
19.60763212	58.11223801
19.62913207	58.11223801
19.71107997	58.1345263
19.45668919	55.90586789
19.41531413	55.92815618
19.46979661	55.90586789
19.47045575	55.90586789
19.47712762	55.92815618
19.41763006	56.79510414
19.43535785	56.75052757
19.43838146	56.75052757
19.50003782	56.75052757
19.48830872	56.81738817
19.31273364	57.17397521
19.31428952	57.15168693
19.36528596	57.10711461
19.41291645	57.0625423
19.4669761	57.08482633
19.08460241	53.07324121
19.04166893	53.11781778
19.04789498	53.11781778
19.08552469	53.11781778
19.15030303	53.07324121
18.90962515	49.1285167
18.87337376	49.10623266
18.86123844	49.1285167
18.79453378	49.1285167
18.77824052	49.1285167
18.47510152	45.09464755
18.42323133	45.07235927
18.40030324	45.11693158
18.35964226	45.11693158
18.38575874	45.16150389
18.43043716	45.67409618
18.49794275	45.60723558
18.50814152	45.62952387
18.52566365	45.60723558
18.47202426	45.62952387
17.98669196	40.21388311
18.00683531	40.05787786
17.98073288	40.25845542
18.0015226	40.2807437
17.94091498	40.25845542
17.53934065	35.55598876
17.5714341	35.55598876
17.54312304	35.60056108
17.54897482	35.53370048
17.47597129	35.57827491
17.13049025	31.47754303
17.11083103	31.47754303
17.11155659	31.45525688
17.03417924	31.4998292
17.01737629	31.4998292
16.57972047	26.7973604
16.57879946	26.84193272
16.51865171	26.84193272
16.49480134	26.84193272
16.45814118	26.77507423
16.01125101	22.49604884
16.04699017	22.51833713
16.01686647	22.54062329
15.98008624	22.45147653
15.96841334	22.49604884
15.98746834	23.05321345
16.00313696	23.03092728
15.99234802	23.05321345
15.99146278	23.07550173
16.00008013	23.05321345
15.37862532	18.10559266
15.43773071	18.03873206
15.40697598	18.1278788
15.4653507	18.17245325
15.43736665	18.21702557
15.32754712	19.21992186
15.27836969	19.19763569
15.31394662	19.21992186
15.32259974	19.17534952
15.39252728	19.24220801
14.7905273	13.55912909
14.78650221	13.55912909
14.77254914	13.64827585
14.75966399	13.62598864
14.71892891	13.58141633
14.01748574	9.280104769
14.00442047	9.346965365
14.020761	9.324678151
14.02562407	9.324678151
14.02705092	9.280104769
13.11074489	4.86736188
13.09176142	4.86736188
13.09613013	4.86736188
13.06247698	4.889648049
13.03698259	4.86736188
12.31773242	2.504983864
12.32462528	2.415837366
12.37742031	2.482697184
12.39408913	2.460410482
12.37296601	2.438124068
12.3176775	3.129008016
12.31982609	3.151294696
12.30172658	3.129008016
12.30711083	3.129008016
12.23692397	3.10672158
12.2383751	3.426812583
12.27096418	3.426812583
12.28742223	3.426812583
12.25604923	3.404525881
12.31505371	3.471385698
11.58308446	0.574129829
11.64454155	0.507270055
11.63667658	0.574129829
11.64160097	0.551843238
11.59627619	0.618703011
7.289083437	-6.423857766
7.308579147	-6.423857766
7.261867109	-6.423857766
7.250779259	-6.423857766
7.24317233	-6.401571063
7.300313078	-6.022698925
7.284804779	-6.000412245
7.281948508	-6.000412245
7.268459142	-5.978126076
7.262122589	-6.000412245
5.641100035	-8.585656083
5.669715118	-8.607942763
5.667261229	-8.563369403
5.70825817	-8.563369403
5.704674419	-8.541083235
4.331321598	-10.88117455
4.33920732	-10.88117455
4.369498036	-10.90346072
4.342014092	-10.85888733
4.359579648	-10.90346072
3.24175418	-13.06525957
3.223935699	-13.06525957
3.231670369	-13.06525957
3.245272146	-13.06525957
3.264423915	-13.06525957
2.350612168	-15.29391797
2.336045634	-15.31620412
2.314276787	-15.2716318
2.316564614	-15.31620412
2.300891689	-15.29391797
1.595738776	-17.47800299
1.541038185	-17.43342961
1.555148528	-17.43342961
1.533430777	-17.41114344
1.548265566	-17.43342961
1.571553244	-16.31910041
1.527242562	-16.34138762
1.540806177	-16.31910041
1.500940056	-16.29681424
1.502502478	-16.31910041
0.753392804	-19.84038152
0.763477174	-19.84038152
0.755412855	-19.84038152
0.789017072	-19.84038152
0.749150871	-19.81809535
0.086781066	-21.93532084
0.129504356	-21.95760699
0.117184652	-21.93532084
0.131256403	-21.91303256
0.108065738	-21.91303256
0.047476892	-21.0884298
0.015891146	-21.0884298
0.05177032	-21.13300211
0.100106425	-21.11071597
0.084650599	-21.11071597
-0.541774669	-24.29769832
-0.593857623	-24.29769832
-0.583151837	-24.27541215
-0.591381619	-24.27541215
-0.610368803	-24.27541215
-1.117846305	-26.48178228
-1.116501041	-26.48178228
-1.146447496	-26.45949611
-1.154055543	-26.43720996
-1.13199473	-26.45949611
-1.660338115	-28.73272896
-1.664759044	-28.71044068
-1.662739152	-28.71044068
-1.675896553	-28.68815451
-1.677357581	-28.71044068
-2.257373156	-31.09510642
-2.269972492	-31.09510642
-2.299538761	-31.09510642
-2.292528538	-31.07282027
-2.273758392	-31.05053199
-2.758214075	-33.19004574
-2.771814575	-33.19004574
-2.821309433	-33.14547131
-2.810388284	-33.14547131
-2.83330807	-33.19004574
-3.307285224	-35.44099029
-3.317801756	-35.39641586
-3.330347122	-35.41870414
-3.337626397	-35.39641586
-3.303690934	-35.39641586
-3.821364819	-37.71422314
-3.795039479	-37.69193486
-3.800537098	-37.71422314
-3.782199672	-37.64736255
-3.805961905	-37.69193486
-4.245586205	-39.83144861
-4.255428907	-39.78687205
-4.234208385	-39.80916033
-4.252955857	-39.76458802
-4.239199195	-39.83144861
-4.750740592	-42.03781873
-4.749447541	-42.01553045
-4.750232505	-42.03781873
-4.76681957	-42.06010701
-4.763886336	-42.01553045
-5.220961226	-44.17733248
-5.24380788	-44.17733248
-5.252204563	-44.17733248
-5.260269441	-44.17733248
-5.255391043	-44.17733248
-5.267781523	-42.88470977
-5.286478857	-42.86242149
-5.287886554	-42.90699381
-5.304687904	-42.90699381
-5.294365218	-42.86242149
-5.750633428	-46.53970785
-5.705944795	-46.53970785
-5.746101206	-46.53970785
-5.73510469	-46.49513554
-5.736958839	-46.49513554
-6.202746888	-48.65693332
-6.230037944	-48.70150564
-6.234546535	-48.63464929
-6.23265598	-48.65693332
-6.218469152	-48.61236101
-6.766091408	-50.99702463
-6.744919747	-50.99702463
-6.753415109	-50.95245232
-6.751181572	-50.9747406
-6.783222647	-50.99702463
-7.207719952	-53.22568304
-7.172249052	-53.15882244
-7.217615347	-53.15882244
-7.194310424	-53.13653841
-7.194766457	-53.15882244
-7.794871415	-55.27604791
-7.77566823	-55.29833619
-7.799403637	-55.27604791
-7.765417717	-55.29833619
-7.730406043	-55.25376388
-7.772653561	-52.74206467
-7.793007046	-52.80892528
-7.766390459	-52.76435295
-7.751660097	-52.74206467
-7.774672495	-52.74206467
-8.3126823	-57.75654607
-8.309659328	-57.75654607
-8.302102857	-57.75654607
-8.305290614	-57.75654607
-8.309039789	-57.73425779
-8.802894276	-59.89605982
-8.792643125	-59.89605982
-8.755180117	-59.89605982
-8.764183246	-59.85148326
-8.761871787	-59.82919922
-9.293149684	-62.16929054
-9.314433118	-62.19157459
-9.287868265	-62.12471822
-9.289160996	-62.14700226
-9.300250762	-62.14700226
-9.71533553	-64.37566066
-9.722777036	-64.35337663
-9.720807921	-64.33108834
-9.744114121	-64.35337663
-9.785252215	-64.28651603
-10.24282082	-66.51517441
-10.22947197	-66.47060209
-10.27176547	-66.49288613
-10.24598558	-66.44831381
-10.26509807	-66.47060209
-10.3404533	-64.79910829
-10.37074497	-64.77682001
-10.34503789	-64.77682001
-10.35617556	-64.75453173
-10.32679851	-64.82139235
-10.68950341	-68.36496174
-10.67525143	-68.43181809
-10.67008562	-68.40953406
-10.66282039	-68.43181809
-10.66293089	-68.45410637
-10.71023053	-68.32038518
-10.75491916	-68.32038518
-10.71200612	-68.27581286
-10.73930165	-68.32038518
-10.74051773	-68.29810114
-10.7764204	-66.38145322
-10.8150171	-66.4037415
-10.80128886	-66.38145322
-10.83796946	-66.35916918
-10.8022533	-66.4037415
-11.39370705	-71.01706353
-11.38657787	-70.97249121
-11.35208674	-70.99477525
-11.36856011	-70.99477525
-11.35817994	-70.97249121
-11.88010726	-73.04514437
-11.88989854	-73.02285609
-11.89213655	-73.00056781
-11.90187802	-73.00056781
-11.92126771	-73.04514437
-12.42500992	-75.3629474
-12.41564912	-75.34065912
-12.4335072	-75.31837084
-12.45916127	-75.34065912
-12.43496472	-75.34065912
-12.95754862	-77.56931752
-12.9579791	-77.52474945
-12.98204663	-77.50246117
-12.95852966	-77.50246117
-12.98070025	-77.50246117
-13.00922208	-75.74182272
-12.99347427	-75.71953446
-13.01863271	-75.74182272
-13.00814651	-75.69724618
-13.02847509	-75.69724618
-13.02268973	-75.65266962
-13.05041064	-75.65266962
-13.02470547	-75.65266962
-13.01299298	-75.63038981
-12.98359357	-75.63038981
-13.64327336	-79.68654301
-13.63504562	-79.68654301
-13.61737915	-79.61968664
-13.64041709	-79.68654301
-13.59822706	-79.61968664
-14.18023825	-81.93748967
-14.18544494	-81.93748967
-14.17579545	-81.89291311
-14.16823962	-81.89291311
-14.18537086	-81.89291311
-14.68931618	-84.34443736
-14.72745174	-84.34443736
-14.6966804	-84.27758099
-14.73403292	-84.25529271
-14.73263161	-84.27758099
-15.04069372	-85.32505384
-15.04606391	-85.32505384
-15.02035875	-85.32505384
-15.04056853	-85.30276556
-15.02756458	-85.258189
-15.06646019	-83.05181888
-15.06063141	-83.02953059
-15.07733088	-83.07410716
-15.11326037	-83.00724231
-15.10317911	-83.00724231
-15.47968442	-86.14965235
-15.49160897	-86.14965235
-15.45872609	-86.12736407
-15.45838247	-86.12736407
-15.46129367	-86.10508429
-16.06047698	-88.48974367
-16.07043177	-88.46745539
-16.06803409	-88.48974367
-16.09676286	-88.48974367
-16.08278936	-88.42288732
-16.11174806	-86.46166283
-16.12499728	-86.39480648
-16.08822726	-86.46166283
-16.10133341	-86.46166283
-16.09364983	-86.43938304
-16.59154283	-90.673834
-16.59903607	-90.62925744
-16.60313653	-90.673834
-16.58794694	-90.62925744
-16.60815289	-90.60696916
-16.65642591	-88.33374267
-16.6519384	-88.31145438
-16.67303469	-88.26687782
-16.67556395	-88.26687782
-16.66526425	-88.2891661
-16.98972693	-90.8075467
-17.02837217	-90.8075467
-17.00871295	-90.8075467
-17.03145071	-90.78526691
-17.02753803	-90.8075467
-17.51893416	-93.08078166
-17.47777371	-93.08078166
-17.50962828	-93.0362051
-17.48130445	-93.08078166
-17.5077109	-92.99163703
-18.14918261	-95.08657422
-18.13785205	-95.04199766
-18.12776824	-95.04199766
-18.11012476	-95.04199766
-18.08056185	-95.04199766
-18.17906104	-92.23389487
-18.15570375	-92.23389487
-18.14961182	-92.25617468
-18.15351939	-92.23389487
-18.13331472	-92.25617468
-18.51338909	-95.30944007
-18.52127066	-95.24258372
-18.51382341	-95.2648635
-18.53605404	-95.24258372
-18.52037648	-95.2648635
-19.17376379	-97.27065606
-19.20037847	-97.31523262
-19.17421599	-97.29294434
-19.18276437	-97.22608799
-19.18535749	-97.27065606
-19.65943844	-98.87529349
-19.66944561	-98.83071693
-19.64803507	-98.78614886
-19.64787156	-98.78614886
-19.65872054	-98.7415723
-19.95838628	-99.6999005
-19.95754831	-99.6999005
-19.9807983	-99.74446859
-19.98989724	-99.65532394
-19.98055815	-99.6999005
-20.05138371	-96.86950093
-20.04024732	-96.89178922
-20.02843773	-96.9140775
-20.03235042	-96.89178922
-20.00769656	-96.86950093
-20.1364408	-94.90828494
-20.10804287	-94.90828494
-20.12816323	-94.93056475
-20.11634726	-94.95285303
-20.1233602	-94.97514131
-20.04544251	-94.41797671
-20.05396534	-94.44026499
-20.0546398	-94.44026499
-20.06723754	-94.44026499
-20.08492573	-94.41797671
-20.10151152	-94.12825452
-20.08386804	-94.12825452
-20.10369588	-94.12825452
-20.06812151	-94.10596624
-20.0889125	-94.12825452
-20.09962607	-93.83406956
-20.08050081	-93.90092593
-20.09365933	-93.87863765
-20.10145914	-93.92321421
-20.09865141	-93.90092593
-20.17952502	-93.78949299
-20.14928763	-93.78949299
-20.16210125	-93.76720471
-20.1189966	-93.81178128
-20.16058753	-93.76720471
-20.20206861	-92.3854416
-20.21162102	-92.31857676
-20.19923661	-92.29629697
-20.19618872	-92.22943213
-20.150878	-92.20714384
-19.97163294	-88.30699164
-19.98155197	-88.30699164
-19.97600166	-88.30699164
-19.9873782	-88.32927992
-19.96076608	-88.28471185
-19.98806672	-88.39614477
-20.01271547	-88.41842457
-19.98072549	-88.37385648
-20.02229088	-88.41842457
-20.00011518	-88.41842457
-19.78794253	-84.45141602
-19.78546565	-84.42912774
-19.83452683	-84.42912774
-19.80661559	-84.36227137
-19.82411472	-84.42912774
-19.48023937	-79.70437702
-19.44339526	-79.72665681
-19.49029508	-79.79352165
-19.45998105	-79.74894509
-19.49464208	-79.72665681
-19.1137936	-75.09105074
-19.12803152	-75.11333903
-19.13663994	-75.09105074
-19.17328988	-75.15790709
-19.14976907	-75.15790709
-19.09898085	-76.65111161
-19.13426269	-76.65111161
-19.10934313	-76.67339989
-19.12271753	-76.62882335
-19.07977638	-76.67339989
-18.74648814	-70.65602222
-18.75164629	-70.67830628
-18.77559502	-70.63373396
-18.76047186	-70.63373396
-18.77562312	-70.70059456
-18.46284868	-66.51071591
-18.44340662	-66.48843188
-18.46810391	-66.48843188
-18.44672148	-66.51071591
-18.48838778	-66.51071591
-18.36590664	-66.97873588
-18.38330869	-66.93416355
-18.38079348	-66.93416355
-18.37335006	-66.9564476
-18.39495093	-66.91187526
-17.83729723	-59.89160132
-17.83249804	-59.93617364
-17.84913492	-59.93617364
-17.85429051	-59.95846192
-17.87543918	-59.89160132
-17.59632811	-57.19492297
-17.63076815	-57.19492297
-17.61434715	-57.17263892
-17.60919155	-57.15035064
-17.62198218	-57.21721125
-17.40692516	-55.18913042
-17.38378502	-55.16684636
-17.36794779	-55.18913042
-17.3617741	-55.16684636
-17.35186785	-55.16684636
-17.44384846	-55.43428452
-17.45711939	-55.43428452
-17.42896545	-55.47885686
-17.43057881	-55.43428452
-17.43813337	-55.43428452
-17.44404774	-56.30680243
-17.43113576	-56.21765778
-17.43816913	-56.30680243
-17.4333661	-56.351379
-17.45607703	-56.2622301
-17.19459411	-53.56555599
-17.1933001	-53.54326771
-17.18043028	-53.58784003
-17.17169285	-53.58784003
-17.16883658	-53.58784003
-16.78829468	-48.9076574
-16.78869834	-48.95222971
-16.79760055	-48.95222971
-16.7588429	-48.92994568
-16.7968175	-48.92994568
-16.82268873	-50.24485242
-16.8557645	-50.17799183
-16.80917765	-50.20028011
-16.81006672	-50.17799183
-16.82554755	-50.24485242
-16.52415987	-46.14412268
-16.50434098	-46.14412268
-16.49845982	-46.14412268
-16.47968967	-46.1218344
-16.48216272	-46.14412268
-16.33000498	-44.38348
-16.33159151	-44.42805656
-16.33823528	-44.38348
-16.36646714	-44.38348
-16.35594774	-44.42805656
-16.34044135	-44.91836057
-16.32620598	-44.89607228
-16.35039615	-44.89607228
-16.33119807	-44.91836057
-16.36294151	-44.91836057
-15.74002407	-38.78954996
-15.70116678	-38.81183401
-15.70911094	-38.78954996
-15.6974687	-38.81183401
-15.71153928	-38.8341223
-15.4791147	-36.1597322
-15.47978789	-36.1597322
-15.4800025	-36.13744392
-15.4577757	-36.1597322
-15.44186438	-36.13744392
-14.84554501	-31.21211142
-14.88586748	-31.21211142
-14.88346341	-31.23439759
-14.8889639	-31.25668373
-14.88179129	-31.23439759
-14.8906769	-31.70241542
-14.89106395	-31.68012925
-14.89065901	-31.63555483
-14.88088561	-31.72470157
-14.8906769	-31.70241542
-14.32544182	-26.62107342
-14.3128428	-26.62107342
-14.31778124	-26.66564787
-14.34324881	-26.62107342
-14.33888009	-26.62107342
-13.7627079	-22.38662246
-13.78244248	-22.43119691
-13.744975	-22.43119691
-13.7728658	-22.43119691
-13.74060629	-22.43119691
-13.7628944	-23.07750828
-13.74927985	-23.07750828
-13.76574939	-23.07750828
-13.72300624	-23.03293383
-13.75404073	-23.05521999
-13.79409622	-23.94668335
-13.8084274	-23.92439718
-13.80038615	-23.99125778
-13.79908831	-23.96897163
-13.77405762	-23.96897163
-13.12132561	-17.66186752
-13.10951475	-17.68415366
-13.11148451	-17.7064409
-13.07792715	-17.68415366
-13.11164801	-17.7064409
-12.44000407	-13.29369748
-12.42927517	-13.20455071
-12.45108936	-13.29369748
-12.42934798	-13.2491241
-12.4393807	-13.27141026
-11.71645417	-8.970099753
-11.72980175	-9.014673135
-11.68899642	-8.925526392
-11.71153745	-8.992385921
-11.68599963	-8.992385921
-11.28701588	-6.69686799
-11.29832216	-6.674581821
-11.29179208	-6.741441372
-11.28853215	-6.69686799
-11.25408701	-6.69686799
-11.24886371	-7.320892653
-11.26703475	-7.387752204
-11.22407061	-7.365465502
-11.28971758	-7.387752204
-11.2483157	-7.343179333
-11.24167321	-7.387752204
-11.21945025	-7.410038884
-11.22638143	-7.387752204
-11.22208808	-7.432325564
-11.20129964	-7.410038884
-11.18403811	-6.56314891
-11.21344135	-6.56314891
-11.18312349	-6.518575528
-11.18946068	-6.540862208
-11.19567141	-6.540862208
-9.6178078	0.100539906
-9.595586114	0.078253337
-9.588455656	0.122826497
-9.591937854	0.100539906
-9.583200424	0.100539906
-8.464964592	2.195478784
-8.498530885	2.262338446
-8.461279287	2.284625148
-8.486652962	2.284625148
-8.483747511	2.262338446
-7.795736216	3.332094532
-7.785121644	3.398954349
-7.827332117	3.42124103
-7.804483865	3.42124103
-7.809018004	3.42124103
-7.760546983	2.801116767
-7.781541724	2.711970269
-7.75015915	2.645110718
-7.777470644	2.689683834
-7.76084334	2.778830065
-7.592176452	3.425141164
-7.614693856	3.425141164
-7.600702472	3.402854483
-7.630822973	3.425141164
-7.615745797	3.447427599
-7.612156297	3.492000715
-7.601224291	3.402854483
-7.631770167	3.469714279
-7.634791223	3.469714279
-7.637436084	3.447427599
-7.468060237	3.58114719
-7.470833477	3.625720306
-7.467645082	3.625720306
-7.462391127	3.603433626
-7.488143552	3.625720306
-7.385538788	2.533677807
-7.412340599	2.578250923
-7.433466274	2.55596422
-7.416451917	2.533677807
-7.450183634	2.600537336
-7.483864894	3.402854483
-7.493357907	3.447427599
-7.518897006	3.447427599
-7.527800499	3.447427599
-7.516499323	3.425141164
-7.411839857	3.425141164
-7.442798334	3.447427599
-7.458418407	3.447427599
-7.438215655	3.425141164
-7.462575711	3.425141164
-7.442798334	3.447427599
-7.388531741	3.447427599
-7.401388792	3.492000715
-7.381305477	3.447427599
-7.401223369	3.492000715
-7.06108314	3.759718311
-7.050245022	3.715145196
-7.035375424	3.759718311
-7.058272216	3.782005014
-7.046251863	3.737431898
-7.029678849	3.67057208
-7.00002907	3.715145196
-6.997052724	3.737431898
-6.974113138	3.692858783
-7.026867926	3.692858783
-7.014943378	3.692858783
-6.965504725	3.67057208
-7.003017552	3.692858783
-6.997715695	3.6482854
-7.013478198	3.715145196
-6.540811978	2.556242879
-6.54283155	2.556242879
-6.539794527	2.556242879
-6.56750968	2.467096648
-6.560901679	2.355663737
-6.860520161	1.954505163
-6.879085284	1.909931914
-6.878577516	1.909931914
-6.898873519	1.976791732
-6.863167577	1.932218483
-6.823846587	2.756822044
-6.810315067	2.712248928
-6.797504002	2.689962493
-6.782259486	2.712248928
-6.779189889	2.689962493
-6.37540949	4.740327899
-6.365373581	4.762614601
-6.379153555	4.762614601
-6.370367584	4.740327899
-6.386533746	4.67346837
-5.896537651	5.676364638
-5.858861316	5.654077958
-5.879993378	5.72093802
-5.882757676	5.676364638
-5.890243891	5.72093802
-5.098195864	6.768407159
-5.126382059	6.746120457
-5.124988733	6.72383431
-5.152961921	6.679260928
-5.108270414	6.679260928
-3.758212936	8.930205477
-3.734941864	8.885632628
-3.767411189	8.907919308
-3.736702124	8.841059779
-3.751706169	8.952492691
-3.691156674	8.061029334
-3.679477706	8.105602183
-3.686952424	8.061029334
-3.661624097	8.083315503
-3.683552299	8.038742654
-2.405884397	11.15886388
-2.388465583	11.27029679
-2.382162083	11.22572448
-2.372797289	11.24801064
-2.373460739	11.15886388
-1.339870197	13.4098095
-1.337473631	13.38752228
-1.3403307	13.38752228
-1.33269008	13.43209566
-1.328819551	13.34294994
-0.341140116	15.7276136
-0.359712783	15.77218698
-0.35945379	15.7276136
-0.382809529	15.7276136
-0.359029692	15.68304128
0.438149819	17.84484013
0.422176385	17.93398476
0.418951265	17.86712628
0.405420982	17.91169862
0.438399232	17.88941245
1.249433326	20.18493145
1.272374349	20.140357
1.264639839	20.140357
1.281738664	20.16264316
1.265313189	20.140357
1.864699129	22.12386341
1.898930311	22.14614955
1.871713983	22.14614955
1.860791876	22.14614955
1.881464872	22.05700281
1.903657656	21.36611913
1.914119419	21.34383296
1.912146632	21.32154681
1.909373072	21.36611913
1.886690883	21.36611913
2.508845237	24.57538763
2.493978672	24.53081532
2.494652023	24.53081532
2.506152952	24.57538763
2.522706007	24.53081532
3.18534698	26.55889404
3.205458079	26.67032695
3.185596074	26.60346636
3.201973645	26.64804081
3.168877755	26.64804081
3.877977361	29.0549906
3.860205505	29.03270444
3.889064253	29.0549906
3.859451838	29.07727675
3.871683601	29.01041827
4.51991532	31.43965635
4.504836227	31.41736806
4.524496722	31.41736806
4.501776849	31.3505096
4.528865757	31.41736806
5.084322319	33.46773507
5.068570355	33.4454489
5.079243688	33.40087448
5.051815311	33.42316062
5.09033026	33.40087448
5.603083912	35.56267439
5.575491389	35.58496054
5.613544557	35.54038611
5.56919699	35.54038611
5.601159505	35.51809994
6.251365449	37.90276571
6.247372928	37.88047743
6.25791916	37.90276571
6.23977047	37.90276571
6.262203566	37.85819339
6.823291556	39.86398595
6.836059828	39.95313058
6.808757914	39.90855827
6.83971703	39.88626998
6.812405536	39.9308423
7.405487975	42.31551018
7.398096289	42.31551018
7.39415231	42.27093361
7.374116259	42.29322189
7.404862687	42.29322189
7.91811197	44.4550197
7.941807139	44.36587505
7.918287613	44.36587505
7.919835186	44.43273567
7.936092043	44.36587505
7.926463625	43.11782465
7.933689888	43.11782465
7.903780797	43.11782465
7.955488754	43.14011294
7.894877305	43.11782465
8.502585359	46.86197161
8.534218305	46.83968333
8.508974285	46.86197161
8.506799508	46.77282698
8.496965429	46.8173993
9.09522454	48.89005245
9.123741902	48.91233648
9.099086127	48.89005245
9.101530436	48.84547589
9.106266404	48.91233648
9.120809626	47.75343497
9.133749709	47.75343497
9.116275487	47.75343497
9.121150692	47.75343497
9.100818923	47.75343497
9.684939749	51.11871085
9.674643888	51.14099489
9.668859812	51.09642257
9.671749934	51.07413429
9.675280673	51.07413429
10.22284864	53.5479468
10.19260998	53.5479468
10.22747539	53.50337448
10.19349458	53.52565851
10.2191627	53.45880217
10.82158678	55.53145107
10.81028943	55.55373935
10.82789203	55.48687876
10.8333938	55.50916704
10.81033542	55.53145107
10.78808946	52.83059844
10.76878281	52.74144957
10.90289342	52.71916553
10.85718414	52.71916553
10.8295897	52.74144957
11.06376304	56.08443717
11.08295984	56.06215311
11.17712481	56.0175808
11.15951966	56.08443717
11.11445291	56.10672545
11.37559349	57.95651276
11.4430467	57.91194044
11.4543466	57.88965216
11.42780474	57.88965216
11.40377553	57.88965216
11.82014856	60.11831057
11.88255987	60.07373823
11.97467078	60.05144995
11.93627335	60.09602228
11.89208929	60.09602228
12.5313447	62.32468066
12.56739427	62.28010835
12.49796619	62.30239663
12.49627746	62.30239663
12.5688109	62.32468066
12.48534035	61.12120683
12.58723615	61.07663452
12.58116977	61.16577915
12.53648752	61.07663452
12.55052873	61.12120683
13.11503057	64.70934854
13.17437229	64.68706026
13.11821641	64.70934854
13.08344553	64.70934854
13.08367035	64.68706026
13.66175737	66.67056456
13.62253346	66.62599222
13.68977591	66.60370819
13.71724388	66.6482805
13.71410403	66.62599222
13.6978708	64.79849319
13.7461681	64.93221439
13.69799727	64.82078147
13.6553627	64.88763782
13.69139821	64.84306551
13.86224562	67.00486331
13.87244823	67.0271516
13.97551797	67.07172391
13.93897022	67.0271516
13.89583874	67.00486331
14.30892757	68.96608353
14.24005771	68.96608353
14.29407266	68.92151122
14.30582093	68.92151122
14.32753165	68.89922294
14.92395961	71.21703022
14.88653939	71.19474194
14.88364991	71.21703022
14.91232886	71.15016962
14.93058932	71.17245366
15.41118885	73.35654399
15.45347213	73.37882378
15.51949977	73.37882378
15.49464791	73.28967915
15.51443231	73.31196743
16.12660936	75.71891509
16.06243907	75.71891509
16.09427959	75.67434702
16.12473158	75.65205874
16.18957762	75.65205874
16.75331813	77.6578513
16.6751539	77.68013958
16.6974254	77.63556302
16.77486918	77.63556302
16.80750297	77.61327474
17.30359866	79.86422142
17.31820192	79.86422142
17.36112391	79.90879798
17.32329876	79.84193314
17.24786689	79.84193314
17.33038834	77.94757349
17.34835755	77.94757349
17.37574505	77.94757349
17.34689493	77.92529368
17.30591459	77.92529368
18.07134795	82.31574564
18.1101963	82.29345736
18.12323602	82.2488893
18.04600046	82.22660102
18.04431046	82.22660102
18.79982478	84.61126889
18.70293512	84.58898061
18.71994756	84.56669233
18.82012143	84.54440405
18.75774077	84.56669233
19.51647288	86.75077417
19.52283306	86.6839178
19.48758954	86.66162952
19.52252649	86.66162952
19.51854738	86.63934123
20.2554308	88.82343157
20.23808879	88.84571985
20.24570466	88.82343157
20.27177388	88.80114329
20.2614397	88.75656673
20.37678783	84.70041352
20.27785431	84.70041352
20.39447601	84.67812524
20.3205617	84.67812524
20.3666708	84.7227018
20.68705345	89.71489493
20.81372319	89.71489493
20.69758819	89.73718321
20.7888113	89.73718321
20.70137824	89.69260665
20.77944156	88.3554116
20.78792862	88.31083504
20.79635947	88.37769988
20.7728987	88.3554116
20.80682011	88.3554116
20.87058036	87.88739165
20.74940217	87.90967993
20.83722867	87.93196821
20.72768889	87.93196821
20.80996636	87.95425647
21.16742432	90.94065704
21.25499279	90.91836876
21.09489599	90.91836876
21.29103852	90.87379219
21.15533116	90.85151241
21.20135212	89.58117371
21.25460446	89.58117371
21.12890171	89.60346199
21.28585738	89.58117371
21.17371297	89.62575027
21.3648302	85.79106302
21.21317703	85.76877473
21.32920857	85.79106302
21.26335722	85.79106302
21.32005471	85.74648645
21.25796658	85.45676426
21.36666455	85.45676426
21.21396008	85.45676426
21.32848045	85.47905254
21.25586653	85.50134082
21.17585645	80.04112775
21.19294554	80.06340754
21.0887453	80.08569582
21.18987339	80.08569582
21.12389429	80.06340754
20.9174789	76.18554363
20.92682054	76.14097555
20.90829565	76.16325535
20.92928848	76.16325535
20.95108479	76.18554363
20.58894642	71.30478344
20.66422372	71.30478344
20.54724563	71.32707173
20.64040529	71.28249516
20.56874686	71.32707173
20.16455642	66.64688483
20.30700974	66.64688483
20.25628666	66.64688483
20.31217172	66.66917311
20.20970619	66.66917311
20.26051486	67.13719308
20.19542228	67.1817654
20.25114895	67.1149048
20.28794451	67.20404943
20.30696758	67.1817654
19.98092093	62.90274212
19.85228271	62.88045384
20.00416071	62.88045384
19.92910184	62.85816556
19.99440774	62.88045384
19.4951045	57.88826074
19.62597945	57.88826074
19.53176594	57.86597246
19.6301706	57.88826074
19.4906898	57.91054477
19.27324276	55.52588114
19.41448382	55.54816942
19.3373364	55.57045346
19.38873523	55.57045346
19.30012696	55.52588114
19.33944795	56.35104387
19.28995373	56.32875559
19.31060293	56.32875559
19.36919225	56.35104387
19.29590259	56.3733279
19.32990959	56.9304925
19.29564583	56.9304925
19.37039812	56.9304925
19.28686114	56.95278078
19.28360376	56.90820845
19.26273357	57.1756466
19.29340782	57.13107429
19.34840765	57.1756466
19.28562717	57.15335832
19.33132239	57.15335832
19.0180421	53.45378793
19.05739502	53.43149965
19.14139315	53.43149965
19.06987396	53.40921137
19.1376989	53.43149965
18.83142643	49.10790406
18.68337043	49.13018811
18.73588059	49.08561578
18.78992236	49.10790406
18.74419265	49.13018811
18.38929204	44.76202019
18.37825401	44.73973191
18.32826926	44.69515959
18.43512011	44.78430422
18.29652071	44.69515959
18.29664335	45.31918479
18.38200957	45.38604116
18.36342337	45.27460823
18.37676456	45.31918479
18.3717252	45.31918479
17.87048542	40.21555451
17.90915238	40.28241512
17.9620381	40.21555451
17.88414085	40.10412159
17.91381106	40.21555451
17.51043049	36.3376906
17.56463194	36.35997464
17.53882586	36.3376906
17.54553222	36.3376906
17.54083266	36.3376906
17.12393334	31.74665261
16.97596292	31.8135132
17.04359625	31.76894089
17.05122234	31.8135132
17.04174274	31.76894089
16.48896361	27.08875826
16.55633635	27.08875826
16.48699002	27.06646998
16.54833854	27.22247734
16.46775746	27.11104441
15.96699797	22.2971427
15.97359065	22.27485442
15.92269256	22.36400118
15.92272194	22.34171502
15.9522427	22.36400118
15.84240018	23.0325987
15.9876459	22.98802638
15.92093358	23.07717315
15.92286884	23.0325987
15.983525	23.0325987
15.38925202	18.10726406
15.26127295	18.17412465
15.34429897	18.15183637
15.41843938	18.12955022
15.33124009	18.12955022
14.69511686	13.82823974
14.74803707	13.73909402
14.70521217	13.73909402
14.65202754	13.78366635
14.74329025	13.76138018
14.69737276	14.89799555
14.69111476	14.92028277
14.70771971	14.85342322
14.71846139	14.85342322
14.62678735	14.831136
13.87562385	9.259490019
13.94521288	9.237203851
13.87189384	9.281777233
13.8584428	9.281777233
13.958784	9.259490019
13.43300021	6.963972066
13.47138487	7.008545448
13.51410375	6.986258768
13.38193223	6.963972066
13.42662725	6.963972066
13.02358392	4.869033277
12.95928205	4.935892828
12.99707782	4.935892828
13.01081245	4.958179508
12.93190222	4.935892828
12.47758907	3.197539231
12.54059437	3.197539231
12.4614261	3.219825911
12.53622566	3.197539231
12.51820918	3.219825911
12.38073134	3.976455574
12.40772667	4.087888486
12.49804155	3.954168872
12.48413192	4.02102869
12.42709975	3.976455574
11.46941611	0.343742264
11.44219979	0.343742264
11.43035955	0.388315446
11.48528656	0.388315446
11.45064341	0.321455673
6.981121604	-6.49823917
6.952394748	-6.49823917
6.956320205	-6.520525851
6.891348343	-6.542812019
6.923046436	-6.520525851
6.946035202	-6.119367032
6.969594328	-6.141653712
6.963547745	-6.141653712
6.898499878	-6.119367032
6.891983851	-6.141653712
5.420707306	-8.68232419
5.405212419	-8.660037488
5.307144029	-8.68232419
5.317392306	-8.68232419
5.406673128	-8.637751342
4.072596908	-10.88869589
4.035678073	-10.9109831
4.03143582	-10.88869589
4.016972116	-10.95555542
4.009591607	-10.88869589
2.980337684	-13.07278091
2.992210817	-13.05049474
2.979880374	-13.09506812
2.959890949	-13.09506812
3.01516158	-13.09506812
2.903064761	-11.91387939
2.916147593	-11.98073892
2.962578283	-11.93616554
2.974173261	-11.93616554
2.960571484	-11.93616554
1.845611549	-15.3460127
1.829152224	-15.3460127
1.916630153	-15.32372653
1.912591487	-15.32372653
1.906088872	-15.3460127
1.092466721	-17.55238493
1.086482971	-17.50781155
1.083753003	-17.48552538
1.151747996	-17.46323816
1.117179421	-17.48552538
0.386934101	-19.80333055
0.395609656	-19.84790286
0.289334577	-19.80333055
0.306301829	-19.80333055
0.354585331	-19.7587561
-0.253436705	-21.9874145
-0.259699089	-21.96512833
-0.353729951	-21.9874145
-0.37431748	-21.94284218
-0.287842831	-21.92055601
-0.253393493	-21.22967022
-0.298057197	-21.31881699
-0.372620411	-21.2519585
-0.407355368	-21.27424465
-0.32055081	-21.2519585
-0.986056018	-24.39436641
-0.972403783	-24.41665258
-0.948477324	-24.37208026
-0.903545586	-24.32750581
-0.964987746	-24.34979198
-1.778817314	-27.38076909
-1.788369407	-27.31390849
-1.718048744	-27.35848081
-1.757343388	-27.29162232
-1.771452772	-27.29162232
-2.143284388	-29.02997461
-2.111407459	-29.00768844
-2.178034194	-28.96311612
-2.213644491	-28.96311612
-2.213936377	-28.98540229
-2.694698771	-31.05805545
-2.716632084	-31.013481
-2.654756964	-31.03576716
-2.64916865	-31.05805545
-2.650681094	-31.05805545
-3.193433254	-33.04155972
-3.221030568	-33.01927355
-3.273736815	-33.04155972
-3.24522584	-33.01927355
-3.158989705	-33.04155972
-3.738134731	-35.29250641
-3.706334765	-35.31479255
-3.69362206	-35.29250641
-3.732546416	-35.31479255
-3.730742724	-35.29250641
-4.302557698	-38.03375496
-4.309327929	-38.01146668
-4.329775622	-38.03375496
-4.353220101	-37.98918264
-4.321748428	-38.01146668
-4.806411689	-39.9949752
-4.812292848	-39.9949752
-4.789685067	-40.03954752
-4.818503896	-39.9949752
-4.834519005	-39.97268692
-5.264501155	-42.2236336
-5.258456169	-42.2236336
-5.236663052	-42.20134532
-5.240015913	-42.20134532
-5.307315839	-42.15677299
-5.711698214	-44.20713788
-5.7043589	-44.18485383
-5.699534153	-44.16256554
-5.757497548	-44.16256554
-5.757497548	-44.16256554
-5.77373716	-42.86994283
-5.813956163	-42.91451515
-5.76958241	-42.8476588
-5.779959385	-42.86994283
-5.777559147	-42.89223112
-6.318607892	-46.43579626
-6.306900502	-46.41351223
-6.269941429	-46.41351223
-6.224743113	-46.41351223
-6.288660479	-46.45808454
-6.779205856	-48.82045991
-6.753336549	-48.82045991
-6.718182445	-48.84274819
-6.737879984	-48.82045991
-6.758200896	-48.82045991
-7.26540679	-51.2497001
-7.219039012	-51.2497001
-7.276327939	-51.2497001
-7.265167916	-51.20512779
-7.232235214	-51.20512779
-7.788704756	-53.23320438
-7.823427099	-53.25549266
-7.785046277	-53.21092035
-7.765564618	-53.21092035
-7.759571687	-53.18863206
-8.231837441	-55.30585753
-8.298296837	-55.26128522
-8.315263291	-55.26128522
-8.266775665	-55.30585753
-8.268006441	-55.28356925
-8.370573522	-53.00783143
-8.322350956	-53.00783143
-8.289980311	-52.98554739
-8.29127432	-53.00783143
-8.333591456	-52.94097083
-8.618523007	-56.41767963
-8.659634276	-56.43996791
-8.614534958	-56.39539135
-8.585935204	-56.41767963
-8.584857715	-56.37310731
-8.877767281	-57.82173527
-8.891875548	-57.82173527
-8.827195573	-57.82173527
-8.853699749	-57.8440193
-8.834090989	-57.82173527
-9.263585491	-59.84981186
-9.216709946	-59.84981186
-9.240117061	-59.82752783
-9.256627482	-59.80523955
-9.335418279	-59.80523955
-9.789787631	-61.96703733
-9.795833575	-61.96703733
-9.77488993	-61.9447533
-9.766369019	-61.92246502
-9.748438127	-61.90018098
-10.27170416	-64.12883938
-10.24672584	-64.1065511
-10.25624951	-64.12883938
-10.27950078	-64.1734117
-10.3144141	-64.1065511
-10.74355923	-66.35749776
-10.73179819	-66.35749776
-10.76427358	-66.33520948
-10.80686855	-66.29063717
-10.82092891	-66.3129212
-11.28245555	-68.65301254
-11.34395096	-68.65301254
-11.35361451	-68.6084402
-11.38687678	-68.6084402
-11.30333596	-68.63072848
-11.36298936	-66.53578705
-11.33947239	-66.53578705
-11.32998768	-66.49121473
-11.32288405	-66.51350301
-11.30983155	-66.49121473
-11.38113614	-65.64766651
-11.35871901	-65.60309419
-11.36879005	-65.60309419
-11.4053659	-65.62538247
-11.40418558	-65.62538247
-11.67050985	-69.16894762
-11.66165746	-69.14666358
-11.65802453	-69.1912359
-11.67773356	-69.16894762
-11.63398254	-69.1243753
-11.94266164	-71.26388907
-11.93875279	-71.28617733
-11.95341864	-71.26388907
-11.96882155	-71.28617733
-12.00430778	-71.26388907
-12.32521289	-73.40340283
-12.3809932	-73.40340283
-12.39879636	-73.40340283
-12.39426413	-73.40340283
-12.33988002	-73.38111454
-12.39704759	-73.42568261
-12.36227288	-73.42568261
-12.3833168	-73.40340283
-12.46827681	-73.42568261
-12.48953917	-73.38111454
-12.91485784	-75.3869071
-12.94089129	-75.3869071
-12.93236847	-75.36461882
-12.91756338	-75.29776245
-12.89814431	-75.34233054
-13.47300333	-77.70471013
-13.48487168	-77.66013357
-13.44726368	-77.72699841
-13.47100037	-77.70471013
-13.46067513	-77.66013357
-14.01991536	-79.64364634
-13.99996106	-79.62135806
-14.05007482	-79.59906978
-14.05050786	-79.55449322
-14.03075794	-79.59906978
-14.44564535	-81.31514012
-14.45034108	-81.31514012
-14.46339996	-81.33741993
-14.45302235	-81.31514012
-14.46927857	-81.33741993
-14.44588934	-79.26477102
-14.48244475	-79.22019446
-14.54817986	-79.19791465
-14.57014096	-79.22019446
-14.53782524	-79.24248274
-14.85420579	-82.16202694
-14.84382945	-82.13973866
-14.85844932	-82.13973866
-14.83600409	-82.18431522
-14.85727794	-82.13973866
-15.31907922	-84.05638656
-15.33470312	-84.05638656
-15.33705354	-84.05638656
-15.35697974	-84.01181
-15.33502247	-83.98953021
-15.94314505	-86.41876616
-15.96183855	-86.39647788
-15.9598177	-86.39647788
-15.96542422	-86.37418959
-15.94435347	-86.32962153
-16.04268916	-86.73077665
-16.05997368	-86.66392028
-16.08260925	-86.68620009
-16.10528952	-86.68620009
-16.09256404	-86.66392028
-16.54541967	-88.53599165
-16.4997781	-88.51370337
-16.49343963	-88.49141509
-16.47661113	-88.42455872
-16.49924286	-88.446847
-16.57391979	-86.39647788
-16.55124079	-86.39647788
-16.53537801	-86.35190131
-16.51779457	-86.32962153
-16.52373322	-86.37418959
-16.57773028	-85.10385942
-16.5808548	-85.05928285
-16.55560695	-85.08157113
-16.55549582	-85.05928285
-16.5317553	-85.08157113
-16.94959223	-89.07086797
-17.00842171	-88.98172332
-17.00081095	-89.0040116
-16.9917465	-89.0040116
-16.97432146	-88.98172332
-18.08853156	-92.97102015
-18.10871068	-92.88187552
-18.12433203	-92.88187552
-18.07186913	-92.9041638
-18.08149435	-92.88187552
-18.61333941	-94.41964811
-18.60335907	-94.37507154
-18.56354501	-94.37507154
-18.49034348	-94.35279176
-18.55154254	-94.33050348
-18.55748373	-92.05726851
-18.54693111	-92.12413336
-18.55262066	-92.05726851
-18.60638013	-92.05726851
-18.62372725	-92.03498023
-19.08579039	-95.22196683
-19.03707411	-95.22196683
-19.02380063	-95.22196683
-18.99591366	-95.22196683
-19.03763744	-95.19967855
-19.754983	-97.67349108
-19.73933994	-97.60662624
-19.71577059	-97.62891452
-19.75899915	-97.60662624
-19.76415475	-97.62891452
-20.07944184	-98.27522375
-20.10048193	-98.25294396
-20.10299714	-98.25294396
-20.0634015	-98.23065568
-20.07135333	-98.2083674
-20.1988074	-96.75973944
-20.14116463	-96.69288307
-20.08252805	-96.69288307
-20.1253274	-96.71516288
-20.12554328	-96.69288307
-20.19516425	-93.34710414
-20.22869222	-93.30253605
-20.28199565	-93.28024777
-20.27314581	-93.25795949
-20.22391857	-93.25795949
-20.25593665	-89.06808512
-20.20932808	-89.02350855
-20.17747351	-89.06808512
-20.19600606	-89.04579683
-20.18659671	-89.04579683
-20.23058405	-89.13494146
-20.17375244	-89.15722975
-20.1821603	-89.15722975
-20.18887688	-89.15722975
-20.21940806	-89.17951803
-19.88121332	-84.23189299
-19.88771401	-84.25418127
-19.95479678	-84.23189299
-19.98560644	-84.27646956
-19.97651645	-84.20960471
-19.64884877	-80.13116325
-19.62694388	-80.08658668
-19.61240066	-80.13116325
-19.65596518	-80.10887497
-19.68979462	-80.15345153
-19.4005793	-75.40640403
-19.34900419	-75.40640403
-19.33670026	-75.42869232
-19.32728836	-75.42869232
-19.34503403	-75.38412425
-19.2824375	-76.58759808
-19.28797503	-76.58759808
-19.34774212	-76.60988636
-19.36508924	-76.58759808
-19.35319279	-76.65445445
-19.02530796	-71.84055061
-19.00848074	-71.77369424
-18.99568884	-71.86283889
-18.98033319	-71.8182708
-19.0032319	-71.79598252
-18.59090951	-66.51405873
-18.55557274	-66.53634701
-18.5453267	-66.53634701
-18.56296379	-66.53634701
-18.59353585	-66.53634701
-18.58895381	-66.87064577
-18.54884977	-66.84835748
-18.55321849	-66.84835748
-18.55664831	-66.89292982
-18.60635586	-66.82607345
-18.21769223	-62.23503545
-18.21785957	-62.23503545
-18.22261151	-62.21274717
-18.2276036	-62.23503545
-18.27447531	-62.23503545
-17.8528049	-57.84457927
-17.83303454	-57.82229099
-17.8466491	-57.82229099
-17.8487798	-57.84457927
-17.83281739	-57.84457927
-17.57311772	-55.41533908
-17.61204144	-55.43762736
-17.63669019	-55.45991562
-17.63321565	-55.43762736
-17.61371483	-55.43762736
-17.57762695	-56.52911254
-17.58499372	-56.46225194
-17.58119601	-56.50682426
-17.64369418	-56.50682426
-17.62259405	-56.55140082
-17.3230586	-53.20841322
-17.31808823	-53.25298555
-17.37772886	-53.25298555
-17.42575151	-53.18612494
-17.38432281	-53.23069727
-17.04539611	-49.48655032
-17.00205258	-49.48655032
-16.96823208	-49.5088386
-17.04815019	-49.53112688
-17.09451605	-49.53112688
-16.97402127	-50.8683219
-17.02187403	-50.95746656
-17.02908879	-50.95746656
-16.97896354	-50.91289424
-17.00253672	-50.89060596
-16.46173962	-44.07091381
-16.42473328	-44.09319784
-16.43128635	-44.09319784
-16.49109176	-44.09319784
-16.48235433	-44.09319784
-16.45807858	-44.67265072
-16.36337327	-44.65036244
-16.50684596	-44.65036244
-16.42733279	-44.67265072
-16.45392447	-44.65036244
-16.0594921	-40.48277208
-16.04280157	-40.50506036
-16.04907744	-40.48277208
-16.062296	-40.50506036
-16.08698563	-40.50506036
-15.68639107	-37.22892913
-15.76578288	-37.18435681
-15.71261869	-37.1397845
-15.73753825	-37.11749621
-15.70014486	-37.16207276
-15.64830533	-36.22603284
-15.61869004	-36.24832112
-15.60290263	-36.24832112
-15.58962914	-36.24832112
-15.58890741	-36.2706094
-15.05092443	-31.10012065
-15.03172124	-31.12240682
-14.98893466	-31.10012065
-15.08510132	-31.14469297
-14.98446631	-31.14469297
-14.46163332	-26.57594325
-14.47693148	-26.64280385
-14.48431615	-26.57594325
-14.45653904	-26.59823153
-14.42983112	-26.59823153
-13.91282946	-22.27463383
-13.88584307	-22.25234766
-13.87969366	-22.29691998
-13.82917624	-22.27463383
-13.94648645	-22.25234766
-13.84320722	-22.85408458
-13.96653528	-22.92094518
-13.88061849	-22.87637075
-13.84315613	-22.87637075
-13.92496989	-22.87637075
-13.26621494	-18.08475519
-13.33011953	-18.12932964
-13.3034627	-18.10704136
-13.26100825	-18.08475519
-13.32119177	-18.06246902
-13.27756721	-19.35509175
-13.24876946	-19.3105173
-13.27236435	-19.35509175
-13.28172132	-19.37737792
-13.26777975	-19.37737792
-13.27999683	-19.39966406
-13.22675471	-19.46652466
-13.29690963	-19.42195023
-13.24552358	-19.48881083
-13.2612484	-19.44423638
-12.5033581	-13.2262801
-12.5869002	-13.20399393
-12.46818867	-13.24856624
-12.50861717	-13.20399393
-12.55526406	-13.2262801
-11.80629641	-9.080975902
-11.79431821	-9.103262048
-11.82719854	-9.125548217
-11.75898655	-9.125548217
-11.79892964	-9.147835431
-11.3162224	-6.651737824
-11.28732884	-6.651737824
-11.31420027	-6.651737824
-11.33580752	-6.607164441
-11.28290903	-6.674024504
-11.33303301	-7.186615722
-11.29127601	-7.231189104
-11.28051773	-7.231189104
-11.29720571	-7.208902424
-11.3129944	-7.208902424
-11.18742323	-6.49573153
-11.13328182	-6.51801821
-11.20091004	-6.473445361
-11.20198689	-6.51801821
-11.17252489	-6.473445361
-9.449351045	0.390822686
-9.41116311	0.368536095
-9.428687789	0.390822686
-9.468591274	0.524542166
-9.423276714	0.457682415
-7.621514545	3.332651849
-7.586609534	3.354938285
-7.63839669	3.377224965
-7.609246375	3.332651849
-7.622728077	3.354938285
-7.60842309	3.087499324
-7.60347635	3.13207244
-7.626818957	3.13207244
-7.588019786	3.13207244
-7.643493524	3.065212622
-7.621203497	2.50776963
-7.537927742	2.530056065
-7.659103377	2.641488976
-7.574373938	2.530056065
-7.606016464	2.641488976
-6.648613213	4.379842596
-6.695191763	4.402129276
-6.685273375	4.402129276
-6.676503371	4.379842596
-6.72089884	4.402129276
-5.665114555	5.650177824
-5.739714834	5.650177824
-5.702451739	5.583318273
-5.660579778	5.650177824
-5.760542236	5.650177824
-4.841111996	6.719934176
-4.838467135	6.742220323
-4.799028624	6.764507025
-4.943801069	6.742220323
-4.868282018	6.697647474
-4.057300018	7.745116613
-4.035832958	7.767403293
-4.063429313	7.700543764
-4.0355861	7.722830444
-4.07627359	7.745116613
-3.342142333	8.926305877
-3.424332616	8.948592045
-3.350701246	8.926305877
-3.33403051	8.904018663
-3.352885603	8.926305877
-3.298003621	8.01255584
-3.346273132	8.03484252
-3.27991497	8.03484252
-3.337818327	8.01255584
-3.366666855	7.901122906
-2.530193499	10.06292125
-2.549510213	10.06292125
-2.498278567	10.06292125
-2.546110887	10.04063508
-2.487013318	10.06292125
-2.062216303	11.15496428
-2.001526453	11.13267707
-1.991786422	11.13267707
-1.988457512	11.06581751
-1.979022141	11.13267707
-1.90245626	11.71212888
-1.794513711	11.6675555
-1.84331494	11.62298211
-1.84331494	11.62298211
-1.796664218	11.64526933
-1.462988122	12.2247201
-1.535781037	12.24700624
-1.465011048	12.13557333
-1.494242797	12.2247201
-1.471644437	12.18014672
-0.941580711	13.47276838
-0.956104772	13.42819606
-0.885920152	13.45048221
-0.955477887	13.45048221
-1.007467192	13.40590883
-0.071262982	15.41170139
-0.051908909	15.47856094
0.031344924	15.43398862
-0.044221224	15.50084815
-0.032131282	15.50084815
0.848718612	17.97465854
0.881047981	18.01923299
0.930061498	18.04151914
0.900458584	17.97465854
0.949260212	18.01923299
1.611412978	20.02502555
1.601060912	20.15874463
1.572591612	20.11417018
1.590148066	20.06959787
1.635640664	20.00273727
2.267158375	22.05310426
2.236117186	22.11996274
2.214724854	22.23139567
2.26075923	22.14225102
2.255316539	22.09767659
2.213508128	20.71590923
2.280905616	20.78276769
2.297791754	20.82734214
2.286492973	20.84962831
2.310178721	20.84962831
2.494606036	22.67712734
2.486504274	22.61026886
2.57626508	22.58798271
2.469456705	22.65484117
2.477648844	22.58798271
2.973149743	24.63834758
3.054539095	24.6829199
3.031738746	24.66063373
2.99880764	24.66063373
3.065080855	24.61606141
3.658627631	26.75557305
3.75040801	26.7332869
3.635780657	26.75557305
3.666065624	26.7332869
3.720333495	26.7332869
4.406794982	29.02880377
4.348051094	28.91737086
4.383566064	28.96194528
4.365035112	29.16252498
4.410703513	29.00651762
5.033587423	31.01231018
4.933639016	31.01231018
5.003810223	31.03459633
5.001838234	31.01231018
5.014271827	31.01231018
5.026464949	29.85340866
4.985552955	29.89798098
5.08014234	29.89798098
4.974169386	29.87569481
5.041200739	29.87569481
5.648622017	33.50840885
5.62863323	33.50840885
5.569676655	33.41926209
5.638547786	33.41926209
5.584035292	33.4638344
6.264427523	35.53648756
6.212969298	35.55877373
6.231529311	35.51420141
6.228152499	35.44734082
6.204406233	35.46962696
6.868081742	37.83200656
6.878496401	37.83200656
6.840878188	37.83200656
6.829318977	37.80971828
6.868671902	37.78742999
7.422308167	40.17209787
7.448103385	40.03837668
7.423773347	40.19438193
7.354651206	40.14980961
7.450375245	40.08294899
7.983675908	42.53447324
8.083232791	42.40075627
8.077598809	42.35617971
8.008806877	42.3116074
8.140567704	42.28932336
8.613219234	44.33968823
8.569036452	44.33968823
8.499358642	44.31739995
8.609440679	44.29511592
8.582815149	44.33968823
8.649538329	42.868772
8.628841222	42.89106028
8.636515854	42.91334431
8.598212953	42.91334431
8.581682732	42.868772
9.172747516	46.79121248
9.105466111	46.74664014
9.174589529	46.79121248
9.164479531	46.72435186
9.174305307	46.7689242
9.721626097	48.77471676
9.654172243	48.81928907
9.70264007	48.77471676
9.6937749	48.84157735
9.65145457	48.7524327
10.22847112	51.3599622
10.34316969	51.38224623
10.25706896	51.33767392
10.2492634	51.29310158
10.36077421	51.31538986
10.89385069	53.20974951
10.81619486	53.23203354
10.86301931	53.16517294
10.8636925	53.16517294
10.79091252	53.18746123
11.44841179	55.37154731
11.37878316	55.32697498
11.35181593	55.37154731
11.43636717	55.26011438
11.43670057	55.34925903
11.87033513	57.66706629
11.97752194	57.66706629
11.97910464	57.71163863
11.93093764	57.60020569
11.97305997	57.71163863
11.9402384	55.03669282
12.02780176	55.01440454
12.04041355	55.01440454
12.02536703	54.96983222
11.95945309	54.74696638
12.37790445	58.75855149
12.37092983	58.80312381
12.37369924	58.75855149
12.33562499	58.73626321
12.39437144	58.66940262
13.62564138	64.21876457
13.67020738	64.28562516
13.7016583	64.26333688
13.68421921	64.3301975
13.72677713	64.30790922
13.75194323	62.19068373
13.69044782	62.19068373
13.73057357	62.21297201
13.73076518	62.2798326
13.70460654	62.16839969
14.2616011	66.75943344
14.24586223	66.73714941
14.23622806	66.84858232
14.29495534	66.71486113
14.23913671	66.64800053
14.29160089	65.17708852
14.30324057	65.15480026
14.23482803	65.08793964
14.28992366	65.17708852
14.30186098	65.08793964
14.68203116	68.1412008
14.63761589	68.18577737
14.67552407	68.11891677
14.64932455	68.11891677
14.73005125	68.07434445
14.73800564	66.42513469
14.73073339	66.44742297
14.69455353	66.31370178
14.71297367	66.42513469
14.68869281	66.38056237
15.02920348	69.21095769
15.00685023	69.21095769
15.01333049	69.16638535
15.00407699	69.25553
15.01121894	69.21095769
15.46596385	71.23903853
15.53391525	71.2836066
15.53882942	71.26132681
15.50959352	71.26132681
15.51527412	71.2836066
16.10712004	73.356264
16.09562981	73.31168743
16.13804211	73.26711937
16.01150394	73.28939915
16.18437604	73.28939915
16.75976262	75.51805756
16.6929545	75.49577775
16.78853483	75.49577775
16.69349995	75.47348947
16.80387259	75.47348947
17.40908013	77.83586908
17.37670183	77.8135808
17.44771133	77.83586908
17.32429002	77.8135808
17.40669395	77.76900424
18.0466366	80.06452746
17.94668884	80.06452746
18.06499798	80.04223918
17.98355977	80.0199509
18.05886773	79.99766262
18.67748416	82.20403274
18.69231096	82.18175296
18.64262513	82.15946467
18.68059974	82.15946467
18.72222133	82.09259983
19.34485647	84.29897842
19.38158816	84.32125823
19.32897325	84.25440186
19.41385917	84.23211358
19.29894792	84.23211358
19.83721576	85.65845326
19.79781429	85.61388519
19.8546408	85.59159691
19.85716878	85.59159691
19.86135738	85.59159691
20.34659004	86.72821439
20.31792514	86.70592611
20.35747862	86.66134955
20.26071797	86.66134955
20.36778597	86.63906974
20.36312218	84.65555699
20.31486321	84.58870062
20.39646237	84.6109889
20.33519562	84.58870062
20.40536714	84.6109889
20.43394773	84.43269114
20.31260348	84.45497942
20.40967454	84.38812308
20.36171065	84.43269114
20.28392453	84.43269114
20.74689591	87.75339894
20.80263918	87.77567875
20.66844554	87.75339894
20.79385065	87.70882238
20.7838767	87.66424581
21.10290658	89.17973861
21.24713549	89.2243067
21.11180752	89.17973861
21.18723555	89.17973861
21.13644094	89.13516205
21.16957547	87.48595653
21.23689328	87.50824481
21.1523612	87.53053309
21.22302963	87.5528129
21.18208123	87.53053309
21.2193009	83.20525761
21.30832943	83.20525761
21.36802882	83.18297783
21.27163095	83.16068954
21.31699405	83.16068954
21.30374484	82.89324714
21.37137178	82.84867907
21.2453318	82.87095886
21.31155871	82.84867907
21.32357906	82.89324714
21.2656987	82.84867907
21.32386903	82.82639079
21.31832255	82.82639079
21.24958044	82.84867907
21.3400716	82.87095886
21.30624216	80.19656879
21.27385108	80.17428898
21.33421215	80.1520007
21.29381048	80.19656879
21.34457955	80.17428898
21.00857427	75.40495323
21.0430884	75.44952979
21.04377308	75.44952979
21.04892101	75.47181807
20.98997019	75.47181807
20.80527063	71.23736711
20.71447289	71.19279055
20.76725131	71.25965539
20.76575292	71.25965539
20.78598058	71.30422348
20.511822	66.62404508
20.34836435	66.62404508
20.48797162	66.5348962
20.43907267	66.71318971
20.44962529	66.64632911
20.443633	66.95834383
20.40787596	67.0252002
20.46899709	66.95834383
20.37865028	67.0252002
20.45374236	67.11434908
20.12493141	62.36730584
20.07483042	62.30044524
20.0847124	62.32273352
20.13656087	62.34501756
20.15983386	62.38959412
19.6914578	58.22199953
19.77990639	58.26657609
19.86277019	58.24428781
19.73429164	58.22199953
19.77574845	58.24428781
19.37086821	53.58639346
19.3788839	53.6086775
19.41211041	53.5418169
19.38463094	53.58639346
19.37820944	53.6086775
19.36588123	54.43495166
19.39997126	54.52410053
19.36718418	54.45723994
19.42254551	54.41266762
19.42271285	54.41266762
19.06256467	49.21989271
19.01110453	49.24218099
19.00954737	49.26446502
19.00505858	49.24218099
19.00631171	49.28675331
18.94158959	50.42336654
18.87316299	50.44565482
18.92859968	50.44565482
18.97217315	50.42336654
18.98076751	50.49022714
18.48883231	44.49513774
18.47947407	44.56199836
18.52164111	44.56199836
18.43948244	44.56199836
18.4786693	44.53971008
18.51940438	45.00773003
18.53413793	45.03001406
18.53423629	45.0745864
18.49836557	45.03001406
18.43216676	45.03001406
18.14673894	40.28297084
18.1390873	40.3275474
18.19289658	40.30525912
18.16555252	40.37211972
18.14081435	40.30525912
17.74707561	36.13766876
17.72444004	36.02623585
17.75770104	36.11538048
17.68257191	36.04851988
17.67539164	36.02623585
17.68639262	35.82565404
17.70142509	35.8702306
17.61192391	35.84794232
17.67282917	35.89251463
17.61532308	35.91480291
17.24054226	31.10089909
17.19478189	31.12318524
17.20642924	31.10089909
17.19852979	31.10089909
17.10983082	31.10089909
16.7034573	27.13388841
16.72239223	27.06702781
16.77127713	27.15617457
16.66392426	27.15617457
16.71735415	27.15617457
16.08530073	22.47599195
16.12774497	22.49827809
16.1796637	22.49827809
16.17621855	22.54285041
16.10031915	22.52056426
16.21106735	23.18916177
16.10227357	23.23373622
16.13093081	23.18916177
16.14339826	23.16687563
16.20216641	23.18916177
15.56455374	18.08553363
15.576325	18.08553363
15.49706092	18.15239422
15.56624119	18.08553363
15.48521941	18.10782191
15.19367283	15.67858383
15.26780558	15.74544336
15.13652569	15.61172428
15.23247775	15.76772953
15.24607953	15.76772953
14.81527696	13.31620528
14.93297679	13.27163296
14.76320622	13.31620528
14.88412255	13.24934575
14.87071366	13.31620528
14.76217025	14.51968124
14.8775056	14.47510786
14.79561008	14.43053448
14.81514156	14.4973951
14.81345156	14.4973951
14.13051666	9.3269074
14.21342644	9.371480782
14.06975447	9.304620163
14.16395521	9.3269074
14.1856225	9.3269074
13.66379355	6.83080977
13.73507514	6.80852309
13.59008873	6.80852309
13.70106048	6.853096472
13.66727447	6.853096472
13.16313115	4.75815715
13.17370931	4.75815715
13.20088093	4.78044383
13.20844571	4.691297621
13.18261025	4.75815715
12.85553401	3.554681717
12.8645678	3.57696842
12.7459227	3.510108602
12.90547788	3.532395304
12.88476991	3.554681717
12.85133902	3.978126971
12.84029205	4.044986789
12.77872383	4.000413407
12.81660263	4.044986789
12.85806966	3.978126971
12.82699557	4.421072895
12.77694568	4.421072895
12.82834196	4.421072895
12.85534368	4.443359308
12.73027963	4.398786193
12.68757225	3.596469067
12.72280044	3.529609516
12.70424362	3.574182632
12.7286816	3.529609516
12.71000471	3.551895952
12.63049282	5.691407856
12.78408636	5.669121688
12.67197517	5.780554621
12.71570703	5.669121688
12.72104402	5.691407856
12.52265837	2.994731351
12.60963412	3.017018031
12.58418699	2.972444938
12.59964228	2.972444938
12.54621366	2.972444938
12.53153631	3.35131681
12.61078761	3.373603223
12.49680886	3.329030107
12.60406848	3.373603223
12.5678669	3.329030107
12.5606202	3.507322836
12.60565501	3.507322836
12.54769034	3.507322836
12.54815148	3.529609516
12.55230815	3.551895952
12.58489723	3.551895952
12.56188483	3.551895952
12.56398616	3.507322836
12.54823707	3.574182632
12.57418749	3.529609516
12.60455645	3.551895952
12.52396004	3.529609516
12.56393762	3.529609516
12.63026288	3.551895952
12.50761824	3.551895952
12.58547717	3.596469067
12.56301916	3.574182632
12.54705675	3.574182632
12.56558036	3.551895952
12.5661603	3.596469067
12.55545056	3.574182632
12.61006077	3.574182632
12.53675961	3.596469067
12.51093693	3.574182632
12.62052269	3.551895952
12.37365964	4.007656624
12.35635212	4.0968031
12.38074539	4.07451642
12.38512688	4.07451642
12.40058344	4.07451642
12.31174524	3.472778704
12.29025678	3.472778704
12.36966137	3.495065139
12.28650122	3.495065139
12.28794213	3.450492023
12.0882893	2.091010409
12.17132299	2.157870227
11.98929703	2.113296978
12.10110037	2.068723862
12.11554395	2.157870227
11.57112797	0.285797149
11.6281231	0.352656878
11.55332099	0.285797149
11.58179045	0.330370331
11.58868714	0.330370331
6.99763969	-6.467037587
7.066675606	-6.467037587
7.08409937	-6.444751418
7.027711011	-6.467037587
7.067565316	-6.489324267
7.108327854	-5.843013458
7.03300712	-5.887586818
7.037577665	-5.909872986
7.076958692	-5.865300138
6.977174432	-5.865300138
7.043961481	-5.753867226
6.9540311	-5.731580524
7.065462074	-5.753867226
7.036467602	-5.709293844
7.028455098	-5.731580524
5.530197906	-8.628836438
5.545489047	-8.628836438
5.512176318	-8.606549758
5.57232407	-8.606549758
5.507693914	-8.628836438
4.852976825	-9.631732728
4.875659015	-9.631732728
4.907753741	-9.631732728
4.843806037	-9.587159346
4.890391612	-9.60944656
4.861293671	-8.584263056
4.799252489	-8.56197691
4.856708436	-8.56197691
4.820971198	-8.584263056
4.832806328	-8.539690207
3.924182909	-10.99121392
3.900370219	-11.01350113
3.947486874	-10.96892775
3.91080851	-10.94664161
3.921325042	-10.99121392
2.935767211	-13.04157986
2.956595571	-13.04157986
2.823207014	-13.04157986
2.915001763	-12.99700648
2.921936779	-13.01929369
1.949037524	-15.40395839
1.875669139	-15.42624456
1.918238243	-15.38167117
1.894604229	-15.40395839
1.894717598	-15.38167117
1.052850492	-17.56575619
1.028759408	-17.61032958
1.069157807	-17.56575619
1.001783471	-17.56575619
1.034827707	-17.54347003
0.27063367	-19.77212736
0.198739627	-19.77212736
0.248243168	-19.74984121
0.306423222	-19.77212736
0.225447549	-19.77212736
-0.434137619	-22.00078576
-0.406477953	-21.97849962
-0.379374076	-22.00078576
-0.401651489	-21.95621345
-0.381724496	-22.00078576
-0.429347401	-21.10932241
-0.401151186	-21.176183
-0.440852682	-21.15389686
-0.385746795	-21.15389686
-0.511071432	-21.15389686
-1.057604344	-24.22944417
-1.038008358	-24.207158
-1.084033553	-24.207158
-1.086914813	-24.27401862
-1.028216113	-24.22944417
-1.704846634	-26.4358164
-1.672587762	-26.4358164
-1.61962827	-26.45810257
-1.707869127	-26.4358164
-1.621229174	-26.41353025
-2.272599948	-28.57532804
-2.259112179	-28.59761632
-2.185692858	-28.59761632
-2.318511534	-28.55304189
-2.266937065	-28.55304189
-2.837437911	-31.07142671
-2.753873144	-31.02685228
-2.777176789	-31.04914057
-2.740930826	-31.02685228
-2.749782902	-31.04914057
-2.855882958	-30.91541935
-2.814099457	-30.8931332
-2.896242156	-30.8931332
-2.841099265	-30.91541935
-2.805691596	-30.8931332
-3.387515334	-33.14407987
-3.37383819	-33.09950544
-3.300824125	-33.14407987
-3.44019731	-33.09950544
-3.370576664	-33.05493312
-3.40608844	-31.94060392
-3.345673711	-31.98517624
-3.506165865	-31.96289007
-3.397568807	-31.91831564
-3.391091102	-31.96289007
-3.96979734	-35.32816384
-3.983400394	-35.32816384
-3.951191979	-35.30587767
-4.042657797	-35.35044999
-3.948627914	-35.32816384
-4.450664481	-37.73511575
-4.565090643	-37.80197635
-4.503535832	-37.75739978
-4.476611391	-37.77968806
-4.487901708	-37.75739978
-4.978734182	-39.83005294
-4.969450663	-39.85234122
-5.025739065	-39.76319234
-5.00503621	-39.78548062
-5.022004261	-39.78548062
-5.507852312	-42.05871134
-5.547501594	-42.05871134
-5.525659296	-42.05871134
-5.567252784	-42.01413902
-5.491941631	-42.03642731
-6.070349915	-44.24279743
-6.027843084	-44.24279743
-6.104374157	-44.19822511
-6.038195789	-44.19822511
-6.060243748	-44.17593683
-6.101376094	-42.79416947
-6.061232457	-42.79416947
-6.094698475	-42.77188119
-6.092091936	-42.81645775
-6.061345508	-42.81645775
-6.603061057	-46.51602814
-6.57411832	-46.53831643
-6.629329552	-46.49374411
-6.568797302	-46.51602814
-6.628819869	-46.49374411
-8.063685985	-53.26886393
-8.127516487	-53.26886393
-8.090447557	-53.24657564
-8.042846448	-53.26886393
-8.14105631	-53.22429161
-8.092716223	-52.35511229
-8.157654234	-52.31053997
-8.09247671	-52.31053997
-8.125139242	-52.35511229
-8.088058816	-52.33282825
-8.615161524	-55.43066173
-8.509318545	-55.43066173
-8.633805207	-55.43066173
-8.589964768	-55.43066173
-8.590781028	-55.36380114
-9.021934237	-57.39188197
-9.044823365	-57.36959369
-9.051772433	-57.34730964
-8.999522218	-57.34730964
-9.075911499	-57.36959369
-9.093121298	-55.05931198
-9.152518577	-55.01473967
-9.124578601	-55.03702795
-9.081410076	-55.03702795
-9.159185977	-55.03702795
-9.442807553	-58.0457168
-9.328280156	-58.02342851
-9.366658423	-58.06800083
-9.381034306	-58.02342851
-9.399729085	-58.00114023
-9.65948879	-60.16294226
-9.674307931	-60.14065398
-9.704266842	-60.1183657
-9.642012653	-60.16294226
-9.73450678	-60.1183657
-10.07599595	-61.99044129
-10.06703369	-61.94586898
-10.13107497	-61.9235807
-10.12057281	-61.96815301
-10.06774265	-61.9235807
-10.60680312	-64.21909969
-10.55409815	-64.19681141
-10.63407182	-64.19681141
-10.58455397	-64.17452738
-10.54772519	-64.19681141
-11.12726781	-66.26946457
-11.0640594	-66.29175285
-11.10799181	-66.24717629
-11.10884256	-66.24717629
-11.06175114	-66.26946457
-11.10920023	-64.68711542
-11.11928405	-64.68711542
-11.13922429	-64.7094037
-11.1268386	-64.68711542
-11.09566233	-64.73169198
-11.60043796	-68.7432771
-11.64012685	-68.72098881
-11.61581788	-68.69870053
-11.57414775	-68.69870053
-11.66021782	-68.6764165
-11.80860468	-69.61245217
-11.84921968	-69.63474045
-11.86459832	-69.59016389
-11.82456965	-69.61245217
-11.76177895	-69.59016389
-11.82798542	-67.65123193
-11.95460407	-67.67352021
-11.81593441	-67.62894789
-11.85822408	-67.65123193
-11.84449968	-67.62894789
-12.21337506	-71.03879185
-12.29424739	-71.08336841
-12.22411674	-71.03879185
-12.29036025	-71.01650781
-12.22311525	-71.03879185
-12.81420239	-73.13372906
-12.76464813	-73.13372906
-12.74927971	-73.08916097
-12.79253765	-73.13372906
-12.81072403	-73.11144925
-13.28933975	-75.1618099
-13.32615831	-75.07266524
-13.30414995	-75.07266524
-13.24804262	-75.07266524
-13.3044297	-75.09495352
-13.93577671	-77.59104584
-13.84023215	-77.56876605
-13.93326279	-77.59104584
-13.84818653	-77.54647777
-13.91381562	-77.56876605
-14.50694916	-80.17629128
-14.43560242	-80.154003
-14.50624914	-80.10943493
-14.44852973	-80.154003
-14.48995588	-80.10943493
-14.76984616	-80.82260051
-14.75052545	-80.82260051
-14.7196647	-80.80032072
-14.73029779	-80.77803244
-14.75021505	-80.73345588
-14.80196005	-78.10364237
-14.75462975	-78.08135409
-14.83416719	-78.12593065
-14.79389325	-78.10364237
-14.78679345	-78.12593065
-15.25575968	-82.07065092
-15.26030595	-82.07065092
-15.29692013	-82.07065092
-15.2519543	-82.04836264
-15.23312922	-82.04836264
-15.8517597	-84.14330833
-15.77386117	-84.12102005
-15.82459575	-84.12102005
-15.75425305	-84.09873176
-15.86220502	-84.0541552
-16.38275657	-86.50567943
-16.47777101	-86.46111136
-16.40447241	-86.48339964
-16.44294137	-86.48339964
-16.37768912	-86.43882308
-17.0505121	-88.62290492
-17.02239776	-88.57833683
-17.10273613	-88.55604855
-17.07367651	-88.55604855
-17.03923648	-88.55604855
-17.15306322	-85.79251383
-17.23150975	-85.79251383
-17.18951005	-85.79251383
-17.21248668	-85.81480211
-17.21219416	-85.79251383
-17.18214583	-84.85647391
-17.17429492	-84.83418562
-17.22683702	-84.85647391
-17.21192463	-84.83418562
-17.23158512	-84.83418562
-17.56177311	-89.22464608
-17.47289659	-89.22464608
-17.5244206	-89.24693434
-17.50610648	-89.24693434
-17.55773269	-89.22464608
-17.92054808	-90.78470695
-17.95610073	-90.74013039
-17.94186281	-90.7178506
-17.88911888	-90.7178506
-17.95047633	-90.69556232
-18.61420933	-93.03565363
-18.64041012	-93.03565363
-18.58968576	-93.03565363
-18.64672176	-92.99107707
-18.60938075	-93.01336535
-18.77258929	-89.80409894
-18.66159328	-89.78181066
-18.71648324	-89.80409894
-18.68959521	-89.80409894
-18.73412033	-89.80409894
-19.04026762	-93.10250998
-18.93816998	-93.0802217
-19.04434381	-93.0802217
-19.01242664	-93.0802217
-19.0276686	-93.10250998
-19.51784736	-94.86314841
-19.47055411	-94.90772498
-19.54673964	-94.86314841
-19.52558331	-94.86314841
-19.54156361	-94.77400378
-20.09947789	-96.44549758
-19.99058576	-96.37864121
-20.0926323	-96.4232093
-20.03488223	-96.4009295
-20.06764887	-96.4009295
-20.35108139	-97.55982679
-20.391888	-97.49297042
-20.33292056	-97.49297042
-20.41225745	-97.47068213
-20.33300998	-97.44839385
-20.43506929	-94.08311799
-20.45807914	-94.08311799
-20.43792429	-94.08311799
-20.48584475	-94.06083818
-20.45192461	-94.06083818
-20.54812959	-88.95135798
-20.47802322	-88.97364626
-20.5383894	-88.95135798
-20.5372589	-88.92906969
-20.50343841	-88.95135798
-20.31337376	-84.15974242
-20.36720731	-84.2043105
-20.32261959	-84.15974242
-20.36181923	-84.2043105
-20.37743675	-84.13745413
-20.10166608	-80.21501367
-20.13043956	-80.19272539
-20.1253555	-80.21501367
-20.11661807	-80.21501367
-20.04500181	-80.23730195
-19.76352243	-75.49026295
-19.85788157	-75.51254276
-19.76876617	-75.46797467
-19.84641305	-75.53483104
-19.74318875	-75.49026295
-19.53120771	-72.97187388
-19.66443052	-72.97187388
-19.6263665	-73.01645045
-19.61884771	-72.99416217
-19.57762467	-72.9495856
-19.54601663	-74.35364547
-19.59624153	-74.35364547
-19.57390232	-74.35364547
-19.59238377	-74.35364547
-19.50468884	-74.35364547
-19.4179047	-70.89922496
-19.33579841	-70.87693668
-19.37326589	-70.87693668
-19.30052806	-70.87693668
-19.38928834	-70.92150899
-19.09202539	-66.55334109
-18.99384172	-66.50876452
-19.09582311	-66.50876452
-18.99548062	-66.5310528
-19.06910241	-66.50876452
-19.04262442	-67.02135681
-19.04531591	-67.02135681
-19.05610996	-66.99907277
-18.99794601	-67.02135681
-19.04754881	-66.99907277
-18.62787114	-62.22974125
-18.65827331	-62.22974125
-18.69876312	-62.22974125
-18.65630228	-62.20745721
-18.69074615	-62.20745721
-18.28860849	-57.79471275
-18.27757173	-57.77242446
-18.29448709	-57.79471275
-18.23657479	-57.77242446
-18.2780316	-57.79471275
-18.06277019	-55.32090022
-18.05662078	-55.36547253
-18.08232339	-55.36547253
-18.10320763	-55.3431885
-18.02630547	-55.32090022
-18.04379183	-56.44080362
-18.09125243	-56.39622706
-18.04623039	-56.39622706
-18.09998986	-56.39622706
-18.01035072	-56.44080362
-17.78687818	-53.34296589
-17.90925585	-53.38753821
-17.80389828	-53.32068186
-17.84126229	-53.36525417
-17.80065623	-53.34296589
-17.50293725	-49.42052966
-17.4660842	-49.37595309
-17.47040182	-49.39824137
-17.42127805	-49.35366906
-17.52550511	-49.39824137
-16.9453321	-44.45062059
-16.97075878	-44.42833231
-16.93720143	-44.40604827
-16.95500714	-44.40604827
-16.98697796	-44.38375999
-16.90203711	-44.89635225
-16.97555543	-44.91863631
-16.94554542	-44.89635225
-16.98703672	-44.89635225
-16.88132276	-44.91863631
-16.41590388	-39.88187087
-16.49263359	-39.9041549
-16.43698484	-39.92644319
-16.49762567	-39.92644319
-16.45075013	-39.92644319
-15.96981976	-35.535987
-16.0085838	-35.55827315
-15.92865803	-35.535987
-16.03032135	-35.6028476
-15.98160507	-35.6028476
-15.97841667	-37.07375959
-15.92687989	-37.05147555
-15.98770083	-37.05147555
-15.94095047	-37.07375959
-15.91150124	-37.09604787
-15.94864171	-36.78403315
-15.92029743	-36.76174911
-15.89844236	-36.69488852
-15.98622671	-36.6503162
-15.90979847	-36.6503162
-15.4255494	-31.0118096
-15.39471292	-31.05638403
-15.39736991	-30.98952343
-15.45475337	-31.10095636
-15.42158435	-31.05638403
-14.86539583	-26.75507249
-14.92906283	-26.75507249
-14.84686328	-26.77735864
-14.89865683	-26.75507249
-14.87917517	-26.75507249
-14.25593454	-22.16403661
-14.25979613	-22.16403661
-14.29351316	-22.18632278
-14.26618186	-22.16403661
-14.28112874	-22.16403661
-14.21838276	-22.8994926
-14.30905275	-22.92178088
-14.24164042	-22.94406705
-14.25903608	-22.8994926
-14.24673342	-22.92178088
-13.60050977	-17.70671876
-13.61119141	-17.66214644
-13.55694781	-17.72900597
-13.66648631	-17.72900597
-13.60919866	-17.72900597
-12.91388191	-13.31626255
-12.96330842	-13.29397534
-12.95682816	-13.33854872
-12.94477843	-13.31626255
-12.8931139	-13.36083489
-12.51340231	-10.84245111
-12.49992955	-10.86473832
-12.50675855	-10.88702447
-12.43972815	-10.88702447
-12.53964143	-10.90931064
-12.35240367	-10.12928019
-12.39124819	-10.10699405
-12.3798742	-10.08470788
-12.36694434	-10.08470788
-12.37541735	-10.12928019
-12.12904609	-8.836659065
-12.07444737	-8.836659065
-12.11841555	-8.858945233
-12.09236549	-8.858945233
-12.11909002	-8.858945233
-12.04398133	-9.794981439
-12.11777046	-9.772695292
-12.09857877	-9.794981439
-12.08345178	-9.794981439
-12.07589595	-9.794981439
-11.60068195	-6.407420986
-11.57264808	-6.474281071
-11.5840655	-6.474281071
-11.63463785	-6.474281071
-11.57958182	-6.451994369
-11.58986618	-7.053732352
-11.58050666	-7.031445672
-11.55631394	-7.031445672
-11.56337414	-7.031445672
-11.65341821	-7.031445672
-9.784092334	0.100261336
-9.864974876	0.055688176
-9.762211076	0.167121087
-9.752766604	-0.033458166
-9.759062918	0.100261336
-9.570426404	0.568279572
-9.544095315	0.590566208
-9.64984185	0.545993025
-9.528979178	0.679712506
-9.59764337	0.568279572
-7.740545422	3.420962371
-7.73121911	3.376389255
-7.788628751	3.354102575
-7.768519888	3.376389255
-7.722020537	3.398675691
-7.727254054	2.684390695
-7.722507228	2.662104259
-7.70768617	2.72896381
-7.739437914	2.72896381
-7.736156907	2.684390695
-6.775328941	4.467317675
-6.816005893	4.400457612
-6.793431644	4.445030995
-6.823621764	4.422744292
-6.709252766	4.445030995
-4.853193664	6.762835606
-4.859073227	6.762835606
-4.833664742	6.740548926
-4.86852185	6.695976077
-4.826071545	6.807408988
-3.350376786	8.813201546
-3.346290377	8.790914866
-3.332397033	8.724054781
-3.425590218	8.790914866
-3.345075887	8.768628164
-3.27110856	8.055457269
-3.317557134	8.100030652
-3.327642542	8.100030652
-3.309576564	8.055457269
-3.296517045	8.077743949
-1.963841016	11.15329286
-1.928855689	11.13100565
-1.92867813	11.13100565
-1.984799831	11.13100565
-1.952164604	11.10871948
-0.540871625	13.7608234
-0.536432014	13.80539572
-0.503702659	13.73853619
-0.477159602	13.73853619
-0.543187116	13.73853619
0.12093709	15.61060966
0.135093918	15.58832245
0.054673586	15.56603628
0.121149089	15.58832245
0.083141888	15.61060966
0.955640436	17.8169819
1.010780374	17.79469362
0.962274624	17.77240852
1.023887077	17.79469362
0.938848188	17.72783513
1.760814089	19.93420737
1.813853259	19.95649354
1.862795002	19.93420737
1.825613501	19.95649354
1.801513874	19.91191909
2.420397919	21.98457226
2.435193908	21.98457226
2.366012208	21.96228609
2.438203467	21.98457226
2.474702995	22.05143286
2.613301276	22.00685841
2.543082326	22.00685841
2.617787193	22.02914458
2.61376146	22.02914458
2.653741909	22.02914458
2.726156394	21.00396214
2.601447784	21.11539505
2.613501349	21.04853657
2.6617707	21.02624829
2.619593599	21.02624829
3.394976959	24.39152417
3.3404964	24.41381034
3.414838006	24.45838266
3.281449768	24.45838266
3.337888265	24.45838266
4.044571346	26.55332198
4.025043381	26.57560812
4.00963408	26.55332198
4.071115441	26.55332198
4.037899155	26.53103581
4.715290449	28.73740804
4.789075746	28.80426653
4.699504954	28.73740804
4.727178272	28.67054745
4.767586012	28.71511976
5.389603843	30.98835259
5.36961314	30.98835259
5.39699553	30.98835259
5.371219473	30.94377816
5.394443281	30.921492
6.078842083	33.32844393
6.060786644	33.28386948
6.121904584	33.30615776
5.992907416	33.37301624
6.068391019	33.26158331
6.721177953	35.4456694
6.594802014	35.46795557
6.6893815	35.46795557
6.659604619	35.49024171
6.669886428	35.46795557
7.370899122	37.80804688
7.298409749	37.76347456
7.314126265	37.71890223
7.339949586	37.74118628
7.313193762	37.76347456
7.87971071	40.17042647
7.915298492	40.10356588
7.906936618	40.0812776
7.840486164	40.12584991
7.882662786	40.12584991
8.533489547	42.19850307
8.394715144	42.19850307
8.523523895	42.22079135
8.464071049	42.13164247
8.495384005	42.17621903
9.064722735	44.51631035
9.006843009	44.56088266
9.087438775	44.49402206
8.978694816	44.605455
9.110064759	44.605455
9.05343561	44.605455
9.156677798	44.56088266
9.020597436	44.56088266
9.05364702	44.58316672
9.140181428	44.49402206
9.111886973	43.33512055
9.084575478	43.37969286
9.158207487	43.35740458
9.122205826	43.37969286
9.122842611	43.31283227
9.217072089	44.89518142
9.303927764	44.89518142
9.326988064	44.96204203
9.284055859	44.91746547
9.249627319	44.91746547
9.669574518	46.8118251
9.624670643	46.83411338
9.682171618	46.8118251
9.581458048	46.85640166
9.65419843	46.76725278
10.21099243	48.90676653
10.10751265	48.90676653
10.21146635	48.92905059
10.15514442	48.86219422
10.2156575	48.92905059
10.76625355	51.22456959
10.75021832	51.17999725
10.79599403	51.13542493
10.72618911	51.17999725
10.77702205	51.13542493
10.76276369	49.33020994
10.75831067	49.37478225
10.81307545	49.37478225
10.80136039	49.35249822
10.82008966	49.39707054
11.01239998	51.49200775
10.99922231	51.44743541
11.0164353	51.40286309
10.9182925	51.42515137
11.03765422	51.38057481
11.25101996	53.25265042
11.36765699	53.31951102
11.29087108	53.31951102
11.33526591	53.29722274
11.3399412	53.23036214
11.80707052	55.34758761
11.86468901	55.34758761
11.82597351	55.39215993
11.84924395	55.25844298
11.85318856	55.3030153
11.8675951	52.58656002
11.92533368	52.60884405
11.94462373	52.54198768
11.97191286	52.58656002
11.86070608	52.49741112
12.27847019	56.93244389
12.27421645	56.95472792
12.36386197	56.91015561
12.32205771	56.88787158
12.30387644	56.91015561
12.619686	57.97991247
12.4901536	57.97991247
12.55474415	58.02448481
12.53918029	57.91305188
12.56797932	57.95762419
13.03194579	60.16399856
13.03161111	60.07484968
12.93127501	60.09713796
13.09617867	60.05256565
13.0169938	60.07484968
13.61072388	62.30350809
13.65325626	62.37036868
13.67221546	62.21436343
13.67960779	62.21436343
13.56851852	62.14750284
14.21871233	64.37616124
14.13894879	64.35387721
14.2704982	64.35387721
14.21299723	64.37616124
14.21702232	64.37616124
14.83775285	66.62710792
14.78480965	66.56024731
14.87190931	66.51567499
14.82532884	66.53795902
14.8653243	66.53795902
14.85009511	64.79960887
14.94013918	64.79960887
14.81918198	64.79960887
14.88054582	64.77732059
14.85895517	64.82189291
15.0568503	66.98369071
15.0434133	66.98369071
15.10793744	66.80540143
15.03014237	66.98369071
15.06626347	66.98369071
15.42882466	68.92262692
15.48031929	68.87805036
15.33806269	68.94491096
15.52026238	68.90033864
15.41269491	68.92262692
15.95227336	71.01756411
16.02429712	70.95070351
16.02371974	70.99527583
16.05256092	70.92841948
15.94131325	70.95070351
16.65652938	73.40223199
16.72977178	73.40223199
16.64847919	73.40223199
16.7117157	73.35765542
16.66414269	73.29079908
17.26171009	75.45259263
17.36670104	75.45259263
17.20676775	75.45259263
17.35549567	75.43030435
17.24721797	75.38573626
17.94521471	77.54752982
17.92431769	77.59210638
17.92484526	77.5698181
17.89877732	77.50296173
17.97814869	77.63668295
18.00718149	75.60860211
18.00473782	75.56402554
17.92893167	75.58631383
18.00360348	75.63089039
17.96383668	75.51945746
18.2644311	78.14927098
18.28218571	78.17155927
18.20894586	78.17155927
18.26043666	78.1269827
18.19609392	78.03783805
18.66670672	79.95448598
18.73011568	79.99905405
18.66474846	79.9321977
18.71382369	79.99905405
18.68451498	79.95448598
19.21876411	81.35853737
19.18471113	81.33624909
19.26274251	81.29168102
19.16933632	81.29168102
19.24309607	81.29168102
19.65981655	82.67344414
19.62098608	82.69573242
19.65012107	82.65116433
19.59064651	82.65116433
19.7254814	82.60658777
20.12691393	84.14436038
20.19043275	84.21122522
20.19519874	84.18893694
20.19674184	84.16664866
20.13258049	84.16664866
20.58235247	85.0804003
20.48811469	84.99125564
20.56362704	85.03582373
20.543172	85.01353545
20.56799447	84.9466791
21.02245835	86.61817288
20.99562908	86.50673997
21.01098728	86.55131653
20.95536664	86.48445169
21.02662141	86.46216341
21.0338119	82.98546309
21.10540901	82.9631748
21.11764141	82.98546309
21.08436892	82.98546309
21.06421407	82.98546309
21.14356756	80.23947393
21.11166572	80.23947393
21.1459678	80.21718565
21.13349653	80.23947393
21.16145758	80.28405049
21.12303971	79.83831883
21.17396334	79.90517517
21.10094193	79.97203152
21.16657102	79.90517517
21.14126185	79.88288689
21.24796197	82.64642161
21.24283959	82.69099818
21.14729502	82.6687099
21.30748379	82.62414181
21.19689399	82.64642161
21.25211608	78.43425893
21.24294433	78.4788355
21.23656882	78.4788355
21.24466755	78.45654722
21.31238391	78.45654722
21.03366372	75.35871374
21.13613947	75.35871374
21.02420712	75.38100202
21.10237007	75.35871374
21.00602458	75.40328181
20.83015569	71.0351139
20.84574383	71.05740218
20.77071818	71.1019745
20.8077705	71.05740218
20.80474689	71.05740218
20.49085089	66.666946
20.5461509	66.73380234
20.45943829	66.75609063
20.56295129	66.73380234
20.54523883	66.68923003
20.5283618	67.0681011
20.45604168	67.02352879
20.58561751	67.00124475
20.43257964	66.91209587
20.56637984	66.95666819
20.53596617	67.04581707
20.47888929	67.02352879
20.55461369	67.04581707
20.43529923	67.0681011
20.57599101	67.02352879
20.19554747	62.47706735
20.23971875	62.47706735
20.17199473	62.49935138
20.23497321	62.49935138
20.19139336	62.45477907
19.94815174	58.44319395
19.87935981	58.39862164
19.92126242	58.44319395
19.78943581	58.42090992
19.96188636	58.46548224
19.42955589	53.51786145
19.50326837	53.54014548
19.50094733	53.60700608
19.44972096	53.51786145
19.48150527	53.49557317
19.46277473	54.23298267
19.46627353	54.16612207
19.51132112	54.32212732
19.42800512	54.23298267
19.46488244	54.277555
19.0890005	49.21850128
19.07728289	49.196213
19.10387585	49.17392472
19.03780095	49.28535763
19.07119352	49.21850128
18.71357843	44.78346853
18.64838494	44.78346853
18.68956327	44.78346853
18.70168709	44.76118448
18.70354444	44.76118448
18.59990753	45.42978201
18.74594524	45.40749373
18.65077624	45.36292139
18.68533507	45.38520545
18.64750736	45.40749373
18.25825614	40.32615173
18.219068	40.25929113
18.25901364	40.28157941
18.24076722	40.32615173
18.27409464	40.3038677
18.24016174	41.57420212
18.20964077	41.55191384
18.24952637	41.59648618
18.25096345	41.55191384
18.26234765	41.48505325
17.73746188	35.60139679
17.75783516	35.66825738
17.80704197	35.66825738
17.74429853	35.62368505
17.82200673	35.66825738
17.36593844	31.34465966
17.22913506	31.36694583
17.25958961	31.34465966
17.31868095	31.36694583
17.30398444	31.32237351
16.84830447	27.22164163
16.81168008	27.22164163
16.80816211	27.22164163
16.86320664	27.24392778
16.78144014	27.22164163
16.26885063	22.786611
16.30298409	22.85347159
16.1927047	22.80889714
16.32474719	22.80889714
16.2173956	22.80889714
16.23908206	23.14319592
16.30426022	23.23234266
16.24890272	23.18777035
16.23098205	23.16548207
16.29124477	23.09862358
15.66636907	18.19557511
15.62079392	18.30700804
15.68703105	18.19557511
15.66725431	18.26243359
15.64818908	18.21786128
15.0164218	13.58225201
14.95334752	13.62682539
14.97546318	13.64911156
14.97779061	13.58225201
15.01146292	13.62682539
14.65859594	11.28673408
14.64512573	11.30902025
14.66229019	11.28673408
14.56490105	11.26444687
14.66230296	11.28673408
14.30000875	9.214080927
14.22164269	9.169508612
14.27715091	9.214080927
14.20803963	9.169508612
14.2447726	9.191794759
13.855865	6.918562996
13.76327123	6.940849676
13.83415172	6.940849676
13.77627902	6.896276294
13.90874561	6.940849676
13.31396806	5.068776732
13.24915268	5.046490052
13.21027111	5.001916669
13.31695079	5.001916669
13.23000059	5.046490052
13.24555935	5.336215425
13.20193096	5.313929257
13.31570532	5.291642577
13.23056392	5.358502105
13.32356007	5.313929257
12.94950737	3.486429161
12.86953434	3.486429161
12.96420516	3.441856046
12.9032552	3.508715864
12.99124776	3.531002277
12.8320477	4.227458022
12.96049814	4.093738675
12.88370328	4.182884907
12.91529854	4.093738675
12.92517159	4.116025111
12.83455907	3.402854483
12.80314009	3.402854483
12.88362025	3.402854483
12.74518947	3.402854483
12.80704511	3.380567781
12.9310157	7.347580048
13.05096886	7.347580048
12.96322667	7.369866216
13.0429851	7.303006665
12.95018056	7.347580048
12.86483861	3.714866537
12.8342691	3.714866537
12.85169797	3.737153239
12.86920732	3.714866537
12.86636255	3.714866537
12.8396789	3.781726355
12.88095942	3.804013035
12.87374593	3.804013035
12.87424029	3.804013035
12.78184835	3.804013035
12.87093437	3.781726355
12.79809307	3.826299471
12.88708712	3.848586151
12.86349734	3.804013035
12.87502972	3.826299471
12.37209099	4.067551861
12.37163113	4.045265181
12.29994715	4.022978746
12.41708875	4.000692066
12.34223044	4.045265181
12.41459271	3.889259132
12.40425853	3.844686017
12.45486537	3.822399337
12.39699905	3.866972719
12.46705178	3.866972719
12.35228359	3.131515389
12.31797896	3.064655594
12.3222557	3.109228709
12.34615206	3.086942274
12.30053987	3.131515389
12.16055193	2.262338446
12.13859084	2.240052033
12.17198341	2.262338446
12.17668169	2.262338446
12.14140112	2.262338446
11.57204643	0.189686248
11.63684392	0.211972839
11.62542778	0.211972839
11.59942754	0.189686248
11.62680865	0.189686248
9.266310828	-3.4876
9.294923357	-3.443026884
9.294923357	-3.443026884
9.294923357	-3.443026884
9.266310828	-3.4876
7.334994544	-6.496288825
7.317496052	-6.56314891
7.322560951	-6.496288825
7.354580311	-6.540862208
7.356382086	-6.518575528
7.336713927	-6.206563452
7.352729355	-6.228850154
7.26734908	-6.206563452
7.343828418	-6.228850154
7.336257894	-6.228850154
5.572536758	-8.680374379
5.537141863	-8.702660548
5.600374542	-8.658087699
5.570300027	-8.658087699
5.521686576	-8.702660548
4.824604449	-9.750130198
4.88861251	-9.750130198
4.827805938	-9.750130198
4.822904865	-9.816989749
4.857574195	-9.772416366
4.762405827	-9.036959304
4.840335974	-9.103818832
4.801485707	-9.081532686
4.789217538	-9.081532686
4.808750612	-9.103818832
4.06733976	-10.84217323
4.03656906	-10.90903278
3.950513359	-10.88674557
4.0390964	-10.90903278
4.086975984	-10.90903278
3.384807242	-12.17936828
3.379879025	-12.15708106
3.319401702	-12.15708106
3.324660128	-12.17936828
3.392768969	-12.13479489
2.852348387	-13.04854442
2.911583116	-13.0931178
2.853746503	-13.07083163
2.858303635	-13.00397104
2.892163092	-13.04854442
1.801442659	-15.3217762
1.826347848	-15.34406235
1.868460599	-15.3217762
1.796857265	-15.29949004
1.856713451	-15.3217762
0.830800813	-17.59500797
0.882907319	-17.52814844
0.803277509	-17.52814844
0.841124297	-17.55043458
0.883072503	-17.52814844
0.160940792	-19.80137915
0.139313018	-19.8236653
0.082822931	-19.80137915
0.152330004	-19.77909299
0.196222486	-19.80137915
-0.558388879	-21.89631848
-0.600717672	-21.89631848
-0.595840551	-21.89631848
-0.55939132	-21.89631848
-0.576791772	-21.85174614
-0.556668857	-21.13857418
-0.670613638	-21.11628803
-0.646089715	-21.11628803
-0.569267275	-21.13857418
-0.60895448	-21.11628803
-0.654488673	-21.87403231
-0.694417387	-21.89631848
-0.658246191	-21.91860462
-0.636021152	-21.94089079
-0.678476926	-21.96317907
-1.258750297	-24.21412362
-1.242747723	-24.23640979
-1.303897677	-24.23640979
-1.28081111	-24.19183745
-1.23053041	-24.21412362
-1.322838675	-22.63177659
-1.304308362	-22.65406275
-1.310975602	-22.6763489
-1.312703608	-22.65406275
-1.285321776	-22.65406275
-2.060432091	-26.50964051
-2.02544389	-26.53192879
-2.059646649	-26.48735434
-2.086735715	-26.46506817
-2.030067287	-26.48735434
-2.529253012	-28.73829889
-2.599574474	-28.69372657
-2.553040953	-28.69372657
-2.522637187	-28.69372657
-2.580155408	-28.73829889
-3.131096673	-30.81095206
-3.16592025	-30.7886659
-3.160764017	-30.76637973
-3.156560406	-30.76637973
-3.135388744	-30.76637973
-3.840169135	-33.68592181
-3.809421429	-33.68592181
-3.871626757	-33.66363566
-3.849960741	-33.66363566
-3.801700492	-33.68592181
-4.244580251	-35.26826885
-4.265243507	-35.26826885
-4.269992887	-35.2459827
-4.278678263	-35.26826885
-4.238076997	-35.2459827
-4.783858198	-37.54149956
-4.766889189	-37.54149956
-4.857698103	-37.49692725
-4.780655751	-37.54149956
-4.757023174	-37.51921553
-5.387932363	-39.74787393
-5.341236292	-39.74787393
-5.343038387	-39.77015797
-5.373950559	-39.77015797
-5.389837608	-39.72558565
-5.860740375	-41.99881637
-5.943495589	-41.95424403
-5.879322103	-41.95424403
-5.852943113	-41.95424403
-5.924075884	-41.99881637
-6.41482884	-44.18290243
-6.501633418	-44.20519072
-6.402231739	-44.18290243
-6.390014028	-44.16061415
-6.46668306	-44.20519072
-6.424643758	-42.91256801
-6.502822041	-42.95714032
-6.447260161	-42.93485204
-6.40689745	-42.95714032
-6.48876487	-42.93485204
-7.038813551	-46.58985437
-6.982082849	-46.56756609
-6.947857416	-46.54528203
-7.023687834	-46.58985437
-6.998137238	-46.52299375
-7.487506128	-48.72936387
-7.484862545	-48.70707984
-7.489565301	-48.70707984
-7.524387919	-48.68479155
-7.496675959	-48.68479155
-8.009452603	-50.86887764
-7.976139874	-50.89116592
-8.003737507	-50.86887764
-8.008996571	-50.84658936
-8.028312806	-50.84658936
-8.481920188	-52.96381483
-8.508299178	-52.96381483
-8.516818811	-52.98610311
-8.568446292	-52.96381483
-8.523043592	-52.98610311
-9.046351777	-55.41533908
-9.069493831	-55.43762736
-9.066117019	-55.37076674
-9.061262891	-55.43762736
-9.08017419	-55.39305502
-9.06142065	-54.74674154
-9.11203068	-54.72445751
-9.074752895	-54.79131811
-9.070322226	-54.74674154
-9.074183813	-54.74674154
-9.122910952	-53.09586462
-9.120726595	-53.09586462
-9.167347937	-53.05129231
-9.08817903	-53.07357634
-9.087121341	-53.09586462
-9.365938607	-55.77025469
-9.357544798	-55.77025469
-9.304967569	-55.77025469
-9.431127627	-55.77025469
-9.36741209	-55.79254298
-9.612002008	-57.66461434
-9.66626924	-57.66461434
-9.662785765	-57.64232606
-9.678863786	-57.66461434
-9.641617936	-57.64232606
-10.1625591	-59.87098446
-10.11182196	-59.87098446
-10.05638527	-59.87098446
-10.15363197	-59.80412809
-10.12139929	-59.87098446
-10.59414343	-62.07735881
-10.58192635	-62.05507053
-10.61422227	-62.03278649
-10.61305856	-62.03278649
-10.60926851	-62.07735881
-11.10365631	-64.21686833
-11.14099477	-64.19458428
-11.13432673	-64.172296
-11.09367469	-64.172296
-11.17088215	-64.12772368
-11.6301465	-66.42324268
-11.67123414	-66.37867037
-11.62259067	-66.42324268
-11.6692299	-66.37867037
-11.70450791	-66.37867037
-11.71501837	-64.70717656
-11.71379973	-64.7294606
-11.72536916	-64.6626
-11.70926623	-64.7294606
-11.73152624	-64.68488828
-11.98847055	-67.67128885
-11.99025125	-67.62671653
-12.02641706	-67.60443248
-12.03599374	-67.60443248
-11.98897768	-67.67128885
-12.28122427	-68.71876168
-12.26090336	-68.71876168
-12.36443935	-68.6964734
-12.31135052	-68.6964734
-12.25961191	-68.6964734
-12.60729392	-70.21196195
-12.57508806	-70.18967367
-12.56993119	-70.16738964
-12.59361678	-70.16738964
-12.58701133	-70.18967367
-12.63966073	-67.91644297
-12.59288738	-68.02787589
-12.67769538	-67.96101529
-12.61179676	-67.98330357
-12.5804276	-67.96101529
-12.90737737	-71.19256996
-12.93173743	-71.19256996
-12.91767707	-71.17028593
-12.9465323	-71.19256996
-13.00280569	-71.19256996
-13.45020426	-73.24293908
-13.40345646	-73.26521887
-13.40311284	-73.26521887
-13.42331878	-73.24293908
-13.39577288	-73.24293908
-14.01476998	-75.47159748
-13.99365197	-75.4493092
-14.00092805	-75.42702092
-14.01587493	-75.42702092
-13.97358398	-75.40473264
-14.57737488	-77.52195811
-14.58740377	-77.54424639
-14.54888754	-77.56653467
-14.56129495	-77.49966983
-14.56108034	-77.52195811
-15.14502169	-79.79519307
-15.08578728	-79.83976114
-15.17000001	-79.81748135
-15.14895609	-79.83976114
-15.11664038	-79.79519307
-15.20705234	-77.76711223
-15.19761489	-77.70025586
-15.1881123	-77.74482395
-15.18984446	-77.72253567
-15.21655493	-77.72253567
-15.71801954	-81.46668687
-15.74472746	-81.46668687
-15.77825544	-81.42211031
-15.70194216	-81.44439859
-15.75121028	-81.42211031
-15.81645359	-80.68665643
-15.82017338	-80.75351278
-15.86514049	-80.77580106
-15.79503922	-80.79808934
-15.76843988	-80.82037762
-16.29429776	-83.18274874
-16.25710237	-83.13818068
-16.32697498	-83.13818068
-16.27766087	-83.18274874
-16.23862091	-83.13818068
-16.58879769	-84.20793329
-16.50479573	-84.20793329
-16.57234731	-84.11878866
-16.57914053	-84.16336522
-16.52470149	-84.09650038
-17.14065581	-86.16915778
-17.24814536	-86.10229294
-17.21618348	-86.12458122
-17.12808107	-86.08000466
-17.22781678	-86.10229294
-17.57115691	-87.50635283
-17.58817573	-87.48406455
-17.56146781	-87.48406455
-17.62024363	-87.4171997
-17.6214891	-87.46177627
-17.65400282	-84.94339567
-17.61176679	-84.89881911
-17.65975623	-84.92110739
-17.64245766	-84.92110739
-17.65909454	-84.92110739
-17.9066525	-87.06062114
-17.86263323	-87.06062114
-17.90097189	-87.03833286
-17.86723826	-87.10518923
-17.90312176	-87.06062114
-18.18036399	-88.75439473
-18.14815302	-88.73211494
-18.17535019	-88.6652501
-18.21125157	-88.68753838
-18.16706879	-88.68753838
-18.21222112	-86.61488947
-18.22862935	-86.63716926
-18.19512693	-86.59260119
-18.24284173	-86.59260119
-18.27757429	-86.61488947
-18.43948755	-88.97726057
-18.45566329	-88.95498079
-18.38448517	-88.9326925
-18.42412296	-88.9326925
-18.39792217	-88.9326925
-18.8241759	-90.60418631
-18.88082996	-90.58189802
-18.84578826	-90.62647459
-18.77924073	-90.55960974
-18.89976361	-90.60418631
-19.20338291	-91.96366961
-19.27202667	-91.91909305
-19.28294846	-91.91909305
-19.25225376	-91.89680477
-19.27723336	-91.91909305
-19.66271881	-93.10027862
-19.6794962	-93.03342225
-19.67786368	-93.01113397
-19.65350363	-93.01113397
-19.67092356	-93.03342225
-19.76395547	-90.96077334
-19.70879853	-90.98305313
-19.6540363	-90.98305313
-19.75319719	-90.96077334
-19.72834661	-90.96077334
-20.1678189	-94.10317489
-20.20191915	-94.10317489
-20.15413793	-94.05860682
-20.2330967	-94.05860682
-20.20526083	-94.03631854
-20.21358183	-91.51793794
-20.31192901	-91.56250601
-20.2372176	-91.54021773
-20.21890349	-91.54021773
-20.23894593	-91.51793794
-20.3579998	-89.22019181
-20.34702564	-89.24247159
-20.33127782	-89.22019181
-20.28244658	-89.19790353
-20.3886204	-89.19790353
-20.33858967	-88.9527494
-20.30964119	-88.97503768
-20.31372121	-88.9527494
-20.3263215	-88.9527494
-20.36798908	-88.9527494
-20.35453804	-88.9527494
-20.33772615	-88.88589305
-20.32464427	-88.9527494
-20.3384581	-88.93046112
-20.29759273	-88.9527494
-20.35094598	-88.90817284
-20.29516822	-88.90817284
-20.34770649	-88.93046112
-20.36712683	-88.88589305
-20.27412175	-88.93046112
-20.3572819	-88.93046112
-20.35509754	-88.93046112
-20.29920609	-88.90817284
-20.37009807	-88.90817284
-20.30983663	-88.88589305
-20.32548225	-88.9527494
-20.35533897	-88.97503768
-20.31213595	-88.90817284
-20.34198884	-88.93046112
-20.33035937	-88.9527494
-20.29539815	-84.1165573
-20.2658825	-84.09427749
-20.35767406	-84.13884558
-20.25032375	-84.13884558
-20.27665356	-84.16113384
-20.04797432	-79.83753825
-20.0076544	-79.83753825
-20.03419882	-79.83753825
-20.04142125	-79.83753825
-20.01343592	-79.88210634
-19.74537311	-75.29107682
-19.70582474	-75.24650025
-19.75180993	-75.26878854
-19.7206822	-75.29107682
-19.73646706	-75.29107682
-19.44457686	-70.92290466
-19.42102029	-70.9451887
-19.44515808	-70.96747698
-19.37937443	-71.01204932
-19.39699108	-70.9451887
-19.11436971	-66.64387714
-19.05933923	-66.6884537
-19.09685142	-66.66616542
-19.10553775	-66.6884537
-19.05780379	-66.62159311
-19.10619817	-67.15646943
-19.06827849	-67.13418539
-19.09751567	-67.13418539
-19.09808283	-67.17875771
-19.02740673	-67.15646943
-19.03566897	-68.38223154
-19.0549884	-68.38223154
-19.05352833	-68.35994751
-19.03890846	-68.35994751
-19.03991378	-68.35994751
-18.6813087	-62.63229203
-18.62536232	-62.63229203
-18.72279616	-62.63229203
-18.66500905	-62.63229203
-18.6250698	-62.61000799
-18.22293086	-57.81839245
-18.28563086	-57.79610417
-18.26336958	-57.84067649
-18.29042112	-57.84067649
-18.25333303	-57.81839245
-17.84552115	-53.31650333
-17.88870117	-53.31650333
-17.87491928	-53.31650333
-17.8145186	-53.36107565
-17.91934605	-53.36107565
-17.45379559	-48.9929035
-17.37958875	-48.97061946
-17.48940573	-48.9929035
-17.43615339	-48.9929035
-17.42253884	-48.9929035
-17.49007892	-50.26658074
-17.40327307	-50.24429671
-17.43229436	-50.26658074
-17.39431975	-50.26658074
-17.43089305	-50.28886902
-17.29283527	-48.37222112
-17.32331408	-48.41679768
-17.2680409	-48.41679768
-17.34174061	-48.43908171
-17.33380411	-48.46136999
-16.92257262	-44.51664547
-16.99699407	-44.51664547
-16.91793438	-44.56121779
-16.94811045	-44.51664547
-16.93697022	-44.53892951
-17.04404973	-44.89551657
-16.91905594	-44.89551657
-16.96547417	-44.87322829
-16.91715899	-44.9178006
-16.98495328	-44.87322829
-16.97099383	-44.96237716
-16.97154183	-44.94008888
-16.96902918	-44.94008888
-16.90446034	-44.96237716
-16.9313471	-44.96237716
-16.52495952	-40.34905088
-16.51902855	-40.37133917
-16.54720548	-40.39362745
-16.51852142	-40.37133917
-16.51651079	-40.37133917
-15.95694482	-35.53515129
-16.02761709	-35.55743744
-15.98456481	-35.57972361
-15.97508265	-35.53515129
-15.9520281	-35.55743744
-15.52462343	-31.50128001
-15.45075638	-31.47899173
-15.56405172	-31.52356618
-15.48820981	-31.47899173
-15.55296515	-31.52356618
-15.47638873	-32.74932829
-15.46433899	-32.72704214
-15.49838687	-32.74932829
-15.4940322	-32.74932829
-15.45783702	-32.70475386
-14.91122263	-26.86566969
-14.95379589	-26.91024201
-14.93008858	-26.84338355
-14.94690941	-26.91024201
-14.86507648	-26.84338355
-14.3156582	-22.29691998
-14.38213292	-22.31920615
-14.32760702	-22.36378057
-14.32731577	-22.34149229
-14.28123988	-22.36378057
-14.28428648	-23.05466426
-14.35332112	-23.05466426
-14.31574251	-23.03237811
-14.32564748	-23.03237811
-14.27110114	-23.01008983
-13.71522431	-17.88417551
-13.75331133	-17.90646379
-13.7006185	-17.88417551
-13.7505036	-17.88417551
-13.74513212	-17.88417551
-13.0002841	-13.53829268
-13.06390128	-13.56057885
-13.010267	-13.58286502
-13.07600594	-13.56057885
-12.96999945	-13.56057885
-12.21691985	-9.236981128
-12.22989826	-9.214694982
-12.16410183	-9.192408813
-12.20822075	-9.214694982
-12.19987803	-9.192408813
-11.60612496	-6.562591593
-11.59139523	-6.540304912
-11.64106574	-6.562591593
-11.58063823	-6.540304912
-11.62119958	-6.584878273
-11.60734104	-7.164329042
-11.60289696	-7.119756193
-11.57160317	-7.142042873
-11.62211292	-7.164329042
-11.59944031	-7.164329042
-11.58364524	-7.164329042
-11.64189732	-7.186615722
-11.5842239	-7.208902424
-11.64861518	-7.186615722
-11.60745473	-7.186615722
-9.570207329	0.078810499
-9.526965993	0.212530001
-9.524272591	0.212530001
-9.488699498	0.14567025
-9.55727555	0.167956841
-10.13943812	-0.567500399
-10.13943812	-0.567500399
-10.13943812	-0.567500399
-10.13943812	-0.567500399
-10.104155	-0.522927262
-8.992754542	0.881127558
-9.098386749	0.858840922
-9.07596004	0.903414104
-9.086459646	0.858840922
-9.047861028	0.881127558
-7.455711592	3.444084761
-7.384320785	3.533230992
-7.457565102	3.444084761
-7.371795858	3.3995114
-7.459703473	3.42179808
-7.377113044	2.775487249
-7.385344623	2.686340751
-7.438041289	2.664054337
-7.402651504	2.775487249
-7.394918751	2.775487249
-7.34496786	2.596637224
-7.363118466	2.596637224
-7.426533813	2.641210584
-7.380546062	2.574350789
-7.378442819	2.618923904
-7.415244134	2.195478784
-7.361521713	2.128619099
-7.416130651	2.21776533
-7.306640051	2.240052033
-7.369726467	2.284625148
-7.020368504	3.354381234
-7.0802199	3.376667647
-7.085498125	3.332094532
-7.065520834	3.332094532
-7.087435944	3.287521416
-6.276793414	4.580143079
-6.179901191	4.602429782
-6.218915604	4.535570231
-6.19788318	4.602429782
-6.215892632	4.535570231
-5.235487842	5.761332343
-5.235521373	5.783619046
-5.300700813	5.694472281
-5.260886746	5.694472281
-5.258914756	5.716758961
-4.369971632	6.741941931
-4.443627912	6.697368548
-4.401298321	6.697368548
-4.356273412	6.786515313
-4.36719967	6.697368548
-3.45141322	7.989990746
-3.476775718	7.989990746
-3.446795411	8.034563594
-3.435567047	7.967704065
-3.536875887	7.967704065
-2.819368101	8.992886502
-2.819863733	8.992886502
-2.78106552	8.992886502
-2.80453906	8.970600333
-2.771786153	8.970600333
-1.490522044	11.2215449
-1.441804325	11.2215449
-1.556041591	11.2215449
-1.506189699	11.24383212
-1.448015533	11.2215449
-0.358835687	13.47249052
-0.422255345	13.42791714
-0.353713065	13.42791714
-0.375096576	13.45020328
-0.313602481	13.45020328
0.708867518	15.72343507
0.683327701	15.72343507
0.716127952	15.7011489
0.621681995	15.72343507
0.718490587	15.7011489
0.722783696	14.54224634
0.720525728	14.40852726
0.663497351	14.45309957
0.762322083	14.34166664
0.708010701	14.45309957
0.662039955	14.25252094
0.764304532	14.27480711
0.717946733	14.18566141
0.727216441	14.25252094
0.69609238	14.27480711
1.601975532	17.77380101
1.625694173	17.59550855
1.566623909	17.72922763
1.617949444	17.68465424
1.570743371	17.68465424
2.460144923	20.02474556
2.429774689	20.00245941
2.507408	19.91331265
2.359354229	19.93559879
2.478798026	19.93559879
3.231884333	22.32026456
3.259610025	22.32026456
3.222144143	22.32026456
3.302577679	22.34255073
3.180817632	22.32026456
3.24873646	21.3619406
3.279210802	21.40651503
3.260402973	21.40651503
3.28720191	21.27279384
3.274228614	21.38422675
3.875554768	24.43749005
3.81966811	24.32605711
3.85707619	24.43749005
3.882310948	24.50434851
3.870514459	24.43749005
3.984559317	24.59349527
3.999355784	24.59349527
4.008542221	24.61578144
3.917246297	24.57120913
3.95625592	24.54892296
4.75602712	26.621574
4.714064782	26.6884346
4.78432924	26.66614843
4.693152753	26.64386228
4.711207234	26.6884346
5.500189177	28.87252068
5.457281242	28.82794623
5.413225562	28.76108775
5.477812287	28.80566007
5.421868464	28.80566007
6.184643546	31.16803755
6.15100508	31.19032372
6.16301202	31.14575138
6.134805067	31.14575138
6.146553333	31.14575138
6.836402172	33.35212364
6.735238956	33.37440978
6.811877969	33.35212364
6.817679929	33.39669595
6.805076441	33.30754919
7.448807872	35.55849587
7.487653668	35.53620759
7.489130984	35.55849587
7.434320217	35.58078202
7.526675746	35.51392142
8.033459459	37.8094383
7.932992427	37.89858718
8.004440078	37.8762989
8.041688483	37.8094383
7.98552367	37.92087122
8.122207604	37.67572134
8.086042436	37.69800537
8.164256486	37.65343306
8.010616955	37.69800537
8.115653893	37.67572134
8.637503924	40.14952962
8.738389944	40.19410618
8.692481392	40.12724559
8.711891516	40.08267327
8.724277206	40.1049573
9.301074686	42.4004763
9.320933178	42.37818802
9.287684319	42.37818802
9.267681481	42.37818802
9.310613047	42.33361571
9.863212062	44.38398058
9.843720823	44.47312946
9.899082788	44.33940826
9.831226553	44.33940826
9.857083725	44.33940826
9.85891041	43.15821844
9.843134495	43.06907381
9.919302785	43.11364613
9.891427318	43.11364613
9.938124666	43.11364613
10.44319666	46.52349433
10.35605612	46.50120605
10.41828221	46.54578261
10.40477368	46.50120605
10.44495692	46.56806664
11.00940575	48.90815796
10.92057522	48.88587392
10.97669787	48.88587392
10.98907207	48.90815796
10.95917575	48.90815796
11.5895034	50.98081113
11.49896498	50.98081113
11.55712765	50.95852285
11.54843748	50.9362388
11.55229907	50.9362388
12.11281031	53.14260892
12.19256874	53.07574832
12.08908895	53.07574832
12.16523361	53.05346429
12.15166888	53.12032488
12.14406451	51.60483633
12.22566495	51.62712036
12.12558433	51.60483633
12.1976247	51.62712036
12.1857653	51.58254805
12.70442629	55.50498851
12.73248315	55.50498851
12.71960055	55.48270023
12.67032732	55.50498851
12.76511694	55.48270023
12.80342367	52.58544432
12.82114252	52.540872
12.71909342	52.58544432
12.83908107	52.56316028
12.77746686	52.540872
13.05882744	56.06215311
13.1124681	56.03986483
13.05622154	56.10672545
13.07041858	56.06215311
12.9789962	55.99529252
13.42753549	58.13480629
13.3391827	58.13480629
13.3463502	58.15709032
13.35904119	58.11251801
13.35508763	58.15709032
13.9272756	60.25203176
13.83566927	60.18517116
13.9416451	60.11831057
13.85436788	60.16288288
13.96810776	60.16288288
14.46973332	62.16867544
14.40857515	62.25782432
14.48333766	62.16867544
14.37367908	62.1463914
14.44491212	62.1463914
15.10384081	64.44190616
15.05835635	64.4196221
15.04177951	64.39733384
15.10707647	64.4196221
15.07604326	64.39733384
15.66288815	66.53684759
15.68905445	66.55913162
15.67074034	66.55913162
15.73265729	66.51455931
15.59182883	66.53684759
15.75108254	65.17736426
15.72478594	65.22193658
15.7281404	65.22193658
15.74011093	65.19965255
15.65649475	65.26651314
15.79361492	64.30818919
15.71674853	64.3527615
15.80483434	64.33047322
15.71570744	64.28590091
15.71512112	64.33047322
15.99899051	67.18315682
15.97000881	67.13858451
15.97969791	67.25001742
15.93704928	67.16087279
15.99852809	67.16087279
16.36881756	69.18894938
16.27958847	69.12208878
16.30854335	69.25580998
16.36425851	69.12208878
16.32577933	69.12208878
16.97014691	71.2393185
16.89231225	71.26159831
16.92776399	71.17245366
16.8731691	71.17245366
16.86860111	71.19474194
17.60936528	73.4679769
17.55749509	73.44568862
17.53254487	73.49025669
17.63914535	73.44568862
17.5856452	73.40111206
18.17368701	75.00574949
18.31939388	74.98346121
18.18868243	74.98346121
18.28562064	74.98346121
18.17540895	74.98346121
18.54306059	76.65495501
18.64545202	76.61037845
18.59614303	76.65495501
18.63213255	76.63266673
18.58060215	76.61037845
19.02011915	77.76928421
19.03575455	77.76928421
19.04952239	77.76928421
18.94104669	77.74699593
19.04498634	77.76928421
19.65312679	79.84193314
19.62863516	79.81965333
19.75602792	79.79736505
19.64800186	79.79736505
19.72409797	79.79736505
20.36809	81.58029176
20.37408612	81.51342692
20.36502168	81.51342692
20.26998424	81.49114713
20.42688881	81.49114713
20.42055545	79.84193314
20.34180234	79.90879798
20.47373114	79.8865097
20.34874757	79.79736505
20.38373051	79.86422142
20.84503615	82.73918905
20.78859797	82.73918905
20.79884529	82.73918905
20.88645719	82.69462096
20.78402487	82.67233268
21.17140599	83.6083726
21.2576715	83.56379604
21.24104739	83.56379604
21.26867887	83.6083726
21.26696588	83.54150776
21.29068212	81.55800348
21.2696101	81.60258004
21.34725315	81.58029176
21.29556308	81.55800348
21.30416638	81.5357152
21.40954055	77.99075863
21.42417064	77.99075863
21.39349127	78.03533519
21.38926563	77.96847035
21.30983805	78.03533519
21.3973503	77.70103644
21.43302048	77.67874815
21.39235311	77.67874815
21.38803038	77.65645987
21.3284383	77.63417159
21.44938144	75.60609075
21.42653383	75.60609075
21.35879703	75.53923438
21.4244721	75.62837903
21.37885736	75.6729556
21.48037888	75.65066732
21.38095868	75.62837903
21.45790427	75.62837903
21.33098671	75.58381095
21.47294185	75.6729556
21.13593892	71.4830727
21.2289951	71.4830727
21.18863814	71.50536099
21.18023156	71.50536099
21.21703479	71.50536099
20.8657505	67.40463124
20.97458005	67.33777064
20.9015382	67.40463124
20.96881258	67.36005893
20.85138995	67.36005893
20.6514216	63.79420548
20.58978184	63.7050566
20.65603941	63.83877781
20.70233757	63.79420548
20.62944773	63.86106185
20.69331145	64.10621597
20.62793145	64.03935536
20.6804595	64.06164364
20.62515694	64.08392769
20.64926279	64.03935536
20.23403304	57.99969365
20.19111616	58.04426596
20.27401955	58.0888383
20.1166449	58.06655002
20.21850494	57.95511709
20.00753305	55.77103525
20.07695219	55.83789162
19.94402701	55.8601799
20.0299093	55.83789162
20.02940217	55.83789162
19.84300111	53.38636737
19.82679088	53.43094393
19.83913825	53.38636737
19.76778768	53.45322797
19.82564505	53.4978003
19.45282632	49.10734409
19.44932879	49.17420469
19.45559701	49.06277178
19.37276898	49.15191641
19.51489656	49.15191641
19.06191192	44.69459963
19.05464094	44.71688791
18.9822825	44.69459963
19.07903549	44.7837485
19.06838579	44.73917619
19.02468714	45.34091311
18.9795016	45.34091311
19.06445906	45.36319714
18.97131345	45.4077737
19.03993549	45.36319714
18.98790946	46.23126078
19.03121722	46.16440018
18.94999489	46.20897675
19.00403922	46.23126078
19.02814635	46.18668847
18.61445331	40.45903723
18.5593398	40.39217662
18.59242068	40.39217662
18.63080661	40.43674895
18.57346914	40.45903723
18.61745648	40.48132127
18.51181916	40.54818186
18.66238271	40.52589783
18.52802812	40.50360955
18.67250484	40.59275418
18.17888476	35.71199399
18.14935506	35.68970571
18.15175019	35.66742167
18.01836131	35.66742167
18.19737388	35.62284936
17.7458889	31.52211537
17.69234021	31.41068243
17.6317773	31.45525688
17.67557303	31.47754303
17.72103193	31.43297071
17.13577103	26.77507423
17.24857585	26.81964657
17.16053346	26.90879331
17.09519435	26.90879331
17.22958343	26.90879331
16.7952859	23.78867158
16.75526106	23.81095772
16.79810385	23.72181096
16.72608392	23.78867158
16.78680012	23.83324389
16.63598109	22.40690421
16.60022916	22.47376268
16.66378885	22.45147653
16.62921725	22.42919036
16.56865689	22.47376268
16.55710918	22.96406882
16.63177716	22.91949437
16.58633997	22.87492205
16.6523114	22.98635496
16.62791685	22.91949437
16.57906772	22.98635496
16.60362705	22.96406882
16.60477416	22.98635496
16.63605007	22.96406882
16.60317996	22.94178053
16.55456332	23.6549525
16.65222326	23.63266633
16.56518491	23.63266633
16.63902769	23.58809188
16.49585264	23.61037805
15.97799768	17.86044065
15.95553585	17.8381545
15.99521962	17.81586622
15.96511253	17.8381545
15.89274515	17.81586622
15.99226882	17.94958741
15.94102711	17.94958741
15.92570468	18.06102034
15.97038309	17.97187358
15.96182066	17.97187358
15.40304797	13.8711417
15.33235143	13.84885448
15.45625304	13.89342787
15.34520209	13.89342787
15.47154354	13.89342787
15.00319302	11.17446439
14.95501581	11.24132501
15.0225891	11.21903778
14.91940822	11.24132501
14.96558886	11.33047071
14.49176595	8.923519844
14.54699188	8.945806013
14.53670879	8.968093227
14.58936458	8.923519844
14.48937083	8.945806013
14.28175595	7.720044412
14.3189143	7.786903963
14.31257327	7.764617794
14.32552613	7.675471029
14.37258945	7.742331114
14.06442771	6.962300669
14.16354005	6.962300669
14.17850099	6.962300669
14.15799102	6.962300669
14.16849637	6.917727286
13.51983928	4.599922653
13.63445162	4.577635973
13.61866549	4.577635973
13.61888137	4.55534927
13.63381676	4.644496035
13.2831584	3.55245327
13.32751874	3.463306772
13.26328841	3.574739683
13.27086085	3.574739683
13.33355319	3.55245327
13.22324441	3.864465323
13.29557091	3.909038439
13.30849439	3.909038439
13.28963866	3.931325141
13.33318529	3.909038439
13.29917063	3.953611821
13.35800905	4.020471372
13.2244094	4.042758052
13.28005176	4.020471372
13.36799705	4.065044755
13.31830356	4.221050781
13.29087263	4.154190986
13.29252303	4.087331168
13.29256135	4.065044755
13.27486167	4.020471372
13.01633849	2.393550953
12.87495691	2.438124068
12.92729846	2.393550953
12.94407714	2.482697184
12.9480473	2.438124068
12.88824956	3.285014309
12.84960814	3.37416054
12.85426811	3.307300745
12.89928886	3.307300745
12.94327109	3.240440927
12.93100293	3.31008651
12.89427123	3.443806124
12.87470526	3.399233008
12.9162566	3.376946306
12.93695562	3.354659893
12.74312774	2.262617105
12.77039006	2.240330692
12.71873575	2.284903807
12.67555445	2.284903807
12.72969203	2.262617105
12.03608443	0.279111183
12.06302868	0.323684321
12.09712765	0.323684321
12.10474479	0.301397774
12.02930526	0.301397774
6.988202243	-6.496010433
7.049262061	-6.451437073
7.089460626	-6.473723753
7.046113904	-6.473723753
7.002096546	-6.473723753
7.016667232	-6.139424997
7.034203407	-6.094851615
7.035526796	-6.161711678
6.985920803	-6.139424997
6.949636837	-6.139424997
6.099898779	-7.565766252
6.036183242	-7.543479572
6.062053827	-7.543479572
6.076492302	-7.543479572
6.105728842	-7.543479572
5.099351912	-8.635522605
5.110021094	-8.680095453
5.129413653	-8.635522605
5.108038566	-8.613235925
5.144487956	-8.613235925
4.132058057	-9.861284206
4.137938258	-9.861284206
4.229886934	-9.88357142
4.20362259	-9.861284206
4.193157155	-9.838998037
3.469953114	-10.93104107
3.521362797	-10.93104107
3.462002244	-10.90875386
3.419164886	-10.90875386
3.498058833	-10.95332724
3.453351677	-9.861284206
3.446415703	-9.838998037
3.425131631	-9.861284206
3.46975799	-9.838998037
3.457427867	-9.88357142
2.600297004	-12.1568032
2.537634366	-12.1568032
2.501859125	-12.1568032
2.526001066	-12.13451597
2.5649267	-12.11222982
2.091412763	-13.11512609
2.005852375	-13.09283888
2.079652361	-13.11512609
2.132573531	-13.11512609
2.080274456	-13.09283888
1.501219168	-14.36317437
1.488659592	-14.38546158
1.469126039	-14.36317437
1.472605522	-14.34088822
1.469747814	-14.34088822
0.592484376	-16.45811369
0.548922172	-16.43582648
0.527421181	-16.43582648
0.519483324	-16.41354031
0.522670522	-16.41354031
0.059143779	-17.61701628
0.029437116	-17.55015568
0.058620838	-17.52786951
0.075028044	-17.50558334
0.092377155	-17.52786951
-0.386124587	-18.64219765
-0.360750193	-18.64219765
-0.368536118	-18.6199115
-0.352623561	-18.59762533
-0.358744392	-18.64219765
-0.770892493	-20.04625329
-0.836298751	-20.02396712
-0.905005736	-20.02396712
-0.920004991	-20.00168097
-0.860822156	-20.02396712
-1.581238985	-21.85146617
-1.582686122	-21.80689385
-1.553196817	-21.85146617
-1.536394669	-21.85146617
-1.533320441	-21.87375232
-1.626143659	-20.98228896
-1.559061529	-21.00457724
-1.568979918	-21.00457724
-1.559022728	-21.02686341
-1.566070475	-21.02686341
-2.240018053	-24.30299039
-2.254292222	-24.30299039
-2.229859034	-24.25841808
-2.245036167	-24.23613193
-2.203544712	-24.23613193
-2.892605393	-26.50936265
-2.939901842	-26.46479031
-2.876618067	-26.44250203
-2.838263113	-26.46479031
-2.878876514	-26.48707648
-3.48389436	-28.55972752
-3.4916929	-28.60430195
-3.555585995	-28.5820158
-3.486535708	-28.5820158
-3.421831143	-28.51515521
-4.149410925	-30.85524652
-4.138057375	-30.89981884
-4.109709908	-30.87753267
-4.08904793	-30.87753267
-4.136137759	-30.85524652
-4.701402854	-33.06161876
-4.725813368	-33.03933259
-4.720846829	-33.0839049
-4.623232555	-33.0839049
-4.676257514	-33.03933259
-5.297800791	-35.46856855
-5.315545182	-35.42399624
-5.293319345	-35.44628238
-5.299326009	-35.46856855
-5.267905112	-35.46856855
-5.814910383	-37.58579616
-5.880098764	-37.58579616
-5.857976715	-37.56350788
-5.807405646	-37.56350788
-5.778055418	-37.54122382
-6.415738989	-39.59158871
-6.436531262	-39.61387275
-6.390045324	-39.59158871
-6.384837995	-39.59158871
-6.393740848	-39.59158871
-6.991461535	-42.02082466
-7.044930391	-41.99854062
-6.975497841	-42.02082466
-6.944296019	-41.99854062
-6.939670546	-42.04311294
-7.491169718	-44.18262246
-7.54382423	-44.22719903
-7.514980492	-44.20491075
-7.509990321	-44.18262246
-7.44170424	-44.13805015
-7.538395271	-42.9345763
-7.496777513	-42.91228801
-7.551069654	-42.97914861
-7.564101071	-42.9345763
-7.533863049	-42.9345763
-8.039616537	-46.56729034
-8.066464334	-46.50042974
-8.081259843	-46.50042974
-8.048620305	-46.52271378
-8.013098948	-46.47814146
-8.543327459	-48.59536693
-8.588349494	-48.59536693
-8.547353191	-48.59536693
-8.522880084	-48.5730829
-8.510232526	-48.59536693
-8.540361331	-46.09676326
-8.59374013	-46.11905154
-8.605208646	-46.09676326
-8.664250807	-46.14133558
-8.654217453	-46.11905154
-9.108004948	-50.99981173
-9.147819654	-50.99981173
-9.147769835	-51.02210002
-9.190034598	-50.97752345
-9.23400086	-50.99981173
-9.200243595	-49.21688502
-9.232832037	-49.21688502
-9.266598883	-49.21688502
-9.267055554	-49.2391733
-9.243486847	-49.26145734
-9.491048641	-51.40097109
-9.452289708	-51.37868283
-9.449216917	-51.40097109
-9.428224092	-51.40097109
-9.430862566	-51.42325514
-9.717401089	-53.16160954
-9.734803137	-53.11703723
-9.731896409	-53.13932548
-9.757943914	-53.13932548
-9.727461908	-53.09474894
-10.32194821	-55.39026792
-10.31431893	-55.34569561
-10.30961937	-55.34569561
-10.32092629	-55.32340732
-10.3177743	-55.30112329
-10.33984398	-54.81081929
-10.34063469	-54.83310334
-10.34207049	-54.78853101
-10.33732111	-54.81081929
-10.38133719	-54.81081929
-10.75565495	-57.48520938
-10.79660079	-57.50749341
-10.79647561	-57.48520938
-10.8388151	-57.48520938
-10.82689055	-57.48520938
-11.3955414	-59.91444532
-11.38227047	-59.91444532
-11.35527258	-59.89215704
-11.36114863	-59.89215704
-11.33774279	-59.91444532
-11.84670192	-61.85337728
-11.86124642	-61.80880497
-11.89552295	-61.80880497
-11.86288277	-61.83109325
-11.86315358	-61.78651669
-12.38549988	-64.1934686
-12.42385388	-64.17118456
-12.43191684	-64.17118456
-12.43741605	-64.1934686
-12.41953242	-64.14889628
-12.96197865	-66.3552664
-12.92513582	-66.37755468
-12.94227983	-66.37755468
-12.93006276	-66.3552664
-12.93661711	-66.3552664
-13.03998959	-64.55005563
-13.07409112	-64.55005563
-13.05942398	-64.57233969
-13.05337804	-64.57233969
-13.02435674	-64.55005563
-13.53506847	-68.91822356
-13.54284274	-68.89593951
-13.51376907	-68.89593951
-13.51370903	-68.85136719
-13.51349315	-68.87365125
-14.12472108	-70.96858843
-14.13316854	-70.9463044
-14.0632806	-70.9463044
-14.07012364	-70.96858843
-14.05262323	-70.90173206
-14.62646417	-73.04124159
-14.65058407	-72.99667352
-14.66339769	-72.97438524
-14.70249003	-72.99667352
-14.6968784	-72.95209696
-15.27786895	-75.33676483
-15.32088163	-75.33676483
-15.27883722	-75.35904462
-15.29639895	-75.31447655
-15.30899796	-75.31447655
-15.34832534	-74.53444611
-15.30319984	-74.5790142
-15.2973736	-74.55673439
-15.27312596	-74.5790142
-15.26507577	-74.5790142
-15.81446595	-77.67685615
-15.86736189	-77.6099913
-15.88080016	-77.6099913
-15.91772091	-77.63227959
-15.92956754	-77.58770302
-15.98775831	-75.15846706
-15.94463194	-75.1361788
-15.91023917	-75.11389899
-15.9443011	-75.1361788
-15.89988072	-75.09161071
-16.48947585	-79.17005217
-16.50363457	-79.14776391
-16.48700152	-79.14776391
-16.50989768	-79.12548411
-16.52098297	-79.12548411
-16.9718037	-81.15355647
-16.96298963	-81.10898838
-16.98562263	-81.13127666
-17.00453202	-81.0867001
-16.9432576	-81.06441182
-17.2621789	-81.97816346
-17.28691835	-81.95587518
-17.29682077	-81.95587518
-17.32342139	-81.93358689
-17.30297018	-81.91130711
-17.29285699	-82.06730811
-17.34594582	-82.06730811
-17.32304711	-82.08959639
-17.41820462	-82.13417295
-17.41726317	-82.17874102
-17.96548708	-83.80566673
-17.95658231	-83.80566673
-17.94449426	-83.80566673
-17.98552952	-83.78337845
-17.98388934	-83.76109017
-18.45136867	-85.38800741
-18.49949096	-85.43258397
-18.45657536	-85.38800741
-18.48676292	-85.41029569
-18.46895594	-85.41029569
-18.78123986	-86.27947076
-18.80538021	-86.30175905
-18.77468551	-86.27947076
-18.81942907	-86.25719098
-18.7791577	-86.2349027
-18.85630639	-83.89481138
-18.86958115	-83.89481138
-18.87468054	-83.93937945
-18.86016798	-83.89481138
-18.85725678	-83.91709967
-19.12003754	-86.61376954
-19.13607405	-86.65834611
-19.09057043	-86.56920145
-19.13852921	-86.61376954
-19.13448751	-86.61376954
-19.62348723	-88.37441645
-19.62785595	-88.37441645
-19.66138392	-88.32983989
-19.68755022	-88.35212817
-19.69963828	-88.35212817
-20.08470091	-89.64474665
-20.13902115	-89.62245837
-20.13011894	-89.62245837
-20.09165125	-89.62245837
-20.06217648	-89.5778903
-20.47917799	-90.49164194
-20.46159072	-90.46935366
-20.50414864	-90.44706538
-20.49149725	-90.46935366
-20.4642822	-90.46935366
-20.51854241	-88.84242792
-20.47234005	-88.84242792
-20.50385739	-88.79785986
-20.51170958	-88.82014814
-20.51170958	-88.82014814
-20.53989929	-87.59438603
-20.56226532	-87.5052329
-20.57262506	-87.52752118
-20.59077566	-87.52752118
-20.56485717	-87.54980946
-20.57057866	-87.23779897
-20.54263677	-87.26008725
-20.52958172	-87.23779897
-20.57241939	-87.23779897
-20.52141145	-87.28236705
-20.59898936	-87.14865434
-20.57919346	-87.05950121
-20.58601223	-87.17093414
-20.5798922	-87.12636605
-20.53436303	-87.12636605
-20.56243905	-86.56920145
-20.54922305	-86.54691317
-20.52704863	-86.54691317
-20.54611002	-86.59148974
-20.53864488	-86.54691317
-20.64449553	-85.25345475
-20.58809567	-85.23116647
-20.59805174	-85.20887819
-20.57935824	-85.23116647
-20.59099282	-85.20887819
-20.62363427	-84.02769264
-20.64389259	-83.98311608
-20.66765483	-84.02769264
-20.64232778	-84.00540436
-20.63548729	-83.98311608
-20.48241748	-80.01610753
-20.5386551	-80.03839581
-20.54386179	-80.03839581
-20.55528943	-80.03839581
-20.53541306	-80.06068409
-20.33918239	-76.94056233
-20.35529043	-76.87369749
-20.34612123	-76.91827405
-20.38303688	-76.94056233
-20.37165778	-76.91827405
-20.26103093	-77.65372791
-20.25099821	-77.63143965
-20.26634492	-77.60915984
-20.28438823	-77.65372791
-20.24910638	-77.65372791
-19.86689108	-70.58888165
-19.87679478	-70.58888165
-19.84218741	-70.58888165
-19.86398244	-70.61116993
-19.86906267	-70.58888165
-19.61659821	-66.5550125
-19.62895707	-66.51043594
-19.63070711	-66.5550125
-19.59060052	-66.53272422
-19.55258759	-66.5550125
-19.53836883	-66.91159529
-19.53938436	-66.91159529
-19.52465208	-66.88931126
-19.55073791	-66.86702298
-19.50410124	-66.91159529
-19.16545813	-62.18684033
-19.15172861	-62.16455205
-19.20890385	-62.14226801
-19.24473242	-62.11997973
-19.25751921	-62.18684033
-18.86327973	-57.77409586
-18.8180201	-57.72952355
-18.77423714	-57.77409586
-18.79629788	-57.75181183
-18.82306073	-57.72952355
-18.36016983	-53.13848555
-18.39612103	-53.13848555
-18.41666293	-53.11620152
-18.45328605	-53.11620152
-18.45396052	-53.11620152
-18.00745485	-48.94861115
-17.96305619	-48.97089519
-17.99471532	-49.01546752
-17.97880145	-48.99318347
-17.98586292	-48.99318347
-17.56530002	-44.49129437
-17.52034824	-44.53586668
-17.51389097	-44.49129437
-17.48410834	-44.5135784
-17.52084515	-44.53586668
-17.52945867	-45.1376036
-17.51802465	-45.1376036
-17.56573817	-45.1376036
-17.55805459	-45.11531532
-17.58578444	-45.11531532
-17.58330372	-46.10038607
-17.5699817	-46.12267011
-17.53105287	-46.10038607
-17.50602218	-46.10038607
-17.549496	-46.12267011
-17.51489118	-46.8135559
-17.49976291	-46.8135559
-17.51343239	-46.79126762
-17.52821576	-46.79126762
-17.5763125	-46.76898358
-17.34777889	-44.20602643
-17.37168164	-44.18373814
-17.37621513	-44.18373814
-17.38867491	-44.25059874
-17.37605163	-44.18373814
-16.94277474	-39.72642134
-16.9161754	-39.74870962
-16.95116855	-39.72642134
-16.93369496	-39.72642134
-16.98034952	-39.74870962
-16.5577581	-35.558831
-16.58084969	-35.60340331
-16.5855978	-35.58111714
-16.57009141	-35.60340331
-16.55859735	-35.558831
-16.0061644	-30.92322069
-16.01047819	-30.94550683
-15.98785029	-30.92322069
-15.98822967	-30.90093452
-15.94898533	-30.94550683
-15.43813437	-26.73334204
-15.45207849	-26.73334204
-15.44989413	-26.73334204
-15.45286409	-26.75563032
-15.45744996	-26.73334204
-14.89089661	-22.34288585
-14.8862392	-22.32059969
-14.88731605	-22.365172
-14.85460179	-22.34288585
-14.90697655	-22.365172
-14.96160975	-22.81090369
-14.98553933	-22.85547814
-14.95071352	-22.87776429
-14.91586726	-22.83318986
-14.91783574	-22.85547814
-14.26060984	-17.90785522
-14.26838921	-17.88556905
-14.27618775	-17.93014139
-14.25927495	-17.90785522
-14.28799734	-17.90785522
-13.56114535	-13.62883194
-13.55464721	-13.60654473
-13.53045194	-13.60654473
-13.55790842	-13.65111811
-13.56400546	-13.62883194
-12.76048636	-9.171515138
-12.75164418	-9.216087475
-12.81608656	-9.171515138
-12.79626256	-9.171515138
-12.84140978	-9.193801307
-12.18555069	-6.764563762
-12.18056116	-6.74227706
-12.19075483	-6.764563762
-12.21718555	-6.74227706
-12.21473422	-6.786850442
-12.21517365	-7.433161274
-12.21577147	-7.388587892
-12.24282301	-7.388587892
-12.22148912	-7.388587892
-12.20939851	-7.388587892
-12.24051347	-7.834319581
-12.25995681	-7.856606261
-12.23401405	-7.812032879
-12.20892843	-7.834319581
-12.20460953	-7.812032879
-12.03360116	-6.608557469
-12.02904467	-6.541697918
-11.98672306	-6.608557469
-12.03756494	-6.56398462
-12.03767735	-6.586270766
-9.931815577	0.188850494
-9.866922276	0.166563903
-9.907504061	0.211137085
-9.891825867	0.099704174
-9.898177749	0.166563903
-7.634667315	3.420405053
-7.653818126	3.420405053
-7.647715338	3.308972142
-7.66880333	3.353545524
-7.625373576	3.39811864
-7.519117997	3.174974136
-7.524833094	3.174974136
-7.5307596	3.197260839
-7.536297777	3.197260839
-7.548267673	3.219547252
-6.485758504	4.534455595
-6.45588518	4.467596067
-6.482853053	4.512169449
-6.490786359	4.534455595
-6.515737214	4.489882747
-5.591550887	5.448205654
-5.608953574	5.581925268
-5.601043262	5.492779037
-5.644233502	5.581925268
-5.651364599	5.537351885
-4.63226762	6.540248153
-4.60871999	6.696254469
-4.595320043	6.629394918
-4.584609666	6.651681087
-4.540968183	6.673967767
-3.65848552	7.81058367
-3.624088276	7.83287035
-3.633029452	7.766010288
-3.585313376	7.766010288
-3.607878364	7.788296968
-3.134948999	8.4346078
-3.137429075	8.412321631
-3.120626767	8.412321631
-3.149485834	8.390034951
-3.129708137	8.412321631
-3.112286928	7.743724119
-3.122654323	7.721437439
-3.093795256	7.743724119
-3.129372181	7.721437439
-3.13533701	7.676864057
-2.520330838	8.991772934
-2.474461087	8.902626169
-2.488062544	8.902626169
-2.494117749	8.991772934
-2.461563158	9.01405908
-1.83179437	10.15067445
-1.797896751	10.0838149
-1.813659573	10.15067445
-1.838478696	10.12838828
-1.839185738	10.15067445
-1.188979635	11.15357072
-1.198593283	11.08671119
-1.208013405	11.17585795
-1.18970025	11.17585795
-1.174244164	11.17585795
-0.062312201	13.47137589
-0.100275911	13.38222912
-0.112285147	13.33765681
-0.043611978	13.35994297
-0.045630722	13.35994297
0.554389054	14.60799123
0.559596543	14.60799123
0.609965783	14.5411317
0.577071842	14.60799123
0.589091237	14.56341892
1.141091749	15.87832675
1.140041165	15.90061396
1.179229864	15.87832675
1.196621374	15.83375337
1.250677116	15.85604058
1.572784979	16.59149764
1.585208033	16.68064441
1.520691566	16.68064441
1.538285224	16.70293056
1.536443849	16.70293056
2.008377639	17.68354068
2.020986236	17.59439391
2.068949489	17.63896729
2.045593949	17.63896729
2.050636174	17.63896729
3.009306608	19.93448525
2.970282933	19.95677139
3.009129049	19.93448525
3.006520275	19.97905756
3.002787706	19.91219908
3.871595461	22.14085748
3.842535203	22.05171072
3.843458126	22.09628303
3.871393312	22.07399689
3.838757925	22.09628303
3.818333863	21.20481967
3.841698505	21.11567505
3.813008693	21.18253351
3.833802244	21.20481967
3.827118238	21.18253351
4.70814562	24.36951586
4.712938752	24.32494143
4.682996448	24.34722972
4.71211387	24.32494143
4.653477923	24.32494143
5.500385897	26.59817426
5.480395832	26.59817426
5.460030212	26.62046043
5.459991889	26.55359984
5.508841021	26.57588812
6.296234834	29.04969851
6.289635136	29.07198466
6.280870242	28.91597943
6.233156721	28.91597943
6.211240334	28.87140498
6.923378561	31.01091662
6.894689388	31.07777721
6.927291243	31.07777721
6.909315642	30.98863047
6.931953122	31.01091662
7.682412132	33.39558238
7.687916458	33.41786855
7.6231394	33.46244087
7.577664526	33.35100793
7.609961721	33.41786855
8.269829294	35.4905217
8.306233336	35.6019525
8.343247977	35.4905217
8.390548897	35.44594725
8.358454809	35.44594725
8.999679977	37.51860041
9.03099485	37.65232162
9.029021902	37.63003334
9.034406152	37.63003334
9.027179888	37.63003334
9.572594155	39.99241294
9.560575718	40.03698525
9.582760998	39.94783637
9.584106741	39.94783637
9.662355919	39.97012466
10.1994543	42.19878306
10.24583166	42.10963841
10.22522908	42.24335537
10.23178279	42.24335537
10.27159749	42.24335537
10.86999265	44.58344669
10.81181976	44.60573497
10.78359939	44.60573497
10.74953364	44.58344669
10.74629926	44.60573497
10.92438571	42.97881348
10.89073383	43.00110176
10.86221838	42.97881348
10.86789771	42.91195289
10.85555801	42.86738057
10.9712868	41.63827564
10.95805419	41.70513624
10.92386836	41.66055967
10.90467028	41.68284796
10.8885533	41.68284796
10.94467852	40.90281751
10.98722239	40.96967811
10.97979557	40.90281751
10.99886591	40.94738983
10.9293548	40.92510579
10.9453632	40.81367288
10.94598913	40.83595691
10.9863116	40.83595691
10.98434057	40.81367288
11.00996142	40.8582452
10.93646099	40.81367288
10.97069025	40.83595691
10.97131746	40.8582452
10.9823325	40.81367288
10.96200136	40.81367288
11.28685492	44.84754203
11.22468632	44.84754203
11.18848602	44.80296972
11.18528741	44.89211434
11.17278292	44.84754203
11.49416961	46.8979069
11.45552309	46.8979069
11.45266554	46.8979069
11.47736666	46.8979069
11.50302328	46.92019518
11.99704958	48.88141543
12.01480803	48.90369946
12.04988549	48.83684311
12.01728619	48.83684311
12.01101797	48.94827602
12.60280896	51.22150674
12.636282	51.19921846
12.61737773	51.15464614
12.60629244	51.15464614
12.62856011	51.11007383
13.27167839	53.33873221
13.23651534	53.36101627
13.19981813	53.31644393
13.20228735	53.42787686
13.16617775	53.33873221
13.84502624	55.58967465
13.79911897	55.61196293
13.85842491	55.61196293
13.84070351	55.56739061
13.84444758	55.54510233
14.4804635	57.70690014
14.41658446	57.64004377
14.40528328	57.66232782
14.39956818	57.66232782
14.39646282	57.61775548
15.05938466	59.93555854
15.05307941	59.9801351
15.04387956	59.95784682
15.05366957	59.93555854
15.09706419	59.91327448
15.82736388	62.14193289
15.76049955	62.14193289
15.75466437	62.1196446
15.71127614	62.14193289
15.67323383	62.09736057
16.33174352	64.43745188
16.30562576	64.39287532
16.29992855	64.39287532
16.28812663	64.32601897
16.31672894	64.39287532
17.12310814	66.86668785
17.12626204	66.79982725
17.10580701	66.7775432
17.08220062	66.73296663
17.06540406	66.73296663
17.14453273	64.68260176
17.11849927	64.68260176
17.12286799	64.68260176
17.13303611	64.72717408
17.07377359	64.70489004
17.79115875	68.87248041
17.81156908	68.82790807
17.78946875	68.87248041
17.76985168	68.85019213
17.79824961	68.85019213
18.45695347	71.10113879
18.40322722	71.07885053
18.45480232	71.07885053
18.4301012	71.07885053
18.40554315	71.01199416
19.13881407	73.24064831
19.10634251	73.26293659
19.11428923	73.24064831
19.0903124	73.21836853
19.1447195	73.15150368
19.95488365	75.55845984
19.96677243	75.58073963
20.00540873	75.58073963
20.01255196	75.53617156
20.0400953	75.53617156
20.81159504	77.22995364
20.77114227	77.20766536
20.73284832	77.11852071
20.71557784	77.18537708
20.6914771	77.14080052
21.11393567	78.277418
21.17391736	78.277418
21.17744299	78.18827335
21.16417206	78.18827335
21.13997551	78.18827335
21.28696872	75.2018728
21.2774393	75.17958452
21.25438219	75.2018728
21.23527737	75.17958452
21.27199501	75.13500796
21.31864956	75.15729624
21.32423053	75.13500796
21.32973614	75.15729624
21.30222345	75.13500796
21.2784906	75.15729624
21.20303574	74.48869871
21.27624493	74.51098699
21.28619461	74.48869871
21.35491373	74.48869871
21.31252953	74.51098699
21.21255877	74.17668823
21.28014356	74.15439995
21.28379437	74.17668823
21.32776511	74.19897651
21.31519802	74.17668823
21.26443534	71.88590772
21.29617112	71.97505235
21.37052614	71.93047581
21.38962713	71.95276407
21.39361774	71.97505235
21.35033424	73.04480499
21.37578009	73.08938155
21.35590755	73.11166984
21.35267317	73.13395812
21.37304645	73.20081449
21.49753695	75.87520456
21.48216725	75.91978112
21.4321825	75.87520456
21.40715181	75.87520456
21.45133587	75.87520456
21.57455152	72.01962892
21.56985323	72.01962892
21.51167779	72.04190872
21.53603529	72.04190872
21.53679151	71.99734063
21.26077814	67.38401438
21.30684892	67.36173032
21.32158759	67.38401438
21.34054168	67.40630266
21.32570849	67.42858669
21.3178052	67.6068802
21.28239306	67.58459617
21.29780109	67.6068802
21.31778987	67.6068802
21.3356454	67.58459617
20.96788902	62.32496066
20.90669379	62.34724894
20.86171902	62.32496066
20.84933333	62.30267238
20.87024696	62.34724894
20.62821887	57.88993213
20.61287855	57.91221619
20.63391992	57.88993213
20.64544591	57.84535557
20.61561985	57.88993213
20.27851601	53.52175998
20.27785304	53.43261535
20.26865574	53.4994717
20.24080327	53.5663323
20.25165735	53.52175998
19.92840438	49.19816439
19.92387982	49.10901551
19.94337042	49.10901551
19.92904308	49.22044843
19.90183569	49.1313038
19.55249689	44.76313164
19.54560275	44.76313164
19.54817544	44.65169871
19.4807069	44.78541992
19.45432982	44.78541992
19.45496597	45.23115159
19.48361427	45.18657928
19.54220359	45.20886331
19.52830545	45.18657928
19.57808709	45.16429099
19.04861161	40.06066496
19.06293384	40.03837668
19.10263038	40.0160884
19.08972607	40.08294899
19.09884033	40.06066496
18.90628092	37.92115121
18.86103661	38.03258412
18.88898489	37.92115121
18.83731398	37.96572352
18.80530612	38.01029584
18.87172208	38.76553512
18.83820177	38.81010746
18.80732697	38.87696806
18.76570793	38.85467977
18.73253763	38.72096281
18.80165913	39.36727204
18.73870493	39.34498378
18.72668074	39.38956032
18.76687164	39.36727204
18.77661567	39.36727204
18.45686661	35.1328211
18.52684908	35.08824876
18.54096181	35.08824876
18.59716112	35.04367433
18.55132665	35.11053493
18.04708114	31.34410181
18.03918169	31.34410181
18.00918318	31.47782089
18.09831263	31.34410181
18.17311729	31.41096243
17.67839992	27.0873647
17.69008687	27.04279027
17.64783041	27.0873647
17.62637772	27.06507855
17.57252117	27.10965087
17.09526588	22.31803531
17.0637907	22.42946822
17.07412616	22.29574914
17.10822641	22.29574914
17.09995267	22.31803531
17.17236093	22.91977222
17.14509606	22.94206051
17.1192721	22.91977222
17.07150876	22.94206051
17.03732548	22.89748608
16.56300822	18.0612982
16.55392589	18.0612982
16.54964149	18.10587052
16.48714459	18.10587052
16.47706206	18.10587052
15.81301866	13.58169418
15.81890109	13.58169418
15.80899228	13.49254849
15.79672411	13.49254849
15.81965859	13.53712187
15.18511551	9.636969664
15.15011597	9.659255833
15.1447445	9.659255833
15.09261628	9.681541979
15.05482306	9.681541979
14.53774221	6.918006212
14.58284855	6.962579061
14.57188078	6.984865741
14.63728376	6.962579061
14.59909711	6.984865741
14.01078576	4.644774427
14.02166029	4.66706113
14.04624389	4.644774427
14.00575408	4.644774427
14.00932569	4.711633978
13.30028836	2.371542909
13.33338457	2.371542909
13.27088767	2.371542909
13.27995467	2.371542909
13.21270968	2.393829345
13.18689593	3.064376935
13.19688777	3.10895005
13.19616732	3.13123673
13.23413937	3.13123673
13.26979933	3.10895005
13.0698974	2.284346489
13.04527931	2.328919605
13.02419196	2.373492987
13.05452643	2.328919605
13.04713538	2.328919605
12.32806022	0.323127181
12.32848304	0.278553998
12.36431033	0.345413772
12.35850965	0.30084059
12.3798461	0.30084059
6.692037857	-6.51885392
6.667627343	-6.496567751
6.682640649	-6.51885392
6.646417998	-6.474281071
6.673520637	-6.496567751
6.656367044	-6.184555164
6.696016326	-6.184555164
6.673043527	-6.206841844
6.661573096	-6.184555164
6.692866891	-6.206841844
6.658598026	-6.050836084
6.680391144	-6.028549382
6.637644801	-6.07312223
6.604622681	-6.028549382
6.598069608	-6.028549382
6.376018811	-6.764006445
6.4118097	-6.764006445
6.385024495	-6.808579827
6.387500739	-6.786293147
6.356486695	-6.741719764
5.657695404	-7.56632357
5.687045632	-7.54403689
5.686691791	-7.610896952
5.690118422	-7.56632357
5.714820823	-7.56632357
4.512358848	-8.702939473
4.480392501	-8.680652771
4.491987798	-8.680652771
4.490019641	-8.702939473
4.523025794	-8.658366091
3.638672695	-9.794981439
3.633921398	-9.772695292
3.626022263	-9.772695292
3.677318258	-9.794981439
3.645898639	-9.794981439
3.679420543	-9.059524376
3.601363933	-9.014950993
3.632544678	-9.059524376
3.567428789	-9.014950993
3.569158072	-9.037238229
2.574139163	-11.1544637
2.586356396	-11.13217648
2.578239624	-11.10989032
2.574760939	-11.13217648
2.612278077	-11.1544637
1.946210633	-12.2687929
1.918702738	-12.29107907
1.932265873	-12.2687929
1.873007512	-12.29107907
1.842552331	-12.2687929
1.329666309	-13.16025626
1.316178221	-13.13796904
1.342098944	-13.16025626
1.328206798	-13.18254242
1.328549461	-13.18254242
0.741499552	-14.27458546
0.752525208	-14.31915884
0.723693845	-14.27458546
0.712150601	-14.29687163
0.684209028	-14.27458546
0.200918895	-15.32205511
0.214317425	-15.29976789
0.172408199	-15.34434128
0.183113148	-15.32205511
0.174592537	-15.34434128
0.120481916	-15.47806036
0.083906173	-15.50034757
0.122096153	-15.52263374
0.104381441	-15.56720712
0.092313744	-15.50034757
-0.869025233	-17.59528582
-0.845213021	-17.57299968
-0.824219478	-17.57299968
-0.831993188	-17.55071351
-0.840349233	-17.57299968
-0.868105024	-17.77357935
-0.903678515	-17.79586657
-0.881326055	-17.79586657
-0.893645401	-17.77357935
-0.879940553	-17.81815274
-1.827504535	-19.7570847
-1.798561479	-19.77937084
-1.773693814	-19.77937084
-1.791094266	-19.73479853
-1.783001125	-19.82394529
-2.652186193	-22.0526037
-2.612942486	-22.09717601
-2.625592279	-22.07488984
-2.620258806	-22.0526037
-2.627701749	-22.03031753
-2.67108344	-21.16114034
-2.677471089	-21.16114034
-2.695440942	-21.16114034
-2.689396276	-21.16114034
-2.708547726	-21.16114034
-2.657386976	-20.42568221
-2.697544185	-20.42568221
-2.660915958	-20.42568221
-2.664522543	-20.47025666
-2.640306034	-20.40339604
-3.122434291	-23.1669329
-3.117533219	-23.10007228
-3.129584868	-23.12235845
-3.135846054	-23.10007228
-3.193810727	-23.10007228
-3.436965802	-24.30354825
-3.47291988	-24.30354825
-3.489886653	-24.30354825
-3.519288616	-24.30354825
-3.53407199	-24.30354825
-4.137536195	-26.46534605
-4.155634428	-26.48763433
-4.111973464	-26.39848757
-4.134894528	-26.44305988
-4.123972102	-26.44305988
-4.844288256	-28.7831512
-4.805691234	-28.76086505
-4.887633382	-28.7831512
-4.851678027	-28.7831512
-4.923346349	-28.73857888
-5.478387118	-30.92266283
-5.464110872	-30.92266283
-5.478603637	-30.90037669
-5.489649971	-30.92266283
-5.467402099	-30.87809052
-6.153642276	-33.21818183
-6.114829692	-33.21818183
-6.160652659	-33.240468
-6.14193297	-33.19589566
-6.163487214	-33.17360952
-6.784807264	-35.40226792
-6.747557582	-35.37997964
-6.788986285	-35.3354073
-6.740433511	-35.3354073
-6.779005304	-35.29083499
-7.334601104	-37.69778478
-7.330232389	-37.69778478
-7.349599081	-37.6754965
-7.306875731	-37.69778478
-7.322269703	-37.65321247
-7.870470622	-39.68128906
-7.88991332	-39.70357734
-7.87008804	-39.70357734
-7.856196293	-39.68128906
-7.89665928	-39.61443271
-8.508246166	-41.99909634
-8.489285688	-42.06595694
-8.498404422	-42.04366866
-8.505796109	-42.04366866
-8.469818719	-41.97680806
-9.08012501	-44.33918765
-9.114784121	-44.31689937
-9.102566409	-44.29461534
-9.11411093	-44.31689937
-9.115382583	-44.27232706
-9.138611501	-41.88877911
-9.13386212	-41.91106314
-9.135030943	-41.91106314
-9.167743932	-41.93335142
-9.124108517	-41.91106314
-9.494265778	-45.52148891
-9.535643385	-45.49920487
-9.505733016	-45.49920487
-9.530572737	-45.5883495
-9.509619512	-45.56606547
-9.67885676	-46.56896174
-9.661761927	-46.54667346
-9.701298159	-46.52438517
-9.667692905	-46.52438517
-9.717832213	-46.56896174
-10.29853407	-48.95362539
-10.29438443	-48.93133711
-10.29047303	-48.95362539
-10.30611801	-48.86447651
-10.31005368	-48.90905307
-10.74093672	-50.82569673
-10.75795427	-50.8034127
-10.7417747	-50.82569673
-10.74333824	-50.8034127
-10.70646922	-50.75883613
-10.86007618	-51.24914439
-10.87183722	-51.24914439
-10.8693565	-51.22685611
-10.88254185	-51.27142842
-10.86590496	-51.27142842
-11.31884873	-53.09892745
-11.31280407	-53.09892745
-11.31536781	-53.07664341
-11.33092785	-53.0320711
-11.3158545	-53.00978282
-11.87678218	-55.37216241
-11.84786946	-55.30530182
-11.84695101	-55.2607295
-11.88376957	-55.32758585
-11.83301072	-55.2607295
-12.5243752	-57.73453776
-12.5093274	-57.7791101
-12.52572158	-57.73453776
-12.52896363	-57.71225373
-12.54660583	-57.71225373
-12.98700551	-59.80719094
-12.95021377	-59.80719094
-12.98945429	-59.7626186
-12.95396295	-59.78490266
-12.99646978	-59.78490266
-13.55890862	-62.0581376
-13.60314378	-62.03584932
-13.57155873	-62.03584932
-13.59143894	-62.01356104
-13.58348328	-62.03584932
-13.54339713	-60.23063432
-13.58674577	-60.23063432
-13.55095552	-60.23063432
-13.56756685	-60.16377797
-13.57553273	-60.20835029
-14.09354609	-64.06393016
-14.13936905	-64.08621421
-14.14121234	-64.08621421
-14.1770473	-64.06393016
-14.14260727	-64.06393016
-14.69590374	-66.44859381
-14.70212725	-66.44859381
-14.68381313	-66.44859381
-14.70302015	-66.42630553
-14.70490687	-66.40402149
-14.83038352	-64.55423416
-14.8158403	-64.59880648
-14.80540009	-64.53194588
-14.81168746	-64.57651819
-14.77182102	-64.59880648
-15.01837495	-66.67145965
-15.02778429	-66.67145965
-15.00246107	-66.64917137
-15.02749177	-66.64917137
-15.03599032	-66.60459903
-15.34930894	-68.45438636
-15.32384648	-68.49895868
-15.36039807	-68.45438636
-15.33800776	-68.4766704
-15.3318328	-68.45438636
-15.85423148	-70.83904999
-15.87888406	-70.86133827
-15.86229188	-70.83904999
-15.88413674	-70.83904999
-15.87084409	-70.7721894
-16.56929559	-72.91170315
-16.55187183	-72.88941487
-16.55796887	-72.86712658
-16.543349	-72.86712658
-16.543349	-72.86712658
-17.18452563	-75.00664036
-17.21699974	-74.98435208
-17.18754796	-75.00664036
-17.21088099	-74.93978399
-17.19475123	-74.93978399
-17.8468522	-77.21301048
-17.85637651	-77.23529876
-17.87317818	-77.23529876
-17.84589032	-77.1907222
-17.83806495	-77.23529876
-18.64504453	-79.5085337
-18.66508697	-79.48624542
-18.6502525	-79.5085337
-18.65089887	-79.44166886
-18.67113292	-79.48624542
-18.71959499	-77.4358763
-18.71069406	-77.4358763
-18.74681132	-77.4358763
-18.70279716	-77.4358763
-18.70692444	-77.39130823
-18.9521026	-79.99883346
-18.98520009	-79.99883346
-18.94048336	-79.93197711
-18.97840559	-79.95426539
-18.9531373	-79.90968883
-19.67355884	-81.91548139
-19.70565484	-81.91548139
-19.6868336	-81.91548139
-19.69326915	-81.8931931
-19.68820681	-81.82633673
-20.19227476	-82.85152131
-20.18358843	-82.82923302
-20.16767839	-82.80694474
-20.18447878	-82.80694474
-20.1796502	-82.78465646
-20.45745704	-83.98813029
-20.45934887	-83.96585051
-20.45308833	-83.98813029
-20.45716452	-83.96585051
-20.4527958	-83.96585051
-20.6022148	-81.06859459
-20.59671558	-81.04630631
-20.58915592	-81.04630631
-20.56407796	-81.06859459
-20.60389203	-81.06859459
-20.69492991	-78.54937404
-20.7001366	-78.54937404
-20.7047212	-78.52708576
-20.70445039	-78.57166232
-20.68155296	-78.59394213
-20.66685006	-78.4825092
-20.69300998	-78.50479748
-20.67167481	-78.50479748
-20.70604203	-78.46022941
-20.66790392	-78.46022941
-20.69502316	-78.192787
-20.68952778	-78.17049872
-20.68283036	-78.23736357
-20.68259149	-78.192787
-20.70837329	-78.23736357
-20.68894656	-75.74126276
-20.71335261	-75.7189745
-20.71465045	-75.74126276
-20.74695722	-75.7189745
-20.70814464	-75.7189745
-20.46473312	-70.83821428
-20.44406987	-70.83821428
-20.42155055	-70.83821428
-20.4320393	-70.88278662
-20.38437687	-70.86050256
-20.13870308	-66.55919101
-20.19927876	-66.51461869
-20.17217995	-66.53690273
-20.17268708	-66.53690273
-20.20074139	-66.53690273
-20.12636082	-66.82662917
-20.14424573	-66.8712015
-20.14502877	-66.89348979
-20.16790449	-66.80434089
-20.16175508	-66.84891745
-19.7718396	-62.21330714
-19.8226291	-62.19101886
-19.7862934	-62.21330714
-19.79810554	-62.19101886
-19.78871408	-62.25787945
-19.48391701	-58.11257314
-19.49169	-58.09028911
-19.51151528	-58.09028911
-19.48211332	-58.09028911
-19.49344004	-58.13486143
-19.21476584	-53.41010648
-19.21546586	-53.47696708
-19.21584142	-53.4546788
-19.23499606	-53.4546788
-19.21651844	-53.4546788
-18.63424665	-48.77449615
-18.62440555	-48.81906849
-18.63470652	-48.79678443
-18.6207113	-48.81906849
-18.65213028	-48.81906849
-18.64253316	-50.06711888
-18.61922696	-50.0448306
-18.63508974	-50.08940291
-18.60965155	-50.0448306
-18.60919935	-50.02254656
-18.08380389	-43.91602001
-18.11387266	-43.91602001
-18.09944951	-43.98288061
-18.089298	-43.9383083
-18.07551739	-43.9383083
-18.13096175	-44.25031877
-18.11787348	-44.31717937
-18.11658331	-44.29489108
-18.10090958	-44.31717937
-18.08696419	-44.31717937
-18.12482766	-44.6737664
-18.12242487	-44.69605044
-18.14146582	-44.6737664
-18.13307968	-44.74062275
-18.14163316	-44.6737664
-17.78515241	-40.12730072
-17.75923136	-40.149589
-17.75423928	-40.12730072
-17.7651138	-40.149589
-17.73117706	-40.149589
-17.74948606	-40.30559425
-17.73793963	-40.28330597
-17.7418753	-40.32788253
-17.71458616	-40.28330597
-17.72529335	-40.30559425
-17.77516184	-41.12908133
-17.78013222	-41.08450899
-17.77716098	-41.06222496
-17.7549559	-41.15136961
-17.78231657	-41.08450899
-17.26398898	-35.51286512
-17.24781324	-35.53515129
-17.25177574	-35.49057684
-17.21884815	-35.49057684
-17.23648651	-35.49057684
-16.81011015	-31.27841418
-16.80559964	-31.34527265
-16.81825103	-31.3229865
-16.8073829	-31.30070033
-16.81040267	-31.30070033
-16.26523303	-26.57594325
-16.25946556	-26.59823153
-16.26954937	-26.59823153
-16.2414478	-26.6205177
-16.24581652	-26.6205177
-15.68029275	-22.14091475
-15.65919646	-22.18548707
-15.64412439	-22.1632009
-15.64519996	-22.20777321
-15.6212244	-22.18548707
-15.68058655	-23.01008983
-15.65229465	-22.96551751
-15.65539108	-23.01008983
-15.64597918	-23.01008983
-15.65140175	-22.98780366
-15.07253424	-17.92874994
-15.10023726	-18.0178967
-15.10582334	-17.99560842
-15.12043937	-17.99560842
-15.08621777	-17.97332228
-14.6905476	-15.67780432
-14.69165255	-15.63323096
-14.65721251	-15.63323096
-14.71841157	-15.61094479
-14.66913706	-15.63323096
-14.3241938	-13.27085348
-14.29927552	-13.29313963
-14.32195835	-13.29313963
-14.28584108	-13.29313963
-14.32532558	-13.29313963
-14.25192733	-13.98402437
-14.25540442	-14.00631054
-14.27169769	-14.00631054
-14.25708165	-14.00631054
-14.26649099	-14.00631054
-13.89885596	-11.10905461
-13.93173501	-11.13134077
-13.91841299	-11.15362799
-13.91498316	-11.10905461
-13.89270655	-11.15362799
-13.50345404	-8.858109524
-13.50177682	-8.858109524
-13.51353786	-8.858109524
-13.50938758	-8.835822844
-13.53225818	-8.902682372
-13.04515157	-6.874603668
-13.05165355	-6.896890348
-13.05451365	-6.896890348
-13.06476097	-6.896890348
-13.04448477	-6.874603668
-13.09479652	-7.454054949
-13.07699465	-7.454054949
-13.09525256	-7.476341651
-13.07435043	-7.431768269
-13.06323448	-7.5209145
-12.90899329	-6.629451121
-12.89459186	-6.607164441
-12.926228	-6.584878273
-12.9159283	-6.607164441
-12.92512304	-6.629451121
-10.80681234	-0.054909003
-10.80681234	-0.054909003
-10.80681234	-0.054909003
-10.77808996	0.034237339
-10.81811352	-0.010335843
-10.59798457	0.234816593
-10.62696052	0.190243433
-10.59823239	0.190243433
-10.60932024	0.190243433
-10.6188586	0.257103161
-8.015616068	3.42179808
-7.996088423	3.3995114
-7.9694597	3.444084761
-8.009062357	3.42179808
-7.953531774	3.377224965
-7.934142089	2.998353093
-7.948135389	3.020639507
-7.906713073	2.976066391
-7.933930678	2.976066391
-7.91556994	2.953779711
-7.807874729	3.332651849
-7.807162577	3.3995114
-7.805698674	3.42179808
-7.787088843	3.444084761
-7.793503317	3.288078467
-7.844845299	1.99545667
-7.838140215	2.084603035
-7.841960925	2.151462852
-7.844994755	2.240609084
-7.815834221	2.106889603
-7.84080807	1.99545667
-7.861692316	2.106889603
-7.845849337	1.99545667
-7.876338369	1.950883554
-7.854127541	2.017743239
-7.903672856	1.772590848
-7.936180822	1.728017732
-7.925978212	1.750304279
-7.94005135	1.817164097
-7.921311862	1.772590848
-8.12754459	1.861737212
-8.091070291	1.772590848
-8.114697758	1.906310328
-8.071469834	1.884023759
-8.118982164	1.950883554
-7.348814118	3.956676001
-7.379598868	3.88981645
-7.358850027	3.934389565
-7.367801422	3.956676001
-7.342262323	3.956676001
-7.394391823	3.978962681
-7.378982522	4.001249361
-7.406659353	3.978962681
-7.373563144	3.978962681
-7.403591033	3.956676001
-7.312486081	4.001249361
-7.277418201	4.023535797
-7.301400147	4.001249361
-7.301400147	4.001249361
-7.289685093	4.023535797
-7.199584179	4.068108912
-7.217271088	4.090395592
-7.176735927	4.068108912
-7.204921803	4.045822477
-7.211554713	4.090395592
-7.190989818	4.201828526
-7.185572356	4.179541823
-7.18053045	4.179541823
-7.184011371	4.15725541
-7.201440883	4.134968708
-7.048289958	4.224115206
-7.067604916	4.224115206
-7.043036642	4.201828526
-7.040179094	4.201828526
-7.058493207	4.201828526
-6.891709209	4.023535797
-6.921203145	4.068108912
-6.887386481	4.045822477
-6.9107425	4.045822477
-6.908934976	4.068108912
-6.872910961	3.621263143
-6.865261239	3.576689761
-6.810164972	3.665836259
-6.755520906	3.643549557
-6.786516428	3.598976441
-6.295775608	3.04181184
-6.295644036	3.064098543
-6.281949008	3.01952516
-6.238438779	3.01952516
-6.28460345	3.086384956
-6.628931641	1.949769208
-6.622307673	1.994342457
-6.644692867	2.016629004
-6.620914666	1.972055755
-6.693363162	1.994342457
-6.654884619	2.417787444
-6.703897258	2.395501009
-6.705701588	2.46236056
-6.66442298	2.48464724
-6.645272807	2.48464724
-6.445533114	3.621263143
-6.470848668	3.598976441
-6.4336801	3.576689761
-6.436277697	3.532116645
-6.411255946	3.621263143
-6.117818175	4.601872464
-6.154032522	4.646445847
-6.134997955	4.624159144
-6.134006052	4.713305375
-6.069185563	4.557299615
-5.625354777	5.627055434
-5.61599142	5.649342114
-5.651188318	5.693915497
-5.638839033	5.649342114
-5.577262507	5.604768732
-4.633699268	6.852817547
-4.570612533	6.808244698
-4.585526202	6.785957996
-4.553941478	6.785957996
-4.561921728	6.830530867
-3.59728423	7.878000517
-3.578712401	7.833427134
-3.61101726	7.855713814
-3.593956598	7.811140966
-3.570115166	7.900287197
-3.214917879	8.301445504
-3.253174793	8.279158824
-3.273117275	8.256872655
-3.291511225	8.301445504
-3.314241637	8.323732184
-3.245030397	7.721994223
-3.277655245	7.655134672
-3.203858771	7.632847992
-3.229657822	7.677421374
-3.172782134	7.632847992
-2.465351773	8.992329718
-2.457875778	9.0369031
-2.467489346	8.970043549
-2.50851902	8.992329718
-2.553163743	8.970043549
-1.674885649	10.1512323
-1.650645029	10.12894507
-1.62840003	10.17351845
-1.655983451	10.10665892
-1.645993209	10.1512323
-0.879473104	11.19870195
-0.862920209	11.15412857
-0.910681633	11.17641474
-0.896228707	11.17641474
-0.910728417	11.19870195
-0.007617477	12.40217685
-0.034965139	12.37989068
0.004684536	12.37989068
-0.057812287	12.37989068
-0.043194337	12.37989068
0.547800933	13.36049976
0.593495999	13.36049976
0.586481744	13.33821359
0.576952644	13.31592742
0.572795699	13.29364021
1.365442828	14.71998202
1.340245114	14.71998202
1.331178594	14.71998202
1.292874176	14.71998202
1.29812853	14.69769478
1.984542913	15.76745167
2.0449396	15.81202398
2.025232639	15.8343112
2.029021733	15.78973784
1.99025801	15.76745167
2.497227585	16.9486404
2.523310059	16.92635318
2.523686892	16.90406702
2.509953383	16.88178087
2.511973116	16.88178087
3.011348854	17.84010375
3.058601872	17.81781761
3.036508565	17.77324423
3.067208049	17.79553144
3.040830016	17.79553144
3.579042609	18.97671912
3.592525588	18.95443296
3.621465131	18.93214681
3.618147079	18.90986064
3.600638688	18.93214681
4.068064685	20.06876216
4.098091617	20.09104833
4.149878454	20.06876216
4.13000623	20.09104833
4.167777731	20.02418984
4.620530211	21.11623076
4.641323442	21.13851904
4.638170495	21.11623076
4.684740422	21.18309136
4.66269342	21.11623076
5.14081766	22.11912703
5.184199192	22.18598765
5.141018532	22.18598765
5.097767295	22.14141531
5.045933833	22.18598765
5.172642535	21.31681044
5.091536128	21.29452427
5.114844564	21.31681044
5.179606292	21.27223812
5.184130531	21.36138489
5.634925712	23.61232944
5.585534324	23.61232944
5.643332934	23.61232944
5.656012427	23.56775499
5.68474056	23.56775499
6.012712257	24.57065128
6.036148114	24.52607896
6.052784359	24.52607896
6.074451014	24.52607896
6.12896734	24.57065128
6.888862519	26.6655906
6.918132909	26.64330443
6.930682746	26.6655906
6.891543147	26.6655906
6.877065072	26.59873212
7.83089032	28.91653515
7.819756484	28.93882343
7.820524202	28.89424898
7.802210728	28.89424898
7.86168529	28.89424898
8.73147856	31.23434031
8.693540997	31.30120091
8.66746986	31.23434031
8.594136125	31.27891474
8.569314926	31.25662646
9.402585994	33.30699347
9.384558019	33.41842638
9.361249264	33.39614023
9.377333033	33.41842638
9.440299374	33.35156578
10.13242901	35.66936882
10.12991381	35.66936882
10.12579483	35.71394538
10.1297024	35.6916571
10.21290981	35.66936882
10.92010641	38.00946013
10.92368314	37.9871761
10.85691205	37.94260378
10.86985086	37.94260378
10.84951845	37.94260378
11.60870148	40.01525269
11.52767842	40.03754097
11.50046082	40.03754097
11.44405841	40.01525269
11.5027282	39.99296865
12.32827865	42.71193106
12.31798024	42.73421934
12.33151176	42.68964278
12.27275765	42.66735872
12.27339635	42.68964278
12.89923138	44.40571312
12.943791	44.38342486
12.95853988	44.40571312
12.87954789	44.33885253
12.87686663	44.33885253
12.9990182	42.95708516
12.99636887	42.93479688
13.00578076	42.93479688
12.99894539	42.9125086
12.9947389	42.9125086
13.43126167	46.41150568
13.49510622	46.41150568
13.51593171	46.41150568
13.56801394	46.41150568
13.50970948	46.41150568
14.10237166	49.08589577
14.12178178	49.04131921
14.20968876	49.01903517
14.22391263	49.04131921
14.18884794	49.01903517
14.87829887	51.18083296
14.8354101	51.20312124
14.85607208	51.20312124
14.88273529	51.22540527
14.89856613	51.20312124
15.65597613	53.54321255
15.7022168	53.52092427
15.71443771	53.54321255
15.67941262	53.49863599
15.7015666	53.43177964
16.26088092	55.66043804
16.33114187	55.63814976
16.37990797	55.61586148
16.32538845	55.57128917
16.29175317	55.59357745
16.40664399	52.36202276
16.47430159	52.38430681
16.47093819	52.38430681
16.42368326	52.40659507
16.42982117	52.36202276
16.46018247	51.9608634
16.48475585	51.93857512
16.44426604	51.93857512
16.46229657	51.91629109
16.48963169	51.93857512
16.73920156	56.15074203
16.78448674	56.10616971
16.68906098	56.10616971
16.68519684	56.10616971
16.74063353	56.10616971
17.09934591	57.88909645
17.00119161	57.91138048
17.00397762	57.86680817
17.00677514	57.88909645
17.06834975	57.84451988
17.62572113	60.02860595
17.57856328	60.00632192
17.59183421	60.00632192
17.63942127	59.98403363
17.68411246	59.98403363
18.40641561	62.1681197
18.37969364	62.1681197
18.3440835	62.1681197
18.25328449	62.12354738
18.28830319	62.1681197
19.34629099	64.66421626
19.32820042	64.64192798
19.22434253	64.57507163
19.28667719	64.57507163
19.31559885	64.55278335
20.29543648	66.55857591
20.30084116	66.53628763
20.29462788	66.53628763
20.20496448	66.51400359
20.17656655	66.51400359
20.95506773	68.00720387
20.98418611	67.98491558
20.88259177	67.96263155
20.87692522	67.94034327
20.92395149	67.94034327
21.09604948	65.17680855
21.09227221	65.13223623
21.13657506	65.15452027
21.10566193	65.15452027
21.05863055	65.15452027
21.17551794	62.65730802
21.18396157	62.63502399
21.17300274	62.65730802
21.13730957	62.61273571
21.17309727	62.61273571
21.11259951	62.27843695
21.06085961	62.27843695
21.11192376	62.27843695
21.18807608	62.2561529
21.20914938	62.30072523
21.15761388	59.58176283
21.15928472	59.58176283
21.25118613	59.58176283
21.18297542	59.58176283
21.12711207	59.62633514
21.08195846	57.84340843
21.02278154	57.86569246
21.02342279	57.88798074
21.04365684	57.84340843
21.11421797	57.84340843
20.76002377	53.51980859
20.74712967	53.49752456
20.78538786	53.51980859
20.79731241	53.51980859
20.78202063	53.51980859
20.42093995	49.46365116
20.45264251	49.48593944
20.51102745	49.44136713
20.48028166	49.44136713
20.45656286	49.46365116
19.94602231	44.62746329
20.01753766	44.64975157
20.07171228	44.69432388
20.06621051	44.6720356
20.07747464	44.6720356
20.12024206	45.05090669
20.07340867	45.02862264
20.02364364	45.05090669
19.9580746	45.07319497
20.00902378	45.05090669
19.73108153	40.25929113
19.66026619	40.21471882
19.61138385	40.21471882
19.59890619	40.2370071
19.66303432	40.25929113
19.26133992	35.62368505
19.21139734	35.6459691
19.26057604	35.66825738
19.27989163	35.66825738
19.23403162	35.66825738
18.86962586	31.45609259
18.82186508	31.47837874
18.82846158	31.45609259
18.74723797	31.41151814
18.72531392	31.45609259
18.31446055	26.79819611
18.3149549	26.79819611
18.31021191	26.82048226
18.22163174	26.84276843
18.19875219	26.86505671
18.20331891	27.86795297
18.30303163	27.82337855
18.27504886	27.86795297
18.30936371	27.93481146
18.22449185	27.86795297
17.72028465	22.49688455
17.72901697	22.4077399
17.73782721	22.54145898
17.66925244	22.47459839
17.66273514	22.54145898
17.71614842	23.05404915
17.69607405	23.00947684
17.67045575	23.05404915
17.62375649	23.05404915
17.59456785	23.03176299
17.10353068	18.24014743
17.08513609	18.19557511
17.13940268	18.19557511
17.15170789	18.17328896
17.15767336	18.21786128
16.33065007	13.69368495
16.35524644	13.82740403
16.43101427	13.82740403
16.40678323	13.76054447
16.41615169	13.87197741
15.53345028	9.325513838
15.54537866	9.325513838
15.58451825	9.325513838
15.57468354	9.370087221
15.54454068	9.325513838
14.97913188	6.717983831
14.96421949	6.695697151
15.02019908	6.762557214
15.01616121	6.762557214
15.05106111	6.784843382
14.49829731	4.645331745
14.48820967	4.645331745
14.4883323	4.756764656
14.44230495	4.667617914
14.4633131	4.667617914
13.61007752	2.461246191
13.62804929	2.461246191
13.66790934	2.438959778
13.65240679	2.461246191
13.61452798	2.416673076
13.6297444	2.795544947
13.6189644	2.728685418
13.60996766	2.773258534
13.66410268	2.750971832
13.66052595	2.773258534
13.49664166	3.128729624
13.53343339	3.128729624
13.57013954	3.084156241
13.62810166	3.084156241
13.61519862	3.151016037
13.50561413	2.43784541
13.47676784	2.415558729
13.42284487	2.415558729
13.45359066	2.415558729
13.49332169	2.370985614
12.42238103	0.276046758
12.39407508	0.231473598
12.45598565	0.276046758
12.50066406	0.276046758
12.51469121	0.320619941
5.488381511	-6.476788178
5.526976936	-6.454501498
5.487327016	-6.454501498
5.518239507	-6.454501498
5.533694794	-6.454501498
5.482493965	-6.164776102
5.502153821	-6.164776102
5.482783935	-6.142489422
5.489451974	-6.120202719
5.519120914	-6.164776102
5.465892848	-5.629898204
5.447123341	-5.65218435
5.507030942	-5.696757732
5.492526681	-5.674471052
5.512134802	-5.65218435
3.830623429	-7.880842752
3.819268283	-7.836269904
3.862589776	-7.903129455
3.852745797	-7.858556606
3.830407229	-7.858556606
3.100078478	-8.549440286
3.099038672	-8.616300349
3.153255447	-8.594013647
3.113148217	-8.616300349
3.110418089	-8.594013647
2.094820872	-9.708342848
2.075071757	-9.663769465
2.070410837	-9.686056702
2.098084475	-9.663769465
2.103912941	-9.641483319
1.168241173	-10.8895316
1.195787629	-10.8895316
1.205820425	-10.86724543
1.205438561	-10.84495822
1.161471581	-10.86724543
0.434950526	-11.9147151
0.439574721	-11.95928742
0.492496011	-11.95928742
0.474638729	-11.93700125
0.485292621	-11.89242787
-0.328639519	-13.07361662
-0.319012239	-13.09590383
-0.293359311	-13.07361662
-0.265140043	-13.07361662
-0.263245396	-13.09590383
-0.950181459	-14.12108627
-0.905975444	-14.05422674
-0.921265867	-14.05422674
-0.889653679	-14.14337348
-0.927005952	-14.12108627
-1.571912354	-15.32456224
-1.569105582	-15.302275
-1.570668963	-15.27998885
-1.585018658	-15.32456224
-1.594519496	-15.27998885
-2.098346502	-16.3274585
-2.150138927	-16.30517129
-2.11761212	-16.34974467
-2.171207438	-16.34974467
-2.174775861	-16.3274585
-2.694916569	-17.597794
-2.688236714	-17.57550678
-2.698611454	-17.597794
-2.716583862	-17.597794
-2.6818612	-17.57550678
-3.143891452	-18.68983705
-3.155755323	-18.6452626
-3.167225435	-18.62297644
-3.200942782	-18.6452626
-3.201727745	-18.66754877
-3.737037762	-19.84873857
-3.734903542	-19.8264524
-3.739272577	-19.8264524
-3.745151819	-19.8264524
-3.741622358	-19.8264524
-4.582313216	-21.87681727
-4.599330447	-21.85453113
-4.573118476	-21.85453113
-4.598278187	-21.87681727
-4.583419446	-21.83224496
-4.698153462	-20.82934869
-4.696806761	-20.82934869
-4.678596118	-20.78477424
-4.686227318	-20.82934869
-4.642717727	-20.82934869
-4.898792766	-22.45626804
-4.880747865	-22.41169573
-4.877509651	-22.43398187
-4.887248884	-22.43398187
-4.917247713	-22.38940956
-5.603348972	-24.26148304
-5.541285117	-24.21690861
-5.545893983	-24.26148304
-5.524153878	-24.21690861
-5.56256919	-24.23919476
-6.237844787	-26.28956176
-6.298448572	-26.31184791
-6.315694777	-26.33413408
-6.340157026	-26.28956176
-6.307008443	-26.31184791
-6.338330341	-24.72950087
-6.380216354	-24.70721473
-6.371374177	-24.75178704
-6.404141456	-24.75178704
-6.352896556	-24.75178704
-6.625010017	-26.95815928
-6.647109711	-26.91358483
-6.642358414	-26.93587311
-6.610152554	-26.91358483
-6.628681909	-26.89129868
-6.998224101	-28.67422539
-7.01859547	-28.65193922
-7.008475253	-28.67422539
-7.028462762	-28.67422539
-7.035854449	-28.67422539
-7.776825556	-30.88059763
-7.781738444	-30.85831148
-7.745723371	-30.81373703
-7.738660615	-30.81373703
-7.724386925	-30.81373703
-8.579796648	-33.44355478
-8.609437485	-33.4881271
-8.627485899	-33.37669419
-8.614330574	-33.39898247
-8.661370265	-33.39898247
-9.174804133	-35.20419535
-9.154715708	-35.09276242
-9.165037756	-35.13733475
-9.130141048	-35.11504859
-9.138496535	-35.13733475
-9.868570125	-37.72258019
-9.859782237	-37.74486423
-9.897514777	-37.70029191
-9.869334011	-37.67800363
-9.880930267	-37.67800363
-10.52909939	-39.92895029
-10.55178222	-39.92895029
-10.55216289	-39.90666201
-10.57303883	-39.88437798
-10.56195481	-39.88437798
-11.1276868	-42.11303638
-11.14672392	-42.0907481
-11.13764415	-42.0907481
-11.20564026	-42.11303638
-11.20421851	-42.06846407
-11.74743756	-44.23026185
-11.7825559	-44.23026185
-11.75941448	-44.20797357
-11.78142284	-44.20797357
-11.75847303	-44.25254591
-11.89792957	-42.84849449
-11.91103572	-42.84849449
-11.8616488	-42.84849449
-11.86215593	-42.84849449
-11.81941022	-42.80391793
-12.44368937	-46.54806488
-12.46675159	-46.52578085
-12.47732976	-46.52578085
-12.48606719	-46.52578085
-12.53092571	-46.52578085
-13.02967201	-48.50928512
-13.02060757	-48.50928512
-13.01690949	-48.50928512
-13.01926119	-48.50928512
-13.0364959	-48.46471281
-13.64029574	-50.96080937
-13.62114365	-50.96080937
-13.62165461	-50.96080937
-13.60042547	-50.98309765
-13.64164212	-50.96080937
-14.25377701	-53.25632837
-14.2984682	-53.25632837
-14.27940936	-53.21175606
-14.28361074	-53.21175606
-14.30797079	-53.21175606
-14.85927963	-55.28440496
-14.86370455	-55.26212093
-14.88402419	-55.26212093
-14.92130006	-55.19526033
-14.93211582	-55.23983265
-15.53228273	-57.40163043
-15.50581113	-57.44620699
-15.49427363	-57.42391871
-15.48339911	-57.40163043
-15.48234525	-57.42391871
-16.16453159	-59.56343248
-16.15535985	-59.6080048
-16.12298537	-59.58571652
-16.15776009	-59.58571652
-16.13882643	-59.56343248
-16.75290298	-61.97038015
-16.72266048	-61.97038015
-16.77121326	-61.97038015
-16.73194847	-61.94809611
-16.7446484	-61.9035238
-17.43342359	-64.17675452
-17.40731093	-64.1321822
-17.39085033	-64.1321822
-17.38071414	-64.15446623
-17.38794169	-64.15446623
-18.23705509	-66.60599046
-18.25361661	-66.56141814
-18.25013825	-66.53912986
-18.27937415	-66.53912986
-18.25208117	-66.49455755
-18.34953162	-64.55562559
-18.32797802	-64.57791387
-18.32972934	-64.62248618
-18.31907708	-64.57791387
-18.30143743	-64.57791387
-18.53690734	-66.87342862
-18.5323253	-66.8957169
-18.53685752	-66.8957169
-18.55644393	-66.85114458
-18.60297585	-66.85114458
-18.98092079	-68.72321595
-19.00247695	-68.70093192
-18.96266161	-68.70093192
-18.98303362	-68.67864363
-18.99311487	-68.67864363
-19.23034249	-69.54781871
-19.19875489	-69.54781871
-19.23554662	-69.54781871
-19.21715586	-69.5032464
-19.25580494	-69.5032464
-19.3652272	-67.54202615
-19.37232955	-67.5197421
-19.39892251	-67.49745384
-19.40262059	-67.49745384
-19.42004435	-67.5197421
-19.93613394	-70.57300326
-19.94895267	-70.55071498
-19.92857683	-70.57300326
-19.91367338	-70.55071498
-19.92123943	-70.55071498
-20.49191752	-72.53421925
-20.49352321	-72.48965119
-20.50802811	-72.46736291
-20.50447438	-72.40050654
-20.52710356	-72.42278634
-20.66530568	-70.12727159
-20.6565657	-70.12727159
-20.70036909	-70.14955987
-20.66323246	-70.14955987
-20.67571779	-70.12727159
-20.80462298	-67.89527037
-20.83779711	-67.93984269
-20.78115327	-67.87298209
-20.79930388	-67.87298209
-20.75965332	-67.87298209
-20.79613592	-67.62783221
-20.83146631	-67.60554393
-20.78895948	-67.60554393
-20.82515339	-67.65011625
-20.80441732	-67.60554393
-20.73373356	-63.74996404
-20.72710001	-63.70539173
-20.73869371	-63.70539173
-20.72345813	-63.68310769
-20.71698043	-63.72768001
-20.52361242	-60.7635635
-20.55455109	-60.67441887
-20.55339505	-60.74127522
-20.60456522	-60.6967029
-20.57298145	-60.6967029
-20.3300183	-57.21999833
-20.29120572	-57.21999833
-20.29865297	-57.19771005
-20.29663212	-57.19771005
-20.3014607	-57.21999833
-20.01149683	-52.89639852
-20.02981094	-52.89639852
-20.00432038	-52.87411446
-19.98932113	-52.89639852
-19.99037498	-52.87411446
-19.60231685	-48.70651987
-19.58710044	-48.75109643
-19.62977333	-48.75109643
-19.59837862	-48.81795278
-19.63061258	-48.75109643
-19.24728211	-44.27149135
-19.26659899	-44.27149135
-19.24005585	-44.27149135
-19.2120552	-44.24920307
-19.21431364	-44.29377963
-19.16971443	-44.71722304
-19.20224603	-44.73951132
-19.2129315	-44.69493476
-19.20851041	-44.71722304
-19.2549312	-44.69493476
-18.83217116	-39.65816932
-18.79017273	-39.65816932
-18.80098083	-39.63588104
-18.77854071	-39.68045335
-18.79097239	-39.68045335
-18.29012859	-35.17856637
-18.27416873	-35.17856637
-18.2515651	-35.22313868
-18.27505653	-35.15627808
-18.29507214	-35.22313868
-17.82476337	-31.12240682
-17.85993919	-31.16698125
-17.82139613	-31.12240682
-17.85557047	-31.16698125
-17.82067057	-31.14469297
-17.82872587	-32.08073078
-17.81960649	-32.10301692
-17.85416533	-32.12530309
-17.83679011	-32.08073078
-17.83964893	-32.08073078
-17.79750233	-32.45960185
-17.72861459	-32.45960185
-17.75628567	-32.48188802
-17.75107898	-32.48188802
-17.78199211	-32.48188802
-17.57349711	-30.1417967
-17.56648545	-30.11951053
-17.58266758	-30.09722436
-17.60827182	-30.1417967
-17.62243055	-30.11951053
-17.22185259	-26.30850509
-17.20706922	-26.30850509
-17.17419017	-26.28621895
-17.21254289	-26.26393278
-17.19765988	-26.30850509
-16.66335837	-22.14091475
-16.64936443	-22.1632009
-16.67099085	-22.18548707
-16.63004883	-22.1632009
-16.66756358	-22.14091475
-16.61582624	-22.98780366
-16.60641306	-22.98780366
-16.64450264	-23.01008983
-16.64459333	-22.96551751
-16.67272045	-23.01008983
-16.05435056	-17.66131073
-16.01556352	-17.72817026
-16.00957378	-17.70588305
-16.00431089	-17.72817026
-15.99540995	-17.72817026
-15.1928323	-13.20399393
-15.21950062	-13.2262801
-15.2293826	-13.15942055
-15.24777464	-13.20399393
-15.22088532	-13.20399393
-14.40613403	-9.125548217
-14.39512155	-9.170121599
-14.36269981	-9.170121599
-14.42104387	-9.147835431
-14.40945017	-9.147835431
-13.8740782	-6.562591593
-13.86730924	-6.584878273
-13.86617874	-6.562591593
-13.84354701	-6.540304912
-13.82794993	-6.607164441
-13.8157929	-7.097469491
-13.81994701	-7.119756193
-13.84538391	-7.164329042
-13.85512666	-7.164329042
-13.85841597	-7.119756193
-13.66800898	-6.473445361
-13.70396273	-6.473445361
-13.70820626	-6.451158681
-13.75548675	-6.49573153
-13.73801061	-6.49573153
-12.22446164	-2.617866273
-12.22446164	-2.617866273
-12.24185857	-2.662439388
-12.22446164	-2.617866273
-12.23316074	-2.640152708
-11.08495131	0.301676322
-11.09214181	0.368536095
-11.15333192	0.301676322
-11.15765082	0.279389775
-11.17239842	0.346249504
-9.059802182	2.418901813
-9.054430068	2.418901813
-9.026494562	2.39661511
-9.065763817	2.374328697
-9.042622402	2.39661511
-7.812194264	3.466371196
-7.792913157	3.488657876
-7.836342911	3.444084761
-7.837547501	3.377224965
-7.824536522	3.42179808
-7.808093164	3.176645556
-7.795189488	3.109786005
-7.853624883	3.176645556
-7.831435132	3.176645556
-7.884651701	3.15435912
-7.744962039	2.973001967
-7.815359027	2.973001967
-7.803707843	2.861569055
-7.814224056	2.995288669
-7.78305353	2.950715553
-7.579085636	3.574739683
-7.593789811	3.530166567
-7.550231678	3.507880154
-7.588157745	3.485593452
-7.557575463	3.485593452
-7.607438852	3.463306772
-7.59621432	3.307300745
-7.560675079	3.262727629
-7.554003847	3.285014309
-7.554130948	3.35187386
-7.544909383	3.441020336
-7.535451498	3.418733656
-7.565278197	3.463306772
-7.561956952	3.485593452
-7.616637424	3.441020336
-7.669558913	3.441020336
-7.621470474	3.418733656
-7.593837075	3.463306772
-7.562503041	3.418733656
-7.555156702	3.441020336
-7.538464889	3.329587425
-7.586224397	3.35187386
-7.526077283	3.35187386
-7.589081945	3.35187386
-7.575883828	3.307300745
-7.66665921	1.925532583
-7.669813116	1.903246014
-7.645159256	1.925532583
-7.69433668	1.903246014
-7.673237192	1.858672765
-7.764886956	1.747239854
-7.787654093	1.702666739
-7.709192866	1.702666739
-7.750024384	1.702666739
-7.751439745	1.65809349
-7.742711257	1.747239854
-7.767744505	1.747239854
-7.751403339	1.724953308
-7.731710271	1.702666739
-7.742038705	1.747239854
-7.766030231	1.814099672
-7.764816699	1.791813103
-7.787413303	1.836386219
-7.813237263	1.814099672
-7.818905734	1.791813103
-7.796576108	1.880959334
-7.81975329	1.880959334
-7.809550042	1.903246014
-7.851080298	1.836386219
-7.855033857	1.880959334
-7.772096614	1.992392246
-7.771342946	1.94781913
-7.779109551	1.970105699
-7.794566754	1.970105699
-7.802075962	1.94781913
-7.797421109	2.059252064
-7.842949634	2.059252064
-7.824176934	2.08153861
-7.834259468	2.08153861
-7.803677824	2.08153861
-7.825569941	2.103825179
-7.832123013	2.103825179
-7.845558728	2.103825179
-7.841235999	2.126111859
-7.828968469	2.126111859
-7.746316086	2.126111859
-7.781432506	2.126111859
-7.732370687	2.126111859
-7.73485268	2.103825179
-7.753707772	2.126111859
-7.76921224	2.148398428
-7.783202986	2.170684975
-7.758797581	2.148398428
-7.827717253	2.170684975
-7.832877958	2.148398428
-7.816937258	2.237544659
-7.810333728	2.21525809
-7.801682522	2.170684975
-7.781395462	2.192971544
-7.784677746	2.237544659
-7.794202695	2.460410482
-7.794368118	2.460410482
-7.801757889	2.460410482
-7.790210175	2.482697184
-7.796291886	2.415837366
-7.704744952	2.750136144
-7.710576292	2.727849709
-7.749765071	2.750136144
-7.756813137	2.750136144
-7.796758137	2.727849709
-7.685451072	2.83928262
-7.675116889	2.883855736
-7.697538489	2.83928262
-7.726219358	2.81699594
-7.780652652	2.81699594
-7.639092235	2.928428851
-7.646777725	2.906142171
-7.624011866	2.950715553
-7.667489522	2.928428851
-7.665172953	2.950715553
-7.664265998	2.995288669
-7.632891726	3.017575082
-7.638654087	3.039861785
-7.630080164	3.039861785
-7.640754136	3.0844349
-7.633244289	3.10672158
-7.65483877	3.151294696
-7.614055155	3.173581398
-7.634637935	3.129008016
-7.595613941	3.10672158
-7.552408371	3.329587425
-7.554924215	3.329587425
-7.590876695	3.329587425
-7.579954269	3.329587425
-7.641482893	3.35187386
-7.527647849	3.463306772
-7.528200964	3.485593452
-7.509627538	3.441020336
-7.50514258	3.463306772
-7.491363244	3.463306772
-7.498351911	3.507880154
-7.528261002	3.507880154
-7.510786142	3.507880154
-7.509062927	3.485593452
-7.529098978	3.507880154
-7.452976674	3.574739683
-7.425972395	3.597026385
-7.441004223	3.55245327
-7.45225558	3.55245327
-7.479816807	3.55245327
-7.413777676	3.619313065
-7.438052147	3.663886181
-7.46119484	3.641599501
-7.43654098	3.663886181
-7.456364344	3.663886181
-7.326614148	3.708459296
-7.350219899	3.663886181
-7.359037166	3.708459296
-7.372605092	3.686172616
-7.336024768	3.708459296
-6.7807381	3.409261991
-6.805059196	3.47612152
-6.868724914	3.47612152
-6.883803368	3.453835107
-6.79635945	3.409261991
-6.809465595	3.409261991
-6.813585855	3.453835107
-6.814211782	3.431548404
-6.788341197	3.431548404
-6.7626833	3.453835107
-6.801096057	3.342402173
-6.864275723	3.431548404
-6.775650208	3.386975289
-6.768177406	3.342402173
-6.78673678	3.386975289
-6.804377064	3.386975289
-6.783432141	3.409261991
-6.750922898	3.453835107
-6.816231993	3.431548404
-6.756591369	3.431548404
-6.823457618	3.431548404
-6.775993829	3.386975289
-6.800610005	3.431548404
-6.777466035	3.453835107
-6.761680539	3.453835107
-4.658094454	5.927646034
-4.723200123	5.972218882
-4.749484586	5.927646034
-4.73432374	5.905359331
-4.691440076	5.883072651
-4.784233434	4.23386553
-4.823068692	4.167005734
-4.81772021	4.100145938
-4.800707131	4.077859503
-4.826316806	4.03328612
-5.401971011	2.918956919
-5.417686889	2.807524008
-5.55883215	2.673804661
-5.633928061	2.517798635
-5.656904053	2.428652137
-6.438347727	1.604048576
-6.46916569	1.55947546
-6.422373815	1.514902211
-6.417402166	1.470329096
-6.470568917	1.514902211
-6.595088152	1.314322935
-6.577071673	1.292036366
-6.59785245	1.26974982
-6.594923367	1.314322935
-6.576185795	1.26974982
-6.691708926	1.247463251
-6.626236962	1.26974982
-6.611750584	1.247463251
-6.640642863	1.247463251
-6.627418559	1.26974982
-6.585066294	1.180603455
-6.663903716	1.202890002
-6.673857233	1.225176704
-6.613425258	1.247463251
-6.62631169	1.13603034
-6.612918768	1.247463251
-6.61670882	1.292036366
-6.660171786	1.26974982
-6.730898343	1.26974982
-6.647620033	1.292036366
-6.747452196	1.158316886
-6.712937432	1.202890002
-6.680090955	1.158316886
-6.730069948	1.202890002
-6.659141561	1.26974982
-6.467370302	2.450938817
-6.483924794	2.495511932
-6.446411328	2.473225252
-6.427768284	2.473225252
-6.445489682	2.517798635
-5.849061088	3.47612152
-5.851529667	3.453835107
-5.876278693	3.47612152
-5.834030537	3.520694902
-5.897873813	3.520694902
-5.079347158	4.857889681
-5.058942895	4.902463064
-5.071245874	4.924749744
-5.140450088	4.835603513
-5.100339983	4.857889681
-4.42464923	5.905359331
-4.448451382	5.883072651
-4.539215587	5.905359331
-4.481300733	5.927646034
-4.449929655	5.860785949
-3.688936868	6.81910939
-3.6539616	6.885968919
-3.714476926	6.81910939
-3.773608185	6.81910939
-3.738209459	6.84139607
-3.697231359	6.083651794
-3.640651391	6.016792265
-3.651629703	6.128225176
-3.658762397	6.083651794
-3.680818659	6.105938496
-3.285076313	6.908255621
-3.312835217	6.930542302
-3.378142077	6.908255621
-3.313389929	6.952829004
-3.303131113	6.863682239
-2.402507265	7.866578507
-2.305190786	7.84429236
-2.407667331	7.84429236
-2.438909711	7.84429236
-2.402295376	7.84429236
-1.855225756	8.46831649
-1.843207	8.423743107
-1.907178496	8.490603192
-1.930096685	8.44602981
-1.886552285	8.423743107
-1.392428425	8.980907708
-1.448160199	8.958621562
-1.422290252	8.958621562
-1.401462212	8.958621562
-1.364882048	8.980907708
-0.428441883	10.13981029
-0.467122814	10.16209646
-0.525241454	10.07295074
-0.421050635	10.13981029
-0.410754575	10.11752412
0.513358621	11.23185332
0.505553375	11.18727994
0.51345251	11.18727994
0.520797412	11.20956611
0.499212152	11.16499273
1.392217653	12.39075484
1.422410009	12.41304208
1.411628416	12.34618253
1.328929328	12.36846869
1.349296146	12.34618253
2.214317682	13.46051173
2.198070884	13.43822451
2.246067988	13.46051173
2.291975103	13.43822451
2.202934752	13.43822451
2.257265056	12.6359079
2.321273277	12.6359079
2.33294985	12.59133454
2.266510413	12.6359079
2.207413643	12.61362068
3.089802417	14.64170046
3.039749653	14.55255371
3.069022918	14.61941324
3.092826028	14.64170046
3.05586919	14.64170046
3.747029281	15.68917013
3.826869464	15.66688289
3.766345835	15.68917013
3.784245112	15.64459675
3.83069688	15.68917013
3.842318364	14.81999292
3.849544627	14.81999292
3.796623138	14.81999292
3.842435246	14.84227909
3.820888348	14.8645663
5.165057641	17.82868177
5.135067435	17.87325408
5.209653982	17.87325408
5.224235526	17.8063956
5.223776939	17.87325408
5.963073052	19.29959587
5.930354315	19.27730972
5.919266465	19.27730972
6.005071477	19.29959587
5.933931679	19.25502355
6.449836681	20.10191248
6.511411292	20.05734017
6.505201841	20.05734017
6.487763387	20.12420077
6.513548386	20.07962632
7.069316635	21.1493832
7.00807351	21.19395552
7.060028006	21.17166935
7.090725893	21.19395552
7.049400021	21.19395552
7.596765519	22.35285917
7.62612916	22.28599855
7.585984246	22.28599855
7.667171448	22.2637124
7.664527226	22.24142623
7.698173357	21.10480875
7.73610134	21.12709703
7.736641681	21.10480875
7.691705871	21.1493832
7.609548481	21.1493832
8.1561271	23.556333
8.171122522	23.53404683
8.21569555	23.51176068
8.099440468	23.51176068
8.142111444	23.51176068
8.762521985	24.84895571
8.697933983	24.80438339
8.695206729	24.82666956
8.750348343	24.80438339
8.800966677	24.78209511
9.183543479	25.69584675
9.255240862	25.71813292
9.233819469	25.67355847
9.160577706	25.67355847
9.114117955	25.71813292
9.598431527	26.83246212
9.643822093	26.89932058
9.701487215	26.87703443
9.682266146	26.83246212
9.666091681	26.85474826
10.4839758	28.94968759
10.56174979	28.94968759
10.57653316	28.94968759
10.54717974	28.92740142
10.59451579	28.94968759
10.91841513	29.97487002
10.93631536	29.93029771
11.00418373	29.93029771
11.01342829	29.93029771
10.87386318	29.90800943
11.01959559	29.01654607
10.95722644	29.03883435
11.02412781	29.01654607
11.01513107	29.0611205
11.00879132	29.03883435
11.03030277	28.52624207
10.98763116	28.52624207
11.09061531	28.52624207
11.05666707	28.52624207
11.04390455	28.52624207
10.95571399	28.4370953
11.02008739	28.5039559
11.07785023	28.4370953
11.01678275	28.48166975
11.08843095	28.52624207
11.42927886	31.33435122
11.42714049	31.31206507
11.38594683	31.33435122
11.35074674	31.2897789
11.40550641	31.2897789
12.21757772	33.54072347
12.20365659	33.60758407
12.20731635	33.54072347
12.13885909	33.58529579
12.13172736	33.54072347
12.62092891	34.56590591
12.56154632	34.52133357
12.55080465	34.52133357
12.63278192	34.52133357
12.67793553	34.54361974
13.15666877	35.9922477
13.08539996	36.01453598
13.17695519	36.01453598
13.22983069	36.03682001
13.19607535	36.03682001
13.82405769	37.77517441
13.7651273	37.84203503
13.81766812	37.77517441
13.84551038	37.79746269
13.82720904	37.79746269
14.17113932	38.97864826
14.22640867	38.97864826
14.19764797	39.00093654
14.17181123	38.97864826
14.22813444	38.95636421
14.34944165	37.32944274
14.3217629	37.30715446
14.21634913	37.35173102
14.24661845	37.32944274
14.280057	37.24029809
14.63877705	40.36041985
14.66830419	40.29355925
14.64080684	40.27127097
14.62808647	40.24898694
14.66251118	40.33813157
14.67709017	39.3352353
14.7310604	39.31294702
14.69174069	39.31294702
14.59258363	39.3352353
14.67746828	39.31294702
15.02381923	41.5638937
15.03781317	41.54160542
15.03478956	41.54160542
15.11996545	41.54160542
14.99316542	41.51932137
15.32507279	42.43306878
15.29051012	42.41078472
15.22365601	42.41078472
15.27947209	42.38849644
15.33063588	42.34392413
16.05271932	44.57258253
15.97879095	44.57258253
15.91684845	44.55029425
15.99497052	44.55029425
16.05284833	44.50572193
16.85216989	46.82352921
16.84957165	46.86810153
16.87074076	46.77895265
16.89186516	46.80124093
16.7399514	46.82352921
17.16603268	48.00471476
17.25880273	47.98243073
17.29756932	48.00471476
17.1962739	47.91557013
17.23305413	48.00471476
17.35627617	46.51151449
17.27954901	46.48923046
17.34881358	46.46694217
17.37547169	46.48923046
17.33767847	46.48923046
17.35134156	45.77605636
17.31969009	45.73148404
17.3616783	45.73148404
17.37360285	45.73148404
17.35681268	45.73148404
17.68575392	49.29733749
17.74320763	49.29733749
17.7760407	49.25276516
17.72715835	49.25276516
17.74565003	49.25276516
18.39172166	51.10255249
18.44434807	51.08026421
18.37589337	51.12483652
18.43251677	51.03569189
18.43997935	51.08026421
18.94734428	52.84090689
18.97958974	52.84090689
19.03553484	52.84090689
18.96961195	52.79633032
18.95239641	52.75175801
19.89984295	54.82441116
19.91840488	54.86898348
20.01652468	54.77983885
19.99992484	54.84669944
19.9788937	54.77983885
20.43001717	55.78273511
20.42784686	55.78273511
20.33230102	55.76044683
20.38824229	55.76044683
20.41649587	55.7381628
20.80521697	56.62962616
20.71291063	56.58504959
20.73117492	56.60733787
20.82155878	56.51819324
20.76653724	56.56276556
20.85862643	54.75755057
20.9522881	54.80212288
20.96895437	54.77983885
20.9088526	54.75755057
20.90918345	54.75755057
21.12055517	53.95077757
21.13101326	53.92848929
21.00887701	53.92848929
20.98514544	53.95077757
21.08322054	53.97306162
21.09485895	53.34904065
21.07091149	53.39361297
21.01552461	53.37132469
21.0577006	53.37132469
21.09620533	53.34904065
21.02484326	52.99245361
21.03765305	52.97016533
21.08955517	52.97016533
21.07993634	52.99245361
21.10481629	52.99245361
21.01826081	51.38782041
21.12335012	51.43239275
21.12422514	51.41010446
21.1261157	51.38782041
21.10641816	51.41010446
21.08872997	51.43239275
21.12153238	51.41010446
21.13018805	51.45468103
21.10776454	51.41010446
21.05446622	51.43239275
21.09243571	49.64946601
21.13637323	49.69403835
21.1224636	49.67175429
21.13307882	49.73861066
21.11960733	49.67175429
20.91875247	46.52934427
20.90536402	46.50705599
20.94597902	46.52934427
20.95235836	46.52934427
20.96356501	46.55163253
20.7771895	44.50126343
20.77221657	44.54583998
20.8329532	44.50126343
20.89709795	44.52355172
20.81590627	44.54583998
20.74103902	44.76870582
20.80996125	44.74641754
20.86985863	44.70184522
20.85683679	44.74641754
20.79707992	44.72412926
20.8703236	44.72412926
20.86494829	44.72412926
20.7449006	44.76870582
20.73083896	44.74641754
20.7880142	44.72412926
20.40071357	39.91022966
20.462117	39.954802
20.50848287	39.954802
20.50394298	39.954802
20.39966482	39.93251372
20.18474576	36.21065504
20.12728821	36.21065504
20.10861132	36.23294333
20.09251988	36.29980392
20.09394419	36.25522736
19.61730589	31.37446717
19.66216058	31.37446717
19.71763815	31.44132777
19.71725749	31.46361391
19.62460241	31.4190416
19.67615197	32.28821667
19.66963722	32.35507729
19.62827366	32.28821667
19.6107988	32.28821667
19.64737976	32.31050495
19.05025945	26.93943653
19.07348007	26.91715036
19.1345846	26.93943653
19.17637864	26.87257805
19.21245758	26.98401096
18.6803136	22.57126649
18.65884303	22.54898032
18.59488095	22.52669418
18.56523501	22.57126649
18.56347347	22.52669418
18.66060712	23.10614492
18.64145376	23.10614492
18.61999085	23.17300552
18.55287231	23.12843109
18.54578018	23.15071724
18.0593723	17.89108387
18.02059932	17.95794446
17.95226853	17.93565829
17.9097617	17.93565829
17.92089426	17.91337001
17.32382888	13.56748721
17.32205968	13.61205952
17.33470212	13.58977335
17.3836675	13.63434674
17.40135568	13.61205952
16.46409259	9.310749034
16.49005323	9.266175652
16.4732835	9.243889483
16.52153353	9.310749034
16.54498152	9.266175652
15.32988349	4.764285998
15.37347611	4.808859381
15.36246363	4.853432763
15.38110859	4.853432763
15.37943263	4.853432763
14.44356447	2.401908272
14.36909704	2.424194952
14.33130126	2.424194952
14.3638648	2.357335156
14.34217834	2.446481365
14.42295742	2.713920592
14.43035868	2.624774094
14.38826573	2.66934721
14.34874547	2.691633912
14.42116394	2.691633912
14.36603766	2.869926641
14.40820214	2.869926641
14.4633923	2.914499734
14.38904878	2.869926641
14.36947515	2.914499734
14.37212831	2.847639939
14.36801763	2.803066823
14.39011285	2.847639939
14.40576869	2.825353526
14.4085777	2.847639939
14.41495066	3.115078899
14.43469035	3.070505783
14.3863062	3.070505783
14.38344609	3.070505783
14.37580851	3.115078899
14.44884141	3.115636217
14.40322794	3.071063101
14.37668608	3.071063101
14.39332169	3.071063101
14.39373557	3.115636217
14.2960884	3.13792263
14.34389389	3.004203283
14.37517364	3.071063101
14.38806773	3.093349514
14.43760028	3.026489719
14.07592305	2.045880131
14.08201498	2.023593562
14.05833067	2.023593562
14.10457007	2.090453247
14.09901848	2.090453247
13.50424987	0.730971654
13.49160486	0.753258267
13.51349442	0.730971654
13.47956024	0.730971654
13.47776804	0.708685085
13.15630216	0.307526556
13.16575749	0.285239965
13.18965512	0.262953396
13.16386949	0.307526556
13.09317806	0.285239965
9.483379758	-2.812595225
9.431439952	-2.857168341
9.483379758	-2.812595225
9.483379758	-2.812595225
9.431439952	-2.857168341
5.198367496	-6.489881585
5.189008291	-6.512168287
5.201732812	-6.489881585
5.154617115	-6.534454967
5.109086674	-6.534454967
5.155376531	-5.955003687
5.133418628	-5.977290367
5.139029936	-5.932716984
5.137952447	-5.977290367
5.159796661	-5.977290367
3.965826855	-7.470491172
3.981664405	-7.492777875
3.971707056	-7.470491172
4.003343514	-7.492777875
3.97729537	-7.492777875
3.984340881	-6.868753723
4.019838287	-6.891039892
4.01576082	-6.868753723
3.994486008	-6.824180341
3.998449787	-6.868753723
2.500363128	-8.673966605
2.513343768	-8.696253307
2.493759119	-8.651680458
2.534920206	-8.651680458
2.527745199	-8.673966605
1.266051608	-9.922015953
1.269202	-9.899728717
1.253859045	-9.877442571
1.244500478	-9.899728717
1.235432361	-9.899728717
0.362403431	-10.92491222
0.361348736	-10.90262501
0.359380539	-10.92491222
0.3744552	-10.90262501
0.342818782	-10.88033884
-0.581692165	-12.01695421
-0.576268995	-12.03924142
-0.612655393	-11.99466804
-0.610470636	-11.99466804
-0.612604536	-12.01695421
-1.411720709	-12.97527709
-1.463182606	-12.95299095
-1.426123257	-12.99756433
-1.390117125	-13.01985048
-1.456845734	-12.93070478
-1.461266503	-12.44039973
-1.476391422	-12.44039973
-1.454113371	-12.48497311
-1.434860527	-12.52954543
-1.48049316	-12.48497311
-2.257315673	-14.11189353
-2.284799617	-14.06732015
-2.303570241	-14.08960629
-2.276251721	-14.13417968
-2.265431008	-14.08960629
-2.255529226	-13.46558217
-2.304374206	-13.48786938
-2.289083544	-13.48786938
-2.291379994	-13.51015555
-2.310584137	-13.48786938
-3.123883823	-15.49366194
-3.128012386	-15.44908855
-3.06452295	-15.51594811
-3.108137288	-15.47137472
-3.137828902	-15.49366194
-3.958067276	-16.85314313
-3.999570388	-16.85314313
-4.025274591	-16.85314313
-3.979239895	-16.85314313
-3.99188905	-16.83085698
-4.472132819	-17.47716728
-4.453653282	-17.47716728
-4.418030052	-17.47716728
-4.444751706	-17.47716728
-4.426894584	-17.49945449
-5.655653477	-19.75039907
-5.662805651	-19.70582673
-5.654234283	-19.70582673
-5.659274911	-19.70582673
-5.666423892	-19.6612523
-6.724609693	-21.9567713
-6.729868757	-21.93448513
-6.706805263	-21.9567713
-6.66357223	-21.97905745
-6.723607571	-21.9567713
-6.778681483	-21.26588762
-6.827283437	-21.24359934
-6.847542395	-21.19902702
-6.781246506	-21.24359934
-6.807241638	-21.26588762
-6.805047061	-20.73100916
-6.843730627	-20.70872302
-6.809453459	-20.70872302
-6.834447108	-20.73100916
-6.830294912	-20.70872302
-7.270334368	-23.13795896
-7.211964121	-23.09338665
-7.220701551	-23.09338665
-7.249262983	-23.09338665
-7.226364913	-23.11567282
-7.813704153	-24.40829552
-7.806288195	-24.34143493
-7.794183534	-24.34143493
-7.821236993	-24.34143493
-7.808422096	-24.3637211
-8.669304848	-26.57009333
-8.690983638	-26.57009333
-8.685534241	-26.52552102
-8.668606748	-26.50323485
-8.704904127	-26.50323485
-9.232983409	-27.7735693
-9.265458163	-27.75128313
-9.244795546	-27.75128313
-9.245124477	-27.75128313
-9.255643244	-27.70670868
-9.869500712	-29.28905785
-9.869171142	-29.28905785
-9.900081078	-29.28905785
-9.877108919	-29.26676957
-9.864345756	-29.26676957
-9.999403558	-28.57588589
-9.950075401	-28.62046032
-9.974103333	-28.62046032
-9.98149502	-28.62046032
-9.986919508	-28.59817203
-10.02054137	-28.35302004
-10.01948751	-28.37530621
-10.0549846	-28.35302004
-10.01819286	-28.35302004
-9.996296916	-28.37530621
-10.00985079	-27.86271604
-9.974226602	-27.86271604
-10.03425939	-27.84042989
-10.02271742	-27.81814161
-10.01085291	-27.86271604
-10.53437442	-31.36170889
-10.52272771	-31.38399504
-10.54371287	-31.31713655
-10.57402562	-31.36170889
-10.5401783	-31.31713655
-11.32395323	-33.32292911
-11.29728491	-33.30064297
-11.34062972	-33.30064297
-11.35697663	-33.27835468
-11.34828902	-33.25606852
-12.1222056	-35.46244075
-12.08655714	-35.39558015
-12.12426094	-35.4401546
-12.14977833	-35.37329401
-12.14279221	-35.41786843
-12.90377638	-37.62423856
-12.86698081	-37.62423856
-12.83405067	-37.62423856
-12.87968713	-37.57966624
-12.87167271	-37.55737796
-13.45033073	-39.05058248
-13.43710706	-39.0282942
-13.42399964	-39.0282942
-13.41144533	-39.00600592
-13.41728306	-39.0282942
-13.48668814	-37.62423856
-13.44288858	-37.60195452
-13.46249543	-37.62423856
-13.42356915	-37.60195452
-13.46125251	-37.57966624
-13.83750107	-40.23176803
-13.84367603	-40.25405631
-13.8309135	-40.25405631
-13.82776215	-40.23176803
-13.83561307	-40.25405631
-14.32226365	-42.03698302
-14.31161139	-41.99241071
-14.29067988	-42.03698302
-14.27358569	-42.01469474
-14.32987441	-42.01469474
-15.02432381	-44.15420851
-15.03541294	-44.15420851
-15.03999753	-44.13192023
-15.0216055	-44.0873479
-15.0517062	-44.15420851
-15.79147527	-46.53887214
-15.77594717	-46.49429983
-15.81677677	-46.49429983
-15.81459241	-46.49429983
-15.78897667	-46.44972751
-16.48150614	-48.70066995
-16.49035981	-48.72295823
-16.53078064	-48.67838589
-16.49835763	-48.67838589
-16.45097878	-48.67838589
-17.24617305	-50.99618895
-17.26359298	-51.01847723
-17.24835741	-50.99618895
-17.25037443	-50.99618895
-17.25339804	-50.99618895
-17.37872268	-49.52527693
-17.35925124	-49.5921333
-17.37400906	-49.52527693
-17.39580282	-49.54756099
-17.40996665	-49.52527693
-17.36312943	-48.96811233
-17.40356304	-48.99039639
-17.38374031	-48.99039639
-17.3966063	-48.94582405
-17.40277616	-48.96811233
-17.95688634	-53.38085258
-17.97495902	-53.33628026
-17.98184422	-53.33628026
-17.96835102	-53.35856854
-17.96010283	-53.29170795
-18.71728417	-55.54265461
-18.77309259	-55.45350573
-18.73195514	-55.52036633
-18.69760324	-55.47579401
-18.76367942	-55.45350573
-19.62397903	-57.25872072
-19.66521485	-57.30329304
-19.61305725	-57.25872072
-19.63439369	-57.25872072
-19.64598867	-57.25872072
-20.3883266	-58.93021453
-20.41999467	-58.97478684
-20.46708227	-58.95249856
-20.4454533	-58.93021453
-20.4321862	-58.93021453
-20.56948648	-57.34786538
-20.61182725	-57.34786538
-20.57855476	-57.34786538
-20.55705097	-57.34786538
-20.58650658	-57.32558132
-20.62947967	-56.56783493
-20.64303929	-56.59012321
-20.61712208	-56.61240725
-20.57696311	-56.61240725
-20.62729531	-56.56783493
-20.68257233	-56.25582446
-20.67709866	-56.30039677
-20.65686589	-56.25582446
-20.65088509	-56.30039677
-20.68211629	-56.23353617
-20.70968135	-55.45350573
-20.67965985	-55.4312217
-20.67529114	-55.4312217
-20.62107692	-55.40893341
-20.63727948	-55.45350573
-20.71466067	-55.09692294
-20.67802861	-55.09692294
-20.63653731	-55.09692294
-20.64784615	-55.07463466
-20.66224247	-55.09692294
-20.65639453	-53.0019815
-20.70734371	-52.97969745
-20.75120075	-52.97969745
-20.68428277	-53.0019815
-20.66966801	-53.0019815
-20.55859918	-50.88475601
-20.58031885	-50.86247198
-20.49839778	-50.9070443
-20.54095954	-50.88475601
-20.58694601	-50.9070443
-20.56162024	-51.04076126
-20.54956539	-51.01847723
-20.58749018	-51.04076126
-20.58624472	-50.99618895
-20.50319698	-51.01847723
-20.58033929	-51.08533782
-20.57536892	-51.12991014
-20.53308052	-51.10762186
-20.55050173	-51.12991014
-20.55581189	-51.08533782
-20.55022581	-51.10762186
-20.54282071	-51.10762186
-20.57877447	-51.10762186
-20.58651042	-51.10762186
-20.5111207	-51.08533782
-20.41996529	-48.5446647
-20.36670018	-48.5446647
-20.42612748	-48.56695298
-20.42428674	-48.56695298
-20.39698994	-48.52238067
-20.15942509	-44.35478605
-20.17142884	-44.39936262
-20.09946895	-44.42164667
-20.08654037	-44.42164667
-20.10317725	-44.42164667
-20.02991569	-45.04567187
-20.04856065	-45.04567187
-20.0971147	-45.04567187
-20.11559232	-45.04567187
-20.08613543	-45.06796015
-20.11213184	-45.24624943
-20.08885374	-45.29082597
-20.07908545	-45.22396538
-20.06996607	-45.24624943
-20.05707453	-45.22396538
-19.69944667	-39.74146402
-19.67432528	-39.78603636
-19.64311963	-39.76375231
-19.64484795	-39.74146402
-19.66841857	-39.71917999
-19.27524955	-35.28414724
-19.27528404	-35.26186107
-19.34031019	-35.26186107
-19.29747379	-35.26186107
-19.21442478	-35.28414724
-18.82171945	-31.02741011
-18.88761041	-31.09427073
-18.85806921	-31.00512397
-18.81402311	-31.09427073
-18.84654832	-31.04969628
-18.31017231	-26.59237948
-18.27712975	-26.57009333
-18.28570367	-26.57009333
-18.23722499	-26.61466776
-18.23950004	-26.57009333
-18.28963296	-26.77067301
-18.24394029	-26.77067301
-18.24545018	-26.77067301
-18.28639603	-26.79295918
-18.28276182	-26.8375336
-17.73662007	-22.24649561
-17.73511018	-22.24649561
-17.72620541	-22.24649561
-17.65745052	-22.26878389
-17.6520024	-22.22420946
-17.0699746	-17.70003313
-17.06246986	-17.67774696
-17.02948862	-17.70003313
-17.02584164	-17.67774696
-17.03760268	-17.67774696
-16.37444963	-13.91131383
-16.36101647	-13.91131383
-16.37166745	-13.95588721
-16.40776683	-13.88902769
-16.40111029	-13.93360107
-16.41998901	-14.60219858
-16.39322871	-14.62448475
-16.34443579	-14.57991137
-16.3473687	-14.62448475
-16.31562015	-14.62448475
-16.33153914	-15.18164935
-16.31468637	-15.2039355
-16.31567891	-15.13707597
-16.34788733	-15.15936318
-16.35056604	-15.15936318
-15.74886369	-11.08091747
-15.80755521	-11.0586313
-15.83930376	-11.0586313
-15.82088617	-11.10320468
-15.83056633	-11.0586313
-15.31010419	-8.852259601
-15.29207239	-8.874546281
-15.32190356	-8.829972898
-15.3287466	-8.852259601
-15.30169633	-8.852259601
-14.75846706	-6.623601198
-14.76469057	-6.623601198
-14.77259002	-6.623601198
-14.66057974	-6.601314518
-14.68077036	-6.668174047
-14.73314895	-6.913326572
-14.72475515	-6.913326572
-14.65740668	-6.980186657
-14.68483761	-6.957899954
-14.71428811	-6.935613274
-14.70554685	-7.24762535
-14.75018183	-7.26991203
-14.75728547	-7.24762535
-14.75404342	-7.26991203
-14.68404562	-7.24762535
-14.63696952	-6.512168287
-14.58213448	-6.467594905
-14.56052723	-6.512168287
-14.60740661	-6.512168287
-14.63718796	-6.489881585
-11.31422326	0.285239965
-11.33874683	0.285239965
-11.39285119	0.285239965
-11.34736801	0.307526556
-11.29809606	0.285239965
-11.11149828	0.352099738
-11.1782783	0.396672876
-11.17000202	0.374386329
-11.17885824	0.352099738
-11.15761633	0.396672876
-9.984017889	1.265849686
-9.952269339	1.265849686
-9.946046475	1.265849686
-9.981208243	1.288136232
-9.990948434	1.288136232
-8.444487837	2.402465567
-8.445362218	2.335605771
-8.480691965	2.357892185
-8.50533369	2.335605771
-8.510798416	2.380178887
-8.508560407	2.179599611
-8.471895775	2.246459273
-8.415670285	2.268745954
-8.443687544	2.335605771
-8.444764394	2.201886158
-8.455723865	2.135026496
-8.437621162	2.157313042
-8.40011089	2.135026496
-8.465511958	2.157313042
-8.484404735	2.112739927
-8.443990927	1.979020313
-8.463095114	1.956733766
-8.50879034	1.956733766
-8.456292309	2.001307016
-8.416738193	2.045880131
-8.489544362	1.912160651
-8.481195901	1.934447198
-8.434075094	1.889874082
-8.401059361	1.934447198
-8.46015645	1.912160651
-8.47039355	1.912160651
-8.433614591	1.912160651
-8.421687488	1.912160651
-8.393917406	1.889874082
-8.457724277	1.956733766
