"Pujol 2002, No. 10-3-2.25S"	
24380	
0.00	0.485
-0.01	0.508
0.01	0.530
0.00	0.463
0.05	0.463
0.05	0.485
0.07	0.463
0.03	0.485
0.03	0.441
-0.01	0.441
0.04	0.463
0.01	0.485
0.00	0.485
0.02	0.485
-0.01	0.485
0.18	0.485
0.24	0.485
0.21	0.485
0.23	0.508
0.22	0.441
0.19	0.463
0.21	0.463
0.22	0.508
0.20	0.463
0.22	0.530
-0.02	0.485
-0.05	0.485
-0.03	0.485
-0.04	0.463
-0.01	0.485
0.02	0.508
0.03	0.463
0.03	0.485
-0.02	0.463
-0.05	0.463
0.01	0.463
-0.02	0.508
-0.04	0.463
-0.08	0.508
-0.09	0.463
-0.05	0.508
-0.08	0.441
-0.02	0.485
-0.05	0.463
-0.03	0.508
-0.04	0.508
0.01	0.508
0.00	0.485
0.02	0.485
-0.03	0.508
-0.09	0.463
-0.07	0.485
-0.05	0.485
-0.04	0.485
-0.04	0.485
-0.04	0.463
-0.04	0.463
-0.01	0.485
-0.05	0.463
-0.05	0.485
-0.05	0.485
-0.02	0.508
-0.02	0.508
-0.06	0.508
-0.05	0.485
-0.09	0.485
-0.07	0.485
-0.06	0.530
-0.06	0.485
-0.06	0.485
-0.07	0.485
-0.09	0.508
-0.04	0.463
-0.06	0.552
-0.03	0.441
-0.05	0.463
-0.01	0.485
-0.02	0.441
-0.01	0.441
-0.04	0.463
-0.04	0.441
-0.04	0.485
-0.05	0.485
-0.03	0.485
-0.02	0.485
0.03	0.485
0.02	0.441
0.02	0.508
0.05	0.463
0.03	0.485
0.00	0.508
-0.02	0.530
-0.02	0.508
-0.01	0.485
0.00	0.508
0.01	0.508
0.00	0.508
0.01	0.530
0.02	0.463
0.05	0.463
0.05	0.530
0.00	0.508
0.02	0.485
-0.01	0.485
-0.02	0.485
0.05	0.483
0.03	0.527
0.02	0.527
0.01	0.460
-0.02	0.527
0.04	0.483
0.01	0.505
0.04	0.527
0.02	0.505
0.00	0.483
0.04	0.483
0.04	0.460
0.05	0.505
0.03	0.483
0.04	0.460
-0.07	1.329
-0.08	1.285
-0.03	1.307
-0.04	1.307
-0.02	1.285
0.01	2.733
0.04	2.756
0.03	2.778
0.06	2.778
0.02	2.778
0.04	4.316
0.05	4.338
0.05	4.338
0.08	4.338
0.05	4.338
0.13	4.383
0.07	4.383
0.11	4.383
0.06	4.383
0.05	4.405
0.14	7.213
0.15	7.235
0.12	7.191
0.12	7.191
0.10	7.213
0.21	7.124
0.22	7.146
0.24	7.191
0.24	7.191
0.24	7.146
0.18	7.213
0.18	7.213
0.20	7.213
0.20	7.213
0.19	7.191
0.12	7.191
0.13	7.168
0.15	7.191
0.15	7.124
0.18	7.168
0.25	9.197
0.23	9.219
0.28	9.174
0.29	9.130
0.29	9.174
0.32	11.871
0.35	11.826
0.31	11.871
0.30	11.826
0.28	11.871
0.32	11.893
0.32	11.826
0.30	11.893
0.30	11.871
0.32	11.893
0.35	13.431
0.36	13.409
0.36	13.431
0.32	13.409
0.35	13.453
0.36	13.364
0.33	13.409
0.38	13.386
0.37	13.386
0.39	13.364
0.42	15.838
0.43	15.905
0.42	15.905
0.36	15.883
0.35	15.883
0.36	15.905
0.38	15.905
0.37	15.883
0.36	15.883
0.40	15.905
0.36	17.955
0.36	17.933
0.41	17.977
0.40	17.955
0.46	17.933
0.44	17.911
0.43	17.911
0.41	17.888
0.40	17.911
0.46	17.955
0.45	20.228
0.44	20.184
0.50	20.228
0.51	20.228
0.51	20.228
0.49	20.206
0.49	20.206
0.49	20.184
0.47	20.206
0.45	20.206
0.55	22.011
0.53	22.011
0.50	22.034
0.53	22.034
0.53	22.056
0.51	22.056
0.52	22.056
0.52	22.034
0.56	22.056
0.60	22.034
0.55	22.034
0.49	22.034
0.47	22.034
0.47	22.034
0.49	22.034
0.59	25.087
0.59	25.042
0.57	25.065
0.60	25.065
0.60	25.020
0.62	25.065
0.59	25.042
0.58	25.065
0.57	25.042
0.60	25.065
0.61	25.042
0.65	25.042
0.67	25.020
0.68	25.042
0.67	25.020
0.67	26.914
0.69	26.892
0.68	26.892
0.70	26.892
0.66	26.892
0.70	26.914
0.69	26.937
0.71	26.914
0.70	26.914
0.73	26.914
0.76	29.455
0.76	29.455
0.71	29.477
0.69	29.477
0.72	29.455
0.86	31.795
0.85	31.817
0.82	31.840
0.77	31.817
0.76	31.817
0.86	33.712
0.84	33.734
0.87	33.712
0.86	33.734
0.89	33.756
0.98	33.712
0.93	33.756
0.91	33.756
0.88	33.734
0.92	33.756
0.97	35.673
0.96	35.673
0.96	35.673
0.98	35.673
1.01	35.673
1.05	35.718
1.09	35.695
1.07	35.718
1.07	35.695
1.04	35.740
1.12	35.695
1.09	35.740
1.07	35.740
1.10	35.718
1.06	35.673
1.18	38.481
1.17	38.414
1.16	38.459
1.12	38.459
1.15	38.481
1.22	40.108
1.24	40.153
1.23	40.063
1.25	40.108
1.22	40.130
1.27	40.197
1.30	40.153
1.33	40.153
1.29	40.175
1.30	40.197
1.36	42.426
1.34	42.426
1.30	42.448
1.33	42.426
1.34	42.448
1.40	42.404
1.39	42.426
1.42	42.426
1.37	42.404
1.40	42.426
1.34	42.426
1.30	42.426
1.34	42.426
1.37	42.404
1.40	42.426
1.39	44.499
1.41	44.499
1.43	44.499
1.50	44.543
1.46	44.499
1.57	44.521
1.52	44.565
1.47	44.521
1.45	44.499
1.46	44.543
1.58	47.262
1.53	47.284
1.53	47.262
1.57	47.262
1.62	47.284
1.71	47.262
1.72	47.307
1.71	47.262
1.72	47.284
1.70	47.284
1.77	47.262
1.81	47.240
1.78	47.217
1.78	47.240
1.71	47.284
1.79	47.307
1.79	47.284
1.81	47.240
1.75	47.262
1.77	47.307
1.81	47.262
1.81	47.307
1.76	47.284
1.74	47.307
1.75	47.307
1.83	49.402
1.85	49.379
1.85	49.379
1.84	49.402
1.89	49.402
1.88	49.379
1.91	49.335
1.93	49.379
1.93	49.357
1.92	49.379
1.94	51.898
1.94	51.831
1.90	51.875
1.96	51.831
1.99	51.875
2.04	51.920
2.03	51.898
2.07	51.898
2.05	51.898
2.06	51.898
2.12	51.875
2.07	51.875
2.08	51.875
2.12	51.853
2.12	51.898
2.18	53.837
2.16	53.792
2.21	53.747
2.18	53.703
2.21	53.814
2.26	55.887
2.27	55.932
2.28	55.887
2.32	55.909
2.28	55.887
2.38	55.887
2.39	55.909
2.35	55.865
2.38	55.909
2.37	55.887
2.43	55.887
2.38	55.909
2.41	55.887
2.36	55.954
2.44	55.909
2.36	55.865
2.40	55.887
2.40	55.865
2.42	55.909
2.45	55.887
2.45	55.887
2.44	55.865
2.48	55.909
2.48	55.932
2.52	55.865
2.50	55.932
2.49	55.909
2.51	55.887
2.49	55.909
2.49	55.887
2.48	54.461
2.47	54.483
2.53	54.483
2.53	54.461
2.56	54.505
2.50	54.527
2.45	54.527
2.47	54.527
2.43	54.527
2.48	54.505
2.49	53.905
2.45	53.861
2.48	53.950
2.51	53.905
2.57	53.994
2.45	53.797
2.47	53.775
2.50	53.797
2.53	53.819
2.50	53.797
2.69	61.040
2.76	60.973
2.75	61.018
2.74	60.996
2.68	61.018
2.81	61.998
2.84	62.021
2.84	62.021
2.79	62.021
2.86	61.998
2.94	64.450
2.97	64.472
2.97	64.450
2.94	64.450
2.91	64.405
2.96	63.001
2.92	63.046
2.93	63.001
2.98	63.001
3.00	63.001
3.02	62.689
3.05	62.712
3.00	62.734
2.95	62.712
2.93	62.689
3.21	67.615
3.21	67.570
3.26	67.526
3.21	67.548
3.16	67.548
3.27	64.873
3.26	64.896
3.28	64.896
3.35	64.873
3.35	64.807
3.31	64.784
3.31	64.829
3.33	64.740
3.28	64.784
3.31	64.784
3.32	64.517
3.33	64.495
3.28	64.495
3.28	64.495
3.26	64.539
3.63	72.228
3.64	72.250
3.70	72.295
3.64	72.228
3.62	72.250
3.64	70.245
3.61	70.245
3.65	70.267
3.71	70.289
3.74	70.267
3.96	75.883
3.99	75.883
4.04	75.861
4.09	75.883
4.02	75.861
4.27	78.647
4.28	78.580
4.31	78.624
4.29	78.580
4.23	78.580
4.27	77.755
4.28	77.733
4.29	77.711
4.31	77.755
4.29	77.733
4.39	75.593
4.37	75.571
4.37	75.593
4.31	75.593
4.34	75.593
4.46	80.764
4.48	80.719
4.49	80.742
4.52	80.697
4.56	80.719
4.65	82.502
4.67	82.480
4.64	82.480
4.66	82.502
4.67	82.480
4.72	81.343
4.75	81.299
4.73	81.321
4.71	81.343
4.65	81.321
4.94	85.266
4.93	85.266
4.99	85.243
4.95	85.288
4.97	85.243
5.19	89.054
5.18	89.054
5.19	89.032
5.17	89.054
5.18	89.032
5.19	86.246
5.25	86.246
5.29	86.224
5.30	86.246
5.25	86.291
5.33	85.957
5.31	85.934
5.27	85.957
5.23	85.979
5.22	85.979
5.35	85.867
5.33	85.867
5.34	85.867
5.28	85.867
5.25	85.845
5.37	85.154
5.31	85.221
5.28	85.221
5.26	85.177
5.26	85.199
5.60	92.219
5.57	92.197
5.51	92.241
5.52	92.175
5.57	92.175
5.75	94.893
5.79	94.893
5.78	94.871
5.79	94.871
5.76	94.849
5.78	94.024
5.78	94.047
5.83	94.024
5.83	94.047
5.82	94.024
5.92	97.323
5.89	97.278
5.89	97.300
5.96	97.256
5.99	97.256
5.96	95.072
5.97	94.983
6.04	95.049
6.05	95.049
6.07	95.027
6.00	94.893
5.99	94.827
5.99	94.827
6.04	94.827
6.03	94.827
6.14	98.259
6.21	98.370
6.24	98.615
6.21	98.905
6.21	99.039
6.39	100.019
6.35	100.042
6.33	100.042
6.36	100.042
6.39	100.019
6.45	99.641
6.44	99.618
6.46	99.641
6.40	99.618
6.40	99.641
6.45	99.306
6.48	99.284
6.43	99.306
6.39	99.217
6.38	99.217
6.63	102.828
6.62	102.805
6.57	102.805
6.59	102.805
6.61	102.805
6.62	102.114
6.64	102.070
6.65	102.114
6.68	102.092
6.70	102.070
6.69	101.223
6.72	101.201
6.72	101.178
6.66	101.201
6.63	101.178
6.73	100.309
6.73	100.309
6.71	100.287
6.69	100.331
6.69	100.309
6.76	100.242
6.73	100.242
6.69	100.220
6.67	100.198
6.63	100.220
6.74	100.109
6.72	100.064
6.71	100.042
6.71	100.064
6.72	100.064
6.92	105.101
6.94	105.101
7.01	105.034
7.01	105.078
7.02	105.056
6.99	104.031
7.03	104.053
7.04	104.031
7.08	104.053
7.06	104.031
7.06	102.780
7.07	102.824
7.03	102.802
7.01	102.802
7.05	102.780
7.12	102.668
7.11	102.735
7.08	102.735
7.08	102.713
7.02	102.735
7.07	102.668
7.08	102.713
7.11	102.668
7.06	102.646
7.05	102.668
7.08	101.911
7.05	101.911
7.07	101.888
7.07	101.933
7.11	101.911
7.19	99.749
7.21	99.771
7.15	99.793
7.12	99.771
7.10	99.749
7.10	99.749
7.16	99.726
7.17	99.771
7.22	99.726
7.17	99.793
7.18	99.414
7.23	99.370
7.19	99.392
7.17	99.392
7.13	99.370
7.18	99.080
7.21	99.058
7.18	99.080
7.18	99.058
7.10	99.080
7.23	99.058
7.21	99.080
7.09	99.058
7.10	99.080
7.15	99.058
7.18	98.991
7.18	99.013
7.13	99.013
7.09	98.991
7.14	98.946
7.48	105.568
7.46	105.568
7.43	105.546
7.48	105.546
7.50	105.546
8.00	107.373
7.97	107.395
7.98	107.373
8.03	107.351
8.02	107.306
8.09	103.874
8.03	103.874
8.08	103.874
8.12	103.830
8.14	103.874
8.13	102.738
8.15	102.738
8.11	102.693
8.10	102.715
8.14	102.671
8.68	107.819
8.68	107.774
8.72	107.797
8.70	107.752
8.69	107.752
8.74	106.393
8.72	106.437
8.70	106.393
8.67	106.415
8.63	106.393
8.63	105.412
8.64	105.390
8.65	105.390
8.70	105.456
8.73	105.456
8.73	104.409
8.69	104.454
8.72	104.387
8.75	104.431
8.82	104.409
8.74	104.231
8.76	104.164
8.73	104.208
8.71	104.208
8.73	104.186
8.79	103.362
8.75	103.384
8.73	103.406
8.75	103.339
8.80	103.384
9.06	107.819
9.11	107.841
9.16	107.819
9.16	107.797
9.13	107.797
9.39	108.109
9.36	108.109
9.39	108.109
9.44	108.086
9.42	108.042
9.48	105.100
9.56	105.144
9.50	105.167
9.47	105.167
9.41	105.144
9.47	104.810
9.51	104.788
9.50	104.877
9.47	104.810
9.44	104.810
9.96	109.000
9.97	109.022
9.94	108.978
9.95	108.955
9.92	108.955
10.00	105.947
9.99	105.925
9.95	105.925
10.01	105.947
9.99	105.925
9.93	104.409
9.99	104.454
10.00	104.431
10.06	104.431
10.03	104.387
9.96	103.518
9.99	103.518
10.04	103.473
10.04	103.518
10.06	103.495
10.05	103.228
10.04	103.183
10.00	103.206
10.07	103.250
10.08	103.250
10.40	108.421
10.38	108.443
10.33	108.376
10.30	108.398
10.29	108.376
10.61	109.334
10.57	109.334
10.61	109.290
10.63	109.223
10.66	109.290
10.67	106.682
10.66	106.727
10.63	106.682
10.59	106.682
10.58	106.682
10.98	109.646
11.02	109.646
11.02	109.624
11.02	109.602
10.99	109.646
10.98	106.749
11.05	106.705
11.06	106.727
11.09	106.727
11.07	106.727
11.24	109.869
11.21	109.892
11.26	109.869
11.28	109.892
11.32	109.869
11.29	107.930
11.35	107.953
11.29	107.930
11.23	107.908
11.21	107.930
11.70	110.114
11.68	110.114
11.66	110.070
11.65	110.092
11.68	110.092
11.99	110.984
11.99	110.961
11.95	110.939
12.04	110.917
12.05	110.894
12.18	107.819
12.15	107.774
12.14	107.797
12.13	107.797
12.23	107.774
12.10	107.418
12.17	107.395
12.15	107.395
12.20	107.418
12.16	107.418
12.16	107.106
12.16	107.106
12.13	107.106
12.12	107.128
12.11	107.128
12.15	106.014
12.17	105.991
12.19	105.969
12.20	106.036
12.23	105.969
12.54	110.226
12.53	110.248
12.50	110.270
12.47	110.204
12.44	110.248
12.79	111.273
12.82	111.296
12.86	111.273
12.86	111.251
12.89	111.273
12.97	108.799
12.98	108.777
12.94	108.777
12.94	108.799
12.87	108.777
13.21	110.716
13.23	110.716
13.21	110.716
13.21	110.672
13.23	110.672
13.35	110.738
13.34	110.738
13.33	110.761
13.33	110.738
13.36	110.694
13.40	110.003
13.41	110.025
13.36	110.048
13.34	110.070
13.29	110.025
13.38	109.312
13.38	109.312
13.42	109.334
13.39	109.290
13.37	109.334
13.54	104.855
13.53	104.833
13.56	104.855
13.50	104.855
13.50	104.855
13.51	104.833
13.53	104.810
13.49	104.833
13.47	104.855
13.44	104.833
13.56	103.918
13.54	103.940
13.59	103.895
13.56	103.918
13.58	103.918
13.94	111.339
13.97	111.339
13.93	111.317
13.90	111.294
13.90	111.294
14.27	112.186
14.29	112.164
14.29	112.119
14.36	112.119
14.36	112.141
14.44	108.754
14.50	108.754
14.47	108.754
14.47	108.732
14.41	108.732
14.39	108.397
14.38	108.397
14.39	108.419
14.41	108.397
14.47	108.442
14.80	111.428
14.72	111.406
14.77	111.384
14.76	111.361
14.82	111.339
15.24	112.431
15.20	112.387
15.18	112.387
15.15	112.364
15.13	112.387
15.33	108.665
15.36	108.642
15.35	108.665
15.35	108.620
15.30	108.642
15.28	108.330
15.29	108.330
15.32	108.397
15.33	108.375
15.33	108.375
15.81	112.810
15.81	112.832
15.81	112.810
15.80	112.788
15.81	112.788
15.85	109.734
15.92	109.734
15.89	109.757
15.96	109.757
15.93	109.712
15.99	108.197
15.95	108.219
15.94	108.241
15.92	108.219
15.89	108.263
15.95	107.974
15.95	107.951
15.99	107.974
15.98	107.951
16.03	107.951
16.45	112.899
16.38	112.832
16.35	112.855
16.32	112.832
16.34	112.788
16.68	113.323
16.70	113.345
16.63	113.323
16.64	113.300
16.61	113.300
16.73	110.670
16.77	110.648
16.74	110.648
16.76	110.626
16.69	110.626
17.13	113.256
17.11	113.256
17.14	113.256
17.14	113.233
17.20	113.189
17.51	113.523
17.50	113.545
17.57	113.501
17.55	113.501
17.51	113.479
17.52	110.893
17.57	110.826
17.59	110.849
17.59	110.893
17.57	110.871
17.48	109.734
17.51	109.734
17.52	109.734
17.55	109.757
17.58	109.690
17.92	113.033
17.91	113.033
17.95	112.988
17.98	112.988
18.02	113.011
18.10	110.537
18.13	110.492
18.08	110.514
18.08	110.492
18.03	110.492
18.14	110.136
18.16	110.091
18.11	110.113
18.12	110.091
18.03	110.069
18.12	109.021
18.12	108.999
18.16	109.021
18.13	109.044
18.18	108.999
18.11	108.442
18.10	108.397
18.09	108.419
18.13	108.419
18.12	108.442
18.16	108.130
18.17	108.152
18.16	108.130
18.15	108.174
18.17	108.152
18.55	113.969
18.57	113.969
18.56	113.947
18.58	113.947
18.57	113.924
18.66	110.670
18.70	110.670
18.68	110.648
18.72	110.670
18.68	110.693
19.23	113.545
19.21	113.479
19.26	113.523
19.21	113.479
19.18	113.479
19.50	114.080
19.49	114.080
19.51	114.036
19.53	114.013
19.53	113.991
19.60	111.138
19.57	111.161
19.60	111.161
19.59	111.205
19.62	111.138
19.90	113.724
19.93	113.679
19.88	113.679
19.93	113.657
19.89	113.635
19.92	111.718
19.92	111.785
19.93	111.785
19.95	111.740
19.93	111.718
19.96	110.537
19.96	110.537
19.95	110.581
19.94	110.581
19.95	110.537
20.00	106.543
20.01	106.587
20.01	106.610
19.98	106.587
20.04	106.610
20.08	106.431
20.07	106.409
20.06	106.454
20.07	106.431
20.09	106.431
20.03	106.387
20.07	106.364
20.05	106.364
20.06	106.409
20.03	106.387
19.92	99.188
19.92	99.188
19.93	99.188
19.93	99.210
19.94	99.188
19.66	93.728
19.63	93.683
19.67	93.728
19.67	93.750
19.68	93.706
19.52	89.739
19.47	89.716
19.50	89.761
19.47	89.761
19.47	89.761
19.53	90.162
19.49	90.184
19.52	90.184
19.48	90.207
19.49	90.162
19.46	90.942
19.48	90.898
19.48	90.920
19.47	90.875
19.47	90.942
19.05	82.317
19.05	82.317
19.03	82.339
19.05	82.317
19.04	82.317
18.91	78.417
18.91	78.439
18.91	78.439
18.94	78.417
18.90	78.417
18.55	71.664
18.56	71.686
18.59	71.731
18.58	71.686
18.55	71.664
18.19	66.003
18.19	65.981
18.18	66.026
18.18	66.003
18.17	66.048
18.22	68.054
18.19	68.054
18.19	68.054
18.18	68.076
18.16	68.121
18.15	68.611
18.11	68.633
18.11	68.633
18.11	68.633
18.09	68.633
17.86	62.683
17.88	62.660
17.84	62.638
17.83	62.638
17.81	62.660
17.59	57.022
17.64	57.000
17.59	56.977
17.64	57.000
17.60	57.044
17.08	49.756
17.12	49.734
17.14	49.779
17.16	49.779
17.16	49.801
16.68	44.876
16.68	44.920
16.69	44.898
16.72	44.920
16.74	44.920
16.75	46.525
16.71	46.503
16.76	46.569
16.71	46.525
16.73	46.569
16.77	46.770
16.71	46.770
16.69	46.748
16.68	46.792
16.69	46.792
16.28	37.744
16.33	37.744
16.31	37.766
16.31	37.811
16.24	37.766
15.83	31.883
15.84	31.905
15.84	31.905
15.86	31.905
15.81	31.927
15.45	27.648
15.43	27.670
15.40	27.648
15.40	27.648
15.40	27.648
15.44	29.364
15.43	29.275
15.43	29.320
15.37	29.320
15.38	29.297
14.93	22.500
14.94	22.545
15.01	22.545
15.02	22.500
15.03	22.478
15.00	23.169
15.00	23.169
15.05	23.191
15.00	23.213
14.99	23.191
14.97	23.570
14.98	23.547
14.95	23.547
15.00	23.547
14.95	23.592
14.97	23.637
14.95	23.614
14.91	23.614
14.91	23.659
14.85	23.637
14.64	19.135
14.64	19.135
14.66	19.135
14.62	19.157
14.63	19.135
14.30	14.611
14.34	14.588
14.32	14.655
14.33	14.611
14.27	14.655
14.26	16.015
14.24	16.015
14.26	16.037
14.28	16.037
14.30	16.059
13.77	10.666
13.73	10.666
13.74	10.688
13.75	10.688
13.78	10.755
13.45	6.231
13.38	6.231
13.39	6.253
13.36	6.275
13.35	6.298
13.29	7.501
13.29	7.501
13.27	7.523
13.30	7.523
13.31	7.501
12.94	3.066
12.94	3.066
12.93	3.066
12.93	3.044
12.93	3.088
12.89	5.030
12.84	5.053
12.86	5.053
12.83	5.075
12.87	5.053
12.76	3.025
12.74	3.002
12.77	3.047
12.77	3.025
12.80	3.069
12.70	4.607
12.67	4.629
12.68	4.674
12.65	4.651
12.70	4.696
12.78	5.097
12.82	5.075
12.76	5.075
12.83	5.053
12.79	5.097
12.71	4.050
12.74	4.072
12.73	4.027
12.76	4.050
12.73	4.005
12.78	3.381
12.75	3.381
12.74	3.381
12.73	3.381
12.74	3.314
12.76	2.779
12.78	2.779
12.77	2.757
12.74	2.757
12.71	2.779
12.68	2.802
12.70	2.779
12.68	2.757
12.72	2.779
12.71	2.824
12.67	2.935
12.69	2.935
12.72	2.935
12.71	2.913
12.72	2.935
12.73	3.025
12.72	3.091
12.73	3.025
12.71	3.025
12.71	3.025
12.73	3.091
12.72	3.114
12.73	3.091
12.74	3.091
12.70	3.091
12.40	3.233
12.43	3.322
12.44	3.255
12.36	3.255
12.42	3.300
12.38	3.277
12.49	3.210
12.41	3.233
12.37	3.277
12.50	3.255
12.38	3.324
12.30	3.346
12.41	3.324
12.30	3.368
12.39	3.346
12.33	3.190
12.28	3.145
12.33	3.145
12.41	3.190
12.37	3.145
12.35	1.340
12.26	1.318
12.25	1.340
12.29	1.318
12.29	1.363
12.31	1.251
12.31	1.229
12.33	1.273
12.25	1.251
12.22	1.273
12.03	-0.755
12.03	-0.799
12.03	-0.799
12.02	-0.822
12.03	-0.777
11.33	-8.176
11.37	-8.221
11.39	-8.221
11.28	-8.198
11.26	-8.198
11.34	-7.820
11.35	-7.753
11.26	-7.753
11.30	-7.775
11.33	-7.797
11.33	-7.262
11.32	-7.240
11.30	-7.285
11.26	-7.307
11.23	-7.262
11.30	-7.084
11.24	-7.129
11.30	-7.106
11.31	-7.106
11.23	-7.084
11.26	-6.928
11.27	-6.950
11.30	-6.950
11.28	-7.017
11.22	-6.950
11.06	-9.313
11.13	-9.268
11.11	-9.335
11.11	-9.268
11.15	-9.246
10.83	-11.541
10.83	-11.497
10.76	-11.497
10.87	-11.475
10.86	-11.497
10.70	-10.516
10.75	-10.472
10.79	-10.449
10.76	-10.516
10.79	-10.449
10.53	-13.324
10.42	-13.324
10.42	-13.347
10.48	-13.369
10.47	-13.302
10.47	-12.009
10.42	-12.054
10.36	-12.009
10.44	-12.032
10.42	-12.009
10.13	-15.174
10.12	-15.196
10.01	-15.174
10.08	-15.152
10.14	-15.130
10.13	-14.015
10.12	-14.037
10.01	-14.060
10.04	-14.037
10.09	-13.993
10.00	-13.436
10.06	-13.436
10.08	-13.458
10.04	-13.436
10.08	-13.413
9.57	-17.938
9.58	-17.960
9.58	-17.938
9.51	-17.960
9.50	-17.938
9.56	-17.403
9.58	-17.403
9.57	-17.358
9.57	-17.380
9.63	-17.380
9.47	-16.623
9.55	-16.556
9.58	-16.600
9.55	-16.623
9.53	-16.578
9.09	-20.211
9.06	-20.144
9.16	-20.189
9.16	-20.144
9.14	-20.122
9.12	-19.609
9.13	-19.631
9.06	-19.609
9.04	-19.631
9.14	-19.609
9.06	-18.874
9.14	-18.874
9.13	-18.874
9.02	-18.874
9.06	-18.851
9.04	-18.183
9.10	-18.160
9.07	-18.183
9.09	-18.160
9.13	-18.250
8.68	-21.503
8.61	-21.526
8.63	-21.481
8.65	-21.503
8.60	-21.503
8.62	-20.612
8.63	-20.590
8.63	-20.634
8.66	-20.634
8.58	-20.634
8.60	-20.411
8.61	-20.367
8.63	-20.389
8.61	-20.367
8.55	-20.411
8.62	-20.211
8.59	-20.189
8.55	-20.189
8.56	-20.166
8.64	-20.189
8.56	-19.449
8.60	-19.449
8.57	-19.449
8.56	-19.449
8.60	-19.472
7.87	-23.773
7.94	-23.751
7.91	-23.773
7.87	-23.751
7.81	-23.773
7.87	-23.349
7.87	-23.327
7.92	-23.349
7.93	-23.372
7.89	-23.349
7.90	-23.015
7.95	-23.060
7.91	-23.037
7.85	-23.037
7.84	-23.060
7.85	-22.458
7.90	-22.480
7.90	-22.458
7.86	-22.458
7.88	-22.502
7.88	-22.369
7.86	-22.346
7.91	-22.369
7.92	-22.324
7.82	-22.324
7.35	-26.759
7.29	-26.759
7.25	-26.737
7.31	-26.715
7.38	-26.737
7.25	-25.712
7.29	-25.712
7.33	-25.689
7.31	-25.734
7.32	-25.756
6.67	-30.147
6.64	-30.147
6.68	-30.080
6.68	-30.124
6.58	-30.102
6.68	-29.233
6.60	-29.255
6.67	-29.255
6.63	-29.300
6.57	-29.278
6.59	-28.810
6.57	-28.810
6.62	-28.832
6.67	-28.787
6.62	-28.787
6.64	-28.720
6.63	-28.720
6.55	-28.720
6.56	-28.720
6.64	-28.720
5.75	-34.114
5.67	-34.158
5.69	-34.136
5.72	-34.092
5.74	-34.136
5.71	-32.732
5.69	-32.710
5.70	-32.732
5.72	-32.732
5.66	-32.777
5.69	-32.554
5.65	-32.576
5.68	-32.576
5.69	-32.531
5.66	-32.576
5.64	-31.907
5.62	-32.019
5.69	-31.952
5.66	-31.997
5.69	-31.997
5.26	-36.565
5.34	-36.565
5.25	-36.543
5.17	-36.521
5.20	-36.498
5.25	-35.785
5.28	-35.785
5.19	-35.785
5.24	-35.763
5.23	-35.830
4.74	-39.373
4.72	-39.329
4.76	-39.329
4.72	-39.307
4.66	-39.307
4.73	-38.549
4.65	-38.527
4.66	-38.482
4.71	-38.527
4.70	-38.527
4.68	-37.791
4.67	-37.791
4.72	-37.836
4.65	-37.791
4.65	-37.813
4.67	-37.390
4.68	-37.412
4.67	-37.390
4.62	-37.390
4.64	-37.368
3.95	-43.563
3.87	-43.519
3.89	-43.519
3.92	-43.519
3.88	-43.474
3.86	-42.003
3.87	-42.003
3.83	-42.003
3.81	-42.026
3.85	-42.003
3.87	-41.714
3.78	-41.691
3.84	-41.669
3.86	-41.691
3.83	-41.714
3.77	-40.577
3.83	-40.621
3.85	-40.644
3.82	-40.555
3.80	-40.599
3.78	-40.421
3.84	-40.443
3.84	-40.399
3.77	-40.421
3.80	-40.399
3.12	-47.887
3.05	-47.887
3.00	-47.909
3.06	-47.865
3.10	-47.842
3.06	-46.572
3.07	-46.527
3.08	-46.527
3.10	-46.550
3.05	-46.572
2.17	-52.367
2.23	-52.411
2.25	-52.367
2.23	-52.367
2.22	-52.367
2.17	-50.806
2.15	-50.806
2.20	-50.829
2.23	-50.762
2.22	-50.762
2.18	-50.383
2.13	-50.405
2.19	-50.361
2.19	-50.361
2.23	-50.338
1.36	-57.515
1.37	-57.426
1.37	-57.403
1.32	-57.403
1.28	-57.381
1.40	-56.178
1.31	-56.200
1.32	-56.200
1.35	-56.200
1.34	-56.200
1.34	-55.576
1.30	-55.576
1.34	-55.576
1.33	-55.531
1.29	-55.576
1.29	-53.904
1.28	-53.927
1.28	-53.927
1.32	-53.904
1.35	-53.927
1.32	-53.837
1.26	-53.837
1.23	-53.837
1.27	-53.837
1.30	-53.815
0.63	-60.902
0.61	-60.858
0.58	-60.902
0.64	-60.858
0.65	-60.858
0.59	-59.587
0.65	-59.632
0.63	-59.654
0.55	-59.654
0.56	-59.632
-0.21	-62.395
-0.18	-62.373
-0.17	-62.395
-0.20	-62.440
-0.16	-62.395
-0.22	-61.415
-0.23	-61.370
-0.13	-61.348
-0.19	-61.348
-0.14	-61.393
-0.25	-60.523
-0.18	-60.523
-0.19	-60.479
-0.20	-60.501
-0.18	-60.523
-0.16	-59.721
-0.13	-59.721
-0.22	-59.721
-0.23	-59.743
-0.21	-59.743
-0.25	-58.566
-0.21	-58.566
-0.19	-58.566
-0.22	-58.588
-0.15	-58.521
-0.25	-58.521
-0.20	-58.566
-0.18	-58.521
-0.20	-58.499
-0.17	-58.499
-0.75	-66.455
-0.72	-66.455
-0.69	-66.411
-0.70	-66.478
-0.69	-66.411
-0.70	-64.472
-0.72	-64.472
-0.77	-64.472
-0.78	-64.516
-0.74	-64.494
-1.13	-69.865
-1.09	-69.798
-1.09	-69.821
-1.16	-69.798
-1.14	-69.776
-1.47	-72.673
-1.49	-72.651
-1.51	-72.629
-1.44	-72.562
-1.50	-72.562
-1.49	-71.113
-1.49	-71.135
-1.51	-71.135
-1.52	-71.135
-1.49	-71.135
-2.23	-77.532
-2.28	-77.576
-2.25	-77.509
-2.22	-77.509
-2.21	-77.532
-2.90	-82.947
-2.89	-82.880
-2.87	-82.858
-2.85	-82.769
-2.91	-82.791
-3.26	-84.819
-3.27	-84.775
-3.22	-84.775
-3.24	-84.708
-3.26	-84.775
-3.73	-88.831
-3.72	-88.831
-3.68	-88.786
-3.71	-88.786
-3.74	-88.764
-3.80	-85.443
-3.79	-85.443
-3.79	-85.466
-3.77	-85.466
-3.76	-85.488
-4.15	-91.595
-4.16	-91.572
-4.19	-91.550
-4.19	-91.550
-4.11	-91.572
-4.69	-95.383
-4.69	-95.361
-4.64	-95.316
-4.64	-95.316
-4.68	-95.294
-4.75	-92.776
-4.67	-92.731
-4.71	-92.776
-4.75	-92.753
-4.80	-92.753
-5.60	-99.150
-5.56	-99.105
-5.52	-99.083
-5.55	-99.105
-5.54	-99.061
-5.60	-96.052
-5.64	-96.052
-5.63	-96.030
-5.60	-96.074
-5.57	-96.030
-6.57	-101.356
-6.57	-101.334
-6.59	-101.356
-6.64	-101.289
-6.61	-101.311
-6.66	-98.214
-6.69	-98.191
-6.69	-98.236
-6.65	-98.169
-6.62	-98.191
-6.74	-97.902
-6.66	-97.924
-6.66	-97.946
-6.65	-97.946
-6.65	-97.924
-7.08	-101.935
-7.10	-101.935
-7.16	-101.913
-7.11	-101.958
-7.09	-101.891
-7.24	-98.481
-7.22	-98.459
-7.19	-98.414
-7.19	-98.481
-7.20	-98.503
-7.20	-97.188
-7.23	-97.211
-7.23	-97.233
-7.18	-97.211
-7.19	-97.255
-7.23	-95.985
-7.27	-96.008
-7.23	-96.008
-7.23	-96.008
-7.27	-96.008
-7.76	-102.961
-7.80	-102.916
-7.84	-102.939
-7.86	-102.939
-7.84	-102.894
-7.82	-100.509
-7.85	-100.509
-7.90	-100.509
-7.92	-100.532
-7.88	-100.554
-8.28	-103.652
-8.32	-103.630
-8.29	-103.607
-8.28	-103.607
-8.31	-103.585
-8.74	-104.632
-8.71	-104.610
-8.69	-104.610
-8.67	-104.610
-8.71	-104.543
-8.81	-101.691
-8.77	-101.691
-8.77	-101.668
-8.75	-101.713
-8.74	-101.646
-9.16	-104.343
-9.17	-104.276
-9.20	-104.254
-9.24	-104.254
-9.15	-104.231
-9.18	-101.936
-9.20	-101.958
-9.27	-101.936
-9.29	-101.913
-9.24	-101.869
-9.66	-105.546
-9.63	-105.524
-9.62	-105.502
-9.65	-105.502
-9.61	-105.502
-9.67	-103.318
-9.73	-103.340
-9.71	-103.318
-9.68	-103.295
-9.66	-103.318
-9.95	-105.524
-10.01	-105.591
-9.98	-105.546
-9.94	-105.546
-9.95	-105.502
-10.51	-107.374
-10.49	-107.418
-10.46	-107.396
-10.45	-107.351
-10.50	-107.351
-10.53	-103.808
-10.55	-103.786
-10.52	-103.830
-10.58	-103.830
-10.53	-103.786
-10.53	-103.451
-10.55	-103.451
-10.58	-103.384
-10.59	-103.407
-10.57	-103.407
-10.57	-102.738
-10.61	-102.716
-10.58	-102.694
-10.54	-102.738
-10.55	-102.694
-10.58	-102.203
-10.61	-102.248
-10.64	-102.248
-10.60	-102.203
-10.56	-102.203
-10.61	-102.181
-10.59	-102.137
-10.59	-102.181
-10.60	-102.159
-10.56	-102.181
-10.61	-102.047
-10.56	-102.070
-10.58	-102.025
-10.54	-102.047
-10.60	-102.003
-10.59	-101.958
-10.57	-102.003
-10.55	-101.981
-10.61	-102.003
-10.65	-101.958
-10.98	-107.352
-10.96	-107.374
-11.06	-107.329
-11.04	-107.307
-10.98	-107.285
-11.09	-104.544
-11.13	-104.566
-11.09	-104.521
-11.06	-104.566
-11.08	-104.544
-11.68	-107.820
-11.66	-107.842
-11.65	-107.775
-11.61	-107.731
-11.65	-107.753
-12.08	-108.756
-12.08	-108.711
-12.03	-108.733
-12.06	-108.711
-12.11	-108.667
-12.12	-105.101
-12.12	-105.101
-12.19	-105.123
-12.20	-105.123
-12.19	-105.101
-12.74	-109.915
-12.78	-109.870
-12.79	-109.759
-12.76	-109.669
-12.71	-109.603
-13.09	-109.848
-13.03	-109.781
-13.07	-109.781
-13.12	-109.692
-13.18	-109.692
-13.18	-105.747
-13.23	-105.747
-13.16	-105.769
-13.16	-105.725
-13.15	-105.747
-13.30	-106.795
-13.27	-106.951
-13.26	-107.062
-13.33	-107.196
-13.29	-107.441
-13.69	-107.597
-13.75	-107.552
-13.72	-107.530
-13.70	-107.552
-13.62	-107.530
-13.73	-106.527
-13.78	-106.483
-13.76	-106.527
-13.72	-106.483
-13.69	-106.483
-13.73	-106.282
-13.79	-106.304
-13.76	-106.260
-13.72	-106.282
-13.75	-106.260
-13.80	-104.588
-13.80	-104.588
-13.78	-104.588
-13.75	-104.544
-13.77	-104.610
-13.84	-103.318
-13.79	-103.318
-13.81	-103.296
-13.81	-103.296
-13.81	-103.296
-13.84	-103.000
-13.83	-103.000
-13.84	-103.023
-13.80	-103.000
-13.79	-103.000
-13.81	-102.978
-13.84	-102.978
-13.85	-102.956
-13.81	-103.000
-13.81	-102.956
-14.13	-107.502
-14.14	-107.502
-14.14	-107.458
-14.15	-107.480
-14.15	-107.480
-14.20	-106.659
-14.15	-106.614
-14.15	-106.637
-14.14	-106.614
-14.14	-106.659
-14.19	-106.570
-14.17	-106.592
-14.14	-106.592
-14.15	-106.525
-14.15	-106.592
-14.20	-105.790
-14.17	-105.812
-14.21	-105.790
-14.20	-105.812
-14.20	-105.767
-14.75	-109.422
-14.74	-109.400
-14.78	-109.356
-14.80	-109.378
-14.82	-109.311
-14.85	-106.793
-14.88	-106.793
-14.89	-106.793
-14.86	-106.770
-14.83	-106.815
-14.85	-106.191
-14.85	-106.191
-14.88	-106.213
-14.86	-106.169
-14.86	-106.191
-15.32	-109.467
-15.28	-109.445
-15.28	-109.422
-15.31	-109.422
-15.36	-109.422
-15.36	-108.041
-15.36	-108.085
-15.43	-108.107
-15.40	-108.085
-15.38	-108.107
-15.99	-110.581
-15.98	-110.581
-15.98	-110.559
-15.94	-110.559
-15.95	-110.537
-16.01	-107.483
-15.98	-107.506
-15.98	-107.506
-16.01	-107.506
-16.02	-107.483
-16.61	-110.225
-16.60	-110.247
-16.58	-110.202
-16.59	-110.180
-16.60	-110.202
-16.63	-108.620
-16.66	-108.665
-16.64	-108.642
-16.59	-108.642
-16.59	-108.642
-16.67	-107.105
-16.66	-107.082
-16.67	-107.082
-16.67	-107.105
-16.67	-107.082
-16.76	-105.901
-16.72	-105.901
-16.71	-105.946
-16.69	-105.901
-16.68	-105.901
-16.74	-105.299
-16.73	-105.322
-16.71	-105.322
-16.74	-105.299
-16.75	-105.277
-17.09	-110.336
-17.11	-110.336
-17.11	-110.336
-17.10	-110.269
-17.12	-110.247
-17.14	-109.422
-17.12	-109.445
-17.09	-109.445
-17.07	-109.445
-17.08	-109.467
-17.58	-111.138
-17.55	-111.138
-17.52	-111.094
-17.51	-111.138
-17.51	-111.094
-17.56	-108.085
-17.59	-108.085
-17.60	-108.041
-17.65	-108.063
-17.65	-108.085
-17.60	-107.595
-17.64	-107.550
-17.64	-107.573
-17.60	-107.550
-17.60	-107.573
-17.62	-107.171
-17.63	-107.216
-17.66	-107.149
-17.67	-107.171
-17.64	-107.171
-17.72	-105.099
-17.70	-105.054
-17.68	-105.077
-17.68	-105.077
-17.65	-105.077
-17.66	-105.010
-17.64	-105.032
-17.69	-105.010
-17.66	-105.054
-17.66	-105.010
-18.07	-110.336
-18.07	-110.358
-18.08	-110.358
-18.11	-110.381
-18.11	-110.358
-18.57	-111.673
-18.55	-111.718
-18.56	-111.696
-18.54	-111.651
-18.56	-111.696
-18.63	-108.642
-18.66	-108.620
-18.66	-108.642
-18.65	-108.642
-18.66	-108.620
-19.16	-111.562
-19.20	-111.584
-19.18	-111.517
-19.18	-111.517
-19.14	-111.540
-19.49	-112.008
-19.48	-112.030
-19.43	-112.008
-19.45	-111.963
-19.43	-111.985
-19.50	-109.110
-19.51	-109.110
-19.49	-109.088
-19.52	-109.088
-19.48	-109.088
-19.52	-108.620
-19.53	-108.642
-19.56	-108.642
-19.55	-108.620
-19.57	-108.642
-19.97	-112.119
-19.95	-112.119
-19.95	-112.097
-19.93	-112.097
-19.98	-112.097
-19.94	-109.757
-19.95	-109.690
-20.00	-109.690
-20.01	-109.690
-20.01	-109.668
-20.01	-109.266
-20.03	-109.289
-20.04	-109.333
-20.01	-109.311
-20.00	-109.289
-20.30	-111.540
-20.31	-111.517
-20.28	-111.517
-20.27	-111.495
-20.25	-111.473
-20.34	-109.913
-20.30	-109.913
-20.31	-109.890
-20.27	-109.868
-20.30	-109.890
-20.78	-111.540
-20.77	-111.606
-20.78	-111.562
-20.80	-111.540
-20.81	-111.517
-20.84	-110.760
-20.81	-110.760
-20.83	-110.782
-20.81	-110.760
-20.76	-110.737
-21.04	-112.632
-21.03	-112.632
-21.00	-112.609
-21.04	-112.587
-21.03	-112.609
-21.17	-110.314
-21.19	-110.336
-21.17	-110.358
-21.17	-110.381
-21.17	-110.336
-21.17	-110.180
-21.17	-110.158
-21.15	-110.180
-21.14	-110.180
-21.12	-110.158
-21.12	-109.578
-21.12	-109.578
-21.14	-109.578
-21.18	-109.578
-21.19	-109.556
-21.18	-108.665
-21.15	-108.665
-21.13	-108.642
-21.11	-108.665
-21.14	-108.665
-21.17	-108.041
-21.16	-108.063
-21.14	-108.085
-21.12	-108.085
-21.11	-108.041
-21.23	-105.277
-21.24	-105.233
-21.22	-105.255
-21.21	-105.255
-21.23	-105.255
-21.21	-105.211
-21.21	-105.144
-21.24	-105.188
-21.24	-105.188
-21.23	-105.188
-21.26	-105.077
-21.24	-105.121
-21.27	-105.099
-21.26	-105.099
-21.25	-105.099
-21.13	-101.444
-21.15	-101.444
-21.14	-101.466
-21.13	-101.444
-21.12	-101.444
-20.74	-92.685
-20.76	-92.641
-20.73	-92.685
-20.71	-92.663
-20.70	-92.708
-20.56	-90.434
-20.55	-90.412
-20.57	-90.457
-20.53	-90.434
-20.55	-90.479
-20.53	-91.348
-20.52	-91.371
-20.53	-91.371
-20.52	-91.371
-20.55	-91.393
-20.51	-91.549
-20.49	-91.549
-20.52	-91.571
-20.54	-91.549
-20.53	-91.549
-20.07	-82.656
-20.05	-82.656
-20.06	-82.612
-20.05	-82.634
-20.03	-82.656
-19.77	-77.419
-19.80	-77.375
-19.69	-77.441
-19.75	-77.441
-19.78	-77.464
-19.28	-70.800
-19.29	-70.778
-19.27	-70.778
-19.29	-70.778
-19.27	-70.755
-19.21	-72.159
-19.22	-72.182
-19.26	-72.204
-19.26	-72.182
-19.23	-72.204
-18.77	-68.438
-18.75	-68.460
-18.75	-68.482
-18.79	-68.460
-18.79	-68.438
-18.78	-68.148
-18.77	-68.192
-18.76	-68.192
-18.78	-68.192
-18.76	-68.170
-18.77	-68.638
-18.78	-68.638
-18.79	-68.638
-18.78	-68.638
-18.77	-68.638
-18.73	-68.705
-18.76	-68.727
-18.71	-68.750
-18.74	-68.727
-18.75	-68.727
-18.45	-61.284
-18.50	-61.261
-18.48	-61.284
-18.48	-61.261
-18.47	-61.261
-18.10	-55.801
-18.10	-55.779
-18.09	-55.779
-18.05	-55.779
-18.07	-55.801
-18.10	-56.982
-18.10	-57.005
-18.11	-56.960
-18.10	-56.960
-18.10	-56.982
-18.02	-57.361
-18.01	-57.406
-18.01	-57.383
-18.00	-57.383
-18.02	-57.406
-18.04	-57.584
-18.06	-57.562
-17.99	-57.539
-18.02	-57.584
-17.99	-57.584
-18.03	-57.673
-18.07	-57.695
-18.04	-57.673
-18.05	-57.673
-18.03	-57.673
-17.58	-50.296
-17.58	-50.318
-17.57	-50.340
-17.55	-50.274
-17.53	-50.318
-17.20	-45.660
-17.15	-45.682
-17.21	-45.660
-17.15	-45.682
-17.17	-45.682
-17.16	-46.485
-17.19	-46.485
-17.19	-46.485
-17.21	-46.485
-17.18	-46.485
-17.15	-46.708
-17.11	-46.752
-17.14	-46.752
-17.12	-46.708
-17.15	-46.708
-16.49	-38.863
-16.50	-38.840
-16.47	-38.863
-16.50	-38.885
-16.51	-38.863
-15.98	-33.380
-16.01	-33.447
-16.00	-33.403
-16.01	-33.425
-16.03	-33.447
-16.00	-34.606
-15.96	-34.628
-15.95	-34.606
-15.97	-34.606
-15.96	-34.628
-15.94	-34.807
-15.95	-34.807
-15.93	-34.784
-15.98	-34.784
-15.97	-34.762
-15.97	-34.940
-15.97	-34.963
-15.96	-34.940
-15.98	-34.963
-15.95	-34.940
-15.49	-28.901
-15.51	-28.901
-15.50	-28.901
-15.53	-28.923
-15.51	-28.923
-14.78	-22.504
-14.80	-22.549
-14.80	-22.549
-14.81	-22.571
-14.79	-22.571
-14.80	-24.131
-14.76	-24.131
-14.77	-24.154
-14.71	-24.154
-14.74	-24.109
-14.26	-18.315
-14.24	-18.381
-14.23	-18.359
-14.24	-18.404
-14.21	-18.381
-13.81	-14.459
-13.80	-14.437
-13.80	-14.481
-13.78	-14.459
-13.77	-14.459
-13.77	-15.818
-13.73	-15.818
-13.77	-15.774
-13.73	-15.796
-13.72	-15.796
-13.07	-10.113
-13.10	-10.158
-13.09	-10.113
-13.11	-10.158
-13.13	-10.135
-12.52	-6.570
-12.51	-6.614
-12.51	-6.570
-12.46	-6.592
-12.45	-6.592
-12.46	-7.684
-12.44	-7.662
-12.47	-7.639
-12.48	-7.662
-12.48	-7.639
-12.00	-4.363
-12.00	-4.319
-11.99	-4.252
-11.99	-4.296
-11.99	-4.252
-11.95	-3.984
-11.95	-4.029
-11.95	-4.007
-11.95	-4.007
-11.95	-4.007
-11.56	-1.377
-11.56	-1.332
-11.54	-1.243
-11.54	-1.198
-11.53	-1.154
-11.35	0.050
-11.35	0.072
-11.35	0.050
-11.36	0.027
-11.35	0.072
-10.93	2.902
-10.92	2.835
-10.97	2.880
-10.98	2.835
-10.96	2.858
-10.90	1.922
-10.91	1.899
-10.90	1.944
-10.89	1.944
-10.87	1.922
-10.88	1.409
-10.88	1.475
-10.86	1.453
-10.87	1.475
-10.87	1.498
-10.80	2.523
-10.80	2.590
-10.80	2.523
-10.84	2.567
-10.81	2.590
-10.78	2.701
-10.75	2.746
-10.77	2.768
-10.76	2.746
-10.74	2.768
-10.75	2.723
-10.74	2.679
-10.71	2.679
-10.75	2.679
-10.72	2.701
-10.72	2.567
-10.72	2.590
-10.71	2.567
-10.74	2.567
-10.74	2.523
-10.75	2.567
-10.72	2.545
-10.75	2.545
-10.69	2.501
-10.71	2.567
-10.73	2.634
-10.71	2.590
-10.72	2.634
-10.70	2.590
-10.69	2.657
-10.71	2.813
-10.71	2.790
-10.73	2.790
-10.71	2.813
-10.73	2.835
-10.73	2.857
-10.73	2.879
-10.73	2.813
-10.72	2.902
-10.69	2.835
-10.68	2.879
-10.71	2.902
-10.71	2.835
-10.70	2.835
-10.69	2.924
-10.66	2.924
-10.65	2.835
-10.65	2.946
-10.67	2.835
-10.67	2.879
-10.60	2.813
-10.65	2.813
-10.65	2.768
-10.68	2.768
-10.65	2.813
-10.63	2.857
-10.63	2.835
-10.65	2.835
-10.62	2.902
-10.62	2.835
-10.36	2.773
-10.35	2.750
-10.40	2.728
-10.37	2.795
-10.37	2.750
-10.35	2.817
-10.35	2.795
-10.34	2.840
-10.39	2.750
-10.34	2.750
-10.33	2.840
-10.31	2.795
-10.33	2.728
-10.30	2.773
-10.31	2.750
-10.37	1.369
-10.38	1.324
-10.39	1.369
-10.38	1.302
-10.32	1.369
-10.41	1.324
-10.41	1.324
-10.40	1.280
-10.38	1.302
-10.40	1.280
-10.43	1.280
-10.44	1.280
-10.41	1.302
-10.40	1.324
-10.38	1.280
-10.40	1.302
-10.41	1.280
-10.41	1.235
-10.43	1.257
-10.42	1.346
-10.13	3.865
-10.16	3.932
-10.15	3.887
-10.17	3.887
-10.17	3.865
-9.42	6.807
-9.40	6.784
-9.40	6.784
-9.35	6.829
-9.39	6.784
-9.38	6.606
-9.37	6.584
-9.35	6.628
-9.39	6.584
-9.36	6.628
-8.86	8.746
-8.84	8.723
-8.81	8.746
-8.84	8.701
-8.87	8.701
-8.82	8.500
-8.83	8.478
-8.80	8.456
-8.85	8.434
-8.82	8.456
-8.06	11.531
-8.09	11.487
-8.07	11.442
-8.05	11.509
-8.08	11.465
-8.08	11.063
-8.08	11.086
-8.05	11.108
-8.05	11.086
-8.03	11.063
-8.10	10.595
-8.07	10.595
-8.09	10.573
-8.08	10.595
-8.08	10.573
-7.52	13.470
-7.51	13.448
-7.52	13.403
-7.52	13.470
-7.53	13.426
-7.49	12.334
-7.52	12.334
-7.50	12.401
-7.49	12.356
-7.47	12.378
-7.43	11.821
-7.39	11.843
-7.42	11.866
-7.39	11.821
-7.43	11.843
-7.48	11.821
-7.45	11.799
-7.43	11.843
-7.38	11.843
-7.42	11.843
-6.92	15.810
-6.88	15.788
-6.90	15.788
-6.85	15.788
-6.88	15.788
-6.82	15.276
-6.87	15.298
-6.84	15.298
-6.85	15.231
-6.85	15.298
-6.90	15.097
-6.89	15.097
-6.88	15.053
-6.92	15.053
-6.90	15.053
-6.17	18.574
-6.16	18.574
-6.12	18.529
-6.12	18.485
-6.09	18.507
-6.13	17.905
-6.16	17.905
-6.15	17.883
-6.17	17.883
-6.16	17.928
-5.18	22.095
-5.16	22.073
-5.17	22.095
-5.18	22.073
-5.21	22.117
-5.14	21.025
-5.15	20.981
-5.13	21.025
-5.16	20.981
-5.13	20.959
-5.13	20.268
-5.10	20.312
-5.15	20.335
-5.15	20.290
-5.18	20.290
-5.19	20.179
-5.20	20.179
-5.20	20.179
-5.20	20.156
-5.19	20.134
-4.11	26.842
-4.11	26.842
-4.08	26.865
-4.08	26.820
-4.06	26.753
-4.05	26.241
-4.07	26.241
-4.08	26.196
-4.08	26.241
-4.07	26.263
-3.18	30.341
-3.19	30.319
-3.18	30.319
-3.22	30.319
-3.19	30.319
-3.19	29.427
-3.17	29.450
-3.18	29.383
-3.19	29.383
-3.23	29.405
-3.15	28.603
-3.21	28.581
-3.22	28.558
-3.24	28.581
-3.25	28.603
-2.44	33.484
-2.44	33.484
-2.47	33.484
-2.44	33.417
-2.45	33.461
-1.39	37.941
-1.38	37.986
-1.42	37.941
-1.44	37.941
-1.45	37.963
-0.80	40.861
-0.84	40.883
-0.85	40.883
-0.86	40.816
-0.86	40.794
-0.76	38.877
-0.79	38.899
-0.74	38.922
-0.77	38.899
-0.77	38.877
0.21	44.716
0.17	44.694
0.18	44.672
0.15	44.627
0.14	44.605
0.20	42.733
0.23	42.733
0.23	42.710
0.26	42.710
0.25	42.688
0.19	42.710
0.17	42.666
0.16	42.643
0.16	42.710
0.13	42.733
0.52	45.585
0.48	45.585
0.46	45.518
0.44	45.496
0.43	45.496
1.22	48.884
1.22	48.861
1.24	48.861
1.25	48.795
1.22	48.861
2.02	52.739
2.04	52.717
2.04	52.717
2.07	52.695
2.04	52.672
2.14	50.667
2.13	50.600
2.14	50.600
2.13	50.600
2.17	50.622
3.20	57.419
3.24	57.419
3.19	57.464
3.23	57.375
3.22	57.375
4.34	61.944
4.37	61.899
4.36	61.854
4.40	61.877
4.40	61.832
4.42	59.893
4.42	59.893
4.39	59.938
4.43	59.893
4.41	59.871
5.56	65.888
5.56	65.888
5.59	65.911
5.56	65.888
5.56	65.844
5.59	63.883
5.56	63.793
5.55	63.838
5.54	63.883
5.56	63.860
5.66	61.628
5.63	61.606
5.67	61.583
5.67	61.606
5.67	61.628
5.60	61.361
5.64	61.316
5.66	61.361
5.68	61.361
5.64	61.338
6.34	68.849
6.36	68.849
6.32	68.893
6.35	68.804
6.28	68.849
6.40	67.110
6.36	67.155
6.36	67.110
6.34	67.155
6.34	67.133
6.82	72.103
6.85	71.991
6.84	71.991
6.89	72.014
6.91	71.969
7.57	75.223
7.54	75.178
7.58	75.201
7.62	75.178
7.63	75.111
8.52	78.120
8.52	78.142
8.55	78.098
8.50	78.098
8.48	78.120
9.28	82.132
9.33	82.109
9.31	82.065
9.36	82.020
9.32	82.020
10.19	86.210
10.22	86.188
10.26	86.210
10.27	86.099
10.31	86.099
10.42	81.820
10.38	81.820
10.40	81.775
10.40	81.842
10.41	81.797
10.40	81.641
10.36	81.619
10.38	81.641
10.36	81.641
10.42	81.597
10.92	87.659
10.92	87.636
10.89	87.659
10.87	87.636
10.89	87.614
11.18	88.929
11.12	88.884
11.15	88.929
11.10	88.884
11.19	88.862
11.23	87.035
11.25	87.146
11.20	87.035
11.23	87.124
11.22	87.124
11.22	85.675
11.24	85.697
11.25	85.720
11.27	85.675
11.29	85.764
11.24	85.586
11.29	85.586
11.27	85.608
11.30	85.608
11.30	85.608
12.19	93.275
12.14	93.208
12.12	93.208
12.12	93.186
12.11	93.186
12.24	89.999
12.20	89.999
12.22	90.043
12.21	90.043
12.26	90.066
12.24	89.063
12.26	89.085
12.27	89.130
12.30	89.107
12.32	89.063
13.13	95.392
13.05	95.437
13.09	95.437
13.07	95.370
13.12	95.370
13.89	98.379
13.92	98.379
13.89	98.312
13.95	98.356
13.87	98.289
13.87	94.746
13.90	94.768
13.92	94.768
13.96	94.768
13.96	94.724
13.94	94.634
13.97	94.679
14.02	94.657
14.00	94.634
14.00	94.634
13.96	94.055
14.01	94.055
13.99	94.055
14.02	94.055
13.99	94.033
14.51	99.448
14.52	99.471
14.49	99.493
14.53	99.448
14.53	99.426
14.56	97.532
14.51	97.554
14.49	97.576
14.50	97.554
14.46	97.554
15.05	100.384
15.07	100.451
15.07	100.496
15.08	100.384
15.03	100.451
15.46	102.123
15.45	102.100
15.45	102.056
15.42	102.056
15.40	102.078
15.41	99.627
15.47	99.604
15.48	99.604
15.55	99.627
15.50	99.627
15.88	102.680
15.87	102.680
15.79	102.658
15.79	102.658
15.78	102.658
16.11	103.705
16.12	103.638
16.15	103.705
16.17	103.660
16.20	103.660
16.18	101.655
16.17	101.632
16.23	101.632
16.23	101.655
16.28	101.632
16.72	104.574
16.67	104.530
16.64	104.485
16.63	104.507
16.60	104.507
17.14	105.622
17.16	105.555
17.10	105.555
17.13	105.555
17.06	105.577
17.25	102.724
17.23	102.724
17.26	102.747
17.23	102.791
17.22	102.724
17.24	102.301
17.20	102.301
17.18	102.301
17.14	102.279
17.14	102.346
17.18	101.632
17.18	101.655
17.15	101.588
17.16	101.610
17.16	101.632
17.77	106.714
17.75	106.714
17.77	106.691
17.73	106.691
17.70	106.647
18.12	107.783
18.10	107.739
18.09	107.739
18.08	107.717
18.13	107.672
18.19	104.552
18.23	104.597
18.19	104.574
18.20	104.574
18.16	104.597
18.66	107.940
18.60	107.940
18.63	107.895
18.61	107.917
18.61	107.850
19.11	109.522
19.15	109.455
19.14	109.455
19.16	109.388
19.20	109.388
19.22	105.599
19.19	105.622
19.22	105.622
19.21	105.599
19.28	105.644
19.82	109.143
19.82	109.121
19.83	109.121
19.81	109.098
19.83	109.121
20.05	109.321
20.07	109.277
20.08	109.277
20.11	109.344
20.10	109.277
20.07	107.739
20.08	107.672
20.12	107.672
20.13	107.650
20.09	107.694
20.20	104.708
20.16	104.730
20.20	104.730
20.11	104.753
20.16	104.775
20.22	101.811
20.22	101.811
20.24	101.811
20.22	101.811
20.24	101.811
19.92	94.657
19.86	94.613
19.87	94.613
19.88	94.635
19.90	94.613
19.61	87.971
19.59	87.949
19.56	87.949
19.48	87.971
19.51	87.971
19.55	88.261
19.56	88.261
19.53	88.216
19.60	88.239
19.58	88.239
19.25	83.091
19.20	83.091
19.20	83.113
19.15	83.068
19.21	83.135
19.04	79.391
19.05	79.413
19.04	79.436
19.01	79.436
18.98	79.413
19.05	80.528
19.04	80.572
19.03	80.550
18.98	80.594
18.97	80.550
18.62	72.972
18.59	72.995
18.65	72.995
18.65	72.995
18.62	73.017
18.59	73.418
18.60	73.440
18.55	73.485
18.57	73.485
18.51	73.485
18.22	67.401
18.20	67.356
18.20	67.378
18.15	67.401
18.13	67.356
18.25	67.557
18.24	67.579
18.26	67.557
18.18	67.557
18.18	67.579
18.12	68.181
18.15	68.136
18.13	68.225
18.20	68.248
18.20	68.225
18.15	68.404
18.17	68.404
18.19	68.404
18.18	68.404
18.15	68.404
17.69	61.718
17.72	61.695
17.74	61.695
17.73	61.740
17.78	61.695
17.26	55.411
17.25	55.455
17.25	55.500
17.23	55.477
17.22	55.500
17.22	56.347
17.17	56.391
17.17	56.347
17.13	56.347
17.14	56.391
16.76	49.995
16.80	50.017
16.77	50.040
16.78	50.084
16.73	50.106
16.31	45.226
16.28	45.159
16.33	45.203
16.36	45.203
16.36	45.226
16.26	45.515
16.30	45.538
16.33	45.538
16.33	45.560
16.34	45.493
16.34	45.805
16.33	45.760
16.34	45.760
16.37	45.738
16.40	45.760
16.30	46.805
16.32	46.805
16.37	46.739
16.34	46.850
16.40	46.805
16.30	46.805
16.34	46.783
16.36	46.828
16.31	46.828
16.29	46.872
16.22	47.273
16.29	47.273
16.29	47.273
16.36	47.229
16.33	47.273
16.28	47.296
16.35	47.296
16.32	47.318
16.38	47.318
16.34	47.318
15.67	38.916
15.67	38.961
15.68	38.961
15.71	38.961
15.72	38.983
15.38	34.882
15.37	34.704
15.35	34.570
15.36	34.481
15.32	34.347
15.09	33.902
15.14	33.879
15.13	33.879
15.16	33.879
15.16	33.879
14.67	28.085
14.64	27.973
14.58	27.773
14.54	27.706
14.53	27.639
14.50	28.664
14.44	28.620
14.44	28.642
14.48	28.620
14.48	28.575
13.94	23.605
13.95	23.561
13.95	23.605
13.98	23.650
13.99	23.583
13.94	23.739
13.94	23.717
13.95	23.739
13.95	23.694
13.99	23.672
13.97	24.073
13.94	23.984
13.89	24.006
13.86	24.006
13.91	23.962
13.99	23.962
14.00	24.006
13.97	23.984
13.99	24.006
13.98	23.962
13.89	22.223
13.89	22.290
13.83	22.246
13.83	22.290
13.80	22.290
13.82	22.402
13.82	22.424
13.75	22.424
13.77	22.446
13.77	22.446
13.15	16.295
13.15	16.295
13.20	16.273
13.16	16.295
13.13	16.295
13.01	17.254
13.00	17.321
13.03	17.276
13.07	17.276
13.08	17.276
12.56	12.017
12.58	12.017
12.60	12.017
12.59	12.017
12.59	12.039
12.58	12.774
12.59	12.797
12.54	12.797
12.53	12.797
12.50	12.797
11.89	7.626
11.93	7.626
11.93	7.604
11.93	7.626
11.90	7.648
11.05	3.013
11.04	3.013
11.09	3.035
11.06	3.035
11.11	3.013
11.09	3.704
11.07	3.637
11.02	3.681
11.02	3.659
11.01	3.659
11.00	5.198
11.03	5.154
11.05	5.176
11.07	5.243
11.03	5.131
10.59	1.610
10.58	1.610
10.62	1.655
10.62	1.588
10.66	1.610
10.03	-0.418
10.04	-0.396
10.05	-0.373
10.05	-0.373
10.05	-0.351
10.26	0.318
10.25	0.273
10.26	0.318
10.24	0.251
10.26	0.318
8.14	-6.502
8.12	-6.502
8.10	-6.458
8.09	-6.502
8.09	-6.480
8.13	-5.856
8.10	-5.900
8.06	-5.856
8.08	-5.900
8.07	-5.900
8.15	-5.700
8.12	-5.700
8.13	-5.678
8.09	-5.678
8.05	-5.744
6.72	-9.087
6.76	-9.087
6.77	-9.065
6.80	-9.065
6.82	-9.065
6.73	-8.151
6.71	-8.174
6.74	-8.151
6.70	-8.196
6.76	-8.196
5.91	-10.982
5.90	-10.959
5.88	-11.026
5.91	-11.004
5.90	-10.959
5.92	-10.179
5.94	-10.179
5.95	-10.157
5.98	-10.135
5.97	-10.179
5.16	-13.255
5.15	-13.188
5.10	-13.210
5.17	-13.188
5.13	-13.166
5.15	-12.341
5.19	-12.319
5.19	-12.341
5.24	-12.341
5.20	-12.363
5.18	-12.118
5.14	-12.141
5.16	-12.118
5.12	-12.118
5.11	-12.074
4.60	-15.060
4.65	-15.038
4.64	-14.993
4.67	-14.993
4.63	-14.971
4.66	-14.146
4.60	-14.124
4.61	-14.191
4.57	-14.124
4.60	-14.169
3.89	-17.868
3.89	-17.801
3.90	-17.801
3.92	-17.801
3.86	-17.735
3.39	-19.829
3.42	-19.829
3.39	-19.807
3.39	-19.763
3.34	-19.785
2.68	-22.348
2.70	-22.370
2.72	-22.392
2.73	-22.326
2.79	-22.370
2.63	-20.855
2.60	-20.832
2.66	-20.832
2.68	-20.832
2.70	-20.832
2.29	-24.421
2.30	-24.376
2.25	-24.398
2.26	-24.421
2.26	-24.354
1.79	-26.426
1.79	-26.449
1.84	-26.426
1.83	-26.426
1.87	-26.404
1.34	-28.477
1.34	-28.432
1.32	-28.432
1.35	-28.432
1.34	-28.432
0.81	-30.817
0.82	-30.839
0.81	-30.772
0.85	-30.817
0.82	-30.817
0.82	-29.457
0.78	-29.457
0.80	-29.480
0.80	-29.480
0.84	-29.457
0.29	-32.889
0.29	-32.845
0.25	-32.823
0.26	-32.823
0.27	-32.845
-0.15	-35.363
-0.14	-35.386
-0.16	-35.363
-0.15	-35.386
-0.16	-35.341
-0.65	-37.414
-0.64	-37.414
-0.67	-37.414
-0.65	-37.414
-0.60	-37.391
-1.10	-39.932
-1.09	-39.932
-1.09	-39.887
-1.08	-39.887
-1.11	-39.865
-1.16	-38.372
-1.19	-38.372
-1.16	-38.350
-1.17	-38.327
-1.14	-38.327
-1.20	-38.060
-1.18	-38.127
-1.19	-38.060
-1.20	-38.082
-1.15	-38.060
-1.58	-41.693
-1.56	-41.693
-1.57	-41.693
-1.54	-41.715
-1.59	-41.648
-2.13	-44.478
-2.14	-44.456
-2.18	-44.434
-2.18	-44.389
-2.18	-44.434
-2.19	-42.718
-2.18	-42.673
-2.14	-42.696
-2.16	-42.718
-2.20	-42.696
-2.65	-46.819
-2.66	-46.841
-2.69	-46.796
-2.65	-46.841
-2.69	-46.796
-3.17	-49.337
-3.14	-49.315
-3.16	-49.315
-3.15	-49.270
-3.12	-49.248
-3.65	-52.011
-3.67	-51.944
-3.65	-52.011
-3.66	-51.922
-3.67	-51.922
-4.13	-53.861
-4.12	-53.839
-4.13	-53.839
-4.14	-53.794
-4.14	-53.794
-4.15	-52.836
-4.18	-52.836
-4.19	-52.769
-4.17	-52.858
-4.16	-52.814
-4.63	-56.290
-4.64	-56.290
-4.62	-56.223
-4.64	-56.268
-4.63	-56.223
-4.97	-57.672
-4.99	-57.672
-5.00	-57.694
-4.97	-57.628
-4.99	-57.650
-5.46	-60.346
-5.48	-60.369
-5.50	-60.369
-5.49	-60.346
-5.48	-60.324
-5.93	-62.018
-5.88	-61.973
-5.92	-61.973
-5.94	-61.951
-5.92	-61.951
-6.78	-66.141
-6.74	-66.186
-6.76	-66.141
-6.73	-66.141
-6.76	-66.096
-6.85	-64.715
-6.83	-64.737
-6.87	-64.692
-6.87	-64.715
-6.84	-64.715
-6.75	-63.823
-6.81	-63.801
-6.78	-63.801
-6.81	-63.779
-6.81	-63.801
-6.88	-62.064
-6.86	-62.064
-6.84	-62.064
-6.82	-62.109
-6.81	-62.064
-6.92	-61.953
-6.89	-61.953
-6.90	-61.975
-6.88	-61.953
-6.90	-61.953
-6.84	-61.931
-6.79	-61.931
-6.82	-61.908
-6.84	-61.931
-6.82	-61.931
-6.84	-61.864
-6.87	-61.752
-6.83	-61.797
-6.83	-61.797
-6.82	-61.775
-7.48	-68.394
-7.44	-68.371
-7.42	-68.349
-7.41	-68.349
-7.43	-68.349
-7.51	-66.878
-7.51	-66.834
-7.51	-66.834
-7.49	-66.789
-7.48	-66.789
-8.03	-71.469
-8.06	-71.447
-8.05	-71.447
-8.02	-71.425
-8.01	-71.402
-8.91	-74.946
-8.92	-75.035
-8.88	-75.013
-8.91	-74.990
-8.89	-74.968
-9.63	-77.999
-9.65	-77.999
-9.62	-77.977
-9.61	-77.955
-9.60	-77.955
-9.63	-75.882
-9.66	-75.904
-9.66	-75.860
-9.64	-75.837
-9.67	-75.860
-10.31	-81.008
-10.30	-81.030
-10.32	-80.986
-10.31	-81.008
-10.31	-80.986
-10.35	-78.556
-10.38	-78.556
-10.38	-78.556
-10.38	-78.579
-10.41	-78.512
-10.92	-82.612
-10.91	-82.568
-10.92	-82.590
-10.92	-82.635
-10.88	-82.590
-11.75	-86.089
-11.78	-86.045
-11.78	-86.089
-11.79	-86.067
-11.82	-86.000
-12.31	-88.541
-12.33	-88.563
-12.34	-88.541
-12.35	-88.518
-12.34	-88.541
-12.33	-86.267
-12.35	-86.267
-12.36	-86.267
-12.38	-86.267
-12.39	-86.290
-12.42	-85.799
-12.37	-85.799
-12.38	-85.777
-12.37	-85.822
-12.37	-85.755
-12.42	-85.109
-12.39	-85.109
-12.39	-85.175
-12.39	-85.153
-12.39	-85.153
-12.52	-86.134
-12.53	-86.267
-12.52	-86.312
-12.51	-86.312
-12.49	-86.379
-12.96	-90.212
-12.93	-90.190
-12.97	-90.212
-12.96	-90.212
-12.95	-90.212
-13.41	-92.240
-13.37	-92.218
-13.37	-92.218
-13.41	-92.218
-13.40	-92.173
-13.48	-90.168
-13.48	-90.190
-13.46	-90.168
-13.50	-90.212
-13.49	-90.190
-13.98	-94.068
-13.99	-94.068
-13.98	-94.023
-13.97	-94.023
-13.99	-94.045
-14.60	-96.274
-14.63	-96.230
-14.61	-96.296
-14.60	-96.252
-14.57	-96.230
-14.67	-93.288
-14.70	-93.310
-14.69	-93.355
-14.69	-93.288
-14.67	-93.310
-15.10	-97.166
-15.10	-97.188
-15.08	-97.166
-15.11	-97.121
-15.11	-97.121
-15.65	-99.171
-15.66	-99.171
-15.68	-99.105
-15.69	-99.149
-15.71	-99.127
-15.76	-96.787
-15.75	-96.787
-15.74	-96.764
-15.75	-96.764
-15.73	-96.787
-16.16	-100.464
-16.21	-100.464
-16.19	-100.442
-16.24	-100.442
-16.23	-100.419
-16.22	-98.124
-16.22	-98.102
-16.21	-98.124
-16.20	-98.102
-16.23	-98.079
-16.30	-97.232
-16.27	-97.255
-16.28	-97.255
-16.26	-97.277
-16.27	-97.232
-16.68	-100.798
-16.65	-100.776
-16.62	-100.754
-16.60	-100.798
-16.61	-100.754
-17.09	-102.916
-17.07	-102.916
-17.09	-102.871
-17.08	-102.871
-17.11	-102.826
-17.07	-100.932
-17.12	-100.910
-17.12	-100.932
-17.13	-100.932
-17.14	-100.910
-17.59	-103.629
-17.55	-103.606
-17.56	-103.629
-17.56	-103.606
-17.57	-103.584
-17.61	-102.336
-17.64	-102.336
-17.62	-102.336
-17.62	-102.336
-17.62	-102.336
-17.66	-101.489
-17.66	-101.467
-17.66	-101.489
-17.62	-101.489
-17.62	-101.445
-18.21	-105.166
-18.19	-105.144
-18.23	-105.166
-18.20	-105.144
-18.24	-105.144
-18.65	-106.392
-18.69	-106.459
-18.69	-106.370
-18.70	-106.437
-18.73	-106.392
-18.73	-103.918
-18.75	-103.918
-18.76	-103.896
-18.78	-103.896
-18.80	-103.896
-19.32	-107.261
-19.36	-107.239
-19.33	-107.217
-19.35	-107.239
-19.32	-107.195
-19.34	-104.810
-19.38	-104.810
-19.38	-104.743
-19.37	-104.832
-19.35	-104.810
-19.85	-108.086
-19.86	-108.041
-19.88	-108.041
-19.90	-108.041
-19.95	-107.997
-20.31	-109.379
-20.30	-109.356
-20.26	-109.334
-20.30	-109.334
-20.29	-109.312
-20.43	-105.768
-20.42	-105.791
-20.40	-105.768
-20.36	-105.768
-20.40	-105.768
-20.40	-103.333
-20.44	-103.310
-20.43	-103.333
-20.43	-103.333
-20.45	-103.310
-20.67	-107.099
-20.70	-107.077
-20.68	-107.099
-20.65	-107.099
-20.62	-107.099
-20.88	-109.328
-20.88	-109.328
-20.90	-109.328
-20.94	-109.305
-20.95	-109.305
-21.24	-110.175
-21.27	-110.197
-21.25	-110.175
-21.27	-110.130
-21.24	-110.130
-21.41	-110.687
-21.44	-110.643
-21.44	-110.643
-21.43	-110.598
-21.41	-110.598
-21.49	-109.885
-21.51	-109.796
-21.47	-109.840
-21.49	-109.796
-21.46	-109.840
-21.44	-108.815
-21.42	-108.815
-21.44	-108.793
-21.46	-108.837
-21.46	-108.837
-21.42	-108.369
-21.41	-108.392
-21.45	-108.369
-21.47	-108.347
-21.46	-108.369
-21.56	-104.315
-21.57	-104.359
-21.57	-104.337
-21.58	-104.337
-21.58	-104.359
-21.54	-104.270
-21.53	-104.270
-21.56	-104.248
-21.55	-104.270
-21.59	-104.270
-21.50	-100.415
-21.48	-100.437
-21.49	-100.459
-21.47	-100.392
-21.51	-100.392
-21.24	-96.069
-21.27	-96.047
-21.24	-96.091
-21.25	-96.069
-21.26	-96.113
-21.21	-96.693
-21.21	-96.760
-21.22	-96.715
-21.22	-96.737
-21.25	-96.671
-20.89	-89.717
-20.84	-89.606
-20.86	-89.650
-20.86	-89.628
-20.86	-89.695
-20.85	-90.029
-20.89	-90.007
-20.88	-90.007
-20.87	-89.985
-20.86	-90.007
-20.42	-83.365
-20.45	-83.299
-20.42	-83.299
-20.42	-83.276
-20.42	-83.321
-20.08	-77.905
-20.05	-77.950
-20.06	-77.883
-20.05	-77.950
-20.03	-77.905
-20.07	-79.376
-20.05	-79.354
-20.08	-79.376
-20.07	-79.332
-20.08	-79.354
-19.62	-72.155
-19.58	-72.200
-19.60	-72.178
-19.54	-72.200
-19.58	-72.178
-18.99	-64.979
-19.00	-64.957
-19.02	-64.979
-19.02	-64.957
-19.05	-64.979
-19.00	-66.093
-18.97	-66.071
-18.98	-66.116
-18.97	-66.116
-19.00	-66.116
-19.05	-66.183
-19.03	-66.205
-19.06	-66.205
-19.06	-66.205
-19.05	-66.183
-18.95	-66.405
-18.94	-66.405
-18.97	-66.450
-18.97	-66.405
-18.99	-66.405
-18.54	-60.856
-18.54	-60.834
-18.55	-60.811
-18.57	-60.811
-18.58	-60.611
-18.11	-55.329
-18.10	-55.351
-18.12	-55.351
-18.09	-55.351
-18.11	-55.374
-17.46	-47.863
-17.44	-47.818
-17.44	-47.863
-17.46	-47.885
-17.40	-47.885
-17.06	-43.985
-17.05	-43.985
-17.06	-43.985
-17.05	-43.963
-17.07	-44.007
-17.07	-45.389
-17.09	-45.367
-17.09	-45.389
-17.07	-45.389
-17.06	-45.411
-17.03	-45.545
-17.03	-45.545
-17.01	-45.501
-17.01	-45.545
-17.01	-45.545
-17.01	-46.349
-17.00	-46.372
-16.98	-46.394
-17.02	-46.372
-16.97	-46.372
-16.45	-38.772
-16.49	-38.794
-16.48	-38.817
-16.45	-38.839
-16.47	-38.883
-15.88	-32.866
-15.89	-32.911
-15.88	-32.933
-15.90	-32.933
-15.87	-32.977
-15.34	-28.342
-15.35	-28.275
-15.37	-28.275
-15.35	-28.164
-15.32	-28.119
-14.74	-23.305
-14.75	-23.261
-14.74	-23.261
-14.75	-23.194
-14.74	-23.038
-14.61	-23.974
-14.62	-23.929
-14.63	-23.951
-14.62	-23.974
-14.61	-23.929
-14.58	-24.133
-14.59	-24.155
-14.60	-24.110
-14.59	-24.155
-14.60	-24.200
-13.97	-17.714
-13.98	-17.781
-13.98	-17.692
-13.98	-17.692
-13.94	-17.692
-13.40	-14.237
-13.37	-14.215
-13.38	-14.193
-13.36	-14.260
-13.41	-14.237
-12.84	-10.181
-12.84	-10.204
-12.82	-10.226
-12.83	-10.226
-12.80	-10.204
-12.28	-7.284
-12.30	-7.284
-12.28	-7.284
-12.31	-7.262
-12.33	-7.284
-12.26	-8.242
-12.27	-8.242
-12.27	-8.265
-12.27	-8.265
-12.20	-8.265
-10.44	0.048
-10.46	-0.019
-10.46	-0.019
-10.45	0.004
-10.46	-0.019
-9.88	2.700
-9.89	2.723
-9.85	2.700
-9.86	2.700
-9.83	2.700
-9.85	1.853
-9.85	1.876
-9.87	1.898
-9.88	1.876
-9.87	1.943
-9.88	1.787
-9.89	1.809
-9.86	1.787
-9.87	1.787
-9.87	1.809
-9.84	1.564
-9.88	1.587
-9.86	1.542
-9.89	1.587
-9.89	1.564
-9.71	2.745
-9.66	2.701
-9.68	2.723
-9.67	2.723
-9.69	2.701
-9.62	2.768
-9.63	2.768
-9.63	2.701
-9.64	2.768
-9.64	2.723
-9.64	2.478
-9.67	2.478
-9.68	2.478
-9.67	2.500
-9.68	2.478
-9.66	2.367
-9.67	2.344
-9.65	2.322
-9.67	2.322
-9.67	2.322
-9.66	2.300
-9.65	2.300
-9.67	2.322
-9.64	2.277
-9.63	2.300
-9.62	2.300
-9.65	2.233
-9.63	2.211
-9.64	2.300
-9.64	2.277
-9.64	2.367
-9.64	2.389
-9.64	2.367
-9.65	2.367
-9.63	2.344
-9.61	2.523
-9.60	2.567
-9.61	2.523
-9.59	2.545
-9.63	2.478
-9.65	2.745
-9.62	2.790
-9.64	2.745
-9.63	2.745
-9.65	2.745
-9.60	2.857
-9.56	2.857
-9.61	2.835
-9.59	2.835
-9.59	2.879
-9.59	2.879
-9.61	2.835
-9.58	2.857
-9.58	2.857
-9.62	2.879
-9.54	2.857
-9.57	2.857
-9.57	2.901
-9.55	2.879
-9.58	2.901
-9.59	2.879
-9.64	2.901
-9.58	2.879
-9.63	2.835
-9.59	2.857
-9.52	2.879
-9.54	2.879
-9.50	2.857
-9.53	2.879
-9.53	2.879
-9.59	2.857
-9.57	2.901
-9.56	2.835
-9.55	2.812
-9.58	2.835
-8.94	2.801
-8.98	2.756
-9.00	2.779
-9.02	2.756
-9.01	2.801
-8.99	2.756
-9.02	2.779
-8.95	2.801
-8.96	2.779
-8.97	2.734
-9.01	1.865
-9.03	1.843
-9.03	1.865
-8.99	1.932
-8.99	1.865
-9.01	1.664
-9.02	1.664
-9.01	1.642
-9.01	1.642
-9.05	1.664
-9.05	1.375
-9.07	1.375
-9.01	1.352
-9.06	1.352
-9.04	1.308
-9.10	1.441
-9.10	1.441
-9.08	1.397
-9.09	1.397
-9.06	1.397
-8.79	3.358
-8.77	3.313
-8.77	3.291
-8.75	3.358
-8.80	3.336
-7.98	5.386
-7.98	5.386
-7.98	5.453
-7.95	5.408
-7.98	5.408
-7.96	4.784
-8.00	4.718
-8.01	4.762
-8.01	4.784
-8.04	4.762
-8.02	4.762
-8.05	4.762
-8.00	4.740
-8.03	4.762
-8.02	4.695
-8.00	4.762
-7.98	4.740
-8.00	4.695
-7.98	4.718
-7.99	4.695
-7.40	7.102
-7.42	7.124
-7.42	7.102
-7.39	7.102
-7.38	7.124
-6.78	8.863
-6.76	8.885
-6.77	8.841
-6.79	8.863
-6.75	8.774
-6.85	8.551
-6.84	8.551
-6.83	8.529
-6.82	8.573
-6.85	8.506
-6.10	11.403
-6.12	11.381
-6.11	11.381
-6.11	11.381
-6.10	11.381
-6.01	10.445
-6.03	10.445
-6.04	10.467
-6.02	10.467
-6.04	10.401
-5.53	13.476
-5.54	13.454
-5.50	13.476
-5.49	13.498
-5.47	13.454
-4.93	15.683
-4.92	15.705
-4.92	15.683
-4.94	15.660
-4.94	15.705
-4.39	18.401
-4.33	18.357
-4.39	18.335
-4.39	18.290
-4.42	18.335
-4.00	19.895
-3.98	19.895
-4.01	19.872
-3.99	19.850
-4.04	19.828
-3.37	22.614
-3.36	22.614
-3.36	22.614
-3.39	22.658
-3.39	22.658
-3.34	20.831
-3.32	20.853
-3.34	20.875
-3.34	20.853
-3.37	20.831
-3.28	20.519
-3.28	20.496
-3.33	20.563
-3.31	20.519
-3.33	20.519
-2.90	24.642
-2.89	24.686
-2.92	24.686
-2.87	24.686
-2.88	24.642
-2.41	26.937
-2.40	26.982
-2.42	26.960
-2.43	26.870
-2.41	26.915
-1.96	29.344
-1.92	29.344
-1.92	29.344
-1.92	29.322
-1.93	29.322
-1.89	27.182
-1.87	27.294
-1.86	27.205
-1.85	27.205
-1.82	27.182
-1.32	31.952
-1.32	31.952
-1.35	31.929
-1.33	31.929
-1.32	31.840
-0.98	33.712
-0.96	33.690
-0.96	33.646
-0.91	33.690
-0.92	33.668
-0.86	31.662
-0.87	31.684
-0.85	31.662
-0.83	31.707
-0.85	31.684
-0.43	36.275
-0.43	36.253
-0.43	36.208
-0.41	36.208
-0.39	36.186
-0.32	34.247
-0.32	34.247
-0.32	34.270
-0.33	34.225
-0.31	34.292
-0.35	33.824
-0.34	33.779
-0.34	33.824
-0.36	33.779
-0.32	33.824
-0.11	36.342
-0.14	36.364
-0.10	36.342
-0.13	36.342
-0.12	36.409
0.19	38.504
0.21	38.482
0.22	38.459
0.22	38.482
0.22	38.504
0.44	39.863
0.43	39.841
0.43	39.797
0.46	39.819
0.47	39.819
0.99	42.226
1.00	42.204
0.98	42.204
0.98	42.159
0.99	42.159
1.72	45.301
1.70	45.257
1.74	45.212
1.71	45.235
1.74	45.257
1.75	43.897
1.77	43.830
1.77	43.875
1.76	43.875
1.74	43.875
1.79	42.449
1.79	42.471
1.79	42.449
1.80	42.404
1.80	42.449
2.57	49.090
2.58	49.112
2.60	49.046
2.58	49.046
2.62	48.979
3.45	51.943
3.42	51.921
3.48	52.010
3.45	51.965
3.44	51.943
4.02	55.241
4.02	55.241
4.04	55.286
4.06	55.241
4.08	55.174
4.02	53.949
4.04	53.882
4.02	53.904
4.04	53.926
4.02	53.949
5.28	59.231
5.27	59.231
5.25	59.208
5.28	59.208
5.27	59.253
6.25	63.042
6.22	63.042
6.27	63.019
6.24	63.019
6.23	62.975
6.92	66.295
6.93	66.295
6.92	66.273
6.93	66.318
6.96	66.295
7.05	62.010
7.04	62.010
7.07	61.943
7.07	62.010
7.07	61.966
7.08	61.698
7.12	61.720
7.10	61.676
7.12	61.676
7.13	61.720
7.75	69.164
7.77	69.164
7.75	69.186
7.75	69.120
7.73	69.142
7.79	67.470
7.77	67.470
7.78	67.470
7.78	67.470
7.81	67.470
8.70	73.443
8.69	73.399
8.68	73.354
8.70	73.354
8.70	73.399
9.73	77.767
9.72	77.700
9.76	77.722
9.72	77.678
9.77	77.633
9.69	75.516
9.69	75.471
9.73	75.449
9.72	75.471
9.75	75.471
9.75	74.691
9.76	74.714
9.78	74.714
9.76	74.714
9.76	74.691
10.41	80.174
10.39	80.174
10.38	80.174
10.34	80.129
10.36	80.151
11.15	83.494
11.13	83.450
11.13	83.428
11.09	83.405
11.10	83.361
12.38	87.863
12.37	87.863
12.35	87.773
12.33	87.818
12.32	87.796
12.41	84.475
12.36	84.497
12.37	84.475
12.37	84.453
12.35	84.497
12.33	84.386
12.33	84.431
12.33	84.431
12.32	84.431
12.35	84.386
12.41	83.873
12.45	83.873
12.42	83.896
12.45	83.851
12.41	83.851
12.37	83.071
12.44	83.093
12.42	83.093
12.44	83.071
12.38	83.093
12.98	89.356
12.96	89.356
12.94	89.334
12.92	89.334
12.95	89.311
13.42	92.008
13.48	91.963
13.49	92.053
13.50	91.986
13.51	91.963
13.54	89.534
13.55	89.490
13.54	89.512
13.56	89.512
13.55	89.534
13.59	88.264
13.61	88.308
13.58	88.219
13.58	88.219
13.55	88.264
14.13	93.434
14.11	93.345
14.13	93.390
14.14	93.345
14.13	93.323
14.50	94.950
14.49	94.905
14.50	94.927
14.52	94.927
14.49	94.905
14.60	93.167
14.61	93.189
14.61	93.167
14.63	93.211
14.62	93.189
15.12	96.822
15.12	96.755
15.09	96.710
15.14	96.733
15.11	96.777
15.55	98.204
15.54	98.204
15.56	98.293
15.58	98.181
15.56	98.159
15.56	95.752
15.56	95.730
15.59	95.752
15.58	95.730
15.56	95.708
16.07	99.184
16.08	99.229
16.12	99.162
16.10	99.162
16.09	99.162
16.51	100.923
16.52	100.900
16.53	100.833
16.53	100.856
16.53	100.833
16.56	97.424
16.58	97.513
16.59	97.490
16.57	97.446
16.56	97.535
16.60	96.844
16.64	96.822
16.59	96.844
16.58	96.822
16.53	96.844
16.95	101.569
16.97	101.524
16.96	101.591
16.99	101.502
17.02	101.591
17.55	103.352
17.58	103.396
17.57	103.374
17.53	103.374
17.53	103.352
17.66	100.143
17.67	100.143
17.70	100.076
17.69	100.031
17.75	100.053
18.27	104.399
18.29	104.422
18.27	104.444
18.26	104.422
18.25	104.355
18.75	105.558
18.78	105.536
18.72	105.469
18.75	105.469
18.71	105.491
18.72	102.906
18.72	102.928
18.69	102.906
18.70	102.928
18.68	102.928
19.24	106.026
19.28	105.959
19.25	105.937
19.31	105.937
19.28	105.915
19.79	107.854
19.81	107.831
19.79	107.831
19.78	107.809
19.80	107.809
19.84	104.578
19.86	104.644
19.85	104.578
19.87	104.622
19.86	104.600
20.09	106.695
20.08	106.717
20.09	106.695
20.11	106.717
20.10	106.650
20.11	105.202
20.16	105.202
20.14	105.202
20.18	105.179
20.14	105.224
20.16	105.023
20.13	105.090
20.14	105.090
20.09	105.046
20.09	105.046
20.19	100.789
20.22	100.766
20.21	100.833
20.20	100.833
20.20	100.811
20.18	100.588
20.19	100.566
20.19	100.588
20.16	100.566
20.16	100.588
20.25	100.610
20.20	100.566
20.24	100.543
20.20	100.610
20.20	100.566
20.21	100.142
20.16	100.209
20.19	100.165
20.16	100.165
20.20	100.165
20.17	100.165
20.20	100.209
20.20	100.165
20.22	100.187
20.25	100.187
19.87	93.077
19.86	93.033
19.86	93.055
19.85	93.055
19.87	93.077
19.65	88.888
19.63	88.865
19.66	88.932
19.63	88.865
19.65	88.865
19.70	89.110
19.69	89.110
19.68	89.200
19.71	89.155
19.72	89.155
19.71	89.177
19.76	89.200
19.73	89.155
19.76	89.133
19.70	89.133
19.40	83.895
19.39	83.895
19.40	83.918
19.36	83.895
19.40	83.940
18.99	78.324
18.95	78.324
18.98	78.368
19.01	78.413
19.00	78.346
19.02	79.572
19.04	79.572
18.98	79.549
19.00	79.594
18.98	79.594
18.65	73.220
18.63	73.175
18.65	73.198
18.64	73.220
18.66	73.265
18.13	66.913
18.09	66.935
18.09	66.958
18.09	66.935
18.09	66.935
18.10	67.648
18.08	67.648
18.06	67.648
18.05	67.626
18.07	67.671
18.21	68.272
18.17	68.272
18.19	68.295
18.15	68.317
18.14	68.295
17.62	60.740
17.60	60.740
17.60	60.784
17.62	60.762
17.65	60.740
17.35	56.438
17.35	56.438
17.33	56.461
17.37	56.438
17.31	56.461
16.77	49.663
16.75	49.596
16.76	49.663
16.75	49.619
16.79	49.619
16.41	46.209
16.42	46.186
16.36	46.186
16.35	46.231
16.33	46.209
16.27	47.345
16.26	47.278
16.30	47.278
16.30	47.278
16.35	47.301
16.34	47.613
16.37	47.636
16.38	47.613
16.41	47.613
16.35	47.613
16.24	48.572
16.24	48.572
16.29	48.616
16.33	48.549
16.36	48.549
15.58	38.721
15.61	38.699
15.67	38.721
15.63	38.788
15.64	38.743
15.02	32.926
15.04	32.904
15.06	32.971
15.06	32.949
15.03	32.926
14.45	27.266
14.43	27.310
14.38	27.288
14.36	27.310
14.35	27.288
14.02	23.856
14.03	23.811
13.97	23.834
13.98	23.834
13.95	23.834
14.02	24.703
13.98	24.680
13.93	24.680
13.91	24.658
13.89	24.636
14.00	25.260
13.98	25.327
13.96	25.327
13.92	25.327
13.96	25.349
13.06	16.724
13.03	16.769
13.10	16.813
13.10	16.836
13.14	16.791
12.49	12.155
12.48	12.089
12.43	12.133
12.41	12.133
12.42	12.155
11.53	6.183
11.52	6.227
11.52	6.227
11.56	6.249
11.57	6.249
11.44	7.208
11.45	7.230
11.48	7.208
11.51	7.185
11.53	7.185
10.94	3.129
10.96	3.040
10.94	2.996
10.96	2.951
10.95	2.929
10.87	4.422
10.84	4.422
10.87	4.400
10.86	4.422
10.85	4.400
10.79	4.444
10.81	4.444
10.81	4.422
10.81	4.444
10.83	4.467
10.85	4.467
10.86	4.422
10.84	4.444
10.86	4.467
10.83	4.422
10.83	4.578
10.85	4.600
10.81	4.578
10.83	4.645
10.82	4.600
10.79	4.667
10.78	4.689
10.74	4.712
10.74	4.689
10.73	4.667
10.76	5.135
10.73	5.135
10.73	5.202
10.78	5.157
10.76	5.113
10.78	5.980
10.79	5.980
10.82	5.980
10.82	5.980
10.84	6.069
10.79	6.024
10.80	5.980
10.74	5.980
10.71	5.913
10.72	5.980
10.81	5.957
10.80	5.935
10.80	5.980
10.78	5.913
10.78	5.980
10.60	3.617
10.62	3.595
10.62	3.595
10.68	3.617
10.63	3.617
10.61	5.356
10.65	5.333
10.64	5.333
10.64	5.311
10.63	5.289
10.59	2.904
10.62	2.904
10.57	2.904
10.54	2.904
10.50	2.904
10.57	3.216
10.58	3.239
10.55	3.216
10.56	3.305
10.54	3.261
10.59	3.216
10.61	3.283
10.54	3.261
10.52	3.261
10.50	3.305
10.48	3.261
10.47	3.239
10.52	3.261
10.58	3.305
10.58	3.283
10.55	3.283
10.53	3.283
10.56	3.261
10.52	3.261
10.53	3.305
10.41	3.201
10.42	3.267
10.36	3.223
10.38	3.245
10.39	3.223
10.49	3.198
10.48	3.154
10.41	3.154
10.40	3.198
10.39	3.154
10.32	2.280
10.29	2.325
10.27	2.258
10.32	2.258
10.35	2.258
9.44	-0.305
9.43	-0.327
9.43	-0.327
9.44	-0.305
9.44	-0.305
7.15	-6.746
7.13	-6.724
7.13	-6.701
7.12	-6.701
7.05	-6.679
7.12	-6.211
7.10	-6.233
7.14	-6.233
7.12	-6.189
7.10	-6.189
7.15	-5.988
7.07	-6.033
7.07	-6.010
7.06	-6.010
7.11	-6.010
7.11	-5.966
7.10	-6.010
7.13	-5.966
7.16	-6.055
7.12	-5.988
5.85	-8.707
5.91	-8.707
5.87	-8.707
5.88	-8.729
5.91	-8.707
5.88	-7.749
5.83	-7.771
5.89	-7.793
5.86	-7.771
5.89	-7.793
4.83	-11.047
4.85	-11.025
4.77	-11.003
4.80	-11.003
4.82	-11.003
4.11	-13.120
4.10	-13.098
4.09	-13.120
4.05	-13.098
4.02	-13.098
3.34	-15.348
3.40	-15.371
3.41	-15.326
3.37	-15.371
3.34	-15.348
2.84	-17.510
2.77	-17.466
2.75	-17.466
2.79	-17.488
2.77	-17.488
2.12	-19.873
2.10	-19.850
2.16	-19.850
2.19	-19.873
2.20	-19.850
1.48	-22.703
1.53	-22.681
1.52	-22.681
1.54	-22.681
1.51	-22.636
1.44	-21.656
1.49	-21.633
1.50	-21.656
1.50	-21.656
1.50	-21.611
1.42	-21.054
1.44	-21.054
1.45	-21.009
1.46	-21.032
1.50	-21.032
0.84	-25.422
0.85	-25.422
0.87	-25.444
0.82	-25.377
0.82	-25.400
0.46	-27.517
0.43	-27.495
0.47	-27.517
0.45	-27.472
0.36	-27.450
-0.19	-29.991
-0.18	-29.991
-0.18	-29.968
-0.20	-29.968
-0.24	-29.968
-0.96	-33.958
-0.93	-33.958
-0.99	-33.935
-1.02	-33.935
-0.99	-33.891
-1.42	-35.986
-1.49	-35.941
-1.52	-35.919
-1.49	-35.919
-1.48	-35.919
-1.94	-38.259
-1.88	-38.237
-1.92	-38.215
-1.98	-38.215
-1.97	-38.192
-2.31	-40.087
-2.34	-40.109
-2.32	-40.087
-2.30	-40.087
-2.31	-40.087
-2.30	-39.173
-2.33	-39.173
-2.32	-39.173
-2.33	-39.217
-2.32	-39.217
-2.72	-41.691
-2.67	-41.647
-2.64	-41.669
-2.67	-41.714
-2.70	-41.691
-3.19	-43.987
-3.10	-44.009
-3.18	-43.987
-3.17	-44.009
-3.19	-43.987
-3.17	-42.939
-3.21	-42.962
-3.25	-42.984
-3.22	-42.962
-3.16	-42.917
-3.16	-42.048
-3.22	-42.048
-3.23	-42.048
-3.20	-42.048
-3.19	-42.070
-3.83	-46.839
-3.81	-46.817
-3.75	-46.795
-3.71	-46.795
-3.75	-46.817
-4.27	-49.068
-4.21	-49.001
-4.21	-49.068
-4.21	-49.001
-4.22	-49.024
-4.69	-51.230
-4.69	-51.230
-4.66	-51.208
-4.72	-51.185
-4.69	-51.185
-5.17	-53.280
-5.11	-53.280
-5.09	-53.236
-5.13	-53.236
-5.17	-53.213
-5.60	-55.286
-5.58	-55.286
-5.49	-55.219
-5.52	-55.219
-5.56	-55.241
-5.54	-54.060
-5.56	-54.060
-5.57	-54.038
-5.54	-54.083
-5.57	-54.060
-6.15	-57.671
-6.15	-57.648
-6.08	-57.626
-6.08	-57.626
-6.09	-57.604
-6.63	-60.033
-6.54	-60.011
-6.51	-59.966
-6.52	-60.011
-6.52	-59.966
-7.06	-62.373
-7.10	-62.373
-7.09	-62.329
-7.09	-62.373
-7.09	-62.329
-7.67	-64.869
-7.66	-64.869
-7.66	-64.825
-7.66	-64.847
-7.65	-64.780
-8.06	-66.674
-7.99	-66.674
-8.09	-66.674
-8.08	-66.652
-8.05	-66.608
-8.14	-64.981
-8.08	-64.981
-8.09	-65.003
-8.09	-65.003
-8.09	-65.003
-8.20	-63.019
-8.18	-63.019
-8.14	-63.041
-8.11	-63.019
-8.13	-63.019
-8.15	-62.907
-8.17	-62.930
-8.17	-62.863
-8.14	-62.907
-8.16	-62.907
-8.77	-69.371
-8.77	-69.393
-8.80	-69.371
-8.81	-69.393
-8.79	-69.371
-9.06	-70.998
-9.07	-71.020
-9.11	-70.975
-9.10	-70.998
-9.13	-70.953
-9.14	-69.237
-9.11	-69.215
-9.12	-69.237
-9.16	-69.215
-9.16	-69.215
-9.87	-74.185
-9.91	-74.207
-9.90	-74.251
-9.88	-74.140
-9.84	-74.185
-10.30	-75.967
-10.29	-75.967
-10.27	-75.945
-10.29	-75.945
-10.33	-75.967
-10.77	-77.639
-10.70	-77.572
-10.68	-77.594
-10.71	-77.594
-10.73	-77.572
-11.14	-79.489
-11.15	-79.444
-11.17	-79.466
-11.20	-79.422
-11.17	-79.422
-11.77	-81.584
-11.77	-81.539
-11.73	-81.517
-11.75	-81.539
-11.77	-81.517
-12.30	-83.857
-12.34	-83.835
-12.34	-83.790
-12.36	-83.790
-12.33	-83.790
-12.33	-81.272
-12.36	-81.227
-12.43	-81.205
-12.37	-81.205
-12.37	-81.272
-12.37	-81.049
-12.31	-81.004
-12.34	-81.004
-12.38	-81.026
-12.40	-80.982
-12.94	-86.308
-12.95	-86.331
-12.97	-86.286
-12.97	-86.264
-12.94	-86.219
-13.49	-88.002
-13.54	-87.980
-13.50	-87.958
-13.42	-87.980
-13.47	-87.980
-13.51	-85.395
-13.54	-85.439
-13.56	-85.417
-13.58	-85.395
-13.57	-85.395
-13.57	-84.927
-13.55	-84.927
-13.60	-84.927
-13.57	-84.927
-13.49	-84.927
-13.60	-84.726
-13.54	-84.771
-13.54	-84.748
-13.56	-84.704
-13.58	-84.771
-13.94	-89.273
-13.97	-89.228
-14.02	-89.250
-14.00	-89.228
-14.01	-89.250
-14.50	-91.457
-14.49	-91.412
-14.48	-91.412
-14.50	-91.457
-14.51	-91.434
-14.97	-93.284
-15.01	-93.284
-15.01	-93.240
-14.98	-93.262
-14.96	-93.262
-15.04	-90.877
-15.08	-90.855
-15.09	-90.855
-15.09	-90.833
-15.02	-90.833
-15.58	-94.621
-15.55	-94.599
-15.50	-94.621
-15.48	-94.621
-15.54	-94.599
-16.12	-96.872
-16.13	-96.872
-16.16	-96.895
-16.10	-96.895
-16.07	-96.850
-16.15	-94.465
-16.20	-94.443
-16.19	-94.443
-16.19	-94.465
-16.13	-94.443
-16.66	-97.831
-16.65	-97.831
-16.67	-97.808
-16.67	-97.831
-16.67	-97.786
-17.18	-99.680
-17.24	-99.703
-17.17	-99.725
-17.14	-99.703
-17.15	-99.680
-17.24	-97.608
-17.19	-97.630
-17.20	-97.585
-17.21	-97.585
-17.20	-97.608
-17.78	-101.486
-17.76	-101.486
-17.76	-101.441
-17.77	-101.441
-17.80	-101.419
-17.83	-99.079
-17.78	-99.079
-17.82	-99.056
-17.85	-99.079
-17.81	-99.079
-17.78	-98.878
-17.80	-98.923
-17.84	-98.923
-17.85	-98.900
-17.80	-98.878
-17.89	-98.655
-17.84	-98.633
-17.78	-98.677
-17.79	-98.677
-17.84	-98.633
-18.39	-103.068
-18.32	-103.023
-18.29	-103.046
-18.36	-103.001
-18.38	-102.979
-18.40	-100.661
-18.48	-100.616
-18.45	-100.639
-18.39	-100.639
-18.37	-100.639
-18.45	-100.416
-18.46	-100.416
-18.37	-100.438
-18.40	-100.438
-18.41	-100.438
-18.98	-104.494
-19.01	-104.450
-19.02	-104.450
-18.99	-104.450
-18.97	-104.427
-19.12	-101.753
-19.07	-101.775
-18.99	-101.731
-19.02	-101.753
-19.03	-101.753
-19.53	-105.096
-19.51	-105.051
-19.49	-104.985
-19.44	-105.029
-19.47	-105.007
-20.15	-106.924
-20.09	-106.879
-20.12	-106.857
-20.14	-106.901
-20.16	-106.834
-20.14	-103.870
-20.18	-103.870
-20.23	-103.870
-20.18	-103.870
-20.15	-103.870
-20.59	-107.481
-20.64	-107.436
-20.61	-107.458
-20.66	-107.436
-20.66	-107.436
-21.10	-109.018
-21.05	-109.041
-21.06	-108.996
-21.12	-108.974
-21.11	-108.974
-21.17	-106.277
-21.10	-106.255
-21.14	-106.255
-21.17	-106.322
-21.14	-106.255
-21.39	-108.283
-21.37	-108.328
-21.42	-108.283
-21.46	-108.261
-21.41	-108.261
-21.69	-109.330
-21.67	-109.353
-21.65	-109.308
-21.66	-109.286
-21.72	-109.264
-21.73	-107.614
-21.76	-107.637
-21.73	-107.592
-21.68	-107.637
-21.68	-107.614
-21.69	-107.369
-21.66	-107.392
-21.73	-107.392
-21.73	-107.414
-21.70	-107.436
-21.80	-103.065
-21.78	-103.087
-21.77	-103.065
-21.74	-103.109
-21.76	-103.065
-21.62	-98.362
-21.64	-98.407
-21.63	-98.362
-21.64	-98.362
-21.60	-98.340
-21.70	-98.520
-21.59	-98.520
-21.58	-98.520
-21.60	-98.520
-21.60	-98.542
-21.40	-93.862
-21.35	-93.840
-21.35	-93.862
-21.36	-93.884
-21.41	-93.862
-21.09	-88.870
-21.08	-88.915
-21.12	-88.870
-21.10	-88.892
-21.11	-88.915
-21.07	-90.140
-21.03	-90.140
-21.07	-90.140
-21.12	-90.163
-21.07	-90.140
-21.06	-90.207
-21.03	-90.185
-21.08	-90.185
-21.13	-90.140
-21.06	-90.163
-21.07	-90.229
-21.10	-90.207
-21.02	-90.185
-21.05	-90.229
-21.09	-90.229
-20.63	-82.986
-20.61	-83.031
-20.57	-83.031
-20.61	-83.031
-20.64	-83.053
-20.19	-77.459
-20.16	-77.482
-20.21	-77.504
-20.24	-77.482
-20.23	-77.482
-19.84	-72.712
-19.85	-72.757
-19.87	-72.712
-19.91	-72.779
-19.91	-72.712
-19.28	-66.940
-19.28	-66.962
-19.31	-66.962
-19.34	-66.962
-19.31	-66.940
-19.12	-64.221
-19.09	-64.221
-19.14	-64.199
-19.16	-64.221
-19.15	-64.199
-19.14	-64.488
-19.18	-64.488
-19.13	-64.466
-19.10	-64.488
-19.08	-64.488
-19.12	-64.600
-19.15	-64.622
-19.15	-64.600
-19.11	-64.622
-19.07	-64.622
-19.10	-65.937
-19.06	-65.870
-19.02	-65.893
-19.10	-65.915
-19.13	-65.870
-19.10	-65.915
-19.13	-65.959
-19.12	-65.937
-19.09	-65.959
-19.03	-65.959
-18.50	-57.869
-18.49	-57.847
-18.50	-57.914
-18.51	-57.892
-18.55	-57.892
-18.17	-54.125
-18.19	-54.125
-18.19	-54.147
-18.22	-54.125
-18.15	-54.147
-17.52	-48.086
-17.55	-48.130
-17.61	-48.108
-17.59	-48.086
-17.61	-48.086
-17.14	-43.650
-17.18	-43.673
-17.17	-43.628
-17.12	-43.673
-17.09	-43.717
-17.07	-45.010
-17.08	-45.010
-17.13	-45.032
-17.15	-45.055
-17.11	-45.032
-17.11	-45.121
-17.14	-45.121
-17.13	-45.144
-17.08	-45.144
-17.07	-45.166
-17.08	-45.787
-17.01	-45.810
-17.07	-45.810
-17.12	-45.765
-17.08	-45.810
-16.50	-38.210
-16.50	-38.165
-16.48	-38.210
-16.47	-38.232
-16.50	-38.232
-15.92	-33.307
-15.95	-33.329
-15.96	-33.307
-15.97	-33.329
-15.97	-33.329
-15.47	-28.493
-15.46	-28.471
-15.43	-28.493
-15.43	-28.537
-15.39	-28.515
-14.84	-23.545
-14.83	-23.478
-14.81	-23.523
-14.80	-23.523
-14.75	-23.523
-14.73	-24.816
-14.73	-24.771
-14.80	-24.771
-14.80	-24.816
-14.75	-24.793
-14.74	-25.016
-14.71	-25.038
-14.73	-25.038
-14.76	-25.038
-14.78	-25.038
-14.12	-18.330
-14.07	-18.375
-14.08	-18.352
-14.06	-18.352
-14.03	-18.352
-13.46	-14.163
-13.46	-14.163
-13.47	-14.163
-13.47	-14.163
-13.48	-14.118
-12.64	-9.349
-12.69	-9.326
-12.67	-9.304
-12.66	-9.349
-12.68	-9.349
-12.12	-6.607
-12.10	-6.652
-12.14	-6.630
-12.16	-6.674
-12.14	-6.630
-12.11	-7.165
-12.12	-7.142
-12.12	-7.165
-12.12	-7.142
-12.11	-7.187
-10.03	0.301
-10.03	0.279
-10.03	0.279
-10.03	0.301
-10.03	0.301
-10.27	-0.568
-10.27	-0.568
-10.27	-0.568
-10.26	-0.545
-10.27	-0.590
-9.34	2.775
-9.37	2.753
-9.33	2.708
-9.29	2.798
-9.28	2.731
-9.32	1.949
-9.29	1.882
-9.30	1.904
-9.31	1.904
-9.28	1.882
-9.35	1.928
-9.33	1.928
-9.30	1.884
-9.26	1.906
-9.25	1.906
-8.10	4.313
-8.11	4.380
-8.07	4.380
-8.12	4.357
-8.10	4.380
-6.54	7.210
-6.56	7.255
-6.56	7.188
-6.58	7.188
-6.58	7.210
-6.54	6.252
-6.61	6.296
-6.60	6.252
-6.51	6.296
-6.55	6.296
-5.80	9.216
-5.76	9.238
-5.74	9.194
-5.74	9.216
-5.79	9.194
-5.74	8.748
-5.74	8.703
-5.75	8.703
-5.75	8.703
-5.76	8.725
-5.03	11.489
-5.04	11.489
-5.01	11.444
-5.00	11.444
-4.97	11.467
-4.48	13.071
-4.48	13.116
-4.43	13.138
-4.40	13.161
-4.37	13.138
-3.77	15.768
-3.69	15.813
-3.77	15.768
-3.81	15.746
-3.78	15.723
-3.17	18.108
-3.19	18.108
-3.21	18.108
-3.17	18.108
-3.17	18.086
-3.10	16.882
-3.08	16.860
-3.12	16.905
-3.13	16.860
-3.11	16.860
-2.68	19.869
-2.69	19.869
-2.71	19.846
-2.75	19.891
-2.76	19.913
-2.02	23.011
-1.98	23.056
-1.95	22.989
-1.93	23.011
-1.98	22.989
-2.03	21.964
-1.99	21.941
-1.91	21.941
-1.92	21.986
-1.94	21.986
-1.94	21.563
-1.91	21.540
-1.89	21.540
-1.97	21.518
-1.99	21.540
-1.56	24.950
-1.55	24.928
-1.58	24.906
-1.58	24.906
-1.53	24.928
-1.08	27.424
-1.03	27.446
-1.06	27.424
-1.08	27.424
-1.08	27.402
-0.57	29.541
-0.60	29.497
-0.58	29.519
-0.61	29.497
-0.61	29.452
-0.13	31.792
-0.08	31.814
-0.07	31.792
-0.12	31.770
-0.15	31.748
0.40	34.154
0.41	34.244
0.39	34.199
0.41	34.177
0.45	34.110
0.85	36.183
0.83	36.160
0.80	36.138
0.79	36.138
0.79	36.138
1.14	37.631
1.18	37.676
1.21	37.609
1.23	37.609
1.22	37.631
1.16	36.361
1.20	36.361
1.26	36.405
1.26	36.361
1.27	36.361
2.09	41.531
2.06	41.531
2.00	41.464
2.05	41.509
2.03	41.509
2.70	44.094
2.71	44.072
2.72	44.027
2.77	44.027
2.72	44.050
2.73	42.579
2.72	42.557
2.67	42.534
2.71	42.557
2.74	42.534
2.74	42.334
2.78	42.378
2.73	42.334
2.77	42.334
2.77	42.378
3.44	47.393
3.48	47.348
3.50	47.304
3.50	47.370
3.49	47.326
3.84	49.309
3.88	49.309
3.88	49.242
3.91	49.265
3.92	49.287
3.90	47.772
3.94	47.727
3.95	47.772
3.97	47.772
3.87	47.749
4.34	51.828
4.35	51.828
4.46	51.783
4.45	51.783
4.42	51.761
4.92	53.856
4.92	53.834
4.94	53.834
4.91	53.834
4.92	53.811
5.41	55.639
5.42	55.706
5.45	55.639
5.40	55.572
5.41	55.616
5.37	54.636
5.39	54.680
5.46	54.658
5.48	54.680
5.47	54.658
5.42	54.146
5.46	54.168
5.50	54.168
5.43	54.190
5.39	54.168
5.90	57.489
5.88	57.466
5.90	57.466
5.90	57.466
5.82	57.489
6.63	60.765
6.57	60.742
6.55	60.742
6.58	60.631
6.55	60.676
7.12	62.904
7.18	62.926
7.18	62.882
7.14	62.860
7.12	62.882
7.53	64.821
7.50	64.821
7.51	64.776
7.58	64.776
7.55	64.754
8.01	66.737
7.98	66.737
7.96	66.693
7.95	66.693
8.00	66.648
8.08	64.687
8.04	64.643
8.00	64.665
8.01	64.665
8.05	64.665
8.08	62.590
8.07	62.612
8.08	62.612
8.08	62.612
8.10	62.545
8.07	62.322
8.03	62.300
8.08	62.322
8.08	62.278
8.10	62.322
8.62	68.719
8.64	68.719
8.71	68.763
8.71	68.741
8.63	68.719
8.68	68.050
8.73	68.095
8.73	68.095
8.64	68.095
8.66	68.072
9.09	70.836
9.12	70.814
9.13	70.836
9.13	70.814
9.09	70.836
9.15	69.566
9.16	69.543
9.12	69.476
9.17	69.499
9.17	69.499
9.11	68.986
9.23	69.031
9.20	69.008
9.11	69.008
9.17	69.008
9.12	68.518
9.06	68.496
9.18	68.474
9.18	68.518
9.21	68.407
9.78	73.889
9.76	73.822
9.83	73.845
9.80	73.867
9.76	73.822
10.22	76.073
10.18	76.140
10.28	76.051
10.26	76.029
10.30	76.029
10.71	77.633
10.70	77.611
10.62	77.678
10.64	77.589
10.69	77.589
11.18	79.439
11.17	79.394
11.12	79.416
11.08	79.327
11.09	79.349
11.74	82.091
11.74	82.091
11.80	82.046
11.79	82.002
11.74	82.024
12.45	84.252
12.43	84.297
12.36	84.186
12.39	84.186
12.42	84.141
12.45	82.158
12.41	82.113
12.42	82.113
12.48	82.158
12.42	82.113
13.03	86.615
13.02	86.637
13.02	86.593
13.02	86.593
12.97	86.570
13.53	88.309
13.52	88.242
13.51	88.220
13.52	88.242
13.53	88.197
13.55	87.061
13.53	87.083
13.54	87.061
13.51	87.083
13.54	87.016
13.54	85.835
13.58	85.879
13.60	85.857
13.51	85.902
13.47	85.835
13.89	89.111
13.94	89.111
13.90	89.089
13.91	89.111
13.89	89.111
14.34	91.741
14.34	91.741
14.39	91.718
14.45	91.696
14.47	91.696
14.38	89.401
14.40	89.401
14.48	89.401
14.51	89.356
14.47	89.356
14.83	92.699
14.84	92.677
14.94	92.721
14.96	92.655
14.93	92.632
15.42	94.170
15.37	94.148
15.36	94.125
15.42	94.125
15.44	94.059
15.51	92.253
15.42	92.253
15.36	92.187
15.39	92.209
15.43	92.253
16.01	96.934
16.07	96.889
16.04	96.889
16.06	96.844
16.11	96.822
16.55	98.382
16.60	98.338
16.61	98.315
16.50	98.315
16.46	98.315
16.64	96.243
16.61	96.220
16.59	96.154
16.59	96.220
16.56	96.198
16.57	95.061
16.64	95.084
16.64	95.084
16.60	95.128
16.61	95.061
16.55	95.039
16.63	94.972
16.69	95.017
16.64	94.995
16.62	95.017
16.63	94.460
16.69	94.371
16.62	94.482
16.56	94.460
16.56	94.482
17.30	100.433
17.23	100.366
17.28	100.410
17.29	100.343
17.29	100.321
17.38	97.535
17.39	97.491
17.34	97.491
17.32	97.580
17.37	97.513
17.91	101.257
17.87	101.235
17.80	101.190
17.77	101.235
17.84	101.235
18.55	103.308
18.58	103.285
18.54	103.263
18.59	103.285
18.62	103.285
18.55	100.678
18.54	100.700
18.56	100.700
18.65	100.678
18.66	100.678
19.20	104.110
19.31	104.110
19.28	104.088
19.23	104.065
19.22	104.088
19.30	102.171
19.32	102.215
19.33	102.149
19.23	102.171
19.19	102.149
19.97	105.648
19.84	105.670
19.84	105.625
19.92	105.581
19.92	105.558
19.96	98.892
19.99	98.915
20.00	98.915
20.10	98.848
20.12	98.915
20.00	98.647
20.10	98.669
20.06	98.603
20.04	98.647
20.03	98.625
19.92	93.811
19.94	93.811
19.86	93.811
19.84	93.856
19.86	93.856
19.67	89.621
19.63	89.554
19.58	89.621
19.55	89.643
19.65	89.621
19.59	89.777
19.70	89.755
19.71	89.777
19.67	89.755
19.59	89.777
19.65	90.044
19.64	90.089
19.59	90.089
19.66	90.089
19.68	90.111
19.67	90.111
19.67	90.067
19.64	90.067
19.60	90.089
19.60	90.089
19.67	94.078
19.67	94.034
19.70	94.101
19.74	94.056
19.78	94.034
19.26	84.272
19.24	84.295
19.27	84.295
19.33	84.272
19.31	84.272
19.11	80.729
19.12	80.729
19.00	80.751
19.01	80.751
19.10	80.751
18.67	76.650
18.74	76.650
18.83	76.628
18.78	76.650
18.72	76.673
18.76	76.517
18.81	76.517
18.76	76.539
18.70	76.517
18.67	76.517
18.38	72.505
18.47	72.572
18.47	72.572
18.44	72.572
18.36	72.616
18.47	73.686
18.45	73.642
18.38	73.708
18.33	73.642
18.40	73.619
17.96	66.666
18.01	66.577
18.09	66.599
18.05	66.599
17.96	66.577
18.03	67.780
18.02	67.825
17.99	67.736
18.01	67.825
18.00	67.825
18.03	67.802
18.01	67.802
17.96	67.802
17.92	67.825
17.99	67.847
17.98	68.092
18.00	68.114
17.99	68.070
18.00	68.070
17.97	68.070
17.50	61.273
17.51	61.317
17.60	61.273
17.64	61.317
17.58	61.295
17.18	55.768
17.19	55.790
17.16	55.768
17.16	55.790
17.10	55.835
16.58	49.059
16.61	49.037
16.53	49.059
16.47	49.059
16.49	49.059
16.53	49.483
16.46	49.505
16.40	49.505
16.45	49.505
16.55	49.505
16.46	50.040
16.47	50.062
16.51	50.062
16.47	50.062
16.42	50.040
16.04	44.402
15.97	44.335
15.98	44.379
16.08	44.357
16.10	44.335
16.02	44.580
16.00	44.602
16.05	44.580
16.09	44.580
16.00	44.580
15.96	44.847
15.99	44.803
16.05	44.870
16.06	44.803
16.04	44.825
16.08	44.870
15.99	44.847
16.00	44.892
16.08	44.870
16.06	44.892
16.03	45.537
16.04	45.582
16.00	45.537
16.06	45.537
16.02	45.604
15.41	37.692
15.38	37.714
15.35	37.759
15.35	37.714
15.34	37.781
14.91	33.458
14.89	33.502
14.92	33.502
14.98	33.480
14.98	33.525
14.43	28.376
14.34	28.376
14.42	28.399
14.47	28.399
14.39	28.421
14.32	29.803
14.35	29.803
14.40	29.780
14.39	29.758
14.36	29.780
13.72	22.827
13.66	22.872
13.63	22.894
13.67	22.805
13.74	22.894
13.69	23.741
13.69	23.741
13.71	23.719
13.68	23.696
13.61	23.719
13.01	17.545
13.02	17.590
13.03	17.523
13.03	17.545
12.99	17.567
12.07	11.060
12.13	11.104
12.26	11.082
12.15	11.104
12.11	11.104
11.48	7.226
11.52	7.226
11.52	7.226
11.52	7.271
11.47	7.271
11.43	8.006
11.42	7.962
11.45	7.940
11.43	7.895
11.37	7.962
11.37	8.207
11.34	8.185
11.42	8.185
11.41	8.162
11.46	8.162
10.67	3.505
10.69	3.527
10.75	3.527
10.75	3.549
10.71	3.549
10.60	5.111
10.62	5.089
10.73	5.111
10.73	5.133
10.69	5.133
10.38	2.214
10.26	2.192
10.24	2.214
10.32	2.214
10.37	2.192
10.38	4.064
10.34	4.019
10.27	4.064
10.36	4.086
10.44	4.019
10.34	3.908
10.35	3.841
10.33	3.796
10.38	3.863
10.40	3.819
10.39	3.351
10.34	3.328
10.38	3.373
10.39	3.351
10.41	3.328
10.33	2.704
10.28	2.726
10.32	2.726
10.42	2.704
10.40	2.726
10.36	2.504
10.37	2.481
10.36	2.504
10.29	2.481
10.31	2.504
10.32	2.258
10.29	2.236
10.25	2.236
10.32	2.236
10.32	2.258
10.31	2.214
10.29	2.236
10.24	2.169
10.22	2.236
10.26	2.236
10.25	2.325
10.30	2.325
10.33	2.370
10.30	2.348
10.22	2.370
10.29	2.414
10.31	2.414
10.24	2.437
10.22	2.414
10.24	2.459
10.26	2.526
10.22	2.570
10.25	2.570
10.26	2.548
10.30	2.593
10.22	2.637
10.30	2.615
10.30	2.615
10.27	2.637
10.20	2.637
10.24	2.749
10.29	2.793
10.32	2.816
10.26	2.816
10.21	2.793
10.25	2.949
10.23	2.927
10.21	2.927
10.25	2.949
10.29	2.994
10.29	2.994
10.32	2.972
10.27	2.994
10.26	2.994
10.28	2.994
10.28	3.039
10.25	3.061
10.26	3.039
10.32	3.039
10.29	3.016
10.07	3.269
10.10	3.179
10.11	3.202
10.09	3.224
10.10	3.224
10.15	3.179
10.17	3.112
10.14	3.135
10.09	3.135
10.17	3.157
10.09	2.132
10.06	2.154
10.11	2.132
10.08	2.132
10.10	2.132
9.11	-0.364
9.09	-0.409
9.10	-0.387
9.10	-0.387
9.10	-0.387
6.57	-6.761
6.47	-6.761
6.54	-6.716
6.44	-6.761
6.52	-6.761
6.50	-6.226
6.46	-6.203
6.46	-6.248
6.49	-6.181
6.50	-6.226
5.22	-8.544
5.16	-8.588
5.22	-8.544
5.24	-8.566
5.23	-8.499
5.24	-8.165
5.17	-8.142
5.17	-8.142
5.24	-8.165
5.18	-8.165
4.00	-10.906
4.00	-10.884
3.96	-10.884
3.92	-10.884
4.04	-10.906
3.19	-13.112
3.17	-13.112
3.18	-13.068
3.21	-13.090
3.13	-13.068
2.50	-15.430
2.47	-15.430
2.51	-15.452
2.47	-15.408
2.43	-15.408
1.88	-17.570
1.87	-17.547
1.93	-17.525
1.84	-17.503
1.85	-17.503
1.08	-20.467
1.19	-20.511
1.16	-20.489
1.09	-20.467
1.18	-20.467
0.70	-22.473
0.68	-22.495
0.64	-22.495
0.68	-22.473
0.74	-22.473
0.64	-21.180
0.68	-21.158
0.67	-21.202
0.60	-21.158
0.64	-21.158
0.23	-24.300
0.20	-24.322
0.17	-24.345
0.15	-24.300
0.20	-24.278
-0.23	-26.529
-0.29	-26.573
-0.29	-26.529
-0.24	-26.529
-0.28	-26.596
-0.89	-29.292
-0.89	-29.270
-0.87	-29.270
-0.83	-29.270
-0.87	-29.248
-1.15	-30.830
-1.24	-30.786
-1.23	-30.808
-1.20	-30.786
-1.24	-30.786
-1.75	-33.215
-1.68	-33.215
-1.74	-33.193
-1.79	-33.193
-1.74	-33.148
-2.31	-35.711
-2.21	-35.689
-2.27	-35.711
-2.31	-35.711
-2.24	-35.666
-2.74	-38.140
-2.79	-38.118
-2.75	-38.162
-2.78	-38.096
-2.81	-38.118
-3.25	-40.101
-3.21	-40.079
-3.19	-40.124
-3.24	-40.101
-3.28	-40.101
-3.72	-42.241
-3.70	-42.241
-3.71	-42.241
-3.63	-42.219
-3.65	-42.263
-4.10	-44.559
-4.11	-44.559
-4.15	-44.559
-4.11	-44.536
-4.13	-44.514
-4.18	-43.311
-4.18	-43.288
-4.13	-43.311
-4.14	-43.311
-4.14	-43.288
-4.24	-42.419
-4.16	-42.441
-4.16	-42.441
-4.16	-42.464
-4.19	-42.419
-4.71	-47.255
-4.73	-47.233
-4.68	-47.233
-4.64	-47.188
-4.70	-47.166
-5.07	-48.949
-5.10	-48.927
-5.04	-48.949
-5.08	-48.949
-5.12	-48.971
-5.52	-51.089
-5.50	-51.066
-5.49	-51.044
-5.47	-51.044
-5.44	-51.044
-5.95	-53.228
-6.00	-53.228
-5.97	-53.206
-5.90	-53.228
-5.94	-53.184
-6.48	-55.613
-6.45	-55.546
-6.41	-55.568
-6.48	-55.568
-6.49	-55.524
-6.96	-58.309
-6.91	-58.265
-6.93	-58.243
-6.94	-58.265
-6.96	-58.220
-7.38	-60.293
-7.41	-60.271
-7.45	-60.248
-7.43	-60.248
-7.39	-60.204
-7.93	-62.366
-7.92	-62.388
-7.93	-62.366
-7.94	-62.366
-7.97	-62.343
-8.37	-64.260
-8.33	-64.215
-8.33	-64.260
-8.38	-64.238
-8.44	-64.215
-8.87	-66.489
-8.91	-66.444
-8.84	-66.422
-8.86	-66.422
-8.91	-66.400
-8.90	-62.978
-8.93	-62.933
-8.97	-62.978
-8.98	-62.955
-8.93	-62.978
-9.35	-67.145
-9.31	-67.145
-9.27	-67.145
-9.26	-67.123
-9.31	-67.101
-9.77	-70.020
-9.74	-70.043
-9.76	-69.998
-9.78	-69.998
-9.76	-70.020
-10.03	-71.001
-10.09	-71.023
-10.10	-71.045
-10.07	-71.001
-10.09	-70.979
-10.42	-72.962
-10.41	-72.962
-10.42	-72.940
-10.43	-72.962
-10.39	-72.940
-10.82	-74.834
-10.84	-74.856
-10.86	-74.834
-10.89	-74.812
-10.85	-74.812
-11.45	-77.308
-11.44	-77.263
-11.45	-77.241
-11.38	-77.219
-11.37	-77.219
-11.51	-74.879
-11.49	-74.834
-11.44	-74.856
-11.43	-74.879
-11.46	-74.856
-11.48	-74.812
-11.51	-74.834
-11.49	-74.812
-11.44	-74.812
-11.44	-74.812
-11.84	-77.954
-11.78	-78.021
-11.78	-77.977
-11.75	-77.954
-11.75	-77.932
-12.12	-80.049
-12.12	-80.072
-12.14	-80.005
-12.17	-80.027
-12.15	-79.960
-12.53	-81.453
-12.56	-81.453
-12.54	-81.431
-12.56	-81.431
-12.61	-81.431
-13.02	-83.927
-13.06	-83.883
-13.09	-83.883
-13.09	-83.816
-13.04	-83.793
-13.12	-81.743
-13.09	-81.788
-13.04	-81.788
-13.07	-81.788
-13.11	-81.788
-13.39	-84.440
-13.44	-84.440
-13.46	-84.395
-13.43	-84.395
-13.43	-84.440
-13.79	-86.379
-13.75	-86.334
-13.77	-86.289
-13.81	-86.267
-13.82	-86.245
-14.37	-87.983
-14.32	-88.006
-14.33	-87.961
-14.36	-88.006
-14.35	-88.006
-14.38	-85.710
-14.43	-85.710
-14.44	-85.688
-14.38	-85.688
-14.36	-85.710
-14.39	-84.774
-14.41	-84.729
-14.41	-84.752
-14.44	-84.774
-14.46	-84.729
-14.99	-89.142
-14.94	-89.120
-14.97	-89.142
-14.99	-89.053
-15.00	-89.120
-15.22	-90.502
-15.28	-90.524
-15.22	-90.524
-15.23	-90.479
-15.25	-90.502
-15.79	-92.975
-15.70	-92.975
-15.74	-92.931
-15.77	-92.975
-15.74	-92.886
-15.83	-90.502
-15.81	-90.479
-15.78	-90.479
-15.82	-90.479
-15.83	-90.479
-16.33	-94.179
-16.29	-94.112
-16.37	-94.157
-16.37	-94.134
-16.29	-94.134
-16.77	-95.561
-16.80	-95.516
-16.78	-95.628
-16.78	-95.516
-16.75	-95.583
-16.78	-94.134
-16.80	-94.134
-16.84	-94.134
-16.82	-94.112
-16.81	-94.112
-16.78	-93.778
-16.81	-93.800
-16.84	-93.755
-16.84	-93.778
-16.78	-93.733
-17.26	-97.210
-17.29	-97.188
-17.26	-97.143
-17.27	-97.165
-17.28	-97.165
-17.66	-98.280
-17.60	-98.302
-17.59	-98.324
-17.58	-98.324
-17.58	-98.280
-17.68	-96.608
-17.70	-96.630
-17.71	-96.608
-17.64	-96.608
-17.63	-96.608
-18.09	-99.171
-18.09	-99.171
-18.11	-99.171
-18.15	-99.149
-18.14	-99.149
-18.61	-100.909
-18.61	-100.909
-18.62	-100.909
-18.64	-100.909
-18.67	-100.909
-18.58	-99.260
-18.64	-99.238
-18.67	-99.216
-18.62	-99.283
-18.63	-99.238
-18.89	-101.110
-18.89	-101.132
-18.96	-101.088
-18.96	-101.110
-18.88	-101.088
-18.88	-99.216
-18.89	-99.171
-18.92	-99.193
-18.94	-99.193
-18.94	-99.171
-18.99	-98.837
-18.90	-98.859
-18.91	-98.859
-18.94	-98.837
-18.96	-98.837
-19.37	-102.559
-19.37	-102.536
-19.42	-102.536
-19.42	-102.536
-19.38	-102.536
-19.97	-104.587
-19.91	-104.520
-19.79	-104.564
-19.90	-104.475
-19.91	-104.542
-19.97	-102.224
-19.98	-102.202
-20.01	-102.202
-19.99	-102.202
-20.01	-102.180
-20.43	-105.010
-20.45	-105.010
-20.43	-104.966
-20.39	-104.988
-20.46	-104.966
-20.48	-102.804
-20.46	-102.804
-20.50	-102.782
-20.54	-102.737
-20.49	-102.804
-20.92	-106.013
-20.92	-105.946
-20.95	-105.991
-20.97	-105.946
-20.96	-105.969
-21.54	-107.462
-21.53	-107.506
-21.55	-107.417
-21.60	-107.417
-21.58	-107.462
-21.59	-106.526
-21.57	-106.481
-21.53	-106.481
-21.59	-106.481
-21.62	-106.481
-21.67	-102.603
-21.69	-102.603
-21.66	-102.626
-21.62	-102.626
-21.61	-102.603
-21.71	-102.110
-21.66	-102.110
-21.66	-102.088
-21.66	-102.043
-21.70	-102.132
-21.24	-92.817
-21.20	-92.794
-21.30	-92.772
-21.33	-92.794
-21.29	-92.839
-21.26	-93.574
-21.29	-93.552
-21.28	-93.530
-21.25	-93.574
-21.22	-93.552
-21.07	-90.120
-21.03	-90.165
-21.03	-90.142
-21.07	-90.209
-21.08	-90.165
-21.02	-89.942
-21.03	-89.897
-21.03	-89.942
-21.04	-89.964
-21.07	-89.919
-20.62	-83.724
-20.67	-83.701
-20.65	-83.701
-20.66	-83.701
-20.66	-83.701
-20.31	-79.155
-20.30	-79.177
-20.33	-79.177
-20.34	-79.200
-20.35	-79.200
-20.34	-80.180
-20.35	-80.158
-20.33	-80.180
-20.32	-80.180
-20.29	-80.180
-19.75	-71.533
-19.76	-71.533
-19.72	-71.578
-19.68	-71.555
-19.69	-71.511
-19.14	-66.140
-19.19	-66.028
-19.18	-65.828
-19.16	-65.672
-19.16	-65.582
-19.20	-67.031
-19.18	-66.942
-19.14	-66.764
-19.17	-66.608
-19.20	-66.496
-18.69	-60.568
-18.68	-60.568
-18.73	-60.568
-18.77	-60.613
-18.72	-60.590
-18.69	-61.036
-18.72	-61.058
-18.72	-60.991
-18.70	-61.036
-18.70	-61.036
-18.68	-61.816
-18.70	-61.838
-18.72	-61.838
-18.70	-61.816
-18.73	-61.838
-18.68	-62.106
-18.69	-62.128
-18.72	-62.083
-18.72	-62.150
-18.67	-62.106
-18.29	-56.601
-18.29	-56.579
-18.27	-56.579
-18.33	-56.579
-18.35	-56.579
-18.30	-56.735
-18.27	-56.735
-18.27	-56.757
-18.29	-56.735
-18.29	-56.735
-17.68	-49.068
-17.61	-49.113
-17.59	-49.135
-17.61	-49.068
-17.62	-49.090
-17.08	-44.143
-17.09	-44.143
-17.14	-44.187
-17.13	-44.143
-17.12	-44.187
-17.12	-45.369
-17.09	-45.391
-17.08	-45.391
-17.06	-45.391
-17.07	-45.369
-17.11	-45.658
-17.06	-45.591
-17.11	-45.658
-17.16	-45.636
-17.14	-45.681
-17.11	-45.968
-17.09	-45.968
-17.07	-45.968
-17.11	-45.946
-17.16	-45.991
-16.54	-38.948
-16.51	-38.948
-16.48	-38.948
-16.46	-38.948
-16.50	-38.948
-16.01	-34.312
-16.06	-34.312
-16.07	-34.312
-16.01	-34.290
-15.97	-34.335
-15.20	-27.582
-15.22	-27.604
-15.27	-27.626
-15.27	-27.649
-15.20	-27.649
-14.59	-22.991
-14.63	-22.969
-14.65	-23.013
-14.65	-23.035
-14.66	-23.035
-14.63	-24.038
-14.59	-24.038
-14.60	-24.083
-14.62	-24.016
-14.66	-24.083
-14.62	-24.417
-14.60	-24.417
-14.55	-24.373
-14.55	-24.417
-14.61	-24.439
-13.94	-18.177
-13.92	-18.177
-13.97	-18.177
-14.00	-18.199
-13.99	-18.222
-13.16	-13.363
-13.19	-13.385
-13.20	-13.363
-13.19	-13.452
-13.22	-13.408
-12.61	-9.396
-12.57	-9.374
-12.54	-9.418
-12.53	-9.418
-12.53	-9.374
-12.08	-6.989
-12.05	-7.011
-12.07	-6.967
-12.09	-6.944
-12.09	-7.011
-12.06	-7.702
-12.03	-7.635
-12.04	-7.658
-12.09	-7.613
-12.09	-7.658
-10.04	0.410
-10.02	0.499
-10.04	0.410
-10.04	0.432
-10.03	0.477
-10.29	-0.571
-10.29	-0.548
-10.30	-0.615
-10.30	-0.615
-10.30	-0.615
-9.59	2.193
-9.54	2.215
-9.47	2.215
-9.48	2.282
-9.51	2.349
-8.85	2.772
-8.87	2.728
-8.85	2.750
-8.84	2.728
-8.81	2.706
-8.83	2.683
-8.83	2.661
-8.87	2.639
-8.90	2.639
-8.86	2.639
-8.81	2.238
-8.78	2.282
-8.84	2.327
-8.87	2.304
-8.81	2.327
-8.85	1.858
-8.92	1.948
-8.92	1.925
-8.84	1.836
-8.80	1.881
-7.51	4.332
-7.49	4.310
-7.55	4.265
-7.60	4.288
-7.52	4.355
-6.18	6.449
-6.20	6.516
-6.25	6.494
-6.24	6.494
-6.17	6.494
-6.22	6.004
-6.19	5.892
-6.14	5.915
-6.15	5.892
-6.14	5.959
-5.12	9.191
-5.14	9.124
-5.13	9.168
-5.09	9.124
-5.03	9.168
-4.24	11.442
-4.25	11.397
-4.23	11.464
-4.24	11.397
-4.23	11.419
-3.44	14.250
-3.46	14.205
-3.47	14.205
-3.42	14.161
-3.40	14.205
-3.04	15.476
-3.02	15.476
-3.03	15.476
-3.03	15.498
-3.09	15.453
-2.37	18.529
-2.38	18.507
-2.37	18.484
-2.35	18.440
-2.35	18.507
-1.80	20.535
-1.83	20.535
-1.83	20.535
-1.85	20.490
-1.85	20.490
-1.44	21.983
-1.44	21.916
-1.46	21.939
-1.48	22.006
-1.45	21.961
-1.50	20.980
-1.52	20.958
-1.46	21.025
-1.44	21.003
-1.41	20.958
-0.92	24.680
-0.93	24.658
-0.87	24.680
-0.85	24.635
-0.83	24.680
-0.35	26.730
-0.39	26.686
-0.43	26.753
-0.44	26.708
-0.39	26.730
0.12	29.249
0.03	29.226
0.06	29.159
0.12	29.204
0.15	29.182
0.65	31.410
0.65	31.477
0.66	31.388
0.67	31.410
0.66	31.388
1.05	33.327
1.00	33.349
1.03	33.327
1.02	33.305
1.07	33.327
1.08	32.436
1.06	32.458
1.07	32.436
1.04	32.458
1.09	32.458
1.07	32.413
1.10	32.369
1.06	32.413
1.03	32.413
1.01	32.391
1.52	34.954
1.44	35.021
1.43	34.954
1.43	34.932
1.47	34.954
2.02	37.071
1.93	37.004
1.92	37.049
2.00	37.049
1.97	37.071
2.52	40.080
2.59	40.080
2.56	40.058
2.56	40.035
2.55	40.058
3.03	42.130
3.00	42.153
2.98	42.130
3.01	42.108
3.00	42.086
3.06	41.373
3.08	41.306
3.07	41.306
3.03	41.306
3.04	41.328
3.50	44.337
3.55	44.314
3.56	44.248
3.54	44.270
3.47	44.248
3.49	42.665
3.47	42.665
3.48	42.687
3.56	42.687
3.60	42.665
3.59	42.219
3.57	42.175
3.59	42.197
3.61	42.153
3.53	42.197
3.48	41.885
3.54	41.930
3.62	41.952
3.60	41.930
3.59	41.952
3.98	46.120
3.93	46.120
3.95	46.142
4.00	46.164
4.05	46.120
4.30	47.613
4.33	47.590
4.39	47.590
4.36	47.590
4.31	47.590
4.76	49.752
4.76	49.797
4.69	49.752
4.75	49.752
4.85	49.752
5.21	51.268
5.17	51.246
5.13	51.246
5.08	51.223
5.09	51.246
5.66	53.586
5.68	53.474
5.68	53.519
5.68	53.563
5.69	53.519
6.20	55.948
6.11	55.903
6.11	55.837
6.17	55.859
6.23	55.859
6.81	57.976
6.79	57.954
6.75	57.976
6.74	57.931
6.73	57.954
7.25	59.848
7.28	59.826
7.22	59.848
7.17	59.804
7.21	59.804
7.26	58.890
7.27	58.934
7.29	58.912
7.29	58.912
7.30	58.912
7.81	62.344
7.82	62.300
7.73	62.367
7.74	62.300
7.81	62.277
8.19	64.328
8.20	64.239
8.17	64.261
8.14	64.239
8.16	64.194
8.76	66.601
8.82	66.579
8.83	66.556
8.80	66.556
8.79	66.601
8.80	62.901
8.79	62.856
8.79	62.856
8.91	62.834
8.89	62.879
9.20	67.358
9.27	67.358
9.25	67.380
9.24	67.380
9.17	67.380
9.57	69.743
9.63	69.721
9.63	69.721
9.67	69.698
9.63	69.698
9.67	68.606
9.64	68.651
9.62	68.628
9.66	68.606
9.64	68.628
10.41	72.885
10.36	72.908
10.34	72.885
10.29	72.863
10.29	72.885
10.92	75.938
10.86	75.961
10.83	75.916
10.84	75.916
10.88	75.872
11.25	76.964
11.28	76.919
11.35	76.875
11.31	76.875
11.28	76.919
11.92	79.460
11.93	79.437
11.94	79.482
11.90	79.437
11.87	79.393
11.97	77.744
11.96	77.788
11.93	77.833
11.91	77.788
11.90	77.833
12.48	81.844
12.50	81.800
12.47	81.755
12.50	81.800
12.50	81.778
12.93	83.917
12.86	83.917
12.89	83.895
12.98	83.828
12.98	83.872
13.60	86.168
13.62	86.190
13.58	86.123
13.54	86.146
13.56	86.168
13.61	83.382
13.58	83.360
13.58	83.427
13.59	83.338
13.65	83.360
14.32	88.865
14.34	88.865
14.39	88.865
14.33	88.842
14.33	88.842
14.37	86.213
14.44	86.257
14.42	86.257
14.43	86.190
14.39	86.213
14.38	85.678
14.40	85.655
14.43	85.678
14.46	85.655
14.39	85.611
14.94	90.692
14.91	90.603
14.90	90.670
14.84	90.714
14.88	90.625
15.44	92.475
15.38	92.475
15.40	92.475
15.49	92.431
15.42	92.453
15.48	90.781
15.44	90.804
15.37	90.804
15.35	90.759
15.41	90.759
15.92	93.745
15.95	93.768
15.92	93.723
15.85	93.679
15.79	93.701
16.36	96.019
16.33	95.996
16.37	95.996
16.38	95.952
16.42	95.907
16.51	93.968
16.48	93.946
16.50	93.901
16.45	93.879
16.46	93.901
16.89	97.133
16.93	97.044
17.03	97.066
17.00	97.022
16.95	97.022
17.01	96.197
16.97	96.286
16.94	96.219
16.95	96.175
16.93	96.197
16.97	94.525
16.97	94.525
16.99	94.592
17.00	94.570
17.00	94.548
17.45	98.827
17.47	98.782
17.44	98.782
17.42	98.760
17.39	98.738
17.93	100.654
17.95	100.654
17.94	100.632
17.90	100.543
17.82	100.565
18.01	98.180
17.97	98.158
17.89	98.047
17.87	98.225
17.92	98.136
17.99	97.712
18.02	97.712
18.04	97.735
17.97	97.712
17.94	97.690
18.50	101.011
18.43	101.011
18.42	100.989
18.42	100.944
18.42	100.966
18.99	102.460
19.03	102.415
18.98	102.393
18.94	102.415
18.94	102.393
18.95	100.476
18.97	100.476
19.00	100.476
19.03	100.431
19.09	100.409
19.55	104.176
19.60	104.176
19.55	104.131
19.52	104.153
19.56	104.042
19.88	104.198
19.87	104.198
19.89	104.198
19.93	104.176
19.94	104.176
20.16	104.532
20.12	104.510
20.07	104.488
20.03	104.510
20.02	104.488
20.19	100.454
20.20	100.409
20.16	100.431
20.12	100.431
20.12	100.431
20.22	99.651
20.20	99.585
20.16	99.629
20.12	99.629
20.14	99.651
20.15	98.894
20.20	98.938
20.19	98.894
20.21	98.871
20.20	98.894
20.14	98.270
20.20	98.247
20.20	98.292
20.20	98.314
20.23	98.292
20.19	98.091
20.22	98.114
20.22	98.069
20.20	98.136
20.20	98.047
20.13	97.870
20.23	97.848
20.23	97.870
20.23	97.848
20.25	97.826
20.20	97.737
20.12	97.648
20.10	97.670
20.14	97.670
20.21	97.714
20.21	97.648
20.19	97.648
20.24	97.670
20.25	97.670
20.18	97.625
20.14	97.581
20.21	97.648
20.26	97.625
20.25	97.603
20.14	97.625
19.84	89.936
19.80	89.892
19.82	89.959
19.85	89.914
19.85	89.959
19.85	90.137
19.80	90.137
19.83	90.137
19.91	90.159
19.93	90.115
19.45	83.340
19.38	83.340
19.42	83.340
19.50	83.317
19.54	83.295
19.50	84.409
19.47	84.454
19.48	84.409
19.46	84.387
19.43	84.432
19.00	77.389
19.05	77.389
19.10	77.411
19.02	77.389
19.00	77.411
18.58	71.260
18.63	71.238
18.69	71.238
18.59	71.238
18.53	71.216
18.32	68.318
18.35	68.252
18.34	68.296
18.31	68.296
18.28	68.296
18.30	68.742
18.35	68.720
18.33	68.720
18.23	68.764
18.20	68.764
18.30	68.764
18.28	68.764
18.26	68.742
18.34	68.742
18.35	68.742
18.26	69.143
18.27	69.232
18.36	69.143
18.33	69.143
18.27	69.143
17.76	60.897
17.77	60.897
17.79	60.852
17.79	60.919
17.79	60.919
17.35	56.707
17.37	56.685
17.30	56.729
17.30	56.729
17.38	56.729
17.33	57.621
17.36	57.643
17.37	57.621
17.39	57.621
17.35	57.710
16.84	50.355
16.93	50.311
16.80	50.355
16.76	50.378
16.80	50.355
16.41	45.341
16.32	45.341
16.26	45.296
16.30	45.386
16.31	45.319
16.29	45.764
16.28	45.854
16.34	45.854
16.32	45.831
16.32	45.854
16.27	46.121
16.34	46.099
16.37	46.099
16.34	46.121
16.28	46.143
16.38	46.032
16.32	46.032
16.29	46.054
16.31	46.010
16.25	46.010
16.27	44.093
16.19	44.115
16.20	44.048
16.17	44.026
16.14	44.071
16.20	44.338
16.20	44.383
16.17	44.338
16.20	44.316
16.25	44.338
16.26	44.427
16.21	44.427
16.17	44.472
16.16	44.449
16.13	44.427
16.20	44.895
16.14	44.873
16.17	44.873
16.20	44.917
16.24	44.940
16.16	45.207
16.09	45.230
16.09	45.207
16.17	45.207
16.25	45.252
16.17	45.475
16.15	45.452
16.16	45.452
16.18	45.430
16.21	45.452
15.77	39.480
15.78	39.480
15.66	39.502
15.65	39.524
15.69	39.524
15.29	35.423
15.29	35.401
15.30	35.379
15.24	35.290
15.22	35.245
14.45	28.737
14.54	28.760
14.59	28.760
14.57	28.782
14.50	28.804
13.96	23.634
13.94	23.656
13.97	23.656
13.91	23.589
13.88	23.612
13.83	24.525
13.86	24.481
13.92	24.503
13.98	24.525
13.96	24.503
13.95	24.481
13.88	24.525
13.89	24.503
13.92	24.525
13.96	24.525
13.23	17.661
13.25	17.728
13.23	17.706
13.21	17.795
13.17	17.772
13.18	18.954
13.23	18.976
13.24	18.931
13.23	18.976
13.23	18.976
12.69	14.184
12.72	14.207
12.78	14.162
12.76	14.207
12.71	14.207
11.98	9.304
12.00	9.281
11.98	9.304
11.92	9.281
11.95	9.326
11.28	5.537
11.26	5.493
11.28	5.537
11.30	5.515
11.28	5.537
10.69	2.930
10.71	2.952
10.70	2.952
10.69	2.952
10.67	2.952
10.67	3.420
10.64	3.353
10.61	3.398
10.65	3.375
10.70	3.375
10.66	3.821
10.65	3.843
10.66	3.799
10.68	3.843
10.69	3.843
10.66	4.601
10.61	4.623
10.63	4.646
10.70	4.690
10.71	4.623
10.41	2.996
10.43	2.996
10.49	2.996
10.56	3.019
10.52	3.019
10.50	2.618
10.48	2.618
10.51	2.595
10.48	2.595
10.46	2.595
10.50	2.038
10.42	2.060
10.40	2.083
10.42	2.060
10.43	2.038
10.39	2.796
10.41	2.818
10.31	2.796
10.29	2.818
10.35	2.796
10.30	3.175
10.30	3.175
10.40	3.108
10.37	3.197
10.39	3.175
10.36	3.264
10.33	3.286
10.29	3.286
10.35	3.264
10.39	3.286
10.18	3.354
10.24	3.354
10.17	3.310
10.21	3.354
10.22	3.354
10.16	3.288
10.27	3.332
10.21	3.310
10.11	3.332
10.20	3.332
10.09	3.354
10.14	3.421
10.25	3.377
10.19	3.354
10.18	3.399
10.20	3.466
10.15	3.466
10.11	3.466
10.23	3.466
10.17	3.466
10.18	3.444
10.18	3.421
10.17	3.488
10.16	3.488
10.23	3.466
10.01	2.329
10.09	2.352
10.08	2.352
10.07	2.352
10.09	2.352
9.22	0.101
9.23	0.145
9.23	0.145
9.23	0.123
9.21	0.078
6.63	-6.563
6.53	-6.585
6.54	-6.585
6.65	-6.563
6.56	-6.541
6.62	-5.984
6.53	-5.984
6.55	-5.984
6.59	-5.984
6.61	-5.984
4.90	-8.569
4.93	-8.591
4.96	-8.591
4.89	-8.524
4.97	-8.569
4.88	-7.947
4.91	-7.925
4.93	-7.925
4.86	-7.947
4.87	-7.925
4.19	-9.953
4.17	-9.930
4.15	-9.908
4.09	-9.886
4.14	-9.930
3.47	-11.312
3.50	-11.290
3.51	-11.268
3.49	-11.334
3.51	-11.312
3.46	-10.331
3.41	-10.331
3.46	-10.331
3.50	-10.287
3.44	-10.331
3.45	-10.354
3.47	-10.331
3.47	-10.354
3.47	-10.309
3.46	-10.331
2.67	-13.296
2.71	-13.251
2.73	-13.296
2.71	-13.296
2.68	-13.318
1.89	-16.081
1.82	-16.037
1.81	-16.037
1.85	-15.970
1.87	-16.015
1.33	-17.842
1.36	-17.887
1.31	-17.887
1.31	-17.842
1.38	-17.909
1.28	-17.240
1.37	-17.173
1.36	-17.196
1.28	-17.218
1.26	-17.196
1.30	-16.661
1.34	-16.661
1.25	-16.661
1.23	-16.661
1.30	-16.661
0.74	-19.848
0.72	-19.848
0.76	-19.870
0.78	-19.826
0.70	-19.848
0.24	-22.054
0.17	-22.010
0.13	-22.032
0.15	-22.054
0.18	-22.010
0.16	-21.430
0.14	-21.453
0.19	-21.408
0.21	-21.430
0.17	-21.430
0.17	-20.828
0.11	-20.851
0.12	-20.851
0.12	-20.851
0.13	-20.873
-0.16	-23.079
-0.12	-23.057
-0.09	-23.079
-0.11	-23.057
-0.13	-23.079
-0.42	-24.461
-0.41	-24.461
-0.40	-24.483
-0.41	-24.506
-0.45	-24.506
-0.95	-26.712
-0.89	-26.690
-0.87	-26.645
-0.88	-26.690
-0.88	-26.668
-1.42	-28.763
-1.33	-28.763
-1.33	-28.740
-1.32	-28.718
-1.34	-28.763
-1.78	-30.657
-1.72	-30.657
-1.74	-30.657
-1.76	-30.679
-1.78	-30.635
-2.51	-34.423
-2.50	-34.356
-2.49	-34.334
-2.54	-34.290
-2.52	-34.312
-2.88	-35.872
-2.92	-35.872
-2.93	-35.850
-2.90	-35.894
-2.84	-35.827
-3.49	-38.791
-3.50	-38.791
-3.49	-38.769
-3.44	-38.791
-3.48	-38.769
-3.52	-37.833
-3.46	-37.855
-3.46	-37.855
-3.55	-37.833
-3.51	-37.789
-3.57	-37.610
-3.53	-37.633
-3.52	-37.633
-3.49	-37.610
-3.47	-37.566
-3.77	-40.129
-3.75	-40.084
-3.79	-40.129
-3.84	-40.084
-3.84	-40.106
-4.27	-42.825
-4.31	-42.781
-4.35	-42.803
-4.35	-42.758
-4.37	-42.736
-4.73	-44.920
-4.68	-44.965
-4.70	-44.920
-4.72	-44.898
-4.72	-44.876
-4.79	-42.870
-4.83	-42.892
-4.80	-42.870
-4.80	-42.914
-4.76	-42.870
-5.22	-46.257
-5.16	-46.280
-5.17	-46.257
-5.18	-46.280
-5.15	-46.235
-5.57	-48.642
-5.51	-48.575
-5.51	-48.598
-5.52	-48.598
-5.58	-48.598
-6.00	-50.938
-6.03	-50.938
-6.04	-50.938
-6.01	-50.915
-5.97	-50.938
-6.48	-53.144
-6.54	-53.122
-6.54	-53.144
-6.46	-53.122
-6.45	-53.077
-6.97	-55.506
-6.95	-55.484
-6.94	-55.440
-6.91	-55.440
-6.91	-55.417
-7.53	-57.869
-7.51	-57.869
-7.49	-57.891
-7.46	-57.869
-7.50	-57.824
-8.05	-60.142
-8.02	-60.142
-8.03	-60.120
-8.04	-60.120
-8.03	-60.097
-8.12	-57.980
-8.13	-57.958
-8.07	-57.958
-8.04	-57.980
-8.08	-57.958
-8.55	-62.259
-8.53	-62.259
-8.59	-62.237
-8.58	-62.259
-8.57	-62.237
-9.00	-64.711
-9.00	-64.666
-9.03	-64.577
-9.04	-64.532
-8.97	-64.443
-9.42	-66.516
-9.46	-66.516
-9.46	-66.471
-9.50	-66.494
-9.49	-66.471
-9.47	-63.304
-9.50	-63.304
-9.55	-63.304
-9.56	-63.326
-9.52	-63.304
-9.47	-63.104
-9.55	-63.081
-9.56	-63.104
-9.54	-63.104
-9.52	-63.104
-9.57	-63.059
-9.54	-63.081
-9.49	-63.059
-9.53	-63.037
-9.53	-63.037
-10.07	-68.408
-10.06	-68.408
-10.04	-68.408
-10.04	-68.363
-10.13	-68.386
-10.10	-68.096
-10.07	-68.007
-10.07	-68.029
-10.10	-68.029
-10.07	-68.029
-10.09	-66.981
-10.06	-66.937
-10.07	-66.937
-10.13	-66.959
-10.17	-66.892
-10.64	-71.840
-10.57	-71.862
-10.60	-71.929
-10.60	-71.974
-10.69	-71.974
-11.08	-73.378
-11.12	-73.355
-11.13	-73.355
-11.09	-73.355
-11.07	-73.311
-11.13	-72.263
-11.12	-72.286
-11.11	-72.263
-11.09	-72.286
-11.07	-72.219
-11.60	-75.540
-11.62	-75.495
-11.61	-75.495
-11.58	-75.517
-11.54	-75.450
-12.14	-78.036
-12.11	-78.036
-12.15	-77.991
-12.20	-77.924
-12.21	-77.946
-12.66	-79.997
-12.74	-79.997
-12.73	-79.975
-12.79	-79.975
-12.73	-79.930
-13.25	-82.448
-13.21	-82.426
-13.20	-82.404
-13.23	-82.404
-13.26	-82.359
-13.27	-80.108
-13.30	-80.086
-13.31	-80.086
-13.34	-80.108
-13.30	-80.108
-13.59	-82.827
-13.56	-82.827
-13.56	-82.827
-13.62	-82.783
-13.66	-82.783
-13.60	-81.891
-13.61	-81.913
-13.61	-81.869
-13.59	-81.891
-13.58	-81.913
-14.04	-84.766
-14.05	-84.811
-14.12	-84.744
-14.10	-84.766
-14.09	-84.722
-14.55	-86.215
-14.55	-86.193
-14.54	-86.215
-14.53	-86.215
-14.50	-86.148
-15.23	-89.134
-15.16	-89.112
-15.24	-89.045
-15.28	-89.090
-15.26	-89.067
-15.29	-86.616
-15.28	-86.638
-15.24	-86.594
-15.24	-86.594
-15.28	-86.571
-15.33	-86.237
-15.29	-86.237
-15.28	-86.237
-15.30	-86.237
-15.28	-86.237
-15.34	-85.725
-15.28	-85.725
-15.30	-85.725
-15.29	-85.747
-15.33	-85.747
-15.81	-89.981
-15.84	-89.937
-15.77	-89.937
-15.73	-89.937
-15.83	-89.914
-16.25	-91.608
-16.31	-91.630
-16.34	-91.586
-16.27	-91.586
-16.28	-91.564
-16.32	-90.137
-16.34	-90.160
-16.31	-90.137
-16.30	-90.160
-16.30	-90.115
-16.80	-93.636
-16.85	-93.659
-16.84	-93.592
-16.78	-93.614
-16.81	-93.525
-17.24	-95.375
-17.19	-95.375
-17.24	-95.352
-17.25	-95.352
-17.27	-95.375
-17.26	-93.503
-17.24	-93.503
-17.31	-93.503
-17.35	-93.480
-17.35	-93.480
-17.90	-97.470
-17.93	-97.470
-17.88	-97.425
-17.89	-97.380
-17.86	-97.425
-17.95	-95.196
-17.92	-95.174
-17.95	-95.196
-17.97	-95.196
-17.93	-95.152
-18.52	-98.918
-18.59	-98.851
-18.53	-98.874
-18.52	-98.829
-18.51	-98.807
-18.93	-100.790
-18.97	-100.790
-18.92	-100.746
-18.91	-100.723
-18.90	-100.723
-19.07	-98.361
-19.04	-98.339
-19.00	-98.361
-18.99	-98.339
-19.04	-98.383
-19.58	-101.637
-19.53	-101.615
-19.48	-101.593
-19.49	-101.570
-19.51	-101.570
-19.52	-99.787
-19.53	-99.743
-19.58	-99.765
-19.58	-99.743
-19.57	-99.743
-19.54	-98.851
-19.57	-98.874
-19.58	-98.896
-19.54	-98.918
-19.52	-98.851
-19.91	-102.038
-19.93	-102.061
-19.90	-102.038
-19.87	-102.038
-19.85	-102.038
-19.89	-100.813
-19.90	-100.790
-19.97	-100.746
-19.93	-100.813
-19.95	-100.813
-20.53	-104.222
-20.57	-104.222
-20.59	-104.222
-20.50	-104.178
-20.53	-104.156
-20.59	-102.261
-20.57	-102.283
-20.58	-102.239
-20.59	-102.261
-20.55	-102.239
-20.62	-101.347
-20.55	-101.370
-20.57	-101.392
-20.57	-101.370
-20.65	-101.392
-20.99	-104.445
-20.96	-104.445
-20.91	-104.423
-20.99	-104.423
-20.95	-104.423
-21.25	-105.203
-21.26	-105.158
-21.33	-105.181
-21.31	-105.158
-21.27	-105.158
-21.39	-100.251
-21.36	-100.273
-21.32	-100.273
-21.39	-100.251
-21.35	-100.251
-21.45	-100.072
-21.41	-100.095
-21.36	-100.050
-21.41	-100.139
-21.39	-100.095
-21.32	-97.197
-21.33	-97.086
-21.32	-97.064
-21.35	-96.952
-21.33	-96.930
-21.20	-94.657
-21.23	-94.657
-21.19	-94.724
-21.21	-94.724
-21.22	-94.679
-20.92	-89.598
-20.87	-89.687
-20.93	-89.620
-20.93	-89.598
-20.84	-89.664
-20.91	-89.687
-20.89	-89.664
-20.87	-89.709
-20.84	-89.709
-20.92	-89.709
-20.84	-89.731
-20.93	-89.776
-20.90	-89.709
-20.86	-89.731
-20.86	-89.731
-20.36	-81.396
-20.32	-81.418
-20.41	-81.396
-20.36	-81.396
-20.34	-81.396
-20.27	-82.889
-20.30	-82.845
-20.33	-82.867
-20.37	-82.867
-20.34	-82.845
-20.29	-82.934
-20.26	-82.889
-20.32	-82.934
-20.27	-82.912
-20.27	-82.934
-19.80	-77.095
-19.86	-76.939
-19.89	-76.894
-19.89	-76.872
-19.86	-76.894
-19.83	-77.187
-19.87	-77.187
-19.87	-77.187
-19.81	-77.165
-19.91	-77.187
-19.60	-73.220
-19.68	-73.243
-19.63	-73.198
-19.63	-73.220
-19.63	-73.243
-19.16	-67.537
-19.13	-67.537
-19.09	-67.537
-19.19	-67.515
-19.15	-67.448
-19.15	-67.604
-19.13	-67.582
-19.16	-67.582
-19.09	-67.560
-19.17	-67.560
-18.34	-59.492
-18.28	-60.004
-18.40	-60.339
-18.35	-60.250
-18.34	-60.094
-18.22	-56.661
-18.17	-56.661
-18.19	-56.684
-18.10	-56.706
-18.22	-56.684
-18.16	-57.999
-18.13	-57.999
-18.20	-57.976
-18.15	-57.976
-18.17	-57.999
-18.18	-58.333
-18.15	-58.311
-18.16	-58.311
-18.15	-58.288
-18.17	-58.288
-17.46	-49.797
-17.47	-49.753
-17.54	-49.797
-17.49	-49.797
-17.48	-49.797
-16.93	-45.050
-16.97	-45.050
-16.97	-45.006
-17.00	-45.072
-16.94	-45.050
-17.02	-45.451
-16.97	-45.496
-16.97	-45.518
-16.92	-45.518
-16.99	-45.518
-16.99	-46.457
-16.93	-46.434
-16.91	-46.390
-17.01	-46.457
-16.99	-46.434
-16.18	-37.965
-16.23	-37.965
-16.29	-38.010
-16.25	-37.988
-16.19	-38.032
-15.71	-33.731
-15.72	-33.731
-15.78	-33.731
-15.76	-33.753
-15.77	-33.731
-15.73	-34.979
-15.72	-35.024
-15.68	-35.024
-15.68	-34.957
-15.70	-35.024
-15.72	-35.135
-15.76	-35.135
-15.69	-35.113
-15.67	-35.135
-15.68	-35.135
-15.44	-31.948
-15.49	-31.792
-15.48	-31.725
-15.42	-31.658
-15.44	-31.614
-15.04	-27.959
-14.96	-27.959
-15.03	-28.003
-15.03	-28.003
-14.98	-28.026
-14.33	-22.855
-14.40	-22.811
-14.39	-22.855
-14.39	-22.877
-14.37	-22.855
-14.34	-23.747
-14.35	-23.747
-14.41	-23.724
-14.36	-23.747
-14.33	-23.747
-13.65	-17.662
-13.70	-17.640
-13.68	-17.662
-13.67	-17.685
-13.64	-17.640
-13.67	-18.532
-13.67	-18.532
-13.66	-18.532
-13.65	-18.576
-13.63	-18.532
-12.96	-13.317
-12.98	-13.317
-12.99	-13.317
-12.95	-13.294
-12.95	-13.294
-12.32	-9.439
-12.24	-9.439
-12.32	-9.461
-12.37	-9.461
-12.33	-9.439
-11.67	-6.787
-11.76	-6.787
-11.76	-6.809
-11.74	-6.787
-11.71	-6.764
-11.77	-7.633
-11.75	-7.633
-11.68	-7.656
-11.69	-7.611
-11.72	-7.633
-9.03	0.457
-9.03	0.457
-9.04	0.434
-9.03	0.479
-9.02	0.501
-9.31	-0.368
-9.31	-0.390
-9.31	-0.390
-9.31	-0.368
-9.31	-0.368
-8.20	2.953
-8.28	2.930
-8.24	2.975
-8.20	2.975
-8.21	2.997
-8.17	2.104
-8.16	2.194
-8.20	2.127
-8.23	2.127
-8.19	2.104
-8.15	2.439
-8.16	2.461
-8.17	2.416
-8.09	2.461
-8.16	2.416
-8.24	1.948
-8.15	1.971
-8.20	1.948
-8.18	1.948
-8.16	1.993
-8.26	1.681
-8.24	1.659
-8.22	1.659
-8.24	1.726
-8.23	1.681
-8.28	1.503
-8.37	1.480
-8.33	1.525
-8.30	1.480
-8.29	1.436
-8.36	1.302
-8.33	1.302
-8.37	1.324
-8.38	1.258
-8.36	1.302
-8.36	1.324
-8.42	1.280
-8.34	1.347
-8.36	1.324
-8.40	1.347
-8.44	1.369
-8.41	1.324
-8.40	1.369
-8.38	1.391
-8.35	1.458
-8.39	1.570
-8.37	1.614
-8.38	1.570
-8.34	1.659
-8.33	1.592
-8.30	1.703
-8.31	1.748
-8.34	1.681
-8.28	1.703
-8.34	1.703
-8.28	1.882
-8.25	1.904
-8.31	1.926
-8.27	1.882
-8.27	1.859
-8.27	2.060
-8.25	2.038
-8.25	2.060
-8.24	2.038
-8.25	2.060
-8.16	2.283
-8.19	2.216
-8.27	2.238
-8.23	2.149
-8.17	2.283
-8.16	2.439
-8.18	2.416
-8.15	2.461
-8.12	2.416
-8.21	2.394
-8.14	2.639
-8.05	2.572
-8.08	2.595
-8.16	2.595
-8.12	2.595
-8.06	2.773
-8.12	2.751
-8.05	2.728
-8.05	2.751
-8.07	2.751
-8.04	2.840
-8.07	2.840
-8.01	2.884
-8.02	2.884
-7.99	2.862
-7.95	2.795
-7.99	2.818
-8.00	2.840
-8.02	2.818
-7.98	2.884
-8.00	2.929
-7.94	2.907
-7.94	2.884
-7.99	2.907
-7.92	2.929
-7.57	2.888
-7.59	2.843
-7.51	2.843
-7.53	2.865
-7.57	2.843
-7.53	2.888
-7.57	2.843
-7.53	2.888
-7.55	2.776
-7.53	2.910
-7.41	3.020
-7.47	2.997
-7.40	3.020
-7.38	2.997
-7.41	2.953
-7.47	1.727
-7.43	1.727
-7.46	1.705
-7.48	1.749
-7.45	1.749
-7.46	1.660
-7.48	1.638
-7.47	1.682
-7.55	1.638
-7.47	1.616
-7.56	1.571
-7.51	1.571
-7.62	1.616
-7.50	1.549
-7.58	1.549
-6.55	4.468
-6.46	4.580
-6.50	4.513
-6.45	4.490
-6.51	4.468
-5.24	6.808
-5.31	6.853
-5.20	6.831
-5.24	6.875
-5.24	6.786
-4.16	9.104
-4.20	9.082
-4.13	9.082
-4.16	9.104
-4.15	9.148
-3.47	10.998
-3.50	11.020
-3.51	11.043
-3.45	10.998
-3.44	10.976
-3.51	10.151
-3.45	10.151
-3.46	10.107
-3.46	10.084
-3.49	10.107
-2.81	13.361
-2.79	13.361
-2.83	13.361
-2.74	13.338
-2.80	13.383
-2.23	15.322
-2.33	15.277
-2.23	15.344
-2.25	15.299
-2.21	15.277
-1.68	17.751
-1.69	17.773
-1.65	17.706
-1.64	17.729
-1.69	17.751
-1.17	19.913
-1.14	19.935
-1.11	19.891
-1.13	19.913
-1.19	19.935
-0.62	22.387
-0.67	22.387
-0.57	22.364
-0.63	22.364
-0.58	22.320
-0.58	21.005
-0.59	21.005
-0.56	21.005
-0.55	20.983
-0.58	21.005
-0.54	20.626
-0.59	20.648
-0.57	20.648
-0.56	20.648
-0.56	20.671
-0.03	24.905
-0.05	24.838
-0.06	24.838
-0.05	24.860
-0.03	24.816
0.42	26.888
0.35	26.888
0.38	26.911
0.35	26.933
0.39	26.844
0.83	28.761
0.81	28.716
0.83	28.694
0.77	28.716
0.86	28.649
1.32	31.234
1.34	31.212
1.35	31.190
1.33	31.101
1.33	31.212
1.74	33.017
1.81	33.017
1.79	33.017
1.81	32.973
1.76	33.017
2.42	35.892
2.42	35.870
2.42	35.870
2.37	35.892
2.40	35.892
2.88	37.831
2.86	37.898
2.87	37.876
2.89	37.876
2.88	37.853
3.51	40.595
3.46	40.550
3.43	40.550
3.38	40.528
3.47	40.528
3.46	38.834
3.52	38.812
3.47	38.812
3.49	38.856
3.42	38.790
3.96	42.400
3.94	42.400
3.92	42.355
3.89	42.333
3.96	42.378
4.38	44.049
4.32	44.071
4.26	44.049
4.32	43.982
4.35	44.027
4.38	42.378
4.37	42.378
4.39	42.355
4.32	42.355
4.41	42.355
4.91	46.590
4.87	46.612
4.96	46.545
4.87	46.590
4.95	46.523
5.57	49.933
5.57	49.777
5.58	49.755
5.58	49.777
5.57	49.688
6.03	51.783
6.05	51.783
6.00	51.738
6.10	51.760
6.04	51.716
6.61	53.811
6.48	53.788
6.57	53.833
6.50	53.788
6.57	53.766
7.09	56.351
7.06	56.240
7.05	56.307
7.10	56.307
7.12	56.218
7.62	58.179
7.58	58.201
7.60	58.134
7.55	58.134
7.64	58.134
8.34	61.544
8.34	61.589
8.35	61.566
8.36	61.522
8.36	61.500
9.23	65.422
9.26	65.333
9.20	65.333
9.24	65.333
9.25	65.311
9.55	66.403
9.52	66.358
9.56	66.380
9.47	66.380
9.57	66.336
9.51	64.687
9.64	64.753
9.57	64.731
9.62	64.753
9.51	64.687
9.65	62.634
9.65	62.634
9.61	62.656
9.57	62.679
9.65	62.701
9.94	67.648
10.10	67.604
9.95	67.604
10.08	67.626
9.93	67.648
10.53	70.858
10.35	70.858
10.50	70.813
10.42	70.835
10.49	70.791
11.04	73.688
11.11	73.666
11.04	73.644
11.11	73.644
11.07	73.577
11.58	75.471
11.53	75.449
11.66	75.449
11.55	75.449
11.61	75.426
12.17	78.190
12.23	78.168
12.16	78.101
12.22	78.123
12.19	78.145
12.27	75.828
12.23	75.894
12.27	75.828
12.18	75.805
12.23	75.761
12.27	75.516
12.28	75.471
12.19	75.471
12.27	75.471
12.28	75.516
12.65	79.795
12.72	79.817
12.71	79.795
12.71	79.795
12.70	79.750
13.35	83.138
13.40	83.093
13.30	83.071
13.46	83.026
13.34	82.982
13.71	84.430
13.72	84.341
13.75	84.319
13.73	84.386
13.65	84.274
14.28	86.614
14.41	86.637
14.31	86.592
14.37	86.570
14.26	86.614
14.44	84.185
14.41	84.207
14.37	84.185
14.32	84.141
14.43	84.207
15.13	89.177
15.19	89.155
15.17	89.155
15.13	89.155
15.16	89.110
15.26	86.035
15.22	86.013
15.17	85.990
15.28	86.013
15.24	85.990
15.45	89.155
15.42	89.110
15.50	89.110
15.41	89.110
15.50	89.066
15.95	91.607
15.88	91.562
15.93	91.584
15.90	91.562
15.89	91.562
16.37	93.791
16.50	93.657
16.44	93.746
16.45	93.679
16.43	93.701
16.87	95.239
16.94	95.306
16.93	95.239
16.96	95.217
16.92	95.239
16.98	93.100
16.97	93.077
16.92	93.122
17.01	93.100
16.99	93.100
17.48	96.666
17.43	96.599
17.49	96.510
17.56	96.510
17.46	96.576
18.01	98.226
18.11	98.203
18.01	98.203
18.08	98.226
17.99	98.248
18.08	96.042
18.13	96.042
18.13	96.042
18.13	95.997
18.05	95.975
18.46	99.139
18.41	99.206
18.46	99.139
18.43	99.162
18.47	99.073
18.40	97.869
18.50	97.824
18.48	97.824
18.46	97.847
18.40	97.824
18.57	95.062
18.49	95.062
18.48	95.017
18.56	95.062
18.53	95.039
18.87	100.165
18.97	100.143
18.83	100.099
18.92	100.143
18.91	100.099
18.97	98.605
18.95	98.672
18.98	98.605
18.90	98.628
18.98	98.583
19.51	102.349
19.52	102.283
19.49	102.216
19.44	102.260
19.55	102.216
19.90	103.219
19.97	103.241
19.98	103.174
20.00	103.174
19.95	103.152
19.98	101.280
19.97	101.280
20.07	101.302
19.97	101.347
20.03	101.280
20.06	101.101
19.93	101.079
20.08	101.101
19.97	101.101
20.10	101.146
20.02	97.488
20.10	97.510
20.04	97.510
20.10	97.510
20.03	97.532
19.81	92.005
19.97	92.005
19.81	92.027
19.94	92.027
19.79	92.050
19.73	88.306
19.65	88.328
19.72	88.306
19.62	88.328
19.72	88.328
19.73	88.462
19.58	88.484
19.78	88.462
19.61	88.439
19.77	88.439
19.70	89.175
19.66	89.108
19.72	89.175
19.64	89.175
19.69	89.108
19.61	89.086
19.70	89.152
19.64	89.130
19.71	89.197
19.64	89.152
19.47	84.963
19.45	84.918
19.47	84.963
19.40	84.896
19.47	84.940
19.34	82.868
19.31	82.823
19.30	82.801
19.33	82.845
19.32	82.801
19.05	78.544
19.03	78.544
19.11	78.544
19.00	78.544
19.06	78.566
18.67	72.727
18.58	72.683
18.70	72.660
18.53	72.660
18.66	72.727
18.17	66.777
18.14	66.688
18.21	66.777
18.18	66.754
18.18	66.777
18.20	67.401
18.08	67.312
18.23	67.334
18.13	67.334
18.18	67.289
17.69	61.250
17.79	61.205
17.70	61.227
17.74	61.272
17.66	61.227
17.69	62.832
17.71	62.810
17.69	62.854
17.68	62.854
17.70	62.854
17.24	55.834
17.22	55.834
17.18	55.834
17.22	55.834
17.25	55.856
16.69	50.151
16.77	50.173
16.72	50.129
16.75	50.173
16.64	50.173
16.21	45.292
16.30	45.315
16.26	45.270
16.30	45.292
16.23	45.292
16.26	46.139
16.24	46.117
16.26	46.162
16.14	46.139
16.28	46.117
16.21	46.761
16.24	46.806
16.19	46.783
16.24	46.806
16.20	46.783
15.76	40.387
15.68	40.476
15.77	40.499
15.72	40.454
15.74	40.476
15.20	35.506
15.29	35.484
15.26	35.573
15.25	35.529
15.18	35.529
14.82	31.874
14.95	31.851
14.83	31.918
14.89	31.896
14.79	31.851
14.86	33.033
14.83	32.966
14.85	32.943
14.79	33.055
14.89	32.988
14.35	27.974
14.37	28.018
14.30	27.996
14.42	27.996
14.37	27.996
13.78	22.469
13.63	22.469
13.81	22.469
13.72	22.469
13.76	22.424
13.69	23.137
13.76	23.160
13.70	23.115
13.74	23.182
13.72	23.137
13.74	23.338
13.76	23.405
13.70	23.449
13.68	23.405
13.71	23.383
13.20	18.992
13.29	18.992
13.13	18.970
13.31	19.014
13.18	18.925
12.66	14.624
12.60	14.602
12.71	14.602
12.67	14.624
12.66	14.624
11.99	10.055
11.96	10.011
11.96	10.055
11.91	10.077
11.96	10.033
11.98	11.058
11.82	11.058
11.97	11.013
11.92	11.058
11.94	11.013
11.33	6.980
11.41	6.935
11.26	6.980
11.41	7.002
11.35	6.935
10.80	4.238
10.82	4.350
10.81	4.261
10.81	4.283
10.78	4.305
10.20	1.987
10.31	1.943
10.23	2.010
10.24	1.987
10.16	1.965
10.19	3.195
10.18	3.261
10.20	3.239
10.21	3.217
10.18	3.239
10.17	4.242
10.23	4.242
10.24	4.220
10.24	4.242
10.18	4.242
10.20	3.217
10.21	3.217
10.16	3.172
10.23	3.172
10.20	3.195
10.02	1.813
10.01	1.790
10.05	1.768
9.99	1.790
10.00	1.790
10.02	2.102
9.98	2.169
10.03	2.102
10.00	2.147
10.02	2.125
10.06	2.258
9.94	2.258
10.05	2.258
10.02	2.303
10.02	2.281
9.84	3.160
9.80	3.204
9.83	3.182
9.81	3.182
9.79	3.271
9.84	3.227
9.85	3.182
9.84	3.160
9.83	3.182
9.87	3.160
9.79	2.268
9.80	2.224
9.84	2.224
9.79	2.224
9.79	2.224
9.81	2.179
9.83	2.201
9.82	2.246
9.82	2.246
9.80	2.201
9.80	2.268
9.78	2.313
9.79	2.268
9.82	2.246
9.74	2.357
9.72	2.001
9.70	1.978
9.71	1.934
9.73	2.001
9.74	1.978
9.78	1.978
9.75	1.934
9.77	1.867
9.73	1.889
9.77	1.889
8.71	-0.674
8.71	-0.674
8.70	-0.696
8.69	-0.718
8.69	-0.718
7.28	-4.128
7.26	-4.173
7.27	-4.150
7.26	-4.173
7.27	-4.150
6.20	-6.736
6.16	-6.758
6.18	-6.780
6.17	-6.713
6.16	-6.713
6.11	-6.557
6.09	-6.557
6.09	-6.535
6.13	-6.535
6.18	-6.513
6.13	-5.822
6.12	-5.822
6.14	-5.844
6.07	-5.844
6.07	-5.844
6.11	-5.933
6.14	-5.933
6.12	-5.911
6.12	-5.933
6.10	-5.956
4.45	-8.987
4.45	-8.942
4.43	-8.964
4.42	-8.920
4.39	-8.942
4.36	-8.184
4.36	-8.184
4.40	-8.206
4.40	-8.229
4.41	-8.229
3.18	-11.260
3.21	-11.215
3.18	-11.260
3.19	-11.237
3.18	-11.237
2.44	-13.043
2.42	-12.998
2.44	-13.020
2.44	-12.998
2.44	-12.998
1.65	-15.294
1.62	-15.316
1.66	-15.338
1.61	-15.271
1.63	-15.338
0.92	-17.522
0.93	-17.522
0.94	-17.522
0.99	-17.522
0.94	-17.522
0.30	-19.929
0.33	-19.907
0.34	-19.885
0.39	-19.907
0.36	-19.907
-0.27	-22.180
-0.25	-22.158
-0.23	-22.113
-0.24	-22.158
-0.23	-22.113
-0.22	-20.665
-0.23	-20.687
-0.22	-20.665
-0.20	-20.687
-0.18	-20.642
-0.76	-23.562
-0.77	-23.540
-0.73	-23.607
-0.77	-23.607
-0.79	-23.607
-1.25	-26.392
-1.22	-26.415
-1.26	-26.392
-1.23	-26.370
-1.27	-26.437
-1.81	-29.022
-1.80	-29.022
-1.83	-29.000
-1.79	-28.978
-1.78	-28.955
-2.39	-31.340
-2.37	-31.318
-2.33	-31.362
-2.35	-31.318
-2.35	-31.340
-2.87	-33.613
-2.84	-33.569
-2.83	-33.591
-2.84	-33.546
-2.78	-33.591
-3.21	-35.463
-3.20	-35.463
-3.19	-35.463
-3.18	-35.463
-3.21	-35.441
-3.65	-36.778
-3.66	-36.822
-3.63	-36.800
-3.61	-36.800
-3.56	-36.800
-3.66	-36.109
-3.65	-35.998
-3.66	-36.020
-3.62	-36.042
-3.64	-36.042
-3.86	-38.137
-3.83	-38.182
-3.85	-38.160
-3.86	-38.182
-3.80	-38.160
-4.30	-40.344
-4.31	-40.366
-4.29	-40.321
-4.30	-40.321
-4.29	-40.344
-4.74	-42.394
-4.72	-42.416
-4.73	-42.372
-4.70	-42.416
-4.71	-42.372
-5.11	-43.976
-5.10	-43.976
-5.08	-43.976
-5.10	-43.976
-5.08	-43.954
-5.18	-42.528
-5.11	-42.528
-5.15	-42.528
-5.07	-42.506
-5.10	-42.506
-5.07	-42.260
-5.11	-42.260
-5.11	-42.283
-5.11	-42.283
-5.09	-42.260
-5.43	-45.626
-5.41	-45.626
-5.40	-45.693
-5.43	-45.648
-5.46	-45.648
-5.71	-47.119
-5.74	-47.119
-5.73	-47.119
-5.80	-47.074
-5.78	-47.119
-6.16	-49.281
-6.15	-49.281
-6.12	-49.303
-6.13	-49.258
-6.09	-49.236
-6.49	-51.197
-6.51	-51.242
-6.52	-51.197
-6.47	-51.175
-6.51	-51.175
-6.98	-53.515
-6.98	-53.493
-7.00	-53.493
-7.00	-53.471
-7.02	-53.448
-7.47	-55.721
-7.46	-55.677
-7.46	-55.677
-7.47	-55.677
-7.49	-55.677
-7.94	-57.371
-7.91	-57.371
-7.89	-57.348
-7.86	-57.348
-7.87	-57.326
-8.33	-59.265
-8.31	-59.310
-8.29	-59.310
-8.30	-59.243
-8.30	-59.243
-8.83	-62.051
-8.88	-62.073
-8.85	-62.006
-8.87	-62.095
-8.85	-61.984
-9.32	-64.124
-9.34	-64.079
-9.31	-64.057
-9.34	-64.079
-9.39	-64.079
-9.88	-65.193
-9.87	-65.216
-9.82	-65.216
-9.86	-65.238
-9.89	-65.193
-9.94	-64.079
-9.93	-64.124
-9.91	-64.124
-9.88	-64.057
-9.87	-64.079
-9.90	-63.388
-9.92	-63.388
-9.94	-63.410
-9.92	-63.410
-9.91	-63.410
-10.06	-65.951
-10.09	-65.973
-10.06	-65.973
-10.10	-65.973
-10.11	-65.951
-10.12	-63.995
-10.12	-63.973
-10.14	-63.995
-10.18	-63.951
-10.18	-63.995
-10.49	-68.319
-10.55	-68.341
-10.56	-68.341
-10.50	-68.319
-10.51	-68.341
-10.54	-67.026
-10.51	-67.049
-10.55	-67.026
-10.53	-67.026
-10.52	-67.026
-11.02	-70.726
-10.99	-70.748
-10.99	-70.748
-11.01	-70.770
-11.00	-70.748
-11.44	-72.910
-11.44	-72.843
-11.41	-72.910
-11.44	-72.865
-11.46	-72.888
-11.99	-75.406
-12.01	-75.406
-12.01	-75.384
-12.03	-75.362
-12.02	-75.362
-12.05	-73.690
-12.07	-73.668
-12.08	-73.712
-12.05	-73.712
-11.99	-73.668
-12.47	-76.766
-12.49	-76.721
-12.49	-76.743
-12.45	-76.721
-12.48	-76.743
-13.12	-79.373
-13.10	-79.329
-13.09	-79.351
-13.12	-79.329
-13.16	-79.329
-13.59	-81.178
-13.62	-81.201
-13.63	-81.178
-13.62	-81.201
-13.65	-81.134
-13.70	-79.819
-13.64	-79.819
-13.62	-79.841
-13.64	-79.797
-13.64	-79.863
-14.24	-83.652
-14.23	-83.652
-14.23	-83.630
-14.20	-83.608
-14.25	-83.630
-14.72	-85.747
-14.73	-85.725
-14.73	-85.702
-14.70	-85.725
-14.75	-85.702
-15.46	-88.577
-15.51	-88.555
-15.52	-88.511
-15.48	-88.488
-15.49	-88.511
-15.58	-85.212
-15.57	-85.212
-15.55	-85.168
-15.56	-85.212
-15.52	-85.190
-15.85	-88.020
-15.81	-88.020
-15.79	-88.020
-15.76	-87.998
-15.77	-88.043
-16.33	-91.185
-16.33	-91.230
-16.36	-91.207
-16.40	-91.163
-16.42	-91.140
-16.88	-93.057
-16.91	-93.012
-16.86	-93.012
-16.87	-92.968
-16.91	-92.990
-16.90	-91.386
-16.92	-91.452
-16.91	-91.408
-16.95	-91.408
-16.93	-91.408
-16.95	-90.873
-16.97	-90.895
-16.95	-90.918
-16.94	-90.895
-16.93	-90.895
-17.50	-94.483
-17.50	-94.461
-17.47	-94.506
-17.46	-94.439
-17.43	-94.483
-17.81	-95.865
-17.84	-95.887
-17.84	-95.865
-17.89	-95.865
-17.91	-95.865
-17.87	-94.394
-17.88	-94.372
-17.87	-94.350
-17.86	-94.327
-17.89	-94.372
-18.47	-96.801
-18.45	-96.801
-18.50	-96.823
-18.50	-96.801
-18.47	-96.823
-18.94	-99.453
-18.96	-99.453
-18.98	-99.453
-19.00	-99.431
-19.03	-99.386
-19.07	-97.225
-19.08	-97.202
-19.02	-97.202
-19.02	-97.158
-18.97	-97.180
-19.54	-100.412
-19.57	-100.389
-19.55	-100.367
-19.55	-100.412
-19.54	-100.412
-20.07	-102.083
-20.08	-102.061
-20.07	-102.083
-20.08	-102.061
-20.12	-102.061
-20.09	-99.921
-20.13	-99.966
-20.18	-99.966
-20.12	-99.944
-20.15	-99.944
-20.12	-99.275
-20.11	-99.230
-20.09	-99.253
-20.10	-99.275
-20.12	-99.275
-20.10	-99.208
-20.13	-99.208
-20.13	-99.208
-20.12	-99.208
-20.16	-99.208
-20.59	-103.064
-20.58	-103.064
-20.55	-103.041
-20.54	-102.997
-20.49	-103.041
-20.61	-101.125
-20.56	-101.125
-20.58	-101.125
-20.56	-101.103
-20.61	-101.103
-20.97	-103.755
-21.03	-103.732
-21.03	-103.755
-21.02	-103.732
-21.00	-103.755
-21.59	-105.560
-21.59	-105.560
-21.59	-105.515
-21.56	-105.515
-21.56	-105.538
-21.59	-103.465
-21.60	-103.509
-21.59	-103.487
-21.59	-103.443
-21.60	-103.487
-21.67	-101.459
-21.67	-101.504
-21.63	-101.504
-21.57	-101.481
-21.61	-101.526
-21.69	-99.874
-21.68	-99.829
-21.64	-99.851
-21.67	-99.851
-21.69	-99.762
-21.69	-99.785
-21.68	-99.829
-21.65	-99.829
-21.66	-99.785
-21.64	-99.762
-21.45	-93.789
-21.43	-93.812
-21.42	-93.789
-21.44	-93.856
-21.47	-93.812
-21.15	-89.466
-21.21	-89.399
-21.23	-89.399
-21.21	-89.399
-21.17	-89.399
-21.17	-89.711
-21.20	-89.711
-21.22	-89.756
-21.17	-89.733
-21.17	-89.756
-21.17	-90.246
-21.10	-90.268
-21.14	-90.290
-21.14	-90.246
-21.18	-90.268
-20.68	-82.624
-20.64	-82.602
-20.64	-82.579
-20.66	-82.624
-20.70	-82.602
-20.37	-78.590
-20.41	-78.657
-20.36	-78.635
-20.42	-78.612
-20.45	-78.635
-20.36	-79.281
-20.41	-79.281
-20.41	-79.281
-20.37	-79.236
-20.38	-79.281
-19.91	-72.394
-19.91	-72.394
-19.84	-72.394
-19.87	-72.394
-19.91	-72.417
-19.44	-67.358
-19.42	-67.313
-19.39	-67.358
-19.44	-67.313
-19.45	-67.335
-19.44	-68.472
-19.46	-68.450
-19.44	-68.494
-19.40	-68.539
-19.37	-68.561
-19.41	-68.450
-19.44	-68.427
-19.44	-68.427
-19.46	-68.427
-19.39	-68.472
-19.39	-68.806
-19.36	-68.806
-19.38	-68.828
-19.44	-68.806
-19.44	-68.806
-18.80	-59.780
-18.80	-59.869
-18.79	-59.825
-18.73	-59.825
-18.71	-59.847
-18.74	-60.805
-18.76	-60.805
-18.80	-60.805
-18.78	-60.828
-18.71	-60.805
-18.19	-54.097
-18.19	-54.208
-18.19	-54.186
-18.17	-54.298
-18.21	-54.275
-17.81	-50.732
-17.78	-50.776
-17.75	-50.754
-17.83	-50.754
-17.84	-50.776
-17.83	-51.200
-17.84	-51.178
-17.84	-51.178
-17.87	-51.200
-17.81	-51.200
-17.19	-44.581
-17.20	-44.558
-17.22	-44.581
-17.24	-44.581
-17.24	-44.581
-17.19	-45.584
-17.21	-45.584
-17.18	-45.561
-17.18	-45.584
-17.16	-45.606
-17.21	-45.987
-17.19	-46.009
-17.22	-45.987
-17.24	-46.009
-17.24	-45.987
-17.23	-46.477
-17.23	-46.500
-17.16	-46.500
-17.17	-46.522
-17.13	-46.522
-16.61	-39.056
-16.60	-39.078
-16.56	-39.056
-16.51	-39.100
-16.52	-39.123
-15.93	-33.462
-15.93	-33.484
-15.94	-33.462
-15.94	-33.506
-15.94	-33.506
-15.91	-34.287
-15.96	-34.242
-15.92	-34.264
-15.95	-34.242
-15.93	-34.242
-15.29	-27.801
-15.26	-27.823
-15.30	-27.823
-15.25	-27.823
-15.26	-27.823
-14.62	-22.898
-14.67	-22.898
-14.67	-22.920
-14.66	-22.898
-14.60	-22.898
-14.62	-23.745
-14.67	-23.745
-14.63	-23.790
-14.65	-23.790
-14.58	-23.790
-13.92	-17.973
-13.92	-17.995
-13.91	-17.973
-13.97	-17.995
-13.96	-18.040
-13.94	-18.574
-13.88	-18.552
-13.89	-18.530
-13.89	-18.552
-13.91	-18.552
-13.94	-18.797
-13.92	-18.820
-13.89	-18.842
-13.88	-18.886
-13.89	-18.842
-13.19	-12.713
-13.11	-12.691
-13.10	-12.713
-13.09	-12.691
-13.16	-12.735
-12.52	-9.526
-12.56	-9.482
-12.59	-9.526
-12.54	-9.504
-12.51	-9.482
-11.99	-6.919
-11.96	-6.941
-11.93	-6.963
-11.93	-6.941
-12.01	-6.941
-11.94	-7.498
-11.94	-7.520
-11.96	-7.476
-11.95	-7.476
-11.98	-7.520
-11.92	-7.899
-11.96	-7.944
-11.98	-7.921
-11.98	-7.921
-11.96	-7.921
-11.97	-8.055
-11.93	-8.055
-11.94	-8.055
-11.96	-8.100
-11.99	-8.100
-10.48	-3.286
-10.50	-3.353
-10.49	-3.308
-10.48	-3.286
-10.50	-3.353
-9.37	0.235
-9.37	0.235
-9.39	0.191
-9.37	0.258
-9.37	0.235
-8.95	1.595
-9.00	1.550
-8.97	1.573
-8.96	1.595
-8.96	1.639
-8.94	1.372
-8.93	1.372
-8.96	1.350
-8.99	1.350
-9.00	1.350
-8.85	1.368
-8.91	1.390
-8.92	1.324
-8.92	1.390
-8.90	1.368
-8.53	2.371
-8.55	2.416
-8.55	2.416
-8.59	2.393
-8.55	2.416
-6.90	4.377
-6.95	4.377
-6.92	4.377
-6.93	4.355
-6.95	4.377
-6.89	3.708
-6.92	3.686
-6.90	3.686
-6.91	3.664
-6.91	3.641
-5.05	7.073
-5.06	7.051
-5.02	6.984
-5.10	7.007
-5.12	7.051
-4.02	8.834
-3.96	8.856
-3.97	8.812
-3.99	8.879
-4.05	8.834
-3.22	11.152
-3.22	11.107
-3.18	11.130
-3.14	11.152
-3.18	11.063
-2.52	13.069
-2.52	13.024
-2.47	13.024
-2.48	13.024
-2.47	13.002
-2.08	15.074
-2.00	15.074
-1.97	15.097
-1.98	15.074
-2.02	15.074
-1.30	18.284
-1.32	18.239
-1.39	18.194
-1.35	18.172
-1.35	18.194
-0.72	20.334
-0.72	20.379
-0.76	20.379
-0.74	20.356
-0.76	20.356
-0.34	22.117
-0.37	22.139
-0.42	22.139
-0.41	22.139
-0.39	22.139
-0.39	20.713
-0.31	20.713
-0.29	20.691
-0.28	20.713
-0.35	20.691
0.20	24.234
0.16	24.190
0.14	24.212
0.10	24.212
0.10	24.212
0.74	27.109
0.71	27.109
0.68	27.065
0.65	27.020
0.72	27.042
1.27	29.204
1.22	29.182
1.19	29.182
1.22	29.226
1.21	29.159
1.56	31.054
1.53	30.987
1.58	31.032
1.67	31.032
1.65	30.965
2.22	33.862
2.24	33.795
2.28	33.751
2.24	33.795
2.24	33.840
2.85	36.091
2.77	36.091
2.72	35.979
2.70	36.024
2.75	35.979
3.41	39.010
3.39	38.988
3.36	38.943
3.37	38.921
3.38	38.899
3.76	40.905
3.80	40.927
3.85	40.860
3.89	40.882
3.91	40.793
3.84	40.013
3.90	39.968
3.91	40.013
3.91	40.013
3.82	39.968
4.24	42.888
4.32	42.821
4.37	42.843
4.38	42.821
4.34	42.777
4.78	44.894
4.81	44.916
4.81	44.938
4.81	44.872
4.77	44.849
4.90	43.378
4.88	43.356
4.88	43.378
4.92	43.378
4.91	43.356
4.91	43.155
4.87	43.133
4.86	43.111
4.87	43.111
4.90	43.089
5.35	46.900
5.34	46.922
5.31	46.922
5.29	46.877
5.28	46.989
5.81	49.262
5.75	49.240
5.77	49.240
5.79	49.240
5.87	49.217
6.16	50.621
6.21	50.644
6.24	50.644
6.23	50.621
6.16	50.621
6.94	53.964
6.90	53.964
6.92	53.942
6.89	53.853
6.93	53.920
7.46	56.438
7.44	56.438
7.47	56.416
7.47	56.416
7.46	56.438
7.92	58.444
8.02	58.466
7.98	58.444
7.97	58.466
7.92	58.377
8.42	60.561
8.45	60.517
8.39	60.494
8.36	60.405
8.34	60.428
8.76	61.609
8.85	61.564
8.79	61.542
8.78	61.520
8.73	61.542
8.76	60.806
8.78	60.762
8.83	60.784
8.83	60.829
8.83	60.784
9.35	64.439
9.35	64.372
9.38	64.350
9.24	64.372
9.27	64.328
9.74	65.732
9.67	65.687
9.63	65.687
9.60	65.709
9.65	65.687
9.95	66.757
9.97	66.712
9.95	66.712
9.92	66.712
9.93	66.690
9.94	63.681
9.97	63.659
10.06	63.659
10.06	63.726
10.07	63.704
10.03	63.570
10.05	63.481
10.04	63.503
10.04	63.503
9.96	63.481
10.39	68.785
10.40	68.830
10.42	68.763
10.47	68.807
10.45	68.807
10.82	70.323
10.77	70.278
10.73	70.301
10.76	70.301
10.79	70.301
11.27	72.663
11.29	72.663
11.27	72.551
11.23	72.618
11.24	72.551
11.33	71.125
11.29	71.170
11.33	71.147
11.29	71.170
11.33	71.103
11.87	74.802
11.86	74.825
11.82	74.736
11.73	74.758
11.77	74.736
12.42	77.477
12.46	77.477
12.51	77.477
12.53	77.499
12.56	77.455
12.48	76.518
12.51	76.518
12.51	76.518
12.57	76.496
12.54	76.518
12.95	79.527
12.97	79.527
12.93	79.549
12.89	79.527
12.84	79.527
13.45	82.090
13.46	82.046
13.56	82.001
13.57	82.001
13.59	82.023
13.50	80.263
13.55	80.285
13.58	80.285
13.64	80.263
13.55	80.263
14.03	84.274
14.07	84.297
14.13	84.274
14.16	84.297
14.19	84.252
14.73	86.882
14.78	86.837
14.83	86.837
14.76	86.793
14.76	86.793
15.32	89.088
15.34	88.999
15.39	89.021
15.43	88.954
15.35	88.888
15.47	86.592
15.45	86.614
15.42	86.614
15.40	86.703
15.40	86.637
15.52	85.790
15.46	85.790
15.46	85.767
15.41	85.790
15.45	85.834
16.09	91.763
16.05	91.763
16.06	91.740
16.04	91.718
16.08	91.673
16.12	89.177
16.16	89.155
16.19	89.177
16.12	89.155
16.08	89.155
16.39	91.919
16.37	91.919
16.37	91.896
16.44	91.874
16.49	91.874
16.98	94.259
16.95	94.259
16.99	94.259
17.04	94.192
17.10	94.214
17.41	95.373
17.38	95.395
17.36	95.351
17.39	95.418
17.43	95.351
17.45	94.058
17.44	94.058
17.46	94.036
17.44	94.058
17.43	94.036
17.40	93.635
17.39	93.635
17.39	93.657
17.41	93.612
17.45	93.612
18.01	97.267
18.00	97.267
17.95	97.245
17.91	97.267
17.87	97.178
18.49	98.783
18.47	98.760
18.52	98.760
18.53	98.716
18.59	98.716
18.55	96.532
18.56	96.554
18.61	96.576
18.61	96.576
18.64	96.532
18.86	98.939
18.87	98.939
18.89	98.939
18.92	98.961
18.95	98.961
19.38	100.499
19.39	100.499
19.37	100.499
19.40	100.477
19.36	100.477
19.45	98.805
19.43	98.850
19.45	98.805
19.45	98.850
19.40	98.805
19.98	101.858
20.00	101.814
20.01	101.814
19.93	101.814
19.92	101.814
20.05	99.028
20.07	99.006
20.07	98.983
20.05	98.983
20.02	99.006
20.05	95.642
20.02	95.642
20.02	95.687
20.05	95.687
20.05	95.620
20.15	95.464
20.13	95.441
20.06	95.441
20.06	95.441
20.05	95.464
19.87	89.803
19.88	89.803
19.84	89.781
19.86	89.870
19.89	89.825
19.84	89.937
19.85	89.892
19.89	89.914
19.94	89.937
19.91	89.914
19.51	83.117
19.54	83.184
19.53	83.162
19.53	83.095
19.47	83.139
19.48	83.696
19.47	83.674
19.48	83.696
19.43	83.696
19.45	83.696
19.15	77.813
19.17	77.835
19.11	77.880
19.10	77.835
19.10	77.857
18.71	73.110
18.75	73.043
18.78	73.110
18.79	73.133
18.78	73.110
18.74	73.757
18.72	73.779
18.74	73.734
18.69	73.779
18.69	73.734
18.74	74.002
18.78	74.002
18.79	74.002
18.74	74.002
18.71	74.024
18.23	66.357
18.24	66.447
18.21	66.424
18.20	66.447
18.23	66.424
18.23	67.093
18.14	67.071
18.10	67.115
18.11	67.004
18.14	67.071
17.73	60.407
17.78	60.385
17.80	60.429
17.79	60.385
17.70	60.429
17.30	55.860
17.37	55.794
17.39	55.838
17.35	55.838
17.36	55.816
17.37	56.529
17.38	56.529
17.41	56.551
17.35	56.507
17.34	56.529
16.95	52.339
16.97	52.384
17.01	52.317
17.04	52.339
17.06	52.317
16.74	49.152
16.74	49.197
16.71	49.197
16.71	49.241
16.74	49.175
16.35	44.962
16.36	44.962
16.37	44.985
16.37	44.962
16.33	44.985
16.36	45.787
16.35	45.787
16.37	45.787
16.33	45.809
16.32	45.809
16.33	46.500
16.40	46.455
16.36	46.500
16.29	46.500
16.28	46.500
15.97	40.972
15.94	41.017
15.86	40.950
15.88	40.995
15.98	40.972
15.49	36.872
15.47	36.939
15.46	36.894
15.49	36.872
15.55	36.849
15.44	37.674
15.43	37.674
15.52	37.741
15.50	37.696
15.53	37.674
15.11	33.551
15.10	33.573
15.14	33.551
15.17	33.551
15.16	33.551
14.63	29.250
14.61	29.294
14.63	29.272
14.69	29.227
14.74	29.250
14.18	24.347
14.13	24.369
14.08	24.436
14.05	24.391
14.11	24.414
13.84	22.163
13.79	22.185
13.78	22.229
13.78	22.229
13.82	22.252
13.70	22.742
13.75	22.809
13.79	22.764
13.81	22.764
13.75	22.742
13.69	23.188
13.73	23.210
13.79	23.121
13.78	23.166
13.73	23.188
13.80	23.255
13.82	23.299
13.74	23.255
13.73	23.232
13.77	23.232
13.00	16.613
13.01	16.569
13.07	16.591
13.10	16.636
13.01	16.658
12.38	11.799
12.31	11.822
12.28	11.844
12.26	11.822
12.36	11.844
12.32	12.334
12.40	12.334
12.30	12.379
12.30	12.312
12.31	12.446
11.49	7.387
11.55	7.431
11.55	7.387
11.56	7.387
11.61	7.387
10.85	3.865
10.81	3.888
10.85	3.888
10.82	3.865
10.77	3.865
10.82	4.400
10.79	4.378
10.77	4.422
10.76	4.400
10.81	4.422
10.49	2.372
10.48	2.394
10.40	2.394
10.43	2.394
10.51	2.394
10.47	3.464
10.35	3.442
10.35	3.486
10.43	3.464
10.43	3.486
10.50	4.467
10.44	4.467
10.44	4.467
10.51	4.489
10.49	4.467
10.29	2.172
10.34	2.172
10.31	2.194
10.25	2.149
10.28	2.127
10.18	1.949
10.19	1.904
10.23	1.926
10.24	1.926
10.18	1.949
10.21	2.952
10.15	2.929
10.14	2.952
10.13	2.929
10.16	2.907
10.21	3.375
10.23	3.375
10.20	3.397
10.23	3.375
10.22	3.375
10.10	3.224
10.10	3.246
10.13	3.246
10.16	3.224
10.14	3.246
10.12	3.402
10.08	3.380
10.11	3.447
10.18	3.380
10.10	3.425
10.12	3.332
10.15	3.354
10.06	3.332
10.07	3.354
10.13	3.376
10.02	2.507
10.06	2.529
10.10	2.552
10.08	2.507
10.08	2.462
9.00	0.078
9.02	0.122
9.01	0.100
9.00	0.078
9.01	0.100
6.15	-6.252
6.12	-6.252
6.17	-6.229
6.19	-6.252
6.21	-6.207
6.23	-5.895
6.26	-5.851
6.17	-5.851
6.16	-5.851
6.22	-5.895
4.23	-8.792
4.30	-8.792
4.26	-8.770
4.27	-8.770
4.21	-8.770
2.81	-11.132
2.89	-11.132
2.89	-11.155
2.92	-11.088
2.93	-11.088
2.88	-10.219
2.87	-10.219
2.89	-10.196
2.90	-10.241
2.87	-10.241
1.84	-13.629
1.81	-13.606
1.77	-13.673
1.81	-13.629
1.86	-13.584
1.04	-15.567
1.11	-15.545
1.14	-15.590
1.15	-15.501
1.13	-15.545
0.39	-18.041
0.41	-18.108
0.46	-18.019
0.41	-18.108
0.40	-18.041
-0.13	-19.891
-0.10	-19.936
-0.09	-19.913
-0.12	-19.958
-0.14	-19.913
-0.73	-21.719
-0.70	-21.719
-0.63	-21.741
-0.63	-21.741
-0.63	-21.741
-0.66	-20.738
-0.69	-20.783
-0.69	-20.738
-0.66	-20.738
-0.69	-20.783
-0.68	-20.493
-0.68	-20.471
-0.75	-20.493
-0.75	-20.493
-0.64	-20.448
-0.67	-20.270
-0.69	-20.337
-0.69	-20.314
-0.69	-20.270
-0.70	-20.314
-1.36	-25.039
-1.45	-24.995
-1.42	-24.972
-1.39	-24.950
-1.36	-24.950
-1.79	-26.911
-1.78	-26.956
-1.74	-26.867
-1.82	-26.889
-1.83	-26.867
-2.35	-29.541
-2.40	-29.519
-2.40	-29.519
-2.34	-29.541
-2.34	-29.519
-2.73	-31.235
-2.76	-31.235
-2.75	-31.213
-2.75	-31.213
-2.84	-31.190
-3.17	-32.973
-3.18	-32.951
-3.23	-32.951
-3.22	-32.906
-3.17	-32.929
-3.66	-35.559
-3.66	-35.559
-3.68	-35.536
-3.69	-35.536
-3.71	-35.536
-4.26	-38.188
-4.17	-38.144
-4.18	-38.099
-4.25	-38.099
-4.23	-38.099
-4.60	-39.994
-4.63	-39.927
-4.61	-39.949
-4.69	-39.949
-4.66	-39.882
-5.10	-42.311
-5.11	-42.311
-5.13	-42.289
-5.13	-42.267
-5.13	-42.289
-5.52	-44.607
-5.53	-44.562
-5.56	-44.585
-5.58	-44.540
-5.57	-44.562
-5.60	-42.802
-5.60	-42.802
-5.59	-42.779
-5.56	-42.802
-5.66	-42.802
-6.13	-46.858
-6.08	-46.858
-6.11	-46.813
-6.11	-46.836
-6.12	-46.813
-6.56	-49.354
-6.62	-49.376
-6.62	-49.332
-6.58	-49.376
-6.57	-49.332
-7.04	-51.694
-6.98	-51.716
-7.02	-51.672
-7.03	-51.649
-7.02	-51.649
-7.49	-53.588
-7.49	-53.588
-7.47	-53.544
-7.47	-53.544
-7.40	-53.544
-7.79	-55.327
-7.82	-55.327
-7.85	-55.327
-7.85	-55.282
-7.81	-55.282
-8.26	-57.533
-8.23	-57.533
-8.29	-57.511
-8.30	-57.466
-8.25	-57.489
-8.72	-59.316
-8.68	-59.249
-8.72	-59.271
-8.77	-59.271
-8.77	-59.294
-9.30	-62.213
-9.28	-62.191
-9.27	-62.146
-9.28	-62.124
-9.32	-62.124
-9.84	-64.420
-9.87	-64.397
-9.83	-64.420
-9.78	-64.397
-9.80	-64.397
-10.39	-66.626
-10.34	-66.648
-10.32	-66.626
-10.34	-66.604
-10.36	-66.581
-10.42	-63.372
-10.44	-63.328
-10.49	-63.350
-10.47	-63.350
-10.40	-63.306
-11.00	-68.744
-10.90	-68.721
-10.89	-68.744
-10.91	-68.699
-10.96	-68.721
-11.39	-71.150
-11.43	-71.195
-11.41	-71.128
-11.41	-71.173
-11.44	-71.106
-11.99	-73.491
-11.94	-73.468
-11.89	-73.468
-11.89	-73.468
-11.93	-73.446
-11.97	-71.128
-12.00	-71.150
-12.00	-71.195
-11.97	-71.128
-11.93	-71.128
-12.55	-75.519
-12.51	-75.496
-12.45	-75.496
-12.52	-75.452
-12.55	-75.429
-13.06	-77.859
-13.05	-77.836
-13.05	-77.881
-13.09	-77.836
-13.07	-77.836
-13.70	-80.489
-13.65	-80.489
-13.65	-80.444
-13.71	-80.466
-13.72	-80.422
-14.08	-81.737
-14.12	-81.714
-14.14	-81.737
-14.15	-81.737
-14.11	-81.714
-14.21	-79.664
-14.13	-79.686
-14.16	-79.709
-14.16	-79.686
-14.21	-79.664
-14.79	-84.411
-14.87	-84.389
-14.83	-84.366
-14.86	-84.366
-14.83	-84.389
-15.34	-86.350
-15.34	-86.350
-15.36	-86.350
-15.38	-86.328
-15.36	-86.328
-15.88	-87.955
-15.95	-87.932
-15.97	-87.910
-15.92	-87.888
-15.88	-87.955
-15.90	-85.837
-15.94	-85.837
-15.96	-85.837
-15.93	-85.837
-15.94	-85.837
-15.99	-84.990
-16.00	-84.990
-15.98	-85.013
-15.92	-84.990
-15.95	-84.990
-16.38	-88.445
-16.39	-88.467
-16.37	-88.445
-16.41	-88.400
-16.41	-88.423
-16.92	-91.587
-16.95	-91.587
-16.96	-91.565
-16.94	-91.587
-16.95	-91.543
-17.01	-89.604
-17.05	-89.581
-17.01	-89.581
-17.01	-89.604
-16.98	-89.581
-17.54	-93.214
-17.54	-93.147
-17.52	-93.147
-17.54	-93.170
-17.56	-93.170
-18.02	-94.173
-18.03	-94.173
-18.07	-94.239
-18.10	-94.150
-18.08	-94.173
-18.63	-97.114
-18.67	-97.070
-18.69	-97.070
-18.63	-97.092
-18.60	-97.070
-18.69	-94.373
-18.75	-94.373
-18.71	-94.395
-18.68	-94.373
-18.70	-94.373
-19.10	-97.694
-19.15	-97.716
-19.15	-97.694
-19.16	-97.738
-19.14	-97.694
-19.57	-99.477
-19.69	-99.477
-19.69	-99.454
-19.65	-99.410
-19.63	-99.477
-19.72	-97.337
-19.69	-97.337
-19.64	-97.359
-19.69	-97.315
-19.75	-97.359
-20.23	-100.613
-20.24	-100.613
-20.27	-100.591
-20.27	-100.569
-20.20	-100.591
-20.75	-101.861
-20.79	-101.861
-20.75	-101.861
-20.70	-101.839
-20.69	-101.839
-20.76	-99.700
-20.80	-99.722
-20.74	-99.677
-20.78	-99.744
-20.75	-99.677
-21.29	-103.288
-21.25	-103.288
-21.24	-103.243
-21.19	-103.265
-21.22	-103.221
-21.66	-104.313
-21.66	-104.313
-21.69	-104.246
-21.69	-104.268
-21.69	-104.246
-21.74	-101.572
-21.79	-101.549
-21.79	-101.549
-21.78	-101.527
-21.70	-101.527
-21.79	-98.876
-21.76	-98.853
-21.79	-98.831
-21.78	-98.853
-21.79	-98.853
-21.64	-93.839
-21.58	-93.839
-21.59	-93.816
-21.67	-93.839
-21.65	-93.861
-21.31	-89.203
-21.34	-89.248
-21.41	-89.225
-21.37	-89.203
-21.35	-89.248
-21.37	-90.072
-21.32	-90.095
-21.31	-90.028
-21.39	-90.117
-21.39	-90.050
-21.33	-90.117
-21.34	-90.139
-21.34	-90.139
-21.32	-90.117
-21.39	-90.161
-20.88	-82.227
-20.84	-82.227
-20.85	-82.272
-20.92	-82.227
-20.91	-82.227
-20.60	-78.951
-20.59	-78.929
-20.58	-78.951
-20.59	-78.929
-20.64	-78.974
-20.05	-71.842
-20.09	-71.886
-20.11	-71.842
-20.10	-71.886
-20.03	-71.886
-20.05	-73.892
-20.11	-73.870
-20.08	-73.892
-20.09	-73.892
-20.02	-73.915
-19.50	-65.802
-19.49	-65.758
-19.51	-65.780
-19.50	-65.780
-19.48	-65.735
-19.48	-66.515
-19.55	-66.515
-19.52	-66.538
-19.46	-66.515
-19.45	-66.493
-19.05	-60.632
-19.01	-60.609
-18.95	-60.632
-18.99	-60.609
-19.06	-60.632
-18.55	-55.528
-18.57	-55.528
-18.57	-55.550
-18.58	-55.573
-18.58	-55.573
-17.96	-49.845
-17.99	-49.845
-18.02	-49.867
-17.96	-49.867
-17.98	-49.845
-17.95	-51.316
-17.97	-51.338
-17.94	-51.361
-17.97	-51.294
-18.00	-51.338
-17.22	-43.538
-17.26	-43.538
-17.30	-43.516
-17.30	-43.493
-17.28	-43.560
-17.22	-44.006
-17.21	-43.961
-17.26	-44.051
-17.28	-43.984
-17.29	-44.028
-17.26	-44.407
-17.27	-44.407
-17.31	-44.429
-17.32	-44.429
-17.24	-44.452
-17.21	-45.032
-17.27	-45.010
-17.30	-44.988
-17.24	-44.965
-17.24	-45.010
-16.66	-38.235
-16.68	-38.213
-16.67	-38.257
-16.67	-38.279
-16.71	-38.279
-16.15	-33.911
-16.20	-33.867
-16.16	-33.911
-16.16	-33.934
-16.19	-33.956
-15.47	-28.072
-15.45	-28.028
-15.46	-28.005
-15.46	-28.028
-15.45	-28.050
-15.46	-29.231
-15.40	-29.187
-15.43	-29.231
-15.44	-29.231
-15.46	-29.209
-14.85	-23.147
-14.79	-23.147
-14.80	-23.102
-14.83	-23.125
-14.81	-23.169
-14.81	-24.061
-14.79	-24.083
-14.84	-24.061
-14.85	-24.083
-14.73	-24.083
-14.14	-18.222
-14.17	-18.266
-14.11	-18.266
-14.09	-18.288
-14.11	-18.244
-13.50	-14.344
-13.52	-14.344
-13.52	-14.366
-13.52	-14.366
-13.50	-14.388
-12.82	-10.065
-12.77	-10.065
-12.72	-10.042
-12.76	-10.087
-12.81	-10.087
-12.76	-10.912
-12.82	-10.912
-12.78	-10.978
-12.75	-10.912
-12.72	-10.956
-12.08	-7.034
-12.15	-7.034
-12.13	-7.056
-12.05	-7.078
-12.09	-7.034
-12.12	-7.725
-12.08	-7.747
-12.07	-7.725
-12.11	-7.725
-12.11	-7.725
-11.03	-4.248
-11.03	-4.248
-11.03	-4.248
-11.04	-4.292
-11.03	-4.270
-9.67	0.098
-9.68	0.076
-9.68	0.076
-9.68	0.053
-9.68	0.053
-9.96	-0.816
-9.96	-0.816
-9.95	-0.793
-9.96	-0.816
-9.96	-0.816
-9.04	2.104
-9.01	2.104
-9.07	2.104
-9.03	2.015
-9.02	2.104
-9.06	1.480
-9.08	1.502
-9.04	1.502
-8.99	1.458
-9.02	1.458
-8.99	1.328
-8.96	1.328
-9.02	1.328
-8.98	1.373
-8.98	1.373
-8.37	2.643
-8.32	2.665
-8.29	2.665
-8.25	2.665
-8.29	2.687
-8.23	2.442
-8.28	2.465
-8.31	2.442
-8.29	2.442
-8.27	2.465
-8.38	1.796
-8.36	1.841
-8.33	1.774
-8.38	1.751
-8.39	1.796
-8.22	2.598
-8.24	2.621
-8.26	2.598
-8.26	2.621
-8.22	2.621
-8.14	2.910
-8.10	2.933
-8.07	2.933
-8.04	2.910
-8.08	2.910
-7.75	3.049
-7.73	3.049
-7.68	3.005
-7.76	3.005
-7.78	3.005
-7.70	3.027
-7.70	3.138
-7.72	3.049
-7.78	3.138
-7.72	3.071
-7.70	1.311
-7.70	1.378
-7.75	1.333
-7.76	1.400
-7.72	1.311
-7.68	1.422
-7.74	1.422
-7.78	1.355
-7.69	1.355
-7.72	1.333
-7.75	1.333
-7.74	1.288
-7.76	1.311
-7.79	1.333
-7.80	1.400
-7.78	1.288
-7.76	1.266
-7.79	1.266
-7.82	1.266
-7.78	1.266
-7.76	1.288
-7.82	1.244
-7.78	1.288
-7.81	1.266
-7.86	1.244
-6.99	3.606
-6.99	3.606
-6.96	3.606
-6.88	3.606
-6.92	3.629
-6.50	4.342
-6.46	4.297
-6.52	4.342
-6.51	4.297
-6.46	4.342
-6.51	3.985
-6.46	3.963
-6.49	3.985
-6.49	3.941
-6.50	3.941
-5.60	5.679
-5.62	5.634
-5.64	5.701
-5.57	5.657
-5.51	5.634
-5.09	6.548
-5.08	6.548
-5.00	6.526
-5.01	6.570
-5.05	6.570
-5.04	6.258
-5.01	6.281
-5.08	6.303
-5.06	6.281
-5.02	6.258
-4.36	7.796
-4.42	7.774
-4.42	7.774
-4.34	7.752
-4.38	7.774
-3.96	8.799
-3.95	8.777
-3.87	8.799
-3.90	8.754
-3.91	8.799
-3.90	8.376
-3.86	8.309
-3.88	8.376
-3.95	8.353
-3.93	8.353
-2.99	11.340
-3.10	11.317
-3.06	11.295
-2.96	11.317
-2.99	11.295
-2.97	10.471
-2.95	10.471
-3.03	10.493
-3.06	10.493
-3.00	10.404
-2.27	13.345
-2.33	13.345
-2.36	13.323
-2.32	13.345
-2.30	13.345
-1.62	15.775
-1.64	15.708
-1.68	15.708
-1.66	15.686
-1.61	15.708
-1.68	14.794
-1.62	14.727
-1.61	14.816
-1.68	14.794
-1.59	14.816
-1.63	14.482
-1.63	14.504
-1.65	14.527
-1.60	14.549
-1.70	14.527
-1.06	17.937
-1.09	17.937
-1.14	17.937
-1.12	17.937
-1.05	17.914
-0.52	20.254
-0.55	20.254
-0.50	20.232
-0.54	20.232
-0.60	20.210
-0.05	22.394
-0.07	22.305
-0.07	22.349
-0.08	22.282
-0.04	22.305
-0.01	21.057
-0.02	21.057
-0.03	21.057
-0.06	21.101
-0.04	21.034
0.52	25.068
0.59	25.091
0.59	25.024
0.57	25.068
0.58	25.068
0.98	26.539
0.91	26.495
0.92	26.495
0.96	26.539
0.94	26.539
1.45	29.214
1.52	29.169
1.49	29.124
1.47	29.169
1.47	29.124
1.55	27.921
1.47	27.832
1.48	27.921
1.50	27.899
1.55	27.921
1.99	31.197
1.92	31.219
2.01	31.197
2.04	31.175
1.98	31.152
2.60	33.916
2.55	33.849
2.58	33.894
2.62	33.916
2.57	33.827
2.98	35.632
3.02	35.565
2.90	35.588
2.91	35.588
2.99	35.588
3.51	38.306
3.58	38.284
3.55	38.284
3.49	38.240
3.51	38.240
4.07	40.624
3.99	40.513
4.06	40.535
4.11	40.513
4.06	40.491
4.06	39.309
4.13	39.376
4.12	39.332
4.05	39.354
4.06	39.376
4.56	41.471
4.54	41.516
4.47	41.471
4.51	41.427
4.52	41.471
5.12	44.859
5.16	44.836
5.07	44.836
5.06	44.859
5.13	44.770
5.18	42.162
5.19	42.184
5.13	42.140
5.10	42.140
5.17	42.184
5.20	42.006
5.19	42.117
5.14	42.073
5.15	42.095
5.19	42.051
5.08	41.828
5.10	41.828
5.19	41.872
5.19	41.828
5.13	41.828
5.49	45.505
5.47	45.572
5.49	45.550
5.49	45.483
5.49	45.527
5.74	46.887
5.73	46.887
5.67	46.931
5.64	46.865
5.70	46.865
6.17	49.361
6.21	49.361
6.13	49.427
6.07	49.338
6.16	49.361
6.50	50.586
6.44	50.631
6.51	50.542
6.54	50.564
6.41	50.520
7.23	53.439
7.14	53.394
7.11	53.417
7.18	53.417
7.13	53.394
7.14	52.414
7.24	52.436
7.15	52.436
7.08	52.436
7.14	52.369
7.27	53.796
7.38	53.818
7.36	53.729
7.30	53.818
7.34	53.773
7.64	55.623
7.73	55.623
7.67	55.623
7.60	55.601
7.63	55.601
8.07	57.852
8.15	57.874
8.17	57.941
8.16	57.941
8.14	57.874
8.57	59.724
8.61	59.746
8.61	59.679
8.51	59.702
8.57	59.679
9.17	62.198
9.16	62.175
9.14	62.220
9.16	62.153
9.21	62.109
9.63	63.981
9.59	63.958
9.62	63.958
9.70	63.958
9.67	63.958
10.19	66.454
10.24	66.477
10.25	66.454
10.21	66.454
10.18	66.432
10.35	63.060
10.27	63.037
10.23	63.037
10.28	63.060
10.31	63.037
10.26	62.837
10.21	62.904
10.29	62.837
10.31	62.814
10.31	62.792
10.80	68.631
10.74	68.542
10.78	68.631
10.81	68.631
10.73	68.587
11.30	71.350
11.34	71.373
11.35	71.306
11.26	71.306
11.25	71.283
11.31	69.857
11.33	69.879
11.38	69.857
11.37	69.879
11.31	69.835
11.94	73.913
11.95	73.935
11.82	73.891
11.87	73.913
11.99	73.846
12.49	76.900
12.49	76.855
12.54	76.810
12.55	76.833
12.48	76.766
12.93	78.482
12.91	78.527
13.05	78.482
13.02	78.504
12.96	78.460
13.52	80.243
13.54	80.287
13.53	80.287
13.60	80.243
13.59	80.287
13.59	78.772
13.53	78.816
13.52	78.727
13.62	78.749
13.63	78.683
13.60	78.125
13.62	78.103
13.61	78.125
13.61	78.148
13.60	78.081
13.95	81.067
13.92	81.089
13.84	81.067
13.91	81.067
13.94	81.067
14.34	83.608
14.31	83.630
14.39	83.630
14.43	83.608
14.39	83.563
15.12	86.305
15.12	86.238
15.10	86.260
15.09	86.193
15.13	86.215
15.61	88.333
15.66	88.310
15.53	88.266
15.50	88.266
15.60	88.177
15.57	85.680
15.70	85.703
15.67	85.680
15.60	85.725
15.62	85.725
15.63	84.967
15.67	84.923
15.71	84.990
15.65	84.923
15.59	84.923
16.03	90.071
16.11	90.004
16.10	90.049
16.02	90.004
16.03	89.960
16.08	88.845
16.19	88.801
16.17	88.823
16.10	88.890
16.09	88.823
16.55	91.475
16.61	91.453
16.63	91.430
16.60	91.453
16.55	91.430
16.76	91.720
16.74	91.765
16.84	91.765
16.87	91.720
16.81	91.698
16.94	90.160
16.82	90.138
16.75	90.138
16.84	90.116
16.87	90.093
17.39	94.283
17.39	94.305
17.37	94.216
17.30	94.194
17.32	94.172
17.43	91.676
17.46	91.698
17.42	91.653
17.42	91.742
17.43	91.698
17.78	94.840
17.84	94.818
17.93	94.840
17.87	94.796
17.81	94.773
18.53	96.935
18.49	96.935
18.45	96.891
18.52	96.935
18.52	96.868
18.58	94.484
18.55	94.417
18.47	94.461
18.48	94.484
18.57	94.461
18.54	94.305
18.54	94.305
18.57	94.350
18.55	94.283
18.50	94.328
18.60	93.726
18.53	93.659
18.48	93.726
18.53	93.681
18.60	93.681
19.06	98.406
19.14	98.339
19.19	98.406
19.10	98.384
19.11	98.362
19.75	100.390
19.74	100.367
19.81	100.345
19.84	100.345
19.74	100.300
19.78	98.116
19.78	98.139
19.84	98.116
19.83	98.116
19.82	98.139
19.86	93.753
19.93	93.686
19.93	93.753
19.87	93.753
19.91	93.753
19.73	88.649
19.71	88.627
19.72	88.627
19.72	88.649
19.72	88.627
19.69	88.738
19.62	88.761
19.73	88.716
19.75	88.761
19.68	88.738
19.71	89.028
19.61	89.028
19.71	89.006
19.75	89.117
19.70	89.050
19.67	89.117
19.73	89.117
19.72	89.095
19.69	89.117
19.71	89.073
19.39	83.055
19.33	83.055
19.36	83.033
19.37	83.100
19.36	83.122
19.13	79.289
19.10	79.356
19.08	79.289
19.11	79.356
19.18	79.289
19.11	79.645
19.07	79.578
19.08	79.601
19.15	79.578
19.15	79.578
18.69	72.603
18.62	72.603
18.55	72.536
18.69	72.491
18.62	72.469
18.40	68.769
18.29	68.792
18.32	68.814
18.41	68.792
18.36	68.881
18.33	69.260
18.40	69.304
18.36	69.304
18.30	69.304
18.32	69.282
17.75	62.173
17.82	62.106
17.81	62.173
17.76	62.173
17.78	62.173
17.80	63.332
17.80	63.287
17.79	63.287
17.77	63.265
17.79	63.354
17.38	57.648
17.36	57.671
17.49	57.671
17.41	57.671
17.31	57.671
16.90	51.386
16.88	51.364
16.78	51.386
16.84	51.386
16.91	51.408
16.82	52.389
16.91	52.433
16.83	52.367
16.84	52.389
16.89	52.389
16.44	47.619
16.37	47.597
16.45	47.597
16.46	47.619
16.32	47.597
16.05	43.006
16.09	43.006
16.12	43.006
16.04	43.051
16.02	43.028
16.06	44.273
16.02	44.340
16.09	44.363
16.03	44.363
15.97	44.318
15.99	44.563
16.06	44.563
16.08	44.563
15.99	44.519
16.01	44.585
15.70	39.616
15.66	39.616
15.66	39.638
15.73	39.616
15.64	39.593
15.02	34.579
15.15	34.712
15.09	34.824
15.05	34.824
15.12	34.958
14.39	28.428
14.32	28.361
14.40	28.450
14.42	28.428
14.39	28.405
13.91	23.747
13.90	23.747
13.96	23.725
13.90	23.770
13.89	23.770
13.94	24.416
13.91	24.416
13.94	24.461
13.93	24.416
13.88	24.416
13.84	25.129
13.92	25.129
13.92	25.107
13.82	25.107
13.88	25.129
13.87	25.508
13.91	25.464
13.92	25.464
13.87	25.464
13.91	25.486
13.89	25.508
13.88	25.508
13.91	25.575
13.84	25.553
13.86	25.530
13.45	21.073
13.52	21.029
13.56	21.029
13.50	21.029
13.52	21.073
13.17	18.198
13.09	18.198
13.18	18.243
13.16	18.243
13.03	18.243
12.89	16.237
12.82	16.259
12.88	16.259
12.90	16.237
12.88	16.259
12.12	11.200
12.07	11.178
12.05	11.178
12.12	11.156
12.14	11.178
11.38	6.899
11.37	6.943
11.33	6.943
11.38	6.943
11.36	6.988
10.53	2.731
10.52	2.754
10.49	2.776
10.50	2.776
10.57	2.798
10.42	4.446
10.46	4.424
10.50	4.424
10.51	4.424
10.44	4.424
10.45	4.469
10.50	4.402
10.46	4.491
10.42	4.469
10.45	4.469
10.13	2.775
10.17	2.797
10.17	2.775
10.10	2.797
10.08	2.820
10.15	2.909
10.19	2.931
10.13	2.886
10.10	2.864
10.15	2.864
10.26	4.001
10.20	4.045
10.20	4.090
10.25	4.068
10.22	4.068
10.26	4.491
10.32	4.491
10.24	4.491
10.22	4.491
10.28	4.513
10.29	4.380
10.25	4.357
10.21	4.402
10.21	4.380
10.34	4.380
10.26	4.201
10.28	4.157
10.28	4.201
10.20	4.179
10.26	4.134
10.25	3.778
10.29	3.778
10.26	3.778
10.24	3.756
10.27	3.756
10.23	3.399
10.24	3.444
10.17	3.399
10.29	3.377
10.30	3.377
10.14	1.928
10.07	1.906
10.04	1.950
10.16	1.906
10.07	1.906
10.06	2.173
10.12	2.173
10.06	2.173
9.99	2.173
10.10	2.151
10.16	2.508
10.06	2.485
10.06	2.463
10.14	2.485
10.02	2.508
10.02	3.357
9.97	3.379
9.94	3.379
9.93	3.379
9.90	3.357
9.92	3.334
9.95	3.357
10.02	3.312
9.97	3.312
9.92	3.334
9.80	2.799
9.86	2.777
9.83	2.799
9.79	2.799
9.79	2.822
9.78	2.220
9.79	2.131
9.82	2.109
9.75	2.175
9.71	2.175
8.92	0.459
8.90	0.415
8.95	0.504
8.95	0.504
8.96	0.526
5.74	-6.472
5.70	-6.494
5.72	-6.494
5.78	-6.539
5.71	-6.494
5.72	-6.004
5.67	-5.981
5.72	-5.959
5.78	-5.981
5.73	-6.048
5.65	-5.959
5.74	-5.959
5.75	-5.981
5.76	-5.981
5.75	-5.981
3.92	-8.678
3.93	-8.790
3.95	-8.700
3.97	-8.723
3.93	-8.723
3.89	-8.010
3.93	-8.010
3.93	-8.032
3.98	-8.010
3.91	-8.010
2.49	-11.241
2.55	-11.219
2.46	-11.219
2.41	-11.174
2.46	-11.219
1.65	-13.135
1.60	-13.135
1.61	-13.158
1.62	-13.091
1.65	-13.069
0.63	-15.899
0.65	-15.877
0.64	-15.921
0.68	-15.877
0.73	-15.877
0.02	-17.882
0.08	-17.838
0.06	-17.838
0.05	-17.838
0.03	-17.838
0.05	-17.058
0.02	-17.058
0.00	-17.058
0.05	-17.080
0.01	-17.058
-0.65	-20.267
-0.57	-20.223
-0.58	-20.223
-0.65	-20.223
-0.63	-20.223
-1.24	-22.897
-1.29	-22.919
-1.30	-22.897
-1.28	-22.919
-1.33	-22.897
-1.39	-21.471
-1.38	-21.493
-1.27	-21.471
-1.32	-21.471
-1.30	-21.448
-1.90	-25.126
-1.83	-25.103
-1.83	-25.059
-1.86	-25.103
-1.90	-25.081
-2.19	-26.753
-2.26	-26.708
-2.26	-26.730
-2.21	-26.708
-2.21	-26.730
-2.76	-29.338
-2.83	-29.315
-2.84	-29.315
-2.77	-29.293
-2.82	-29.315
-3.30	-31.455
-3.29	-31.433
-3.20	-31.388
-3.25	-31.410
-3.23	-31.388
-3.70	-33.595
-3.70	-33.572
-3.70	-33.550
-3.76	-33.595
-3.74	-33.528
-4.13	-35.801
-4.10	-35.779
-4.15	-35.734
-4.16	-35.712
-4.15	-35.734
-4.68	-38.230
-4.62	-38.141
-4.65	-38.163
-4.70	-38.141
-4.67	-38.119
-5.10	-40.147
-5.09	-40.124
-5.15	-40.147
-5.17	-40.124
-5.18	-40.124
-5.16	-39.545
-5.18	-39.523
-5.17	-39.567
-5.13	-39.567
-5.10	-39.545
-5.13	-39.166
-5.12	-39.166
-5.15	-39.211
-5.20	-39.188
-5.14	-39.166
-5.58	-42.821
-5.62	-42.799
-5.63	-42.777
-5.59	-42.754
-5.61	-42.777
-6.11	-45.696
-6.12	-45.696
-6.13	-45.674
-6.15	-45.652
-6.12	-45.674
-6.10	-44.849
-6.16	-44.827
-6.13	-44.827
-6.13	-44.782
-6.15	-44.805
-6.15	-43.713
-6.13	-43.646
-6.21	-43.646
-6.25	-43.668
-6.16	-43.690
-6.65	-47.457
-6.62	-47.434
-6.61	-47.412
-6.67	-47.412
-6.68	-47.434
-6.96	-49.329
-6.92	-49.329
-7.01	-49.329
-7.03	-49.307
-6.99	-49.307
-7.40	-51.045
-7.43	-51.089
-7.36	-51.067
-7.36	-51.023
-7.38	-51.067
-7.84	-53.430
-7.91	-53.407
-7.88	-53.407
-7.83	-53.385
-7.81	-53.340
-8.37	-55.926
-8.31	-55.926
-8.39	-55.903
-8.43	-55.881
-8.35	-55.881
-8.81	-57.887
-8.86	-57.887
-8.87	-57.842
-8.86	-57.820
-8.83	-57.909
-9.37	-60.650
-9.37	-60.650
-9.40	-60.606
-9.41	-60.606
-9.45	-60.606
-9.78	-62.389
-9.83	-62.344
-9.86	-62.322
-9.77	-62.366
-9.83	-62.344
-10.30	-64.016
-10.33	-63.993
-10.31	-63.971
-10.38	-63.993
-10.35	-63.993
-10.71	-66.267
-10.73	-66.267
-10.75	-66.267
-10.76	-66.244
-10.74	-66.244
-10.75	-64.662
-10.79	-64.640
-10.78	-64.640
-10.75	-64.640
-10.79	-64.617
-10.84	-63.418
-10.77	-63.440
-10.79	-63.418
-10.82	-63.418
-10.83	-63.440
-11.46	-69.168
-11.50	-69.123
-11.49	-69.123
-11.40	-69.123
-11.45	-69.123
-11.50	-67.407
-11.55	-67.385
-11.54	-67.429
-11.50	-67.385
-11.46	-67.385
-11.49	-67.340
-11.49	-67.362
-11.51	-67.340
-11.48	-67.362
-11.46	-67.318
-11.96	-71.597
-11.92	-71.574
-11.98	-71.574
-12.01	-71.597
-11.95	-71.508
-12.50	-73.714
-12.46	-73.669
-12.48	-73.669
-12.54	-73.647
-12.51	-73.647
-12.85	-74.873
-12.89	-74.917
-12.90	-74.873
-12.90	-74.873
-12.87	-74.873
-13.38	-77.391
-13.30	-77.369
-13.35	-77.369
-13.36	-77.324
-13.38	-77.324
-13.42	-75.385
-13.43	-75.385
-13.42	-75.363
-13.41	-75.385
-13.48	-75.341
-14.03	-79.508
-13.99	-79.486
-14.02	-79.486
-14.03	-79.464
-14.01	-79.464
-14.66	-82.918
-14.71	-82.851
-14.78	-82.851
-14.71	-82.829
-14.68	-82.829
-14.71	-80.645
-14.76	-80.645
-14.78	-80.623
-14.72	-80.667
-14.73	-80.645
-15.44	-84.946
-15.49	-84.902
-15.45	-84.902
-15.40	-84.902
-15.42	-84.835
-15.99	-86.662
-15.97	-86.596
-15.92	-86.618
-15.97	-86.573
-16.01	-86.573
-16.49	-88.111
-16.53	-88.133
-16.47	-88.089
-16.45	-88.089
-16.44	-88.067
-16.51	-86.796
-16.51	-86.796
-16.52	-86.752
-16.47	-86.796
-16.44	-86.774
-16.52	-85.793
-16.50	-85.793
-16.49	-85.771
-16.51	-85.793
-16.54	-85.726
-17.03	-90.228
-17.03	-90.228
-17.05	-90.228
-17.03	-90.184
-16.94	-90.139
-17.04	-88.713
-17.01	-88.713
-17.05	-88.691
-17.04	-88.713
-17.08	-88.668
-17.62	-92.301
-17.61	-92.301
-17.54	-92.256
-17.61	-92.256
-17.63	-92.212
-18.10	-93.839
-18.17	-93.794
-18.18	-93.794
-18.13	-93.816
-18.11	-93.772
-18.17	-92.256
-18.12	-92.212
-18.16	-92.234
-18.20	-92.234
-18.19	-92.190
-18.19	-91.944
-18.18	-91.900
-18.17	-91.900
-18.16	-91.900
-18.24	-91.900
-18.83	-96.023
-18.76	-95.978
-18.75	-96.001
-18.80	-96.001
-18.81	-96.001
-19.35	-97.003
-19.36	-96.981
-19.32	-96.959
-19.23	-96.959
-19.32	-96.937
-19.31	-94.819
-19.33	-94.797
-19.34	-94.819
-19.39	-94.819
-19.38	-94.797
-19.86	-98.252
-19.87	-98.252
-19.81	-98.185
-19.86	-98.185
-19.85	-98.185
-20.43	-100.525
-20.45	-100.525
-20.47	-100.525
-20.49	-100.502
-20.45	-100.502
-20.51	-97.939
-20.53	-97.939
-20.51	-97.939
-20.50	-97.984
-20.56	-97.962
-20.91	-100.369
-20.93	-100.346
-20.92	-100.369
-20.90	-100.369
-20.98	-100.324
-21.48	-102.865
-21.48	-102.820
-21.43	-102.843
-21.41	-102.798
-21.49	-102.820
-21.46	-100.413
-21.47	-100.369
-21.51	-100.369
-21.54	-100.369
-21.51	-100.369
-21.87	-103.221
-21.89	-103.244
-21.83	-103.244
-21.80	-103.199
-21.81	-103.155
-21.95	-100.458
-21.97	-100.458
-22.00	-100.458
-22.00	-100.413
-21.92	-100.436
-22.03	-98.072
-22.06	-98.050
-21.96	-98.072
-21.96	-98.050
-22.05	-98.050
-22.06	-97.961
-21.99	-97.939
-21.97	-97.939
-21.98	-97.939
-22.05	-97.961
-21.77	-92.612
-21.85	-92.612
-21.82	-92.590
-21.77	-92.634
-21.77	-92.612
-21.54	-88.043
-21.50	-87.999
-21.54	-87.999
-21.54	-87.999
-21.51	-87.954
-21.46	-88.199
-21.53	-88.155
-21.57	-88.133
-21.49	-88.155
-21.48	-88.155
-21.52	-88.556
-21.47	-88.578
-21.53	-88.511
-21.53	-88.578
-21.48	-88.534
-21.52	-88.578
-21.52	-88.578
-21.48	-88.601
-21.54	-88.578
-21.55	-88.601
-21.19	-83.720
-21.14	-83.720
-21.21	-83.698
-21.25	-83.698
-21.17	-83.742
-20.81	-78.794
-20.82	-78.772
-20.82	-78.750
-20.83	-78.750
-20.79	-78.750
-20.79	-79.285
-20.79	-79.218
-20.85	-79.285
-20.83	-79.263
-20.77	-79.307
-20.09	-70.459
-20.12	-70.459
-20.15	-70.437
-20.15	-70.482
-20.16	-70.459
-19.79	-66.760
-19.77	-66.737
-19.68	-66.760
-19.74	-66.715
-19.76	-66.737
-19.73	-66.916
-19.75	-66.893
-19.71	-66.893
-19.76	-66.893
-19.76	-66.893
-19.41	-62.258
-19.36	-62.258
-19.33	-62.280
-19.42	-62.280
-19.39	-62.325
-19.35	-62.748
-19.36	-62.793
-19.39	-62.770
-19.40	-62.748
-19.35	-62.726
-19.39	-63.172
-19.37	-63.172
-19.36	-63.172
-19.42	-63.216
-19.42	-63.194
-19.37	-63.929
-19.39	-63.907
-19.42	-63.929
-19.35	-63.929
-19.32	-63.929
-19.33	-64.041
-19.36	-64.018
-19.41	-64.063
-19.33	-64.018
-19.39	-64.041
-19.01	-58.558
-18.99	-58.581
-19.06	-58.581
-19.02	-58.558
-18.94	-58.558
-18.75	-55.951
-18.71	-55.973
-18.76	-55.995
-18.79	-55.973
-18.74	-55.973
-18.14	-49.265
-18.17	-49.287
-18.07	-49.265
-18.09	-49.287
-18.11	-49.287
-17.67	-45.097
-17.65	-45.097
-17.71	-45.053
-17.69	-45.053
-17.62	-45.142
-17.61	-46.833
-17.65	-46.856
-17.70	-46.833
-17.61	-46.856
-17.60	-46.856
-16.96	-39.078
-16.92	-39.100
-16.94	-39.055
-17.00	-39.078
-16.94	-39.078
-16.43	-33.729
-16.42	-33.729
-16.31	-33.751
-16.35	-33.773
-16.41	-33.773
-15.61	-27.555
-15.64	-27.555
-15.61	-27.578
-15.61	-27.578
-15.68	-27.533
-14.95	-22.452
-14.94	-22.452
-14.93	-22.452
-14.95	-22.452
-15.01	-22.452
-14.96	-23.744
-14.92	-23.722
-14.92	-23.744
-14.91	-23.722
-14.92	-23.744
-14.89	-24.212
-14.90	-24.212
-14.94	-24.279
-14.90	-24.279
-14.90	-24.279
-14.25	-17.772
-14.22	-17.816
-14.26	-17.794
-14.29	-17.794
-14.25	-17.772
-13.58	-13.493
-13.54	-13.470
-13.52	-13.515
-13.57	-13.537
-13.54	-13.515
-12.83	-9.615
-12.86	-9.615
-12.82	-9.615
-12.84	-9.659
-12.88	-9.615
-12.31	-6.896
-12.24	-6.896
-12.20	-6.896
-12.21	-6.918
-12.25	-6.873
-12.26	-7.899
-12.17	-7.921
-12.19	-7.921
-12.21	-7.921
-12.20	-7.921
-12.06	-6.896
-12.12	-6.896
-12.11	-6.940
-12.11	-6.918
-12.11	-6.940
-9.23	0.303
-9.24	0.281
-9.23	0.303
-9.24	0.281
-9.26	0.214
-8.17	2.955
-8.16	2.910
-8.21	2.910
-8.21	2.910
-8.14	2.888
-8.21	2.375
-8.11	2.398
-8.13	2.331
-8.19	2.353
-8.13	2.398
-8.15	2.019
-8.13	2.086
-8.15	2.063
-8.17	2.063
-8.13	2.019
-8.52	0.838
-8.52	0.815
-8.58	0.949
-8.51	0.815
-8.49	0.838
-8.51	0.860
-8.54	0.860
-8.53	0.838
-8.56	0.882
-8.57	0.905
-8.25	2.264
-8.19	2.264
-8.19	2.331
-8.20	2.264
-8.23	2.264
-8.12	2.509
-8.15	2.487
-8.10	2.509
-8.05	2.487
-8.12	2.554
-7.96	2.754
-7.96	2.799
-8.01	2.799
-8.01	2.799
-7.99	2.777
-7.56	2.913
-7.52	2.957
-7.47	2.935
-7.56	2.935
-7.49	2.913
-7.59	1.570
-7.54	1.592
-7.55	1.570
-7.59	1.570
-7.54	1.548
-7.56	1.459
-7.62	1.503
-7.67	1.459
-7.58	1.459
-7.59	1.526
-7.64	1.436
-7.69	1.436
-7.60	1.436
-7.65	1.392
-7.64	1.414
-7.41	2.528
-7.33	2.595
-7.34	2.595
-7.35	2.573
-7.35	2.551
-6.39	4.601
-6.44	4.579
-6.38	4.623
-6.39	4.579
-6.40	4.646
-4.93	6.963
-4.93	7.008
-4.95	7.008
-4.94	6.986
-4.94	6.941
-4.92	5.827
-4.87	5.805
-4.89	5.805
-4.89	5.805
-4.92	5.827
-4.88	5.782
-4.89	5.760
-4.94	5.782
-4.95	5.760
-4.83	5.760
-3.69	9.370
-3.62	9.370
-3.62	9.370
-3.62	9.370
-3.62	9.348
-2.80	11.644
-2.87	11.621
-2.78	11.599
-2.87	11.666
-2.87	11.599
-2.17	13.516
-2.28	13.449
-2.24	13.493
-2.25	13.471
-2.30	13.449
-2.21	12.580
-2.24	12.580
-2.20	12.580
-2.31	12.580
-2.22	12.580
-1.60	15.789
-1.60	15.767
-1.65	15.811
-1.58	15.789
-1.59	15.767
-0.98	18.174
-0.99	18.151
-0.89	18.107
-0.96	18.129
-0.94	18.129
-0.37	20.291
-0.44	20.269
-0.44	20.246
-0.41	20.269
-0.48	20.224
0.08	22.319
0.04	22.363
0.01	22.319
0.07	22.363
0.09	22.341
0.03	21.071
0.12	21.093
0.10	21.093
0.05	21.093
0.09	21.049
0.55	24.414
0.48	24.392
0.60	24.436
0.57	24.392
0.57	24.392
1.21	27.467
1.17	27.445
1.27	27.423
1.14	27.378
1.18	27.400
1.62	29.228
1.57	29.228
1.58	29.205
1.62	29.161
1.61	29.183
2.21	31.724
2.26	31.657
2.25	31.657
2.21	31.612
2.27	31.657
2.60	33.150
2.61	33.150
2.60	33.128
2.52	33.128
2.62	33.106
3.18	35.914
3.21	35.914
3.22	35.891
3.19	35.914
3.26	35.869
3.27	34.643
3.16	34.599
3.26	34.599
3.26	34.599
3.28	34.621
3.72	38.165
3.74	38.165
3.78	38.120
3.73	38.120
3.80	38.120
4.21	40.104
4.20	40.104
4.25	40.126
4.25	40.081
4.24	40.126
4.85	42.600
4.74	42.577
4.82	42.533
4.81	42.555
4.81	42.511
5.43	44.650
5.33	44.650
5.34	44.650
5.38	44.650
5.41	44.628
5.37	43.848
5.39	43.803
5.37	43.870
5.36	43.825
5.37	43.892
5.39	42.644
5.41	42.689
5.44	42.711
5.41	42.644
5.35	42.689
5.44	42.644
5.39	42.667
5.45	42.667
5.43	42.622
5.37	42.622
6.05	47.525
5.93	47.480
5.93	47.503
5.98	47.458
6.05	47.503
6.67	50.511
6.65	50.578
6.67	50.534
6.57	50.511
6.62	50.467
7.17	52.250
7.09	52.227
7.19	52.250
7.11	52.272
7.06	52.227
7.63	54.434
7.57	54.389
7.53	54.389
7.63	54.367
7.63	54.367
8.22	57.242
8.29	57.264
8.33	57.242
8.23	57.242
8.29	57.242
8.31	55.726
8.29	55.726
8.24	55.704
8.36	55.726
8.30	55.726
8.92	60.006
8.87	59.961
8.83	59.983
8.94	59.961
8.87	59.961
9.38	62.323
9.45	62.301
9.42	62.301
9.38	62.212
9.35	62.234
10.02	65.265
10.04	65.265
10.08	65.287
10.01	65.332
9.99	65.377
10.64	67.538
10.72	67.494
10.62	67.538
10.60	67.472
10.66	67.449
10.80	63.570
10.71	63.593
10.81	63.548
10.73	63.593
10.71	63.593
10.74	63.459
10.75	63.414
10.78	63.392
10.77	63.437
10.80	63.437
11.09	68.050
11.09	68.050
11.13	68.094
11.10	68.028
11.00	68.072
11.40	69.989
11.30	69.967
11.40	69.922
11.32	69.900
11.29	69.900
11.60	71.304
11.59	71.304
11.59	71.326
11.58	71.348
11.54	71.281
12.01	73.198
12.15	73.220
12.03	73.153
12.10	73.176
12.05	73.176
12.09	71.281
12.12	71.326
12.13	71.281
12.05	71.281
12.05	71.281
12.53	75.182
12.60	75.226
12.61	75.226
12.54	75.182
12.64	75.182
13.06	77.722
13.19	77.722
13.08	77.633
13.16	77.678
13.12	77.633
13.83	80.196
13.82	80.174
13.78	80.129
13.85	80.085
13.71	80.107
14.23	81.890
14.27	81.868
14.30	81.845
14.28	81.823
14.33	81.823
14.91	83.985
14.83	83.985
14.87	83.918
14.81	83.918
14.83	83.940
14.91	82.536
14.91	82.514
14.99	82.558
14.91	82.536
15.02	82.558
15.67	87.060
15.69	87.060
15.61	87.038
15.78	86.971
15.64	86.927
16.19	88.620
16.14	88.576
16.15	88.598
16.13	88.531
16.11	88.531
16.17	87.149
16.12	87.127
16.10	87.149
16.24	87.105
16.13	87.105
16.23	85.879
16.16	85.857
16.16	85.901
16.23	85.901
16.14	85.879
16.73	90.582
16.66	90.537
16.67	90.537
16.80	90.537
16.68	90.515
16.67	88.687
16.70	88.710
16.80	88.665
16.71	88.665
16.79	88.665
17.09	91.584
17.23	91.584
17.15	91.584
17.17	91.562
17.23	91.540
17.78	94.326
17.86	94.348
17.91	94.303
17.83	94.326
17.87	94.259
17.92	92.030
17.97	92.075
17.82	92.008
17.92	92.030
17.91	91.986
18.40	95.017
18.34	95.017
18.38	94.994
18.37	94.950
18.26	94.972
18.40	92.431
18.33	92.454
18.42	92.476
18.47	92.431
18.35	92.431
18.77	96.109
18.82	96.153
18.68	96.109
18.82	96.086
18.76	96.109
18.96	96.911
19.01	96.933
18.94	96.866
18.94	96.911
19.03	96.866
19.46	98.360
19.52	98.293
19.47	98.337
19.54	98.293
19.47	98.315
19.80	99.229
19.69	99.162
19.80	99.184
19.80	99.117
19.77	99.140
19.83	97.490
19.84	97.468
19.78	97.490
19.84	97.468
19.71	97.468
19.94	93.122
19.84	93.122
19.88	93.100
19.93	93.100
19.80	93.145
19.91	93.055
19.87	93.078
19.84	93.055
19.96	93.055
19.81	93.033
19.73	88.019
19.72	87.974
19.68	88.019
19.71	87.996
19.65	88.019
19.38	82.001
19.34	82.046
19.39	82.046
19.30	82.024
19.35	82.046
19.08	78.725
19.20	78.703
19.07	78.747
19.10	78.703
19.17	78.725
19.17	79.550
19.13	79.550
19.16	79.550
19.08	79.550
19.12	79.527
18.60	71.772
18.59	71.772
18.55	71.772
18.58	71.772
18.60	71.772
18.19	66.423
18.25	66.445
18.12	66.423
18.23	66.423
18.24	66.401
18.27	66.846
18.18	66.824
18.17	66.869
18.22	66.891
18.17	66.869
18.17	67.337
18.20	67.359
18.20	67.314
18.19	67.359
18.25	67.359
17.64	59.648
17.65	59.670
17.63	59.715
17.66	59.759
17.65	59.759
17.36	55.725
17.20	55.681
17.32	55.659
17.35	55.681
17.26	55.681
16.86	50.934
16.92	51.023
16.79	50.956
16.89	50.956
16.93	50.978
16.35	45.830
16.35	45.808
16.40	45.830
16.32	45.830
16.32	45.808
16.37	46.948
16.29	46.948
16.36	46.926
16.30	46.948
16.27	46.948
16.35	47.795
16.32	47.795
16.29	47.795
16.36	47.840
16.25	47.817
15.59	39.304
15.67	39.348
15.66	39.326
15.59	39.326
15.68	39.259
15.14	33.777
15.12	33.777
15.14	33.799
15.09	33.732
15.08	33.643
14.36	28.116
14.35	28.138
14.49	28.116
14.35	28.116
14.41	28.116
13.85	23.347
13.94	23.324
13.88	23.302
13.82	23.369
13.91	23.369
13.88	24.216
13.90	24.238
13.85	24.193
13.90	24.260
13.84	24.193
13.84	24.483
13.90	24.572
13.80	24.483
13.82	24.483
13.94	24.439
13.06	17.664
13.09	17.619
13.16	17.641
13.13	17.686
13.12	17.664
12.48	13.340
12.50	13.407
12.44	13.384
12.49	13.384
12.49	13.407
11.64	8.303
11.64	8.236
11.62	8.325
11.59	8.303
11.55	8.325
11.63	9.061
11.59	9.061
11.64	9.016
11.59	9.016
11.58	9.061
10.98	4.916
10.89	4.893
10.88	4.916
10.95	4.893
10.92	4.916
10.42	2.977
10.43	2.977
10.52	2.999
10.48	2.999
10.47	2.999
10.51	3.868
10.42	3.868
10.45	3.846
10.48	3.846
10.40	3.868
9.87	0.770
9.82	0.726
9.80	0.748
9.87	0.770
9.77	0.815
9.78	1.194
9.87	1.238
9.78	1.216
9.74	1.216
9.85	1.238
9.79	1.261
9.70	1.261
9.68	1.261
9.77	1.261
9.77	1.283
9.73	1.394
9.69	1.417
9.66	1.394
9.78	1.417
9.71	1.372
9.67	1.595
9.65	1.595
9.76	1.550
9.73	1.573
9.72	1.617
9.64	1.662
9.75	1.684
9.74	1.706
9.72	1.706
9.70	1.729
9.74	1.795
9.67	1.751
9.69	1.795
9.73	1.751
9.71	1.795
9.75	1.861
9.63	1.839
9.76	1.884
9.66	1.861
9.73	1.861
9.73	1.817
9.71	1.906
9.73	1.817
9.64	1.817
9.67	1.817
9.71	2.062
9.72	2.084
9.65	2.106
9.75	2.084
9.67	2.062
8.87	0.413
8.88	0.435
8.89	0.457
8.88	0.435
8.87	0.413
5.49	-6.585
5.39	-6.585
5.42	-6.585
5.48	-6.608
5.47	-6.585
5.35	-5.961
5.37	-5.939
5.35	-5.917
5.38	-5.917
5.36	-5.939
3.58	-8.814
3.69	-8.814
3.60	-8.814
3.68	-8.814
3.61	-8.792
3.62	-7.945
3.60	-7.923
3.64	-7.945
3.62	-7.945
3.63	-7.945
2.00	-11.622
2.02	-11.644
2.02	-11.622
1.97	-11.622
2.08	-11.622
1.36	-13.271
1.32	-13.271
1.30	-13.227
1.36	-13.271
1.33	-13.271
1.31	-12.647
1.31	-12.647
1.32	-12.670
1.33	-12.625
1.33	-12.647
0.48	-15.522
0.52	-15.522
0.55	-15.478
0.48	-15.478
0.55	-15.478
-0.16	-17.706
-0.21	-17.706
-0.15	-17.729
-0.18	-17.751
-0.17	-17.684
-0.94	-20.470
-0.92	-20.515
-1.00	-20.492
-0.89	-20.492
-0.96	-20.470
-1.55	-22.676
-1.55	-22.676
-1.63	-22.676
-1.53	-22.654
-1.55	-22.654
-1.61	-21.517
-1.62	-21.517
-1.56	-21.473
-1.61	-21.495
-1.58	-21.540
-1.56	-21.361
-1.57	-21.361
-1.60	-21.361
-1.64	-21.384
-1.58	-21.384
-2.04	-24.303
-2.07	-24.348
-2.02	-24.348
-2.05	-24.326
-2.04	-24.326
-2.63	-26.978
-2.63	-26.955
-2.57	-26.955
-2.63	-26.933
-2.56	-26.955
-3.03	-28.783
-3.08	-28.761
-3.06	-28.738
-3.00	-28.783
-3.06	-28.738
-3.54	-31.279
-3.58	-31.279
-3.59	-31.190
-3.59	-31.234
-3.59	-31.190
-4.07	-33.574
-4.07	-33.530
-4.09	-33.530
-4.08	-33.508
-4.11	-33.508
-4.57	-35.357
-4.45	-35.313
-4.48	-35.335
-4.49	-35.335
-4.53	-35.291
-5.00	-38.411
-5.06	-38.388
-5.04	-38.388
-5.05	-38.321
-5.11	-38.299
-5.44	-40.127
-5.48	-40.104
-5.52	-40.104
-5.47	-40.104
-5.42	-40.060
-5.95	-42.066
-5.87	-42.021
-5.90	-42.043
-5.91	-42.043
-5.95	-42.021
-6.43	-44.896
-6.44	-44.918
-6.37	-44.896
-6.47	-44.829
-6.39	-44.851
-6.48	-43.024
-6.50	-43.069
-6.43	-43.024
-6.48	-43.046
-6.44	-43.024
-6.91	-46.857
-6.88	-46.857
-6.93	-46.835
-6.93	-46.857
-6.97	-46.880
-7.32	-48.863
-7.22	-48.885
-7.32	-48.818
-7.26	-48.818
-7.34	-48.818
-7.83	-51.471
-7.81	-51.471
-7.88	-51.426
-7.80	-51.426
-7.85	-51.426
-8.32	-53.588
-8.36	-53.588
-8.29	-53.566
-8.30	-53.566
-8.30	-53.521
-8.73	-55.972
-8.80	-55.928
-8.71	-55.950
-8.78	-55.928
-8.72	-55.950
-9.19	-57.867
-9.22	-57.867
-9.26	-57.845
-9.18	-57.822
-9.18	-57.845
-9.68	-59.917
-9.68	-59.850
-9.66	-59.873
-9.73	-59.850
-9.71	-59.873
-9.93	-60.898
-9.96	-60.853
-9.93	-60.876
-9.99	-60.831
-9.92	-60.831
-10.27	-62.636
-10.36	-62.636
-10.30	-62.569
-10.30	-62.547
-10.33	-62.525
-10.65	-64.375
-10.67	-64.375
-10.68	-64.352
-10.74	-64.352
-10.63	-64.375
-10.66	-62.881
-10.73	-62.859
-10.71	-62.881
-10.73	-62.837
-10.72	-62.859
-10.89	-64.776
-10.95	-64.753
-10.94	-64.753
-10.90	-64.776
-10.90	-64.753
-11.27	-66.625
-11.25	-66.603
-11.24	-66.603
-11.26	-66.625
-11.26	-66.603
-11.30	-65.266
-11.24	-65.333
-11.30	-65.266
-11.29	-65.266
-11.35	-65.288
-11.26	-64.731
-11.32	-64.776
-11.30	-64.798
-11.25	-64.798
-11.27	-64.798
-11.31	-64.709
-11.35	-64.709
-11.22	-64.687
-11.32	-64.709
-11.29	-64.709
-11.32	-63.419
-11.29	-63.419
-11.36	-63.375
-11.28	-63.397
-11.36	-63.375
-11.65	-67.921
-11.70	-67.921
-11.70	-67.921
-11.73	-67.899
-11.70	-67.899
-11.91	-69.236
-11.87	-69.191
-11.91	-69.214
-11.88	-69.169
-11.98	-69.191
-11.93	-67.520
-11.95	-67.565
-11.97	-67.520
-11.86	-67.565
-11.94	-67.520
-12.33	-71.220
-12.37	-71.153
-12.35	-71.175
-12.41	-71.197
-12.32	-71.175
-12.80	-73.381
-12.80	-73.359
-12.77	-73.359
-12.83	-73.314
-12.77	-73.314
-13.32	-75.387
-13.36	-75.365
-13.34	-75.387
-13.26	-75.320
-13.33	-75.320
-13.94	-77.906
-13.91	-77.861
-13.93	-77.883
-13.94	-77.861
-13.90	-77.839
-13.98	-76.323
-13.94	-76.279
-13.88	-76.301
-13.97	-76.301
-13.94	-76.279
-14.51	-79.443
-14.52	-79.466
-14.54	-79.443
-14.58	-79.399
-14.59	-79.421
-14.96	-81.717
-14.97	-81.694
-15.03	-81.650
-14.92	-81.650
-14.97	-81.650
-15.54	-84.123
-15.61	-84.101
-15.58	-84.101
-15.55	-84.057
-15.63	-84.079
-15.60	-82.140
-15.68	-82.118
-15.58	-82.140
-15.63	-82.118
-15.60	-82.118
-16.24	-86.152
-16.24	-86.129
-16.27	-86.107
-16.29	-86.107
-16.19	-86.107
-16.96	-89.160
-17.00	-89.116
-17.00	-89.093
-16.92	-89.093
-16.97	-89.071
-17.06	-86.664
-16.97	-86.686
-17.05	-86.686
-17.03	-86.664
-17.09	-86.686
-17.07	-85.884
-17.06	-85.862
-17.02	-85.884
-17.05	-85.862
-17.04	-85.862
-17.44	-89.717
-17.48	-89.717
-17.39	-89.695
-17.47	-89.673
-17.42	-89.695
-17.96	-90.921
-17.93	-90.921
-17.97	-90.899
-17.92	-90.921
-17.97	-90.899
-17.94	-89.561
-17.97	-89.584
-18.01	-89.539
-17.98	-89.561
-18.03	-89.539
-18.55	-93.261
-18.57	-93.239
-18.46	-93.261
-18.55	-93.239
-18.53	-93.216
-18.95	-95.244
-18.95	-95.222
-18.97	-95.200
-18.95	-95.155
-18.98	-95.155
-18.96	-93.350
-19.03	-93.350
-18.97	-93.328
-19.04	-93.328
-19.01	-93.350
-19.60	-96.203
-19.56	-96.181
-19.56	-96.136
-19.61	-96.158
-19.54	-96.136
-19.63	-93.974
-19.59	-93.996
-19.64	-93.974
-19.62	-94.019
-19.57	-94.041
-19.64	-93.484
-19.64	-93.506
-19.55	-93.484
-19.61	-93.484
-19.61	-93.484
-20.06	-97.473
-20.02	-97.473
-20.09	-97.429
-20.00	-97.406
-19.99	-97.362
-20.55	-98.186
-20.54	-98.186
-20.58	-98.209
-20.53	-98.209
-20.52	-98.209
-20.58	-96.582
-20.51	-96.582
-20.59	-96.582
-20.56	-96.559
-20.63	-96.559
-20.60	-96.381
-20.55	-96.359
-20.61	-96.359
-20.58	-96.381
-20.53	-96.359
-21.15	-100.259
-21.14	-100.259
-21.08	-100.281
-21.19	-100.237
-21.09	-100.237
-21.15	-98.365
-21.16	-98.342
-21.16	-98.342
-21.18	-98.365
-21.19	-98.409
-21.66	-102.153
-21.71	-102.131
-21.71	-102.086
-21.64	-102.086
-21.69	-102.064
-21.68	-100.103
-21.75	-100.125
-21.72	-100.125
-21.75	-100.125
-21.73	-100.103
-21.77	-97.246
-21.77	-97.246
-21.80	-97.246
-21.82	-97.224
-21.85	-97.246
-21.78	-96.354
-21.87	-96.376
-21.83	-96.354
-21.86	-96.354
-21.79	-96.398
-21.85	-96.242
-21.84	-96.175
-21.81	-96.175
-21.82	-96.242
-21.84	-96.175
-21.70	-92.832
-21.74	-92.788
-21.75	-92.832
-21.74	-92.832
-21.81	-92.855
-21.51	-89.021
-21.56	-89.044
-21.53	-89.044
-21.48	-89.044
-21.54	-89.044
-21.51	-89.155
-21.55	-89.177
-21.54	-89.222
-21.57	-89.177
-21.52	-89.200
-21.07	-82.380
-21.04	-82.358
-21.09	-82.313
-21.08	-82.291
-21.12	-82.313
-21.05	-83.182
-21.05	-83.160
-21.07	-83.182
-21.02	-83.182
-21.10	-83.204
-21.07	-83.516
-21.02	-83.539
-21.06	-83.561
-21.06	-83.561
-21.05	-83.583
-20.69	-77.900
-20.74	-77.945
-20.72	-77.878
-20.64	-77.878
-20.72	-77.833
-19.98	-69.788
-20.05	-69.832
-20.06	-69.855
-20.08	-69.832
-20.04	-69.855
-19.74	-66.244
-19.79	-66.222
-19.71	-66.200
-19.76	-66.244
-19.73	-66.244
-19.76	-67.381
-19.67	-67.336
-19.76	-67.359
-19.70	-67.359
-19.70	-67.292
-19.79	-67.648
-19.69	-67.693
-19.68	-67.671
-19.73	-67.648
-19.73	-67.693
-19.28	-60.829
-19.19	-60.873
-19.28	-60.829
-19.20	-60.851
-19.19	-60.806
-18.81	-55.881
-18.75	-55.903
-18.74	-55.948
-18.75	-55.903
-18.76	-55.970
-18.14	-50.287
-18.21	-50.287
-18.18	-50.265
-18.25	-50.309
-18.15	-50.309
-18.17	-50.867
-18.15	-50.889
-18.19	-50.844
-18.20	-50.844
-18.15	-50.867
-18.13	-51.468
-18.17	-51.401
-18.16	-51.446
-18.18	-51.424
-18.16	-51.401
-17.63	-45.005
-17.57	-45.050
-17.59	-45.028
-17.60	-45.005
-17.64	-45.028
-17.67	-45.763
-17.54	-45.785
-17.61	-45.785
-17.58	-45.785
-17.62	-45.785
-17.54	-46.341
-17.61	-46.319
-17.59	-46.386
-17.64	-46.386
-17.58	-46.341
-17.61	-46.609
-17.54	-46.653
-17.61	-46.609
-17.58	-46.676
-17.63	-46.631
-16.79	-38.430
-16.90	-38.452
-16.86	-38.407
-16.93	-38.452
-16.83	-38.430
-16.39	-34.507
-16.43	-34.507
-16.40	-34.507
-16.45	-34.485
-16.39	-34.485
-15.60	-27.465
-15.58	-27.487
-15.62	-27.465
-15.54	-27.465
-15.61	-27.509
-15.54	-28.824
-15.58	-28.846
-15.57	-28.802
-15.57	-28.824
-15.54	-28.802
-14.83	-22.829
-14.93	-22.784
-14.89	-22.784
-14.94	-22.762
-14.91	-22.807
-14.90	-23.208
-14.93	-23.208
-14.88	-23.186
-14.84	-23.208
-14.89	-23.208
-14.88	-23.453
-14.85	-23.475
-14.91	-23.453
-14.91	-23.498
-14.90	-23.475
-14.23	-17.681
-14.14	-17.748
-14.22	-17.681
-14.18	-17.748
-14.22	-17.725
-13.61	-13.535
-13.50	-13.558
-13.56	-13.558
-13.54	-13.580
-13.58	-13.580
-12.96	-10.304
-12.87	-10.326
-12.97	-10.348
-12.90	-10.326
-13.00	-10.371
-12.19	-6.916
-12.22	-6.872
-12.12	-6.916
-12.20	-6.894
-12.20	-6.916
-12.21	-7.674
-12.13	-7.652
-12.22	-7.696
-12.13	-7.674
-12.20	-7.719
-9.42	-0.030
-9.44	-0.074
-9.43	-0.052
-9.42	-0.030
-9.44	-0.074
-9.64	-0.632
-9.65	-0.654
-9.60	-0.520
-9.63	-0.609
-9.62	-0.587
-8.39	2.823
-8.31	2.845
-8.36	2.778
-8.37	2.823
-8.38	2.778
-8.37	1.971
-8.36	1.971
-8.33	1.948
-8.37	1.993
-8.28	1.971
-8.05	2.974
-7.97	2.884
-8.02	2.929
-7.98	2.929
-8.07	2.907
-7.97	2.795
-8.01	2.751
-7.97	2.773
-8.04	2.795
-7.95	2.751
-8.02	2.639
-8.03	2.684
-7.95	2.639
-8.00	2.595
-7.99	2.684
-8.01	2.416
-8.05	2.416
-8.01	2.595
-7.94	2.483
-8.03	2.506
-8.03	2.283
-8.05	2.283
-8.05	2.327
-7.97	2.260
-8.04	2.238
-8.05	2.104
-8.03	2.082
-8.07	2.104
-8.06	2.104
-8.01	2.060
-8.06	2.104
-8.05	2.060
-8.13	2.082
-7.97	2.082
-8.06	2.104
-8.04	2.060
-8.05	2.038
-8.05	2.060
-8.10	2.060
-8.05	2.038
-8.38	1.168
-8.34	1.191
-8.35	1.146
-8.38	1.168
-8.42	1.124
-8.42	1.280
-8.37	1.258
-8.35	1.280
-8.36	1.235
-8.34	1.280
-8.42	1.458
-8.28	1.436
-8.35	1.458
-8.33	1.436
-8.40	1.436
-8.32	1.592
-8.38	1.547
-8.32	1.592
-8.32	1.592
-8.32	1.592
-8.25	1.815
-8.29	1.859
-8.24	1.837
-8.29	1.859
-8.27	1.837
-8.25	1.971
-8.26	1.926
-8.25	1.971
-8.20	1.948
-8.26	1.993
-8.19	2.104
-8.24	2.082
-8.22	2.060
-8.17	2.082
-8.22	2.038
-8.19	2.327
-8.16	2.305
-8.12	2.350
-8.15	2.327
-8.15	2.372
-8.03	2.572
-8.10	2.572
-8.02	2.550
-8.12	2.572
-8.04	2.506
-8.01	2.773
-7.94	2.728
-7.97	2.773
-7.97	2.773
-7.98	2.773
-8.00	2.773
-7.97	2.751
-7.97	2.773
-7.95	2.773
-7.93	2.818
-7.58	2.996
-7.57	3.018
-7.54	3.040
-7.60	3.018
-7.54	2.974
-7.61	1.414
-7.60	1.414
-7.57	1.436
-7.57	1.391
-7.51	1.458
-7.55	1.414
-7.58	1.436
-7.65	1.369
-7.54	1.391
-7.62	1.369
-7.19	2.662
-7.14	2.662
-7.21	2.639
-7.08	2.684
-7.14	2.639
-6.24	4.578
-6.24	4.623
-6.23	4.578
-6.21	4.601
-6.23	4.556
-4.82	6.673
-4.81	6.629
-4.80	6.606
-4.82	6.651
-4.77	6.651
-4.72	6.339
-4.72	6.406
-4.76	6.361
-4.73	6.383
-4.75	6.361
-4.71	6.183
-4.70	6.183
-4.80	6.205
-4.70	6.227
-4.72	6.205
-4.70	5.759
-4.79	5.737
-4.65	5.782
-4.72	5.737
-4.70	5.804
-4.24	6.963
-4.33	6.963
-4.32	6.963
-4.32	6.941
-4.32	6.941
-3.48	8.746
-3.43	8.746
-3.48	8.768
-3.43	8.724
-3.53	8.724
-2.44	11.353
-2.47	11.376
-2.55	11.376
-2.43	11.376
-2.53	11.398
-1.69	13.827
-1.71	13.827
-1.71	13.783
-1.76	13.783
-1.69	13.738
-1.09	15.878
-1.16	15.878
-1.07	15.878
-1.10	15.922
-1.12	15.878
-0.57	18.106
-0.55	18.106
-0.61	18.084
-0.57	18.017
-0.54	18.084
0.14	20.736
0.06	20.736
0.10	20.736
0.07	20.803
0.12	20.691
0.48	22.564
0.51	22.586
0.57	22.586
0.48	22.608
0.57	22.541
0.64	21.048
0.51	21.093
0.62	21.070
0.59	21.115
0.56	21.115
1.10	24.993
1.14	24.970
1.15	24.948
1.17	24.970
1.06	24.948
1.63	26.843
1.57	26.865
1.62	26.820
1.57	26.843
1.63	26.820
2.13	29.428
2.16	29.428
2.17	29.428
2.14	29.405
2.16	29.383
2.70	31.567
2.74	31.567
2.61	31.500
2.71	31.567
2.68	31.456
3.15	33.038
3.08	33.038
3.18	32.994
3.12	32.994
3.08	32.994
3.15	32.013
3.15	31.991
3.16	31.968
3.17	31.991
3.09	32.013
3.77	35.646
3.72	35.646
3.82	35.646
3.73	35.646
3.79	35.623
4.13	37.562
4.20	37.496
4.15	37.518
4.20	37.518
4.25	37.496
4.99	41.217
4.98	41.173
4.93	41.195
5.00	41.106
5.01	41.151
5.44	43.335
5.52	43.290
5.40	43.312
5.48	43.335
5.46	43.268
5.89	44.761
5.85	44.806
5.84	44.761
5.86	44.761
5.90	44.739
5.90	42.956
5.93	42.978
5.88	42.978
5.90	42.956
5.91	42.978
5.96	42.599
5.93	42.599
5.94	42.599
5.95	42.599
5.93	42.577
6.42	47.034
6.56	46.990
6.46	46.990
6.50	46.967
6.43	46.967
7.08	49.976
7.06	49.976
7.12	49.909
7.12	49.909
7.00	49.909
7.61	52.494
7.65	52.472
7.60	52.472
7.64	52.450
7.60	52.428
7.91	53.341
7.90	53.319
7.95	53.274
7.95	53.319
7.87	53.252
8.41	55.503
8.44	55.481
8.49	55.503
8.46	55.525
8.35	55.525
8.97	57.821
8.93	57.799
9.02	57.799
8.94	57.799
8.89	57.776
9.52	60.763
9.50	60.740
9.49	60.740
9.51	60.763
9.55	60.674
10.05	62.501
10.01	62.501
10.06	62.546
10.05	62.546
9.98	62.479
10.59	65.109
10.55	65.086
10.57	65.042
10.63	64.997
10.55	64.908
11.21	67.471
11.26	67.493
11.20	67.404
11.25	67.404
11.18	67.382
11.22	65.042
11.27	65.086
11.29	65.042
11.23	65.086
11.28	65.064
11.26	63.279
11.30	63.235
11.29	63.257
11.32	63.235
11.20	63.235
11.58	68.026
11.61	68.026
11.62	68.004
11.64	68.004
11.58	68.026
12.00	70.567
11.91	70.523
11.98	70.523
11.94	70.456
11.96	70.433
12.20	71.548
12.25	71.548
12.24	71.525
12.28	71.481
12.21	71.481
12.57	73.687
12.77	73.620
12.65	73.643
12.69	73.598
12.61	73.598
12.67	71.659
12.72	71.615
12.72	71.592
12.70	71.592
12.69	71.592
13.21	76.005
13.35	75.960
13.27	75.938
13.34	75.983
13.24	75.960
13.72	77.788
13.78	77.766
13.81	77.721
13.77	77.699
13.75	77.699
14.36	80.440
14.41	80.440
14.38	80.396
14.40	80.418
14.33	80.329
14.93	82.178
14.88	82.201
14.94	82.178
14.87	82.112
14.94	82.134
15.52	84.987
15.55	84.964
15.46	84.920
15.55	84.920
15.55	84.875
15.61	82.624
15.54	82.624
15.58	82.602
15.51	82.580
15.53	82.646
16.02	85.811
15.96	85.811
15.93	85.789
15.97	85.767
15.97	85.811
16.65	88.530
16.70	88.508
16.67	88.486
16.63	88.486
16.69	88.419
16.79	86.368
16.67	86.346
16.73	86.346
16.68	86.301
16.71	86.346
16.73	85.521
16.67	85.477
16.77	85.521
16.67	85.499
16.79	85.477
17.19	89.466
17.13	89.511
17.09	89.488
17.18	89.488
17.10	89.466
17.22	87.906
17.13	87.906
17.24	87.862
17.18	87.862
17.20	87.884
17.69	91.717
17.77	91.673
17.71	91.673
17.78	91.650
17.67	91.606
18.37	93.857
18.26	93.857
18.37	93.790
18.26	93.812
18.33	93.790
18.30	91.494
18.35	91.517
18.38	91.494
18.38	91.494
18.40	91.494
18.81	94.302
18.72	94.325
18.84	94.325
18.68	94.302
18.79	94.302
19.40	96.241
19.35	96.219
19.42	96.241
19.37	96.197
19.43	96.174
19.90	97.668
19.96	97.690
19.84	97.645
19.88	97.668
19.92	97.601
19.86	95.394
19.99	95.417
19.91	95.394
20.02	95.394
19.88	95.394
19.93	94.525
20.00	94.503
19.96	94.503
20.03	94.503
19.86	94.525
19.92	93.745
20.05	93.767
19.96	93.745
19.94	93.745
19.99	93.745
20.01	93.366
19.97	93.411
20.00	93.389
19.92	93.411
20.02	93.366
20.04	92.363
19.95	92.363
20.00	92.363
19.99	92.363
20.02	92.363
19.98	91.094
20.02	91.117
20.01	91.117
19.98	91.072
20.03	91.139
19.84	86.927
19.81	86.927
19.91	86.949
19.83	86.905
19.86	86.949
19.84	87.038
19.89	86.994
19.83	86.994
19.91	86.994
19.81	86.971
19.70	82.848
19.54	82.804
19.67	82.826
19.61	82.848
19.68	82.871
19.57	83.651
19.66	83.628
19.58	83.628
19.60	83.651
19.70	83.628
19.33	78.503
19.29	78.458
19.32	78.525
19.35	78.525
19.30	78.525
18.79	71.995
18.90	72.017
18.87	72.039
18.91	71.995
18.82	72.062
18.49	67.471
18.57	67.515
18.46	67.515
18.56	67.493
18.43	67.493
18.53	67.939
18.46	67.894
18.48	67.983
18.53	68.006
18.54	67.939
18.48	68.318
18.50	68.340
18.55	68.384
18.46	68.340
18.56	68.362
17.82	59.113
17.87	59.113
17.78	59.113
17.85	59.069
17.76	59.136
17.57	55.926
17.46	55.926
17.55	55.949
17.59	55.949
17.56	55.993
17.04	50.087
17.11	50.065
17.04	50.065
17.06	50.065
16.99	50.132
17.02	51.268
17.03	51.313
16.92	51.291
17.05	51.268
16.96	51.268
16.43	44.984
16.36	44.939
16.31	44.805
16.43	44.828
16.37	44.828
16.35	43.802
16.29	43.713
16.40	43.802
16.34	43.780
16.28	43.758
16.33	44.047
16.34	44.092
16.37	44.047
16.28	44.070
16.36	44.070
16.34	44.537
16.32	44.559
16.35	44.515
16.32	44.492
16.22	44.537
15.83	38.809
15.82	38.765
15.91	38.765
15.78	38.787
15.82	38.809
15.34	33.483
15.23	33.461
15.24	33.394
15.24	33.394
15.18	33.416
14.74	28.156
14.80	28.156
14.69	28.179
14.71	28.201
14.70	28.179
14.06	22.874
14.10	22.874
14.00	22.897
14.10	22.852
14.08	22.763
14.03	24.033
13.98	23.966
14.03	23.989
14.03	24.033
14.02	23.989
14.05	24.278
13.98	24.278
14.08	24.256
13.99	24.278
14.04	24.256
13.39	17.971
13.35	18.016
13.43	18.016
13.27	17.994
13.36	18.016
12.63	12.489
12.58	12.511
12.65	12.489
12.62	12.511
12.55	12.511
12.33	11.219
12.34	11.196
12.35	11.219
12.23	11.196
12.35	11.219
11.83	7.965
11.69	7.965
11.74	7.942
11.78	7.987
11.73	7.965
11.65	8.656
11.79	8.611
11.74	8.633
11.73	8.656
11.71	8.656
10.98	4.733
11.13	4.733
11.08	4.755
11.07	4.733
11.06	4.755
10.51	2.638
10.61	2.638
10.54	2.638
10.58	2.683
10.50	2.683
10.59	3.440
10.50	3.396
10.52	3.396
10.56	3.440
10.53	3.418
10.55	3.864
10.56	3.864
10.50	3.886
10.50	3.841
10.49	3.864
9.92	0.855
9.94	0.810
9.87	0.810
9.95	0.788
9.90	0.833
9.87	1.011
9.89	0.989
9.93	1.033
9.97	0.989
9.87	0.989
9.91	1.100
9.91	1.167
9.86	1.122
9.89	1.145
9.94	1.167
9.87	1.323
9.88	1.345
9.79	1.345
9.90	1.301
9.88	1.368
9.87	1.368
9.83	1.412
9.82	1.368
9.87	1.390
9.79	1.368
9.89	1.368
9.84	1.390
9.86	1.345
9.76	1.323
9.85	1.368
9.84	1.390
9.85	1.390
9.83	1.412
9.87	1.390
9.83	1.390
9.89	1.349
9.85	1.349
9.79	1.371
9.84	1.371
9.85	1.349
9.85	1.460
9.82	1.460
9.78	1.460
9.82	1.460
9.83	1.460
9.75	1.460
9.88	1.460
9.80	1.438
9.82	1.438
9.81	1.460
9.78	1.572
9.85	1.572
9.79	1.572
9.83	1.549
9.80	1.549
9.01	0.145
8.97	0.079
8.99	0.101
9.01	0.145
9.02	0.168
5.19	-6.652
5.29	-6.630
5.30	-6.652
5.31	-6.630
5.19	-6.607
5.21	-5.961
5.28	-6.050
5.24	-6.028
5.22	-6.050
5.26	-6.028
3.45	-8.791
3.55	-8.836
3.53	-8.769
3.58	-8.769
3.46	-8.791
2.21	-10.864
2.30	-10.909
2.27	-10.864
2.30	-10.886
2.23	-10.864
2.21	-9.884
2.28	-9.861
2.24	-9.884
2.27	-9.906
2.24	-9.884
2.31	-9.928
2.25	-9.906
2.27	-9.906
2.20	-9.928
2.27	-9.884
0.95	-13.650
1.04	-13.672
1.02	-13.605
1.03	-13.628
0.95	-13.672
0.37	-15.477
0.37	-15.455
0.40	-15.477
0.27	-15.455
0.39	-15.477
-0.37	-17.706
-0.27	-17.751
-0.34	-17.706
-0.31	-17.728
-0.37	-17.684
-0.90	-19.801
-0.98	-19.846
-0.99	-19.823
-1.02	-19.779
-0.96	-19.779
-1.77	-22.676
-1.70	-22.654
-1.75	-22.609
-1.68	-22.631
-1.78	-22.587
-1.75	-21.183
-1.82	-21.205
-1.73	-21.161
-1.73	-21.205
-1.75	-21.183
-2.05	-23.590
-2.10	-23.612
-2.07	-23.590
-2.08	-23.590
-2.06	-23.568
-2.36	-24.660
-2.25	-24.660
-2.30	-24.660
-2.31	-24.637
-2.34	-24.660
-2.73	-26.621
-2.78	-26.576
-2.72	-26.598
-2.77	-26.576
-2.74	-26.576
-2.74	-25.885
-2.78	-25.908
-2.77	-25.885
-2.76	-25.863
-2.75	-25.885
-3.25	-28.671
-3.25	-28.738
-3.30	-28.671
-3.30	-28.716
-3.19	-28.693
-3.72	-31.056
-3.76	-31.078
-3.74	-31.034
-3.79	-31.011
-3.72	-31.011
-4.20	-33.485
-4.26	-33.418
-4.29	-33.485
-4.29	-33.418
-4.26	-33.418
-4.34	-32.192
-4.24	-32.237
-4.31	-32.170
-4.32	-32.192
-4.32	-32.215
-4.79	-36.093
-4.88	-36.137
-4.86	-36.070
-4.85	-36.093
-4.84	-36.070
-4.90	-34.555
-4.94	-34.510
-4.85	-34.532
-4.89	-34.532
-4.90	-34.510
-5.38	-38.477
-5.34	-38.477
-5.34	-38.477
-5.37	-38.477
-5.38	-38.455
-5.71	-40.015
-5.76	-39.993
-5.71	-39.970
-5.78	-39.970
-5.73	-39.970
-6.11	-42.221
-6.14	-42.221
-6.13	-42.199
-6.15	-42.199
-6.13	-42.199
-6.61	-44.584
-6.65	-44.561
-6.56	-44.561
-6.61	-44.561
-6.62	-44.561
-6.63	-42.912
-6.64	-42.868
-6.60	-42.912
-6.65	-42.890
-6.68	-42.868
-6.63	-42.779
-6.66	-42.756
-6.65	-42.756
-6.66	-42.801
-6.61	-42.734
-7.19	-47.280
-7.24	-47.258
-7.20	-47.280
-7.22	-47.303
-7.28	-47.303
-7.58	-49.286
-7.64	-49.242
-7.56	-49.242
-7.61	-49.242
-7.64	-49.197
-8.04	-51.337
-8.05	-51.337
-8.02	-51.292
-8.09	-51.314
-8.01	-51.292
-8.53	-53.610
-8.50	-53.588
-8.50	-53.588
-8.56	-53.565
-8.51	-53.588
-8.95	-55.705
-9.00	-55.682
-9.01	-55.660
-9.03	-55.705
-8.95	-55.682
-9.45	-57.733
-9.51	-57.711
-9.49	-57.733
-9.52	-57.733
-9.47	-57.711
-9.90	-59.895
-9.90	-59.872
-9.89	-59.850
-9.89	-59.872
-9.86	-59.805
-10.38	-62.190
-10.46	-62.190
-10.43	-62.212
-10.44	-62.190
-10.44	-62.168
-10.84	-63.416
-10.78	-63.438
-10.81	-63.394
-10.84	-63.416
-10.75	-63.371
-11.49	-66.625
-11.41	-66.647
-11.46	-66.603
-11.49	-66.603
-11.38	-66.581
-11.52	-64.530
-11.47	-64.530
-11.47	-64.553
-11.49	-64.508
-11.43	-64.508
-11.51	-63.328
-11.49	-63.328
-11.52	-63.328
-11.48	-63.350
-11.47	-63.328
-11.99	-68.476
-12.01	-68.543
-12.05	-68.543
-11.96	-68.499
-12.03	-68.521
-12.04	-67.206
-12.10	-67.184
-11.98	-67.206
-12.01	-67.184
-12.10	-67.206
-12.63	-71.596
-12.67	-71.530
-12.66	-71.507
-12.62	-71.530
-12.64	-71.530
-12.69	-70.282
-12.70	-70.282
-12.60	-70.282
-12.65	-70.304
-12.73	-70.259
-13.04	-72.822
-13.08	-72.800
-13.02	-72.822
-13.06	-72.778
-13.03	-72.778
-13.65	-75.140
-13.61	-75.162
-13.64	-75.140
-13.56	-75.118
-13.65	-75.140
-14.12	-77.725
-14.09	-77.681
-14.07	-77.681
-14.13	-77.703
-14.13	-77.614
-14.09	-75.764
-14.18	-75.809
-14.09	-75.742
-14.14	-75.720
-14.15	-75.742
-14.91	-80.533
-14.85	-80.489
-14.86	-80.489
-14.85	-80.489
-14.91	-80.422
-15.31	-81.804
-15.38	-81.826
-15.27	-81.804
-15.36	-81.781
-15.33	-81.759
-16.02	-84.322
-16.09	-84.389
-16.02	-84.300
-16.06	-84.344
-16.10	-84.322
-16.05	-82.717
-16.08	-82.717
-16.08	-82.717
-16.12	-82.740
-16.03	-82.717
-16.09	-82.517
-16.03	-82.539
-16.09	-82.517
-16.11	-82.539
-16.09	-82.539
-16.66	-86.863
-16.73	-86.841
-16.66	-86.841
-16.72	-86.841
-16.68	-86.796
-17.14	-88.824
-17.16	-88.779
-17.12	-88.713
-17.18	-88.713
-17.15	-88.690
-17.17	-86.729
-17.21	-86.729
-17.24	-86.751
-17.20	-86.729
-17.16	-86.729
-17.20	-85.124
-17.23	-85.102
-17.21	-85.147
-17.29	-85.080
-17.18	-85.102
-17.61	-89.225
-17.62	-89.225
-17.54	-89.247
-17.59	-89.203
-17.66	-89.181
-18.18	-91.543
-18.21	-91.543
-18.15	-91.543
-18.23	-91.521
-18.16	-91.543
-18.28	-89.671
-18.19	-89.671
-18.27	-89.649
-18.25	-89.626
-18.23	-89.649
-18.24	-89.225
-18.25	-89.225
-18.24	-89.247
-18.24	-89.247
-18.26	-89.247
-18.69	-92.657
-18.68	-92.657
-18.67	-92.635
-18.69	-92.635
-18.72	-92.613
-18.97	-94.217
-19.00	-94.173
-18.94	-94.173
-19.01	-94.151
-18.96	-94.084
-19.00	-91.900
-19.04	-91.877
-18.97	-91.922
-19.04	-91.922
-18.98	-91.900
-19.01	-91.966
-18.99	-91.944
-19.01	-91.944
-18.99	-91.966
-19.03	-91.989
-19.59	-95.421
-19.50	-95.354
-19.55	-95.376
-19.53	-95.354
-19.59	-95.399
-20.15	-96.869
-20.17	-96.825
-20.10	-96.847
-20.13	-96.825
-20.13	-96.825
-20.13	-94.819
-20.21	-94.819
-20.13	-94.819
-20.16	-94.841
-20.15	-94.797
-20.81	-99.031
-20.79	-99.009
-20.82	-98.964
-20.83	-98.920
-20.75	-98.920
-20.87	-96.803
-20.85	-96.758
-20.84	-96.758
-20.81	-96.736
-20.87	-96.780
-21.43	-100.101
-21.45	-100.101
-21.48	-100.079
-21.40	-100.056
-21.47	-100.012
-21.68	-100.190
-21.59	-100.212
-21.70	-100.190
-21.65	-100.190
-21.65	-100.190
-21.71	-99.343
-21.65	-99.321
-21.66	-99.343
-21.65	-99.321
-21.72	-99.343
-21.72	-98.385
-21.72	-98.407
-21.68	-98.385
-21.70	-98.407
-21.71	-98.385
-21.67	-98.296
-21.72	-98.296
-21.64	-98.318
-21.67	-98.274
-21.67	-98.274
-21.71	-95.528
-21.76	-95.528
-21.71	-95.528
-21.76	-95.550
-21.73	-95.505
-21.75	-95.327
-21.73	-95.349
-21.72	-95.305
-21.83	-95.372
-21.72	-95.327
-21.51	-89.265
-21.48	-89.287
-21.50	-89.332
-21.48	-89.332
-21.51	-89.376
-21.42	-89.087
-21.50	-89.064
-21.50	-89.087
-21.45	-89.087
-21.47	-89.109
-21.13	-83.136
-21.10	-83.136
-21.09	-83.203
-21.14	-83.225
-21.06	-83.203
-20.73	-77.943
-20.79	-77.966
-20.65	-77.943
-20.77	-77.988
-20.73	-77.943
-20.70	-79.459
-20.68	-79.392
-20.69	-79.414
-20.69	-79.414
-20.74	-79.414
-20.17	-71.636
-20.10	-71.748
-20.19	-71.859
-20.13	-71.792
-20.14	-71.725
-19.64	-66.421
-19.66	-66.421
-19.69	-66.421
-19.68	-66.421
-19.67	-66.421
-19.66	-66.845
-19.71	-66.822
-19.70	-66.822
-19.62	-66.845
-19.69	-66.845
-19.67	-66.934
-19.73	-66.889
-19.63	-66.934
-19.71	-66.867
-19.67	-66.889
-19.22	-61.719
-19.24	-61.697
-19.21	-61.697
-19.23	-61.719
-19.21	-61.697
-19.18	-62.432
-19.21	-62.477
-19.22	-62.454
-19.26	-62.477
-19.15	-62.499
-18.72	-55.568
-18.68	-55.479
-18.68	-55.523
-18.63	-55.501
-18.71	-55.434
-18.12	-50.353
-18.16	-50.375
-18.15	-50.375
-18.20	-50.330
-18.12	-50.353
-17.64	-45.561
-17.64	-45.561
-17.67	-45.583
-17.63	-45.606
-17.66	-45.561
-17.62	-46.721
-17.63	-46.699
-17.64	-46.721
-17.67	-46.699
-17.62	-46.744
-16.75	-37.250
-16.72	-37.294
-16.74	-37.272
-16.77	-37.316
-16.72	-37.316
-16.77	-38.498
-16.65	-38.520
-16.72	-38.520
-16.71	-38.498
-16.78	-38.542
-16.28	-33.617
-16.27	-33.661
-16.29	-33.639
-16.27	-33.639
-16.35	-33.639
-15.63	-28.112
-15.62	-28.134
-15.67	-28.112
-15.56	-28.134
-15.65	-28.112
-14.90	-23.075
-14.97	-23.098
-14.97	-23.120
-14.97	-23.120
-14.94	-23.098
-15.01	-24.056
-14.88	-24.034
-14.99	-24.078
-14.92	-24.056
-14.96	-24.011
-14.93	-24.256
-14.97	-24.234
-14.93	-24.279
-14.94	-24.279
-14.92	-24.234
-14.21	-17.994
-14.21	-17.972
-14.24	-17.972
-14.16	-17.972
-14.21	-18.016
-13.49	-12.846
-13.39	-12.846
-13.37	-12.890
-13.42	-12.890
-13.41	-12.890
-12.62	-9.057
-12.67	-9.035
-12.64	-9.079
-12.70	-9.102
-12.59	-9.102
-12.23	-6.962
-12.16	-6.962
-12.22	-6.940
-12.17	-7.007
-12.21	-6.984
-12.15	-7.787
-12.18	-7.742
-12.16	-7.809
-12.22	-7.809
-12.13	-7.809
-12.18	-8.166
-12.15	-8.143
-12.16	-8.143
-12.15	-8.143
-12.17	-8.143
-11.89	-6.271
-11.89	-6.293
-11.92	-6.316
-11.97	-6.271
-11.88	-6.316
-9.15	0.147
-9.15	0.170
-9.15	0.170
-9.15	0.147
-9.17	0.103
-7.79	3.379
-7.74	3.379
-7.79	3.357
-7.78	3.379
-7.81	3.312
-7.74	2.755
-7.83	2.755
-7.72	2.710
-7.78	2.710
-7.77	2.710
-7.80	2.398
-7.82	2.421
-7.77	2.421
-7.79	2.398
-7.76	2.398
-7.80	2.153
-7.88	2.220
-7.81	2.153
-7.84	2.153
-7.86	2.175
-7.89	1.997
-7.86	1.953
-7.92	1.997
-7.86	1.975
-7.87	2.019
-7.94	1.774
-7.95	1.774
-8.01	1.730
-7.92	1.797
-7.98	1.752
-8.11	1.485
-8.02	1.485
-8.05	1.507
-8.05	1.485
-8.10	1.485
-8.10	1.373
-8.09	1.329
-8.16	1.395
-8.06	1.373
-8.12	1.351
-8.07	1.306
-8.21	1.329
-8.11	1.329
-8.14	1.284
-8.16	1.284
-8.19	1.150
-8.26	1.173
-8.13	1.128
-8.20	1.128
-8.20	1.150
-8.23	1.039
-8.30	1.039
-8.23	1.017
-8.26	1.039
-8.28	1.017
-8.33	1.017
-8.26	0.972
-8.29	0.994
-8.27	0.927
-8.29	0.972
-8.31	0.838
-8.36	0.838
-8.38	0.861
-8.30	0.905
-8.36	0.816
-8.32	0.816
-8.35	0.749
-8.36	0.794
-8.33	0.794
-8.34	0.838
-8.36	0.816
-8.39	0.816
-8.28	0.838
-8.36	0.816
-8.40	0.838
-8.35	0.883
-8.37	0.883
-8.35	0.861
-8.35	0.794
-8.40	0.861
-8.33	0.883
-8.35	0.861
-8.39	0.838
-8.31	0.883
-8.38	0.905
-8.31	0.883
-8.37	0.883
-8.40	0.861
-8.33	0.905
-8.36	0.861
-8.35	0.927
-8.39	0.972
-8.29	0.950
-8.40	0.927
-8.36	0.950
-8.32	1.017
-8.40	1.061
-8.35	1.039
-8.34	1.061
-8.37	1.039
-8.38	1.284
-8.27	1.284
-8.31	1.284
-8.34	1.284
-8.30	1.262
-8.30	1.485
-8.27	1.462
-8.28	1.529
-8.25	1.529
-8.29	1.507
-7.95	2.510
-7.89	2.487
-7.89	2.510
-7.96	2.532
-7.90	2.532
-7.82	2.710
-7.82	2.688
-7.90	2.643
-7.82	2.643
-7.87	2.666
-7.61	3.156
-7.62	3.201
-7.61	3.178
-7.64	3.178
-7.63	3.178
-6.91	2.736
-6.91	2.781
-6.87	2.736
-6.93	2.759
-6.93	2.714
-6.91	2.803
-6.98	2.736
-6.85	2.759
-6.95	2.759
-6.90	2.736
-6.92	2.825
-6.96	2.803
-6.86	2.803
-6.93	2.781
-6.91	2.803
-6.90	2.870
-6.91	2.870
-6.94	2.870
-6.89	2.848
-6.91	2.848
-6.82	2.868
-6.91	2.846
-6.90	2.891
-6.93	2.824
-6.84	2.868
-6.88	2.935
-6.88	2.935
-6.86	2.957
-6.84	2.980
-6.88	2.980
-6.80	2.913
-6.87	2.935
-6.85	2.913
-6.83	2.980
-6.88	2.913
-6.85	3.042
-6.76	2.998
-6.84	3.065
-6.87	3.042
-6.84	2.998
-6.85	1.527
-6.81	1.482
-6.86	1.527
-6.87	1.505
-6.86	1.482
-6.59	2.485
-6.59	2.485
-6.57	2.441
-6.58	2.485
-6.63	2.441
-5.46	5.115
-5.43	5.115
-5.47	5.115
-5.45	5.093
-5.42	5.093
-4.59	6.408
-4.58	6.341
-4.55	6.408
-4.62	6.385
-4.59	6.452
-4.58	5.851
-4.54	5.851
-4.55	5.873
-4.62	5.828
-4.58	5.895
-3.27	8.859
-3.24	8.859
-3.28	8.859
-3.26	8.881
-3.25	8.837
-2.34	11.222
-2.33	11.222
-2.29	11.244
-2.30	11.222
-2.36	11.244
-1.54	13.495
-1.56	13.562
-1.60	13.584
-1.51	13.517
-1.52	13.539
-0.99	15.590
-0.94	15.612
-1.00	15.590
-0.99	15.590
-0.95	15.545
-0.31	18.309
-0.36	18.331
-0.28	18.353
-0.27	18.264
-0.32	18.286
0.18	20.315
0.27	20.359
0.25	20.337
0.17	20.315
0.27	20.337
0.79	22.432
0.77	22.387
0.78	22.387
0.81	22.343
0.73	22.387
0.86	21.228
0.77	21.273
0.78	21.228
0.81	21.206
0.83	21.206
1.43	24.750
1.28	24.727
1.33	24.727
1.40	24.750
1.33	24.750
1.83	26.510
1.78	26.510
1.83	26.510
1.81	26.532
1.80	26.488
2.39	29.274
2.38	29.251
2.39	29.207
2.41	29.251
2.39	29.207
2.92	31.146
2.90	31.123
2.87	31.123
2.91	31.146
2.94	31.146
3.48	33.352
3.49	33.397
3.42	33.263
3.50	33.308
3.56	33.308
4.08	35.826
4.03	35.826
4.14	35.826
4.11	35.781
4.03	35.826
4.43	37.564
4.53	37.520
4.53	37.520
4.41	37.497
4.47	37.475
4.46	36.517
4.50	36.561
4.50	36.584
4.44	36.539
4.53	36.539
4.97	39.949
5.07	39.904
5.07	39.927
4.95	39.927
5.04	39.949
5.07	38.857
5.01	38.902
5.12	38.812
5.13	38.879
5.02	38.879
5.63	42.557
5.61	42.579
5.58	42.534
5.69	42.534
5.64	42.534
6.21	44.429
6.20	44.429
6.12	44.406
6.15	44.384
6.14	44.384
6.24	42.490
6.16	42.467
6.19	42.467
6.22	42.423
6.20	42.423
6.27	42.222
6.22	42.200
6.14	42.245
6.22	42.267
6.23	42.245
6.41	44.852
6.48	44.874
6.52	44.852
6.41	44.830
6.42	44.852
6.90	47.571
6.89	47.616
6.94	47.549
6.88	47.571
6.92	47.571
7.36	49.577
7.28	49.621
7.31	49.599
7.31	49.577
7.33	49.555
7.65	50.936
7.78	50.914
7.76	50.914
7.63	50.892
7.68	50.847
8.26	53.655
8.28	53.633
8.21	53.633
8.27	53.611
8.30	53.588
8.85	55.906
8.80	55.884
8.82	55.884
8.91	55.884
8.88	55.839
9.32	58.113
9.26	58.068
9.32	58.068
9.32	58.046
9.33	57.979
9.93	60.542
9.91	60.564
9.87	60.497
9.87	60.497
9.97	60.497
9.91	59.472
9.94	59.517
9.92	59.494
9.88	59.517
9.87	59.472
10.43	62.726
10.49	62.793
10.45	62.748
10.43	62.748
10.42	62.748
10.89	64.799
10.89	64.843
10.90	64.776
10.86	64.799
10.87	64.754
11.22	66.113
11.37	66.069
11.36	66.113
11.22	66.069
11.30	66.047
11.36	62.142
11.35	62.142
11.39	62.142
11.37	62.142
11.32	62.142
11.31	61.897
11.37	61.941
11.42	61.897
11.33	61.897
11.37	61.919
11.74	67.312
11.76	67.312
11.82	67.290
11.79	67.268
11.76	67.268
12.08	69.006
12.05	68.939
12.00	68.962
12.04	68.962
12.07	68.939
12.57	71.190
12.56	71.123
12.55	71.146
12.55	71.146
12.63	71.123
12.67	69.675
12.54	69.653
12.57	69.653
12.68	69.653
12.60	69.608
13.05	73.196
13.00	73.285
12.99	73.330
13.07	73.263
13.07	73.352
13.66	75.514
13.64	75.514
13.64	75.536
13.63	75.514
13.66	75.536
14.39	79.191
14.44	79.191
14.37	79.213
14.37	79.169
14.37	79.213
14.37	76.963
14.49	76.963
14.54	76.963
14.39	76.896
14.47	76.940
14.92	79.904
14.83	79.882
14.81	79.882
14.90	79.860
14.84	79.838
15.29	80.907
15.22	80.907
15.26	80.885
15.35	80.863
15.26	80.818
15.67	82.735
15.67	82.712
15.55	82.690
15.69	82.712
15.75	82.690
16.29	85.298
16.22	85.320
16.16	85.320
16.28	85.253
16.21	85.275
16.25	83.337
16.31	83.292
16.25	83.337
16.21	83.381
16.28	83.337
16.73	86.523
16.71	86.523
16.65	86.501
16.76	86.501
16.74	86.479
17.26	88.685
17.22	88.708
17.25	88.641
17.29	88.663
17.20	88.641
17.28	86.746
17.36	86.702
17.20	86.702
17.27	86.702
17.37	86.679
17.85	90.624
17.73	90.580
17.87	90.602
17.89	90.535
17.74	90.557
18.25	91.560
18.17	91.538
18.29	91.538
18.27	91.538
18.21	91.516
18.28	89.688
18.28	89.688
18.27	89.710
18.24	89.688
18.33	89.710
18.91	93.499
18.91	93.477
18.90	93.455
18.86	93.388
18.85	93.432
19.01	91.427
18.96	91.449
18.90	91.471
18.98	91.382
18.95	91.404
19.39	94.324
19.37	94.279
19.35	94.302
19.41	94.235
19.41	94.279
19.91	96.151
19.85	96.196
19.77	96.107
19.82	96.129
19.87	96.151
19.91	89.869
19.95	89.869
19.99	89.869
19.86	89.869
19.95	89.847
19.66	83.428
19.68	83.428
19.71	83.450
19.64	83.428
19.70	83.450
19.62	83.941
19.66	83.963
19.72	83.985
19.62	84.008
19.65	83.963
19.34	79.751
19.42	79.773
19.27	79.751
19.34	79.773
19.44	79.751
18.93	73.600
18.94	73.622
18.93	73.600
18.94	73.644
18.90	73.644
18.50	67.048
18.54	67.048
18.49	67.048
18.46	67.025
18.54	67.025
18.50	67.471
18.57	67.404
18.45	67.382
18.52	67.404
18.57	67.426
18.02	59.648
17.94	59.648
17.88	59.693
17.97	59.715
17.93	59.693
17.46	54.210
17.47	54.210
17.45	54.210
17.46	54.166
17.44	54.188
17.45	55.458
17.43	55.436
17.39	55.481
17.43	55.458
17.43	55.436
17.01	49.909
17.02	49.909
16.98	50.021
17.04	49.954
17.02	49.909
16.44	43.691
16.45	43.535
16.42	43.513
16.44	43.758
16.39	43.959
16.32	43.156
16.39	43.179
16.32	43.201
16.35	43.268
16.39	43.357
16.29	44.625
16.36	44.692
16.31	44.580
16.29	44.669
16.37	44.625
15.87	38.719
15.81	38.719
15.90	38.719
15.87	38.719
15.82	38.696
15.87	39.365
15.84	39.365
15.87	39.365
15.87	39.343
15.82	39.410
15.26	33.214
15.34	33.236
15.31	33.192
15.28	33.259
15.33	33.236
14.68	28.400
14.71	28.445
14.63	28.400
14.74	28.489
14.66	28.445
13.99	22.472
14.07	22.516
13.96	22.472
14.00	22.516
14.04	22.516
14.00	23.007
13.99	23.029
13.98	22.984
14.02	23.007
13.97	23.007
13.99	23.452
13.96	23.408
14.06	23.408
13.98	23.408
13.96	23.430
13.40	17.881
13.36	17.859
13.39	17.814
13.42	17.925
13.33	17.948
12.70	13.312
12.70	13.334
12.74	13.290
12.65	13.334
12.71	13.357
12.09	9.456
11.99	9.456
12.01	9.434
12.08	9.523
11.99	9.434
11.92	9.456
11.88	9.456
11.81	9.479
11.90	9.479
11.84	9.501
11.68	7.473
11.54	7.451
11.63	7.406
11.68	7.518
11.54	7.473
11.12	4.888
11.13	4.910
10.98	4.910
11.08	4.910
11.07	4.910
10.64	3.016
10.57	2.993
10.68	2.993
10.66	2.993
10.56	3.016
10.57	3.996
10.68	3.996
10.60	4.019
10.60	3.974
10.67	3.996
10.68	5.044
10.58	5.088
10.67	4.999
10.70	4.999
10.55	5.044
10.60	3.461
10.58	3.417
10.58	3.417
10.56	3.395
10.59	3.372
10.48	2.503
10.40	2.525
10.34	2.458
10.43	2.503
10.40	2.525
9.95	0.720
9.98	0.720
9.95	0.720
9.93	0.742
10.01	0.742
9.93	0.876
9.94	0.854
9.98	0.876
9.92	0.876
9.99	0.921
9.97	2.325
9.95	2.280
9.91	2.280
9.98	2.280
9.96	2.302
9.98	2.815
9.97	2.860
10.03	2.860
9.92	2.860
10.00	2.904
9.79	3.178
9.76	3.223
9.78	3.156
9.71	3.223
9.80	3.156
9.80	3.156
9.79	3.156
9.74	3.178
9.77	3.178
9.78	3.178
9.71	2.086
9.70	2.109
9.63	2.131
9.65	2.109
9.70	2.153
8.45	-0.343
8.47	-0.298
8.47	-0.298
8.46	-0.321
8.48	-0.276
5.32	-6.583
5.38	-6.583
5.36	-6.583
5.36	-6.605
5.32	-6.539
5.29	-6.160
5.30	-6.115
5.32	-6.115
5.31	-6.115
5.30	-6.115
5.31	-5.848
5.31	-5.848
5.37	-5.848
5.35	-5.892
5.35	-5.803
3.27	-9.035
3.29	-9.012
3.24	-9.035
3.27	-8.990
3.25	-9.012
2.02	-11.040
1.98	-11.040
1.95	-11.085
1.92	-11.040
1.94	-11.018
1.06	-13.158
1.05	-13.180
1.10	-13.180
1.04	-13.135
1.06	-13.135
0.11	-15.654
0.08	-15.654
0.05	-15.676
0.02	-15.632
0.00	-15.609
0.07	-14.718
0.08	-14.718
0.07	-14.695
0.04	-14.740
0.04	-14.695
-0.82	-18.261
-0.79	-18.239
-0.78	-18.261
-0.77	-18.261
-0.82	-18.217
-1.42	-20.289
-1.48	-20.289
-1.50	-20.267
-1.49	-20.245
-1.43	-20.223
-2.00	-22.496
-2.01	-22.518
-2.04	-22.496
-2.05	-22.474
-2.02	-22.474
-2.05	-21.404
-2.02	-21.426
-2.04	-21.404
-2.04	-21.404
-2.09	-21.381
-2.12	-21.159
-2.10	-21.203
-2.12	-21.181
-2.08	-21.203
-2.06	-21.203
-2.66	-24.858
-2.71	-24.858
-2.70	-24.858
-2.69	-24.836
-2.65	-24.814
-2.62	-24.034
-2.64	-24.034
-2.62	-24.034
-2.66	-24.011
-2.70	-24.034
-3.12	-26.730
-3.11	-26.686
-3.14	-26.708
-3.10	-26.686
-3.10	-26.686
-3.64	-28.870
-3.60	-28.870
-3.60	-28.847
-3.62	-28.825
-3.61	-28.870
-4.17	-31.366
-4.16	-31.366
-4.19	-31.366
-4.19	-31.344
-4.17	-31.321
-4.66	-33.684
-4.63	-33.684
-4.66	-33.661
-4.62	-33.639
-4.62	-33.639
-5.07	-35.578
-5.15	-35.556
-5.11	-35.578
-5.18	-35.533
-5.14	-35.511
-5.68	-38.520
-5.69	-38.498
-5.67	-38.498
-5.66	-38.453
-5.68	-38.453
-6.16	-40.704
-6.17	-40.704
-6.15	-40.682
-6.20	-40.659
-6.22	-40.682
-6.41	-41.907
-6.43	-41.885
-6.45	-41.930
-6.51	-41.885
-6.53	-41.885
-6.93	-44.091
-6.91	-44.069
-6.98	-44.069
-6.96	-44.069
-6.96	-44.025
-6.98	-42.554
-6.97	-42.598
-6.96	-42.598
-6.97	-42.554
-6.94	-42.576
-7.57	-46.855
-7.56	-46.877
-7.53	-46.855
-7.51	-46.855
-7.51	-46.810
-7.86	-48.816
-7.87	-48.861
-7.90	-48.839
-7.91	-48.839
-7.93	-48.794
-8.46	-51.491
-8.45	-51.468
-8.42	-51.468
-8.46	-51.446
-8.41	-51.468
-8.91	-53.140
-8.90	-53.095
-8.89	-53.118
-8.89	-53.118
-8.89	-53.118
-9.32	-55.257
-9.26	-55.257
-9.30	-55.213
-9.26	-55.257
-9.27	-55.257
-9.76	-57.419
-9.76	-57.419
-9.76	-57.374
-9.78	-57.397
-9.80	-57.374
-10.29	-59.180
-10.28	-59.224
-10.30	-59.202
-10.28	-59.224
-10.29	-59.224
-10.79	-62.456
-10.79	-62.478
-10.79	-62.478
-10.84	-62.411
-10.83	-62.411
-11.36	-65.353
-11.40	-65.286
-11.41	-65.286
-11.41	-65.286
-11.40	-65.264
-11.97	-67.091
-11.93	-67.114
-11.96	-67.091
-11.97	-67.069
-11.94	-67.069
-11.93	-65.175
-11.96	-65.219
-11.93	-65.197
-11.92	-65.197
-11.94	-65.241
-11.98	-63.857
-11.98	-63.835
-11.97	-63.835
-11.96	-63.857
-11.99	-63.835
-12.29	-66.666
-12.31	-66.688
-12.27	-66.666
-12.30	-66.688
-12.32	-66.666
-12.53	-68.850
-12.54	-68.872
-12.54	-68.872
-12.56	-68.805
-12.52	-68.850
-12.50	-67.624
-12.49	-67.602
-12.48	-67.602
-12.52	-67.602
-12.49	-67.602
-13.07	-71.323
-13.04	-71.368
-13.05	-71.301
-13.03	-71.279
-13.03	-71.279
-13.48	-72.839
-13.47	-72.861
-13.45	-72.839
-13.46	-72.817
-13.43	-72.817
-13.98	-75.848
-13.97	-75.781
-13.99	-75.781
-14.01	-75.736
-13.99	-75.692
-13.99	-73.641
-13.96	-73.686
-14.01	-73.686
-13.97	-73.664
-13.99	-73.664
-14.42	-77.341
-14.40	-77.296
-14.42	-77.274
-14.43	-77.274
-14.43	-77.274
-14.95	-79.436
-14.94	-79.414
-14.93	-79.414
-14.90	-79.369
-14.89	-79.324
-14.99	-77.385
-14.96	-77.430
-15.00	-77.408
-14.97	-77.452
-15.02	-77.363
-15.67	-81.776
-15.66	-81.731
-15.66	-81.731
-15.67	-81.709
-15.69	-81.709
-16.15	-83.737
-16.16	-83.737
-16.15	-83.737
-16.14	-83.737
-16.14	-83.715
-16.73	-85.921
-16.73	-85.899
-16.70	-85.899
-16.72	-85.854
-16.72	-85.877
-16.78	-83.737
-16.80	-83.715
-16.77	-83.737
-16.78	-83.782
-16.77	-83.759
-17.45	-87.927
-17.41	-87.882
-17.46	-87.905
-17.45	-87.882
-17.46	-87.882
-17.43	-85.966
-17.43	-85.988
-17.41	-85.943
-17.44	-85.943
-17.42	-85.988
-17.50	-85.253
-17.48	-85.253
-17.48	-85.275
-17.47	-85.253
-17.48	-85.230
-17.98	-89.420
-17.95	-89.420
-17.97	-89.398
-17.98	-89.398
-17.94	-89.353
-18.75	-92.696
-18.78	-92.674
-18.77	-92.652
-18.78	-92.629
-18.75	-92.652
-18.83	-90.089
-18.83	-90.111
-18.81	-90.044
-18.81	-90.066
-18.82	-90.044
-19.40	-94.212
-19.36	-94.256
-19.39	-94.190
-19.37	-94.167
-19.37	-94.167
-19.91	-95.504
-19.90	-95.504
-19.88	-95.460
-19.90	-95.460
-19.89	-95.460
-19.90	-93.276
-19.94	-93.253
-19.93	-93.253
-19.93	-93.231
-19.93	-93.276
-20.48	-96.975
-20.47	-96.953
-20.48	-96.931
-20.48	-96.908
-20.49	-96.886
-20.95	-97.845
-20.94	-97.822
-20.96	-97.822
-20.96	-97.822
-20.97	-97.800
-20.98	-95.861
-20.98	-95.861
-21.03	-95.861
-21.02	-95.861
-21.00	-95.861
-21.50	-99.627
-21.49	-99.627
-21.51	-99.561
-21.49	-99.561
-21.47	-99.561
-21.90	-100.987
-21.89	-100.965
-21.90	-100.987
-21.91	-100.942
-21.94	-100.920
-22.07	-95.818
-22.04	-95.818
-22.02	-95.818
-22.01	-95.840
-22.00	-95.862
-21.90	-90.647
-21.88	-90.692
-21.85	-90.692
-21.84	-90.647
-21.86	-90.670
-21.78	-89.087
-21.79	-89.065
-21.79	-89.065
-21.80	-89.087
-21.77	-89.087
-21.76	-89.020
-21.73	-89.020
-21.72	-89.020
-21.70	-88.998
-21.73	-88.998
-21.37	-82.268
-21.35	-82.268
-21.36	-82.312
-21.36	-82.268
-21.37	-82.268
-21.36	-83.582
-21.38	-83.538
-21.37	-83.538
-21.35	-83.560
-21.35	-83.560
-21.01	-78.301
-21.02	-78.345
-21.00	-78.345
-21.00	-78.412
-20.97	-78.523
-20.41	-71.481
-20.39	-71.280
-20.40	-71.147
-20.36	-71.102
-20.41	-71.124
-19.82	-65.196
-19.80	-65.285
-19.81	-65.241
-19.80	-65.285
-19.84	-65.241
-19.89	-65.976
-19.87	-65.954
-19.88	-65.932
-19.86	-65.932
-19.85	-65.954
-19.82	-66.266
-19.82	-66.244
-19.83	-66.199
-19.83	-66.177
-19.81	-66.132
-19.43	-60.338
-19.42	-60.338
-19.42	-60.360
-19.38	-60.338
-19.39	-60.338
-19.08	-56.482
-19.05	-56.460
-19.06	-56.460
-19.05	-56.415
-19.07	-56.371
-18.42	-49.751
-18.41	-49.774
-18.41	-49.729
-18.39	-49.774
-18.43	-49.751
-17.89	-44.960
-17.89	-44.960
-17.91	-45.004
-17.90	-45.027
-17.89	-45.049
-17.84	-45.829
-17.89	-45.784
-17.89	-45.784
-17.85	-45.784
-17.86	-45.807
-17.87	-46.833
-17.86	-46.856
-17.85	-46.811
-17.88	-46.856
-17.88	-46.833
-17.86	-46.967
-17.84	-46.967
-17.88	-47.012
-17.87	-46.967
-17.86	-46.945
-17.16	-38.832
-17.17	-38.810
-17.18	-38.855
-17.14	-38.877
-17.18	-38.832
-16.50	-33.105
-16.53	-33.082
-16.52	-33.105
-16.53	-33.105
-16.49	-33.082
-15.87	-27.867
-15.87	-27.890
-15.90	-27.867
-15.88	-27.890
-15.87	-27.890
-15.15	-22.585
-15.13	-22.541
-15.10	-22.563
-15.11	-22.541
-15.12	-22.563
-15.11	-23.566
-15.11	-23.566
-15.12	-23.566
-15.13	-23.566
-15.15	-23.566
-15.08	-23.900
-15.07	-23.900
-15.02	-23.923
-15.10	-23.878
-15.07	-23.878
-14.27	-16.590
-14.27	-16.635
-14.24	-16.568
-14.29	-16.635
-14.26	-16.635
-13.35	-11.620
-13.40	-11.665
-13.39	-11.643
-13.38	-11.665
-13.40	-11.665
-12.16	-6.673
-12.19	-6.673
-12.17	-6.695
-12.14	-6.717
-12.16	-6.717
-12.19	-7.252
-12.22	-7.275
-12.18	-7.297
-12.18	-7.297
-12.21	-7.297
-9.10	0.058
-9.09	0.080
-9.10	0.058
-9.10	0.058
-9.09	0.080
-9.36	-0.566
-9.36	-0.566
-9.36	-0.566
-9.36	-0.566
-9.36	-0.566
-7.91	2.866
-7.93	2.821
-7.94	2.888
-7.90	2.843
-7.94	2.799
-7.91	2.398
-7.93	2.442
-7.94	2.398
-7.88	2.420
-7.94	2.353
-8.12	1.328
-8.10	1.306
-8.13	1.350
-8.11	1.328
-8.13	1.350
-8.12	1.350
-8.07	1.350
-8.13	1.328
-8.14	1.328
-8.09	1.328
-8.10	1.462
-8.14	1.417
-8.13	1.462
-8.12	1.417
-8.13	1.350
-8.55	0.147
-8.52	0.147
-8.55	0.169
-8.51	0.125
-8.56	0.169
-8.51	0.169
-8.57	0.147
-8.55	0.191
-8.54	0.191
-8.54	0.191
-8.56	0.191
-8.57	0.169
-8.55	0.214
-8.58	0.214
-8.59	0.236
-8.57	0.370
-8.54	0.347
-8.56	0.370
-8.59	0.347
-8.60	0.325
-8.54	0.481
-8.57	0.481
-8.58	0.459
-8.56	0.481
-8.59	0.459
-8.56	0.682
-8.56	0.704
-8.58	0.704
-8.57	0.726
-8.54	0.771
-8.57	0.771
-8.56	0.793
-8.55	0.815
-8.56	0.771
-8.55	0.793
-8.52	0.882
-8.55	0.838
-8.56	0.860
-8.53	0.882
-8.54	0.882
-8.49	0.905
-8.45	0.905
-8.51	0.927
-8.49	0.971
-8.45	0.927
-8.46	0.971
-8.46	0.971
-8.46	0.994
-8.48	1.038
-8.48	1.016
-8.44	1.016
-8.42	1.061
-8.48	1.105
-8.45	1.061
-8.43	1.061
-8.36	1.194
-8.40	1.150
-8.41	1.172
-8.39	1.194
-8.40	1.172
-8.42	1.239
-8.43	1.239
-8.41	1.217
-8.40	1.217
-8.44	1.261
-8.41	1.239
-8.42	1.217
-8.41	1.239
-8.43	1.217
-8.45	1.239
-8.34	1.306
-8.37	1.306
-8.34	1.261
-8.35	1.328
-8.34	1.283
-8.31	1.306
-8.31	1.373
-8.33	1.306
-8.34	1.350
-8.31	1.328
-8.32	1.373
-8.32	1.417
-8.36	1.395
-8.35	1.395
-8.38	1.373
-8.29	1.529
-8.32	1.551
-8.33	1.529
-8.27	1.529
-8.30	1.551
-7.34	2.892
-7.35	2.892
-7.36	2.914
-7.34	2.914
-7.36	2.914
-7.37	2.892
-7.38	2.869
-7.34	2.892
-7.37	2.936
-7.41	2.914
-7.36	1.398
-7.39	1.354
-7.42	1.376
-7.38	1.398
-7.31	1.421
-7.17	2.468
-7.19	2.424
-7.22	2.491
-7.22	2.446
-7.15	2.491
-6.24	4.340
-6.19	4.385
-6.24	4.385
-6.22	4.318
-6.25	4.385
-6.25	3.917
-6.29	3.961
-6.23	3.984
-6.22	3.939
-6.23	3.961
-4.51	6.680
-4.52	6.636
-4.49	6.658
-4.44	6.614
-4.52	6.614
-3.31	8.820
-3.33	8.842
-3.35	8.820
-3.32	8.775
-3.28	8.798
-3.24	8.018
-3.32	8.018
-3.31	8.018
-3.29	7.973
-3.26	7.995
-2.37	11.071
-2.32	11.138
-2.24	11.093
-2.22	11.049
-2.28	11.093
-1.48	13.433
-1.52	13.389
-1.47	13.411
-1.45	13.411
-1.43	13.389
-0.84	15.305
-0.85	15.261
-0.87	15.283
-0.87	15.261
-0.86	15.283
-0.17	17.868
-0.16	17.913
-0.13	17.868
-0.12	17.801
-0.16	17.868
0.60	20.877
0.56	20.855
0.54	20.877
0.60	20.832
0.63	20.810
0.96	22.080
1.00	22.058
0.95	22.036
0.88	22.036
0.92	22.058
0.94	20.832
1.01	20.832
1.00	20.832
1.02	20.832
1.02	20.832
1.53	24.398
1.53	24.421
1.57	24.443
1.54	24.421
1.47	24.443
1.94	26.159
1.92	26.159
1.96	26.159
1.97	26.159
2.02	26.159
2.58	28.856
2.63	28.811
2.60	28.766
2.54	28.811
2.51	28.789
3.15	31.218
3.18	31.151
3.16	31.196
3.12	31.218
3.16	31.151
4.25	35.408
4.27	35.408
4.21	35.475
4.15	35.452
4.20	35.386
4.87	38.015
4.88	37.993
4.87	38.015
4.81	37.971
4.80	37.948
5.37	40.177
5.39	40.177
5.44	40.133
5.42	40.155
5.37	40.110
5.88	42.562
5.96	42.584
5.92	42.540
5.85	42.562
5.86	42.495
5.95	40.890
5.92	40.935
5.90	40.890
5.88	40.935
5.87	40.913
6.50	44.724
6.55	44.724
6.53	44.724
6.49	44.701
6.44	44.724
6.54	42.852
6.53	42.829
6.53	42.807
6.52	42.829
6.51	42.918
6.53	42.673
6.53	42.696
6.53	42.718
6.49	42.740
6.45	42.696
7.26	48.067
7.26	48.044
7.18	48.022
7.18	48.000
7.23	48.022
7.52	49.114
7.53	49.159
7.46	49.114
7.47	49.069
7.53	49.114
7.91	50.830
7.92	50.741
7.87	50.719
7.79	50.808
7.78	50.719
8.52	53.772
8.50	53.750
8.49	53.750
8.52	53.750
8.52	53.683
8.93	55.800
9.00	55.822
9.06	55.822
9.06	55.755
9.01	55.778
9.57	58.341
9.58	58.408
9.50	58.363
9.48	58.318
9.51	58.341
10.10	60.636
10.06	60.636
10.03	60.592
10.10	60.569
10.06	60.503
10.68	62.865
10.65	62.909
10.69	62.843
10.78	62.887
10.73	62.843
11.15	64.336
11.10	64.358
11.03	64.336
11.04	64.314
11.03	64.336
11.71	67.233
11.68	67.233
11.72	67.188
11.68	67.188
11.66	67.166
11.73	64.826
11.78	64.848
11.79	64.848
11.75	64.848
11.66	64.848
11.73	62.907
11.73	62.907
11.73	62.862
11.80	62.885
11.83	62.907
11.68	62.550
11.71	62.506
11.76	62.595
11.82	62.550
11.82	62.573
12.26	68.389
12.28	68.434
12.21	68.367
12.18	68.389
12.24	68.367
12.56	70.239
12.58	70.262
12.56	70.239
12.54	70.239
12.53	70.195
12.61	68.568
12.56	68.590
12.56	68.590
12.58	68.568
12.63	68.568
13.07	72.446
13.02	72.423
13.05	72.423
13.10	72.401
13.09	72.401
13.54	74.496
13.59	74.451
13.62	74.451
13.58	74.474
13.52	74.429
14.05	76.680
14.07	76.635
14.06	76.658
14.06	76.546
14.05	76.613
14.50	77.973
14.47	77.950
14.44	77.928
14.45	77.906
14.52	77.928
14.97	79.978
14.90	79.978
14.91	79.978
14.98	79.934
15.04	79.934
15.55	82.096
15.55	82.073
15.48	82.051
15.47	82.051
15.51	82.051
15.63	79.934
15.54	79.912
15.47	79.912
15.50	79.912
15.59	79.912
15.97	83.232
15.94	83.188
15.97	83.165
16.03	83.099
16.03	83.165
16.52	85.127
16.43	85.149
16.36	85.171
16.43	85.149
16.48	85.104
16.87	86.843
16.97	86.865
17.00	86.865
16.97	86.865
16.92	86.798
17.49	88.537
17.40	88.537
17.35	88.470
17.38	88.470
17.51	88.492
17.50	86.397
17.49	86.442
17.47	86.419
17.50	86.442
17.51	86.419
17.94	89.428
17.93	89.406
17.87	89.406
17.84	89.383
17.87	89.383
18.32	90.966
18.24	90.966
18.31	90.943
18.37	90.877
18.32	90.943
18.76	92.593
18.83	92.548
18.84	92.526
18.73	92.548
18.75	92.526
18.82	89.896
18.82	89.896
18.80	89.896
18.84	89.896
18.81	89.896
19.21	92.726
19.18	92.726
19.19	92.682
19.20	92.704
19.23	92.660
19.68	94.576
19.69	94.554
19.66	94.509
19.62	94.509
19.72	94.487
19.77	91.902
19.74	91.902
19.70	91.902
19.72	91.902
19.71	91.902
19.75	91.857
19.70	91.880
19.66	91.857
19.67	91.857
19.71	91.835
19.80	88.692
19.76	88.737
19.76	88.737
19.82	88.715
19.79	88.715
19.72	88.425
19.71	88.447
19.78	88.447
19.81	88.447
19.75	88.447
19.81	88.313
19.81	88.336
19.74	88.291
19.66	88.336
19.74	88.358
19.83	88.247
19.79	88.180
19.75	88.224
19.80	88.157
19.83	88.180
19.59	83.098
19.47	83.098
19.52	83.143
19.66	83.098
19.59	83.121
19.17	77.326
19.14	77.304
19.15	77.348
19.15	77.304
19.14	77.371
18.87	72.690
18.89	72.713
18.88	72.780
18.84	72.735
18.81	72.802
18.44	66.740
18.42	66.918
18.33	67.007
18.37	67.097
18.43	67.163
18.29	67.409
18.40	67.409
18.46	67.409
18.35	67.409
18.39	67.431
17.76	59.252
17.84	59.274
17.86	59.296
17.80	59.274
17.83	59.252
17.71	60.656
17.80	60.633
17.82	60.700
17.79	60.723
17.76	60.633
17.79	60.767
17.80	60.789
17.79	60.789
17.79	60.812
17.78	60.812
17.47	55.864
17.50	55.842
17.42	55.864
17.42	55.864
17.53	55.909
17.09	51.674
17.00	51.719
17.02	51.697
17.10	51.674
16.99	51.719
16.56	46.125
16.58	46.125
16.64	46.103
16.56	46.103
16.49	46.125
16.49	47.168
16.54	47.191
16.59	47.191
16.49	47.213
16.53	47.168
15.90	38.833
15.86	38.900
15.78	38.922
15.83	38.900
15.94	38.878
15.88	39.457
15.82	39.457
15.88	39.457
15.88	39.457
15.79	39.413
15.77	39.769
15.86	39.814
15.89	39.747
15.78	39.769
15.88	39.769
15.40	34.599
15.28	34.532
15.28	34.577
15.37	34.621
15.34	34.577
15.32	35.334
15.35	35.290
15.34	35.312
15.26	35.267
15.35	35.290
14.70	29.049
14.70	29.072
14.60	29.072
14.67	29.094
14.72	29.094
14.07	23.210
14.08	23.210
14.05	23.210
14.11	23.210
14.05	23.188
13.98	24.236
14.09	24.236
14.06	24.302
14.01	24.280
14.07	24.302
13.22	17.327
13.25	17.394
13.23	17.416
13.26	17.438
13.24	17.371
12.36	11.889
12.30	11.844
12.22	11.866
12.33	11.844
12.36	11.911
12.28	12.647
12.32	12.624
12.30	12.624
12.34	12.602
12.32	12.691
11.59	7.431
11.55	7.454
11.55	7.409
11.54	7.498
11.52	7.476
10.99	4.556
10.98	4.556
10.93	4.623
10.98	4.579
10.99	4.601
10.35	2.239
10.36	2.239
10.32	2.194
10.31	2.261
10.33	2.306
10.35	3.063
10.37	3.041
10.26	3.041
10.31	3.019
10.36	3.086
10.36	3.152
10.38	3.175
10.28	3.108
10.33	3.175
10.37	3.152
10.28	4.022
10.39	4.044
10.34	4.022
10.32	3.999
10.33	4.066
10.26	3.843
10.33	3.866
10.39	3.910
10.33	3.843
10.35	3.843
10.30	3.464
10.25	3.464
10.35	3.398
10.39	3.464
10.31	3.442
10.33	3.242
10.25	3.242
10.33	3.242
10.35	3.264
10.34	3.219
10.33	3.041
10.31	3.041
10.33	3.019
10.29	3.019
10.27	3.041
9.91	1.124
9.99	1.102
9.96	1.080
9.93	1.102
9.97	1.102
9.96	1.280
9.86	1.258
9.84	1.258
9.90	1.258
9.89	1.280
9.89	1.927
9.81	1.971
9.85	1.949
9.91	1.949
9.89	1.904
9.97	2.439
9.90	2.395
9.86	2.439
9.92	2.395
9.89	2.462
9.94	2.528
9.94	2.528
9.86	2.506
9.90	2.551
9.95	2.528
9.95	2.573
9.88	2.551
9.91	2.573
9.93	2.595
9.84	2.573
9.87	2.618
9.92	2.662
9.91	2.618
9.91	2.640
9.89	2.640
9.83	2.640
9.90	2.684
9.97	2.684
9.87	2.662
9.89	2.662
9.93	2.751
9.83	2.729
9.87	2.751
9.96	2.729
9.89	2.729
9.88	2.751
9.97	2.729
9.88	2.751
9.88	2.751
9.96	2.729
9.91	2.751
9.92	2.796
9.84	2.774
9.85	2.774
9.96	2.751
9.90	3.107
9.86	3.084
9.87	3.107
9.89	3.129
9.86	3.107
9.84	2.059
9.74	2.059
9.83	2.082
9.81	2.104
9.81	2.059
9.69	1.881
9.83	1.859
9.74	1.859
9.76	1.881
9.80	1.836
9.73	1.792
9.75	1.814
9.79	1.836
9.66	1.859
9.78	1.814
8.82	0.031
8.83	0.053
8.84	0.076
8.82	0.031
8.81	0.009
5.26	-6.588
5.20	-6.499
5.30	-6.521
5.27	-6.521
5.27	-6.543
5.19	-6.098
5.21	-6.120
5.24	-6.098
5.24	-6.098
5.27	-6.120
3.41	-8.750
3.41	-8.727
3.32	-8.727
3.38	-8.683
3.41	-8.727
1.95	-11.068
2.00	-11.023
1.87	-11.068
1.96	-11.068
2.01	-11.090
1.89	-10.310
1.94	-10.310
1.95	-10.287
1.91	-10.332
1.99	-10.332
0.80	-13.363
0.75	-13.341
0.80	-13.341
0.85	-13.318
0.78	-13.341
-0.16	-15.904
-0.21	-15.926
-0.19	-15.926
-0.12	-15.904
-0.18	-15.859
-1.05	-18.444
-1.02	-18.422
-1.01	-18.400
-1.03	-18.378
-1.04	-18.400
-1.56	-19.982
-1.57	-19.960
-1.53	-19.960
-1.60	-19.982
-1.59	-20.004
-2.18	-22.345
-2.18	-22.322
-2.13	-22.345
-2.16	-22.300
-2.17	-22.367
-2.20	-21.453
-2.13	-21.431
-2.24	-21.453
-2.20	-21.453
-2.12	-21.408
-2.17	-21.119
-2.19	-21.119
-2.19	-21.096
-2.22	-21.096
-2.25	-21.119
-2.75	-24.551
-2.84	-24.529
-2.73	-24.551
-2.76	-24.529
-2.76	-24.529
-3.43	-27.248
-3.35	-27.248
-3.44	-27.203
-3.40	-27.203
-3.45	-27.181
-3.85	-29.320
-3.87	-29.298
-3.94	-29.298
-3.91	-29.320
-3.97	-29.276
-4.40	-31.437
-4.34	-31.437
-4.37	-31.415
-4.36	-31.393
-4.39	-31.415
-4.96	-33.956
-4.97	-33.911
-5.03	-33.911
-4.96	-33.956
-4.94	-33.934
-5.29	-35.494
-5.29	-35.404
-5.32	-35.449
-5.32	-35.427
-5.36	-35.449
-5.79	-37.878
-5.86	-37.901
-5.86	-37.834
-5.87	-37.856
-5.87	-37.834
-6.41	-40.508
-6.32	-40.508
-6.34	-40.464
-6.39	-40.486
-6.35	-40.441
-6.88	-43.049
-6.94	-43.071
-6.94	-43.049
-6.89	-43.071
-6.93	-43.026
-7.34	-44.653
-7.33	-44.698
-7.24	-44.653
-7.28	-44.653
-7.24	-44.609
-7.28	-43.383
-7.36	-43.361
-7.33	-43.338
-7.30	-43.294
-7.33	-43.338
-7.34	-42.469
-7.38	-42.424
-7.42	-42.424
-7.31	-42.424
-7.35	-42.447
-8.05	-47.996
-7.96	-47.996
-8.01	-47.974
-7.98	-47.907
-8.02	-47.952
-8.20	-48.843
-8.23	-48.843
-8.22	-48.843
-8.22	-48.843
-8.28	-48.821
-8.61	-50.849
-8.64	-50.916
-8.62	-50.871
-8.61	-50.871
-8.68	-50.871
-9.15	-53.857
-9.13	-53.813
-9.19	-53.813
-9.19	-53.791
-9.14	-53.813
-9.76	-56.331
-9.72	-56.309
-9.78	-56.309
-9.75	-56.287
-9.81	-56.287
-10.55	-59.474
-10.56	-59.474
-10.55	-59.429
-10.58	-59.429
-10.54	-59.429
-11.07	-62.416
-11.08	-62.438
-11.08	-62.393
-11.05	-62.371
-10.99	-62.393
-11.60	-64.800
-11.65	-64.778
-11.55	-64.756
-11.62	-64.778
-11.62	-64.733
-11.61	-62.950
-11.66	-62.973
-11.63	-62.995
-11.68	-62.973
-11.67	-62.973
-11.87	-65.090
-11.82	-65.045
-11.84	-65.023
-11.84	-65.090
-11.86	-65.023
-12.10	-66.494
-12.13	-66.472
-12.13	-66.427
-12.21	-66.449
-12.15	-66.472
-12.21	-64.778
-12.20	-64.778
-12.12	-64.778
-12.16	-64.800
-12.16	-64.778
-12.80	-69.458
-12.71	-69.458
-12.76	-69.480
-12.73	-69.436
-12.78	-69.436
-13.19	-70.706
-13.17	-70.728
-13.10	-70.728
-13.17	-70.706
-13.18	-70.706
-13.64	-72.913
-13.66	-72.935
-13.61	-72.913
-13.66	-72.890
-13.65	-72.913
-13.69	-71.397
-13.64	-71.442
-13.73	-71.419
-13.64	-71.397
-13.64	-71.419
-14.24	-75.498
-14.29	-75.475
-14.24	-75.475
-14.22	-75.453
-14.24	-75.453
-14.84	-77.972
-14.81	-77.972
-14.81	-77.927
-14.81	-77.927
-14.83	-77.905
-15.35	-80.289
-15.38	-80.289
-15.38	-80.289
-15.38	-80.245
-15.41	-80.223
-15.39	-78.350
-15.43	-78.350
-15.42	-78.306
-15.44	-78.328
-15.39	-78.306
-16.02	-82.072
-15.93	-82.072
-15.92	-82.050
-15.97	-82.028
-15.98	-82.005
-16.00	-80.780
-15.99	-80.802
-16.06	-80.780
-16.00	-80.802
-15.97	-80.780
-16.63	-84.056
-16.65	-84.056
-16.69	-84.034
-16.66	-84.011
-16.71	-84.034
-16.70	-82.340
-16.69	-82.340
-16.67	-82.362
-16.77	-82.295
-16.67	-82.295
-17.27	-86.128
-17.30	-86.128
-17.24	-86.128
-17.23	-86.106
-17.29	-86.084
-17.77	-87.778
-17.80	-87.755
-17.80	-87.778
-17.75	-87.755
-17.81	-87.755
-17.81	-86.307
-17.80	-86.374
-17.83	-86.351
-17.77	-86.284
-17.83	-86.329
-17.83	-85.527
-17.75	-85.549
-17.82	-85.549
-17.81	-85.527
-17.86	-85.549
-18.26	-89.917
-18.30	-89.895
-18.28	-89.873
-18.20	-89.895
-18.27	-89.917
-18.30	-87.778
-18.28	-87.778
-18.33	-87.733
-18.29	-87.800
-18.34	-87.778
-18.90	-91.165
-18.88	-91.143
-18.94	-91.143
-18.86	-91.121
-18.87	-91.121
-19.29	-92.346
-19.29	-92.302
-19.29	-92.346
-19.27	-92.280
-19.22	-92.280
-19.32	-90.519
-19.30	-90.474
-19.30	-90.541
-19.33	-90.497
-19.29	-90.541
-19.74	-92.970
-19.72	-92.948
-19.69	-92.948
-19.73	-92.970
-19.73	-92.948
-19.76	-92.658
-19.77	-92.636
-19.78	-92.681
-19.78	-92.636
-19.69	-92.681
-20.08	-94.664
-20.07	-94.664
-20.10	-94.709
-20.04	-94.686
-20.12	-94.686
-20.43	-95.244
-20.42	-95.266
-20.43	-95.266
-20.40	-95.266
-20.42	-95.266
-20.42	-93.505
-20.46	-93.550
-20.47	-93.572
-20.45	-93.550
-20.45	-93.572
-20.80	-96.247
-20.70	-96.247
-20.73	-96.247
-20.79	-96.224
-20.72	-96.224
-20.91	-96.336
-20.88	-96.358
-20.86	-96.403
-20.89	-96.380
-20.88	-96.358
-21.18	-97.918
-21.19	-97.918
-21.14	-97.896
-21.21	-97.896
-21.17	-97.851
-21.17	-95.935
-21.23	-95.912
-21.26	-95.890
-21.20	-95.912
-21.19	-95.912
-21.40	-97.873
-21.43	-97.873
-21.40	-97.829
-21.43	-97.873
-21.46	-97.807
-21.73	-98.876
-21.72	-98.854
-21.69	-98.854
-21.71	-98.854
-21.73	-98.832
-21.74	-96.425
-21.79	-96.447
-21.75	-96.447
-21.78	-96.469
-21.79	-96.447
-21.89	-93.993
-21.82	-93.948
-21.80	-93.948
-21.83	-93.971
-21.80	-93.971
-21.49	-89.669
-21.54	-89.446
-21.58	-89.380
-21.58	-89.402
-21.63	-89.402
-21.53	-88.599
-21.60	-88.599
-21.55	-88.577
-21.54	-88.466
-21.60	-88.488
-21.61	-89.714
-21.55	-89.736
-21.54	-89.758
-21.60	-89.758
-21.54	-89.758
-21.43	-85.435
-21.46	-85.390
-21.42	-85.390
-21.37	-85.390
-21.46	-85.390
-21.43	-86.170
-21.48	-86.126
-21.38	-86.148
-21.42	-86.148
-21.45	-86.193
-21.47	-86.616
-21.37	-86.616
-21.41	-86.594
-21.43	-86.638
-21.42	-86.638
-21.02	-79.885
-21.04	-79.975
-21.07	-80.041
-20.99	-80.064
-21.00	-80.108
-20.61	-74.225
-20.56	-74.291
-20.64	-74.336
-20.56	-74.403
-20.56	-74.447
-20.16	-69.455
-20.19	-69.411
-20.17	-69.388
-20.19	-69.388
-20.18	-69.344
-19.50	-64.419
-19.52	-64.463
-19.57	-64.597
-19.54	-64.664
-19.61	-64.731
-19.24	-59.538
-19.23	-59.560
-19.29	-59.582
-19.24	-59.560
-19.31	-59.538
-19.27	-61.053
-19.24	-61.053
-19.25	-61.098
-19.26	-61.076
-19.18	-61.098
-19.22	-61.098
-19.27	-61.098
-19.28	-61.076
-19.19	-61.076
-19.22	-61.098
-18.82	-55.972
-18.84	-55.927
-18.92	-55.883
-18.82	-55.905
-18.84	-55.883
-18.45	-51.983
-18.45	-51.983
-18.50	-52.027
-18.49	-52.005
-18.53	-52.005
-17.90	-47.815
-17.98	-47.815
-17.88	-47.837
-17.89	-47.882
-17.97	-47.860
-17.49	-42.801
-17.54	-42.801
-17.47	-42.801
-17.48	-42.823
-17.57	-42.845
-17.46	-44.563
-17.51	-44.629
-17.46	-44.585
-17.52	-44.607
-17.46	-44.607
-17.10	-39.704
-17.10	-39.749
-17.14	-39.749
-17.10	-39.793
-17.08	-39.749
-16.45	-33.575
-16.42	-33.553
-16.49	-33.575
-16.42	-33.575
-16.44	-33.575
-16.47	-34.400
-16.39	-34.355
-16.44	-34.400
-16.38	-34.378
-16.42	-34.378
-15.77	-28.449
-15.78	-28.449
-15.79	-28.427
-15.80	-28.449
-15.74	-28.449
-15.16	-23.814
-15.17	-23.836
-15.19	-23.814
-15.09	-23.836
-15.18	-23.814
-15.10	-24.482
-15.16	-24.438
-15.11	-24.460
-15.20	-24.482
-15.13	-24.482
-15.14	-25.218
-15.11	-25.240
-15.16	-25.173
-15.09	-25.196
-15.12	-25.218
-14.74	-21.028
-14.66	-21.028
-14.74	-21.006
-14.70	-21.050
-14.74	-21.050
-14.14	-17.284
-14.19	-17.284
-14.21	-17.306
-14.21	-17.239
-14.15	-17.284
-13.29	-12.024
-13.32	-12.069
-13.25	-12.046
-13.30	-12.069
-13.27	-12.091
-12.16	-6.987
-12.20	-6.943
-12.14	-7.032
-12.15	-6.987
-12.16	-7.010
-12.13	-7.790
-12.17	-7.767
-12.10	-7.767
-12.18	-7.745
-12.15	-7.745
-11.91	-6.319
-11.93	-6.363
-11.90	-6.319
-11.94	-6.319
-11.92	-6.341
-8.86	0.100
-8.87	0.077
-8.89	0.055
-8.86	0.100
-8.87	0.077
-7.57	2.819
-7.58	2.863
-7.54	2.886
-7.58	2.886
-7.57	2.841
-7.53	2.129
-7.53	2.107
-7.59	2.129
-7.55	2.085
-7.53	2.152
-7.58	1.973
-7.49	1.951
-7.54	2.040
-7.53	2.018
-7.59	2.040
-7.36	2.731
-7.28	2.798
-7.27	2.687
-7.29	2.776
-7.34	2.798
-7.33	2.932
-7.23	2.910
-7.30	2.954
-7.30	2.976
-7.32	3.021
-7.25	2.843
-7.29	2.820
-7.25	2.843
-7.35	2.843
-7.25	2.887
-7.27	2.976
-7.30	2.976
-7.24	2.976
-7.25	2.999
-7.27	2.954
-7.22	3.110
-7.23	3.177
-7.21	3.110
-7.18	3.155
-7.23	3.110
-7.15	3.155
-7.15	3.155
-7.14	3.199
-7.19	3.177
-7.19	3.222
-7.22	2.241
-7.19	2.263
-7.24	2.263
-7.16	2.285
-7.18	2.285
-7.19	2.196
-7.18	2.241
-7.21	2.196
-7.28	2.174
-7.15	2.152
-7.24	2.397
-7.19	2.330
-7.23	2.308
-7.24	2.352
-7.22	2.330
-7.21	2.575
-7.21	2.598
-7.24	2.553
-7.18	2.553
-7.22	2.598
-7.20	2.642
-7.21	2.642
-7.21	2.598
-7.21	2.642
-7.15	2.620
-7.16	2.754
-7.18	2.776
-7.22	2.731
-7.14	2.709
-7.22	2.709
-7.11	2.932
-7.18	2.932
-7.12	2.999
-7.21	2.910
-7.13	2.976
-6.67	3.067
-6.69	3.089
-6.65	3.134
-6.74	3.112
-6.65	3.134
-6.81	2.198
-6.71	2.176
-6.76	2.220
-6.75	2.176
-6.75	2.220
-6.78	2.131
-6.75	2.176
-6.71	2.176
-6.76	2.198
-6.76	2.198
-6.72	2.109
-6.72	2.131
-6.76	2.109
-6.77	2.153
-6.81	2.131
-6.71	2.443
-6.79	2.510
-6.75	2.465
-6.73	2.488
-6.79	2.465
-6.68	2.399
-6.71	2.443
-6.74	2.376
-6.69	2.399
-6.79	2.354
-6.88	1.619
-6.89	1.596
-6.84	1.596
-6.92	1.596
-6.91	1.596
-7.36	0.772
-7.39	0.772
-7.34	0.749
-7.38	0.705
-7.42	0.772
-6.88	2.376
-6.91	2.399
-6.90	2.376
-6.86	2.376
-6.90	2.399
-6.64	3.045
-6.62	3.045
-6.63	3.067
-6.68	3.045
-6.65	3.023
-6.66	1.841
-6.70	1.864
-6.64	1.864
-6.59	1.864
-6.69	1.819
-6.68	1.953
-6.62	1.886
-6.72	1.886
-6.70	1.908
-6.61	1.931
-6.67	2.465
-6.56	2.399
-6.65	2.421
-6.62	2.421
-6.64	2.443
-6.44	3.245
-6.46	3.201
-6.44	3.223
-6.42	3.268
-6.42	3.245
-6.25	3.870
-6.19	3.847
-6.23	3.825
-6.24	3.825
-6.16	3.847
-5.94	4.248
-5.93	4.226
-5.99	4.293
-5.97	4.204
-6.02	4.226
-5.55	4.939
-5.44	4.939
-5.50	4.939
-5.51	4.984
-5.51	4.962
-5.46	4.650
-5.47	4.627
-5.57	4.672
-5.46	4.650
-5.49	4.672
-4.97	5.563
-4.96	5.563
-5.00	5.563
-5.03	5.541
-4.96	5.519
-4.48	6.321
-4.51	6.276
-4.56	6.299
-4.46	6.299
-4.52	6.276
-4.51	6.098
-4.50	6.054
-4.50	6.054
-4.44	6.120
-4.53	6.098
-4.53	6.031
-4.48	6.054
-4.57	5.987
-4.45	6.031
-4.46	6.054
-4.05	7.012
-4.04	7.034
-4.06	7.034
-4.05	6.990
-4.03	7.012
-4.01	6.722
-4.07	6.700
-4.04	6.722
-4.07	6.722
-4.01	6.700
-3.64	7.703
-3.66	7.747
-3.62	7.658
-3.61	7.681
-3.71	7.703
-3.59	7.324
-3.62	7.346
-3.62	7.279
-3.66	7.279
-3.60	7.324
-2.99	8.795
-3.00	8.839
-3.06	8.750
-3.01	8.817
-3.00	8.817
-2.97	8.572
-2.97	8.639
-3.00	8.594
-3.01	8.661
-2.94	8.617
-2.40	10.243
-2.34	10.243
-2.36	10.221
-2.36	10.177
-2.37	10.243
-2.31	10.377
-2.31	10.377
-2.38	10.399
-2.23	10.422
-2.32	10.377
-1.89	11.336
-1.88	11.358
-1.92	11.291
-1.90	11.313
-1.86	11.291
-1.31	13.141
-1.22	13.141
-1.23	13.163
-1.23	13.141
-1.25	13.185
-0.47	15.414
-0.45	15.436
-0.55	15.414
-0.45	15.481
-0.49	15.436
0.07	17.353
0.01	17.286
0.04	17.331
0.09	17.286
0.01	17.331
0.52	18.868
0.45	18.868
0.48	18.868
0.41	18.846
0.46	18.868
0.91	20.562
0.94	20.518
0.91	20.495
0.94	20.562
0.91	20.562
1.31	22.100
1.38	22.122
1.36	22.145
1.35	22.100
1.38	22.145
1.45	21.832
1.43	21.832
1.48	21.832
1.37	21.899
1.38	21.877
1.96	24.395
1.96	24.373
1.94	24.351
1.99	24.373
1.90	24.395
2.61	27.137
2.63	27.070
2.60	27.048
2.57	27.025
2.66	27.003
3.05	28.920
3.05	28.920
3.01	28.920
3.11	28.942
3.06	28.875
3.62	31.015
3.58	31.104
3.60	31.015
3.60	31.081
3.59	31.015
4.16	33.355
4.12	33.399
4.18	33.332
4.19	33.377
4.13	33.310
4.74	35.427
4.72	35.450
4.72	35.450
4.68	35.405
4.68	35.405
5.26	37.857
5.27	37.812
5.26	37.834
5.31	37.834
5.24	37.857
5.85	39.996
5.79	39.996
5.83	40.041
5.79	40.018
5.74	39.996
6.40	42.225
6.35	42.247
6.37	42.247
6.38	42.269
6.30	42.247
6.37	41.578
6.40	41.623
6.38	41.645
6.31	41.601
6.41	41.623
6.89	44.387
6.90	44.431
6.90	44.342
6.81	44.387
6.93	44.364
6.95	42.087
6.87	41.998
6.98	42.020
6.92	42.020
6.93	42.020
7.13	44.449
7.13	44.449
7.04	44.449
7.16	44.427
7.10	44.405
7.47	46.789
7.43	46.789
7.42	46.789
7.48	46.745
7.47	46.722
7.85	48.862
7.90	48.929
7.92	48.884
7.90	48.884
7.90	48.907
8.46	51.157
8.39	51.091
8.44	51.157
8.33	51.113
8.47	51.180
8.96	53.275
8.89	53.342
8.96	53.342
8.88	53.319
8.92	53.319
9.47	55.637
9.48	55.592
9.45	55.637
9.45	55.570
9.38	55.615
9.94	57.843
9.98	57.843
10.00	57.888
9.96	57.799
10.01	57.821
10.02	56.885
9.96	56.885
10.03	56.885
9.99	56.863
10.01	56.885
10.53	59.894
10.50	59.894
10.42	59.894
10.53	59.894
10.44	59.894
10.97	62.189
11.13	62.167
11.04	62.189
11.05	62.167
11.07	62.167
11.57	64.396
11.48	64.373
11.62	64.373
11.58	64.418
11.54	64.373
12.08	66.491
12.14	66.513
12.11	66.535
12.11	66.468
12.10	66.446
12.11	64.685
12.21	64.730
12.14	64.663
12.13	64.730
12.16	64.685
12.09	64.685
12.10	64.641
12.18	64.574
12.13	64.596
12.13	64.619
12.09	64.373
12.15	64.373
12.16	64.351
12.17	64.351
12.18	64.373
12.68	68.853
12.66	68.831
12.68	68.875
12.67	68.831
12.58	68.808
12.64	68.028
12.70	68.051
12.67	68.028
12.64	68.073
12.67	68.028
13.08	71.015
13.14	71.037
13.21	70.993
13.14	70.993
13.21	70.993
13.75	73.199
13.66	73.243
13.73	73.221
13.77	73.221
13.73	73.288
14.31	75.361
14.29	75.361
14.29	75.361
14.33	75.316
14.20	75.361
14.70	76.988
14.69	76.943
14.60	76.965
14.69	76.921
14.64	76.965
14.67	75.450
14.68	75.472
14.71	75.472
14.60	75.428
14.71	75.450
14.97	77.835
15.05	77.835
14.99	77.835
14.98	77.857
15.05	77.857
15.54	80.085
15.50	80.063
15.52	80.108
15.54	80.108
15.49	80.041
16.01	82.247
16.09	82.247
16.13	82.203
16.06	82.225
16.07	82.247
16.67	84.409
16.68	84.409
16.75	84.431
16.77	84.387
16.70	84.431
17.40	86.615
17.36	86.593
17.29	86.638
17.32	86.615
17.37	86.615
17.41	85.902
17.33	85.947
17.37	85.925
17.38	85.969
17.35	85.947
17.44	84.587
17.41	84.610
17.39	84.565
17.36	84.543
17.46	84.543
17.96	87.930
17.97	87.908
17.93	87.908
17.98	87.886
17.89	87.886
18.19	89.067
18.21	89.067
18.10	89.089
18.21	89.045
18.24	89.022
18.15	88.153
18.28	88.131
18.19	88.153
18.23	88.109
18.26	88.131
18.64	90.315
18.58	90.204
18.55	90.226
18.70	90.226
18.60	90.248
19.16	91.541
19.07	91.541
19.08	91.518
19.12	91.541
19.12	91.496
19.46	92.588
19.39	92.611
19.46	92.611
19.51	92.588
19.41	92.588
19.61	92.566
19.58	92.499
19.53	92.544
19.61	92.477
19.56	92.477
19.61	92.165
19.58	92.142
19.56	92.187
19.58	92.165
19.61	92.165
19.55	91.942
19.68	92.031
19.57	92.031
19.58	92.009
19.58	91.986
19.59	91.452
19.58	91.429
19.64	91.429
19.57	91.385
19.68	91.407
19.63	91.095
19.63	91.073
19.54	91.050
19.67	91.117
19.59	91.095
19.65	90.070
19.64	90.114
19.66	90.137
19.51	90.092
19.68	90.070
19.68	88.577
19.63	88.644
19.66	88.577
19.72	88.599
19.56	88.554
19.68	87.198
19.68	87.243
19.67	87.176
19.70	87.243
19.68	87.198
19.67	87.132
19.67	87.109
19.72	87.154
19.58	87.154
19.72	87.154
19.55	84.457
19.57	84.435
19.67	84.480
19.55	84.480
19.66	84.480
19.64	84.480
19.62	84.502
19.64	84.502
19.61	84.480
19.53	84.502
19.36	80.535
19.36	80.535
19.40	80.490
19.40	80.535
19.36	80.513
19.05	75.832
19.12	75.832
19.00	75.765
19.12	75.810
19.10	75.810
18.80	71.375
18.79	71.397
18.71	71.375
18.89	71.375
18.73	71.397
18.51	66.673
18.42	66.695
18.42	66.650
18.44	66.784
18.37	66.717
18.43	67.185
18.40	67.207
18.43	67.163
18.46	67.163
18.41	67.141
18.45	67.854
18.31	67.809
18.44	67.854
18.38	67.765
18.47	67.809
18.06	62.349
18.02	62.349
18.00	62.371
18.06	62.349
18.01	62.349
17.99	62.616
18.04	62.683
18.03	62.639
18.01	62.661
18.10	62.572
17.72	58.003
17.68	58.048
17.72	58.070
17.67	58.003
17.61	58.048
17.31	53.523
17.25	53.523
17.25	53.523
17.33	53.501
17.30	53.501
16.92	48.866
16.83	48.866
16.89	48.910
16.90	48.866
16.76	48.866
16.86	49.445
16.88	49.467
16.88	49.445
16.80	49.423
16.89	49.445
16.51	44.631
16.41	44.698
16.41	44.631
16.48	44.676
16.45	44.631
16.47	45.496
16.45	45.474
16.39	45.429
16.41	45.451
16.48	45.496
16.46	45.830
16.44	45.808
16.39	45.830
16.43	45.808
16.42	45.830
15.95	40.102
16.01	40.147
15.95	40.147
15.99	40.169
15.97	40.125
15.52	35.734
15.54	35.734
15.53	35.757
15.54	35.734
15.52	35.757
15.22	33.194
15.24	33.149
15.29	33.171
15.21	33.127
15.27	33.149
15.25	34.041
15.26	33.996
15.22	34.018
15.22	33.996
15.19	34.018
14.82	29.026
14.73	29.071
14.82	29.048
14.74	29.071
14.72	29.026
14.14	24.613
14.26	24.658
14.18	24.613
14.29	24.658
14.15	24.658
13.91	22.340
13.97	22.385
13.89	22.362
13.96	22.362
13.86	22.362
13.93	23.076
13.97	23.053
13.88	23.076
13.87	23.076
13.93	23.076
13.42	18.150
13.35	18.128
13.30	18.128
13.39	18.172
13.36	18.083
12.79	14.139
12.72	14.116
12.77	14.116
12.75	14.072
12.69	14.139
11.94	9.503
11.94	9.548
12.04	9.548
11.93	9.548
11.97	9.525
11.84	9.035
11.85	9.102
11.84	9.013
11.76	9.013
11.89	9.035
11.82	9.704
11.74	9.704
11.87	9.681
11.77	9.681
11.86	9.726
11.18	5.737
11.19	5.781
11.15	5.737
11.22	5.737
11.07	5.737
10.74	4.087
10.80	4.132
10.67	4.087
10.85	4.087
10.75	4.110
10.49	3.552
10.42	3.597
10.45	3.530
10.39	3.575
10.47	3.575
10.42	3.597
10.49	3.575
10.44	3.575
10.45	3.597
10.39	3.575
10.42	3.844
10.45	3.844
10.38	3.844
10.48	3.822
10.41	3.822
10.39	3.911
10.47	3.911
10.36	3.889
10.47	3.911
10.42	3.911
9.86	1.326
9.93	1.348
9.83	1.304
9.92	1.304
9.86	1.304
9.54	0.234
9.57	0.212
9.59	0.256
9.56	0.212
9.59	0.212
9.56	0.524
9.55	0.524
9.54	0.546
9.62	0.524
9.52	0.524
9.57	0.769
9.54	0.813
9.61	0.747
9.48	0.791
9.55	0.769
4.87	-6.519
4.91	-6.519
4.93	-6.474
4.93	-6.474
4.92	-6.474
4.89	-5.917
4.95	-5.939
4.88	-5.917
4.91	-5.917
4.85	-5.939
4.89	-5.672
4.97	-5.717
4.87	-5.694
4.94	-5.694
4.81	-5.650
3.28	-8.480
3.24	-8.480
3.30	-8.458
3.21	-8.480
3.34	-8.435
2.30	-9.862
2.37	-9.862
2.29	-9.840
2.33	-9.884
2.36	-9.840
2.34	-8.970
2.26	-9.015
2.33	-8.993
2.34	-9.037
2.32	-8.970
2.31	-9.082
2.29	-9.037
2.26	-9.082
2.34	-9.082
2.29	-9.037
1.61	-10.998
1.61	-11.021
1.59	-11.021
1.60	-10.998
1.66	-11.021
0.68	-13.160
0.63	-13.183
0.67	-13.183
0.58	-13.183
0.65	-13.183
-0.31	-15.456
-0.30	-15.456
-0.26	-15.433
-0.27	-15.411
-0.28	-15.433
-1.09	-17.662
-1.05	-17.684
-1.02	-17.640
-1.02	-17.662
-1.05	-17.684
-1.06	-16.994
-1.07	-16.949
-1.04	-16.949
-1.07	-16.949
-1.05	-16.971
-1.79	-19.779
-1.78	-19.779
-1.77	-19.757
-1.82	-19.802
-1.79	-19.757
-2.32	-22.053
-2.42	-22.053
-2.32	-22.053
-2.37	-22.053
-2.37	-22.053
-2.35	-21.362
-2.43	-21.362
-2.37	-21.339
-2.36	-21.339
-2.38	-21.362
-2.96	-24.393
-2.96	-24.370
-3.02	-24.348
-2.92	-24.415
-2.97	-24.348
-3.57	-26.465
-3.48	-26.465
-3.53	-26.465
-3.49	-26.465
-3.58	-26.465
-4.03	-28.783
-4.06	-28.761
-4.02	-28.805
-4.14	-28.739
-4.04	-28.761
-4.53	-30.900
-4.58	-30.945
-4.55	-30.900
-4.64	-30.900
-4.55	-30.900
-5.09	-33.196
-5.13	-33.240
-5.05	-33.174
-5.09	-33.218
-5.11	-33.196
-5.56	-35.447
-5.65	-35.447
-5.56	-35.447
-5.65	-35.425
-5.55	-35.447
-6.04	-37.586
-6.15	-37.586
-6.04	-37.564
-6.08	-37.586
-6.07	-37.586
-6.60	-39.860
-6.53	-39.860
-6.55	-39.882
-6.53	-39.837
-6.55	-39.860
-7.03	-42.066
-7.00	-42.066
-7.07	-42.044
-7.00	-42.066
-7.02	-42.088
-7.48	-43.983
-7.44	-44.005
-7.52	-43.983
-7.42	-43.983
-7.46	-43.960
-7.50	-42.248
-7.53	-42.181
-7.53	-42.226
-7.49	-42.159
-7.55	-42.203
-8.03	-46.661
-8.00	-46.594
-8.05	-46.616
-7.97	-46.571
-8.00	-46.594
-8.43	-48.800
-8.45	-48.800
-8.43	-48.756
-8.47	-48.733
-8.45	-48.733
-8.47	-48.042
-8.43	-47.975
-8.49	-47.998
-8.42	-47.998
-8.49	-47.975
-8.93	-50.940
-8.85	-51.006
-8.96	-50.940
-8.91	-50.984
-8.98	-50.962
-9.41	-53.168
-9.40	-53.191
-9.41	-53.168
-9.40	-53.191
-9.37	-53.168
-9.87	-55.464
-9.92	-55.419
-9.88	-55.441
-9.94	-55.397
-9.90	-55.419
-10.41	-57.737
-10.36	-57.737
-10.37	-57.737
-10.40	-57.670
-10.37	-57.715
-10.90	-60.033
-10.85	-59.943
-10.88	-60.010
-10.88	-59.988
-10.91	-59.966
-11.35	-62.150
-11.34	-62.083
-11.43	-62.105
-11.34	-62.105
-11.38	-62.127
-11.39	-60.991
-11.45	-60.969
-11.34	-60.991
-11.41	-60.969
-11.40	-60.991
-11.98	-64.356
-11.88	-64.356
-11.93	-64.356
-11.92	-64.334
-11.99	-64.356
-12.39	-66.362
-12.36	-66.362
-12.39	-66.362
-12.38	-66.317
-12.40	-66.317
-12.37	-65.069
-12.40	-65.114
-12.40	-65.114
-12.44	-65.114
-12.40	-65.114
-12.91	-68.769
-12.99	-68.813
-12.90	-68.791
-12.96	-68.769
-12.90	-68.769
-13.40	-70.975
-13.48	-70.975
-13.41	-70.953
-13.50	-71.042
-13.39	-70.931
-13.99	-73.360
-14.03	-73.315
-13.92	-73.293
-14.01	-73.338
-13.99	-73.293
-14.00	-72.023
-14.00	-72.023
-14.02	-72.000
-14.06	-72.023
-13.98	-72.045
-14.54	-75.388
-14.62	-75.410
-14.56	-75.366
-14.60	-75.366
-14.54	-75.343
-15.14	-77.661
-15.09	-77.706
-15.13	-77.684
-15.15	-77.706
-15.10	-77.661
-15.66	-79.778
-15.63	-79.778
-15.61	-79.756
-15.71	-79.778
-15.63	-79.734
-15.69	-78.040
-15.66	-78.062
-15.71	-78.018
-15.69	-78.062
-15.72	-78.040
-16.26	-82.141
-16.38	-82.119
-16.35	-82.096
-16.36	-82.119
-16.34	-82.096
-16.92	-84.213
-16.90	-84.213
-16.90	-84.236
-16.87	-84.236
-16.95	-84.213
-17.02	-84.570
-16.99	-84.525
-17.03	-84.548
-16.95	-84.548
-17.01	-84.525
-17.03	-83.188
-16.99	-83.233
-17.03	-83.233
-17.05	-83.233
-17.05	-83.211
-17.20	-84.459
-17.22	-84.481
-17.16	-84.459
-17.24	-84.436
-17.14	-84.436
-17.61	-86.643
-17.69	-86.687
-17.60	-86.643
-17.63	-86.643
-17.64	-86.643
-18.22	-88.827
-18.26	-88.827
-18.19	-88.760
-18.21	-88.805
-18.22	-88.760
-18.20	-86.955
-18.27	-86.999
-18.28	-87.044
-18.26	-86.955
-18.23	-86.955
-18.27	-86.242
-18.25	-86.242
-18.30	-86.242
-18.33	-86.219
-18.28	-86.219
-18.64	-89.696
-18.71	-89.674
-18.65	-89.674
-18.69	-89.651
-18.65	-89.629
-19.19	-91.657
-19.21	-91.635
-19.17	-91.613
-19.14	-91.635
-19.20	-91.635
-19.22	-89.897
-19.22	-89.897
-19.26	-89.919
-19.19	-89.897
-19.23	-89.897
-19.70	-92.571
-19.65	-92.571
-19.69	-92.526
-19.66	-92.526
-19.73	-92.526
-20.16	-94.086
-20.18	-94.109
-20.08	-94.042
-20.14	-94.064
-20.11	-94.109
-20.65	-95.446
-20.57	-95.446
-20.65	-95.424
-20.63	-95.424
-20.65	-95.468
-20.63	-93.797
-20.68	-93.819
-20.65	-93.841
-20.72	-93.819
-20.64	-93.819
-21.17	-96.471
-21.07	-96.449
-21.09	-96.404
-21.14	-96.404
-21.14	-96.404
-21.59	-97.563
-21.61	-97.541
-21.62	-97.541
-21.60	-97.519
-21.64	-97.541
-21.65	-96.404
-21.66	-96.404
-21.63	-96.360
-21.57	-96.382
-21.62	-96.337
-21.59	-96.092
-21.62	-96.070
-21.67	-96.070
-21.61	-96.092
-21.61	-96.070
-21.71	-93.100
-21.72	-93.055
-21.65	-93.055
-21.70	-93.078
-21.67	-93.078
-21.65	-88.710
-21.56	-88.754
-21.57	-88.732
-21.60	-88.732
-21.60	-88.732
-21.40	-85.233
-21.32	-85.233
-21.37	-85.233
-21.36	-85.211
-21.39	-85.233
-21.39	-85.790
-21.32	-85.812
-21.36	-85.812
-21.36	-85.812
-21.36	-85.812
-21.09	-82.224
-21.15	-82.291
-21.10	-82.269
-21.18	-82.336
-21.08	-82.269
-20.79	-77.745
-20.85	-77.767
-20.80	-77.745
-20.83	-77.789
-20.78	-77.767
-20.46	-73.399
-20.51	-73.376
-20.40	-73.399
-20.49	-73.376
-20.45	-73.399
-20.10	-69.409
-20.15	-69.387
-20.07	-69.365
-20.11	-69.409
-20.10	-69.387
-20.10	-70.546
-20.08	-70.568
-20.13	-70.524
-20.03	-70.546
-20.11	-70.546
-19.81	-66.601
-19.79	-66.668
-19.82	-66.646
-19.78	-66.690
-19.82	-66.668
-19.78	-66.913
-19.84	-66.913
-19.82	-66.936
-19.77	-66.913
-19.83	-66.891
-19.48	-62.456
-19.44	-62.456
-19.46	-62.456
-19.48	-62.478
-19.41	-62.456
-18.99	-57.932
-19.04	-57.954
-19.00	-57.932
-19.07	-57.954
-18.99	-57.954
-18.58	-53.541
-18.59	-53.541
-18.61	-53.497
-18.54	-53.519
-18.61	-53.541
-18.16	-48.883
-18.09	-48.906
-18.15	-48.950
-18.09	-48.928
-18.13	-48.906
-17.61	-44.381
-17.64	-44.381
-17.64	-44.404
-17.67	-44.448
-17.60	-44.404
-17.61	-44.961
-17.68	-44.939
-17.58	-44.939
-17.66	-44.916
-17.61	-44.939
-17.54	-45.453
-17.66	-45.497
-17.64	-45.453
-17.64	-45.497
-17.61	-45.475
-17.51	-43.135
-17.39	-43.157
-17.45	-43.135
-17.46	-43.202
-17.49	-43.157
-17.45	-43.982
-17.44	-43.915
-17.46	-43.937
-17.39	-43.937
-17.45	-43.960
-17.08	-39.993
-17.11	-39.970
-17.09	-39.970
-17.12	-39.970
-17.12	-39.993
-16.59	-35.580
-16.64	-35.558
-16.57	-35.558
-16.56	-35.558
-16.57	-35.558
-16.08	-31.190
-16.06	-31.167
-16.05	-31.167
-16.10	-31.167
-16.08	-31.167
-15.52	-26.754
-15.52	-26.754
-15.55	-26.844
-15.51	-26.732
-15.52	-26.777
-14.86	-22.163
-14.92	-22.186
-14.87	-22.186
-14.92	-22.186
-14.89	-22.208
-14.91	-22.877
-14.86	-22.899
-14.87	-22.899
-14.91	-22.877
-14.90	-22.899
-14.85	-23.367
-14.92	-23.322
-14.89	-23.300
-14.84	-23.300
-14.88	-23.278
-14.89	-23.568
-14.87	-23.523
-14.88	-23.568
-14.87	-23.568
-14.86	-23.568
-14.16	-17.884
-14.24	-17.929
-14.26	-17.884
-14.21	-17.907
-14.21	-17.907
-13.54	-13.271
-13.46	-13.316
-13.51	-13.316
-13.50	-13.316
-13.54	-13.271
-12.59	-8.725
-12.60	-8.725
-12.64	-8.791
-12.57	-8.769
-12.58	-8.747
-12.01	-6.607
-12.07	-6.630
-12.06	-6.585
-12.08	-6.630
-12.02	-6.585
-12.00	-7.142
-12.04	-7.098
-12.04	-7.098
-12.06	-7.120
-12.02	-7.075
-9.25	1.260
-9.23	1.260
-9.22	1.282
-9.23	1.237
-9.29	1.260
-7.70	2.931
-7.69	2.954
-7.66	2.909
-7.71	2.820
-7.69	2.842
-7.72	2.419
-7.64	2.419
-7.70	2.441
-7.71	2.396
-7.67	2.530
-7.80	1.683
-7.76	1.705
-7.74	1.639
-7.75	1.683
-7.79	1.639
-8.03	0.769
-8.03	0.814
-8.06	0.792
-8.05	0.814
-8.03	0.769
-8.13	0.613
-8.12	0.591
-8.09	0.658
-8.09	0.636
-8.14	0.680
-8.23	0.413
-8.14	0.391
-8.26	0.391
-8.15	0.391
-8.20	0.346
-8.22	0.324
-8.21	0.346
-8.27	0.324
-8.21	0.368
-8.17	0.324
-8.27	0.301
-8.24	0.301
-8.22	0.301
-8.24	0.235
-8.29	0.257
-8.27	0.279
-8.27	0.257
-8.18	0.324
-8.26	0.257
-8.25	0.279
-8.20	0.235
-8.22	0.301
-8.32	0.346
-8.19	0.346
-8.26	0.301
-8.22	0.324
-8.26	0.324
-8.18	0.279
-8.23	0.301
-8.29	0.368
-8.26	0.747
-8.23	0.769
-8.24	0.725
-8.24	0.747
-8.24	0.792
-7.84	2.151
-7.84	2.107
-7.88	2.174
-7.87	2.107
-7.87	2.151
-7.62	2.664
-7.64	2.642
-7.63	2.731
-7.67	2.686
-7.62	2.642
-7.51	2.998
-7.39	2.998
-7.44	2.954
-7.38	3.020
-7.49	2.998
-6.74	3.025
-6.78	3.048
-6.78	2.981
-6.77	3.048
-6.84	3.025
-6.85	3.092
-6.73	3.003
-6.75	3.070
-6.83	3.048
-6.76	3.048
-6.71	2.914
-6.81	3.003
-6.71	2.981
-6.72	2.959
-6.81	2.936
-6.76	3.003
-6.76	2.981
-6.76	3.048
-6.73	2.981
-6.70	3.003
-6.73	1.443
-6.67	1.465
-6.63	1.443
-6.72	1.421
-6.70	1.443
-6.77	1.346
-6.80	1.324
-6.81	1.346
-6.86	1.391
-6.80	1.346
-6.66	2.327
-6.61	2.305
-6.63	2.282
-6.56	2.260
-6.60	2.327
-5.56	4.377
-5.56	4.400
-5.60	4.400
-5.59	4.377
-5.60	4.422
-4.12	6.673
-4.08	6.628
-4.15	6.606
-4.08	6.673
-4.09	6.584
-2.77	8.924
-2.83	8.879
-2.74	8.812
-2.82	8.879
-2.78	8.835
-2.72	8.300
-2.75	8.344
-2.71	8.344
-2.71	8.322
-2.69	8.300
-1.76	10.996
-1.76	10.974
-1.77	11.041
-1.76	10.885
-1.76	10.974
-0.86	13.314
-0.90	13.337
-0.83	13.381
-0.86	13.314
-0.86	13.314
-0.10	15.565
-0.11	15.521
-0.11	15.498
-0.13	15.543
-0.15	15.565
0.54	17.861
0.48	17.816
0.50	17.794
0.46	17.794
0.54	17.838
1.23	19.978
1.20	19.956
1.20	20.023
1.14	20.023
1.16	19.978
1.76	22.140
1.78	22.184
1.71	22.229
1.73	22.207
1.71	22.184
1.75	21.471
1.81	21.471
1.80	21.493
1.84	21.471
1.83	21.493
1.83	21.293
1.79	21.248
1.82	21.248
1.80	21.226
1.81	21.248
2.33	24.435
2.36	24.368
2.34	24.413
2.34	24.413
2.36	24.413
2.90	26.575
2.84	26.597
2.93	26.575
2.91	26.597
2.96	26.597
3.55	28.915
3.52	28.937
3.53	28.870
3.50	28.893
3.52	28.893
4.09	30.965
4.05	31.010
4.11	30.988
4.05	30.988
4.07	31.099
4.71	33.305
4.69	33.328
4.71	33.350
4.64	33.328
4.68	33.350
5.23	35.579
5.20	35.556
5.23	35.556
5.18	35.512
5.26	35.556
5.27	34.665
5.20	34.643
5.27	34.665
5.25	34.687
5.30	34.665
5.77	37.852
5.70	37.830
5.77	37.852
5.70	37.830
5.75	37.807
6.30	39.947
6.32	39.902
6.32	39.947
6.31	39.947
6.40	39.924
6.77	42.220
6.87	42.242
6.83	42.220
6.91	42.220
6.86	42.220
7.43	44.359
7.39	44.337
7.35	44.382
7.35	44.337
7.36	44.359
7.41	42.131
7.39	42.109
7.41	42.154
7.34	42.109
7.43	42.109
7.62	44.427
7.62	44.427
7.59	44.449
7.52	44.427
7.59	44.427
7.98	46.856
7.92	46.878
7.89	46.901
7.99	46.834
8.00	46.856
8.43	48.862
8.38	48.862
8.35	48.840
8.36	48.862
8.46	48.840
8.84	51.135
8.92	51.091
8.93	51.135
8.95	51.091
8.91	51.113
9.48	53.386
9.43	53.431
9.38	53.342
9.41	53.342
9.49	53.342
9.98	55.592
9.95	55.592
9.96	55.503
9.96	55.592
9.91	55.548
10.50	57.910
10.49	57.888
10.53	57.821
10.53	57.866
10.42	57.843
11.06	59.961
11.02	59.938
10.94	59.961
11.00	59.961
11.03	59.938
11.05	60.139
11.07	60.005
11.07	60.072
11.14	60.072
11.17	60.072
11.15	59.292
11.13	59.337
11.13	59.337
11.10	59.359
11.05	59.314
11.60	62.368
11.60	62.412
11.53	62.412
11.51	62.323
11.64	62.345
12.12	64.463
12.07	64.529
12.04	64.440
12.18	64.463
12.16	64.396
12.58	66.557
12.66	66.513
12.65	66.513
12.61	66.535
12.64	66.557
12.66	64.997
12.66	65.064
12.71	65.042
12.69	65.020
12.67	65.020
13.23	68.786
13.24	68.786
13.17	68.808
13.14	68.808
13.22	68.786
13.76	71.104
13.75	71.126
13.72	71.082
13.69	71.059
13.80	71.082
14.35	73.288
14.28	73.310
14.30	73.333
14.34	73.243
14.36	73.243
14.85	75.517
14.90	75.539
14.90	75.561
14.88	75.561
14.84	75.584
14.98	74.291
14.92	74.269
14.80	74.291
14.92	74.291
14.94	74.291
15.51	77.857
15.45	77.857
15.46	77.857
15.44	77.857
15.51	77.835
16.09	80.041
16.08	80.019
16.07	79.996
16.05	79.974
16.09	79.996
16.65	82.158
16.67	82.158
16.75	82.136
16.65	82.091
16.61	82.091
17.34	84.409
17.30	84.409
17.31	84.409
17.38	84.364
17.31	84.387
17.40	82.715
17.33	82.782
17.35	82.760
17.41	82.738
17.38	82.738
17.66	84.676
17.59	84.587
17.58	84.610
17.65	84.610
17.67	84.565
18.12	86.749
18.03	86.749
18.09	86.705
18.13	86.749
18.14	86.660
18.62	88.242
18.63	88.220
18.54	88.242
18.63	88.198
18.63	88.175
19.02	89.513
19.02	89.424
19.04	89.446
19.04	89.446
19.00	89.401
19.51	90.716
19.51	90.716
19.49	90.716
19.52	90.716
19.45	90.672
19.50	85.121
19.63	85.144
19.65	85.121
19.53	85.188
19.59	85.188
19.58	83.294
19.60	83.272
19.45	83.272
19.59	83.338
19.63	83.338
19.44	80.196
19.30	80.196
19.39	80.174
19.45	80.174
19.33	80.196
19.10	76.006
19.17	75.962
19.09	75.962
19.08	75.962
19.22	75.917
18.79	71.482
18.80	71.482
18.84	71.504
18.83	71.527
18.77	71.460
18.48	67.025
18.41	67.002
18.48	67.025
18.52	67.047
18.50	67.002
18.50	67.738
18.47	67.716
18.43	67.760
18.44	67.738
18.51	67.738
18.47	67.849
18.48	67.849
18.45	67.894
18.39	67.849
18.48	67.849
18.07	62.344
18.07	62.367
18.01	62.322
18.16	62.367
18.13	62.344
17.69	58.021
17.73	58.065
17.74	58.088
17.69	57.999
17.70	58.021
17.26	53.363
17.37	53.363
17.36	53.385
17.29	53.363
17.37	53.385
16.85	49.129
16.97	49.106
16.95	49.151
16.84	49.129
16.95	49.151
16.59	44.538
16.55	44.538
16.37	44.560
16.52	44.604
16.56	44.538
16.50	45.942
16.50	45.852
16.42	45.919
16.41	45.897
16.47	45.986
16.41	46.031
16.47	46.008
16.45	46.031
16.44	46.008
16.49	45.986
16.46	46.075
16.46	46.053
16.43	46.098
16.43	46.075
16.47	46.031
16.49	46.454
16.45	46.432
16.41	46.410
16.48	46.454
16.38	46.432
16.00	39.991
16.00	39.991
15.96	40.013
15.95	39.991
16.04	39.969
15.58	35.623
15.51	35.578
15.56	35.601
15.55	35.578
15.57	35.556
15.08	31.210
15.07	31.255
15.04	31.232
15.10	31.188
15.06	31.210
14.56	26.797
14.55	26.797
14.51	26.797
14.56	26.820
14.52	26.842
14.50	27.667
14.54	27.667
14.51	27.622
14.46	27.644
14.55	27.622
14.54	27.845
14.51	27.756
14.48	27.778
14.52	27.867
14.44	27.778
13.90	22.385
14.01	22.385
13.93	22.318
13.91	22.340
13.99	22.385
13.85	23.009
13.98	23.009
13.94	23.009
13.88	23.009
13.97	22.964
13.40	17.972
13.26	18.016
13.40	18.016
13.38	18.039
13.30	17.994
13.33	17.972
13.27	17.950
13.33	17.950
13.34	17.905
13.27	17.927
12.63	13.470
12.67	13.492
12.57	13.515
12.60	13.470
12.67	13.492
11.80	8.924
11.82	8.946
11.83	8.968
11.77	8.990
11.81	9.013
11.26	6.316
11.25	6.361
11.28	6.361
11.28	6.316
11.25	6.338
11.19	6.851
11.26	6.806
11.29	6.829
11.25	6.829
11.21	6.829
10.89	4.555
10.88	4.600
10.78	4.533
10.87	4.555
10.87	4.622
10.24	2.327
10.27	2.304
10.21	2.304
10.19	2.260
10.28	2.304
9.82	1.368
9.96	1.368
9.92	1.346
9.82	1.368
9.86	1.346
9.79	1.765
9.75	1.787
9.82	1.832
9.87	1.809
9.81	1.809
9.83	2.144
9.78	2.121
9.81	2.144
9.84	2.188
9.78	2.144
9.74	2.300
9.80	2.300
9.83	2.277
9.71	2.277
9.81	2.277
9.84	2.372
9.78	2.372
9.79	2.350
9.79	2.394
9.72	2.372
8.43	0.210
8.43	0.210
8.45	0.232
8.43	0.210
8.43	0.210
4.50	-6.387
4.54	-6.387
4.55	-6.409
4.48	-6.387
4.55	-6.364
4.46	-5.919
4.54	-5.896
4.51	-5.919
4.47	-5.896
4.55	-5.896
3.60	-7.568
3.59	-7.568
3.59	-7.613
3.56	-7.590
3.67	-7.568
2.81	-8.705
2.69	-8.682
2.82	-8.682
2.80	-8.727
2.71	-8.727
2.04	-9.841
2.01	-9.863
1.93	-9.886
2.01	-9.886
1.99	-9.908
1.94	-9.284
2.01	-9.284
1.92	-9.329
1.99	-9.306
1.96	-9.351
1.30	-11.022
1.27	-11.022
1.31	-11.022
1.22	-11.000
1.31	-11.000
0.78	-12.025
0.78	-12.048
0.75	-12.025
0.76	-12.003
0.79	-12.025
0.29	-13.184
0.26	-13.140
0.20	-13.140
0.29	-13.140
0.23	-13.162
-0.32	-14.432
-0.24	-14.410
-0.27	-14.388
-0.29	-14.365
-0.24	-14.410
-0.74	-15.591
-0.68	-15.569
-0.72	-15.569
-0.74	-15.547
-0.69	-15.547
-1.40	-17.641
-1.39	-17.686
-1.43	-17.686
-1.39	-17.686
-1.48	-17.664
-2.07	-19.870
-2.08	-19.937
-2.16	-19.870
-2.08	-19.848
-2.09	-19.848
-2.68	-22.032
-2.75	-22.054
-2.72	-21.987
-2.70	-22.032
-2.79	-22.010
-2.71	-21.274
-2.74	-21.274
-2.79	-21.319
-2.69	-21.274
-2.75	-21.296
-3.27	-24.350
-3.34	-24.372
-3.31	-24.350
-3.25	-24.350
-3.34	-24.327
-3.97	-26.779
-3.89	-26.779
-3.93	-26.779
-3.96	-26.779
-3.85	-26.734
-3.91	-26.021
-3.91	-26.021
-4.00	-26.021
-3.90	-25.999
-3.91	-26.021
-4.44	-28.807
-4.49	-28.807
-4.42	-28.763
-4.47	-28.785
-4.51	-28.785
-4.92	-31.013
-4.97	-31.013
-4.95	-31.013
-4.91	-31.013
-4.96	-31.013
-5.42	-33.242
-5.51	-33.220
-5.43	-33.220
-5.42	-33.175
-5.49	-33.220
-5.97	-35.538
-6.00	-35.538
-5.93	-35.515
-5.91	-35.515
-5.98	-35.448
-6.42	-37.655
-6.43	-37.610
-6.47	-37.655
-6.43	-37.633
-6.45	-37.610
-6.89	-39.839
-6.92	-39.817
-6.93	-39.817
-6.90	-39.817
-6.94	-39.839
-7.41	-42.201
-7.38	-42.201
-7.40	-42.224
-7.39	-42.157
-7.37	-42.201
-7.82	-44.408
-7.88	-44.408
-7.86	-44.385
-7.86	-44.363
-7.87	-44.319
-7.89	-43.316
-7.92	-43.316
-7.89	-43.293
-7.88	-43.271
-7.92	-43.316
-7.92	-42.331
-7.94	-42.353
-7.90	-42.353
-7.92	-42.375
-7.93	-42.353
-8.11	-44.359
-8.09	-44.336
-8.05	-44.314
-8.08	-44.314
-8.08	-44.336
-8.46	-46.565
-8.39	-46.565
-8.39	-46.565
-8.42	-46.543
-8.38	-46.498
-8.81	-48.838
-8.87	-48.838
-8.80	-48.816
-8.82	-48.771
-8.80	-48.794
-9.28	-51.022
-9.28	-51.045
-9.31	-51.022
-9.26	-51.000
-9.32	-51.000
-9.84	-53.117
-9.74	-53.095
-9.78	-53.117
-9.82	-53.073
-9.76	-53.117
-10.29	-55.658
-10.33	-55.658
-10.27	-55.658
-10.28	-55.680
-10.32	-55.636
-10.78	-57.641
-10.70	-57.619
-10.81	-57.597
-10.79	-57.597
-10.73	-57.575
-10.80	-56.639
-10.81	-56.616
-10.80	-56.661
-10.79	-56.661
-10.78	-56.661
-11.32	-59.915
-11.25	-59.892
-11.24	-59.848
-11.31	-59.848
-11.30	-59.848
-11.81	-62.099
-11.80	-62.099
-11.78	-62.076
-11.75	-62.076
-11.80	-62.099
-12.29	-64.439
-12.32	-64.483
-12.29	-64.439
-12.30	-64.461
-12.32	-64.439
-12.80	-66.712
-12.82	-66.779
-12.75	-66.734
-12.79	-66.690
-12.83	-66.668
-12.87	-65.308
-12.80	-65.286
-12.84	-65.241
-12.83	-65.263
-12.81	-65.241
-12.83	-64.372
-12.84	-64.439
-12.85	-64.350
-12.84	-64.394
-12.83	-64.372
-13.31	-68.807
-13.39	-68.829
-13.41	-68.807
-13.32	-68.785
-13.38	-68.785
-13.88	-70.924
-13.87	-70.947
-13.83	-70.902
-13.86	-70.902
-13.88	-70.880
-14.45	-73.153
-14.36	-73.175
-14.37	-73.153
-14.44	-73.153
-14.38	-73.153
-14.97	-75.448
-15.01	-75.426
-14.90	-75.448
-14.92	-75.426
-14.98	-75.404
-15.00	-74.223
-14.99	-74.267
-14.95	-74.223
-14.99	-74.245
-15.00	-74.267
-15.56	-77.811
-15.56	-77.789
-15.60	-77.789
-15.57	-77.789
-15.54	-77.766
-16.14	-79.906
-16.11	-79.883
-16.12	-79.839
-16.08	-79.861
-16.11	-79.817
-16.37	-80.753
-16.33	-80.753
-16.34	-80.753
-16.40	-80.730
-16.31	-80.797
-16.40	-79.415
-16.44	-79.438
-16.37	-79.460
-16.38	-79.460
-16.41	-79.438
-16.83	-82.224
-16.80	-82.179
-16.81	-82.201
-16.78	-82.157
-16.81	-82.224
-17.33	-84.296
-17.40	-84.229
-17.35	-84.252
-17.33	-84.229
-17.37	-84.229
-17.66	-85.255
-17.70	-85.255
-17.64	-85.277
-17.67	-85.277
-17.72	-85.299
-17.68	-83.962
-17.68	-83.940
-17.72	-83.917
-17.75	-83.984
-17.65	-83.940
-18.04	-86.547
-18.09	-86.547
-18.13	-86.547
-18.05	-86.525
-18.11	-86.525
-18.74	-88.865
-18.77	-88.887
-18.69	-88.820
-18.74	-88.820
-18.81	-88.820
-18.78	-86.569
-18.84	-86.592
-18.78	-86.569
-18.77	-86.592
-18.79	-86.592
-19.21	-89.957
-19.13	-89.912
-19.15	-89.957
-19.17	-89.935
-19.16	-89.912
-19.15	-88.709
-19.21	-88.664
-19.22	-88.664
-19.15	-88.664
-19.17	-88.687
-19.62	-91.094
-19.64	-91.160
-19.61	-91.116
-19.63	-91.116
-19.63	-91.071
-20.26	-92.988
-20.18	-92.943
-20.17	-92.966
-20.23	-92.966
-20.20	-92.921
-20.23	-91.383
-20.26	-91.361
-20.22	-91.361
-20.24	-91.339
-20.30	-91.406
-20.72	-93.902
-20.63	-93.924
-20.71	-93.857
-20.75	-93.879
-20.69	-93.879
-21.12	-95.105
-21.17	-95.127
-21.22	-95.061
-21.12	-95.083
-21.17	-95.105
-21.15	-93.501
-21.23	-93.456
-21.27	-93.501
-21.16	-93.501
-21.19	-93.501
-21.67	-96.086
-21.66	-96.108
-21.63	-96.108
-21.67	-96.064
-21.67	-96.064
-21.62	-94.281
-21.66	-94.281
-21.72	-94.258
-21.65	-94.258
-21.68	-94.236
-21.72	-91.538
-21.72	-91.494
-21.77	-91.494
-21.78	-91.471
-21.73	-91.561
-21.78	-91.338
-21.77	-91.338
-21.78	-91.315
-21.72	-91.293
-21.73	-91.293
-21.71	-88.819
-21.66	-88.797
-21.67	-88.819
-21.72	-88.842
-21.70	-88.819
-21.68	-88.886
-21.77	-88.864
-21.70	-88.864
-21.70	-88.864
-21.74	-88.953
-21.49	-84.451
-21.46	-84.473
-21.43	-84.429
-21.52	-84.429
-21.50	-84.496
-21.18	-79.815
-21.21	-79.838
-21.13	-79.815
-21.17	-79.838
-21.23	-79.905
-21.00	-77.654
-20.95	-77.721
-21.00	-77.698
-21.01	-77.698
-20.98	-77.698
-20.95	-78.523
-20.96	-78.478
-20.95	-78.478
-20.96	-78.478
-20.99	-78.456
-20.81	-75.536
-20.74	-75.536
-20.78	-75.581
-20.82	-75.536
-20.75	-75.536
-20.36	-71.057
-20.43	-71.012
-20.45	-71.079
-20.38	-71.035
-20.44	-71.079
-20.01	-66.666
-20.05	-66.666
-20.10	-66.711
-19.97	-66.689
-20.05	-66.689
-20.07	-67.112
-20.01	-67.090
-20.03	-67.112
-20.06	-67.112
-20.01	-67.112
-19.62	-62.410
-19.67	-62.410
-19.62	-62.410
-19.64	-62.432
-19.68	-62.387
-19.42	-60.760
-19.53	-60.738
-19.47	-60.783
-19.48	-60.760
-19.50	-60.760
-19.48	-61.763
-19.45	-61.763
-19.47	-61.763
-19.45	-61.786
-19.44	-61.786
-19.13	-57.640
-19.16	-57.663
-19.11	-57.685
-19.13	-57.685
-19.19	-57.685
-18.77	-53.540
-18.69	-53.517
-18.76	-53.517
-18.77	-53.540
-18.71	-53.562
-18.30	-48.837
-18.27	-48.904
-18.20	-48.882
-18.26	-48.882
-18.29	-48.859
-17.77	-44.514
-17.81	-44.514
-17.75	-44.491
-17.81	-44.536
-17.81	-44.536
-17.76	-45.449
-17.73	-45.404
-17.75	-45.449
-17.78	-45.471
-17.76	-45.471
-17.23	-40.056
-17.31	-40.100
-17.27	-40.078
-17.26	-40.078
-17.34	-40.123
-17.23	-41.036
-17.23	-40.992
-17.25	-40.947
-17.21	-41.014
-17.27	-40.992
-16.70	-35.554
-16.70	-35.576
-16.76	-35.621
-16.70	-35.621
-16.72	-35.621
-16.19	-31.208
-16.20	-31.208
-16.19	-31.230
-16.20	-31.208
-16.19	-31.208
-15.58	-26.572
-15.59	-26.595
-15.67	-26.595
-15.61	-26.595
-15.56	-26.572
-15.01	-22.160
-14.96	-22.182
-15.02	-22.160
-15.04	-22.160
-14.96	-22.160
-15.00	-22.739
-15.01	-22.694
-15.00	-22.717
-14.95	-22.739
-15.01	-22.739
-14.35	-17.791
-14.37	-17.791
-14.29	-17.836
-14.35	-17.836
-14.40	-17.769
-13.61	-13.312
-13.61	-13.312
-13.57	-13.312
-13.59	-13.312
-13.63	-13.289
-13.53	-14.248
-13.58	-14.248
-13.63	-14.292
-13.53	-14.292
-13.58	-14.315
-13.13	-11.039
-13.18	-11.039
-13.08	-11.039
-13.13	-11.039
-13.19	-11.039
-12.62	-8.832
-12.65	-8.832
-12.71	-8.877
-12.64	-8.854
-12.65	-8.877
-12.65	-9.122
-12.66	-9.077
-12.71	-9.100
-12.69	-9.144
-12.62	-9.100
-12.16	-6.760
-12.21	-6.737
-12.12	-6.760
-12.13	-6.737
-12.19	-6.760
-12.10	-7.205
-12.14	-7.183
-12.18	-7.250
-12.09	-7.250
-12.12	-7.250
-9.93	-1.700
-9.95	-1.745
-9.94	-1.723
-9.94	-1.723
-9.95	-1.745
-9.26	-0.007
-9.27	-0.029
-9.27	-0.029
-9.28	-0.051
-9.28	-0.051
-8.41	2.155
-8.38	2.244
-8.37	2.200
-8.40	2.177
-8.36	2.200
-8.37	1.592
-8.37	1.570
-8.36	1.570
-8.41	1.592
-8.35	1.547
-8.37	1.525
-8.35	1.503
-8.38	1.525
-8.39	1.503
-8.38	1.458
-8.40	1.547
-8.28	1.525
-8.34	1.525
-8.38	1.547
-8.29	1.503
-8.37	1.525
-8.32	1.525
-8.33	1.525
-8.35	1.480
-8.34	1.525
-8.34	1.636
-8.25	1.592
-8.27	1.525
-8.29	1.525
-8.31	1.458
-8.39	0.856
-8.43	0.834
-8.38	0.856
-8.38	0.856
-8.45	0.879
-8.41	1.035
-8.38	1.035
-8.43	1.035
-8.36	1.035
-8.37	1.035
-8.41	1.213
-8.35	1.213
-8.38	1.235
-8.45	1.168
-8.38	1.213
-8.39	1.436
-8.34	1.436
-8.34	1.414
-8.40	1.436
-8.34	1.458
-8.38	1.636
-8.32	1.681
-8.31	1.614
-8.36	1.570
-8.33	1.636
-8.25	2.171
-8.14	2.216
-8.17	2.194
-8.20	2.238
-8.14	2.194
-7.98	2.394
-8.01	2.483
-8.05	2.439
-7.99	2.461
-8.04	2.528
-7.72	2.974
-7.66	2.974
-7.67	2.840
-7.71	2.862
-7.64	2.862
-7.57	3.040
-7.61	2.929
-7.56	2.996
-7.63	2.974
-7.60	2.974
-7.55	2.996
-7.63	2.996
-7.54	3.018
-7.55	2.974
-7.53	2.996
-7.59	2.974
-7.52	2.996
-7.58	2.996
-7.53	2.974
-7.64	2.974
-7.53	2.996
-7.56	2.951
-7.53	2.974
-7.61	2.996
-7.48	2.996
-7.49	3.018
-7.52	2.974
-7.51	2.951
-7.55	2.996
-7.48	2.996
-7.42	3.018
-7.39	3.040
-7.38	3.018
-7.35	3.040
-7.39	3.018
-6.92	2.644
-6.88	2.644
-6.94	2.711
-6.90	2.689
-6.83	2.689
-6.93	2.667
-6.90	2.667
-6.83	2.644
-6.91	2.667
-6.86	2.689
-6.82	2.956
-6.86	3.001
-6.76	2.912
-6.80	2.934
-6.83	2.956
-6.81	2.934
-6.81	2.845
-6.85	2.956
-6.83	2.912
-6.77	2.934
-6.79	1.485
-6.85	1.463
-6.84	1.463
-6.77	1.508
-6.82	1.485
-6.79	2.355
-6.74	2.288
-6.76	2.243
-6.73	2.310
-6.73	2.288
-5.89	4.427
-5.90	4.383
-5.92	4.405
-5.92	4.383
-5.88	4.405
-5.68	4.717
-5.61	4.717
-5.64	4.695
-5.68	4.695
-5.57	4.717
-4.36	6.611
-4.46	6.634
-4.51	6.656
-4.40	6.611
-4.45	6.611
-3.20	8.818
-3.19	8.862
-3.15	8.840
-3.18	8.840
-3.17	8.840
-2.09	11.046
-2.12	11.046
-2.03	11.046
-2.04	11.024
-2.07	11.069
-2.06	10.066
-2.07	10.021
-2.01	10.043
-2.03	10.043
-2.05	9.999
-1.07	13.320
-1.03	13.275
-1.14	13.275
-1.09	13.253
-1.08	13.253
-0.40	15.526
-0.31	15.481
-0.35	15.504
-0.41	15.504
-0.32	15.504
0.38	17.821
0.31	17.732
0.34	17.777
0.40	17.755
0.36	17.777
1.01	19.961
0.93	19.916
1.03	19.983
1.00	19.939
0.94	19.939
1.69	22.167
1.61	22.145
1.55	22.100
1.66	22.078
1.62	22.100
1.64	21.499
1.62	21.476
1.64	21.566
1.62	21.476
1.69	21.543
1.65	20.919
1.63	20.942
1.65	20.986
1.63	20.942
1.65	20.964
2.25	24.418
2.29	24.307
2.23	24.351
2.25	24.307
2.26	24.374
2.88	26.558
2.81	26.558
2.89	26.513
2.82	26.536
2.81	26.491
3.42	28.853
3.44	28.853
3.46	28.876
3.40	28.853
3.49	28.920
4.07	31.060
4.04	31.037
3.95	31.060
4.06	31.037
4.03	31.037
4.57	33.244
4.68	33.266
4.62	33.222
4.56	33.244
4.65	33.244
5.13	35.517
5.21	35.562
5.21	35.495
5.19	35.495
5.20	35.517
5.78	37.701
5.70	37.723
5.75	37.746
5.78	37.723
5.72	37.723
5.73	36.854
5.76	36.832
5.82	36.832
5.73	36.832
5.85	36.810
6.32	39.974
6.27	39.974
6.37	39.930
6.31	39.930
6.32	39.952
6.84	42.337
6.90	42.292
6.88	42.292
6.81	42.270
6.94	42.359
7.45	44.454
7.44	44.476
7.36	44.454
7.44	44.454
7.44	44.432
7.42	42.894
7.43	42.938
7.49	42.983
7.39	42.983
7.48	42.938
7.40	41.685
7.52	41.707
7.49	41.663
7.48	41.730
7.46	41.685
7.46	41.507
7.45	41.551
7.48	41.529
7.43	41.529
7.50	41.551
7.72	44.560
7.65	44.538
7.69	44.516
7.71	44.538
7.63	44.493
8.07	46.700
7.99	46.677
8.05	46.677
8.03	46.655
7.94	46.677
8.43	48.839
8.51	48.861
8.46	48.839
8.55	48.817
8.48	48.839
8.99	51.112
9.04	51.112
9.05	51.090
8.99	51.090
9.01	51.090
9.59	53.430
9.59	53.430
9.59	53.386
9.50	53.430
9.58	53.386
10.12	55.659
10.03	55.637
10.19	55.681
10.12	55.614
10.04	55.659
10.66	57.642
10.60	57.665
10.63	57.642
10.61	57.687
10.66	57.665
11.12	59.960
11.24	59.982
11.14	59.916
11.15	59.982
11.16	59.982
11.72	62.189
11.70	62.256
11.69	62.189
11.70	62.144
11.68	62.144
12.26	64.328
12.17	64.351
12.32	64.351
12.24	64.284
12.19	64.217
12.85	66.535
12.78	66.512
12.79	66.490
12.86	66.512
12.79	66.512
12.84	64.841
12.91	64.819
12.81	64.819
12.86	64.863
12.90	64.752
12.79	64.529
12.89	64.596
12.85	64.573
12.82	64.640
12.88	64.596
12.98	66.847
13.12	66.869
13.04	66.847
12.98	66.891
13.07	66.780
13.39	69.008
13.37	68.942
13.33	68.964
13.39	68.897
13.39	68.986
13.95	71.014
13.93	71.014
13.89	70.970
13.92	70.970
13.93	70.947
13.96	69.855
13.92	69.811
14.00	69.766
13.90	69.788
13.93	69.855
14.51	73.377
14.55	73.354
14.52	73.332
14.52	73.354
14.56	73.332
15.04	75.405
15.17	75.472
15.08	75.494
15.07	75.449
15.13	75.472
15.74	77.834
15.74	77.834
15.68	77.834
15.75	77.812
15.73	77.812
16.19	79.461
16.14	79.461
16.22	79.394
16.16	79.439
16.19	79.372
16.63	81.088
16.60	81.088
16.61	81.088
16.65	81.021
16.57	81.066
17.08	82.514
17.09	82.470
17.13	82.447
17.04	82.470
17.12	82.447
17.61	83.985
17.54	83.963
17.46	84.007
17.60	83.963
17.59	84.007
17.94	85.077
17.80	85.099
17.89	85.099
17.85	85.055
17.89	85.055
17.87	83.628
17.92	83.562
17.85	83.651
17.94	83.628
17.92	83.584
18.38	86.281
18.37	86.303
18.34	86.303
18.33	86.236
18.34	86.258
18.82	87.529
18.75	87.484
18.88	87.529
18.79	87.462
18.79	87.484
19.22	88.799
19.27	88.866
19.24	88.799
19.33	88.799
19.18	88.799
19.46	89.289
19.52	89.312
19.45	89.312
19.50	89.334
19.44	89.267
19.45	88.086
19.55	88.086
19.51	88.108
19.42	88.041
19.58	88.108
19.45	87.194
19.51	87.150
19.58	87.194
19.47	87.217
19.55	87.194
19.52	87.061
19.54	87.150
19.47	87.127
19.57	87.127
19.51	87.061
19.51	86.793
19.57	86.882
19.46	86.815
19.54	86.815
19.60	86.838
19.56	83.522
19.63	83.500
19.58	83.522
19.49	83.522
19.64	83.567
19.61	83.232
19.53	83.188
19.63	83.232
19.63	83.165
19.52	83.210
19.33	77.794
19.42	77.772
19.35	77.817
19.31	77.839
19.36	77.839
18.95	72.290
18.96	72.223
19.00	72.245
18.96	72.267
18.95	72.267
18.56	66.785
18.62	66.763
18.51	66.807
18.55	66.829
18.63	66.829
18.54	67.097
18.60	67.097
18.59	67.119
18.58	67.119
18.58	67.141
18.10	61.102
18.14	61.169
18.18	61.169
18.10	61.191
18.12	61.169
17.72	55.664
17.64	55.686
17.68	55.619
17.73	55.642
17.62	55.642
17.62	56.600
17.60	56.600
17.68	56.578
17.63	56.622
17.63	56.578
17.29	51.229
17.22	51.273
17.20	51.273
17.27	51.251
17.23	51.273
16.83	47.017
16.86	46.905
16.89	46.972
16.80	47.039
16.87	46.994
16.63	44.587
16.60	44.498
16.59	44.587
16.66	44.565
16.64	44.587
16.60	45.473
16.57	45.496
16.58	45.451
16.56	45.451
16.67	45.451
16.62	45.785
16.63	45.808
16.49	45.763
16.63	45.785
16.57	45.718
16.08	39.946
16.18	40.013
16.08	40.058
16.13	39.991
16.13	40.013
15.67	35.578
15.66	35.533
15.69	35.556
15.70	35.533
15.61	35.533
15.21	31.254
15.22	31.232
15.14	31.210
15.22	31.254
15.19	31.254
14.62	26.775
14.70	26.775
14.66	26.819
14.69	26.753
14.64	26.775
14.16	22.295
14.05	22.273
14.11	22.340
14.10	22.295
14.06	22.362
14.07	23.209
14.04	23.187
14.11	23.209
13.99	23.254
14.10	23.164
14.11	23.320
14.03	23.387
14.07	23.298
14.01	23.343
14.09	23.320
14.07	23.476
14.01	23.454
14.08	23.476
14.07	23.410
14.08	23.432
13.41	17.816
13.46	17.793
13.38	17.726
13.44	17.771
13.46	17.793
12.80	13.269
12.71	13.314
12.67	13.291
12.78	13.358
12.69	13.336
11.92	8.879
12.01	8.879
11.95	8.946
11.93	8.901
11.92	8.879
11.93	9.191
11.96	9.168
11.93	9.168
11.93	9.235
11.91	9.146
11.90	9.547
11.91	9.570
11.90	9.592
11.94	9.592
11.93	9.592
11.20	5.447
11.16	5.536
11.27	5.536
11.20	5.491
11.18	5.513
10.69	3.329
10.61	3.307
10.68	3.329
10.63	3.285
10.55	3.307
10.31	2.193
10.33	2.170
10.27	2.193
10.38	2.148
10.32	2.193
10.24	2.750
10.35	2.705
10.33	2.705
10.25	2.728
10.30	2.728
10.31	2.726
10.24	2.771
10.33	2.793
10.28	2.771
10.32	2.771
10.29	3.198
10.34	3.220
10.24	3.220
10.30	3.220
10.25	3.242
10.14	2.329
10.17	2.306
10.16	2.329
10.17	2.329
10.11	2.329
8.79	0.189
8.79	0.189
8.82	0.234
8.82	0.234
8.82	0.234
4.67	-6.497
4.75	-6.541
4.71	-6.475
4.69	-6.519
4.73	-6.475
4.67	-6.051
4.67	-6.051
4.76	-6.051
4.67	-6.051
4.70	-6.029
3.63	-7.700
3.71	-7.678
3.66	-7.678
3.59	-7.656
3.67	-7.700
2.82	-8.770
2.79	-8.748
2.81	-8.770
2.77	-8.770
2.80	-8.725
1.99	-9.907
1.99	-9.929
2.05	-9.929
2.00	-9.907
2.00	-9.907
1.36	-11.043
1.43	-11.066
1.30	-11.043
1.37	-11.088
1.39	-11.021
0.93	-11.690
0.95	-11.667
0.98	-11.712
0.91	-11.734
0.98	-11.690
0.95	-10.887
0.93	-10.910
0.91	-10.910
0.91	-10.887
0.93	-10.910
0.11	-13.317
0.15	-13.272
0.17	-13.294
0.13	-13.294
0.14	-13.250
0.09	-12.871
0.15	-12.871
0.16	-12.871
0.13	-12.893
0.11	-12.871
-0.73	-15.501
-0.69	-15.478
-0.75	-15.456
-0.74	-15.456
-0.70	-15.478
-1.50	-17.685
-1.50	-17.729
-1.52	-17.707
-1.57	-17.685
-1.53	-17.685
-2.29	-20.047
-2.24	-20.047
-2.32	-20.002
-2.28	-20.025
-2.28	-20.002
-2.90	-22.097
-2.95	-22.120
-2.88	-22.097
-2.92	-22.053
-2.98	-22.075
-2.92	-21.139
-2.96	-21.139
-2.88	-21.117
-2.95	-21.139
-2.99	-21.139
-2.96	-20.783
-2.97	-20.760
-2.90	-20.738
-2.90	-20.783
-3.02	-20.760
-3.58	-24.415
-3.65	-24.348
-3.58	-24.415
-3.57	-24.393
-3.63	-24.371
-4.13	-26.555
-4.17	-26.532
-4.24	-26.577
-4.14	-26.555
-4.17	-26.577
-4.71	-28.783
-4.72	-28.783
-4.68	-28.783
-4.72	-28.806
-4.79	-28.783
-5.26	-31.034
-5.29	-31.034
-5.24	-31.012
-5.29	-30.967
-5.33	-31.034
-5.86	-33.308
-5.75	-33.263
-5.76	-33.308
-5.81	-33.285
-5.76	-33.241
-6.35	-35.447
-6.33	-35.447
-6.32	-35.469
-6.30	-35.403
-6.29	-35.469
-6.83	-37.765
-6.84	-37.720
-6.80	-37.743
-6.84	-37.743
-6.84	-37.743
-7.29	-39.994
-7.38	-39.994
-7.30	-39.994
-7.31	-40.016
-7.38	-39.971
-7.80	-42.178
-7.78	-42.133
-7.85	-42.133
-7.78	-42.133
-7.80	-42.111
-8.26	-44.406
-8.32	-44.451
-8.21	-44.362
-8.23	-44.406
-8.30	-44.384
-8.35	-42.378
-8.27	-42.378
-8.31	-42.356
-8.33	-42.356
-8.24	-42.378
-8.50	-44.540
-8.46	-44.540
-8.49	-44.562
-8.51	-44.585
-8.49	-44.562
-8.80	-46.813
-8.84	-46.836
-8.80	-46.791
-8.79	-46.836
-8.84	-46.791
-9.20	-48.886
-9.24	-48.864
-9.29	-48.864
-9.23	-48.864
-9.25	-48.841
-9.75	-51.115
-9.72	-51.070
-9.71	-51.092
-9.74	-51.070
-9.73	-51.070
-10.25	-53.366
-10.17	-53.343
-10.17	-53.343
-10.24	-53.299
-10.20	-53.343
-10.67	-55.639
-10.74	-55.594
-10.69	-55.639
-10.68	-55.639
-10.73	-55.594
-11.20	-57.801
-11.16	-57.801
-11.13	-57.778
-11.24	-57.756
-11.15	-57.756
-11.65	-59.940
-11.70	-59.962
-11.70	-59.918
-11.68	-59.985
-11.72	-59.940
-12.20	-62.124
-12.22	-62.057
-12.13	-62.080
-12.18	-62.102
-12.18	-62.080
-12.25	-60.809
-12.21	-60.765
-12.23	-60.742
-12.26	-60.787
-12.16	-60.787
-12.74	-64.375
-12.76	-64.353
-12.69	-64.353
-12.72	-64.397
-12.77	-64.330
-13.17	-66.604
-13.23	-66.604
-13.28	-66.604
-13.21	-66.604
-13.27	-66.604
-13.29	-64.955
-13.30	-64.910
-13.25	-64.910
-13.29	-64.932
-13.24	-64.888
-13.40	-66.604
-13.42	-66.671
-13.46	-66.693
-13.34	-66.671
-13.43	-66.715
-13.74	-68.899
-13.77	-68.899
-13.77	-68.855
-13.79	-68.877
-13.77	-68.855
-14.27	-71.106
-14.31	-71.083
-14.29	-71.128
-14.30	-71.106
-14.28	-71.061
-14.79	-73.267
-14.84	-73.267
-14.77	-73.267
-14.81	-73.267
-14.85	-73.290
-14.85	-71.863
-14.92	-71.819
-14.80	-71.797
-14.87	-71.797
-14.90	-71.797
-15.46	-75.518
-15.44	-75.496
-15.42	-75.496
-15.42	-75.518
-15.44	-75.496
-16.03	-77.792
-15.96	-77.814
-15.97	-77.814
-16.05	-77.769
-15.98	-77.769
-16.56	-79.953
-16.59	-79.909
-16.63	-79.887
-16.57	-79.909
-16.61	-79.909
-16.63	-78.527
-16.63	-78.505
-16.62	-78.527
-16.62	-78.505
-16.60	-78.505
-17.23	-82.249
-17.26	-82.227
-17.23	-82.271
-17.27	-82.227
-17.32	-82.227
-17.83	-84.322
-17.86	-84.277
-17.90	-84.277
-17.86	-84.255
-17.91	-84.255
-17.92	-82.851
-17.85	-82.828
-17.89	-82.828
-17.90	-82.762
-17.86	-82.806
-18.66	-86.617
-18.64	-86.595
-18.64	-86.550
-18.64	-86.573
-18.64	-86.550
-19.27	-88.868
-19.34	-88.823
-19.36	-88.801
-19.30	-88.801
-19.32	-88.823
-19.43	-87.174
-19.34	-87.219
-19.36	-87.197
-19.37	-87.219
-19.30	-87.197
-19.36	-85.726
-19.40	-85.703
-19.46	-85.703
-19.38	-85.681
-19.43	-85.681
-19.79	-89.514
-19.70	-89.447
-19.74	-89.492
-19.81	-89.447
-19.73	-89.492
-20.21	-91.141
-20.21	-91.119
-20.21	-91.141
-20.15	-91.141
-20.17	-91.164
-20.67	-92.389
-20.66	-92.367
-20.69	-92.345
-20.62	-92.367
-20.60	-92.367
-20.79	-92.345
-20.76	-92.322
-20.79	-92.345
-20.75	-92.322
-20.77	-92.345
-20.81	-91.141
-20.76	-91.119
-20.82	-91.141
-20.84	-91.141
-20.76	-91.097
-21.28	-93.949
-21.34	-93.905
-21.36	-93.927
-21.32	-93.927
-21.36	-93.860
-21.56	-94.217
-21.60	-94.239
-21.52	-94.195
-21.59	-94.195
-21.62	-94.195
-21.56	-93.459
-21.60	-93.414
-21.61	-93.481
-21.51	-93.437
-21.57	-93.437
-21.55	-92.523
-21.61	-92.545
-21.63	-92.568
-21.56	-92.568
-21.60	-92.568
-21.65	-89.421
-21.63	-89.444
-21.65	-89.466
-21.65	-89.399
-21.65	-89.421
-21.72	-89.421
-21.63	-89.354
-21.63	-89.399
-21.68	-89.399
-21.63	-89.377
-21.69	-89.243
-21.66	-89.265
-21.66	-89.265
-21.65	-89.221
-21.64	-89.243
-21.73	-90.134
-21.63	-90.112
-21.70	-90.112
-21.73	-90.112
-21.64	-90.157
-21.67	-90.068
-21.66	-90.112
-21.70	-90.112
-21.65	-90.090
-21.68	-90.068
-21.70	-88.820
-21.69	-88.820
-21.68	-88.842
-21.66	-88.842
-21.69	-88.842
-21.56	-84.496
-21.49	-84.474
-21.51	-84.451
-21.56	-84.474
-21.51	-84.429
-21.25	-80.841
-21.31	-80.841
-21.32	-80.841
-21.27	-80.819
-21.30	-80.819
-21.32	-81.354
-21.28	-81.354
-21.28	-81.354
-21.31	-81.376
-21.29	-81.354
-21.02	-77.877
-21.07	-77.877
-21.06	-77.855
-21.06	-77.832
-21.09	-77.877
-21.00	-78.033
-21.05	-78.033
-21.07	-78.033
-21.02	-78.055
-21.07	-78.033
-21.07	-78.100
-21.07	-78.077
-20.99	-78.077
-21.02	-78.100
-21.06	-78.077
-21.10	-78.122
-21.04	-78.077
-21.02	-78.122
-21.03	-78.122
-21.04	-78.077
-20.85	-75.537
-20.91	-75.537
-20.90	-75.559
-20.84	-75.559
-20.91	-75.492
-20.59	-71.102
-20.50	-71.102
-20.49	-71.102
-20.52	-71.035
-20.51	-71.102
-20.18	-66.778
-20.12	-66.778
-20.12	-66.778
-20.16	-66.800
-20.17	-66.778
-20.13	-67.603
-20.13	-67.625
-20.10	-67.625
-20.14	-67.670
-20.10	-67.647
-20.14	-67.892
-20.09	-67.848
-20.13	-67.915
-20.14	-67.937
-20.03	-67.870
-19.69	-62.209
-19.75	-62.299
-19.66	-62.254
-19.69	-62.254
-19.75	-62.254
-19.29	-57.863
-19.30	-57.819
-19.26	-57.863
-19.31	-57.797
-19.32	-57.841
-18.81	-53.428
-18.86	-53.451
-18.86	-53.428
-18.84	-53.473
-18.82	-53.451
-18.29	-48.882
-18.38	-48.904
-18.40	-48.882
-18.31	-48.927
-18.38	-48.949
-18.30	-48.949
-18.38	-48.971
-18.41	-48.949
-18.30	-48.993
-18.35	-49.016
-17.84	-44.581
-17.88	-44.603
-17.96	-44.603
-17.86	-44.581
-17.86	-44.603
-17.87	-45.587
-17.87	-45.565
-17.86	-45.587
-17.90	-45.632
-17.87	-45.609
-17.84	-46.122
-17.86	-46.078
-17.91	-46.122
-17.86	-46.100
-17.84	-46.122
-17.73	-44.384
-17.80	-44.384
-17.75	-44.406
-17.74	-44.384
-17.74	-44.406
-17.33	-40.016
-17.33	-40.016
-17.32	-40.038
-17.33	-39.993
-17.36	-40.082
-17.37	-40.194
-17.30	-40.127
-17.34	-40.149
-17.34	-40.194
-17.31	-40.149
-16.85	-35.647
-16.83	-35.670
-16.76	-35.647
-16.83	-35.647
-16.86	-35.647
-16.26	-31.413
-16.30	-31.391
-16.35	-31.413
-16.27	-31.391
-16.30	-31.413
-15.70	-26.644
-15.69	-26.644
-15.71	-26.688
-15.75	-26.666
-15.68	-26.688
-15.66	-27.580
-15.68	-27.602
-15.63	-27.602
-15.70	-27.580
-15.73	-27.624
-15.06	-22.275
-15.13	-22.253
-15.02	-22.298
-15.10	-22.298
-15.13	-22.253
-14.45	-17.796
-14.37	-17.774
-14.40	-17.796
-14.47	-17.863
-14.41	-17.818
-13.65	-13.361
-13.60	-13.428
-13.62	-13.405
-13.68	-13.405
-13.58	-13.405
-13.25	-11.244
-13.17	-11.266
-13.22	-11.199
-13.25	-11.288
-13.20	-11.221
-12.76	-8.903
-12.71	-8.859
-12.75	-8.903
-12.73	-8.903
-12.68	-8.903
-12.17	-6.653
-12.12	-6.653
-12.12	-6.697
-12.19	-6.675
-12.15	-6.630
-12.11	-6.809
-12.16	-6.809
-12.20	-6.786
-12.13	-6.831
-12.12	-6.853
-12.14	-7.076
-12.12	-7.121
-12.14	-7.098
-12.15	-7.121
-12.17	-7.076
-12.10	-7.321
-12.15	-7.277
-12.20	-7.321
-12.12	-7.321
-12.12	-7.321
-12.10	-6.675
-12.07	-6.719
-12.09	-6.675
-12.10	-6.697
-12.08	-6.697
-9.59	-0.056
-9.59	-0.033
-9.59	-0.056
-9.62	-0.123
-9.59	-0.033
-9.50	0.189
-9.47	0.279
-9.47	0.279
-9.49	0.234
-9.49	0.212
-9.18	1.059
-9.17	1.103
-9.15	1.036
-9.18	1.081
-9.18	1.036
-9.14	0.546
-9.15	0.546
-9.14	0.591
-9.18	0.546
-9.11	0.524
-8.31	2.173
-8.28	2.173
-8.29	2.218
-8.28	2.173
-8.34	2.195
-7.73	2.797
-7.73	2.797
-7.71	2.797
-7.70	2.797
-7.72	2.819
-7.76	2.596
-7.68	2.619
-7.73	2.596
-7.79	2.596
-7.66	2.596
-7.71	2.440
-7.72	2.507
-7.71	2.440
-7.71	2.463
-7.75	2.440
-7.68	2.374
-7.69	2.418
-7.76	2.374
-7.71	2.396
-7.72	2.418
-7.27	3.265
-7.32	3.221
-7.22	3.288
-7.25	3.243
-7.35	3.288
-7.16	2.909
-7.23	2.909
-7.26	2.886
-7.18	2.842
-7.16	2.886
-7.20	2.619
-7.24	2.552
-7.31	2.485
-7.22	2.574
-7.23	2.530
-7.71	0.769
-7.69	0.702
-7.70	0.747
-7.74	0.747
-7.71	0.702
-7.74	1.193
-7.68	1.170
-7.70	1.126
-7.74	1.193
-7.71	1.170
-7.58	1.549
-7.62	1.527
-7.67	1.549
-7.63	1.549
-7.62	1.549
-7.43	2.418
-7.47	2.418
-7.39	2.418
-7.41	2.396
-7.47	2.418
-6.61	3.200
-6.60	3.155
-6.60	3.155
-6.65	3.178
-6.64	3.200
-6.55	3.044
-6.61	3.022
-6.55	3.044
-6.57	3.044
-6.53	3.022
-6.49	3.111
-6.50	3.088
-6.52	3.111
-6.52	3.088
-6.56	3.088
-6.48	1.640
-6.51	1.684
-6.44	1.662
-6.46	1.640
-6.47	1.684
-6.55	1.371
-6.54	1.282
-6.53	1.327
-6.50	1.327
-6.54	1.327
-6.56	1.349
-6.50	1.394
-6.51	1.371
-6.51	1.349
-6.50	1.349
-6.57	1.416
-6.60	1.416
-6.57	1.416
-6.59	1.483
-6.55	1.527
-6.13	3.333
-6.13	3.333
-6.12	3.444
-6.13	3.377
-6.16	3.333
-5.56	4.402
-5.58	4.380
-5.61	4.402
-5.59	4.380
-5.63	4.425
-4.78	5.539
-4.76	5.517
-4.75	5.517
-4.77	5.517
-4.75	5.450
-4.74	4.982
-4.74	5.026
-4.77	4.982
-4.74	5.049
-4.79	5.004
-3.82	6.564
-3.85	6.587
-3.85	6.587
-3.86	6.587
-3.88	6.587
-3.19	7.745
-3.19	7.701
-3.20	7.745
-3.20	7.723
-3.20	7.723
-2.68	8.815
-2.64	8.793
-2.66	8.793
-2.61	8.815
-2.61	8.793
-2.07	10.019
-2.04	10.041
-2.06	9.996
-2.00	9.996
-2.03	10.019
-1.47	11.066
-1.50	11.066
-1.51	11.044
-1.55	11.044
-1.54	10.999
-0.98	12.180
-1.00	12.158
-1.05	12.180
-1.02	12.158
-1.05	12.136
-1.01	11.601
-0.99	11.623
-1.03	11.556
-0.97	11.579
-0.98	11.579
-0.57	13.339
-0.53	13.250
-0.56	13.295
-0.48	13.273
-0.50	13.273
0.37	15.345
0.34	15.367
0.35	15.345
0.34	15.345
0.32	15.390
1.08	17.552
1.07	17.552
1.08	17.552
1.02	17.574
1.02	17.596
1.79	19.869
1.75	19.847
1.72	19.892
1.70	19.869
1.69	19.825
2.43	21.207
2.38	21.207
2.41	21.184
2.42	21.207
2.41	21.251
3.03	24.416
2.98	24.438
3.06	24.438
3.02	24.394
3.03	24.438
3.69	26.644
3.65	26.644
3.65	26.644
3.59	26.555
3.62	26.600
4.27	28.873
4.26	28.918
4.27	28.895
4.21	28.873
4.26	28.895
4.88	31.102
4.86	31.079
4.82	31.057
4.84	31.013
4.80	31.035
5.50	33.308
5.48	33.308
5.45	33.353
5.46	33.308
5.40	33.286
5.99	35.425
6.04	35.403
5.98	35.448
6.04	35.403
6.01	35.403
6.61	37.699
6.65	37.743
6.68	37.699
6.67	37.632
6.68	37.699
7.21	40.061
7.20	40.016
7.25	39.994
7.22	40.039
7.19	39.972
7.72	42.200
7.75	42.200
7.76	42.223
7.75	42.178
7.72	42.178
8.28	44.407
8.36	44.385
8.32	44.407
8.29	44.407
8.29	44.385
8.34	42.267
8.37	42.290
8.36	42.267
8.36	42.290
8.32	42.267
8.31	41.755
8.27	41.732
8.37	41.755
8.38	41.732
8.40	41.732
8.38	41.732
8.38	41.688
8.41	41.688
8.38	41.710
8.34	41.732
8.28	41.218
8.32	41.173
8.28	41.218
8.39	41.262
8.36	41.195
8.53	44.627
8.62	44.605
8.61	44.627
8.65	44.627
8.64	44.583
8.90	46.722
8.94	46.722
8.94	46.722
8.95	46.700
8.95	46.700
9.36	48.862
9.35	48.929
9.39	48.884
9.35	48.862
9.43	48.884
9.38	48.037
9.38	47.970
9.41	48.015
9.40	48.037
9.40	48.015
9.90	51.068
9.89	51.091
9.87	51.091
9.86	51.046
9.83	51.091
10.41	53.141
10.44	53.096
10.38	53.119
10.41	53.141
10.38	53.074
10.94	55.503
10.90	55.481
10.98	55.414
10.98	55.481
11.01	55.526
11.38	57.554
11.38	57.554
11.33	57.487
11.36	57.576
11.33	57.576
11.49	57.710
11.42	57.687
11.47	57.687
11.47	57.687
11.52	57.643
11.46	57.041
11.56	57.019
11.52	57.019
11.53	56.997
11.53	56.952
12.04	59.938
12.06	59.983
12.00	59.916
12.04	59.938
11.99	59.938
12.57	62.212
12.64	62.278
12.60	62.256
12.59	62.189
12.59	62.234
13.20	64.329
13.12	64.373
13.14	64.307
13.11	64.351
13.19	64.284
13.74	66.602
13.71	66.647
13.73	66.624
13.68	66.624
13.73	66.580
13.66	65.198
13.73	65.220
13.69	65.198
13.78	65.220
13.77	65.176
13.76	64.908
13.70	64.864
13.72	64.931
13.67	64.908
13.75	64.886
13.87	66.647
13.88	66.714
13.81	66.669
13.87	66.647
13.84	66.669
14.36	68.808
14.32	68.831
14.34	68.808
14.26	68.808
14.31	68.786
14.76	70.903
14.80	70.903
14.77	70.948
14.83	70.903
14.84	70.881
15.46	73.221
15.45	73.243
15.47	73.221
15.47	73.199
15.42	73.266
16.02	75.517
15.96	75.517
16.02	75.472
16.00	75.472
16.05	75.450
16.60	77.812
16.62	77.723
16.57	77.768
16.66	77.745
16.63	77.745
17.19	79.751
17.26	79.729
17.24	79.729
17.31	79.707
17.30	79.684
17.66	81.021
17.62	81.021
17.62	80.955
17.57	80.955
17.60	80.955
17.64	79.796
17.59	79.796
17.65	79.773
17.64	79.773
17.69	79.751
18.08	82.091
18.05	82.136
18.05	82.091
18.01	82.114
18.08	82.069
18.81	84.364
18.79	84.387
18.79	84.387
18.73	84.364
18.77	84.364
19.11	85.055
19.11	85.100
19.11	85.122
19.10	85.055
19.01	85.055
19.36	86.125
19.36	86.147
19.38	86.125
19.37	86.103
19.36	86.103
19.49	86.125
19.55	86.103
19.55	86.125
19.58	86.103
19.59	86.103
20.02	87.106
19.99	87.195
19.93	87.173
19.93	87.150
19.90	87.128
20.06	83.830
20.06	83.807
20.05	83.807
20.04	83.830
20.00	83.807
20.07	81.919
20.13	81.941
20.13	81.897
20.12	81.941
20.09	81.919
20.14	81.607
20.12	81.540
20.07	81.607
20.06	81.584
19.98	81.584
19.89	77.774
19.89	77.751
19.83	77.751
19.88	77.751
19.87	77.751
19.70	75.300
19.73	75.300
19.68	75.322
19.70	75.300
19.71	75.322
19.50	71.310
19.49	71.310
19.50	71.333
19.50	71.333
19.54	71.355
19.17	66.719
19.13	66.719
19.17	66.697
19.09	66.697
19.11	66.742
19.09	67.031
19.15	66.987
19.13	67.054
19.15	67.009
19.16	67.031
18.74	62.307
18.68	62.262
18.75	62.262
18.74	62.262
18.81	62.284
18.49	57.872
18.45	57.894
18.46	57.872
18.39	57.916
18.41	57.894
18.01	53.570
17.99	53.526
18.06	53.548
18.06	53.548
18.09	53.570
17.96	52.233
17.97	52.300
17.98	52.278
17.97	52.300
17.98	52.255
17.86	53.147
17.92	53.147
17.90	53.191
17.94	53.169
17.96	53.169
17.64	49.046
17.60	49.068
17.59	49.046
17.60	49.046
17.56	49.068
17.16	44.477
17.10	44.477
17.17	44.500
17.18	44.455
17.18	44.522
17.15	45.408
17.13	45.430
17.15	45.408
17.14	45.430
17.07	45.430
16.69	40.170
16.68	40.237
16.70	40.170
16.73	40.193
16.75	40.170
16.17	35.423
16.20	35.446
16.16	35.446
16.20	35.513
16.16	35.468
15.78	31.211
15.77	31.189
15.73	31.278
15.74	31.189
15.67	31.256
15.21	26.865
15.16	26.910
15.19	26.888
15.17	26.910
15.23	26.865
14.68	22.297
14.67	22.341
14.66	22.297
14.65	22.319
14.60	22.319
14.57	23.188
14.53	23.188
14.55	23.210
14.54	23.210
14.56	23.121
14.54	23.567
14.55	23.456
14.51	23.478
14.53	23.500
14.51	23.478
14.01	17.772
14.01	17.795
14.01	17.884
13.98	17.817
13.98	17.817
13.28	13.560
13.24	13.427
13.27	13.427
13.25	13.337
13.31	13.427
12.51	9.058
12.49	9.014
12.42	9.081
12.47	9.014
12.42	9.036
12.06	6.696
12.06	6.696
12.04	6.741
12.02	6.696
11.95	6.718
11.50	4.601
11.45	4.601
11.50	4.623
11.45	4.623
11.49	4.601
11.01	3.108
11.04	3.108
10.99	3.130
11.04	3.152
11.03	3.130
11.11	3.554
11.09	3.554
11.12	3.554
11.14	3.576
11.11	3.576
10.99	3.888
11.02	3.866
10.97	3.888
11.04	3.866
11.01	3.888
11.11	3.888
11.10	3.888
11.08	3.888
11.07	3.843
11.02	3.888
11.05	3.866
11.01	3.910
11.03	3.843
10.98	3.866
11.07	3.866
11.03	4.109
11.04	4.131
11.08	4.064
11.08	4.064
11.09	4.087
10.95	3.351
10.96	3.396
10.89	3.396
10.95	3.351
10.93	3.418
10.90	4.198
10.99	4.220
10.96	4.220
10.99	4.220
10.95	4.265
10.85	3.017
10.89	3.017
10.86	3.017
10.92	2.972
10.94	2.994
10.84	2.682
10.77	2.638
10.84	2.660
10.82	2.660
10.88	2.660
10.77	2.571
10.73	2.549
10.83	2.549
10.81	2.549
10.88	2.549
10.71	2.437
10.66	2.437
10.75	2.460
10.74	2.482
10.79	2.482
10.15	0.298
10.05	0.276
10.05	0.276
10.00	0.298
10.04	0.276
10.12	0.677
10.04	0.654
10.04	0.654
9.99	0.677
10.05	0.632
10.02	0.877
10.09	0.877
10.07	0.877
10.09	0.877
10.12	0.877
10.07	1.323
10.06	1.301
10.04	1.301
9.98	1.368
10.05	1.323
10.08	1.301
10.00	1.301
10.01	1.323
9.96	1.345
10.00	1.278
10.05	1.278
10.04	1.278
10.00	1.301
10.02	1.345
9.96	1.301
10.07	1.323
10.03	1.278
10.01	1.256
10.00	1.301
10.00	1.278
10.02	1.992
9.95	1.969
10.01	1.969
9.98	1.992
10.01	1.992
10.10	3.045
10.04	2.978
10.09	3.045
10.05	3.022
10.08	3.045
10.21	3.288
10.12	3.288
10.23	3.266
10.25	3.288
10.26	3.221
10.22	3.288
10.22	3.244
10.16	3.266
10.22	3.266
10.23	3.221
10.27	3.266
10.17	3.221
10.19	3.221
10.20	3.221
10.30	3.266
10.29	3.556
10.22	3.622
10.18	3.578
10.28	3.489
10.29	3.511
10.21	3.466
10.24	3.400
10.22	3.377
10.25	3.444
10.25	3.400
10.22	3.154
10.27	3.065
10.24	3.110
10.16	3.132
10.24	3.132
10.27	2.887
10.17	2.909
10.20	2.865
10.18	2.909
10.27	2.887
10.13	2.709
10.13	2.664
10.23	2.597
10.23	2.686
10.18	2.642
10.17	2.553
10.19	2.553
10.26	2.553
10.20	2.597
10.12	2.597
10.17	2.486
10.15	2.508
10.19	2.486
10.22	2.464
10.17	2.530
10.17	2.040
10.13	2.062
10.13	2.018
10.08	2.040
10.15	2.040
10.05	2.218
10.14	2.218
10.15	2.241
10.17	2.218
10.11	2.263
9.98	0.993
9.99	0.948
9.95	0.970
9.89	0.970
9.95	0.926
9.52	0.190
9.51	0.168
9.51	0.168
9.52	0.190
9.52	0.190
9.73	0.547
9.70	0.502
9.72	0.525
9.72	0.525
9.70	0.502
6.23	-5.560
6.22	-5.560
6.14	-5.582
6.22	-5.515
6.21	-5.537
5.11	-6.629
5.05	-6.629
5.09	-6.629
5.07	-6.607
5.12	-6.652
5.12	-6.340
5.13	-6.362
5.15	-6.362
5.10	-6.317
5.01	-6.317
3.96	-7.632
4.02	-7.610
4.01	-7.655
4.08	-7.610
4.04	-7.632
3.05	-8.747
3.09	-8.747
3.08	-8.702
3.13	-8.747
3.12	-8.724
2.14	-10.173
2.15	-10.128
2.12	-10.151
2.04	-10.173
2.13	-10.128
1.57	-11.020
1.56	-11.020
1.59	-11.042
1.57	-11.042
1.53	-11.020
0.45	-13.182
0.39	-13.182
0.45	-13.182
0.44	-13.249
0.41	-13.182
0.40	-12.246
0.45	-12.223
0.43	-12.268
0.35	-12.268
0.39	-12.268
0.42	-12.335
0.41	-12.290
0.38	-12.357
0.35	-12.290
0.43	-12.335
-0.24	-14.430
-0.17	-14.452
-0.13	-14.430
-0.18	-14.430
-0.17	-14.407
-0.65	-15.477
-0.55	-15.433
-0.58	-15.455
-0.57	-15.455
-0.58	-15.455
-0.66	-14.786
-0.62	-14.809
-0.66	-14.809
-0.57	-14.786
-0.57	-14.831
-1.39	-17.728
-1.37	-17.706
-1.41	-17.728
-1.45	-17.706
-1.42	-17.706
-2.11	-19.935
-2.15	-19.912
-2.12	-19.890
-2.12	-19.912
-2.18	-19.890
-2.56	-21.160
-2.58	-21.160
-2.63	-21.183
-2.58	-21.138
-2.55	-21.272
-2.57	-20.068
-2.57	-20.091
-2.58	-20.091
-2.63	-20.135
-2.62	-20.068
-2.60	-20.113
-2.62	-20.157
-2.61	-20.113
-2.62	-20.113
-2.57	-20.135
-3.02	-22.431
-3.02	-22.475
-2.99	-22.408
-3.03	-22.386
-3.02	-22.386
-3.03	-21.807
-3.08	-21.740
-3.07	-21.784
-3.07	-21.784
-3.00	-21.784
-4.06	-26.308
-4.10	-26.286
-4.03	-26.286
-4.07	-26.308
-4.09	-26.308
-4.13	-26.620
-4.18	-26.598
-4.14	-26.620
-4.14	-26.598
-4.19	-26.576
-4.67	-28.805
-4.68	-28.827
-4.68	-28.805
-4.72	-28.805
-4.78	-28.827
-5.34	-31.011
-5.29	-31.011
-5.29	-30.989
-5.20	-31.011
-5.22	-30.989
-5.91	-33.217
-5.81	-33.240
-5.83	-33.195
-5.78	-33.217
-5.82	-33.195
-6.36	-35.557
-6.32	-35.535
-6.37	-35.513
-6.43	-35.513
-6.37	-35.513
-6.94	-37.719
-6.90	-37.697
-6.94	-37.675
-6.87	-37.652
-6.91	-37.697
-7.39	-39.948
-7.42	-39.948
-7.41	-39.948
-7.44	-39.903
-7.38	-39.948
-7.41	-39.168
-7.45	-39.146
-7.49	-39.123
-7.42	-39.190
-7.41	-39.146
-7.95	-42.199
-7.95	-42.199
-8.00	-42.177
-7.96	-42.177
-7.97	-42.199
-8.45	-44.405
-8.49	-44.383
-8.48	-44.427
-8.48	-44.383
-8.41	-44.361
-8.46	-43.335
-8.44	-43.335
-8.53	-43.335
-8.49	-43.335
-8.51	-43.291
-8.49	-42.867
-8.52	-42.867
-8.53	-42.867
-8.49	-42.845
-8.55	-42.867
-8.99	-46.545
-9.03	-46.545
-8.97	-46.522
-9.01	-46.545
-8.92	-46.522
-9.50	-48.974
-9.47	-48.952
-9.51	-48.974
-9.53	-48.907
-9.54	-48.974
-9.69	-49.955
-9.73	-49.955
-9.78	-49.955
-9.72	-49.955
-9.72	-49.932
-9.76	-48.840
-9.78	-48.840
-9.71	-48.885
-9.74	-48.862
-9.72	-48.862
-10.05	-51.180
-9.98	-51.136
-10.03	-51.203
-10.07	-51.158
-10.09	-51.180
-10.49	-53.231
-10.50	-53.275
-10.52	-53.253
-10.48	-53.231
-10.48	-53.253
-10.99	-55.548
-11.01	-55.615
-10.98	-55.571
-11.01	-55.571
-11.05	-55.615
-11.02	-55.058
-11.03	-55.103
-10.97	-55.080
-10.98	-55.080
-10.97	-55.058
-11.11	-53.164
-11.01	-53.209
-11.04	-53.231
-11.01	-53.209
-11.07	-53.209
-11.05	-53.097
-11.08	-53.030
-11.09	-53.075
-11.09	-53.030
-11.01	-53.053
-11.24	-55.682
-11.17	-55.705
-11.23	-55.705
-11.28	-55.705
-11.28	-55.705
-11.55	-57.755
-11.54	-57.711
-11.58	-57.755
-11.52	-57.755
-11.52	-57.711
-12.01	-59.939
-12.07	-60.006
-11.94	-59.939
-11.97	-59.961
-11.97	-59.917
-12.57	-62.458
-12.55	-62.502
-12.56	-62.458
-12.60	-62.480
-12.56	-62.458
-12.60	-61.232
-12.62	-61.210
-12.59	-61.210
-12.63	-61.232
-12.57	-61.254
-13.01	-64.397
-13.01	-64.397
-13.06	-64.374
-13.05	-64.374
-13.12	-64.374
-13.59	-66.670
-13.60	-66.625
-13.54	-66.670
-13.54	-66.670
-13.54	-66.625
-13.58	-65.154
-13.56	-65.132
-13.59	-65.154
-13.64	-65.154
-13.59	-65.154
-13.58	-64.196
-13.62	-64.196
-13.64	-64.218
-13.62	-64.173
-13.61	-64.173
-13.81	-66.781
-13.83	-66.736
-13.86	-66.736
-13.82	-66.736
-13.79	-66.781
-14.13	-69.010
-14.15	-68.965
-14.18	-68.965
-14.16	-68.920
-14.18	-68.965
-14.59	-70.993
-14.63	-70.971
-14.68	-70.948
-14.62	-70.993
-14.64	-70.926
-15.20	-73.266
-15.12	-73.289
-15.14	-73.222
-15.18	-73.244
-15.20	-73.222
-15.17	-72.486
-15.20	-72.509
-15.27	-72.531
-15.18	-72.464
-15.21	-72.531
-15.20	-72.330
-15.21	-72.286
-15.16	-72.330
-15.23	-72.308
-15.17	-72.308
-15.51	-74.381
-15.49	-74.403
-15.49	-74.381
-15.46	-74.358
-15.51	-74.336
-15.72	-75.495
-15.75	-75.450
-15.76	-75.450
-15.78	-75.450
-15.78	-75.428
-15.81	-74.269
-15.84	-74.336
-15.76	-74.247
-15.78	-74.269
-15.85	-74.314
-15.78	-74.069
-15.82	-74.046
-15.83	-74.046
-15.74	-74.046
-15.79	-74.069
-16.41	-77.724
-16.44	-77.724
-16.44	-77.724
-16.35	-77.701
-16.44	-77.724
-17.01	-79.841
-17.01	-79.841
-16.91	-79.841
-16.98	-79.841
-16.97	-79.796
-17.39	-81.089
-17.30	-81.111
-17.33	-81.089
-17.40	-81.067
-17.34	-81.022
-17.64	-82.114
-17.68	-82.159
-17.60	-82.181
-17.63	-82.136
-17.66	-82.136
-17.63	-80.465
-17.70	-80.487
-17.74	-80.465
-17.65	-80.487
-17.67	-80.465
-17.69	-80.153
-17.72	-80.153
-17.72	-80.153
-17.61	-80.175
-17.65	-80.131
-17.84	-82.292
-17.85	-82.292
-17.85	-82.292
-17.90	-82.270
-17.89	-82.270
-18.33	-84.432
-18.29	-84.432
-18.31	-84.432
-18.33	-84.387
-18.35	-84.410
-18.35	-82.983
-18.35	-83.006
-18.36	-83.006
-18.40	-82.983
-18.35	-83.006
-18.78	-85.457
-18.78	-85.435
-18.81	-85.457
-18.82	-85.435
-18.70	-85.412
-19.19	-86.638
-19.20	-86.594
-19.12	-86.571
-19.13	-86.594
-19.18	-86.571
-19.53	-87.597
-19.58	-87.641
-19.54	-87.597
-19.56	-87.552
-19.57	-87.597
-19.95	-88.822
-19.91	-88.800
-19.97	-88.778
-20.01	-88.822
-19.95	-88.733
-19.99	-87.374
-19.98	-87.351
-20.01	-87.396
-20.04	-87.396
-19.99	-87.374
-20.32	-89.380
-20.31	-89.357
-20.35	-89.335
-20.38	-89.357
-20.34	-89.313
-20.72	-90.405
-20.69	-90.382
-20.71	-90.360
-20.67	-90.382
-20.72	-90.382
-20.72	-89.491
-20.73	-89.491
-20.69	-89.491
-20.71	-89.424
-20.75	-89.513
-20.68	-88.711
-20.70	-88.689
-20.76	-88.689
-20.75	-88.711
-20.76	-88.689
-20.69	-87.819
-20.74	-87.864
-20.74	-87.819
-20.77	-87.819
-20.76	-87.819
-20.76	-87.129
-20.70	-87.106
-20.74	-87.062
-20.73	-87.106
-20.79	-87.106
-20.71	-86.995
-20.76	-86.950
-20.77	-86.906
-20.71	-86.950
-20.75	-86.973
-20.80	-86.772
-20.75	-86.794
-20.74	-86.794
-20.71	-86.772
-20.78	-86.750
-20.77	-85.860
-20.78	-85.882
-20.76	-85.860
-20.78	-85.860
-20.79	-85.838
-20.81	-85.660
-20.79	-85.682
-20.80	-85.682
-20.76	-85.660
-20.77	-85.682
-20.83	-85.080
-20.81	-85.036
-20.77	-85.058
-20.77	-85.080
-20.79	-85.080
-20.78	-85.102
-20.80	-85.058
-20.79	-85.080
-20.73	-85.080
-20.81	-85.169
-20.78	-84.902
-20.81	-84.857
-20.77	-84.902
-20.78	-84.880
-20.76	-84.880
-20.77	-82.985
-20.71	-82.963
-20.76	-82.985
-20.83	-82.985
-20.74	-83.007
-20.65	-79.887
-20.60	-79.821
-20.61	-79.887
-20.68	-79.865
-20.63	-79.865
-20.30	-75.720
-20.33	-75.675
-20.38	-75.675
-20.31	-75.720
-20.33	-75.675
-20.00	-71.040
-20.02	-71.084
-20.01	-71.062
-19.94	-71.084
-19.95	-71.062
-19.58	-66.649
-19.57	-66.605
-19.60	-66.605
-19.63	-66.627
-19.65	-66.627
-19.45	-65.379
-19.49	-65.379
-19.53	-65.423
-19.44	-65.423
-19.45	-65.401
-19.47	-65.691
-19.51	-65.713
-19.47	-65.691
-19.48	-65.669
-19.45	-65.691
-19.50	-65.891
-19.43	-65.825
-19.47	-65.847
-19.51	-65.891
-19.49	-65.847
-19.18	-62.236
-19.15	-62.214
-19.16	-62.192
-19.21	-62.214
-19.21	-62.236
-19.21	-62.303
-19.13	-62.370
-19.16	-62.326
-19.22	-62.348
-19.21	-62.348
-19.19	-62.415
-19.19	-62.459
-19.21	-62.370
-19.23	-62.459
-19.15	-62.392
-19.17	-62.482
-19.24	-62.504
-19.20	-62.482
-19.20	-62.482
-19.15	-62.415
-19.05	-60.788
-19.03	-60.810
-19.04	-60.810
-19.07	-60.855
-19.06	-60.832
-18.98	-62.014
-19.01	-62.014
-19.05	-61.991
-19.02	-61.991
-19.01	-62.014
-18.65	-57.757
-18.67	-57.779
-18.67	-57.801
-18.68	-57.735
-18.70	-57.779
-18.36	-53.723
-18.31	-53.723
-18.34	-53.723
-18.34	-53.678
-18.26	-53.745
-18.31	-53.946
-18.27	-53.924
-18.30	-53.946
-18.35	-53.946
-18.35	-53.901
-17.90	-49.444
-17.92	-49.399
-17.83	-49.399
-17.87	-49.399
-17.90	-49.399
-17.45	-45.321
-17.52	-45.299
-17.47	-45.276
-17.47	-45.299
-17.46	-45.276
-17.42	-45.031
-17.31	-45.031
-17.35	-45.053
-17.34	-45.053
-17.39	-45.009
-17.38	-45.590
-17.31	-45.612
-17.36	-45.612
-17.40	-45.612
-17.36	-45.634
-17.34	-46.035
-17.40	-46.058
-17.34	-46.035
-17.34	-46.058
-17.38	-46.058
-16.87	-40.798
-16.93	-40.754
-16.96	-40.776
-16.86	-40.754
-16.89	-40.731
-16.54	-36.675
-16.44	-36.675
-16.43	-36.675
-16.44	-36.675
-16.48	-36.608
-16.01	-32.753
-15.99	-32.730
-15.97	-32.753
-15.98	-32.753
-16.00	-32.708
-15.68	-30.814
-15.74	-30.814
-15.79	-30.814
-15.73	-30.814
-15.72	-30.814
-15.53	-29.296
-15.45	-29.318
-15.51	-29.340
-15.55	-29.318
-15.51	-29.296
-15.29	-26.777
-15.18	-26.777
-15.20	-26.777
-15.23	-26.733
-15.22	-26.777
-14.59	-22.209
-14.60	-22.186
-14.55	-22.209
-14.59	-22.164
-14.59	-22.186
-14.26	-20.002
-14.18	-20.002
-14.21	-20.047
-14.27	-20.024
-14.24	-20.024
-14.22	-20.470
-14.24	-20.470
-14.21	-20.448
-14.25	-20.448
-14.19	-20.426
-14.23	-20.715
-14.24	-20.760
-14.25	-20.671
-14.21	-20.738
-14.22	-20.738
-14.24	-21.250
-14.16	-21.250
-14.19	-21.250
-14.27	-21.228
-14.19	-21.273
-13.78	-17.662
-13.79	-17.640
-13.84	-17.662
-13.83	-17.662
-13.81	-17.707
-13.45	-15.589
-13.47	-15.589
-13.51	-15.589
-13.53	-15.589
-13.46	-15.612
-13.15	-13.405
-13.08	-13.405
-13.10	-13.383
-13.09	-13.428
-13.13	-13.383
-12.64	-11.043
-12.66	-11.065
-12.64	-11.088
-12.66	-11.110
-12.70	-11.065
-12.17	-8.926
-12.17	-8.903
-12.22	-8.881
-12.12	-8.926
-12.14	-8.903
-11.56	-6.920
-11.60	-6.898
-11.65	-6.942
-11.64	-6.920
-11.66	-6.920
-11.60	-7.343
-11.64	-7.343
-11.66	-7.321
-11.66	-7.321
-11.57	-7.343
-11.61	-7.499
-11.58	-7.522
-11.61	-7.544
-11.64	-7.522
-11.61	-7.522
-11.45	-6.563
-11.48	-6.519
-11.46	-6.563
-11.47	-6.586
-11.52	-6.563
-8.95	-0.212
-8.95	-0.212
-8.96	-0.234
-8.96	-0.234
-8.96	-0.234
-8.72	0.345
-8.74	0.301
-8.73	0.323
-8.76	0.256
-8.75	0.279
-8.41	1.103
-8.45	1.148
-8.48	1.081
-8.42	1.125
-8.40	1.125
-7.49	2.218
-7.41	2.195
-7.46	2.284
-7.50	2.218
-7.47	2.173
-7.48	1.727
-7.47	1.616
-7.44	1.816
-7.48	1.727
-7.51	1.772
-7.43	1.613
-7.46	1.613
-7.43	1.613
-7.44	1.613
-7.45	1.569
-7.42	1.636
-7.48	1.613
-7.45	1.613
-7.46	1.524
-7.43	1.658
-6.30	3.352
-6.32	3.329
-6.24	3.262
-6.28	3.307
-6.36	3.262
-6.28	2.906
-6.31	2.906
-6.23	2.884
-6.28	2.906
-6.33	2.817
-4.95	4.355
-4.98	4.355
-4.96	4.310
-4.97	4.355
-4.99	4.355
-3.94	5.447
-3.93	5.424
-3.84	5.491
-3.88	5.491
-3.97	5.491
-2.92	6.605
-2.92	6.605
-2.94	6.717
-2.98	6.650
-2.93	6.628
-2.27	7.764
-2.14	7.742
-2.16	7.742
-2.22	7.764
-2.17	7.742
-2.19	7.386
-2.16	7.386
-2.16	7.363
-2.17	7.363
-2.15	7.408
-1.50	8.879
-1.47	8.856
-1.49	8.834
-1.51	8.879
-1.46	8.834
-1.44	8.901
-1.44	8.901
-1.50	8.901
-1.43	8.856
-1.45	8.856
-0.80	10.015
-0.83	9.971
-0.92	9.971
-0.82	10.015
-0.82	10.015
-0.26	11.263
-0.30	11.241
-0.28	11.241
-0.24	11.219
-0.24	11.219
0.53	13.291
0.62	13.269
0.63	13.247
0.59	13.269
0.66	13.225
1.48	15.542
1.46	15.542
1.38	15.476
1.42	15.542
1.45	15.520
2.21	17.793
2.15	17.816
2.15	17.771
2.18	17.816
2.19	17.793
2.86	19.977
2.93	20.022
2.91	19.977
2.82	19.955
2.87	19.911
3.49	22.162
3.54	22.184
3.53	22.206
3.48	22.206
3.56	22.162
3.55	21.515
3.54	21.471
3.58	21.537
3.55	21.537
3.50	21.493
3.51	21.181
3.57	21.092
3.54	21.092
3.49	21.114
3.59	21.069
4.22	24.390
4.23	24.323
4.15	24.323
4.19	24.346
4.18	24.323
4.84	26.753
4.84	26.708
4.87	26.730
4.79	26.686
4.78	26.708
5.42	28.825
5.44	28.825
5.47	28.803
5.43	28.781
5.39	28.803
5.98	31.143
6.08	31.188
6.07	31.143
5.99	31.143
6.04	31.143
6.46	32.480
6.39	32.458
6.35	32.458
6.42	32.480
6.41	32.480
6.48	31.611
6.44	31.633
6.36	31.611
6.44	31.589
6.45	31.589
6.67	33.394
6.61	33.394
6.70	33.372
6.69	33.349
6.66	33.372
6.74	32.681
6.74	32.681
6.71	32.636
6.68	32.658
6.72	32.658
7.15	35.578
7.22	35.511
7.22	35.578
7.14	35.556
7.20	35.511
7.85	37.762
7.78	37.740
7.86	37.718
7.89	37.718
7.82	37.740
8.29	39.946
8.20	39.968
8.28	39.902
8.31	39.968
8.25	40.013
8.87	42.353
8.89	42.353
8.82	42.309
8.80	42.286
8.89	42.398
9.35	44.493
9.38	44.404
9.40	44.448
9.38	44.448
9.32	44.426
9.32	43.601
9.41	43.579
9.45	43.557
9.38	43.601
9.37	43.579
9.44	42.710
9.44	42.710
9.40	42.732
9.40	42.710
9.41	42.710
9.41	41.732
9.40	41.732
9.49	41.709
9.42	41.687
9.38	41.732
9.60	44.428
9.66	44.451
9.62	44.451
9.64	44.495
9.65	44.428
10.00	47.125
10.04	47.080
10.04	47.125
10.02	47.103
9.99	47.125
10.44	48.952
10.38	48.952
10.40	48.952
10.48	48.930
10.42	48.908
10.89	51.025
10.93	51.025
10.99	51.025
10.88	51.003
10.92	51.003
11.48	53.566
11.52	53.544
11.48	53.544
11.44	53.521
11.52	53.499
12.01	55.594
12.03	55.594
11.92	55.572
12.05	55.549
12.06	55.594
12.50	57.867
12.57	57.867
12.59	57.845
12.60	57.823
12.57	57.867
13.11	60.007
13.14	60.118
13.12	60.140
13.02	60.096
13.17	60.051
13.06	58.781
13.09	58.759
13.16	58.759
13.12	58.803
13.12	58.759
13.64	62.235
13.64	62.235
13.62	62.235
13.70	62.235
13.62	62.168
13.60	61.455
13.70	61.322
13.73	61.411
13.60	61.366
13.66	61.433
14.22	64.486
14.21	64.486
14.09	64.464
14.21	64.442
14.20	64.486
14.64	66.826
14.77	66.782
14.77	66.826
14.64	66.804
14.72	66.759
15.32	69.010
15.21	68.988
15.31	68.966
15.35	69.010
15.32	68.988
15.78	71.217
15.85	71.172
15.86	71.150
15.86	71.217
15.86	71.128
16.47	73.579
16.44	73.646
16.52	73.601
16.50	73.601
16.47	73.579
17.05	75.719
17.00	75.630
17.06	75.607
17.11	75.630
17.05	75.674
17.04	74.983
17.06	74.939
17.07	74.916
17.12	74.939
17.10	74.983
17.68	77.791
17.74	77.791
17.78	77.769
17.73	77.791
17.64	77.702
18.12	79.285
18.19	79.240
18.24	79.240
18.20	79.351
18.19	79.218
18.60	80.555
18.59	80.533
18.60	80.533
18.67	80.488
18.64	80.555
18.62	79.039
18.64	79.017
18.63	79.017
18.71	79.039
18.68	79.039
18.66	78.750
18.63	78.861
18.65	78.794
18.69	78.817
18.68	78.817
19.10	81.714
19.15	81.625
19.14	81.647
19.12	81.669
19.03	81.647
19.49	83.006
19.51	83.006
19.61	82.984
19.62	82.984
19.50	82.962
19.79	83.608
19.81	83.675
19.83	83.608
19.79	83.630
19.72	83.541
19.64	81.201
19.70	81.223
19.72	81.223
19.66	81.201
19.65	81.223
19.62	80.755
19.62	80.733
19.66	80.733
19.64	80.689
19.59	80.711
19.71	79.975
19.61	79.953
19.59	79.909
19.65	79.909
19.62	79.909
19.63	78.794
19.58	78.727
19.64	78.772
19.66	78.817
19.66	78.772
19.64	77.970
19.55	77.992
19.67	77.970
19.69	77.947
19.56	77.992
19.61	77.118
19.55	77.230
19.71	77.207
19.63	77.163
19.56	77.163
19.66	77.051
19.57	77.096
19.66	77.096
19.66	77.096
19.60	77.051
19.59	77.029
19.65	77.007
19.65	77.029
19.57	77.074
19.70	77.051
19.65	76.962
19.61	77.007
19.59	77.029
19.70	76.985
19.61	77.029
19.55	77.965
19.66	77.987
19.63	77.965
19.57	77.965
19.71	78.010
19.57	77.965
19.72	77.898
19.65	77.921
19.59	77.921
19.65	77.987
19.61	76.026
19.68	76.049
19.69	76.049
19.64	76.026
19.66	76.004
19.43	72.126
19.43	72.171
19.48	72.148
19.45	72.215
19.48	72.171
19.12	66.755
19.10	66.755
19.03	66.755
19.17	66.777
19.12	66.755
19.07	67.000
19.12	67.022
19.03	66.978
19.08	66.956
19.09	66.978
19.05	67.089
19.09	67.045
19.04	67.022
19.08	67.112
19.09	67.022
18.59	61.183
18.68	61.183
18.69	61.206
18.57	61.117
18.71	61.161
18.25	55.656
18.17	55.634
18.16	55.656
18.16	55.634
18.18	55.634
18.24	56.503
18.07	56.525
18.20	56.548
18.20	56.548
18.10	56.525
17.67	50.040
17.67	50.107
17.67	50.062
17.58	50.018
17.66	50.085
17.64	50.285
17.65	50.285
17.60	50.196
17.60	50.285
17.67	50.241
17.68	50.419
17.63	50.441
17.57	50.464
17.70	50.464
17.66	50.508
17.13	44.602
17.22	44.558
17.13	44.624
17.07	44.602
17.16	44.580
17.15	45.248
17.11	45.360
17.10	45.271
17.13	45.248
17.10	45.293
17.08	45.545
17.07	45.545
17.17	45.523
17.15	45.545
17.02	45.500
16.61	40.330
16.68	40.330
16.72	40.352
16.67	40.352
16.65	40.330
16.74	40.776
16.64	40.686
16.64	40.731
16.68	40.776
16.70	40.753
16.22	35.583
16.22	35.583
16.16	35.538
16.24	35.605
16.25	35.560
16.19	36.274
16.17	36.274
16.12	36.229
16.20	36.318
16.18	36.296
15.68	30.747
15.63	30.702
15.58	30.747
15.64	30.791
15.60	30.702
15.14	26.646
15.04	26.690
15.18	26.713
15.15	26.713
15.06	26.757
15.16	27.292
15.12	27.337
15.07	27.381
15.16	27.314
15.15	27.292
14.55	22.278
14.56	22.278
14.53	22.322
14.49	22.300
14.57	22.255
14.56	22.679
14.49	22.634
14.54	22.657
14.56	22.679
14.50	22.701
14.58	22.835
14.50	22.857
14.50	22.857
14.56	22.835
14.57	22.813
14.17	19.893
14.26	19.915
14.18	19.915
14.15	19.848
14.27	19.915
13.92	17.798
13.94	17.798
13.85	17.820
13.94	17.865
13.95	17.820
13.84	17.910
13.97	17.954
13.92	17.954
13.84	17.932
14.00	17.932
13.60	15.659
13.50	15.636
13.59	15.614
13.60	15.681
13.48	15.659
13.17	13.408
13.28	13.474
13.26	13.430
13.19	13.452
13.25	13.452
12.86	11.201
12.75	11.246
12.89	11.201
12.90	11.246
12.80	11.246
12.43	8.995
12.39	8.950
12.44	9.017
12.44	9.062
12.33	9.039
11.89	6.744
12.00	6.788
11.95	6.811
11.89	6.766
12.03	6.788
11.87	7.034
11.95	7.011
11.90	7.011
11.88	7.034
11.95	7.034
11.36	4.337
11.36	4.315
11.31	4.359
11.37	4.359
11.41	4.337
11.02	3.089
10.98	3.067
11.04	3.111
10.99	3.089
10.94	3.089
10.95	3.223
11.04	3.245
10.96	3.223
10.94	3.245
11.06	3.223
11.01	3.758
10.95	3.758
10.95	3.735
11.00	3.758
10.95	3.713
10.91	3.735
10.98	3.735
11.05	3.713
10.92	3.691
10.94	3.713
10.88	3.111
10.88	3.111
10.92	3.111
10.93	3.133
10.90	3.089
10.92	3.980
10.82	4.003
10.82	3.958
10.95	4.003
10.87	3.958
10.95	5.652
10.96	5.696
11.02	5.652
11.00	5.696
10.91	5.630
10.94	3.512
11.01	3.535
10.94	3.512
10.92	3.490
10.94	3.535
10.88	3.446
10.97	3.446
10.95	3.446
10.92	3.446
10.94	3.423
10.93	3.111
10.92	3.111
10.79	3.156
10.90	3.089
10.88	3.111
10.84	3.267
10.86	3.290
10.91	3.245
10.83	3.312
10.83	3.312
10.93	3.356
10.87	3.334
10.83	3.356
10.85	3.334
10.86	3.379
10.82	3.401
10.87	3.446
10.92	3.423
10.86	3.468
10.81	3.446
10.90	3.446
10.78	3.446
10.83	3.468
10.90	3.468
10.84	3.490
10.79	3.446
10.89	3.423
10.89	3.446
10.83	3.468
10.85	3.423
10.82	3.490
10.89	3.490
10.90	3.490
10.80	3.512
10.88	3.490
10.86	3.512
10.86	3.535
10.81	3.512
10.92	3.490
10.90	3.512
10.78	3.512
10.86	3.535
10.92	3.557
10.88	3.535
10.84	3.468
10.85	3.512
10.85	3.535
10.85	3.535
10.93	3.468
10.89	3.512
10.84	3.557
10.91	3.535
10.91	3.535
10.84	3.512
10.78	3.490
10.94	3.535
10.89	3.535
10.82	3.557
10.82	3.535
10.88	3.512
10.64	3.310
10.62	3.377
10.64	3.355
10.61	3.377
10.56	3.355
10.64	3.511
10.51	3.511
10.61	3.466
10.61	3.489
10.58	3.466
10.54	2.731
10.58	2.709
10.52	2.731
10.52	2.709
10.54	2.731
10.21	1.149
10.22	1.193
10.27	1.149
10.25	1.149
10.28	1.126
9.67	0.213
9.65	0.190
9.67	0.213
9.67	0.213
9.68	0.235
5.21	-6.473
5.18	-6.451
5.17	-6.473
5.18	-6.473
5.05	-6.451
5.13	-5.916
5.15	-5.894
5.12	-5.916
5.13	-5.916
5.19	-5.916
5.15	-5.872
5.18	-5.849
5.10	-5.894
5.14	-5.872
5.08	-5.894
5.14	-5.872
5.14	-5.894
5.11	-5.872
5.08	-5.827
5.16	-5.849
3.80	-7.655
3.68	-7.632
3.72	-7.677
3.76	-7.655
3.75	-7.655
2.79	-8.724
2.80	-8.702
2.72	-8.724
2.76	-8.724
2.84	-8.724
1.88	-9.928
1.77	-9.906
1.80	-9.928
1.85	-9.906
1.82	-9.928
1.76	-10.039
1.80	-10.017
1.76	-10.017
1.83	-10.039
1.74	-10.039
1.09	-10.998
1.10	-10.998
1.12	-10.975
1.13	-10.998
1.10	-10.953
-0.19	-13.293
-0.16	-13.315
-0.16	-13.293
-0.15	-13.293
-0.27	-13.271
-1.13	-15.433
-1.18	-15.410
-1.20	-15.410
-1.13	-15.410
-1.19	-15.388
-1.20	-14.430
-1.14	-14.497
-1.20	-14.474
-1.16	-14.430
-1.24	-14.452
-1.32	-15.433
-1.36	-15.433
-1.36	-15.455
-1.40	-15.433
-1.37	-15.410
-1.68	-16.569
-1.71	-16.547
-1.70	-16.569
-1.67	-16.525
-1.71	-16.547
-2.06	-17.661
-2.02	-17.728
-2.12	-17.684
-2.01	-17.661
-2.05	-17.684
-2.84	-20.024
-2.92	-19.979
-2.83	-20.024
-2.89	-20.001
-2.83	-19.979
-3.51	-22.141
-3.53	-22.119
-3.53	-22.096
-3.56	-22.074
-3.53	-22.096
-3.55	-21.272
-3.55	-21.294
-3.59	-21.294
-3.57	-21.249
-3.50	-21.272
-4.16	-24.325
-4.18	-24.303
-4.15	-24.303
-4.23	-24.303
-4.17	-24.325
-4.79	-26.554
-4.78	-26.509
-4.81	-26.531
-4.77	-26.531
-4.86	-26.487
-5.35	-28.738
-5.42	-28.715
-5.40	-28.715
-5.44	-28.715
-5.43	-28.738
-5.92	-30.989
-5.99	-30.966
-5.92	-30.966
-6.02	-30.966
-5.94	-30.966
-6.54	-33.284
-6.52	-33.240
-6.60	-33.262
-6.54	-33.240
-6.53	-33.262
-7.08	-35.468
-7.08	-35.491
-7.09	-35.446
-7.09	-35.446
-7.10	-35.379
-7.62	-37.652
-7.60	-37.652
-7.67	-37.630
-7.61	-37.652
-7.59	-37.630
-8.18	-39.881
-8.10	-39.903
-8.13	-39.903
-8.12	-39.859
-8.15	-39.859
-8.68	-42.132
-8.66	-42.154
-8.75	-42.154
-8.65	-42.132
-8.65	-42.154
-9.22	-44.361
-9.11	-44.361
-9.24	-44.316
-9.17	-44.361
-9.21	-44.294
-9.22	-43.135
-9.20	-43.157
-9.24	-43.135
-9.24	-43.157
-9.16	-43.135
-9.76	-46.678
-9.79	-46.678
-9.80	-46.701
-9.72	-46.634
-9.76	-46.656
-9.82	-44.895
-9.87	-44.895
-9.79	-44.895
-9.78	-44.872
-9.82	-44.872
-9.92	-46.678
-9.95	-46.700
-9.96	-46.678
-9.95	-46.700
-10.02	-46.678
-10.28	-48.795
-10.26	-48.795
-10.31	-48.817
-10.24	-48.817
-10.22	-48.773
-10.69	-51.157
-10.71	-51.113
-10.72	-51.135
-10.78	-51.135
-10.70	-51.113
-11.19	-53.230
-11.18	-53.230
-11.23	-53.208
-11.19	-53.185
-11.24	-53.230
-11.71	-55.481
-11.70	-55.436
-11.77	-55.436
-11.66	-55.458
-11.70	-55.458
-11.76	-54.389
-11.80	-54.344
-11.70	-54.389
-11.73	-54.344
-11.76	-54.344
-12.32	-57.576
-12.23	-57.598
-12.23	-57.598
-12.28	-57.598
-12.26	-57.620
-12.79	-59.894
-12.71	-59.849
-12.77	-59.849
-12.80	-59.894
-12.75	-59.894
-13.30	-62.033
-13.29	-62.011
-13.26	-62.011
-13.25	-62.011
-13.29	-61.988
-13.76	-64.373
-13.82	-64.351
-13.77	-64.351
-13.82	-64.373
-13.83	-64.351
-14.32	-66.579
-14.30	-66.535
-14.29	-66.513
-14.31	-66.513
-14.30	-66.490
-14.34	-65.153
-14.30	-65.086
-14.36	-65.109
-14.30	-65.109
-14.36	-65.131
-14.39	-64.819
-14.33	-64.841
-14.33	-64.797
-14.34	-64.819
-14.34	-64.886
-14.98	-69.053
-14.88	-68.986
-14.87	-68.942
-14.91	-68.986
-14.94	-68.964
-15.35	-70.970
-15.34	-70.925
-15.34	-70.948
-15.38	-70.925
-15.33	-70.903
-15.42	-69.610
-15.38	-69.655
-15.33	-69.633
-15.33	-69.610
-15.40	-69.633
-15.76	-72.396
-15.84	-72.419
-15.80	-72.374
-15.83	-72.419
-15.80	-72.352
-16.27	-74.202
-16.27	-74.202
-16.23	-74.179
-16.19	-74.157
-16.25	-74.179
-16.82	-76.564
-16.85	-76.542
-16.87	-76.542
-16.91	-76.519
-16.84	-76.519
-17.48	-78.815
-17.55	-78.859
-17.53	-78.815
-17.57	-78.859
-17.54	-78.815
-17.59	-77.678
-17.52	-77.701
-17.58	-77.678
-17.55	-77.723
-17.52	-77.678
-18.24	-80.776
-18.31	-80.754
-18.22	-80.798
-18.21	-80.754
-18.24	-80.754
-18.92	-82.648
-18.86	-82.626
-18.86	-82.670
-18.88	-82.648
-18.86	-82.626
-19.40	-83.941
-19.35	-83.896
-19.43	-83.941
-19.38	-83.918
-19.38	-83.896
-19.39	-82.782
-19.42	-82.760
-19.40	-82.760
-19.47	-82.804
-19.39	-82.737
-20.21	-85.746
-20.17	-85.746
-20.22	-85.768
-20.19	-85.724
-20.17	-85.701
-20.19	-84.386
-20.22	-84.364
-20.22	-84.364
-20.25	-84.342
-20.16	-84.364
-20.10	-80.865
-20.05	-80.865
-20.02	-80.865
-20.11	-80.843
-20.07	-80.887
-20.00	-77.790
-20.06	-77.790
-20.01	-77.790
-19.99	-77.812
-20.04	-77.790
-20.05	-78.035
-19.96	-78.079
-20.01	-78.057
-20.03	-78.079
-19.98	-78.013
-19.58	-72.151
-19.63	-72.129
-19.61	-72.129
-19.64	-72.129
-19.65	-72.129
-19.20	-66.624
-19.17	-66.646
-19.19	-66.624
-19.24	-66.624
-19.14	-66.602
-19.19	-66.958
-19.15	-66.981
-19.12	-66.958
-19.21	-66.981
-19.17	-66.981
-18.69	-61.164
-18.70	-61.142
-18.70	-61.142
-18.70	-61.142
-18.69	-61.208
-18.65	-61.922
-18.71	-61.899
-18.70	-61.922
-18.62	-61.899
-18.70	-61.944
-18.15	-55.525
-18.13	-55.503
-18.14	-55.503
-18.14	-55.503
-18.08	-55.503
-17.59	-50.087
-17.56	-50.065
-17.57	-50.087
-17.61	-50.132
-17.54	-50.132
-16.89	-44.560
-16.94	-44.516
-16.92	-44.538
-16.93	-44.516
-16.94	-44.516
-16.97	-45.542
-16.93	-45.498
-16.88	-45.498
-16.90	-45.498
-16.92	-45.475
-16.87	-45.899
-16.93	-45.921
-16.91	-45.899
-16.91	-45.921
-16.92	-45.899
-16.81	-45.163
-16.83	-45.141
-16.86	-45.208
-16.85	-45.119
-16.79	-45.163
-16.36	-39.815
-16.36	-39.792
-16.36	-39.815
-16.37	-39.792
-16.43	-39.792
-15.84	-35.647
-15.88	-35.625
-15.91	-35.625
-15.84	-35.580
-15.80	-35.603
-15.25	-31.123
-15.24	-31.123
-15.31	-31.145
-15.27	-31.145
-15.32	-31.145
-14.69	-26.643
-14.66	-26.688
-14.70	-26.643
-14.72	-26.599
-14.67	-26.621
-14.12	-22.186
-14.06	-22.208
-14.01	-22.231
-14.02	-22.208
-14.04	-22.208
-13.97	-23.033
-14.04	-23.011
-14.01	-23.033
-14.01	-23.011
-14.05	-22.988
-14.00	-23.278
-14.05	-23.256
-14.00	-23.256
-14.04	-23.256
-14.07	-23.233
-13.32	-17.796
-13.32	-17.729
-13.38	-17.751
-13.33	-17.796
-13.29	-17.751
-12.52	-13.182
-12.50	-13.182
-12.53	-13.138
-12.58	-13.160
-12.46	-13.160
-11.56	-8.792
-11.60	-8.814
-11.55	-8.792
-11.58	-8.792
-11.57	-8.814
-10.95	-6.675
-10.97	-6.675
-10.92	-6.675
-11.00	-6.675
-10.98	-6.697
-11.01	-7.209
-10.95	-7.187
-10.93	-7.143
-10.95	-7.120
-10.96	-7.165
-10.94	-6.585
-10.83	-6.585
-10.83	-6.585
-10.89	-6.585
-10.86	-6.585
-9.81	-4.178
-9.83	-4.223
-9.82	-4.201
-9.82	-4.201
-9.82	-4.201
-9.92	-4.424
-9.90	-4.379
-9.90	-4.379
-9.89	-4.357
-9.90	-4.379
-9.78	-4.089
-9.78	-4.089
-9.78	-4.089
-9.79	-4.112
-9.79	-4.112
-8.04	-0.100
-8.08	-0.189
-8.10	-0.234
-8.07	-0.167
-8.07	-0.167
-7.89	0.234
-7.87	0.279
-7.88	0.257
-7.91	0.190
-7.90	0.212
-7.62	0.858
-7.67	0.836
-7.66	0.881
-7.56	0.903
-7.61	0.903
-6.52	2.040
-6.57	2.062
-6.57	2.106
-6.49	2.062
-6.54	1.995
-6.58	1.683
-6.48	1.683
-6.52	1.750
-6.53	1.727
-6.51	1.727
-6.46	1.527
-6.53	1.571
-6.49	1.460
-6.53	1.549
-6.54	1.527
-6.52	1.505
-6.52	1.415
-6.60	1.415
-6.51	1.527
-6.52	1.415
-6.11	2.196
-6.18	2.196
-6.22	2.173
-6.13	2.196
-6.13	2.240
-6.17	2.151
-6.07	2.106
-6.19	2.084
-6.12	2.106
-6.18	2.017
-6.08	1.795
-6.14	1.840
-6.12	1.840
-6.17	1.818
-6.10	1.840
-6.10	1.862
-6.13	1.795
-6.09	1.818
-6.11	1.840
-6.17	1.795
-6.13	1.818
-6.15	1.840
-6.15	1.840
-6.10	1.818
-6.13	1.907
-6.16	1.840
-6.08	1.751
-6.10	1.840
-6.13	1.818
-6.11	1.795
-6.18	1.662
-6.14	1.751
-6.11	1.729
-6.15	1.773
-6.13	1.751
-5.99	1.751
-6.02	1.729
-6.02	1.706
-6.05	1.729
-6.03	1.729
-5.95	2.174
-5.99	2.219
-5.97	2.197
-5.86	2.197
-5.97	2.219
-5.38	2.977
-5.44	2.910
-5.39	2.932
-5.37	2.932
-5.39	2.999
-4.78	3.534
-4.76	3.489
-4.81	3.512
-4.79	3.489
-4.77	3.534
-4.21	3.913
-4.19	3.935
-4.25	3.957
-4.23	3.935
-4.24	3.957
-4.01	4.314
-3.98	4.269
-4.09	4.269
-4.02	4.247
-3.98	4.225
-3.75	4.336
-3.85	4.358
-3.80	4.358
-3.85	4.425
-3.81	4.314
-3.80	4.158
-3.81	4.113
-3.82	4.158
-3.81	4.069
-3.84	4.136
-3.80	3.935
-3.77	3.980
-3.83	3.913
-3.77	3.980
-3.86	3.890
-3.81	3.735
-3.75	3.779
-3.86	3.735
-3.78	3.779
-3.79	3.735
-3.74	4.047
-3.80	4.114
-3.78	4.091
-3.80	4.091
-3.79	4.069
-2.68	5.562
-2.70	5.518
-2.71	5.518
-2.70	5.540
-2.74	5.584
-1.89	6.587
-1.92	6.721
-1.90	6.587
-1.88	6.587
-1.91	6.587
-1.87	6.431
-1.90	6.431
-1.92	6.409
-1.80	6.454
-1.92	6.454
-1.84	5.740
-1.84	5.785
-1.87	5.830
-1.86	5.740
-1.87	5.740
-1.84	5.696
-1.86	5.696
-1.86	5.718
-1.87	5.696
-1.87	5.763
-1.59	6.677
-1.57	6.654
-1.62	6.654
-1.55	6.632
-1.60	6.632
-0.95	7.657
-0.97	7.679
-0.96	7.746
-1.00	7.702
-0.99	7.590
-0.38	8.794
-0.44	8.838
-0.34	8.794
-0.35	8.838
-0.34	8.816
0.23	9.863
0.23	9.863
0.31	9.908
0.26	9.863
0.28	9.886
0.74	11.045
0.80	11.022
0.80	11.067
0.80	11.022
0.83	11.089
1.34	12.092
1.29	12.181
1.29	12.137
1.23	12.114
1.25	12.092
1.74	13.229
1.73	13.206
1.70	13.206
1.77	13.184
1.75	13.184
2.18	14.276
2.13	14.254
2.16	14.299
2.15	14.254
2.13	14.254
2.17	13.697
2.17	13.697
2.16	13.630
2.09	13.652
2.13	13.697
2.63	15.480
2.61	15.502
2.53	15.502
2.63	15.480
2.60	15.569
2.94	16.572
3.01	16.549
2.88	16.572
2.96	16.549
2.97	16.549
3.30	17.731
3.33	17.708
3.25	17.753
3.27	17.708
3.35	17.686
3.98	19.870
4.06	19.826
3.94	19.848
4.00	19.870
4.04	19.848
4.71	22.299
4.67	22.255
4.68	22.299
4.71	22.277
4.63	22.299
4.72	21.341
4.63	21.341
4.65	21.341
4.72	21.341
4.71	21.297
4.73	21.141
4.66	21.051
4.72	21.096
4.63	21.118
4.71	21.096
5.43	24.394
5.37	24.417
5.40	24.461
5.40	24.439
5.33	24.439
6.05	26.489
5.94	26.556
6.02	26.534
5.97	26.556
5.91	26.512
6.66	28.896
6.56	28.919
6.58	28.896
6.65	28.919
6.64	28.896
7.22	30.947
7.13	30.991
7.19	30.969
7.14	30.969
7.13	30.947
7.81	33.331
7.77	33.398
7.78	33.376
7.81	33.354
7.71	33.354
8.21	35.426
8.28	35.404
8.27	35.382
8.32	35.404
8.29	35.382
8.82	37.699
8.83	37.610
8.77	37.633
8.77	37.610
8.90	37.633
9.37	39.817
9.31	39.839
9.29	39.861
9.37	39.794
9.35	39.794
9.80	42.224
9.87	42.201
9.91	42.201
9.83	42.179
9.88	42.179
10.43	44.363
10.35	44.319
10.40	44.296
10.35	44.296
10.30	44.274
10.34	43.093
10.32	43.070
10.40	43.070
10.42	42.981
10.36	43.004
10.40	42.625
10.33	42.781
10.33	42.803
10.46	42.848
10.37	42.848
10.41	41.533
10.39	41.556
10.45	41.556
10.36	41.533
10.40	41.533
10.59	44.609
10.64	44.587
10.51	44.676
10.64	44.564
10.62	44.542
10.94	46.704
10.96	46.771
10.96	46.748
10.94	46.771
10.97	46.771
11.45	48.888
11.43	48.866
11.44	48.888
11.43	48.866
11.41	48.888
11.94	51.072
11.93	51.094
11.87	51.094
11.99	51.027
11.91	51.094
12.53	53.278
12.45	53.301
12.52	53.256
12.47	53.278
12.44	53.234
12.95	55.641
12.92	55.596
12.95	55.596
12.98	55.685
12.91	55.641
13.45	57.580
13.49	57.580
13.45	57.602
13.52	57.580
13.38	57.557
13.92	59.942
14.02	59.920
13.99	59.964
13.98	59.964
14.00	59.920
14.41	62.126
14.52	62.104
14.53	62.104
14.49	62.104
14.53	62.126
14.99	64.355
14.93	64.332
15.07	64.332
14.98	64.377
15.01	64.332
15.56	66.739
15.47	66.695
15.51	66.673
15.57	66.695
15.50	66.673
15.56	63.775
15.53	63.820
15.56	63.798
15.51	63.798
15.49	63.798
15.58	63.463
15.48	63.486
15.57	63.463
15.56	63.552
15.58	63.508
15.50	63.441
15.58	63.396
15.52	63.441
15.54	63.463
15.59	63.463
15.94	68.077
15.98	68.188
15.95	68.099
15.95	68.121
15.93	68.099
16.46	70.016
16.30	69.993
16.33	70.038
16.39	69.993
16.37	70.038
16.78	71.576
16.77	71.598
16.84	71.576
16.78	71.531
16.87	71.509
16.86	70.238
16.77	70.328
16.83	70.350
16.84	70.305
16.72	70.350
17.12	72.846
17.14	72.824
17.14	72.824
17.09	72.824
17.11	72.801
17.41	73.916
17.39	73.871
17.43	73.871
17.36	73.849
17.36	73.871
17.42	69.075
17.38	69.031
17.42	69.053
17.37	69.031
17.39	69.075
17.37	68.986
17.44	68.942
17.39	69.031
17.41	68.964
17.36	68.986
17.31	66.780
17.36	66.824
17.35	66.824
17.38	66.824
17.28	66.758
17.41	66.869
17.30	66.869
17.37	66.847
17.29	66.869
17.35	66.847
17.02	62.389
17.10	62.412
17.07	62.412
17.11	62.434
17.00	62.412
16.76	57.932
16.76	57.932
16.73	57.954
16.69	57.954
16.81	57.977
16.39	53.341
16.36	53.363
16.40	53.363
16.34	53.386
16.33	53.363
15.98	48.973
16.01	48.951
16.01	48.951
16.01	49.040
15.91	48.928
15.60	44.426
15.53	44.493
15.64	44.449
15.51	44.449
15.57	44.449
15.56	44.984
15.58	45.073
15.54	44.984
15.62	44.984
15.50	45.006
15.23	42.220
15.37	42.287
15.32	42.220
15.35	42.220
15.34	42.220
14.99	39.078
15.02	39.078
14.98	39.078
14.95	39.078
15.01	39.078
15.03	40.107
14.95	40.018
15.00	40.062
14.98	40.018
14.89	39.995
14.66	35.649
14.56	35.649
14.61	35.627
14.63	35.649
14.63	35.672
14.13	31.081
14.15	31.103
14.10	31.192
14.19	31.103
14.10	31.081
13.65	26.712
13.58	26.802
13.63	26.779
13.59	26.757
13.56	26.779
13.00	22.300
13.05	22.344
13.00	22.300
13.05	22.367
12.96	22.277
12.90	23.013
13.04	23.035
13.02	23.013
12.97	23.057
13.04	23.013
12.97	23.147
13.02	23.124
13.04	23.191
12.96	23.102
13.01	23.147
13.04	23.414
13.00	23.369
12.97	23.347
13.01	23.347
12.99	23.347
12.42	17.865
12.36	17.887
12.34	17.887
12.41	17.932
12.31	17.909
11.69	13.496
11.63	13.407
11.72	13.452
11.64	13.385
11.58	13.452
10.88	9.017
10.84	8.995
10.85	9.017
10.85	9.017
10.78	9.017
10.29	6.298
10.28	6.342
10.29	6.320
10.25	6.342
10.22	6.342
9.57	3.356
9.46	3.334
9.50	3.334
9.49	3.378
9.43	3.334
9.39	3.891
9.49	3.869
9.50	3.869
9.46	3.891
9.50	3.891
9.40	4.092
9.50	4.069
9.47	4.114
9.45	4.069
9.53	4.092
9.38	3.133
9.32	3.111
9.36	3.133
9.33	3.111
9.29	3.133
9.31	4.693
9.38	4.716
9.44	4.760
9.38	4.738
9.44	4.782
9.50	5.184
9.45	5.161
9.45	5.228
9.47	5.206
9.40	5.206
9.47	5.629
9.51	5.629
9.44	5.585
9.50	5.607
9.51	5.652
9.59	6.788
9.63	6.766
9.56	6.766
9.59	6.788
9.62	6.766
9.46	3.869
9.45	3.846
9.45	3.780
9.44	3.824
9.36	3.802
9.36	3.534
9.38	3.490
9.43	3.468
9.31	3.512
9.43	3.534
9.34	3.222
9.29	3.156
9.39	3.222
9.26	3.222
9.28	3.245
9.31	3.312
9.30	3.312
9.28	3.334
9.35	3.289
9.31	3.334
9.36	3.356
9.28	3.334
9.29	3.334
9.37	3.334
9.30	3.334
9.39	3.334
9.27	3.356
9.27	3.356
9.38	3.334
9.28	3.356
9.28	3.356
9.31	3.356
9.30	3.356
9.36	3.356
9.33	3.401
9.23	3.378
9.41	3.356
9.29	3.356
9.32	3.378
9.33	3.356
9.36	3.378
9.28	3.401
9.35	3.401
9.29	3.445
9.31	3.401
9.30	3.445
9.35	3.468
9.28	3.401
9.39	3.445
9.23	3.445
9.20	3.605
9.09	3.583
9.19	3.605
9.15	3.627
9.15	3.627
9.19	3.605
9.15	3.583
9.16	3.627
9.13	3.605
9.17	3.583
9.11	3.689
9.18	3.666
9.17	3.666
9.14	3.666
9.18	3.689
9.08	2.864
9.08	2.864
9.04	2.842
9.10	2.886
9.10	2.842
8.97	2.106
8.93	2.084
8.89	2.129
8.98	2.084
8.92	2.151
7.45	0.190
7.45	0.190
7.44	0.167
7.45	0.190
7.47	0.212
2.39	-6.585
2.43	-6.563
2.43	-6.585
2.34	-6.541
2.44	-6.585
2.39	-5.872
2.33	-5.850
2.39	-5.872
2.29	-5.828
2.44	-5.895
2.37	-5.739
2.36	-5.739
2.42	-5.761
2.36	-5.761
2.36	-5.761
1.31	-7.343
1.33	-7.388
1.26	-7.388
1.41	-7.388
1.30	-7.388
1.05	-7.677
0.99	-7.655
1.04	-7.655
1.03	-7.677
1.00	-7.655
0.14	-8.792
0.15	-8.792
0.09	-8.747
0.19	-8.747
0.13	-8.747
-0.54	-9.884
-0.61	-9.884
-0.61	-9.884
-0.57	-9.884
-0.60	-9.906
-1.16	-10.887
-1.26	-10.887
-1.19	-10.864
-1.22	-10.887
-1.23	-10.887
-1.47	-11.399
-1.46	-11.332
-1.41	-11.377
-1.51	-11.377
-1.43	-11.377
-1.44	-10.753
-1.51	-10.731
-1.45	-10.753
-1.45	-10.731
-1.49	-10.753
-2.37	-13.271
-2.36	-13.294
-2.43	-13.249
-2.34	-13.294
-2.36	-13.271
-2.78	-14.297
-2.86	-14.319
-2.87	-14.274
-2.81	-14.341
-2.83	-14.297
-3.25	-15.478
-3.31	-15.455
-3.26	-15.478
-3.23	-15.455
-3.33	-15.411
-3.66	-16.570
-3.64	-16.548
-3.66	-16.503
-3.64	-16.592
-3.67	-16.525
-3.97	-17.729
-4.06	-17.706
-4.00	-17.729
-4.00	-17.706
-4.08	-17.684
-4.37	-18.821
-4.34	-18.798
-4.43	-18.821
-4.33	-18.798
-4.32	-18.798
-4.77	-20.024
-4.70	-20.002
-4.77	-19.957
-4.74	-20.002
-4.77	-20.002
-5.38	-22.119
-5.36	-22.119
-5.39	-22.141
-5.36	-22.119
-5.35	-22.119
-5.38	-21.272
-5.45	-21.295
-5.34	-21.228
-5.41	-21.228
-5.39	-21.250
-5.36	-21.005
-5.40	-21.005
-5.44	-20.983
-5.38	-21.027
-5.40	-20.983
-5.76	-23.323
-5.72	-23.367
-5.72	-23.389
-5.74	-23.300
-5.74	-23.345
-6.02	-24.482
-6.08	-24.459
-6.01	-24.504
-6.05	-24.415
-6.05	-24.482
-6.31	-25.507
-6.29	-25.529
-6.29	-25.551
-6.38	-25.507
-6.26	-25.507
-6.60	-26.532
-6.62	-26.532
-6.57	-26.554
-6.60	-26.532
-6.65	-26.510
-6.87	-27.735
-6.93	-27.780
-6.87	-27.780
-6.88	-27.802
-6.91	-27.758
-7.26	-28.872
-7.16	-28.872
-7.20	-28.872
-7.24	-28.827
-7.14	-28.872
-7.43	-29.897
-7.47	-29.897
-7.46	-29.853
-7.42	-29.853
-7.53	-29.853
-7.74	-30.967
-7.78	-31.011
-7.72	-31.011
-7.74	-30.967
-7.78	-30.967
-8.01	-32.126
-8.00	-32.104
-8.02	-32.126
-8.03	-32.104
-8.00	-32.081
-8.33	-33.329
-8.28	-33.285
-8.25	-33.307
-8.33	-33.307
-8.26	-33.307
-8.59	-34.354
-8.52	-34.332
-8.56	-34.354
-8.59	-34.310
-8.49	-34.332
-8.84	-35.491
-8.80	-35.513
-8.83	-35.491
-8.81	-35.491
-8.79	-35.513
-8.78	-34.756
-8.84	-34.756
-8.84	-34.800
-8.78	-34.756
-8.85	-34.778
-9.08	-36.695
-9.07	-36.695
-9.07	-36.695
-9.13	-36.695
-9.04	-36.672
-9.34	-37.943
-9.39	-38.009
-9.41	-37.965
-9.31	-37.987
-9.36	-37.965
-9.64	-38.923
-9.59	-38.946
-9.59	-38.946
-9.65	-38.923
-9.60	-38.946
-9.90	-40.082
-9.82	-40.060
-9.83	-40.104
-9.85	-40.060
-9.80	-40.104
-10.02	-41.219
-10.08	-41.196
-10.09	-41.174
-10.13	-41.196
-10.01	-41.085
-10.33	-42.244
-10.31	-42.289
-10.35	-42.266
-10.30	-42.266
-10.35	-42.244
-10.54	-43.314
-10.58	-43.291
-10.55	-43.291
-10.61	-43.291
-10.56	-43.269
-10.83	-44.294
-10.78	-44.361
-10.83	-44.339
-10.80	-44.339
-10.84	-44.294
-10.78	-42.957
-10.84	-42.957
-10.80	-42.957
-10.82	-42.979
-10.79	-42.957
-10.82	-42.423
-10.91	-42.423
-10.75	-42.423
-10.89	-42.468
-10.82	-42.445
-11.06	-44.563
-11.02	-44.585
-10.99	-44.585
-11.04	-44.585
-11.06	-44.540
-11.38	-46.769
-11.34	-46.747
-11.39	-46.769
-11.28	-46.791
-11.34	-46.724
-11.79	-48.908
-11.67	-48.908
-11.78	-48.886
-11.74	-48.931
-11.77	-48.886
-12.20	-51.093
-12.30	-51.115
-12.19	-51.115
-12.24	-51.115
-12.22	-51.093
-12.68	-53.277
-12.69	-53.321
-12.76	-53.299
-12.67	-53.277
-12.71	-53.299
-13.14	-55.550
-13.16	-55.617
-13.23	-55.550
-13.16	-55.594
-13.24	-55.572
-13.56	-57.600
-13.61	-57.556
-13.59	-57.533
-13.62	-57.533
-13.55	-57.511
-13.83	-58.826
-13.76	-58.826
-13.82	-58.826
-13.80	-58.826
-13.78	-58.781
-14.03	-59.985
-14.01	-60.029
-14.05	-60.007
-14.04	-59.985
-14.01	-60.007
-14.01	-59.093
-13.98	-59.116
-14.06	-59.049
-13.97	-59.093
-14.03	-59.093
-14.33	-61.166
-14.25	-61.144
-14.29	-61.144
-14.30	-61.144
-14.26	-61.122
-14.50	-62.280
-14.50	-62.214
-14.53	-62.214
-14.49	-62.214
-14.50	-62.169
-14.77	-63.439
-14.75	-63.439
-14.78	-63.417
-14.82	-63.439
-14.75	-63.417
-14.91	-64.353
-14.99	-64.308
-14.96	-64.353
-15.00	-64.308
-14.95	-64.353
-15.26	-65.557
-15.25	-65.534
-15.21	-65.512
-15.25	-65.534
-15.31	-65.512
-15.43	-66.738
-15.49	-66.738
-15.38	-66.760
-15.45	-66.715
-15.47	-66.693
-15.49	-64.754
-15.36	-64.777
-15.45	-64.754
-15.43	-64.754
-15.42	-64.754
-15.41	-64.509
-15.39	-64.487
-15.47	-64.509
-15.37	-64.509
-15.44	-64.464
-15.57	-66.782
-15.63	-66.738
-15.61	-66.760
-15.63	-66.760
-15.60	-66.738
-16.10	-69.345
-16.09	-69.390
-16.19	-69.345
-16.07	-69.345
-16.11	-69.368
-16.50	-71.128
-16.46	-71.173
-16.55	-71.128
-16.46	-71.128
-16.52	-71.128
-16.78	-72.510
-16.84	-72.488
-16.81	-72.488
-16.84	-72.555
-16.81	-72.488
-17.21	-74.137
-17.23	-74.115
-17.21	-74.070
-17.22	-74.070
-17.23	-74.048
-17.21	-73.892
-17.29	-73.936
-17.16	-73.914
-17.22	-73.959
-17.30	-73.981
-17.48	-75.140
-17.51	-75.140
-17.52	-75.117
-17.49	-75.117
-17.54	-75.073
-17.43	-73.312
-17.46	-73.290
-17.48	-73.335
-17.44	-73.290
-17.51	-73.335
-17.47	-73.023
-17.46	-73.023
-17.48	-73.000
-17.45	-73.045
-17.48	-73.045
-17.48	-70.947
-17.53	-70.947
-17.48	-70.925
-17.53	-70.925
-17.44	-70.970
-17.37	-66.646
-17.39	-66.646
-17.35	-66.624
-17.38	-66.668
-17.36	-66.668
-17.31	-66.980
-17.38	-66.980
-17.33	-66.980
-17.39	-67.003
-17.33	-66.980
-17.35	-67.070
-17.37	-67.025
-17.30	-67.003
-17.34	-67.047
-17.38	-67.070
-17.39	-67.025
-17.33	-66.980
-17.36	-67.003
-17.33	-67.025
-17.36	-67.003
-17.05	-62.256
-17.02	-62.278
-17.02	-62.256
-17.03	-62.256
-17.07	-62.300
-16.61	-57.575
-16.70	-57.620
-16.61	-57.620
-16.70	-57.598
-16.60	-57.642
-16.29	-53.475
-16.25	-53.497
-16.26	-53.542
-16.33	-53.452
-16.21	-53.475
-16.26	-54.255
-16.24	-54.232
-16.31	-54.232
-16.19	-54.188
-16.29	-54.255
-15.83	-48.817
-15.81	-48.839
-15.81	-48.817
-15.78	-48.839
-15.78	-48.817
-15.33	-44.560
-15.40	-44.538
-15.30	-44.538
-15.34	-44.560
-15.36	-44.605
-15.34	-44.872
-15.31	-44.828
-15.31	-44.828
-15.38	-44.872
-15.32	-44.850
-15.34	-44.984
-15.37	-44.984
-15.32	-45.006
-15.35	-44.984
-15.30	-44.961
-15.01	-41.797
-15.07	-41.797
-15.02	-41.774
-15.07	-41.797
-15.02	-41.730
-14.91	-39.969
-14.79	-40.014
-14.85	-39.991
-14.82	-40.036
-14.88	-40.014
-14.32	-35.445
-14.25	-35.467
-14.32	-35.445
-14.30	-35.445
-14.31	-35.400
-14.07	-33.350
-14.00	-33.372
-14.05	-33.372
-14.01	-33.328
-14.01	-33.372
-13.99	-34.331
-13.99	-34.331
-14.07	-34.331
-13.99	-34.331
-14.00	-34.309
-14.00	-34.665
-14.01	-34.687
-13.99	-34.643
-14.00	-34.643
-14.04	-34.621
-13.65	-31.122
-13.69	-31.077
-13.72	-31.099
-13.67	-31.055
-13.72	-31.099
-13.18	-26.597
-13.13	-26.597
-13.11	-26.597
-13.18	-26.597
-13.09	-26.597
-12.46	-22.318
-12.54	-22.341
-12.51	-22.318
-12.58	-22.318
-12.49	-22.341
-11.84	-17.705
-11.87	-17.705
-11.79	-17.727
-11.85	-17.750
-11.82	-17.727
-11.09	-13.404
-11.02	-13.404
-11.05	-13.381
-11.04	-13.359
-11.08	-13.359
-10.13	-8.991
-10.09	-8.991
-10.14	-9.036
-10.08	-9.036
-10.14	-9.013
-9.56	-6.695
-9.50	-6.695
-9.51	-6.695
-9.51	-6.673
-9.54	-6.695
-9.55	-7.279
-9.44	-7.256
-9.54	-7.279
-9.51	-7.279
-9.49	-7.234
-9.53	-7.613
-9.46	-7.591
-9.50	-7.613
-9.47	-7.635
-9.52	-7.657
-9.43	-6.588
-9.28	-6.610
-9.37	-6.565
-9.38	-6.588
-9.37	-6.565
-6.50	-0.169
-6.50	-0.169
-6.52	-0.214
-6.50	-0.169
-6.48	-0.125
-6.16	0.611
-6.16	0.633
-6.13	0.656
-6.10	0.500
-6.19	0.633
-5.68	1.057
-5.65	1.079
-5.62	1.034
-5.67	1.079
-5.64	0.990
-5.63	0.522
-5.60	0.566
-5.62	0.500
-5.63	0.455
-5.68	0.678
-5.61	0.505
-5.60	0.527
-5.61	0.483
-5.68	0.460
-5.60	0.549
-5.67	0.505
-5.59	0.505
-5.62	0.549
-5.63	0.460
-5.67	0.505
-5.50	0.549
-5.55	0.572
-5.60	0.616
-5.55	0.572
-5.56	0.527
-5.59	0.460
-5.58	0.483
-5.48	0.460
-5.54	0.460
-5.56	0.483
-5.58	0.371
-5.51	0.371
-5.56	0.327
-5.53	0.371
-5.60	0.416
-5.33	1.129
-5.33	1.084
-5.38	1.062
-5.36	1.084
-5.33	1.129
-4.26	2.154
-4.30	2.043
-4.27	2.109
-4.33	2.065
-4.24	2.109
-3.33	2.845
-3.39	2.823
-3.27	2.889
-3.33	2.867
-3.33	2.889
-2.76	3.246
-2.76	3.224
-2.75	3.135
-2.86	3.224
-2.75	3.268
-2.80	3.112
-2.83	3.135
-2.76	3.090
-2.81	3.135
-2.76	3.090
-2.16	3.892
-2.03	3.759
-2.07	3.848
-2.08	3.848
-2.14	3.803
-1.53	4.294
-1.51	4.360
-1.51	4.360
-1.52	4.338
-1.50	4.316
-0.82	5.074
-0.84	5.140
-0.79	5.051
-0.86	5.051
-0.79	5.096
-0.82	5.163
-0.73	5.096
-0.75	5.185
-0.79	5.185
-0.81	5.140
-0.82	4.717
-0.75	4.739
-0.72	4.739
-0.77	4.762
-0.81	4.695
-0.27	5.430
-0.31	5.497
-0.33	5.519
-0.34	5.519
-0.27	5.475
0.13	6.076
0.08	6.121
0.14	6.143
0.09	6.121
0.12	6.099
0.32	6.589
0.42	6.589
0.35	6.634
0.42	6.634
0.35	6.544
0.70	7.213
0.72	7.168
0.69	7.191
0.77	7.168
0.70	7.168
1.01	7.681
1.02	7.703
1.00	7.703
1.00	7.681
1.02	7.703
1.33	8.283
1.26	8.283
1.33	8.305
1.31	8.305
1.29	8.305
1.55	8.795
1.55	8.795
1.54	8.773
1.59	8.751
1.56	8.773
1.89	9.375
1.81	9.375
1.83	9.375
1.77	9.375
1.84	9.397
2.08	9.776
2.03	9.865
2.04	9.843
2.04	9.887
2.08	9.932
2.56	11.046
2.49	11.002
2.53	11.069
2.47	11.002
2.54	11.002
2.96	12.138
2.97	12.116
2.98	12.138
2.96	12.138
3.00	12.161
3.17	12.718
3.16	12.696
3.15	12.718
3.22	12.718
3.18	12.651
3.34	13.275
3.42	13.230
3.41	13.275
3.32	13.230
3.40	13.230
3.77	14.367
3.85	14.389
3.81	14.367
3.74	14.367
3.79	14.434
4.17	15.526
4.21	15.526
4.18	15.504
4.11	15.526
4.22	15.459
4.53	16.596
4.54	16.618
4.50	16.640
4.60	16.618
4.51	16.640
4.52	16.083
4.56	16.061
4.57	16.083
4.48	16.061
4.55	16.172
4.68	16.752
4.62	16.729
4.61	16.707
4.62	16.774
4.64	16.729
4.87	17.732
4.96	17.732
4.94	17.755
4.89	17.710
4.91	17.732
5.25	18.735
5.22	18.802
5.24	18.824
5.27	18.758
5.20	18.735
5.58	19.939
5.58	19.961
5.61	19.916
5.66	19.916
5.58	19.939
6.32	22.279
6.22	22.212
6.28	22.234
6.20	22.234
6.28	22.234
6.48	23.193
6.63	23.193
6.52	23.193
6.58	23.193
6.48	23.170
6.92	24.463
6.81	24.463
6.93	24.485
6.83	24.441
6.91	24.441
7.45	26.558
7.37	26.602
7.50	26.625
7.41	26.602
7.46	26.580
7.95	28.853
7.97	28.898
7.93	28.853
8.03	28.853
7.94	28.809
8.50	31.015
8.48	31.104
8.51	31.060
8.42	31.127
8.54	31.060
8.71	32.352
8.83	32.397
8.75	32.330
8.77	32.308
8.71	32.330
9.07	33.444
9.01	33.355
9.02	33.378
8.99	33.400
9.03	33.378
9.41	35.584
9.50	35.562
9.45	35.517
9.46	35.517
9.47	35.517
9.66	36.743
9.76	36.787
9.70	36.810
9.77	36.787
9.64	36.787
9.99	37.924
9.87	37.946
10.01	37.946
9.94	37.879
9.96	37.879
10.17	38.838
10.19	38.815
10.07	38.815
10.19	38.771
10.12	38.793
10.42	40.086
10.40	39.930
10.43	39.885
10.38	39.907
10.43	39.952
10.90	42.203
10.91	42.203
10.84	42.181
10.86	42.181
10.88	42.158
11.33	44.454
11.32	44.387
11.36	44.409
11.24	44.409
11.36	44.454
11.82	46.638
11.74	46.638
11.80	46.638
11.85	46.660
11.79	46.638
12.23	48.867
12.31	48.822
12.19	48.844
12.28	48.867
12.23	48.844
12.67	51.251
12.81	51.229
12.69	51.251
12.78	51.207
12.65	51.207
12.72	50.449
12.73	50.427
12.79	50.494
12.69	50.449
12.73	50.449
13.08	53.257
13.14	53.302
13.11	53.302
13.20	53.302
13.10	53.235
13.38	54.461
13.36	54.438
13.38	54.438
13.38	54.416
13.37	54.461
13.60	55.530
13.59	55.553
13.57	55.486
13.64	55.508
13.58	55.530
14.10	57.581
14.05	57.558
14.07	57.558
13.98	57.558
14.11	57.581
14.28	58.873
14.23	58.918
14.31	58.896
14.31	58.896
14.32	58.851
14.46	59.252
14.32	59.230
14.39	59.185
14.41	59.208
14.39	59.208
14.61	60.634
14.73	60.634
14.56	60.612
14.70	60.612
14.64	60.612
14.66	60.032
14.57	60.032
14.68	59.965
14.67	59.988
14.66	59.988
14.64	59.341
14.65	59.297
14.57	59.297
14.72	59.319
14.60	59.319
14.70	58.940
14.57	58.985
14.63	58.963
14.65	58.985
14.61	58.963
14.65	57.581
14.54	57.558
14.63	57.581
14.64	57.581
14.62	57.558
14.52	55.464
14.59	55.397
14.54	55.441
14.56	55.464
14.48	55.464
14.53	55.330
14.52	55.308
14.48	55.330
14.54	55.330
14.49	55.330
14.49	55.330
14.56	55.285
14.46	55.308
14.52	55.308
14.49	55.308
14.35	53.146
14.42	53.168
14.37	53.146
14.43	53.168
14.31	53.123
14.31	53.369
14.41	53.346
14.31	53.391
14.41	53.346
14.38	53.346
14.11	49.090
14.08	49.134
14.07	49.134
14.13	49.067
14.07	49.112
13.74	44.788
13.71	44.766
13.71	44.811
13.78	44.766
13.70	44.766
13.33	40.086
13.30	40.063
13.35	40.063
13.25	40.086
13.33	40.086
13.28	40.219
13.38	40.219
13.25	40.219
13.27	40.219
13.34	40.219
12.90	35.851
12.91	35.896
12.85	35.851
12.83	35.918
12.92	35.874
12.35	31.260
12.42	31.305
12.28	31.260
12.41	31.260
12.35	31.260
11.90	26.781
11.86	26.758
11.81	26.781
11.82	26.758
11.85	26.803
11.24	22.457
11.27	22.457
11.29	22.390
11.28	22.390
11.22	22.457
10.58	17.710
10.62	17.710
10.59	17.732
10.63	17.732
10.55	17.710
10.28	15.348
10.17	15.370
10.28	15.415
10.21	15.370
10.24	15.370
9.85	13.409
9.89	13.431
9.96	13.431
9.88	13.453
9.90	13.409
9.43	11.069
9.52	11.069
9.50	11.091
9.54	11.069
9.46	11.135
9.04	8.885
9.00	8.907
9.08	8.862
9.00	8.885
9.00	8.907
8.66	6.656
8.57	6.700
8.65	6.589
8.55	6.700
8.63	6.700
8.01	4.405
8.09	4.450
8.10	4.472
8.01	4.450
8.10	4.450
7.51	2.332
7.43	2.288
7.48	2.355
7.43	2.310
7.49	2.310
6.68	0.237
6.74	0.237
6.61	0.237
6.70	0.237
6.69	0.193
6.72	0.772
6.58	0.705
6.74	0.750
6.67	0.728
6.70	0.750
6.70	0.730
6.63	0.730
6.76	0.752
6.64	0.730
6.71	0.797
6.70	0.730
6.68	0.730
6.62	0.730
6.74	0.752
6.68	0.797
6.01	0.084
6.05	0.128
6.03	0.106
6.05	0.128
6.03	0.106
0.88	-5.421
0.87	-5.443
0.87	-5.421
0.85	-5.421
0.86	-5.421
-0.51	-6.602
-0.56	-6.558
-0.57	-6.580
-0.61	-6.602
-0.52	-6.580
-0.68	-6.736
-0.72	-6.758
-0.73	-6.714
-0.70	-6.736
-0.72	-6.736
-1.47	-7.672
-1.52	-7.650
-1.43	-7.650
-1.46	-7.628
-1.52	-7.672
-2.27	-8.720
-2.22	-8.742
-2.21	-8.720
-2.21	-8.720
-2.29	-8.742
-2.86	-9.812
-2.92	-9.834
-2.89	-9.767
-2.96	-9.812
-2.88	-9.812
-2.90	-9.366
-2.94	-9.366
-2.91	-9.321
-2.99	-9.321
-2.90	-9.344
-3.54	-11.015
-3.52	-10.993
-3.49	-11.037
-3.61	-11.015
-3.51	-10.971
-3.56	-10.547
-3.58	-10.569
-3.57	-10.547
-3.62	-10.569
-3.54	-10.525
-4.09	-12.107
-4.00	-12.107
-4.00	-12.107
-4.05	-12.107
-4.06	-12.085
-4.38	-13.222
-4.46	-13.244
-4.41	-13.244
-4.47	-13.222
-4.39	-13.244
-4.81	-14.358
-4.82	-14.358
-4.87	-14.380
-4.86	-14.380
-4.83	-14.336
-5.22	-15.406
-5.14	-15.472
-5.20	-15.428
-5.18	-15.428
-5.24	-15.428
-5.56	-16.564
-5.60	-16.631
-5.59	-16.609
-5.62	-16.609
-5.51	-16.564
-6.01	-17.768
-5.91	-17.768
-5.96	-17.746
-5.97	-17.723
-5.96	-17.768
-6.22	-18.815
-6.25	-18.793
-6.29	-18.793
-6.20	-18.749
-6.28	-18.793
-6.57	-19.952
-6.63	-19.952
-6.53	-19.907
-6.58	-19.907
-6.56	-19.885
-6.85	-21.066
-6.93	-21.111
-6.84	-21.066
-6.88	-21.089
-6.83	-21.089
-7.31	-22.849
-7.35	-22.827
-7.33	-22.872
-7.35	-22.782
-7.35	-22.805
-7.72	-24.365
-7.75	-24.320
-7.72	-24.365
-7.73	-24.343
-7.71	-24.365
-7.98	-25.479
-8.01	-25.524
-8.07	-25.524
-7.98	-25.457
-8.03	-25.479
-8.44	-27.173
-8.43	-27.151
-8.34	-27.173
-8.43	-27.151
-8.40	-27.128
-8.77	-28.867
-8.85	-28.844
-8.79	-28.822
-8.80	-28.844
-8.82	-28.778
-9.10	-30.003
-9.07	-30.003
-9.03	-30.026
-9.08	-30.003
-9.09	-29.981
-9.37	-31.363
-9.39	-31.385
-9.38	-31.363
-9.41	-31.407
-9.38	-31.385
-9.83	-33.435
-9.79	-33.324
-9.85	-33.369
-9.78	-33.324
-9.82	-33.324
-10.24	-35.575
-10.28	-35.553
-10.20	-35.575
-10.25	-35.553
-10.29	-35.530
-10.74	-37.781
-10.65	-37.781
-10.72	-37.826
-10.71	-37.759
-10.70	-37.804
-11.13	-40.010
-11.16	-39.988
-11.15	-39.988
-11.14	-39.988
-11.21	-39.988
-11.61	-42.372
-11.61	-42.372
-11.64	-42.350
-11.55	-42.350
-11.60	-42.328
-12.05	-44.512
-12.03	-44.512
-12.02	-44.445
-12.10	-44.490
-12.01	-44.467
-12.07	-43.509
-12.02	-43.554
-12.06	-43.509
-12.01	-43.554
-12.08	-43.554
-12.43	-46.696
-12.40	-46.718
-12.43	-46.674
-12.47	-46.696
-12.40	-46.674
-12.85	-49.014
-12.81	-49.058
-12.91	-49.014
-12.81	-49.014
-12.88	-48.969
-13.22	-51.020
-13.26	-50.975
-13.18	-51.020
-13.23	-50.997
-13.25	-50.997
-13.21	-50.574
-13.25	-50.574
-13.20	-50.574
-13.19	-50.596
-13.21	-50.596
-13.64	-53.337
-13.68	-53.293
-13.60	-53.337
-13.64	-53.315
-13.65	-53.271
-14.08	-55.432
-14.05	-55.432
-14.01	-55.432
-14.01	-55.432
-14.04	-55.455
-14.04	-54.741
-13.99	-54.741
-14.09	-54.764
-13.95	-54.719
-14.06	-54.719
-14.29	-56.859
-14.21	-56.859
-14.29	-56.814
-14.23	-56.814
-14.26	-56.814
-14.44	-57.706
-14.47	-57.706
-14.43	-57.683
-14.47	-57.683
-14.45	-57.683
-14.68	-58.642
-14.64	-58.619
-14.67	-58.597
-14.66	-58.575
-14.62	-58.619
-14.88	-59.800
-14.86	-59.800
-14.90	-59.800
-14.85	-59.800
-14.85	-59.756
-15.15	-61.227
-15.13	-61.227
-15.16	-61.205
-15.14	-61.160
-15.18	-61.160
-15.14	-60.781
-15.11	-60.737
-15.14	-60.781
-15.18	-60.759
-15.09	-60.759
-15.09	-60.603
-15.12	-60.581
-15.13	-60.603
-15.15	-60.581
-15.10	-60.603
-15.11	-60.447
-15.12	-60.424
-15.16	-60.402
-15.09	-60.402
-15.14	-60.447
-15.11	-59.800
-15.12	-59.800
-15.08	-59.823
-15.10	-59.800
-15.09	-59.800
-15.12	-59.020
-15.02	-59.043
-15.09	-59.020
-15.12	-59.065
-15.04	-59.043
-15.13	-57.952
-15.03	-58.019
-15.11	-57.975
-15.06	-57.975
-15.09	-57.975
-15.06	-57.952
-15.06	-57.997
-15.15	-57.952
-15.01	-57.975
-15.11	-57.952
-15.11	-57.351
-15.05	-57.395
-15.10	-57.440
-15.14	-57.395
-15.06	-57.440
-15.13	-57.373
-15.06	-57.373
-15.10	-57.395
-15.09	-57.351
-15.09	-57.351
-15.09	-55.367
-15.05	-55.389
-15.05	-55.367
-15.06	-55.367
-15.08	-55.389
-14.84	-51.200
-14.79	-51.244
-14.81	-51.222
-14.78	-51.222
-14.86	-51.266
-14.79	-51.868
-14.77	-51.846
-14.80	-51.824
-14.80	-51.846
-14.77	-51.846
-14.57	-48.859
-14.58	-48.837
-14.59	-48.882
-14.52	-48.837
-14.56	-48.859
-14.15	-44.647
-14.20	-44.647
-14.21	-44.603
-14.19	-44.580
-14.16	-44.647
-13.72	-39.767
-13.76	-39.744
-13.69	-39.767
-13.73	-39.744
-13.73	-39.700
-13.35	-35.911
-13.32	-35.911
-13.30	-35.911
-13.34	-35.889
-13.28	-35.911
-12.72	-31.699
-12.80	-31.699
-12.84	-31.699
-12.77	-31.721
-12.81	-31.699
-12.17	-26.840
-12.21	-26.863
-12.15	-26.863
-12.18	-26.863
-12.24	-26.863
-11.56	-22.383
-11.49	-22.383
-11.53	-22.405
-11.55	-22.383
-11.54	-22.361
-10.77	-17.792
-10.82	-17.814
-10.81	-17.792
-10.82	-17.792
-10.79	-17.792
-10.05	-13.468
-9.98	-13.446
-10.02	-13.446
-10.06	-13.468
-10.00	-13.468
-9.53	-11.039
-9.57	-11.061
-9.51	-11.084
-9.51	-11.061
-9.59	-11.039
-9.03	-8.766
-9.03	-8.810
-9.05	-8.766
-8.99	-8.810
-9.02	-8.810
-8.45	-6.760
-8.49	-6.738
-8.42	-6.738
-8.48	-6.760
-8.51	-6.738
-8.01	-5.356
-8.06	-5.490
-8.01	-5.423
-8.07	-5.445
-7.96	-5.467
-8.05	-5.824
-7.97	-5.891
-8.02	-5.869
-8.01	-5.913
-8.04	-5.891
-4.66	-0.052
-4.65	-0.030
-4.61	0.037
-4.66	-0.052
-4.64	-0.007
-4.87	-0.408
-4.83	-0.342
-4.86	-0.386
-4.78	-0.252
-4.86	-0.386
-4.52	0.193
-4.53	0.171
-4.56	0.126
-4.53	0.171
-4.52	0.193
-4.31	0.550
-4.30	0.572
-4.27	0.572
-4.28	0.550
-4.29	0.550
-3.63	1.040
-3.65	1.085
-3.64	1.063
-3.65	0.996
-3.65	1.085
-2.90	1.464
-2.97	1.531
-2.96	1.531
-3.00	1.575
-2.90	1.486
-2.04	2.221
-2.07	2.221
-2.06	2.199
-2.05	2.132
-2.04	2.266
-1.16	2.801
-1.16	2.823
-1.15	2.801
-1.21	2.845
-1.13	2.823
-1.16	2.712
-1.15	2.756
-1.17	2.756
-1.17	2.689
-1.16	2.712
-1.22	2.533
-1.13	2.489
-1.18	2.489
-1.15	2.489
-1.18	2.489
-1.18	1.909
-1.20	1.909
-1.20	1.909
-1.25	1.932
-1.13	1.865
-1.29	1.553
-1.22	1.553
-1.28	1.642
-1.24	1.575
-1.31	1.597
-1.27	1.441
-1.32	1.441
-1.26	1.441
-1.29	1.486
-1.25	1.419
-1.31	1.330
-1.33	1.352
-1.30	1.308
-1.30	1.375
-1.35	1.330
-1.35	1.308
-1.37	1.263
-1.36	1.308
-1.40	1.241
-1.30	1.263
-1.37	1.129
-1.39	1.174
-1.41	1.107
-1.44	1.263
-1.37	1.152
-1.48	1.152
-1.39	1.107
-1.42	1.085
-1.40	1.129
-1.51	1.129
-1.43	1.085
-1.38	1.018
-1.50	1.063
-1.39	1.040
-1.44	1.085
-1.42	0.996
-1.46	1.107
-1.47	1.085
-1.42	1.107
-1.44	0.996
-1.44	1.085
-1.45	1.063
-1.48	1.107
-1.44	1.063
-1.51	1.085
-1.44	1.107
-1.54	1.085
-1.40	1.085
-1.46	1.129
-1.46	1.085
-1.44	1.085
-1.47	1.063
-1.42	1.063
-1.44	1.085
-1.49	1.063
-1.52	1.129
-1.43	1.107
-1.43	1.152
-1.53	1.107
-1.42	1.152
-1.44	1.196
-1.49	1.241
-1.42	1.219
-1.47	1.196
-1.48	1.174
-1.48	1.241
-1.42	1.219
-1.48	1.285
-1.53	1.285
-1.45	1.285
-1.48	1.326
-1.51	1.370
-1.45	1.348
-1.45	1.370
-1.43	1.392
-1.50	1.103
-1.46	0.991
-1.45	1.013
-1.53	1.013
-1.51	1.013
-1.46	1.236
-1.48	1.192
-1.41	1.192
-1.41	1.214
-1.39	1.259
-1.36	1.526
-1.42	1.504
-1.40	1.526
-1.40	1.459
-1.35	1.482
-1.32	1.526
-1.33	1.548
-1.33	1.593
-1.30	1.593
-1.36	1.571
