"Pujol 2002, No. 10-2-3N"	
12495	
0.151737828	-0.75578806
0.151737828	-0.75578806
0.14918009	-0.733501491
0.151737828	-0.75578806
0.146622342	-0.711214878
0.023850708	0.358541141
-0.027902403	0.33625455
0.063244405	0.358541141
0.0409054	0.380827732
0.03277392	0.358541141
0.050739208	0.736298733
0.000506276	0.714012164
0.074598393	0.714012164
0.106588103	0.669438982
0.073544292	0.736298733
0.084116625	0.669438982
0.136463942	0.714012164
0.069114007	0.714012164
0.04406329	0.714012164
0.115314146	0.714012164
0.111150205	0.714012164
0.046774646	0.736298733
0.116966795	0.736298733
0.083127711	0.736298733
0.048758511	0.780871915
0.085409536	0.755799514
0.071459482	0.733512901
0.014884143	0.755799514
0.046345094	0.733512901
0.108012875	0.778086083
0.03993077	2.405006614
0.0384788	2.427293316
0.053880199	2.427293316
0.081636369	2.3827202
0.037485398	2.36043352
0.105396936	4.745098216
0.084839784	4.722811514
0.047694979	4.745098216
0.135733568	4.745098216
0.144524309	4.722811514
0.191137628	6.77317692
0.139980879	6.750890774
0.135750892	6.77317692
0.189022849	6.750890774
0.18684384	6.795463623
0.282052567	9.224701168
0.169493926	9.246988381
0.139351799	9.180127785
0.199366891	9.202414999
0.233207367	9.180127785
0.265635016	11.83223171
0.284869178	11.80994554
0.240583745	11.78765833
0.226506715	11.80994554
0.296700476	11.85451785
0.347717778	13.23628628
0.311101248	13.23628628
0.233440393	13.2585735
0.309976316	13.2585735
0.333640289	13.2585735
0.258887958	13.2585735
0.384931374	13.28085967
0.312030418	13.30314581
0.287440768	13.2585735
0.325444637	13.23628628
0.368377441	15.79924344
0.323498295	15.79924344
0.356348984	15.79924344
0.427729771	15.77695727
0.340023347	15.79924344
0.407668611	18.1616209
0.416591464	18.1616209
0.472176696	18.1616209
0.348315243	18.18390918
0.388831641	18.18390918
0.469945394	20.16741346
0.454613056	20.23427408
0.459304834	20.21198791
0.462214157	20.23427408
0.445489172	20.18970174
0.456024945	22.41836014
0.484246588	22.39607186
0.542148828	22.44064631
0.570171276	22.41836014
0.502093891	22.44064631
0.563982942	24.64701855
0.611771391	24.66930471
0.600407422	24.75845146
0.570199898	24.75845146
0.514616063	24.80302379
0.665672448	27.12082894
0.655033844	27.14311511
0.644060522	27.12082894
0.613061287	27.14311511
0.604867232	27.16540125
0.674998002	27.18768742
0.716107514	27.16540125
0.634743431	27.14311511
0.666204007	27.12082894
0.681409043	27.16540125
0.662110692	27.18768742
0.738513066	27.12082894
0.660720998	27.16540125
0.656819413	27.12082894
0.684050231	27.12082894
0.723803382	29.48320642
0.702655113	29.52777874
0.791022992	29.50549257
0.727373801	29.50549257
0.703577876	29.48320642
0.798511522	31.55585957
0.817612595	31.57814574
0.803403653	31.57814574
0.800624425	31.53357129
0.751385207	31.57814574
0.923780033	33.5839383
0.863635793	33.62851062
0.882666928	33.5839383
0.89238692	33.62851062
0.879760519	33.5839383
0.915928561	35.47829793
0.929740471	35.47829793
0.955055626	35.45601178
1.002312795	35.41143733
0.964440858	35.45601178
1.109177695	38.35326556
1.10561063	38.35326556
1.108252137	38.30869324
1.084063332	38.35326556
1.13059326	38.33098152
1.217200001	40.40363045
1.164788115	40.42591873
1.17674899	40.44820702
1.14291053	40.44820702
1.230354368	40.42591873
1.358283788	42.81058236
1.305013568	42.87744296
1.308582868	42.85515468
1.358614635	42.83287064
1.261125706	42.85515468
1.403962567	42.87744296
1.364767242	42.87744296
1.290144767	42.85515468
1.361197063	42.85515468
1.399600079	42.87744296
1.431194224	44.48207616
1.443157732	44.48207616
1.442959575	44.48207616
1.421216277	44.50436445
1.464108882	44.48207616
1.546346749	44.59350908
1.534514333	44.57122504
1.519841455	44.59350908
1.519708764	44.57122504
1.549980478	44.57122504
1.586447113	47.35704805
1.588826115	47.35704805
1.599466714	47.37933208
1.580895364	47.37933208
1.616188546	47.33475976
1.743629519	47.35704805
1.736687158	47.31247148
1.689495296	47.29018743
1.757177166	47.31247148
1.655722223	47.33475976
1.800622727	49.34055232
1.721639521	49.3628406
1.845831103	49.31826404
1.802671201	49.31826404
1.818270036	49.34055232
1.871025463	51.12347903
1.947762517	51.16805135
1.833944557	51.14576732
1.879882809	51.14576732
1.92475922	51.10119075
2.146830775	53.90930204
2.059783969	53.93159032
2.084039439	53.93159032
2.117288458	53.97616263
2.11695777	53.95387435
2.194363225	55.64765644
2.223050002	55.64765644
2.251602333	55.64765644
2.190136461	55.69222875
2.269911017	55.64765644
2.448323685	55.64598502
2.358633934	55.66826905
2.440457123	55.6014127
2.434644625	55.66826905
2.433385585	55.62369673
2.44733258	55.66826905
2.423409395	55.69055733
2.39392967	55.66826905
2.363128473	55.69055733
2.464518268	55.66826905
2.454145604	55.66826905
2.461944942	55.66826905
2.503122955	55.66826905
2.453813959	55.64598502
2.409994278	55.64598502
2.557707302	58.54324093
2.572380021	58.52095265
2.58255852	58.54324093
2.520230881	58.54324093
2.56894349	58.56552496
2.684938142	59.99186889
2.682095923	59.99186889
2.589298413	59.99186889
2.659291582	59.99186889
2.66715958	60.01415292
2.79821113	62.57711008
2.848046416	62.59939836
2.841901473	62.59939836
2.79431218	62.62168664
2.80250831	62.6439707
2.980471173	64.87262908
2.945110129	64.89491736
2.939359265	64.91720142
2.971348606	64.87262908
2.967978181	64.89491736
3.122858388	66.74470469
3.052797038	66.72241641
3.142818115	66.72241641
3.102897065	66.72241641
3.063173055	66.70012813
3.203170252	66.74470469
3.167348066	66.76698872
3.171644288	66.72241641
3.239257817	66.72241641
3.11083548	66.74470469
3.186983652	66.76698872
3.212033506	66.76698872
3.2262462	66.78927701
3.287183707	66.76698872
3.231598834	66.76698872
3.593853767	72.45007189
3.599208317	72.47235168
3.597886525	72.47235168
3.572373932	72.47235168
3.563514191	72.42778361
3.72354648	72.47235168
3.752957704	72.47235168
3.681245311	72.47235168
3.748396101	72.47235168
3.740069995	72.47235168
4.038682203	78.33372835
4.111852111	78.37829644
4.085080319	78.33372835
4.081379047	78.33372835
4.082505715	78.35601663
4.434164917	83.43735438
4.517907244	83.4150661
4.486513492	83.4150661
4.483074087	83.4150661
4.486644106	83.39277782
4.876337635	89.16500986
4.879244682	89.14272158
4.944482243	89.16500986
4.869201428	89.18728965
4.938533063	89.14272158
5.055470597	89.16500986
5.114493597	89.16500986
5.065255178	89.20957793
5.039343077	89.16500986
5.118988456	89.18728965
5.148406386	89.18728965
5.137766266	89.16500986
5.190910023	89.20957793
5.160238323	89.16500986
5.135586699	89.20957793
5.273558574	88.09524873
5.290678316	88.09524873
5.281031057	88.11753701
5.273295429	88.09524873
5.305747189	88.09524873
5.283586499	89.16500986
5.302490453	89.1204333
5.3980628	89.09814502
5.345648439	89.07585674
5.342807178	89.07585674
5.540972792	92.30741141
5.606473498	92.32969969
5.553200723	92.35198797
5.578319557	92.37427625
5.604422629	92.30741141
5.932442867	99.70656069
5.85444917	99.70656069
5.873417312	99.66198413
5.920944333	99.68427241
5.967008089	99.63970432
5.945998658	98.07964345
5.925708404	98.07964345
5.94778255	98.07964345
5.947583914	98.05735517
5.968733221	98.05735517
5.980368437	96.3412848
6.020093086	96.36357309
5.996495638	96.3412848
5.937473277	96.3412848
5.927295576	96.36357309
6.491395679	106.3479593
6.605275433	106.3256795
6.535410483	106.2588147
6.556231498	106.281103
6.598069608	106.2365264
6.865846927	108.086318
6.830618734	108.0194531
6.860556567	108.0194531
6.852959218	108.0417414
6.850046742	107.974885
6.939194075	105.7907947
6.856245974	105.7685149
6.909648405	105.7685149
6.88545952	105.7685149
6.839321035	105.7239384
6.970983503	102.962355
6.911497444	102.962355
6.884860418	102.9846348
6.929674237	102.9400667
7.008592135	102.9846348
7.002793368	101.6920164
6.931677203	101.7143046
6.998364615	101.7143046
6.966046982	101.7588727
6.936437442	101.7143046
7.379737466	107.6202494
7.404191412	107.5979611
7.429108417	107.5979611
7.376434105	107.6202494
7.46850158	107.5979611
7.851105207	109.514609
7.822222508	109.4923207
7.884085812	109.4923207
7.799022333	109.4700325
7.832001021	109.4700325
7.921319527	106.5282085
7.897260937	106.5504883
7.915635726	106.5282085
7.886552475	106.5059202
7.878817167	106.5059202
8.105667164	107.9768364
8.1144608	107.9991162
8.06402769	107.9768364
8.146514649	107.9545482
8.097141783	107.9768364
8.209862294	108.5562808
8.161349119	108.4894245
8.137222827	108.534001
8.161020188	108.5117128
8.224800872	108.534001
8.240996414	105.0572922
8.252963755	105.1018603
8.295791852	105.0795805
8.225330355	105.0572922
8.238485041	105.035004
8.23240333	104.9904274
8.262742906	105.0127157
8.267168466	105.0127157
8.240005789	105.035004
8.253818337	105.0127157
8.39377753	109.0465891
8.414269614	109.0688773
8.410832125	109.0243008
8.410037581	109.0465891
8.484132009	109.0465891
8.62955529	110.4283607
8.662470108	110.4283607
8.695782199	110.3837841
8.680579837	110.4283607
8.604106248	110.4283607
8.724601028	108.7122903
8.73557455	108.7345786
8.683689034	108.7345786
8.768288178	108.690002
8.711581107	108.690002
8.877347016	110.0717736
8.889314996	110.0940619
8.900809698	110.0271971
8.845690438	110.0717736
8.922687763	110.0049088
9.067738681	110.5843617
9.098338847	110.5175053
9.058745132	110.5175053
9.096617547	110.4729288
9.066083168	110.4283607
9.096214527	108.5562808
9.120470476	108.4894245
9.085373216	108.4448479
9.113989577	108.4448479
9.129589849	108.4002798
9.363243289	111.4535367
9.37361771	111.431257
9.262711748	111.431257
9.338056114	111.3643921
9.358547559	111.3421038
9.423917331	107.8431152
9.434357538	107.8208269
9.346186139	107.7985387
9.4588134	107.7985387
9.40779013	107.8431152
9.451577556	106.9739401
9.417143907	106.9739401
9.444040246	106.9739401
9.411194407	106.99622
9.489384186	106.9516519
9.597739176	110.5620734
9.707324942	110.5620734
9.632570736	110.5620734
9.567729808	110.5620734
9.600115143	110.5175053
9.836409612	111.8101238
9.822462936	111.7655557
9.910237063	111.7209791
9.891400493	111.7432674
9.857294497	111.7209791
10.10156251	112.4118649
10.08986214	112.4118649
10.13837724	112.3672884
10.1923117	112.3450001
10.08576552	112.3450001
10.46444752	112.3227203
10.4373468	112.300432
10.4212196	112.300432
10.47402931	112.2781437
10.42161623	112.300432
10.47789026	109.514609
10.46037644	109.514609
10.54385211	109.4700325
10.47934522	109.514609
10.51476886	109.4477442
10.86531991	111.6541228
10.77054179	111.6541228
10.77695179	111.6318345
10.87490171	111.6095462
10.82334959	111.5872579
10.95132356	111.7432674
10.89917873	111.7878355
11.00995631	111.8101238
10.97922074	111.7655557
10.97188079	111.7655557
11.00643068	109.4254644
10.97126381	109.4031761
11.03266852	109.4031761
11.01766799	109.4254644
11.05077825	109.4477442
11.21937105	111.8769886
11.18698124	111.8769886
11.24508132	111.8769886
11.27363509	111.8769886
11.2421714	111.8101238
11.47949609	112.4787213
11.37566119	112.5010096
11.44221895	112.4341532
11.51564913	112.4787213
11.47771029	112.4787213
11.50315358	110.5620734
11.50645822	110.5620734
11.51148096	110.5620734
11.56415975	110.5620734
11.52780616	110.5620734
11.66920435	112.4787213
11.66735722	112.5010096
11.72551862	112.456433
11.68440926	112.4341532
11.64389007	112.456433
11.83280634	112.456433
11.85025054	112.4118649
11.84298084	112.4341532
11.82203145	112.4341532
11.87814261	112.3672884
11.94094481	110.9186604
11.8772957	110.9186604
11.85905184	110.8740924
11.79705569	110.8963721
11.91675337	110.8740924
11.95577161	107.7985387
11.96415903	107.7985387
11.92867153	107.8208269
12.00547405	107.7985387
11.95021747	107.7762504
12.26837872	111.8547003
12.26983496	111.8769886
12.12931818	111.8769886
12.23546773	111.8769886
12.23817838	111.8769886
12.40141886	112.8798849
12.41113989	112.8798849
12.44650605	112.9467413
12.46758318	112.924453
12.42290221	112.924453
12.41919775	111.0078051
12.4622232	110.9855253
12.49950673	111.0078051
12.53076476	111.0078051
12.45086071	111.0300934
12.55084552	108.7568669
12.50477602	108.7791467
12.54099548	108.7791467
12.52632451	108.7791467
12.53160913	108.7791467
12.61359023	107.6202494
12.56434894	107.6202494
12.57789451	107.5756728
12.59581135	107.5979611
12.6254854	107.5979611
12.57894326	107.3082389
12.55462152	107.2636623
12.60260585	107.2859506
12.60187773	107.2636623
12.54556602	107.2413741
12.62324995	106.3914244
12.58848545	106.3691362
12.58789018	106.3468479
12.65312327	106.3914244
12.53587182	106.3468479
12.40923273	98.27910108
12.42093373	98.25682128
12.43434773	98.27910108
12.47242198	98.27910108
12.44076029	98.30138937
12.20031874	92.35087654
12.17686053	92.3954446
12.14711494	92.37315632
12.22027942	92.37315632
12.21942484	92.37315632
12.16121874	93.04175383
12.13603603	93.06404212
12.13749355	93.06404212
12.24211789	93.06404212
12.1365636	93.04175383
11.99528166	87.42553978
12.0004347	87.4032515
11.91550151	87.4032515
11.91933244	87.38096322
11.94452153	87.42553978
11.96126189	87.96041608
11.97553941	87.98270436
11.94354815	87.98270436
11.94103295	87.91583954
11.9258357	87.93812782
11.76099846	81.87618206
11.76516279	81.87618206
11.66939213	81.89846187
11.67950532	81.89846187
11.69378156	81.94303843
11.48628421	78.24346379
11.57928546	78.28804035
11.55489092	78.24346379
11.52210895	78.26575207
11.53605435	78.26575207
11.5754111	79.06807078
11.53026899	79.02349421
11.44731578	79.02349421
11.5360173	79.06807078
11.50707137	79.04578249
11.16662584	71.66892152
11.21368789	71.66892152
11.21712666	71.66892152
11.19398652	71.64663323
11.14038417	71.6912098
11.19157734	72.56038487
11.14008909	72.58267315
11.12382904	72.56038487
11.20512419	72.56038487
11.18992566	72.53809659
10.83471336	66.14185207
10.87417359	66.14185207
10.8333261	66.07499148
10.8083414	66.05270319
10.89763308	66.03041916
10.85517351	67.05559948
10.81915077	67.03331543
10.83844976	67.05559948
10.85669489	67.05559948
10.84004013	67.12246008
10.83463544	67.45675884
10.82220887	67.45675884
10.78777011	67.4344748
10.81473735	67.4344748
10.86232568	67.41218652
10.77639868	67.30075359
10.90746524	67.32304187
10.8323821	67.34532593
10.80243597	67.23389299
10.88677388	67.23389299
10.6239829	61.06051009
10.59146216	61.03822181
10.57883951	61.03822181
10.58749774	61.03822181
10.61584904	60.99364947
10.51879523	62.01883405
10.57391832	62.06340636
10.56248493	62.04111808
10.55151333	62.06340636
10.59004297	61.97426173
10.52692653	62.15255101
10.49004666	62.15255101
10.56605974	62.19712755
10.57841478	62.13026696
10.53274638	62.19712755
10.15241461	54.04023613
10.14104828	54.08480845
10.19319631	54.12938078
10.09306331	54.15166906
10.15559023	54.15166906
10.15305267	55.22142593
10.1493514	55.22142593
10.11669908	55.17685361
10.1147172	55.22142593
10.12185723	55.22142593
9.973425033	51.07611962
9.904755731	51.12069193
9.929011041	51.12069193
9.860338546	51.12069193
9.902242442	51.0984079
9.564747713	44.72444319
9.618288103	44.76901551
9.653513742	44.65758259
9.578102313	44.74673147
9.626415574	44.72444319
9.470684936	44.70215913
9.487206215	44.67987085
9.401680316	44.65758259
9.437703054	44.67987085
9.538166254	44.67987085
9.459707582	46.28450406
9.451179007	46.23993174
9.470873992	46.28450406
9.416811144	46.23993174
9.495131218	46.21764346
9.447297621	46.33130776
9.452186238	46.37588007
9.387085998	46.39816835
9.455361221	46.37588007
9.445050671	46.39816835
9.255710946	39.11045201
9.153196877	39.04359563
9.205925479	38.70929688
9.179740014	38.46414275
9.123223277	38.33042156
9.107509955	38.82072981
9.062696136	38.82072981
9.092506229	38.82072981
9.144987014	38.82072981
9.124098936	38.82072981
9.159465089	38.97673504
9.069971579	38.97673504
9.051334922	38.99901907
9.131244085	38.99901907
9.110753917	38.95444676
8.895790146	33.85081861
8.832141674	33.89539306
8.874044293	33.89539306
8.873323199	33.9845398
8.85230291	34.00682597
8.74121428	32.98164353
8.737049949	32.98164353
8.689855692	32.98164353
8.67597608	33.00392968
8.701626313	33.00392968
8.679356086	33.24908169
8.667459641	33.22679552
8.723313406	33.29365401
8.689405408	33.27136784
8.732828774	33.27136784
8.289875564	26.0728025
8.34348238	26.11737482
8.279236083	26.11737482
8.275332981	26.0728025
8.317634788	26.05051422
8.337435797	27.07569877
8.23445867	27.05341049
8.300225714	27.09798494
8.311263107	27.07569877
8.238423726	27.09798494
8.118057325	23.82185582
8.124665326	23.79956965
8.121490343	23.79956965
8.034971903	23.79956965
8.117525926	23.79956965
8.125084314	24.42359487
8.056013908	24.42359487
8.064146488	24.55731395
8.035457954	24.4013087
8.13492989	24.33444811
7.596158753	16.22213111
7.586707894	16.28899171
7.471037861	16.24441832
7.551804799	16.22213111
7.595828544	16.24441832
7.496452414	17.18045506
7.543913648	17.22502738
7.541796993	17.15816785
7.583172684	17.22502738
7.529834761	17.20274123
7.261190725	12.05454075
7.207857273	12.1214003
7.140566927	12.07682692
7.202167724	12.09911308
7.240111036	12.1214003
7.177413589	12.90143074
7.214360527	12.87914351
7.139938445	12.90143074
7.181376729	12.85685736
7.213238329	12.87914351
6.64906222	5.992589691
6.641923459	5.992589691
6.634786614	6.014876394
6.673054385	5.992589691
6.555405657	5.992589691
6.614527017	6.839479688
6.646516997	6.861766368
6.565880354	6.861766368
6.609041853	6.861766368
6.606927752	6.88405307
6.221681819	1.780425167
6.206482012	1.75813862
6.24580875	1.780425167
6.107603429	1.75813862
6.194320505	1.802711736
6.192175109	2.805608137
6.185700596	2.783321457
6.152387229	2.783321457
6.127401883	2.783321457
6.139101609	2.783321457
6.154579251	3.095333777
6.084981278	3.117620213
6.142682805	3.117620213
6.197276414	3.095333777
6.131448054	3.095333777
6.099389095	3.117620213
6.112476079	3.117620213
6.139046042	3.117620213
6.109964707	3.139906893
6.072421861	3.117620213
6.069847257	3.184480008
6.138519752	3.184480008
6.148699369	3.184480008
6.144271255	3.206766711
6.066409129	3.139906893
5.88691562	3.056610607
5.956644526	3.056610607
5.87514947	3.056610607
5.858688228	3.012037491
5.885856015	3.056610607
5.85545704	3.168043518
5.884804713	3.168043518
5.949047817	3.19033022
5.851955042	3.168043518
5.919502785	3.168043518
5.829231976	1.964568086
5.87193361	1.986854655
5.86433179	1.986854655
5.892620497	1.986854655
5.770012894	1.986854655
5.856270106	2.031427904
5.859176834	1.964568086
5.918266898	2.009141201
5.811520796	1.964568086
5.832407597	2.009141201
5.900765213	1.622747587
5.794551788	1.645034156
5.915899872	1.60046104
5.843659593	1.622747587
5.846830744	1.60046104
5.661224866	-3.168867818
5.66035751	-3.19115452
5.658622798	-3.235727636
5.66035751	-3.19115452
5.66035751	-3.19115452
5.622195762	-4.171764108
5.62046105	-4.21633749
5.62046105	-4.21633749
5.62046105	-4.21633749
5.619593694	-4.238623904
5.496434892	-7.403318778
5.4201395	-7.381032098
5.406257972	-7.381032098
5.438225597	-7.358745929
5.432760233	-7.314172547
5.418773319	-6.712434564
5.401366161	-6.690148417
5.421392632	-6.690148417
5.376315669	-6.690148417
5.488083238	-6.690148417
4.894558497	-11.52633734
4.876911188	-11.52633734
4.870012259	-11.50405012
4.913966705	-11.50405012
4.877350295	-11.50405012
4.838684613	-10.50115386
4.832982929	-10.54572722
4.869641493	-10.52344107
4.900772739	-10.52344107
4.806874108	-10.54572722
4.408766971	-15.53792245
4.310724129	-15.51563524
4.301782634	-15.56020862
4.321827627	-15.51563524
4.334849463	-15.51563524
3.309277014	-23.15993333
3.381211674	-23.1822195
3.326702694	-23.13764716
3.269000527	-23.13764716
3.295992671	-23.15993333
3.300848076	-21.93417122
3.279698131	-21.93417122
3.285977839	-21.93417122
3.337464486	-21.93417122
3.304549349	-21.93417122
3.305471314	-20.86441645
3.241203939	-20.84212817
3.269096332	-20.84212817
3.188505995	-20.88670262
3.29939056	-20.86441645
2.871416486	-26.54749536
2.750066166	-26.54749536
2.848945068	-26.54749536
2.830438387	-26.54749536
2.822374148	-26.54749536
1.943345101	-33.18889612
1.861430577	-33.16660995
1.964735837	-33.16660995
1.957971194	-33.14432381
1.979056631	-33.14432381
1.096779949	-39.58514486
1.091734291	-39.56286083
1.025969083	-39.56286083
1.144718453	-39.54057255
1.092196471	-39.56286083
1.100286338	-38.27023812
1.045999705	-38.24794984
1.072394584	-38.27023812
0.990697378	-38.2033775
1.056442946	-38.24794984
0.192291401	-45.13450684
0.215399784	-45.11221856
0.212512356	-45.06764622
0.20539064	-45.0230739
0.267039101	-45.06764622
0.187231732	-43.21785891
0.155439799	-43.21785891
0.18677015	-43.21785891
0.17830848	-43.21785891
0.244337631	-43.21785891
-0.274652836	-48.7226443
-0.383383003	-48.65578795
-0.275997262	-48.70036026
-0.268113635	-48.65578795
-0.29516961	-48.63349967
-0.817098839	-53.22453766
-0.919281742	-53.22453766
-0.847393946	-53.20224938
-0.896412972	-53.22453766
-0.856778939	-53.20224938
-0.921228023	-51.75362143
-0.90446276	-51.73133314
-0.917725627	-51.75362143
-0.892522325	-51.70904909
-0.905936882	-51.77590971
-1.338666405	-57.52584497
-1.368758005	-57.57042154
-1.33110642	-57.54813325
-1.321305234	-57.50356094
-1.411284795	-57.48127266
-1.380459008	-54.09315702
-1.394802477	-54.09315702
-1.446487281	-54.09315702
-1.473215641	-54.07086874
-1.429939655	-54.11544106
-1.467613914	-53.80343058
-1.444084967	-53.80343058
-1.476578881	-53.82571462
-1.420554423	-53.80343058
-1.443843218	-53.7811423
-1.872840651	-61.6928796
-1.865660055	-61.67059556
-1.846492637	-61.67059556
-1.855439242	-61.64830728
-1.836206038	-61.64830728
-1.910926872	-60.1105347
-1.88704616	-60.06595813
-1.891583812	-60.08824641
-1.865474353	-60.08824641
-1.945407945	-60.06595813
-2.420693957	-66.01647944
-2.423049008	-66.03876347
-2.410849659	-65.94961884
-2.435918674	-65.99419115
-2.391261816	-65.97190287
-2.570291948	-65.74903703
-2.448497571	-65.79361359
-2.525237818	-65.72675299
-2.562667614	-65.77132531
-2.532839159	-65.72675299
-2.562161603	-64.74614076
-2.583334063	-64.72385673
-2.556675481	-64.74614076
-2.505960863	-64.70156845
-2.55237846	-64.74614076
-3.148705022	-72.18985811
-3.13471715	-72.1675783
-3.140224988	-72.14529004
-3.155450663	-72.12300176
-3.101428053	-72.14529004
-3.142831208	-70.67437378
-3.242815382	-70.62980147
-3.159841732	-70.65208552
-3.145170131	-70.65208552
-3.15045634	-70.65208552
-3.766890009	-77.51635846
-3.760043772	-77.49407018
-3.718468807	-77.49407018
-3.808447729	-77.4717819
-3.742021226	-77.4717819
-3.786135667	-75.30997987
-3.777610286	-75.30997987
-3.853397911	-75.33226815
-3.792901427	-75.28770006
-3.755138549	-75.30997987
-4.329077522	-82.79827378
-4.366792818	-82.82056206
-4.345888772	-82.7759855
-4.356266386	-82.7759855
-4.350449097	-82.7759855
-4.398878602	-80.65876003
-4.402843339	-80.65876003
-4.398638131	-80.63648022
-4.341819288	-80.61419194
-4.409168075	-80.61419194
-5.035181621	-89.12766193
-5.055938127	-89.06080558
-5.080546319	-89.10538214
-5.080106573	-89.08309386
-5.116746296	-89.06080558
-5.12179906	-85.82925089
-5.156791573	-85.80696261
-5.076239238	-85.85153917
-5.132220744	-85.85153917
-5.1071661	-85.91839554
-5.557147257	-93.74098821
-5.576800726	-93.71869992
-5.561029281	-93.69641164
-5.531442095	-93.67413186
-5.596368609	-93.65184358
-6.182671238	-100.4492517
-6.18606785	-100.4269634
-6.149960165	-100.3823868
-6.229251703	-100.4046751
-6.165426949	-100.3823868
-6.240672955	-98.22059327
-6.189689284	-98.24288155
-6.201034531	-98.26516136
-6.208898218	-98.26516136
-6.232410718	-98.22059327
-6.257150802	-97.57428404
-6.220094647	-97.55199576
-6.242038498	-97.55199576
-6.209651246	-97.55199576
-6.235339162	-97.57428404
-6.34038121	-94.89849405
-6.247120642	-94.89849405
-6.29876409	-94.87621426
-6.296846071	-94.87621426
-6.332077458	-94.87621426
-7.18724192	-105.6629192
-7.043242943	-105.6406309
-7.09812716	-105.6183427
-7.092707143	-105.6183427
-7.151267724	-105.6183427
-7.144901152	-103.1891067
-7.184782283	-103.1668184
-7.152548319	-103.1445301
-7.169028722	-103.1891067
-7.140121752	-103.1445301
-7.215412468	-100.00296
-7.23332356	-100.00296
-7.245662625	-100.0252483
-7.170953767	-99.98067176
-7.221294904	-100.00296
-8.155906748	-107.7809761
-8.166615209	-107.7809761
-8.153287435	-107.7586963
-8.181029414	-107.7141198
-8.15005433	-107.6918315
-8.156292523	-105.218019
-8.244554617	-105.1957392
-8.222082561	-105.1957392
-8.195886238	-105.218019
-8.185729614	-105.1957392
-9.092858153	-109.6976241
-9.015239373	-109.7199123
-9.042714375	-109.6753358
-9.121347412	-109.6976241
-9.018524212	-109.6753358
-9.115502659	-106.3323482
-9.150622274	-106.3100684
-9.166423098	-106.3100684
-9.083887597	-106.3546365
-9.186094451	-106.3323482
-9.193176368	-105.5077497
-9.135847842	-105.530038
-9.146554387	-105.530038
-9.139391355	-105.5523177
-9.153232645	-105.530038
-9.340418031	-107.8032644
-9.355223759	-107.8032644
-9.368973714	-107.7364081
-9.364616496	-107.6695432
-9.314275359	-107.6472634
-9.516904536	-108.2489961
-9.578368012	-108.3158609
-9.561142246	-108.2935727
-9.571630994	-108.2489961
-9.573146631	-108.3158609
-9.779028074	-109.4079019
-9.821283894	-109.4524699
-9.810402345	-109.4301901
-9.829503977	-109.4301901
-9.79361856	-109.3633253
-9.841004427	-107.0455223
-9.887181872	-107.0678105
-9.82355767	-107.0455223
-9.896064926	-107.0455223
-9.847549197	-107.0455223
-10.41084326	-110.0764994
-10.432234	-110.0987877
-10.43937787	-110.0319228
-10.37229127	-110.0987877
-10.42329154	-110.0542111
-10.49582562	-107.9592739
-10.46083503	-107.9815622
-10.46755799	-107.9369856
-10.46321674	-107.9815622
-10.54206949	-107.9815622
-10.65049282	-109.5416231
-10.63809053	-109.5193348
-10.71108447	-109.4970465
-10.62588687	-109.4970465
-10.70478305	-109.4524699
-11.0679938	-111.1016839
-11.06519757	-111.0571074
-11.1095924	-111.0793957
-11.09441303	-111.0571074
-11.08066307	-111.0571074
-11.21010478	-107.6472634
-11.1268897	-107.6472634
-11.14209206	-107.6472634
-11.12840853	-107.6472634
-11.16716746	-107.6249751
-11.91178044	-110.2102206
-11.85628243	-110.1879323
-11.87760738	-110.2102206
-11.88155455	-110.165644
-11.9278872	-110.165644
-11.98510204	-106.4215013
-11.95650229	-106.4660694
-11.94000081	-106.4437811
-11.98417465	-106.4883577
-11.93911812	-106.4660694
-12.62611644	-112.5503119
-12.69060097	-112.5725917
-12.57645616	-112.5725917
-12.66882893	-112.59488
-12.62109114	-112.5503119
-12.71413583	-110.4999428
-12.67011527	-110.4999428
-12.71979599	-110.5222311
-12.73460108	-110.5222311
-12.6935837	-110.4999428
-13.27863001	-112.7063129
-13.34511112	-112.5280236
-13.33903452	-112.4611588
-13.37105516	-112.3051578
-13.34019184	-112.2382929
-13.38786704	-110.2770769
-13.36722167	-110.2993652
-13.39445333	-110.2993652
-13.37400851	-110.2547887
-13.45524106	-110.2547887
-13.67275452	-112.4834471
-13.71917531	-112.4611588
-13.74074553	-112.438879
-13.64182607	-112.4165907
-13.69434517	-112.438879
-13.76436341	-110.4107981
-13.70637958	-110.3662216
-13.72840838	-110.4107981
-13.76978982	-110.3439333
-13.7490959	-110.4107981
-13.77817213	-106.7112235
-13.80712317	-106.7112235
-13.85418394	-106.7112235
-13.81340415	-106.7112235
-13.7999199	-106.7112235
-13.86427669	-105.9757696
-13.83903523	-105.9089048
-13.82751178	-105.9311931
-13.84253786	-105.9089048
-13.85835465	-105.9534813
-13.77040936	-99.75780591
-13.74951745	-99.82467076
-13.79069961	-99.75780591
-13.71246768	-99.73552611
-13.76063084	-99.69094954
-13.64304726	-96.34796196
-13.58118396	-96.34796196
-13.59777358	-96.34796196
-13.57051765	-96.37025024
-13.64044775	-96.37025024
-13.54623296	-97.15028069
-13.56030865	-97.21713704
-13.58999037	-97.15028069
-13.59388645	-97.21713704
-13.55187141	-97.19484876
-13.4436052	-93.16098386
-13.45189043	-93.13869557
-13.41635183	-93.18326364
-13.4298808	-93.13869557
-13.43463401	-93.20555192
-13.41826793	-93.49528261
-13.48143419	-93.5175624
-13.44554175	-93.5175624
-13.43239217	-93.5175624
-13.42263026	-93.49528261
-13.15433623	-88.07963761
-13.11117665	-88.07963761
-13.10267299	-88.05734932
-13.17328905	-88.03506954
-13.08524539	-88.10192589
-13.12595364	-88.54765758
-13.12568922	-88.54765758
-13.10539896	-88.54765758
-13.10218374	-88.5253693
-13.09039332	-88.54765758
-13.08592369	-89.21625509
-13.15323128	-89.19396681
-13.09356894	-89.17167853
-13.15219659	-89.17167853
-13.103373	-89.21625509
-13.08480341	-89.46140921
-13.09895064	-89.46140921
-13.1484308	-89.4836975
-13.12140353	-89.41683265
-13.07848538	-89.43912093
-12.84060374	-82.88686694
-12.85192407	-82.93143501
-12.82121022	-82.97601157
-12.86890202	-83.06515622
-12.78282301	-83.0874445
-12.61229495	-78.60783942
-12.62666189	-78.58555114
-12.65589523	-78.6301277
-12.65713048	-78.65241598
-12.573955	-78.67470426
-12.29387055	-72.59046175
-12.35597656	-72.61275003
-12.27404144	-72.59046175
-12.25767153	-72.63503831
-12.3032288	-72.67960637
-12.21489517	-73.83851214
-12.27568035	-73.86080042
-12.24342467	-73.86080042
-12.29833124	-73.81622386
-12.22533538	-73.90536851
-12.00217835	-68.17771728
-11.90548285	-68.17771728
-11.98259195	-68.20000556
-11.98344908	-68.20000556
-11.92306501	-68.17771728
-11.9407417	-68.71259782
-11.92941625	-68.73488188
-11.94089882	-68.69030954
-11.91632927	-68.73488188
-11.92697003	-68.73488188
-11.48215564	-60.77857224
-11.52359457	-60.77857224
-11.55404528	-60.80086053
-11.52707549	-60.80086053
-11.54340196	-60.80086053
-11.51220525	-62.18262789
-11.54492207	-62.18262789
-11.51244796	-62.20491617
-11.47212676	-62.20491617
-11.55166292	-62.18262789
-11.1619876	-56.16525021
-11.18701701	-56.18753849
-11.14195665	-56.23211081
-11.18813857	-56.18753849
-11.21014821	-56.18753849
-10.77402654	-50.14787254
-10.81090642	-50.14787254
-10.83961347	-50.19244485
-10.7448328	-50.19244485
-10.81215827	-50.21473314
-10.34059062	-43.68476318
-10.37958779	-43.68476318
-10.3308268	-43.72933549
-10.36021982	-43.68476318
-10.35634035	-43.72933549
-10.31538237	-45.08881882
-10.30903751	-45.08881882
-10.35328033	-45.06653054
-10.34499382	-45.08881882
-10.30031477	-45.08881882
-10.32101443	-46.22599202
-10.27679971	-46.22599202
-10.35195119	-46.22599202
-10.285944	-46.20370374
-10.34109008	-46.1814197
-9.960876474	-39.27257867
-9.936089126	-39.27257867
-9.94781376	-39.25029039
-9.898573105	-39.25029039
-9.962421491	-39.25029039
-9.489755271	-33.01004687
-9.457343749	-33.03233304
-9.503279765	-33.03233304
-9.469966397	-33.03233304
-9.533150535	-33.09919364
-9.507908432	-34.34724192
-9.443202909	-34.34724192
-9.426392298	-34.36952807
-9.461290283	-34.36952807
-9.470631285	-34.34724192
-9.106423524	-28.61959069
-9.045154213	-28.61959069
-9.110522707	-28.61959069
-9.048479929	-28.59730241
-9.055177986	-28.64187683
-8.545050035	-22.75821824
-8.572899955	-22.7359321
-8.537845488	-22.75821824
-8.565980268	-22.78050441
-8.517136884	-22.78050441
-8.511965322	-23.98398038
-8.543516514	-24.02855269
-8.521131321	-24.00626652
-8.514762833	-24.02855269
-8.487953357	-24.00626652
-8.030386668	-17.54315718
-7.990091659	-17.52087101
-8.010357643	-17.54315718
-7.995356472	-17.54315718
-8.018997351	-17.5654444
-8.050282844	-18.54605345
-7.954204326	-18.5237673
-8.014788312	-18.54605345
-7.994106534	-18.47919497
-7.994018393	-18.50148114
-7.263564138	-10.67888951
-7.158358583	-10.7234629
-7.166136045	-10.74574906
-7.200373613	-10.74574906
-7.202754052	-10.74574906
-7.18534434	-12.14980364
-7.141110462	-12.10523132
-7.234784908	-12.14980364
-7.174662065	-12.12751749
-7.153272606	-12.10523132
-6.550059091	-6.422151873
-6.479931635	-6.422151873
-6.497601299	-6.399865193
-6.464464212	-6.422151873
-6.522803802	-6.444438575
-6.489813617	-7.26904238
-6.466084597	-7.26904238
-6.502877608	-7.291328549
-6.493116979	-7.26904238
-6.450771101	-7.313615229
-5.936811582	-3.413463314
-5.933874835	-3.391176612
-5.936811582	-3.413463314
-5.942685716	-3.45803643
-5.936811582	-3.413463314
-5.211395081	2.091323007
-5.112527037	2.113609576
-5.158452195	2.091323007
-5.168111271	2.113609576
-5.165556147	2.158182825
-4.840776039	2.960499817
-4.889706605	3.005072933
-4.869130532	2.960499817
-4.954063397	2.960499817
-4.876333802	2.960499817
-4.580153129	2.982786497
-4.640412016	2.938213115
-4.612296078	3.027359613
-4.699862307	3.005072933
-4.600368017	2.960499817
-4.62627884	2.960499817
-4.592294197	2.938213115
-4.605467406	2.982786497
-4.617419418	2.960499817
-4.633557796	2.982786497
-4.255291587	3.273626239
-4.271417829	3.273626239
-4.278973024	3.318199622
-4.256414104	3.273626239
-4.306449942	3.273626239
-4.267167274	3.229053124
-4.279293652	3.295912942
-4.26335391	3.273626239
-4.339352944	3.251339826
-4.276177429	3.273626239
-4.238385171	3.268890418
-4.256892171	3.268890418
-4.260891398	3.2020306
-4.299350461	3.179744187
-4.214967198	3.224317302
-4.265176762	2.154561217
-4.279531887	2.176847763
-4.260316248	2.221421012
-4.24469873	2.176847763
-4.268380167	2.221421012
-4.024151116	5.163250042
-3.997691968	5.11867666
-4.036500081	5.140963362
-4.023601833	5.11867666
-3.937744767	5.11867666
-3.016812622	10.62346365
-2.947121718	10.71260935
-2.987874356	10.64574982
-3.001421524	10.64574982
-3.044553324	10.57889027
-3.05715234	9.509134447
-2.916558278	9.486847233
-2.978698139	9.509134447
-2.957811657	9.509134447
-3.02692805	9.464561065
-2.791603129	11.3366335
-2.772161389	11.31434733
-2.770214629	11.2474878
-2.803403769	11.26977395
-2.853703391	11.26977395
-1.756725125	17.15343254
-1.705852269	17.19800592
-1.731609804	17.15343254
-1.699110141	17.19800592
-1.734838278	17.13114533
-0.558961035	23.0593773
-0.627357971	23.03709113
-0.568146594	23.0593773
-0.606197088	23.01480285
-0.634959072	23.03709113
-0.551885785	21.45474198
-0.564773654	21.45474198
-0.566954618	21.45474198
-0.600728849	21.45474198
-0.590221259	21.45474198
-0.563735964	21.20958997
-0.5464108	21.18730382
-0.537288872	21.18730382
-0.613573526	21.20958997
-0.52372897	21.16501766
-0.549521992	20.7638583
-0.580104634	20.71928599
-0.541844367	20.74157213
-0.610101866	20.69699982
-0.522998974	20.71928599
-0.008075738	26.2686458
0.002489896	26.29093197
0.054998934	26.22407138
0.001208529	26.20178521
-0.05385054	26.20178521
0.470826721	29.03218052
0.523956108	29.05446881
0.533814618	29.03218052
0.541340392	29.05446881
0.514459422	29.00989438
0.5354756	27.85099284
0.563952763	27.87327901
0.520132404	27.87327901
0.575916352	27.87327901
0.467265764	27.85099284
0.509209339	27.47211966
0.611789993	27.47211966
0.542721224	27.47211966
0.581717035	27.47211966
0.514903918	27.44983349
1.120838619	32.86547425
1.178465578	32.88776041
1.201438776	32.79861365
1.186878868	32.84318808
1.121189585	32.8208998
1.249926483	32.13001611
1.173278687	32.0854438
1.129710176	32.10772997
1.190650876	32.10772997
1.172570368	32.04086937
1.927328714	37.67937809
1.995462306	37.70166212
1.892495717	37.67937809
1.982925243	37.65708981
1.977107795	37.65708981
3.029769631	44.78879668
3.015570987	44.7665084
3.035662925	44.7665084
3.020244044	44.81108496
3.022728271	44.72193606
3.030100797	42.31498415
3.062326776	42.38184475
3.053081579	42.35956071
3.095977378	42.35956071
3.019307069	42.35956071
3.672002988	48.57751595
3.635784808	48.57751595
3.658729504	48.55522767
3.583889711	48.59980423
3.658343728	48.53294364
4.489962477	55.24120285
4.579597459	55.21891882
4.46016452	55.21891882
4.493267116	55.24120285
4.517007633	55.21891882
4.544859469	53.70343027
4.533305048	53.68114199
4.53945031	53.68114199
4.542226743	53.68114199
4.484901091	53.72571855
5.251294415	60.96885833
5.242583171	60.94657005
5.291863426	60.85742542
5.302066675	60.94657005
5.242782765	60.94657005
5.290143404	59.69851966
5.300463535	59.6762356
5.252148358	59.6762356
5.325438342	59.69851966
5.273110845	59.65394732
6.056814563	66.91937541
6.026167133	66.87480307
6.046268331	66.85251482
6.011636046	66.85251482
6.004232862	66.85251482
5.988702208	65.24788161
6.082633413	65.22559333
6.012431229	65.24788161
6.072114007	65.24788161
6.04410058	65.22559333
6.077238305	64.15583644
6.083307881	64.17812472
6.055613805	64.17812472
6.041259638	64.200413
6.100768051	64.15583644
6.129910701	62.70804419
6.039690988	62.70804419
6.113432853	62.75262076
6.083523123	62.68576016
6.054695353	62.70804419
6.27207022	67.00935575
6.347207646	67.03164403
6.331444505	66.96478344
6.293342157	67.03164403
6.284570237	66.98707172
6.69841848	71.08780146
6.689317629	71.04322915
6.630833693	71.02094087
6.702493393	70.99865683
6.672023522	70.99865683
6.757684826	70.55292514
6.609564949	70.55292514
6.743662145	70.57520918
6.653908045	70.57520918
6.715570796	70.57520918
6.738633651	69.28258647
6.744742827	69.2157301
6.708051369	69.23801415
6.665078926	69.26030243
6.743543985	69.23801415
6.637151085	69.19344182
6.729673315	69.2157301
6.710394125	69.17115353
6.723604378	69.19344182
6.742637668	69.19344182
6.69396865	69.10429719
6.751337415	69.10429719
6.687017028	69.12658122
6.720376383	69.17115353
6.696137679	69.12658122
6.71967956	69.10429719
6.669955408	69.1488695
6.765482088	69.10429719
6.710558271	69.10429719
6.719480924	69.10429719
7.377071528	77.81834898
7.438076418	77.81834898
7.3117784	77.7960607
7.444697192	77.7960607
7.401810974	77.77377242
7.468744925	75.34453646
7.402168646	75.38911302
7.461731349	75.36682474
7.398419471	75.34453646
7.437463903	75.38911302
7.747092107	80.62646025
7.8152249	80.64874853
7.830095137	80.64874853
7.817530611	80.67102834
7.765973387	80.67102834
8.169570479	83.90258301
8.125380032	83.83572666
8.167825547	83.81343838
8.105176003	83.79115009
8.173983264	83.79115009
8.24483373	82.05279992
8.108601995	82.0750882
8.193807266	82.05279992
8.158703619	82.0750882
8.18006242	82.05279992
8.821544985	88.82791976
8.900782234	88.85020804
8.878385544	88.82791976
8.879244597	88.82791976
8.862202137	88.80563148
8.966351281	86.95584839
8.868255107	86.97813668
8.9603922	86.97813668
8.875856926	86.97813668
8.938072793	86.93356011
8.875777089	85.551797
8.96055954	85.59636509
8.982047997	85.57407681
8.97972568	85.59636509
8.897510807	85.57407681
8.966493711	85.48493216
8.928695384	85.46264387
8.970921186	85.48493216
8.959363891	85.46264387
8.999482619	85.46264387
9.424349732	93.28523656
9.513729553	93.24066847
9.521934945	93.21838019
9.530130756	93.21838019
9.443017685	93.21838019
9.778015732	94.22127648
9.715886729	94.22127648
9.734720745	94.22127648
9.773343634	94.17669992
9.734547018	94.17669992
10.02584961	95.91505857
9.999141052	95.93733835
9.971400989	95.89277029
9.971589406	95.91505857
9.970550878	95.870482
10.03876031	94.13213183
9.983312763	94.10984355
10.05184602	94.13213183
9.923244848	94.08755527
10.09422128	94.10984355
10.41812828	97.58655235
10.32150687	97.56426406
10.38751662	97.60883215
10.36471244	97.60883215
10.35070253	97.60883215
10.64055655	100.0826447
10.63897257	100.0826447
10.69323534	100.0826447
10.73324165	100.0380766
10.6115046	100.0157883
10.71675422	98.0768521
10.75125047	98.0768521
10.68958644	98.0768521
10.69500581	98.0768521
10.73400426	98.0768521
11.06934912	101.8432831
11.16810635	101.8210033
11.09904744	101.798715
11.17001351	101.8432831
11.11628598	101.8210033
11.45398382	103.7376427
11.48819776	103.6484981
11.47422809	103.6930747
11.45594463	103.6484981
11.47728236	103.6707864
11.64755111	104.5622497
11.70637802	104.5622497
11.65629876	104.5176732
11.73389454	104.5176732
11.62914374	104.4953934
11.66793717	102.1775819
11.76927219	102.1553021
11.67679595	102.1775819
11.78142923	102.1553021
11.68189406	102.1553021
11.7682937	101.6872821
11.76187476	101.7095704
11.73815596	101.6872821
11.73081856	101.6872821
11.70340934	101.6427056
12.11065533	105.5874343
12.20929632	105.5205695
12.06921641	105.4314248
12.2286183	105.4760014
12.13193174	105.4537131
12.44040645	106.2114553
12.42837332	106.2114553
12.45443871	106.1668872
12.5161053	106.1668872
12.40983694	106.1445989
12.56390185	105.8771565
12.60677657	105.9217331
12.61452657	105.8771565
12.5166814	105.7880119
12.59423632	105.8771565
12.59508962	104.584538
12.58702666	104.584538
12.63183153	104.6068263
12.60473784	104.584538
12.58960573	104.584538
12.71444496	100.443966
12.67703241	100.443966
12.76355212	100.443966
12.60036146	100.443966
12.70228153	100.443966
12.38333468	90.99445606
12.43134967	90.92759969
12.42537015	90.99445606
12.45394564	90.94987949
12.3901509	90.97216777
12.15651151	85.95768637
12.24938503	85.93539809
12.11692865	85.93539809
12.23934081	85.93539809
12.22355085	85.9131183
12.20139431	86.38112978
12.17451394	86.33656169
12.16570242	86.38112978
12.16914374	86.38112978
12.252507	86.33656169
12.20516009	86.53713925
12.14080202	86.49256269
12.22346782	86.53713925
12.16161218	86.51485097
12.21840931	86.4702829
11.78798996	78.5362573
11.83445291	78.5362573
11.76168315	78.5362573
11.83781886	78.55854558
11.82008341	78.60311365
11.75784072	79.42772066
11.82741187	79.49457703
11.71692809	79.42772066
11.79430799	79.47228875
11.84673002	79.45000894
11.4325043	70.93653048
11.33202769	70.95881876
11.42272196	70.93653048
11.34987428	70.95881876
11.41789849	70.93653048
11.3315244	72.20686915
11.37104338	72.22914894
11.32194133	72.20686915
11.43343425	72.22914894
11.31388986	72.18458087
11.10003232	67.70497579
11.12575409	67.68269175
11.14193494	67.70497579
11.16579809	67.70497579
11.13050219	67.70497579
11.11139609	68.73016036
11.10571548	68.73016036
11.08912586	68.73016036
11.18132619	68.73016036
11.07021903	68.73016036
11.14872816	69.19817608
11.07396438	69.22046436
11.11857892	69.22046436
11.1472732	69.19817608
11.16828136	69.22046436
10.6358819	60.3949754
10.69544141	60.37269137
10.60533411	60.41726369
10.68836141	60.3949754
10.66700133	60.41726369
10.39981928	56.62854442
10.38733204	56.62854442
10.40866721	56.6508327
10.45323576	56.60625613
10.34949347	56.69540501
10.13246925	52.19351589
10.07967614	52.14893933
10.07470194	52.19351589
10.10115055	52.17122761
10.09425641	52.21579993
10.08080536	53.30784509
10.0688278	53.33012913
10.13752457	53.28555681
9.984180119	53.28555681
10.15933429	53.28555681
9.636218357	45.99784469
9.582093555	45.97555643
9.632043807	46.02012874
9.57508956	45.97555643
9.697872167	46.02012874
9.536926535	47.04531329
9.59475261	47.06760158
9.640319457	47.00074098
9.639904301	47.04531329
9.533149896	47.06760158
9.572628006	47.71168369
9.588080739	47.73396773
9.587817594	47.73396773
9.514378473	47.75625601
9.642072691	47.75625601
9.190707788	40.8251267
9.124217096	40.8251267
9.186192811	40.86969901
9.096314164	40.84741498
9.160681815	40.86969901
8.671271409	34.00543243
8.615983532	34.07229303
8.583466624	34.07229303
8.588168103	34.05000686
8.580975052	34.02771858
8.591371188	34.85232345
8.590959226	34.89689579
8.534803993	34.8300373
8.622304756	34.85232345
8.583231582	34.87460962
7.989923681	27.11887755
7.957072094	27.11887755
7.965382233	27.163452
7.941830771	27.20802431
8.036622306	27.18573814
7.940557202	28.12177384
7.949243535	28.05491535
7.989686723	28.0772015
7.898210046	28.0772015
8.016830878	28.12177384
7.581574015	23.5753124
7.683833881	23.55302412
7.526913343	23.5753124
7.639937876	23.5753124
7.587532457	23.55302412
7.531766193	24.24390992
7.603523614	24.28848223
7.624439157	24.22162163
7.564990782	24.28848223
7.551242742	24.28848223
6.920466723	16.64418414
6.966316514	16.68875645
6.842897122	16.73332984
6.91754722	16.66647031
6.891948722	16.71104369
6.938838319	17.3796412
6.796873604	17.35735399
6.935598189	17.3796412
6.897922493	17.3796412
6.883715227	17.3796412
6.423825582	12.47659273
6.379208484	12.47659273
6.440337281	12.4988789
6.38576475	12.45430551
6.463122301	12.54345226
6.39844041	13.21204979
6.385617848	13.21204979
6.478878417	13.21204979
6.375834226	13.21204979
6.412387086	13.21204979
5.546763894	5.701471313
5.517814132	5.701471313
5.539162075	5.701471313
5.551050855	5.723757459
5.534015422	5.67918461
5.588754015	6.526074584
5.561920908	6.526074584
5.480338988	6.570647967
5.555565194	6.548361287
5.50406737	6.570647967
5.133406493	3.138513888
5.223351884	3.160800568
5.087855933	3.160800568
5.165971942	3.183087003
5.200471377	3.183087003
5.165269051	3.561959141
5.124290952	3.561959141
5.172209815	3.561959141
5.125676614	3.561959141
5.165381782	3.606532257
5.111976796	3.896257897
5.126406649	3.851684515
5.132986547	3.918544333
5.20770275	3.851684515
5.099351274	3.896257897
5.155916552	4.07455036
5.067205771	4.09683704
5.195098944	4.09683704
5.128947402	4.07455036
5.129854996	4.119123742
5.008943144	3.272233501
5.082486054	3.316806617
4.928097327	3.294519914
5.021368753	3.272233501
5.070984645	3.316806617
4.734648519	3.807947109
4.750091671	3.852520225
4.779316075	3.830233789
4.737291784	3.807947109
4.789959709	3.830233789
4.777223052	3.785660674
4.735695031	3.830233789
4.795169912	3.852520225
4.748658746	3.807947109
4.73709187	3.807947109
4.801970481	3.765602708
4.745713695	3.787889144
4.778101266	3.787889144
4.720351197	3.743316028
4.743742664	3.765602708
4.7786745	3.832462526
4.743767254	3.854748939
4.720037595	3.854748939
4.775237969	3.832462526
4.711588219	3.832462526
4.664278357	3.49816377
4.697579589	3.520450183
4.723302315	3.49816377
4.654296418	3.49816377
4.774712638	3.520450183
4.670627684	3.052432081
4.730189109	3.030145401
4.674855885	3.052432081
4.687964584	3.007858698
4.729329737	3.030145401
4.25759602	-0.557994594
4.263456102	-0.513421456
4.251735938	-0.602567777
4.263456102	-0.513421456
4.25759602	-0.557994594
3.838602721	-3.744976038
3.83567268	-3.767262718
3.83567268	-3.767262718
3.829812598	-3.811835833
3.83567268	-3.767262718
3.487000044	-6.419366374
3.418633486	-6.397079694
3.487633635	-6.330219609
3.422288453	-6.352506311
3.47137103	-6.330219609
2.690247025	-9.205189377
2.685306034	-9.160615995
2.714502016	-9.205189377
2.673038663	-9.182902141
2.662216034	-9.138329826
2.662966508	-8.781743856
2.715529686	-8.737171008
2.681556221	-8.737171008
2.71002089	-8.714884305
2.705043812	-8.759457688
2.158463597	-11.27784146
2.199617978	-11.25555532
2.105078889	-11.23326808
2.167164621	-11.25555532
2.139693611	-11.27784146
2.160512869	-10.58695778
2.089549193	-10.60924395
2.123896938	-10.58695778
2.161391083	-10.5423844
2.128984511	-10.58695778
2.14871638	-10.43095149
2.167907111	-10.45323766
2.096480377	-10.47552487
2.1190872	-10.47552487
2.153563961	-10.45323766
2.149802491	-10.20808564
2.123828916	-10.20808564
2.099064402	-10.23037181
2.147427322	-10.2749452
2.136891629	-10.18579843
2.143721738	-10.20808564
2.115589034	-10.23037181
2.128629233	-10.18579843
2.106245956	-10.20808564
2.141036959	-10.23037181
0.986074859	-16.71576839
0.995414664	-16.67119501
1.034674179	-16.67119501
0.950359417	-16.69348115
1.007179457	-16.67119501
-0.121581061	-22.86686619
-0.162494931	-22.86686619
-0.113119949	-22.86686619
-0.166242439	-22.82229176
-0.153196951	-22.84457791
-0.125187696	-22.26512716
-0.197455259	-22.24284099
-0.156162679	-22.28741331
-0.154558741	-22.24284099
-0.125345066	-22.24284099
-0.185646615	-21.52967116
-0.164057792	-21.50738288
-0.154298131	-21.48509671
-0.224822899	-21.48509671
-0.118716606	-21.50738288
-0.178026413	-21.48509671
-0.108078971	-21.4405244
-0.18100252	-21.48509671
-0.160822293	-21.4405244
-0.128323568	-21.48509671
-0.128835357	-21.06165119
-0.18787644	-21.10622564
-0.224451754	-21.08393947
-0.132934041	-21.06165119
-0.158885013	-21.08393947
-1.120526055	-28.54994511
-1.151435033	-28.57223127
-1.112702207	-28.57223127
-1.145377512	-28.54994511
-1.064279807	-28.54994511
-1.104312071	-27.50247439
-1.171219276	-27.54704884
-1.153991673	-27.52476056
-1.132443976	-27.52476056
-1.109381361	-27.45790207
-2.092247865	-34.09930283
-2.060214294	-34.07701666
-2.112759269	-34.07701666
-2.06940137	-34.07701666
-2.125804418	-34.05473049
-2.742348422	-38.24460702
-2.722122039	-38.24460702
-2.807498801	-38.20003469
-2.694211443	-38.20003469
-2.739307567	-38.24460702
-2.751312911	-36.88512795
-2.754751677	-36.88512795
-2.788127638	-36.88512795
-2.824923842	-36.84055138
-2.735980893	-36.88512795
-2.833638598	-36.6622621
-2.75267015	-36.6622621
-2.714270806	-36.6622621
-2.775669455	-36.72911845
-2.751769582	-36.63997382
-3.734730774	-44.19512408
-3.685028338	-44.19512408
-3.745354288	-44.15055176
-3.699459468	-44.17284005
-3.670444877	-44.17284005
-3.731350448	-43.325949
-3.677304207	-43.37052132
-3.685852901	-43.34823729
-3.754436936	-43.37052132
-3.689332863	-43.37052132
-3.742369957	-42.5904909
-3.686784765	-42.5904909
-3.726903812	-42.5904909
-3.748870976	-42.56820686
-3.731288175	-42.56820686
-3.765709051	-42.45677393
-3.724532634	-42.45677393
-3.754826863	-42.43448565
-3.721029998	-42.45677393
-3.700960734	-42.43448565
-3.745991711	-41.81269183
-3.756236156	-41.81269183
-3.755376145	-41.81269183
-3.782386492	-41.83497587
-3.740552533	-41.76811527
-3.769460461	-41.69930751
-3.767941311	-41.69930751
-3.750271008	-41.72159579
-3.792571219	-41.72159579
-3.753352102	-41.74387983
-4.518388824	-49.54418423
-4.468269955	-49.4996119
-4.468111877	-49.52190018
-4.50576905	-49.47732362
-4.420549089	-49.4996119
-5.15153666	-54.22436686
-5.10945744	-54.20208283
-5.139969784	-54.22436686
-5.123666941	-54.20208283
-5.148033704	-54.22436686
-5.936280822	-60.19717222
-5.946770209	-60.15259988
-5.92390088	-60.15259988
-5.919981172	-60.10802757
-5.953775482	-60.15259988
-5.943114284	-58.72625598
-5.960458849	-58.70397193
-5.952658393	-58.70397193
-5.95314189	-58.68168364
-5.989672395	-58.70397193
-6.698053143	-66.01397233
-6.703567049	-65.92482345
-6.754016127	-65.96939577
-6.709886996	-65.94711173
-6.746241219	-65.94711173
-6.740120547	-64.47619549
-6.782819627	-64.47619549
-6.720074916	-64.49848378
-6.761688842	-64.52076781
-6.786520899	-64.47619549
-6.736461429	-64.18646905
-6.763471457	-64.20875733
-6.770896995	-64.18646905
-6.763008399	-64.20875733
-6.693080217	-64.20875733
-6.794033939	-63.49558749
-6.776649136	-63.49558749
-6.783191351	-63.49558749
-6.798569994	-63.51787152
-6.756756793	-63.49558749
-6.745460727	-63.36186629
-6.786020158	-63.38415457
-6.799946395	-63.33958226
-6.72697161	-63.40643861
-6.810191798	-63.33958226
-6.804527158	-63.38415457
-6.801046877	-63.36186629
-6.75286391	-63.36186629
-6.740216353	-63.38415457
-6.786463416	-63.33958226
-7.497495412	-71.89762456
-7.499899483	-71.87534475
-7.478548347	-71.87534475
-7.53257415	-71.85305647
-7.53477703	-71.83076819
-7.532231168	-69.98098088
-7.48073973	-70.04784148
-7.569199183	-70.02555744
-7.542453577	-70.00326916
-7.514758224	-70.00326916
-7.533123433	-69.82497563
-7.497763667	-69.82497563
-7.508248583	-69.84726391
-7.531823676	-69.8026916
-7.543764831	-69.82497563
-8.353658164	-78.40531046
-8.377371217	-78.3607339
-8.343771711	-78.38302218
-8.310726598	-78.31616583
-8.369945041	-78.38302218
-8.355166138	-76.91210594
-8.375018881	-76.88982616
-8.37759604	-76.88982616
-8.314192828	-76.8452496
-8.39414159	-76.86753788
-9.031954817	-82.70661777
-8.947020994	-82.70661777
-8.99233747	-82.72890605
-9.055724715	-82.72890605
-8.983835721	-82.70661777
-9.545501735	-87.78796402
-9.548985849	-87.74338746
-9.500558899	-87.78796402
-9.545922	-87.76567574
-9.559230614	-87.74338746
-10.05100932	-90.01662243
-10.03208525	-90.03891071
-10.05997732	-89.97204586
-10.04270685	-89.99433414
-10.02794838	-89.94975758
-10.44277959	-93.73847685
-10.47214578	-93.78305341
-10.48071715	-93.73847685
-10.46500958	-93.71619704
-10.4884729	-93.78305341
-10.94946622	-97.48262806
-10.92900096	-97.46033977
-10.95486452	-97.43805149
-10.89540529	-97.41576321
-10.92461819	-97.41576321
-10.95628116	-95.27625793
-10.95063887	-95.29853772
-10.96632793	-95.27625793
-11.00444177	-95.29853772
-10.94502341	-95.29853772
-11.30199469	-98.97582408
-11.26828916	-98.97582408
-11.31797244	-98.93125601
-11.3218238	-98.97582408
-11.23429622	-98.93125601
-11.33978919	-97.10375274
-11.3129944	-97.12604102
-11.32125791	-97.12604102
-11.34003189	-97.05918465
-11.30777366	-97.12604102
-11.66682583	-100.7810391
-11.61786939	-100.7587508
-11.67057372	-100.736471
-11.71195005	-100.736471
-11.64270337	-100.7141827
-12.09661668	-103.4777174
-12.03078705	-103.4777174
-12.01948332	-103.4777174
-12.05980068	-103.4777174
-12.08549435	-103.4331409
-12.14309368	-101.5165015
-12.06649682	-101.4496366
-12.05290143	-101.4942132
-12.10278398	-101.4496366
-12.08127892	-101.4719249
-12.52001159	-105.2829324
-12.54330119	-105.2606442
-12.53726546	-105.2160676
-12.51567226	-105.2606442
-12.5254546	-105.2606442
-12.59135066	-103.2548516
-12.56411773	-103.2548516
-12.53692823	-103.2771399
-12.58615036	-103.2325633
-12.54164823	-103.2548516
-13.2119509	-108.1801884
-13.26791133	-108.1356118
-13.25284054	-108.1356118
-13.20343063	-108.0464672
-13.20911251	-108.0464672
-13.26400759	-105.7509524
-13.24521445	-105.7732322
-13.22078541	-105.7509524
-13.25568276	-105.7509524
-13.23847232	-105.7732322
-13.4634918	-108.1579001
-13.51944456	-108.1801884
-13.50164908	-108.1356118
-13.51885057	-108.1801884
-13.53998136	-108.1356118
-13.63867088	-108.5144871
-13.6314459	-108.5367754
-13.59138785	-108.5367754
-13.65155859	-108.5144871
-13.67131617	-108.5813435
-13.63704731	-107.4224462
-13.5882927	-107.3332931
-13.62708612	-107.4001579
-13.67476899	-107.3778696
-13.59919277	-107.4001579
-13.64655501	-106.8652816
-13.66307565	-106.8652816
-13.64811983	-106.820705
-13.66552315	-106.8652816
-13.68090179	-106.8875614
-13.67474855	-105.95153
-13.6880974	-105.95153
-13.65300206	-105.95153
-13.65793411	-105.9738182
-13.67303044	-105.95153
-13.67562101	-104.6811913
-13.70045371	-104.7034796
-13.67123569	-104.7034796
-13.71005722	-104.6811913
-13.71679807	-104.6811913
-13.73575088	-104.3246042
-13.70596187	-104.3023244
-13.67194465	-104.3468925
-13.73293166	-104.3023244
-13.71164631	-104.3023244
-13.73865953	-103.9457374
-13.68705887	-103.9903055
-13.71301185	-103.9457374
-13.74650405	-103.9680257
-13.66718888	-103.9680257
-13.66743031	-103.9234491
-13.71495606	-103.9234491
-13.73954094	-103.9234491
-13.70468574	-103.9457374
-13.70210667	-103.9457374
-13.71168974	-103.7005833
-13.71362884	-103.678295
-13.68119177	-103.7228716
-13.73482221	-103.6337269
-13.75458618	-103.7005833
-13.75794958	-103.3665645
-13.76009178	-103.3442762
-13.68423198	-103.3888528
-13.71171018	-103.3442762
-13.72565558	-103.3442762
-13.63330835	-98.88695942
-13.64663932	-98.84239135
-13.6749772	-98.79781479
-13.69544118	-98.82010307
-13.64749901	-98.84239135
-13.64709024	-98.66409358
-13.64537086	-98.66409358
-13.65260223	-98.64180532
-13.64453544	-98.64180532
-13.63142418	-98.66409358
-13.64583072	-98.79781479
-13.63948203	-98.79781479
-13.67043604	-98.77552651
-13.69420466	-98.79781479
-13.65999583	-98.77552651
-13.40763867	-93.98391095
-13.49154099	-93.96162267
-13.41332183	-93.98391095
-13.39019447	-93.9170546
-13.43463401	-93.96162267
-13.40553351	-94.85308602
-13.43008518	-94.83080624
-13.37548646	-94.83080624
-13.41316216	-94.83080624
-13.45715461	-94.85308602
-13.04948707	-87.72137915
-13.052945	-87.69909936
-13.1400536	-87.69909936
-13.11115366	-87.6545228
-13.08280044	-87.6545228
-13.02869991	-87.87738865
-13.06379653	-87.87738865
-13.08953107	-87.85510036
-13.0463881	-87.89967693
-13.09232986	-87.83281208
-13.03025579	-87.96653328
-13.09192365	-87.96653328
-13.11215003	-87.96653328
-13.03219233	-88.01110984
-13.04611984	-87.96653328
-13.06552486	-88.05567793
-13.09800025	-88.03339812
-13.09300305	-88.01110984
-13.03415059	-88.03339812
-13.05764456	-88.01110984
-13.10361954	-88.03339812
-13.07969636	-87.96653328
-13.02652705	-88.05567793
-13.10886839	-88.01110984
-13.08910059	-88.01110984
-13.02123861	-88.43455325
-13.0935485	-88.43455325
-13.08092394	-88.43455325
-13.05457497	-88.41226497
-13.11123797	-88.45684153
-12.72086135	-80.52281593
-12.66053476	-80.56739249
-12.62451585	-80.56739249
-12.66461095	-80.5896723
-12.63132185	-80.56739249
-12.526755	-81.50342394
-12.49469732	-81.50342394
-12.50926481	-81.48113565
-12.49410716	-81.43656756
-12.53896824	-81.391991
-12.2008693	-72.58879035
-12.16929703	-72.56650207
-12.21135166	-72.61107863
-12.19895064	-72.58879035
-12.20763186	-72.56650207
-12.15351345	-73.36882077
-12.18530415	-73.36882077
-12.21273636	-73.36882077
-12.15305103	-73.36882077
-12.18032356	-73.39110905
-11.75358697	-65.90281514
-11.75772703	-65.92510342
-11.73660136	-65.90281514
-11.73415641	-65.90281514
-11.74309567	-65.94738746
-11.74590595	-66.10339695
-11.77119851	-66.12568099
-11.71739306	-66.12568099
-11.72303152	-66.1702533
-11.74898832	-66.12568099
-11.6996755	-66.57141268
-11.71014508	-66.48226802
-11.74340863	-66.59370096
-11.74191024	-66.57141268
-11.75023635	-66.57141268
-11.79048345	-66.70513387
-11.73125798	-66.70513387
-11.69570278	-66.70513387
-11.73095524	-66.68284559
-11.74320169	-66.7274179
-11.97234846	-74.86202529
-11.8808226	-74.90659338
-11.94817363	-74.90659338
-11.98106673	-74.92888166
-11.94662925	-74.92888166
-11.78075859	-67.59659722
-11.75357164	-67.61888126
-11.80717527	-67.61888126
-11.80909265	-67.61888126
-11.72913877	-67.59659722
-11.83303499	-67.66345782
-11.74545631	-67.73031419
-11.75592334	-67.70803014
-11.81298617	-67.68574185
-11.76748894	-67.70803014
-11.43803162	-61.86894599
-11.40945742	-61.89123003
-11.3933085	-61.91351831
-11.4042354	-61.89123003
-11.42690545	-61.89123003
-11.3953268	-62.00266296
-11.35042228	-62.02495124
-11.39508026	-62.04723527
-11.39490525	-62.02495124
-11.38508075	-62.00266296
-11.37445532	-63.11699214
-11.37201293	-63.11699214
-11.33349926	-63.0947081
-11.38972411	-63.11699214
-11.40951107	-63.0947081
-11.01362118	-55.62870247
-11.02077846	-55.67327479
-11.02245442	-55.65098651
-10.94908683	-55.65098651
-10.98398545	-55.65098651
-10.99956209	-56.36415636
-10.98272721	-56.40873292
-10.96331709	-56.38644464
-10.97012436	-56.38644464
-10.98689027	-56.40873292
-10.58373388	-50.25763405
-10.59375701	-50.27992234
-10.63385275	-50.30220637
-10.60248167	-50.27992234
-10.57606436	-50.32449465
-10.12722105	-45.06485914
-10.18668539	-45.0202868
-10.12327834	-45.04257509
-10.12155832	-45.04257509
-10.16837191	-45.08714742
-10.16520779	-45.644312
-10.09290236	-45.644312
-10.13559633	-45.644312
-10.18069118	-45.68888434
-10.07875769	-45.644312
-10.10503577	-46.04547138
-10.19415436	-46.02318309
-10.1346683	-46.02318309
-10.07908534	-46.02318309
-10.15641543	-46.02318309
-10.09998492	-46.2014766
-10.14677871	-46.2014766
-10.14159629	-46.22376066
-10.11635099	-46.22376066
-10.15202117	-46.17918832
-10.15400306	-46.17918832
-10.16360656	-46.22376066
-10.09257982	-46.2014766
-10.09322299	-46.15690429
-10.13507515	-46.2014766
-10.09018852	-46.40456129
-10.1309683	-46.40456129
-10.15661534	-46.40456129
-10.11543829	-46.40456129
-10.10301172	-46.40456129
-10.12394004	-46.42684955
-10.10847453	-46.42684955
-10.11656049	-46.40456129
-10.14727115	-46.42684955
-10.16970169	-46.40456129
-9.69680873	-39.62944146
-9.751246495	-39.65172549
-9.705732022	-39.62944146
-9.707515275	-39.62944146
-9.742564632	-39.67401377
-9.716120494	-40.11974546
-9.692187728	-40.18660606
-9.674522535	-40.14203372
-9.755093391	-40.14203372
-9.687848393	-40.16431778
-9.288586165	-34.8378259
-9.278144681	-34.8378259
-9.288214441	-34.81553761
-9.302576272	-34.86011206
-9.288634068	-34.79325145
-9.343172109	-35.66242866
-9.259080733	-35.61785634
-9.237288893	-35.66242866
-9.325745152	-35.64014037
-9.301158995	-35.64014037
-8.525063164	-26.6586483
-8.52658455	-26.6586483
-8.504155925	-26.68093447
-8.478202948	-26.6586483
-8.524581584	-26.68093447
-8.546697245	-27.70611902
-8.488556291	-27.68383074
-8.493737434	-27.66154459
-8.501976677	-27.68383074
-8.475911927	-27.70611902
-8.127605905	-23.44937978
-8.148475461	-23.40480747
-8.095309988	-23.42709363
-8.110578136	-23.42709363
-8.160480486	-23.42709363
-8.112614954	-24.31855699
-8.108492139	-24.34084316
-8.113051825	-24.34084316
-8.11825149	-24.36313144
-8.082739075	-24.31855699
-7.783272604	-19.43779466
-7.686087857	-19.46008295
-7.670599357	-19.48236911
-7.738791549	-19.43779466
-7.68721197	-19.46008295
-7.178354396	-15.58221691
-7.230674228	-15.60450308
-7.247903827	-15.62679029
-7.213470178	-15.62679029
-7.256362784	-15.62679029
-7.233114705	-16.42910691
-7.231634835	-16.45139305
-7.230139636	-16.42910691
-7.247541045	-16.47368029
-7.193920817	-16.42910691
-6.693723389	-11.72663811
-6.744265078	-11.68206473
-6.755544538	-11.70435087
-6.656204814	-11.70435087
-6.659708728	-11.70435087
-6.703839136	-12.66267378
-6.73473055	-12.64038761
-6.665879857	-12.684961
-6.648431184	-12.684961
-6.71379904	-12.684961
-6.667345037	-13.17526607
-6.67538756	-13.19755221
-6.708258308	-13.17526607
-6.691781099	-13.13069269
-6.698475963	-13.17526607
-6.691271416	-13.17526607
-6.673871284	-13.13069269
-6.686513093	-13.17526607
-6.682991935	-13.13069269
-6.67913418	-13.15297883
-6.681490348	-13.17526607
-6.676707755	-13.19755221
-6.733988379	-13.21983838
-6.656439856	-13.17526607
-6.651172488	-13.21983838
-5.859098274	-6.734442874
-5.841975977	-6.734442874
-5.866125263	-6.712156172
-5.883046369	-6.712156172
-5.812919552	-6.712156172
-5.869283001	-6.979595399
-5.822906281	-6.957308719
-5.821626324	-6.979595399
-5.892415474	-6.979595399
-5.826210281	-6.957308719
-5.284240529	-3.280022359
-5.284240529	-3.280022359
-5.284240529	-3.280022359
-5.287525049	-3.302308773
-5.284240529	-3.280022359
-5.313802487	-3.480601502
-5.313802487	-3.480601502
-5.313802487	-3.480601502
-5.313802487	-3.480601502
-5.313802487	-3.480601502
-5.317374422	-3.50483826
-5.317374422	-3.50483826
-5.310805063	-3.460265144
-5.314089902	-3.48255158
-5.310805063	-3.460265144
-4.795112748	0.038728664
-4.87400414	0.127875006
-4.78540577	0.061015255
-4.742994426	0.105588415
-4.814291663	0.061015255
-4.152311266	2.133667542
-4.138640829	2.155954088
-4.158458125	2.133667542
-4.15000843	2.155954088
-4.147488754	2.133667542
-4.128802917	1.88851515
-4.106331499	1.88851515
-4.122223977	1.955374946
-4.156110579	1.910801697
-4.168459863	1.88851515
-4.077145417	1.665649306
-4.170502749	1.732509101
-4.110422698	1.732509101
-4.075163208	1.665649306
-4.189583942	1.687935852
-4.08473574	1.643362737
-4.110060555	1.665649306
-4.14391107	1.687935852
-4.051224694	1.643362737
-4.057006216	1.710222421
-4.077296789	1.710222421
-4.139349787	1.687935852
-4.066777703	1.687935852
-4.067175613	1.687935852
-4.120778916	1.687935852
-4.047862253	1.665649306
-4.124258879	1.643362737
-4.053831233	1.710222421
-4.013514189	1.710222421
-4.09672831	1.710222421
-3.260771503	3.475877068
-3.230112577	3.49816377
-3.292288844	3.453590388
-3.187924778	3.453590388
-3.251848531	3.475877068
-3.253443686	3.49816377
-3.216290129	3.475877068
-3.23287911	3.475877068
-3.264010037	3.475877068
-3.239685428	3.475877068
-3.289933634	3.471976934
-3.165430366	3.516550049
-3.201497813	3.471976934
-3.228032647	3.538836752
-3.17540017	3.494263636
-3.137687429	3.405117138
-3.204101478	3.382830703
-3.196499658	3.382830703
-3.185630244	3.315970907
-3.168420445	3.405117138
-3.269610487	2.513653782
-3.273224896	2.469080666
-3.255190534	2.491367346
-3.214797484	2.469080666
-3.276926168	2.469080666
-2.825083198	5.722921772
-2.808183808	5.767495132
-2.750792369	5.722921772
-2.787296368	5.767495132
-2.734939171	5.745208452
-1.745675597	10.8488366
-1.617394892	10.87112277
-1.695650457	10.87112277
-1.655409259	10.89340891
-1.687287466	10.9379823
-1.669355775	10.02423279
-1.652965908	10.02423279
-1.72168439	9.979659412
-1.647205943	10.00194556
-1.694879066	10.04651894
-0.603208845	16.42048261
-0.518287596	16.44276875
-0.535771638	16.37590922
-0.539899522	16.44276875
-0.541741736	16.42048261
0.366255157	21.43496292
0.389124486	21.43496292
0.341017764	21.41267677
0.36785163	21.41267677
0.409689741	21.41267677
0.397090445	20.34292202
0.382707217	20.43206665
0.382869567	20.36520817
0.40495501	20.34292202
0.398137116	20.36520817
1.345439829	27.7643532
1.339170899	27.74206704
1.336405004	27.71978089
1.343807469	27.71978089
1.339246825	27.71978089
2.330936983	33.5811512
2.284614234	33.55886503
2.317927282	33.55886503
2.310599785	33.53657889
2.310213211	33.51429272
2.318403115	32.51139645
2.344387708	32.48911028
2.29666748	32.48911028
2.315174641	32.48911028
2.306251349	32.48911028
3.064341878	39.24194606
3.086240062	39.1973695
3.035466844	39.21965778
3.096946607	39.1973695
3.066399453	39.21965778
3.943848833	44.54614966
3.971664582	44.56843794
3.957531406	44.54614966
3.897111886	44.56843794
3.909349397	44.54614966
3.962828153	42.49578479
4.011520164	42.5403571
4.027061996	42.51807307
3.912716629	42.51807307
3.976423863	42.5403571
4.662343732	50.29608917
4.700415422	50.29608917
4.703332689	50.27380514
4.70709879	50.27380514
4.72292612	50.20694454
4.80399676	48.37944549
4.658380911	48.40172955
4.79605611	48.40172955
4.729443106	48.37944549
4.7458689	48.44630187
5.489218848	55.93459578
5.445635807	55.84545112
5.468307138	55.84545112
5.471269433	55.86773518
5.506518704	55.82316284
6.061489854	60.23590733
6.042549814	60.16904674
6.086889716	60.191335
6.038584119	60.16904674
6.073229817	60.14675846
6.109043061	58.85413997
6.063165167	58.87642401
6.096817046	58.85413997
6.069895798	58.89871229
6.134679243	58.87642401
6.880291151	66.05270319
6.890497593	65.98584685
6.9397523	65.96355857
6.849445085	66.00813088
6.937558362	65.98584685
6.860509303	64.49264233
6.818310965	64.55950292
6.982598281	64.47035827
6.898108993	64.51493061
6.879291584	64.47035827
7.008984297	62.68826727
6.896208219	62.73283958
6.879108915	62.68826727
7.027767217	62.66597899
6.92656504	62.68826727
7.217968549	66.98957882
7.151145732	66.98957882
7.177987781	66.96729054
7.204571156	66.94500226
7.204946074	66.98957882
7.524016834	71.38003078
7.660173201	71.38003078
7.58928633	71.31317441
7.619895438	71.29088613
7.654104264	71.35775098
7.848369651	73.27439041
7.837253698	73.29667869
7.776522173	73.27439041
7.844942381	73.25211062
7.866156197	73.25211062
7.886956773	72.13778142
7.842229818	72.09320486
7.813278139	72.09320486
7.892255437	72.11549314
7.833628431	72.11549314
7.843734598	71.40231907
7.919071938	71.42460735
7.865480451	71.40231907
7.837652248	71.40231907
7.901787411	71.35775098
8.458108136	78.17743888
8.473362871	78.19972716
8.449143967	78.26659201
8.465259671	78.28887181
8.397786657	78.26659201
9.081977881	83.99423899
9.100148287	83.8605178
9.107716255	83.79366145
9.063449165	83.74908489
9.09934991	83.72680508
9.154634593	81.92159008
9.170176744	81.8993018
9.103838062	81.85472524
9.185953937	81.94387837
9.166486968	81.87701352
9.829633633	87.80524656
9.839205206	87.82753485
9.846533023	87.84982313
9.799595524	87.87210291
9.811377003	87.82753485
9.793916833	85.08627991
9.853725435	85.10856819
9.887501223	85.10856819
9.846444882	85.13085647
9.924390039	85.08627991
9.907766568	85.01942356
9.793156779	85.01942356
9.861168218	85.01942356
9.857788213	85.04171184
9.843531767	84.99713528
10.22634425	90.92536832
10.27941136	90.94765661
10.23651429	90.94765661
10.17675423	90.96994486
10.29275958	90.94765661
10.22501256	89.05329696
10.28824971	89.09786503
10.26965648	88.98643211
10.29896647	89.07558524
10.23086051	88.98643211
10.93479015	95.62783923
10.87596706	95.62783923
10.81067393	95.60555095
10.91161041	95.58326267
10.86039042	95.58326267
10.89295395	93.44374892
10.86928114	93.4660372
10.89808911	93.48832546
10.90194303	93.44374892
10.93688636	93.48832546
11.30002622	97.03189063
11.25685386	97.05417891
11.31825857	97.05417891
11.21934167	96.98732254
11.25001082	96.98732254
11.58217239	99.30512559
11.62049701	99.32741387
11.58474252	99.32741387
11.63651307	99.28283731
11.56136224	99.28283731
12.02372685	102.514392
12.02381243	102.4698154
11.93107815	102.4698154
12.04344355	102.4698154
11.98052894	102.4475356
12.04463281	99.99601139
12.06842825	99.99601139
12.07186447	99.99601139
12.02532999	99.99601139
12.05943918	99.99601139
12.41948772	103.495
12.4209976	103.5172882
12.41796888	103.495
12.41254631	103.495
12.35665231	103.4504319
12.46247485	101.1103406
12.45790686	101.1326204
12.44361912	101.1549087
12.45587579	101.0880523
12.38938446	101.0880523
12.5482524	97.99161025
12.4197994	98.0584666
12.54653812	97.99161025
12.50242815	98.03617832
12.471584	97.99161025
12.27403633	90.48102806
12.31839029	90.48102806
12.30914573	90.45873978
12.30787088	90.50331634
12.3267049	90.50331634
12.29658631	90.74847047
12.27425732	90.72618219
12.29561676	90.7038939
12.27285857	90.74847047
12.35252502	90.7038939
11.94687962	83.97335063
12.01647248	83.99563044
12.02005048	83.97335063
11.98408267	83.99563044
11.99473876	83.97335063
11.93517223	85.31054568
12.01919846	85.26596911
11.99085674	85.24368083
11.95335605	85.2882574
11.97227437	85.26596911
11.67006021	77.95597296
11.5752361	77.91139639
11.69763421	77.93368468
11.60609175	77.93368468
11.63492143	77.91139639
11.59456064	79.0257256
11.60096936	79.0257256
11.67328692	79.00343731
11.56490064	78.98114903
11.64415194	78.98114903
11.19143171	70.22252492
11.1930042	70.2448132
11.21238111	70.22252492
11.203111	70.26709723
11.12460698	70.22252492
11.13279513	69.19734037
11.06088378	69.19734037
11.12817093	69.19734037
11.0272996	69.21962865
11.09934508	69.21962865
11.06568042	70.28938552
11.09847133	70.26709723
11.06330062	70.28938552
11.1234471	70.28938552
11.00111414	70.26709723
11.09121314	70.53453539
11.10116027	70.46767905
11.03082012	70.48996308
11.07563522	70.48996308
11.08149338	70.53453539
10.63588829	62.42222053
10.70322781	62.44450882
10.68108022	62.46679285
10.61889054	62.44450882
10.69775351	62.42222053
10.14082921	54.75563734
10.13060808	54.84478199
10.0939939	54.84478199
10.1133491	54.86707027
10.12174802	55.00078722
10.14315216	55.60252413
10.11067102	55.66938475
10.04564232	55.6471007
10.13205665	55.73624535
10.08707741	55.80310595
9.5602404	47.6685028
9.587265117	47.69078684
9.551318385	47.6685028
9.589066893	47.64621452
9.493616219	47.6685028
9.546781692	48.91654895
9.540063835	48.87197663
9.497107997	48.8496926
9.553997097	48.89426492
9.499609789	48.87197663
9.084282953	42.78773836
9.200375806	42.72088199
9.129025876	42.6540214
9.135409693	42.56487252
9.117310822	42.54258849
9.051133093	44.43137393
9.143271464	44.43137393
9.134809952	44.43137393
9.134582575	44.49823453
9.106169321	44.4759505
9.122593518	44.40908988
9.070454437	44.3868016
9.111764981	44.3868016
9.114596342	44.40908988
9.113224413	44.36451756
8.69125828	38.34713989
8.690643849	38.3917122
8.654817193	38.3917122
8.73259501	38.43628454
8.708865351	38.43628454
8.669968458	39.23860325
8.671816859	39.23860325
8.721380058	39.2608873
8.682856168	39.23860325
8.679419317	39.23860325
8.315357819	33.35494254
8.313750847	33.39951699
8.26334073	33.35494254
8.285671634	33.37722871
8.345882618	33.37722871
7.789204859	28.38503558
7.892699334	28.40732175
7.769055119	28.3627473
7.847446728	28.3627473
7.81623788	28.38503558
7.764419427	29.25421066
7.824427943	29.27649894
7.839033119	29.27649894
7.832628226	29.25421066
7.81028327	29.27649894
7.385854306	23.86085818
7.342683865	23.88314435
7.343555054	23.86085818
7.398789279	23.90543052
7.283010029	23.86085818
7.359733989	24.61860246
7.339517824	24.59631631
7.384573072	24.64088863
7.37045267	24.59631631
7.314070698	24.59631631
6.830519097	18.2223516
6.817971815	18.20006543
6.805941243	18.20006543
6.806195446	18.2223516
6.819528329	18.26692603
6.145494367	12.45012699
6.22453298	12.4724142
6.145218448	12.4724142
6.202361751	12.53927375
6.236297214	12.4724142
6.207396632	13.38616373
6.116381736	13.38616373
6.179779199	13.36387756
6.198075429	13.38616373
6.186235189	13.40844987
5.451655564	6.544182761
5.389451833	6.566468929
5.428908866	6.566468929
5.350642762	6.588755609
5.417928318	6.588755609
5.337907702	7.413359437
5.441411438	7.413359437
5.427390673	7.435646117
5.330581482	7.391072735
5.431752362	7.435646117
4.773417671	2.710890108
4.738661797	2.688603405
4.78927055	2.733176788
4.768506061	2.755463223
4.746550713	2.777749903
4.696823687	4.030534562
4.738883427	3.985961179
4.778142782	3.985961179
4.749567937	4.030534562
4.734708557	4.008247859
4.820404351	6.571204751
4.832718826	6.526631902
4.79945336	6.571204751
4.87494335	6.548918604
4.808901984	6.571204751
4.527478179	3.721029593
4.555106469	3.721029593
4.468490946	3.787889144
4.573327012	3.765602708
4.55132951	3.743316028
4.531215218	3.787889144
4.513058226	3.743316028
4.539091041	3.765602708
4.530518715	3.721029593
4.482722163	3.743316028
4.478933388	3.787889144
4.570561117	3.743316028
4.53577714	3.787889144
4.483758136	3.787889144
4.539014716	3.787889144
4.500096427	3.453590388
4.45335916	3.475877068
4.429121734	3.431303952
4.483158076	3.49816377
4.470309328	3.409017272
3.290162608	-3.343817731
3.294057726	-3.321531051
3.294057726	-3.321531051
3.290162608	-3.343817731
3.297952525	-3.299244348
2.84225244	-5.906774622
2.823482294	-5.906774622
2.779749158	-5.929061324
2.884090231	-5.906774622
2.848338622	-5.973634685
1.211283873	-11.43384776
1.304765033	-11.45613393
1.240695736	-11.43384776
1.213266321	-11.43384776
1.272266967	-11.41156054
0.344304121	-15.6460115
0.327013027	-15.66829872
0.327035621	-15.69058489
0.296102572	-15.69058489
0.329194011	-15.66829872
-0.447002375	-20.28162075
-0.541143872	-20.2593346
-0.496266383	-20.2593346
-0.544646947	-20.2593346
-0.482079915	-20.23704843
-0.975957196	-22.71085883
-0.960425345	-22.71085883
-1.009708953	-22.733145
-1.01076752	-22.733145
-1.015198668	-22.66628651
-1.012178889	-22.01997515
-1.007816561	-22.01997515
-1.05639656	-22.01997515
-0.964856173	-22.01997515
-1.009536583	-22.01997515
-1.076003165	-21.73024871
-1.048328489	-21.77482316
-1.023477031	-21.77482316
-1.05161261	-21.73024871
-1.016517026	-21.73024871
-1.744417037	-27.2573224
-1.768348046	-27.1904618
-1.744240596	-27.23503623
-1.710425049	-27.21275006
-1.769425695	-27.23503623
-1.805770657	-26.29899842
-1.743290368	-26.25442611
-1.712271214	-26.27671227
-1.780525999	-26.23213996
-1.723000274	-26.25442611
-2.633576521	-32.94040131
-2.697224515	-32.94040131
-2.675875933	-32.94040131
-2.686583436	-32.94040131
-2.761931954	-32.94040131
-3.667453201	-39.47036914
-3.653266374	-39.4480851
-3.657804984	-39.47036914
-3.641986914	-39.42579682
-3.645226406	-39.42579682
-3.795265579	-39.24750329
-3.849312459	-39.20293098
-3.822741539	-39.20293098
-3.818976077	-39.20293098
-3.793985622	-39.26979157
-3.842211701	-39.67095093
-3.8541701	-39.7378073
-3.88142475	-39.71552326
-3.833676739	-39.80466789
-3.782032971	-39.82695617
-4.562615996	-45.28716925
-4.53844723	-45.26488097
-4.603775167	-45.24259693
-4.583593173	-45.19802037
-4.535604372	-45.26488097
-4.653681668	-43.79396898
-4.560023189	-43.79396898
-4.592961001	-43.77168069
-4.600119881	-43.81625301
-4.5297098	-43.77168069
-4.593181672	-42.79218414
-4.591615896	-42.8367607
-4.587538429	-42.81447242
-4.606244066	-42.81447242
-4.619727364	-42.81447242
-4.605209051	-42.79218414
-4.652203395	-42.79218414
-4.55592688	-42.76990011
-4.561610361	-42.76990011
-4.62759169	-42.81447242
-5.270087553	-49.85703464
-5.287530798	-49.92389101
-5.289209304	-49.90160696
-5.284208914	-49.87931868
-5.268765123	-49.85703464
-5.279852334	-48.74270544
-5.261959764	-48.78727778
-5.326870629	-48.72041716
-5.302740185	-48.78727778
-5.263263352	-48.74270544
-6.049422237	-55.25038712
-5.991698355	-55.27267115
-6.034376357	-55.22809884
-6.068829806	-55.27267115
-5.98273227	-55.25038712
-6.640538755	-59.79684855
-6.667306076	-59.79684855
-6.628795598	-59.77456452
-6.657371082	-59.75227624
-6.66841039	-59.75227624
-6.637013764	-58.43736948
-6.642299015	-58.43736948
-6.674709898	-58.41508119
-6.677129937	-58.43736948
-6.672128269	-58.48194179
-7.25930017	-64.07587183
-7.268462974	-64.09816011
-7.279591062	-64.07587183
-7.221208041	-64.03129951
-7.241856606	-64.00901548
-7.996986437	-70.67270238
-8.044466193	-70.6504141
-7.964532761	-70.67270238
-8.004855233	-70.60584179
-8.033582728	-70.62813007
-8.035190338	-68.60004923
-8.010355727	-68.64462155
-8.06243924	-68.64462155
-8.063277216	-68.66690983
-8.025805904	-68.60004923
-8.091670031	-68.06517291
-8.112160199	-68.06517291
-8.028239355	-68.10974523
-8.071603322	-68.04288463
-8.077746349	-68.04288463
-8.111796139	-67.97602403
-8.083083973	-67.99831232
-8.087844212	-67.99831232
-8.112895343	-67.99831232
-8.124923361	-67.99831232
-8.571617443	-74.17169946
-8.57944153	-74.14941118
-8.603433696	-74.14941118
-8.580763642	-74.14941118
-8.522996966	-74.14941118
-9.069073566	-78.27242921
-9.041384599	-78.20556436
-9.047424795	-78.18328458
-9.019396678	-78.18328458
-9.024396429	-78.20556436
-9.057255042	-77.06895538
-9.06745382	-77.11352347
-9.063774263	-77.09123518
-9.053792005	-77.09123518
-9.075783759	-77.0466671
-9.49835091	-82.21714948
-9.512760643	-82.15029313
-9.533007466	-82.19486969
-9.499213156	-82.15029313
-9.497472057	-82.17258141
-10.09323321	-86.76361941
-10.06201478	-86.71904285
-10.1205958	-86.76361941
-10.0766372	-86.76361941
-10.06333689	-86.71904285
-10.11782192	-85.00297248
-10.16728421	-84.9806927
-10.11504549	-85.00297248
-10.10323718	-84.9806927
-10.11431992	-85.00297248
-10.46514115	-88.05623789
-10.51176377	-88.03394961
-10.48192941	-88.05623789
-10.48561407	-88.01166133
-10.46794313	-88.03394961
-10.4849792	-86.85276404
-10.44724411	-86.78589919
-10.50498907	-86.80818748
-10.52852009	-86.80818748
-10.46189399	-86.80818748
-10.44608167	-86.00586877
-10.50338657	-86.00586877
-10.4918446	-85.98358896
-10.47027311	-86.00586877
-10.50166846	-86.00586877
-10.50300718	-85.42642436
-10.50871397	-85.40413608
-10.53199909	-85.44870417
-10.52521609	-85.42642436
-10.49064576	-85.42642436
-10.91285843	-91.243216
-10.90266221	-91.19864791
-10.84599538	-91.22093619
-10.86271912	-91.22093619
-10.85994077	-91.22093619
-10.90460003	-89.86145289
-10.91702021	-89.86145289
-10.92050368	-89.81687632
-10.87362047	-89.83916461
-10.85775897	-89.83916461
-11.43580894	-96.19084103
-11.44867749	-96.14626447
-11.5040171	-96.12398469
-11.50794128	-96.1016964
-11.48093062	-96.14626447
-11.52945273	-93.873038
-11.52463054	-93.873038
-11.56602986	-93.85074972
-11.50092579	-93.91760607
-11.53379462	-93.89532628
-12.24653259	-100.8933119
-12.19007142	-100.8487354
-12.15717576	-100.8264471
-12.23144647	-100.8487354
-12.23210178	-100.9156002
-12.25868835	-98.26348994
-12.24141532	-98.28577822
-12.25472457	-98.26348994
-12.22535709	-98.21892187
-12.23861908	-98.24121015
-13.13930504	-105.9746497
-13.16499999	-105.9300816
-13.1430325	-105.9523614
-13.18290916	-105.9300816
-13.19549285	-105.9077933
-13.22707917	-103.2779713
-13.21337009	-103.3002596
-13.23421857	-103.2779713
-13.20524071	-103.3002596
-13.22163105	-103.3002596
-13.72485592	-107.5124223
-13.703066	-107.4901425
-13.74338592	-107.4901425
-13.73922286	-107.4901425
-13.67101087	-107.4901425
-13.81581844	-103.8574242
-13.77922343	-103.8351359
-13.77836246	-103.8351359
-13.8199815	-103.8574242
-13.80625581	-103.8351359
-13.80188837	-103.0116489
-13.79291718	-103.0562254
-13.75072842	-103.0116489
-13.81452699	-103.0562254
-13.83259712	-103.0339371
-13.77313405	-103.0116489
-13.77837779	-102.9893606
-13.80232269	-103.0339371
-13.77051283	-102.9893606
-13.78884099	-103.0339371
-13.51538753	-94.54274697
-13.5145074	-94.56503525
-13.56614766	-94.54274697
-13.55636531	-94.54274697
-13.53063461	-94.56503525
-13.31305088	-88.56994586
-13.30192343	-88.59223414
-13.24660171	-88.59223414
-13.30868856	-88.56994586
-13.34114479	-88.56994586
-13.29323071	-90.13000673
-13.26377638	-90.10771845
-13.255228	-90.19686308
-13.27333901	-90.13000673
-13.22806149	-90.13000673
-13.22660781	-89.81799625
-13.26454921	-89.75113141
-13.29437654	-89.79570797
-13.24904154	-89.72884313
-13.24423468	-89.77341969
-13.2872167	-90.50887357
-13.28620628	-90.46430548
-13.27465601	-90.50887357
-13.23846338	-90.48659376
-13.23493519	-90.50887357
-13.23888492	-90.70945961
-13.25884816	-90.77631596
-13.23820151	-90.73173939
-13.25476942	-90.75402768
-13.2689192	-90.68717133
-12.81473762	-81.7056729
-12.85109121	-81.7056729
-12.87095864	-81.72796118
-12.83892268	-81.77253774
-12.85068499	-81.83939409
-12.60727604	-77.78324091
-12.64737113	-77.80552069
-12.61995936	-77.85009725
-12.6181991	-77.82780897
-12.68006368	-77.82780897
-12.27508763	-72.27845127
-12.30776613	-72.25616299
-12.32624759	-72.27845127
-12.28249146	-72.27845127
-12.30234356	-72.25616299
-12.26860354	-73.41506875
-12.2829526	-73.34820391
-12.29037814	-73.3259241
-12.29931995	-73.37049219
-12.2694875	-73.39278047
-11.93233512	-68.08857263
-11.96718648	-68.13314496
-12.00422475	-68.11086091
-11.95020214	-68.13314496
-11.96066789	-68.11086091
-11.95929852	-68.46744372
-11.96062702	-68.40058312
-11.94365673	-68.44515966
-11.97082452	-68.44515966
-11.98243866	-68.40058312
-11.95052149	-68.64573723
-11.90374814	-68.62344894
-11.92641819	-68.62344894
-11.96840767	-68.66802551
-11.94776613	-68.62344894
-11.47360599	-60.97915403
-11.50817632	-60.97915403
-11.47230687	-60.95686575
-11.51544474	-60.97915403
-11.5380752	-60.95686575
-11.52618897	-62.07119495
-11.50004055	-62.04890667
-11.45793482	-62.11576729
-11.49129162	-62.07119495
-11.47999045	-62.07119495
-10.91817881	-53.35713893
-10.9706596	-53.35713893
-10.95559008	-53.35713893
-10.90505095	-53.33485489
-10.93930576	-53.37942721
-10.86289157	-54.20402997
-10.90232753	-54.22631825
-10.94458526	-54.20402997
-10.88102302	-54.18174594
-10.89710423	-54.22631825
-10.48919591	-47.5626271
-10.50293692	-47.6294877
-10.49141731	-47.58491538
-10.48857509	-47.58491538
-10.43470832	-47.58491538
-10.12100457	-43.9299173
-10.17480746	-43.9299173
-10.18679588	-43.90762902
-10.12929108	-43.90762902
-10.18485487	-43.9299173
-10.14524199	-45.26711235
-10.10946324	-45.28939638
-10.1615046	-45.26711235
-10.09730173	-45.28939638
-10.11602845	-45.26711235
-10.18066308	-45.71284402
-10.13252099	-45.73512805
-10.1078914	-45.71284402
-10.13159806	-45.73512805
-10.10637129	-45.71284402
-10.11989003	-46.22404063
-10.17389093	-46.22404063
-10.12163177	-46.20175235
-10.10596699	-46.20175235
-10.18677608	-46.22404063
-9.633013356	-38.53516915
-9.65484735	-38.51288087
-9.612390338	-38.53516915
-9.598864567	-38.51288087
-9.679434785	-38.51288087
-9.27756474	-34.79102433
-9.345268965	-34.76873605
-9.317438206	-34.83559665
-9.325061742	-34.81331048
-9.325676811	-34.85788279
-9.322685774	-35.81620677
-9.295674469	-35.79391849
-9.284614084	-35.81620677
-9.275011214	-35.77163445
-9.286685391	-35.86077908
-9.12499695	-33.47611546
-9.141983842	-33.47611546
-9.107349002	-33.47611546
-9.143764541	-33.47611546
-9.202106686	-33.4984016
-8.838589999	-30.19998634
-8.841390064	-30.17770017
-8.858771035	-30.24456076
-8.827684179	-30.19998634
-8.833562145	-30.26684693
-8.623063533	-27.65931746
-8.567278747	-27.65931746
-8.598211037	-27.65931746
-8.653993907	-27.65931746
-8.610457491	-27.70388977
-8.01587091	-22.37739578
-8.039622285	-22.35510961
-8.078420178	-22.35510961
-8.042002724	-22.35510961
-7.997100764	-22.37739578
-8.021807636	-23.26885914
-8.027511875	-23.24657297
-8.021231528	-23.24657297
-8.012927776	-23.22428682
-8.042912234	-23.24657297
-8.000213154	-23.62544406
-8.024841466	-23.64773234
-8.032889737	-23.60315789
-8.026562126	-23.64773234
-8.015504934	-23.60315789
-7.611053261	-18.74468387
-7.573091427	-18.76697002
-7.547821221	-18.78925619
-7.546122915	-18.76697002
-7.593822384	-18.78925619
-7.228129644	-15.66913443
-7.189746906	-15.71370781
-7.176000782	-15.71370781
-7.143370824	-15.6914206
-7.174105118	-15.6914206
-7.16350779	-16.40459149
-7.145419777	-16.38230532
-7.190694738	-16.38230532
-7.135437519	-16.38230532
-7.15264157	-16.42687764
-6.572760441	-11.6352621
-6.598514144	-11.65754931
-6.650770745	-11.67983548
-6.59324997	-11.6352621
-6.580866196	-11.65754931
-5.949040791	-7.668250876
-6.013726514	-7.690537045
-5.959327709	-7.690537045
-5.944924363	-7.623677516
-6.022671522	-7.668250876
-4.966703291	-3.612092401
-4.972505251	-3.634379081
-4.960901331	-3.589805698
-4.960901331	-3.589805698
-4.972505251	-3.634379081
-5.07113953	-4.013250952
-5.08854573	-4.08011077
-5.08274377	-4.057824068
-5.08274377	-4.057824068
-5.08854573	-4.08011077
-5.11755585	-4.191543681
-5.111753889	-4.169257001
-5.111753889	-4.169257001
-5.111753889	-4.169257001
-5.111753889	-4.169257001
-4.044181419	-0.068525521
-4.032577498	-0.023952361
-4.049983698	-0.090812112
-4.026775538	-0.00166577
-4.055785658	-0.113098681
-4.253054217	-0.870842513
-4.247252257	-0.848555944
-4.247252257	-0.848555944
-4.253054217	-0.870842513
-4.253054217	-0.870842513
-2.999817427	3.943059461
-3.077932797	3.920773048
-3.004501979	3.920773048
-2.970452509	3.898486345
-3.025962334	3.876199932
-3.017278235	3.096169487
-2.970926744	3.051596104
-2.955933557	3.073882807
-2.984100911	3.096169487
-3.028195552	3.118455922
-3.020793007	3.118455922
-2.943360089	3.185315718
-2.976474501	3.185315718
-3.055015885	3.229888833
-2.992975981	3.140742602
-3.054257747	1.848120672
-3.040662996	1.892693921
-2.986399276	1.892693921
-3.002847744	1.870407241
-3.043439749	1.892693921
-3.010842364	2.160132881
-3.025771043	2.137846335
-3.007813006	2.18241945
-3.000012869	2.18241945
-3.029150729	2.160132881
-2.706144613	3.187265796
-2.681369081	3.209552476
-2.63594195	3.16497936
-2.662974492	3.16497936
-2.67216013	3.16497936
-2.626931795	3.120405978
-2.654798799	3.209552476
-2.658412729	3.16497936
-2.658698548	3.209552476
-2.694755297	3.14269268
-2.675013367	3.187265796
-2.648319816	3.209552476
-2.668657813	3.16497936
-2.652209186	3.187265796
-2.688771945	3.209552476
-2.689624931	2.516718206
-2.679654488	2.539004886
-2.703657831	2.561291322
-2.653481798	2.539004886
-2.659825536	2.539004886
-2.766453957	1.692114645
-2.655336266	1.669828098
-2.734924481	1.692114645
-2.655459216	1.647541396
-2.751449912	1.692114645
-2.723465227	2.806443846
-2.709332051	2.82873026
-2.692720395	2.784157166
-2.666359447	2.806443846
-2.695573473	2.806443846
-2.323878219	4.522510764
-2.362213853	4.522510764
-2.309857135	4.500224061
-2.398093841	4.500224061
-2.34000558	4.522510764
-1.835798228	6.283150797
-1.836697519	6.372297005
-1.845107295	6.260864094
-1.839387887	6.327724157
-1.843200613	6.283150797
-1.431802906	8.779248404
-1.479646562	8.756961724
-1.431019379	8.801535084
-1.464992525	8.801535084
-1.397245508	8.801535084
-0.761079171	11.83251061
-0.846076865	11.83251061
-0.782341369	11.78793723
-0.891540881	11.8102234
-0.771634584	11.78793723
-0.80973286	10.82961434
-0.766212092	10.76275479
-0.862710954	10.76275479
-0.779035292	10.76275479
-0.794851685	10.80732713
-0.743324161	11.60964479
-0.715667768	11.54278524
-0.815395105	11.52049802
-0.69547763	11.47592464
-0.767114337	11.45363847
-0.139093913	15.24235777
-0.128715142	15.24235777
-0.106366683	15.2200716
-0.088895286	15.17549822
-0.149724962	15.2200716
0.90607093	21.54946081
0.868858372	21.54946081
0.931320538	21.54946081
0.94914325	21.59403313
0.90084907	21.54946081
0.99114862	20.21226577
0.880305571	20.21226577
0.971319908	20.21226577
0.93185042	20.23455194
0.964378984	20.21226577
0.96141573	19.90025318
1.000562914	19.85568084
0.910491539	19.96711378
0.936827418	19.90025318
0.937535737	19.94482761
2.103345934	28.83717291
2.028120366	28.85946119
2.116782926	28.7926006
2.024768783	28.81488677
2.101877401	28.72574
2.86770723	34.16366691
2.939478064	34.18595307
2.945038914	34.16366691
2.975870929	34.09680842
2.893342134	34.18595307
3.688748771	39.24500891
3.652906466	39.28958122
3.749556302	39.24500891
3.672932298	39.28958122
3.694632485	39.24500891
4.334519574	43.70232571
4.405780086	43.68003743
4.406592833	43.63546509
4.406365455	43.70232571
4.354784919	43.61318106
4.410121017	42.56570823
4.407044395	42.49885186
4.401746689	42.52113589
4.410084931	42.49885186
4.384298335	42.52113589
5.155618918	49.54140986
5.171347569	49.54140986
5.186902174	49.49683754
5.103874874	49.51912582
5.149076064	49.54140986
6.102977956	56.82912196
6.120760031	56.82912196
6.118531604	56.78454964
6.120261845	56.76226561
6.124290132	56.76226561
6.128445521	55.33592168
6.147102616	55.29134937
6.158395489	55.31363765
6.141420732	55.29134937
6.131397597	55.380494
7.175908171	65.34260044
7.302359476	65.32031216
7.238947961	65.23116753
7.245817191	65.09744631
7.200238847	65.03058572
7.547043283	66.67979549
7.444582865	66.70207952
7.486620889	66.70207952
7.404882487	66.6575072
7.511086331	66.67979549
7.428540611	65.20887925
7.565819177	65.20887925
7.479114236	65.18659097
7.54704967	65.20887925
7.41923346	65.18659097
7.533667606	63.73434445
7.555764745	63.68976788
7.527134972	63.71205616
7.490197615	63.68976788
7.529503914	63.73434445
7.543811456	63.66748385
7.514164232	63.60062323
7.528432813	63.62291151
7.513568324	63.60062323
7.547788647	63.64519557
8.211540161	72.31467928
8.172754403	72.292391
8.172158495	72.292391
8.176343903	72.24781443
8.214271886	72.27010271
8.937250785	78.46577814
8.917122122	78.3989133
8.92072695	78.46577814
8.913420849	78.3989133
8.9813582	78.42120158
8.977076348	75.18964691
9.00707358	75.21193519
8.951178299	75.16735863
9.016931931	75.18964691
8.929081799	75.21193519
9.719025945	82.9899513
9.715183519	83.01223958
9.788093157	82.9899513
9.654516503	82.9899513
9.784017606	82.94537473
10.40519395	88.58388556
10.4699659	88.58388556
10.33572819	88.58388556
10.42275248	88.62845365
10.39312058	88.539309
10.46080756	87.35812345
10.45335839	87.31354689
10.43841151	87.33583517
10.38553537	87.33583517
10.44211278	87.33583517
10.39776586	86.0209284
10.47320028	85.97635184
10.44880126	85.99864012
10.45799856	85.97635184
10.41190925	86.0209284
10.73694867	91.81544025
10.8423369	91.74857541
10.80544425	91.77086369
10.85502533	91.74857541
10.76976385	91.74857541
11.13171317	94.40068569
11.14066009	94.35610913
11.15459527	94.37839741
11.11408885	94.35610913
11.13834416	94.35610913
11.56339075	97.81052965
11.48026381	97.76595308
11.58867948	97.72138499
11.47425874	97.74367328
11.54695186	97.76595308
11.5965636	94.04409863
11.60423313	94.04409863
11.59220128	94.04409863
11.63134087	94.02181035
11.62492959	94.02181035
11.72780261	95.15842784
11.77399091	95.18071612
11.73823515	95.18071612
11.77334199	95.15842784
11.77011655	95.13613955
12.02168045	98.52370372
12.10326301	98.47912716
11.95907753	98.54598351
12.12514746	98.45683888
12.0081732	98.43455059
12.31519423	100.507208
12.35088612	100.507208
12.3727744	100.4849197
12.37831449	100.507208
12.30256838	100.507208
12.57631436	102.3569911
12.56216969	102.3569911
12.56614369	102.3347028
12.62621608	102.3569911
12.50341686	102.3347028
12.56981877	101.5101043
12.59115394	101.5546724
12.61093068	101.5101043
12.53933358	101.5546724
12.62070409	101.5323925
12.62814112	100.7300738
12.57551088	100.7746419
12.67282209	100.7300738
12.52634367	100.7523621
12.63640719	100.7300738
12.67449932	97.36535792
12.59944173	97.32078136
12.70029006	97.34306964
12.66090904	97.32078136
12.6926231	97.34306964
12.58214187	97.2762048
12.73224555	97.2762048
12.65615966	97.29849308
12.64911989	97.23163673
12.65615966	97.29849308
12.637051	97.45450257
12.66690005	97.52135892
12.68773831	97.47679083
12.56506812	97.47679083
12.72739398	97.47679083
12.46121789	91.19197077
12.5320064	91.19197077
12.42954981	91.21425906
12.48848786	91.25882712
12.48211618	91.16968249
12.42054924	89.47590041
12.40859659	89.4536206
12.33827049	89.4536206
12.46748482	89.4536206
12.35062297	89.47590041
12.38804319	89.58733332
12.45599076	89.58733332
12.33517918	89.56505353
12.45018113	89.56505353
12.36245555	89.6096216
12.06391902	82.65621251
12.02038389	82.61163594
12.06925601	82.54477957
12.01063986	82.52249129
12.10343801	82.52249129
11.75344901	76.37139242
11.65549655	76.37139242
11.71331815	76.39368071
11.72881687	76.32681586
11.701354	76.39368071
11.74118212	77.61944282
11.66899996	77.6417311
11.68480398	77.61944282
11.69108497	77.61944282
11.65863257	77.61944282
11.32756573	69.9528554
11.27944727	69.9528554
11.34672037	69.97514368
11.24909875	69.97514368
11.30897186	69.99743196
11.02880949	65.82983735
11.02298965	65.82983735
11.05925765	65.87441391
11.0490231	65.85212563
10.98333526	65.82983735
10.94340878	66.27556904
11.04832308	66.23099672
10.98478638	66.27556904
11.09019632	66.29785732
10.98211917	66.3201456
11.00007944	67.23389299
10.98559626	67.25618127
10.98376574	67.21160896
11.00721756	67.23389299
11.0681011	67.21160896
10.63312463	60.59249012
10.65927049	60.65935072
10.66120512	60.6147784
10.64048757	60.681639
10.70211839	60.6147784
10.36514739	57.40551202
10.46600851	57.40551202
10.44808655	57.42779605
10.42039184	57.42779605
10.39237969	57.40551202
10.43177221	58.27468709
10.36142121	58.18554244
10.42207609	58.23011478
10.44255413	58.25239881
10.4052872	58.23011478
9.947124602	51.27670141
9.974430987	51.25441313
9.983598901	51.29898546
9.906794465	51.29898546
9.979897629	51.29898546
9.990342307	52.45788698
9.908660749	52.43560292
9.926880973	52.48017526
9.940837868	52.45788698
9.995214318	52.50246354
9.484705062	45.3930407
9.559259994	45.3930407
9.44750456	45.37075667
9.509943972	45.41532898
9.524683914	45.41532898
9.455353557	46.5742305
9.475565251	46.59651878
9.508964843	46.55194222
9.43360451	46.5742305
9.526015606	46.55194222
9.471113504	47.66627142
9.424405299	47.6216991
9.522799107	47.66627142
9.383302972	47.59941507
9.47430701	47.6216991
8.773505726	38.30590614
8.874478609	38.35048271
8.864309851	38.32819442
8.786241425	38.35048271
8.905575046	38.28362211
8.398665509	33.00170043
8.376655233	33.00170043
8.355297071	33.0239866
8.369727882	32.97941429
8.40329226	33.00170043
7.922743191	28.18779872
7.906816543	28.18779872
7.985269467	28.18779872
7.893246701	28.23237104
7.937473553	28.21008489
7.962529155	29.79243193
7.862018692	29.74785959
7.934262803	29.74785959
7.920856469	29.72557345
7.877694331	29.72557345
7.557236313	24.46594005
7.456526574	24.4213656
7.514813152	24.44365177
7.578772672	24.48822622
7.452551299	24.44365177
7.494528646	25.15682373
7.500645486	25.22368221
7.532542215	25.13453756
7.500223305	25.13453756
7.461801606	25.17910988
6.866214819	17.6239575
6.824650073	17.60167134
6.868869899	17.60167134
6.849415705	17.64624472
6.78939186	17.66853089
6.809762591	19.09487161
6.850068457	19.11715989
6.76938519	19.07258546
6.825104189	19.07258546
6.776437088	19.11715989
6.192459969	12.0523115
6.098615628	12.03002535
6.16733411	12.07459871
6.115414743	12.00773812
6.192185967	12.07459871
6.135687113	13.21121408
6.115660642	13.21121408
6.119558635	13.21121408
6.092790675	13.21121408
6.171047518	13.21121408
5.185982764	5.410909696
5.217124229	5.388622993
5.268657502	5.433196376
5.121982686	5.455483078
5.264956229	5.433196376
5.255866875	6.81496427
5.169624354	6.792678102
5.210403817	6.792678102
5.160351053	6.837250951
5.177488679	6.792678102
4.6046636	2.714233191
4.744397652	2.691946489
4.669457584	2.669659808
4.62947969	2.647373395
4.714259905	2.691946489
4.679869368	3.315970907
4.689937532	3.271397791
4.690136487	3.271397791
4.611274156	3.293684205
4.69469777	3.271397791
4.393805719	3.475041358
4.414768525	3.452754678
4.473108435	3.497327794
4.471125907	3.497327794
4.40214428	3.452754678
4.448202927	3.764766999
4.434718671	3.764766999
4.423755049	3.742480318
4.451120833	3.742480318
4.417346323	3.742480318
4.465304786	3.653334087
4.357900183	3.653334087
4.40679115	3.697907203
4.468334464	3.675620523
4.415590853	3.675620523
4.27169311	3.049367656
4.371508986	3.027080954
4.369901375	3.07165407
4.255368869	3.049367656
4.335553312	3.027080954
4.348477108	3.093940772
4.356663019	3.116227452
4.310602776	3.093940772
4.335115802	3.116227452
4.320707345	3.116227452
4.34521622	2.848788247
4.345291906	2.826501812
4.374564212	2.848788247
4.325013468	2.804215132
4.298344506	2.871074927
3.388847664	-1.229656553
3.388847664	-1.229656553
3.388847664	-1.229656553
3.393790571	-1.207369984
3.383904757	-1.251943099
3.517363571	-0.650205383
3.517363571	-0.650205383
3.522306478	-0.62791877
3.512420664	-0.672491952
3.517363571	-0.650205383
2.899498893	-3.436028386
2.894555986	-3.458314822
2.9044418	-3.413741706
2.889613078	-3.480601502
2.894555986	-3.458314822
2.133346519	-6.890448634
2.168067425	-6.912735336
2.201333848	-6.868162488
2.188889238	-6.912735336
2.154935253	-6.868162488
2.155699618	-6.088132042
2.133227561	-6.088132042
2.125251623	-6.110418211
2.183350901	-6.110418211
2.16308396	-6.132704891
2.142826918	-5.664686522
2.173782202	-5.686973202
2.109735818	-5.686973202
2.115992853	-5.664686522
2.139966336	-5.709259904
2.174900408	-5.620113673
2.167655303	-5.642400353
2.082061063	-5.642400353
2.126279292	-5.642400353
2.138043846	-5.642400353
1.439888062	-8.71794873
1.430813398	-8.762522112
1.519225427	-8.740235432
1.458640644	-8.762522112
1.402477268	-8.71794873
0.827808419	-11.43691167
0.835609034	-11.43691167
0.822481333	-11.45919888
0.772024511	-11.43691167
0.864758231	-11.43691167
-0.05561551	-15.40392447
-0.016202276	-15.35935109
-0.058280869	-15.38163723
-0.046737396	-15.35935109
-0.042352504	-15.38163723
-0.089960041	-14.73532694
-0.082604056	-14.69075355
-0.025054492	-14.73532694
-0.038719051	-14.69075355
-0.043344452	-14.69075355
-1.203788956	-21.93389336
-1.248690357	-21.91160719
-1.251071115	-21.91160719
-1.22930115	-21.93389336
-1.253273595	-21.88931891
-1.236663776	-20.84185031
-1.293704967	-20.84185031
-1.215799729	-20.81956416
-1.226617887	-20.84185031
-1.271034993	-20.84185031
-1.223414961	-20.61898448
-1.281094055	-20.64127063
-1.251261527	-20.6635568
-1.253049012	-20.59669832
-1.280036525	-20.64127063
-1.723161386	-24.4299899
-1.740855161	-24.38541759
-1.828366143	-24.38541759
-1.757601902	-24.36313144
-1.801642732	-24.34084316
-2.382092145	-28.59758238
-2.44721985	-28.5752941
-2.406106665	-28.5752941
-2.396920388	-28.5752941
-2.389430181	-28.59758238
-3.513288978	-35.55099574
-3.504808625	-35.50642341
-3.561669942	-35.55099574
-3.521773163	-35.52870958
-3.455106189	-35.50642341
-3.94391941	-38.20309753
-3.930190212	-38.2476741
-3.914285279	-38.22538581
-3.94567967	-38.22538581
-3.93063379	-38.20309753
-3.97979812	-37.02191198
-3.883736848	-37.04419602
-3.907729013	-37.04419602
-3.990703301	-37.02191198
-3.924914861	-37.04419602
-3.896194711	-36.88819077
-3.951535281	-36.93276308
-3.96788443	-36.91047905
-3.907076899	-36.91047905
-3.941050684	-36.91047905
-4.521133642	-41.25636292
-4.492889325	-41.21178636
-4.446468215	-41.23407464
-4.448123409	-41.23407464
-4.474955558	-41.23407464
-4.912319495	-44.33190812
-4.862242461	-44.30962408
-4.894297588	-44.30962408
-4.902981367	-44.2873358
-4.823643523	-44.30962408
-4.87272099	-43.08386197
-4.900985746	-43.106146
-4.927516428	-43.08386197
-4.848902232	-43.106146
-4.880519849	-43.08386197
-5.62279678	-49.45782243
-5.537424808	-49.4355384
-5.569216151	-49.4355384
-5.624317527	-49.45782243
-5.547428782	-49.41325012
-6.108676447	-53.06825244
-6.07344506	-53.06825244
-6.08497042	-53.04596416
-6.137252569	-53.04596416
-6.096976083	-53.06825244
-6.129213239	-51.26303743
-6.141022821	-51.28532571
-6.140779476	-51.26303743
-6.126571572	-51.26303743
-6.13029456	-51.24074915
-6.619297475	-56.27751883
-6.625377909	-56.27751883
-6.592440097	-56.29980712
-6.604689105	-56.27751883
-6.617776728	-56.27751883
-7.13565851	-60.7571239
-7.18271864	-60.7571239
-7.167472846	-60.73483562
-7.12537223	-60.73483562
-7.167895028	-60.71254733
-7.851823746	-65.81617762
-7.871851494	-65.81617762
-7.810645414	-65.81617762
-7.85400491	-65.81617762
-7.917611229	-65.79388934
-7.844615366	-64.50126663
-7.837212821	-64.50126663
-7.876846775	-64.52355491
-7.856157971	-64.52355491
-7.865965225	-64.50126663
-7.899674588	-63.47803769
-7.883588264	-63.50032173
-7.93479548	-63.45574941
-7.891435345	-63.45574941
-7.871982428	-63.47803769
-8.650785712	-72.45953188
-8.647519395	-72.48181169
-8.74402201	-72.48181169
-8.625733303	-72.45953188
-8.616132349	-72.41495532
-8.693756239	-70.25315753
-8.705346747	-70.23086925
-8.717991111	-70.27544581
-8.706646503	-70.25315753
-8.739560044	-70.25315753
-9.301178795	-77.20657088
-9.311602395	-77.16199431
-9.298979747	-77.16199431
-9.30534568	-77.13971453
-9.301862843	-77.18428259
-9.861707921	-82.17647572
-9.848468287	-82.13190763
-9.876383354	-82.10961935
-9.834988502	-82.06504278
-9.861555271	-82.13190763
-9.931698056	-79.16778687
-9.942823589	-79.14550709
-9.901646534	-79.14550709
-9.911913015	-79.1232188
-9.955225886	-79.16778687
-10.29567078	-83.66968024
-10.33552827	-83.66968024
-10.28849178	-83.64739196
-10.22656205	-83.64739196
-10.27318339	-83.62510368
-10.7172358	-87.14638903
-10.63946629	-87.12410075
-10.64120675	-87.10181247
-10.68890558	-87.12410075
-10.64014778	-87.10181247
-10.74757538	-85.14059648
-10.65149431	-85.1183082
-10.69007057	-85.14059648
-10.73340516	-85.16288476
-10.69247464	-85.1183082
-11.11435583	-89.79849082
-11.04379214	-89.77620254
-11.02982247	-89.79849082
-11.0683553	-89.79849082
-11.06251885	-89.75391426
-11.45156187	-93.74321957
-11.53301285	-93.72093131
-11.51038751	-93.74321957
-11.48227955	-93.69864303
-11.49298418	-93.69864303
-11.53961574	-91.7819951
-11.53856061	-91.71513875
-11.5446602	-91.75970682
-11.55186603	-91.75970682
-11.5200089	-91.75970682
-11.88627455	-95.14727098
-11.8333339	-95.14727098
-11.89326322	-95.10269442
-11.89151829	-95.1249827
-11.91417174	-95.08041461
-12.00263183	-96.70733185
-12.06145108	-96.70733185
-12.05341495	-96.68504357
-12.00243	-96.70733185
-12.02245966	-96.70733185
-12.29320503	-98.46797028
-12.27384728	-98.64626806
-12.27426115	-98.69083613
-12.28619592	-98.8468456
-12.2382563	-98.80226904
-12.31171714	-96.26160016
-12.27141638	-96.30617673
-12.27904247	-96.28388844
-12.27097823	-96.28388844
-12.31958338	-96.26160016
-12.29236066	-96.12787897
-12.29604086	-96.0833109
-12.34087767	-96.12787897
-12.2860388	-96.10559069
-12.29238238	-96.10559069
-12.6236485	-99.33714536
-12.58141759	-99.27028901
-12.55222256	-99.31486557
-12.59731996	-99.29257729
-12.60256625	-99.27028901
-12.60747914	-99.76059724
-12.64341757	-99.7160207
-12.64409587	-99.76059724
-12.5722254	-99.78287705
-12.62252438	-99.78287705
-12.94603922	-100.8303499
-12.89508366	-100.7634935
-12.8854546	-100.8080616
-12.94381782	-100.8080616
-12.92035195	-100.8080616
-13.0848098	-103.3264507
-13.11684065	-103.2818741
-13.1549149	-103.2818741
-13.08584577	-103.2818741
-13.09957018	-103.3041624
-13.1275044	-101.6326686
-13.18218232	-101.6772367
-13.14433162	-101.6549569
-13.14169123	-101.6549569
-13.13292442	-101.6326686
-13.3766604	-103.9950482
-13.33811096	-103.9504716
-13.35450002	-103.9504716
-13.35994048	-103.9281834
-13.38649128	-103.9504716
-13.51651165	-105.3990996
-13.56967329	-105.3768113
-13.51307927	-105.3322432
-13.51065348	-105.3768113
-13.58187631	-105.3990996
-13.582165	-103.3710188
-13.56476296	-103.3264507
-13.5547609	-103.3487305
-13.56843804	-103.3487305
-13.58720946	-103.3487305
-13.71800521	-104.7527904
-13.75482377	-104.6859255
-13.72307267	-104.7082138
-13.74266291	-104.6859255
-13.77700714	-104.7082138
-13.73710493	-103.7498941
-13.75454785	-103.8167504
-13.75562726	-103.7944622
-13.7834759	-103.7721824
-13.74234483	-103.7944622
-13.78708328	-101.4741563
-13.78734771	-101.4741563
-13.83788812	-101.4964445
-13.84613247	-101.451868
-13.77031483	-101.5187243
-13.77963475	-101.8307433
-13.81445418	-101.7861667
-13.79966314	-101.8307433
-13.8214735	-101.8307433
-13.81473137	-101.8307433
-13.53569695	-94.25330475
-13.56360563	-94.29787281
-13.56166526	-94.32016109
-13.55029893	-94.32016109
-13.62128672	-94.32016109
-13.40814325	-90.39772063
-13.39287574	-90.39772063
-13.3669432	-90.42000891
-13.38306529	-90.42000891
-13.4220631	-90.35315254
-13.37195956	-90.48686526
-13.37720329	-90.46458548
-13.35457539	-90.48686526
-13.36149252	-90.50915354
-13.41965392	-90.50915354
-12.87846082	-81.23793292
-12.87584215	-81.21565311
-12.90631074	-81.21565311
-12.89481029	-81.21565311
-12.87652173	-81.2602212
-12.58057705	-75.80000813
-12.5248555	-75.86687297
-12.53530337	-75.80000813
-12.57339167	-75.84458469
-12.57581618	-75.86687297
-12.52155469	-77.49379021
-12.55702559	-77.51607849
-12.50869126	-77.47150193
-12.49979159	-77.44921365
-12.5455443	-77.49379021
-12.36017411	-74.4405248
-12.34160451	-74.4405248
-12.40280868	-74.4405248
-12.34794809	-74.4405248
-12.37301711	-74.48510136
-12.10334221	-70.76324269
-12.13837751	-70.69638209
-12.06461138	-70.38436737
-12.09692071	-70.20607809
-12.12175851	-70.09464518
-11.90772086	-67.08595633
-11.90577793	-67.10824038
-11.94909463	-67.08595633
-11.91771908	-67.13052867
-11.94688856	-67.10824038
-11.94195523	-67.7768379
-11.92327706	-67.68769324
-11.90868785	-67.79912618
-11.92570157	-67.7099773
-11.92393875	-67.75455386
-11.47036139	-60.64513102
-11.45339749	-60.62284699
-11.49997285	-60.64513102
-11.50545673	-60.64513102
-11.53379334	-60.60055871
-11.05468966	-54.89519151
-11.07471549	-54.89519151
-11.04624603	-54.93976807
-11.07762158	-54.89519151
-11.09870382	-54.9620521
-11.03524504	-57.10156588
-10.98990877	-57.03470526
-11.01735758	-57.0792776
-11.07858602	-57.05699354
-11.03090571	-57.0792776
-10.73284566	-51.61906452
-10.72346186	-51.61906452
-10.7021318	-51.66363684
-10.71458519	-51.57449219
-10.76154505	-51.79735803
-10.23442573	-44.59879056
-10.20043023	-44.62107884
-10.12871752	-44.62107884
-10.14288647	-44.59879056
-10.21435264	-44.64336288
-10.17699949	-45.46796988
-10.14952768	-45.4456816
-10.14796094	-45.49025392
-10.15602965	-45.42339332
-10.17367058	-45.49025392
-10.14591199	-46.18113971
-10.17814404	-46.20342377
-10.21715973	-46.18113971
-10.21257769	-46.20342377
-10.16402172	-46.18113971
-10.13412476	-46.20342377
-10.14241127	-46.18113971
-10.18226174	-46.18113971
-10.14308829	-46.22571205
-10.15092899	-46.24800033
-9.539268013	-37.73452185
-9.561937428	-37.73452185
-9.54085263	-37.73452185
-9.565263783	-37.71223781
-9.596593346	-37.71223781
-8.965268682	-31.49428046
-8.952158705	-31.51656661
-8.958041142	-31.51656661
-9.018163985	-31.53885278
-8.941317394	-31.51656661
-8.622863619	-28.03985995
-8.584990565	-28.03985995
-8.5976394	-28.01757378
-8.612618216	-28.03985995
-8.63768787	-28.08443226
-8.573391754	-29.57763467
-8.563808684	-29.57763467
-8.581233087	-29.59992082
-8.580198391	-29.57763467
-8.589758468	-29.59992082
-7.885489038	-21.77733026
-7.878945546	-21.77733026
-7.893486852	-21.77733026
-7.842087388	-21.75504412
-7.866918167	-21.77733026
-7.871803591	-22.53507454
-7.916265486	-22.49050011
-7.919126866	-22.53507454
-7.872948782	-22.51278626
-7.867662893	-22.51278626
-7.325693141	-17.05257425
-7.318667429	-17.07486042
-7.282709839	-17.07486042
-7.314305102	-17.07486042
-7.276009227	-17.09714763
-6.753010173	-13.08556252
-6.783309511	-12.99641575
-6.824857651	-13.08556252
-6.741887194	-13.04098914
-6.764136983	-13.06327531
-6.712743267	-14.35589697
-6.731689055	-14.37818418
-6.764824864	-14.35589697
-6.771122456	-14.40047033
-6.769783739	-14.35589697
-6.251951137	-10.2774523
-6.287269388	-10.25516613
-6.321019627	-10.2774523
-6.287310903	-10.2774523
-6.250472545	-10.29973952
-5.573821186	-6.511019712
-5.606319571	-6.466446863
-5.668599946	-6.511019712
-5.65857745	-6.488733032
-5.66509731	-6.511019712
-5.663255296	-7.068184312
-5.636904408	-7.112757695
-5.632125008	-7.068184312
-5.59638777	-7.112757695
-5.624961976	-7.090471015
-4.627727414	-2.90059317
-4.627727414	-2.90059317
-4.627727414	-2.90059317
-4.627727414	-2.90059317
-4.633031826	-2.92287985
-3.359966562	2.425900289
-3.396980244	2.425900289
-3.399757316	2.425900289
-3.288763853	2.381327173
-3.331461016	2.381327173
-2.677659506	3.82995513
-2.666977231	3.740808921
-2.748173376	3.807668717
-2.709364305	3.785382015
-2.672549259	3.785382015
-2.706076911	3.094497823
-2.627810168	3.072211387
-2.627973037	3.139071205
-2.724782548	3.094497823
-2.704246074	3.139071205
-2.660263685	2.737355314
-2.669923239	2.759642016
-2.726104978	2.759642016
-2.721930428	2.737355314
-2.685162965	2.692782198
-1.919624862	5.67918461
-1.94673341	5.701471313
-2.013159274	5.701471313
-1.967146773	5.67918461
-1.924261672	5.701471313
-0.58849493	10.78281171
-0.587371974	10.78281171
-0.601018739	10.84967231
-0.578770787	10.76052554
-0.590424046	10.80509893
0.615265884	16.88933615
0.64343212	16.86704998
0.59637203	16.86704998
0.598091932	16.86704998
0.534232448	16.88933615
0.62552418	15.84186648
0.55995713	15.84186648
0.582476011	15.88643986
0.627629459	15.86415369
0.642434908	15.86415369
1.510594661	22.14897059
1.464073115	22.12668445
1.498519379	22.10439616
1.465604241	22.10439616
1.516178185	22.08211
1.541998951	21.25750724
1.559248988	21.25750724
1.599093393	21.2797934
1.511980163	21.2797934
1.562289684	21.25750724
2.516606732	28.50064702
2.528833545	28.50064702
2.453683185	28.50064702
2.468612023	28.52293319
2.47999096	28.50064702
3.245062971	32.80195647
3.167145598	32.7796703
3.168016147	32.75738415
3.18064135	32.75738415
3.231514526	32.80195647
3.572204676	35.27576897
3.58489343	35.27576897
3.605184003	35.27576897
3.55442292	35.27576897
3.594015677	35.27576897
4.060919218	38.39589073
4.002404304	38.44046305
3.959708099	38.44046305
4.027852708	38.44046305
4.061789767	38.37360245
4.774486218	43.78924321
4.761737746	43.76695493
4.825397077	43.74467089
4.787073419	43.72238261
4.752825312	43.74467089
4.831769397	42.51890878
4.779401342	42.56348109
4.833887968	42.51890878
4.807353453	42.58576938
4.797722161	42.54119281
4.831636866	42.22918234
4.841893447	42.20689406
4.821989287	42.22918234
4.822574337	42.25147062
4.770830932	42.22918234
5.535067362	49.27174456
5.485964666	49.24945628
5.479893813	49.227168
5.498987142	49.24945628
5.498413588	49.20488396
6.372984981	55.77942624
6.33246962	55.77942624
6.268697878	55.75713796
6.346501882	55.73485392
6.403881504	55.71256564
6.414418155	53.61762843
6.361851145	53.66220077
6.374298789	53.61762843
6.348786515	53.61762843
6.3827603	53.61762843
7.088788713	61.48478919
7.129868046	61.41793284
7.169447071	61.44021687
7.19340283	61.37335628
7.188369866	61.39564456
7.867183228	66.7444247
7.835053373	66.76671298
7.864814286	66.72213642
7.827205654	66.72213642
7.871808701	66.7444247
7.915635088	65.13979151
7.916991689	65.20665211
7.816008586	65.18436383
7.846601088	65.20665211
7.91099748	65.16207555
7.919382347	63.73322874
7.87542822	63.73322874
7.89915724	63.73322874
7.910261696	63.73322874
7.914358963	63.73322874
7.843723101	63.68865643
7.90882909	63.68865643
7.937769272	63.71094046
7.92693818	63.68865643
7.918025746	63.66636815
8.592755253	72.7815793
8.678811274	72.7815793
8.700086405	72.80386758
8.633856303	72.80386758
8.629381563	72.75929102
9.387451335	78.82124525
9.41613923	78.82124525
9.409794374	78.82124525
9.372792508	78.79895697
9.389766626	78.82124525
9.464041168	77.26118438
9.490338405	77.28347267
9.462257915	77.26118438
9.362716361	77.26118438
9.418786646	77.21660782
9.83675004	81.71850117
9.881157006	81.74078945
9.901382751	81.74078945
9.862200998	81.71850117
9.821757172	81.69621288
10.34380839	86.08667332
10.32001614	86.08667332
10.34526527	86.08667332
10.34572705	86.08667332
10.27688466	86.01980847
10.35957153	84.41517952
10.38759774	84.41517952
10.38199058	84.39289126
10.34517649	84.39289126
10.38911018	84.4374678
10.74061098	88.42676463
10.7540582	88.35989981
10.71412725	88.38218809
10.6328947	88.38218809
10.70415776	88.35989981
10.77810912	87.64673421
10.79711559	87.71359056
10.78212272	87.69130228
10.67517798	87.69130228
10.70328019	87.66902249
10.78497771	86.35410725
10.78118894	86.39868382
10.76618457	86.39868382
10.70144264	86.33182745
10.78111357	86.42097208
10.77408658	86.17581797
10.77960879	86.24267432
10.75537136	86.19810625
10.78411163	86.22039453
10.77710508	86.22039453
10.88138069	89.07307389
10.92817959	89.07307389
10.95700544	89.0507856
10.95499992	89.09536217
10.9679745	89.0507856
11.24012883	92.37148493
11.2300744	92.39377321
11.28607699	92.34920512
11.25725113	92.37148493
11.19051326	92.32691684
11.49395373	93.68640016
11.43717576	93.68640016
11.45093466	93.66411188
11.42032428	93.68640016
11.4303059	93.68640016
11.57164149	94.66700815
11.61822706	94.68929643
11.57950007	94.68929643
11.54390398	94.62243159
11.48967699	94.68929643
11.62799919	92.97322607
11.61351473	92.99551435
11.50824658	92.95093779
11.57759802	92.90636972
11.61973568	92.97322607
11.86971815	96.80652192
11.94591773	96.82880171
11.95519167	96.78423364
11.8715014	96.80652192
11.86867195	96.78423364
12.16985142	98.76773792
12.24441849	98.74544964
12.26108348	98.72316136
12.16205033	98.76773792
12.14998654	98.70088155
12.38693696	100.6398093
12.40857359	100.5952412
12.41368192	100.5506646
12.43355063	100.617521
12.46756146	100.5283763
12.51020498	95.98442627
12.52149721	96.00670606
12.47524759	95.96213799
12.49777841	95.98442627
12.5145788	95.96213799
12.43788869	92.77515139
12.46579609	92.7528716
12.44059295	92.79743967
12.45605974	92.79743967
12.49672838	92.7528716
12.31849631	90.34591544
12.36687536	90.34591544
12.37883823	90.34591544
12.42021456	90.34591544
12.3583602	90.32362716
12.32382435	90.83622367
12.369807	90.72479076
12.35309219	90.85851195
12.34466645	90.92536832
12.36500141	90.83622367
12.3952835	90.81142404
12.32130404	90.8560006
12.33816958	90.83371232
12.36236102	90.83371232
12.41351969	90.83371232
12.03795583	84.52661245
12.09651832	84.52661245
12.08569873	84.48203589
12.00173765	84.52661245
12.01377588	84.50432417
11.64345448	76.23599981
11.69429252	76.21371153
11.7267462	76.21371153
11.66764592	76.23599981
11.55474274	76.25828809
11.70479021	77.84063727
11.6507114	77.86292555
11.54252183	77.84063727
11.6228321	77.84063727
11.63175603	77.84063727
11.34338635	72.67014639
11.35448953	72.67014639
11.28521091	72.69243467
11.34787003	72.69243467
11.37128864	72.64785811
11.06811387	67.18764926
11.0461796	67.16536098
11.03189569	67.18764926
11.00400234	67.18764926
10.96849568	67.20993754
11.04703419	67.61109267
11.03865954	67.56652035
11.08261494	67.56652035
11.03338515	67.54423632
10.98783427	67.56652035
11.0520531	67.76710214
11.07966925	67.7893862
11.02356448	67.76710214
11.02322469	67.7893862
11.02693937	67.76710214
10.58884029	60.43481348
10.56464949	60.43481348
10.60989188	60.36795288
10.63723275	60.41252944
10.61189804	60.45710176
10.56196375	61.39313743
10.59102657	61.43770974
10.53599034	61.39313743
10.47641614	61.43770974
10.54509949	61.41542571
10.03308865	53.68197767
10.08966606	53.68197767
10.07809983	53.68197767
10.03036651	53.70426596
10.06016638	53.72655424
9.696714841	49.42524268
9.725388046	49.44752674
9.72419112	49.46981502
9.740978738	49.46981502
9.775215667	49.46981502
9.724080625	50.29441778
9.778618666	50.27213372
9.775577172	50.27213372
9.735721589	50.27213372
9.65289548	50.29441778
9.410407527	45.23536406
9.428055475	45.23536406
9.432616439	45.23536406
9.428178106	45.25765234
9.330468346	45.30222465
9.361382753	45.92624985
9.359050217	45.97082217
9.390929062	45.92624985
9.377445445	45.92624985
9.322384946	45.92624985
9.256236597	44.12103486
9.261335986	44.09874657
9.252600472	44.12103486
9.186646289	44.09874657
9.244944363	44.09874657
9.221055667	44.16560717
9.255603006	44.21017949
9.234790294	44.18789545
9.229031766	44.21017949
9.184426803	44.18789545
9.210691466	44.42970251
9.198464812	44.42970251
9.207785376	44.42970251
9.222128685	44.42970251
9.202949771	44.4519908
9.236388963	44.3182696
9.279161493	44.29598557
9.225072458	44.34055788
9.239955469	44.3182696
9.245177489	44.3182696
9.179379787	45.41031475
9.20318609	45.38802647
9.152887746	45.38802647
9.1779376	45.38802647
9.19888891	45.38802647
8.786072808	39.59351464
8.815674045	39.61580292
8.831999882	39.61580292
8.746429913	39.70494757
8.78633212	39.74951989
8.41662195	34.37845358
8.436561557	34.42302801
8.374759569	34.42302801
8.426357031	34.33388124
8.425147331	34.37845358
7.933593444	28.60623001
7.849906366	28.62851618
7.856612726	28.56165558
7.881961492	28.62851618
7.955589669	28.62851618
7.895604146	29.87656446
7.857268034	29.87656446
7.892025504	29.89885061
7.890901391	29.89885061
7.826733654	29.87656446
7.403976809	24.41635139
7.340854626	24.41635139
7.432529299	24.41635139
7.447996083	24.41635139
7.411058087	24.39406522
7.410164544	24.90665539
7.458360285	24.88436922
7.408620804	24.81751074
7.323412339	24.83979691
7.391469765	24.88436922
6.975067996	19.11214354
6.984176511	19.13443182
6.881798485	19.13443182
6.916828043	19.13443182
6.872806852	19.13443182
6.907003544	20.53848535
6.9111749	20.51619918
6.844287574	20.51619918
6.851492122	20.51619918
6.839255249	20.53848535
6.466166989	15.45714442
6.4679611	15.43485825
6.45143535	15.43485825
6.470020272	15.41257103
6.432532355	15.43485825
6.128663318	12.67132141
6.141287882	12.67132141
6.156292885	12.67132141
6.133535329	12.7158948
6.109022623	12.69360863
5.526135767	7.879705854
5.492636537	7.857419707
5.525873261	7.879705854
5.524165375	7.857419707
5.422830348	7.879705854
5.526676108	8.436870454
5.51628061	8.481443837
5.444245354	8.459157157
5.466728908	8.436870454
5.451923818	8.436870454
4.849516982	3.979553939
4.840320007	4.001840352
4.827507984	3.979553939
4.856768474	4.024127054
4.862849866	4.024127054
4.852559115	4.84873086
4.869732827	4.871017028
4.823211442	4.84873086
4.860809855	4.871017028
4.872972958	4.871017028
4.792868992	5.432360666
4.870597309	5.432360666
4.858160204	5.454647369
4.885789452	5.454647369
4.865762023	5.454647369
4.80137138	5.922665204
4.793694832	5.944951907
4.783713532	5.944951907
4.763412101	5.967238587
4.821937233	5.900379036
4.605276753	3.671720389
4.643847589	3.738580184
4.631310526	3.694007069
4.632093574	3.716293504
4.628977032	3.738580184
4.591702121	3.873971217
4.581533362	3.851684515
4.60916261	3.851684515
4.614185355	3.851684515
4.637592151	3.829398102
4.676784762	4.854580805
4.604201819	4.876867485
4.619093772	4.832294103
4.541213125	4.876867485
4.6004354	4.876867485
4.592508801	5.010587099
4.656004624	5.055159947
4.595812482	5.010587099
4.637112486	5.032873779
4.671635235	4.988300396
4.596895399	3.495099324
4.584581243	3.539672439
4.596047524	3.472812643
4.620238963	3.472812643
4.545198938	3.517385759
4.154383532	3.139349597
4.117106385	3.139349597
4.141448239	3.094776482
4.188432044	3.117063162
4.144424267	3.094776482
4.14706785	3.094776482
4.148786595	3.094776482
4.247806011	3.072489779
4.214628367	3.072489779
4.199670308	3.117063162
4.200208414	3.094776482
4.216534889	3.094776482
4.223925938	3.117063162
4.185601641	3.094776482
4.165025568	3.139349597
4.16574251	2.136453441
4.148257431	2.069593645
4.203305156	2.091880192
4.218572346	2.091880192
4.226174165	2.091880192
4.206574986	2.604471677
4.195470849	2.604471677
4.132745938	2.604471677
4.13465246	2.626758112
4.142792066	2.604471677
4.106154259	2.359319152
4.180907188	2.359319152
4.198366719	2.337032716
4.186450794	2.381605832
4.20967045	2.337032716
2.559088972	-4.148363326
2.564761116	-4.126076624
2.559088972	-4.148363326
2.559088972	-4.148363326
2.564761116	-4.126076624
1.645880638	-7.736503455
1.655727492	-7.736503455
1.615854026	-7.781076303
1.620433193	-7.736503455
1.588401059	-7.758790135
0.150403053	-13.44186852
0.085234102	-13.44186852
0.123172255	-13.44186852
0.120109024	-13.41958235
0.127512028	-13.41958235
-0.525797922	-16.65113704
-0.537978869	-16.69571042
-0.496561462	-16.67342319
-0.502928833	-16.65113704
-0.482439264	-16.65113704
-1.20765653	-20.32842233
-1.216802889	-20.30613617
-1.188624278	-20.32842233
-1.22248629	-20.30613617
-1.20395925	-20.26156385
-1.679242707	-22.69080193
-1.669681672	-22.66851365
-1.61539496	-22.69080193
-1.62154118	-22.69080193
-1.651613459	-22.69080193
-1.67482593	-21.48732596
-1.642549014	-21.50961213
-1.673703253	-21.48732596
-1.732768248	-21.50961213
-1.683264767	-21.50961213
-2.598627759	-28.41845316
-2.59603112	-28.37388085
-2.576137659	-28.37388085
-2.641307518	-28.37388085
-2.650891386	-28.37388085
-3.510762596	-34.12381822
-3.565247945	-34.10153208
-3.568552584	-34.10153208
-3.518609357	-34.07924591
-3.541940467	-34.07924591
-4.400213168	-39.9629045
-4.385167288	-39.94061622
-4.378910573	-39.91833219
-4.377805939	-39.9629045
-4.403257536	-39.89604391
-5.113024266	-44.82138066
-5.156405159	-44.79909238
-5.138073801	-44.82138066
-5.154423589	-44.79909238
-5.213468305	-44.7768041
-5.189006055	-43.52875795
-5.187485628	-43.52875795
-5.184023868	-43.55104198
-5.136111072	-43.48418561
-5.149812167	-43.52875795
-6.054450091	-51.46277928
-6.085623811	-51.48506756
-6.120278451	-51.46277928
-6.0819021	-51.44049525
-6.082563156	-51.44049525
-6.131021402	-49.2341209
-6.158516204	-49.2341209
-6.129564525	-49.2341209
-6.102731418	-49.2341209
-6.15219498	-49.21183685
-6.794010307	-56.20982253
-6.782948644	-56.23211081
-6.787268179	-56.20982253
-6.806417714	-56.16525021
-6.824304536	-56.18753849
-7.52916157	-62.13805557
-7.528305072	-62.07119495
-7.591516035	-62.04890667
-7.547233616	-62.04890667
-7.558359149	-62.02662264
-8.036103042	-66.08278007
-8.115614932	-66.08278007
-8.136987785	-66.06049179
-8.082700114	-66.08278007
-8.069241406	-66.06049179
-8.11697792	-64.72329676
-8.074876665	-64.72329676
-8.103012723	-64.67872443
-8.106515359	-64.74558504
-8.051788901	-64.74558504
-8.095979347	-63.74213304
-8.113229384	-63.74213304
-8.062844177	-63.76441707
-8.122348119	-63.80898939
-8.125632319	-63.76441707
-8.411772932	-68.55603263
-8.43990388	-68.57832091
-8.469737604	-68.55603263
-8.444026695	-68.55603263
-8.437483203	-68.55603263
-8.765788302	-71.58700551
-8.769535561	-71.54243742
-8.690178236	-71.52014914
-8.746403087	-71.54243742
-8.808488659	-71.52014914
-8.760344014	-69.91551594
-8.777774165	-69.87094362
-8.815513731	-69.87094362
-8.763828128	-69.87094362
-8.786521176	-69.84865534
-8.783964456	-69.51435658
-8.816835842	-69.4920683
-8.820760021	-69.46978427
-8.790269712	-69.4920683
-8.766341417	-69.4920683
-9.465281525	-76.91350587
-9.467900838	-76.93578565
-9.442589117	-76.93578565
-9.468322381	-76.91350587
-9.48377192	-76.8689293
-10.09338841	-82.55200822
-10.13223421	-82.50743166
-10.09383295	-82.50743166
-10.16008477	-82.48515185
-10.16486289	-82.52971994
-10.59854216	-86.56359334
-10.64562656	-86.54130505
-10.61681093	-86.54130505
-10.62731884	-86.54130505
-10.65999414	-86.51901677
-10.7342508	-83.28746208
-10.68155669	-83.24289401
-10.71578851	-83.30975036
-10.66955294	-83.22060573
-10.70900167	-83.28746208
-10.64969445	-81.48225558
-10.64297467	-81.4599673
-10.61109838	-81.41539074
-10.63857402	-81.37082265
-10.64489078	-81.4599673
-11.48308687	-91.35520887
-11.47828384	-91.33292059
-11.53995042	-91.33292059
-11.47978223	-91.35520887
-11.49159309	-91.31063231
-11.50348954	-90.30773604
-11.53534539	-90.30773604
-11.46363331	-90.30773604
-11.50767558	-90.28545624
-11.55951383	-90.33002433
-11.51097767	-89.28088855
-11.59181167	-89.28088855
-11.54581114	-89.28088855
-11.52428564	-89.25860027
-11.53150807	-89.30316836
-11.54343645	-89.21402371
-11.51146563	-89.19173542
-11.50142142	-89.19173542
-11.52517216	-89.16945564
-11.53543736	-89.21402371
-11.99868466	-95.98914354
-11.99636873	-95.98914354
-11.96415776	-96.01143182
-11.94867692	-95.89999891
-12.02904978	-95.89999891
-12.59808896	-100.4464603
-12.58264645	-100.4241805
-12.55325726	-100.4018923
-12.58418827	-100.4018923
-12.57630542	-100.3573157
-12.66126799	-97.50463634
-12.68916006	-97.50463634
-12.61986739	-97.52692463
-12.61466964	-97.50463634
-12.62619691	-97.48234806
-12.98255376	-101.4270768
-12.99194267	-101.4270768
-12.93293947	-101.4047885
-12.91509288	-101.4047885
-12.93445958	-101.4047885
-13.56739824	-105.5278066
-13.53386643	-105.48323
-13.553274	-105.5055183
-13.55455524	-105.48323
-13.56129736	-105.48323
-13.5801531	-103.1431387
-13.61284948	-103.165427
-13.64880451	-103.165427
-13.60652634	-103.1431387
-13.5958843	-103.1431387
-13.78751249	-105.5946629
-13.81302604	-105.5946629
-13.83002954	-105.6392395
-13.77400524	-105.6169512
-13.76142794	-105.5723747
-13.86585811	-102.1644821
-13.91005239	-102.1867704
-13.84060899	-102.1644821
-13.88136705	-102.1867704
-13.8536321	-102.1644821
-13.90988889	-102.0307609
-13.91120972	-102.0307609
-13.86152517	-102.0753374
-13.86872844	-102.0753374
-13.87110824	-102.0753374
-13.64938701	-95.05506351
-13.72781949	-95.01048695
-13.6986283	-95.05506351
-13.70565529	-95.03277523
-13.64590609	-95.03277523
-13.44512531	-89.97371726
-13.48735239	-90.0405821
-13.42703474	-90.01829382
-13.40242176	-90.0405821
-13.4420621	-89.99600554
-13.46440897	-90.48631379
-13.40909108	-90.48631379
-13.41911485	-90.50859358
-13.46617179	-90.50859358
-13.43914324	-90.50859358
-13.02412553	-83.13174107
-13.05485983	-83.13174107
-13.10081948	-83.10945279
-13.04091443	-83.13174107
-13.07488566	-83.13174107
-13.06551208	-84.62493712
-13.07121696	-84.60264884
-13.03894084	-84.62493712
-13.08794071	-84.60264884
-13.0642168	-84.60264884
-12.70094665	-77.22579631
-12.68656183	-77.20350803
-12.61187213	-77.20350803
-12.67439713	-77.2703644
-12.65800678	-77.2703644
-12.35612474	-72.74619125
-12.41666593	-72.74619125
-12.43279314	-72.74619125
-12.3615652	-72.79075932
-12.37877308	-72.76847953
-12.0733041	-67.4419834
-12.05741577	-67.46427168
-12.07958381	-67.4419834
-12.10509097	-67.4419834
-12.03256519	-67.46427168
-12.02650903	-68.75689017
-12.00974568	-68.73460613
-12.04215209	-68.77917845
-12.00863945	-68.77917845
-12.02717072	-68.75689017
-12.00179002	-69.13576549
-12.04492661	-69.15804952
-11.99134343	-69.13576549
-12.06065526	-69.15804952
-12.06363161	-69.15804952
-11.66239324	-63.38582597
-11.73734736	-63.38582597
-11.68063837	-63.38582597
-11.69290527	-63.40811
-11.71487403	-63.38582597
-11.15948389	-56.36555203
-11.24249969	-56.36555203
-11.23897278	-56.38783606
-11.22029078	-56.36555203
-11.20039524	-56.36555203
-10.8703235	-51.55164819
-10.86990451	-51.57393647
-10.85254206	-51.55164819
-10.83440934	-51.57393647
-10.8570564	-51.5962205
-10.82265724	-53.06713674
-10.80803354	-53.02256443
-10.88560506	-53.04484846
-10.80781255	-53.04484846
-10.78280357	-53.06713674
-10.32338529	-45.60113111
-10.33816739	-45.62341939
-10.34120824	-45.62341939
-10.30706392	-45.60113111
-10.30662578	-45.57884283
-10.32153817	-46.22515631
-10.36073653	-46.22515631
-10.31695421	-46.24744036
-10.27445888	-46.24744036
-10.33328132	-46.24744036
-10.27867558	-47.09154431
-10.38044237	-47.04697199
-10.29564331	-47.04697199
-10.30507054	-47.06926025
-10.31353333	-47.06926025
-9.969032047	-41.89877362
-10.00168244	-41.89877362
-9.989083427	-41.87648534
-9.950502692	-41.92105767
-9.988200742	-41.89877362
-9.259128635	-33.96474804
-9.295504575	-33.94246187
-9.222050764	-33.96474804
-9.274372513	-33.98703419
-9.29155868	-33.98703419
-9.261901875	-35.413376
-9.314206379	-35.39108983
-9.22468796	-35.413376
-9.235172876	-35.43566214
-9.227267035	-35.413376
-8.768256881	-29.19541865
-8.805772902	-29.21770479
-8.710363105	-29.06169957
-8.741350323	-28.88340604
-8.739636688	-28.81654755
-8.001353874	-22.73230929
-8.070885422	-22.73230929
-8.050416971	-22.71002314
-8.066282943	-22.71002314
-8.091527601	-22.77688374
-8.079405694	-23.86892466
-8.021684367	-23.82435232
-8.014543051	-23.82435232
-8.005510541	-23.86892466
-8.053079077	-23.82435232
-8.037997429	-24.02493202
-8.034757299	-24.02493202
-7.994394588	-24.06950433
-8.014684842	-24.06950433
-8.029710284	-24.04721816
-7.139338066	-15.68974918
-7.102787762	-15.68974918
-7.164826708	-15.71203639
-7.156826978	-15.71203639
-7.124070557	-15.68974918
-6.516379109	-11.18785901
-6.523141036	-11.23243239
-6.487581996	-11.23243239
-6.57013538	-11.23243239
-6.510913744	-11.23243239
-5.562116989	-6.19566482
-5.60067026	-6.240237691
-5.672997403	-6.284811051
-5.58692286	-6.240237691
-5.591126151	-6.262524371
-5.580873084	-7.465999803
-5.574790095	-7.465999803
-5.524714657	-7.443713101
-5.583341663	-7.443713101
-5.545577826	-7.465999803
-4.992283267	-4.234445133
-4.996098866	-4.256731813
-4.992283267	-4.234445133
-4.992283267	-4.234445133
-4.988467347	-4.212158697
-4.790044656	-3.053256381
-4.790044656	-3.053256381
-4.778596898	-2.986396585
-4.790044656	-3.053256381
-4.782412817	-3.008682998
-4.229118257	0.222871583
-4.280728813	0.200584992
-4.231563524	0.222871583
-4.242282524	0.245158152
-4.302439219	0.267444743
-3.144121703	2.49610319
-3.058937509	2.518389603
-3.103331063	2.473816487
-3.135210866	2.518389603
-3.164821684	2.518389603
-3.054251041	1.515493469
-3.105163177	1.560066584
-3.083598714	1.515493469
-3.105672541	1.515493469
-3.058263041	1.47092022
-3.092296864	1.46674156
-3.077169869	1.489028129
-3.060493385	1.444455014
-3.124503363	1.511314676
-3.043781134	1.46674156
-3.026807655	1.355308649
-3.102258045	1.288448831
-3.0282409	1.3107354
-3.055660654	1.288448831
-3.018394046	1.3107354
-2.328183224	3.806832741
-2.34290177	3.762259625
-2.354468326	3.762259625
-2.332259733	3.762259625
-2.363116657	3.739973212
-1.619246806	6.124637374
-1.547710695	6.080064525
-1.574158346	6.102351205
-1.551697786	6.124637374
-1.535634934	6.124637374
-0.292183582	11.00539968
-0.249035277	11.02768585
-0.352189723	10.98311246
-0.27828465	10.96082632
-0.299236319	10.96082632
0.673808181	16.10902678
0.681785397	16.15360016
0.5853728	16.10902678
0.691906414	16.13131399
0.66052348	16.10902678
1.81813527	22.52756381
1.736791106	22.48298938
1.798393181	22.48298938
1.776647487	22.48298938
1.746563232	22.50527766
1.808496793	21.19036878
1.750268017	21.19036878
1.813379502	21.21265493
1.77201419	21.19036878
1.857860558	21.21265493
1.829062646	20.87835617
1.809556717	20.90064234
1.808696387	20.90064234
1.748153119	20.90064234
1.843593893	20.90064234
2.558751419	27.14088586
2.537764182	27.07402738
2.570006768	27.09631352
2.526385564	27.09631352
2.56082097	27.09631352
3.311686194	31.99936199
3.38570302	32.02164816
3.360539796	31.97707585
3.281874824	31.99936199
3.351740732	31.99936199
4.199850422	38.32875016
4.193043466	38.32875016
4.229725023	38.32875016
4.203836874	38.28417783
4.205620766	38.28417783
5.04299006	44.70271487
5.087783121	44.74728719
5.092716128	44.65814256
5.105780119	44.70271487
5.093178228	44.65814256
5.140058245	43.16494226
5.142775917	43.14265398
5.125439336	43.1872263
5.144297303	43.14265398
5.047059544	43.16494226
5.676410621	48.8257329
5.660547842	48.8257329
5.595179986	48.8257329
5.712554712	48.84802118
5.663014506	48.78116059
6.323354079	54.35280657
6.441665779	54.35280657
6.381915937	54.35280657
6.38654141	54.35280657
6.388583976	54.37509062
7.364201064	61.5736581
7.322760226	61.5736581
7.276812074	61.59594638
7.306720527	61.52908576
7.360576436	61.55137404
7.333916416	59.85759198
7.383675697	59.87988026
7.358975851	59.8353037
7.250637468	59.85759198
7.403032809	59.90216429
7.817759904	65.13951152
7.854839054	65.13951152
7.8052139	65.11722749
7.866141507	65.13951152
7.755772054	65.11722749
8.021508085	66.8332936
7.958237723	66.72186067
7.993069922	66.72186067
8.033012368	66.67728836
8.019167885	66.74414473
8.013888382	65.27323271
8.093003639	65.27323271
8.024594289	65.27323271
8.077624996	65.2286604
8.009526693	65.27323271
8.089323444	64.02295518
8.070828578	64.0006669
8.089860591	64.0006669
7.985661629	63.93380631
8.093376002	63.97838287
8.706184722	72.17984663
8.783318729	72.17984663
8.701192635	72.11298179
8.730924168	72.13527007
8.753207169	72.11298179
9.477974431	78.30865721
9.45691071	78.26408065
9.527950231	78.28636893
9.490421436	78.26408065
9.4647629	78.28636893
9.540634833	76.41429757
9.519661169	76.45886566
9.472203767	76.45886566
9.552200431	76.41429757
9.488814465	76.41429757
10.16073497	83.54600444
10.10111414	83.54600444
10.10260934	83.45685132
10.18250828	83.4791396
10.12091707	83.45685132
10.92209405	89.49651727
10.83120178	89.51880555
10.95364971	89.42966092
10.83744445	89.4519492
10.84908669	89.42966092
10.838787	86.93356011
10.92230099	87.00042496
10.95009342	86.93356011
10.90985143	86.91127185
10.95219858	86.95584839
10.9049462	86.51011673
10.90138353	86.48782845
10.957579	86.46554016
10.92987215	86.48782845
10.94031619	86.48782845
11.2757824	91.27944401
11.19838589	91.27944401
11.28191393	91.32402057
11.23560044	91.27944401
11.30808535	91.32402057
11.49844763	93.39666948
11.50551039	93.41895776
11.54318608	93.41895776
11.47193643	93.41895776
11.55475168	93.41895776
11.95679992	96.4276466
11.89249167	96.4276466
11.91835267	96.38307004
11.9189505	96.38307004
11.89131007	96.40535832
11.95987974	94.31042111
12.02113883	94.33270939
11.95843627	94.28813283
11.99278434	94.33270939
11.87330381	94.28813283
12.17898485	97.56426406
12.22625511	97.54197578
12.26902636	97.5196875
12.24234399	97.47511944
12.23735956	97.54197578
12.73775499	101.1524058
12.76983566	101.1078292
12.71299255	101.1078292
12.75009342	101.0632527
12.75120603	101.085541
12.84311256	96.45188628
12.81344745	96.42959799
12.8282321	96.47417454
12.86288802	96.42959799
12.79737262	96.45188628
12.75719577	96.29587678
12.88719187	96.31816506
12.80371875	96.31816506
12.86385118	96.34045334
12.88341714	96.34045334
12.48787727	86.26691399
12.53850454	86.26691399
12.47802083	86.28920227
12.43082338	86.28920227
12.4876039	86.28920227
12.44320779	86.5343564
12.50089655	86.55664468
12.41940213	86.55664468
12.52945032	86.55664468
12.42904907	86.55664468
12.4927365	87.20295391
12.45091053	87.18066563
12.48276638	87.18066563
12.50886498	87.20295391
12.3880649	87.15837735
12.1224828	79.82609293
12.09517578	79.84838121
12.14740747	79.80380465
12.11593995	79.82609293
12.0639203	79.82609293
11.80471243	74.18759058
11.82671057	74.20987036
11.78823395	74.23215865
11.79454304	74.1653023
11.73544403	74.18759058
11.26924466	66.43185426
11.35948545	66.38728194
11.28316323	66.49871486
11.34631671	66.43185426
11.23996533	66.43185426
11.29534198	68.05877575
11.30877897	68.01420341
11.18972255	68.05877575
11.35851846	68.08106403
11.28762903	68.01420341
11.26782291	68.25935329
11.307941	68.25935329
11.25567098	68.23706925
11.28242873	68.25935329
11.26444801	68.25935329
11.32383188	68.34850219
11.20465921	68.34850219
11.30391463	68.3930745
11.27747879	68.3930745
11.31073084	68.37078622
10.82479306	60.72649131
10.87944287	60.74877534
10.8508891	60.74877534
10.84459917	60.77106362
10.87423362	60.72649131
10.27770156	53.08219215
10.34592377	53.05990387
10.27923444	53.05990387
10.33151595	53.05990387
10.23851853	53.05990387
10.28478986	54.21880538
10.23456369	54.19652135
10.29274169	54.17423307
10.30145294	54.19652135
10.31409027	54.17423307
9.934370381	49.15975169
10.00021215	49.13746765
9.932152173	49.09289109
9.930557975	49.11517937
10.00694342	49.15975169
9.610846598	44.99216132
9.630950351	44.96987304
9.715484986	44.96987304
9.606958186	44.96987304
9.685807105	44.96987304
9.648050932	45.59389824
9.662060839	45.59389824
9.657634641	45.59389824
9.60050539	45.63847057
9.703238533	45.59389824
9.637099126	46.17474254
9.635146617	46.10788195
9.699928784	46.08559792
9.565604211	46.13017023
9.627392787	46.15245851
9.538549474	46.75419543
9.688376599	46.77647946
9.611994344	46.73190715
9.633342287	46.73190715
9.571851984	46.77647946
9.221895559	40.53623596
9.275774461	40.51395191
9.127192804	40.51395191
9.230707079	40.49166363
9.195524233	40.53623596
8.658316636	33.69425553
8.573336826	33.64968322
8.695470513	33.67196936
8.613863045	33.62739705
8.641167513	33.76111613
8.242186953	29.52666517
8.265319426	29.52666517
8.29682527	29.57123748
8.212104773	29.54895134
8.237229994	29.52666517
8.244071121	30.6187082
8.255756794	30.64099437
8.223317808	30.6187082
8.260119122	30.64099437
8.186029165	30.64099437
7.598049947	23.21956105
7.607869975	23.28642165
7.590911185	23.21956105
7.630804451	23.28642165
7.603197877	23.24184934
7.557661049	23.95501918
7.591061919	23.91044687
7.613843745	23.95501918
7.575133354	23.91044687
7.588718525	23.97730533
7.026539634	18.27194027
7.074085176	18.22736795
7.016759205	18.27194027
7.087819803	18.2496541
7.032820619	18.27194027
7.051952909	19.07425686
7.029735694	19.09654303
7.029868543	19.09654303
7.006402668	19.09654303
7.08160141	19.14111745
6.970941348	19.31940887
7.082509004	19.31940887
7.027725701	19.2971227
7.006433325	19.31940887
7.022163254	19.31940887
6.647008796	14.72837299
6.638622652	14.70608682
6.636839399	14.70608682
6.589569136	14.72837299
6.679325791	14.72837299
6.149309967	10.6945017
6.095045928	10.6945017
6.171782663	10.6945017
6.095385717	10.67221556
6.118652318	10.67221556
5.646015478	7.797245789
5.784155012	7.797245789
5.723148846	7.797245789
5.71918379	7.797245789
5.681960294	7.819532491
5.778786092	8.554989554
5.637407704	8.554989554
5.730878405	8.532702852
5.709131274	8.532702852
5.712768677	8.532702852
5.240862191	4.766270261
5.180715397	4.766270261
5.269765009	4.721696901
5.251182322	4.743983581
5.206239167	4.743983581
4.914416032	3.117063162
4.952826872	3.094776482
4.858707251	3.094776482
4.963657006	3.117063162
4.962984454	3.139349597
4.885348109	3.518221469
4.95746959	3.495935033
4.891242042	3.495935033
5.006896746	3.518221469
4.895517507	3.540508149
4.939261501	3.562794851
4.935496039	3.562794851
4.920642728	3.518221469
4.878841343	3.585081264
4.941378476	3.562794851
4.959986072	3.62965438
4.921586089	3.62965438
4.912340253	3.607367967
4.935585458	3.651941082
4.935022443	3.585081264
4.942672803	4.297694863
4.864879338	4.297694863
4.963397374	4.364554659
4.864218921	4.297694863
4.929114458	4.319981543
4.984834735	5.189158487
4.853239012	5.189158487
4.897071147	5.166871784
4.925623957	5.166871784
4.923215416	5.233731335
4.959785201	5.189158487
4.890826887	5.233731335
4.91464277	5.189158487
4.893482606	5.211444633
4.918742912	5.189158487
4.775490895	3.027359613
4.807545383	3.027359613
4.796652337	3.005072933
4.764188122	3.027359613
4.813306466	3.005072933
4.495218667	2.649044792
4.564586708	2.715904588
4.45052716	2.671331472
4.498183198	2.671331472
4.547839009	2.626758112
2.925368839	-3.011747423
2.925368839	-3.011747423
2.925368839	-3.011747423
2.925368839	-3.011747423
2.918955642	-3.034034125
2.540593149	-4.348942468
2.540593149	-4.348942468
2.540593149	-4.348942468
2.527767234	-4.393515851
2.540593149	-4.348942468
1.360614887	-8.449673815
1.339927201	-8.449673815
1.365503824	-8.449673815
1.395909665	-8.449673815
1.331003829	-8.449673815
0.440146558	-11.70351519
0.447572376	-11.72580133
0.441907098	-11.68122902
0.415077543	-11.74808857
0.393127704	-11.68122902
0.412828796	-11.05720382
0.367927476	-11.03491765
0.388943015	-11.03491765
0.401304794	-11.03491765
0.413027911	-11.05720382
-0.376262125	-15.1579357
-0.384482487	-15.13564953
-0.356013067	-15.18022185
-0.342288819	-15.1579357
-0.362094659	-15.18022185
-1.918088786	-22.98052626
-1.829190865	-22.98052626
-1.884754341	-23.0028124
-1.859925318	-22.98052626
-1.842494688	-23.02510068
-1.916550315	-21.55418445
-1.928740563	-21.46503982
-1.838563005	-21.48732596
-1.876478213	-21.50961213
-1.901726384	-21.50961213
-1.913597281	-21.21988569
-1.878879569	-21.17531338
-1.959491782	-21.19759952
-1.927501323	-21.19759952
-1.856009921	-21.17531338
-2.483896457	-26.39037443
-2.522037287	-26.32351384
-2.486059099	-26.34580001
-2.564910572	-26.34580001
-2.504366985	-26.34580001
-3.68280949	-33.56665362
-3.682348348	-33.56665362
-3.688849366	-33.54436748
-3.634650475	-33.54436748
-3.639405924	-33.61122807
-4.490338672	-38.80400299
-4.542640621	-38.78171471
-4.448301926	-38.80400299
-4.490360707	-38.78171471
-4.510429652	-38.80400299
-5.45400279	-44.91052529
-5.362067526	-44.84366469
-5.428092606	-44.91052529
-5.387158896	-44.86595297
-5.376696973	-44.82138066
-5.418503787	-43.59561855
-5.449436716	-43.59561855
-5.381444438	-43.64019086
-5.433287161	-43.61790258
-5.42720545	-43.61790258
-6.129356308	-50.12558426
-6.091241825	-50.10330022
-6.160292431	-50.05872789
-6.113650012	-50.10330022
-6.10541013	-50.08101194
-6.856063305	-55.40750805
-6.855687749	-55.38521977
-6.860843982	-55.38521977
-6.901384891	-55.36293149
-6.859834196	-55.34064745
-7.896808098	-63.27466881
-7.954353144	-63.29695709
-7.975457103	-63.3415294
-7.924939684	-63.29695709
-7.95067231	-63.27466881
-8.634077932	-68.69030954
-8.609313577	-68.66802551
-8.603852045	-68.64573723
-8.618021627	-68.62344894
-8.612570952	-68.71259782
-8.648427628	-66.45858832
-8.611218184	-66.39172772
-8.632503534	-66.39172772
-8.637546078	-66.43630003
-8.690931265	-66.39172772
-8.68417764	-64.51965635
-8.681818917	-64.56422869
-8.710573876	-64.49736807
-8.67196887	-64.56422869
-8.732313981	-64.56422869
-9.416943993	-73.21141987
-9.326743442	-73.25599643
-9.380592325	-73.21141987
-9.325427079	-73.18914006
-9.365985232	-73.21141987
-9.853460374	-77.69102494
-9.843277564	-77.69102494
-9.837288465	-77.7356015
-9.843683139	-77.62416859
-9.842996536	-77.71331322
-9.852827422	-76.2201087
-9.860031969	-76.2201087
-9.899819849	-76.2201087
-9.839764708	-76.19782891
-9.8532215	-76.2201087
-10.61164767	-84.1541343
-10.72471244	-84.17642258
-10.66265305	-84.10956621
-10.63671988	-84.13184602
-10.65086455	-84.13184602
-11.23489787	-88.81202864
-11.1887019	-88.74517229
-11.22507337	-88.78974886
-11.19460861	-88.72288401
-11.2018106	-88.72288401
-11.27842535	-85.89249294
-11.25471804	-85.87020466
-11.24660782	-85.91477273
-11.28325009	-85.89249294
-11.28708102	-85.89249294
-11.29417571	-85.20215862
-11.26544439	-85.24673518
-11.33771085	-85.2244469
-11.24451671	-85.2244469
-11.30898208	-85.20215862
-11.28741953	-85.09072571
-11.25563011	-85.09072571
-11.32667921	-85.09072571
-11.25389284	-85.04615762
-11.30572726	-85.09072571
-11.59523383	-89.50347442
-11.55820322	-89.45889786
-11.60220333	-89.41432977
-11.58393521	-89.43660958
-11.53205225	-89.43660958
-12.03892921	-94.00535929
-12.04287383	-93.96079121
-12.05025465	-93.98307949
-12.10476395	-93.93850292
-12.00035422	-93.98307949
-12.43061516	-96.85804712
-12.42782021	-96.81347056
-12.4023552	-96.76890249
-12.44134534	-96.83575884
-12.39774506	-96.81347056
-12.47662719	-95.03054384
-12.43000584	-95.05283213
-12.51042341	-95.00825556
-12.3995117	-95.07512041
-12.43201009	-95.03054384
-12.48029333	-93.55962761
-12.55021832	-93.55962761
-12.4559205	-93.60420417
-12.52435731	-93.51505954
-12.47548774	-93.60420417
-12.76465963	-96.94719177
-12.75919491	-96.99176833
-12.75762881	-96.96948005
-12.73436604	-96.96948005
-12.78470718	-96.99176833
-13.18899982	-101.2484991
-13.17027182	-101.203931
-13.17767181	-101.2707874
-13.20559327	-101.1816427
-13.19746133	-101.1816427
-13.64871126	-104.346341
-13.64956457	-104.4131974
-13.67287588	-104.3686208
-13.68314619	-104.346341
-13.61341154	-104.346341
-13.71639697	-101.5159415
-13.72038246	-101.5605181
-13.74055008	-101.4936532
-13.72491851	-101.5827978
-13.7279434	-101.5382298
-13.96265453	-104.1234752
-13.95568886	-104.145755
-13.92283663	-104.145755
-13.91233128	-104.145755
-13.92086177	-104.0788986
-13.99900045	-100.5389563
-14.04758516	-100.4720914
-14.00426718	-100.4943797
-14.02975774	-100.516668
-14.02651952	-100.516668
-13.92545658	-94.34328084
-13.86028736	-94.34328084
-13.87422382	-94.23184793
-13.84877542	-94.23184793
-13.91385905	-94.25413621
-13.88319629	-95.5021866
-13.84770368	-95.5021866
-13.89473634	-95.52447488
-13.84091684	-95.47989832
-13.83505101	-95.52447488
-13.39833791	-87.0332847
-13.42514802	-87.05557299
-13.50660284	-87.0332847
-13.43997611	-87.0332847
-13.48027431	-86.98870814
-13.47637184	-87.05557299
-13.45566388	-87.01099642
-13.46738532	-87.05557299
-13.44303932	-87.01099642
-13.45323426	-87.05557299
-13.47690708	-87.36758346
-13.45671774	-87.38987174
-13.46606704	-87.36758346
-13.48829639	-87.34529518
-13.4582008	-87.36758346
-13.11059799	-80.74846462
-13.13040027	-80.7707529
-13.1119201	-80.74846462
-13.1184374	-80.7707529
-13.06611629	-80.74846462
-12.98660824	-78.34151694
-12.95609877	-78.31922866
-12.98706938	-78.34151694
-13.0123019	-78.29694038
-12.94849695	-78.31922866
-12.64934088	-73.08188143
-12.70420275	-73.08188143
-12.59900102	-73.05959315
-12.69312256	-73.05959315
-12.64628278	-73.03730487
-12.61013103	-74.35222011
-12.65829292	-74.37449991
-12.57111789	-74.37449991
-12.60620813	-74.37449991
-12.66131014	-74.39678819
-12.10970495	-66.03932343
-12.10860127	-66.08389577
-12.17394677	-66.03932343
-12.12277021	-66.06160749
-12.17269364	-66.03932343
-12.15627136	-66.50733916
-12.14357909	-66.50733916
-12.1176721	-66.50733916
-12.17385224	-66.50733916
-12.11026956	-66.50733916
-12.1076611	-66.6633444
-12.15356965	-66.68563269
-12.11552479	-66.6633444
-12.10891807	-66.6633444
-12.15859368	-66.68563269
-11.47289448	-56.47837637
-11.4462351	-56.50066465
-11.44321404	-56.54523696
-11.44934046	-56.50066465
-11.44737582	-56.54523696
-11.14133073	-51.95419897
-11.09189271	-51.95419897
-11.12784775	-51.95419897
-11.09232831	-51.97648725
-11.10359372	-51.95419897
-11.09029724	-53.78170226
-11.09752478	-53.75941398
-11.06872703	-53.8039863
-11.03363168	-53.8039863
-11.12255164	-53.78170226
-10.72969942	-48.52206673
-10.74064547	-48.54435501
-10.6893993	-48.56663907
-10.76889394	-48.52206673
-10.69966769	-48.54435501
-10.54727235	-46.24883602
-10.62460372	-46.24883602
-10.52830421	-46.24883602
-10.58188356	-46.27112007
-10.59538889	-46.31569663
-10.50416834	-47.42946585
-10.59568781	-47.45175413
-10.53536952	-47.42946585
-10.59786833	-47.45175413
-10.55235003	-47.42946585
-10.05017518	-40.27547494
-10.03430921	-40.27547494
-10.03603051	-40.27547494
-10.12446313	-40.34233131
-10.02842933	-40.27547494
-9.562815004	-35.06041175
-9.573677392	-35.0381256
-9.589583602	-35.06041175
-9.59004666	-34.99355329
-9.558410521	-35.0381256
-9.550187246	-36.13016863
-9.578324581	-36.08559632
-9.566559069	-36.08559632
-9.532521414	-36.08559632
-9.550235148	-36.08559632
-9.042029049	-30.20193773
-9.027685101	-30.20193773
-9.099774008	-30.22422387
-9.055356823	-30.22422387
-9.064301192	-30.20193773
-8.383224912	-23.89483361
-8.364653403	-23.89483361
-8.363773273	-23.91711976
-8.377079331	-23.89483361
-8.368134962	-23.91711976
-8.368206496	-24.85315756
-8.35493876	-24.89772988
-8.34817811	-24.85315756
-8.304159474	-24.85315756
-8.385432263	-24.87544373
-8.388066266	-25.36435629
-8.285888793	-25.29749569
-8.32492556	-25.31978186
-8.381106341	-25.31978186
-8.33887032	-25.31978186
-7.637454606	-18.36636852
-7.623683573	-18.38865466
-7.657919864	-18.38865466
-7.60931791	-18.41094083
-7.653735095	-18.41094083
-6.99347025	-13.37417328
-7.055155994	-13.41874666
-7.052311859	-13.41874666
-7.05471529	-13.39645943
-7.029906865	-13.41874666
-6.262051555	-8.67170395
-6.239842643	-8.67170395
-6.240503699	-8.67170395
-6.295801156	-8.69399063
-6.237065571	-8.67170395
-6.250151278	-9.741460303
-6.177361077	-9.69688692
-6.235344272	-9.741460303
-6.18220307	-9.741460303
-6.208112615	-9.741460303
-5.590362903	-5.44014928
-5.534777392	-5.44014928
-5.604070066	-5.417862578
-5.549164771	-5.46243596
-5.571395399	-5.44014928
-4.116910304	-1.205698453
-4.124565774	-1.227985
-4.109255153	-1.183411884
-4.116910304	-1.205698453
-4.116910304	-1.205698453
-2.570563076	3.2961916
-2.650198555	3.273904898
-2.546184497	3.318478014
-2.625223748	3.2961916
-2.552839602	3.273904898
-2.583559365	3.095612169
-2.587570726	3.051039053
-2.626840939	3.073325756
-2.600744574	3.095612169
-2.537131549	3.028752373
-2.588150986	2.780814328
-2.554054571	2.803100763
-2.580076528	2.758527648
-2.594770005	2.803100763
-2.632632521	2.780814328
-2.483161153	2.270729972
-2.552814693	2.248443536
-2.628391227	2.315303354
-2.543382356	2.293016652
-2.606295045	2.270729972
-2.594656316	2.404449585
-2.561232293	2.449022701
-2.526649188	2.560455612
-2.527024265	2.515882496
-2.574831675	2.560455612
-1.551478552	5.925729629
-1.599859994	5.925729629
-1.543800727	5.903443482
-1.575792143	5.903443482
-1.562260464	5.948016331
-0.066213571	11.34136985
-0.123792773	11.36365602
-0.116278126	11.4082294
-0.017796548	11.4082294
-0.121810524	11.36365602
-0.048344129	10.56133941
-0.078095271	10.58362558
-0.071563296	10.60591279
-0.062828066	10.58362558
-0.123295813	10.56133941
0.878886297	16.46728417
0.943679961	16.42271079
0.903672767	16.46728417
0.901520504	16.40042464
0.922407305	16.40042464
1.866562859	22.15036202
1.937012061	22.1726503
1.965517128	22.12807587
1.876421848	22.12807587
1.960892134	22.12807587
1.892121119	21.32575926
1.968195361	21.32575926
1.99628623	21.32575926
1.878911345	21.30347311
1.953974842	21.34804543
3.095167506	29.43807625
3.067077754	29.43807625
3.066152915	29.43807625
3.11765074	29.41579009
3.007790332	29.43807625
3.973631781	35.00972224
3.940981385	35.00972224
3.906184315	35.07658072
3.957229939	35.03200841
3.961932375	35.00972224
4.231027654	37.5058188
4.341361659	37.46124649
4.262046808	37.46124649
4.279297165	37.46124649
4.335080992	37.46124649
5.286671106	44.16950995
5.201188958	44.21408227
5.274234	44.19179401
5.247985624	44.21408227
5.228571029	44.16950995
5.346153652	42.72088199
5.230959132	42.69859371
5.294854463	42.74316603
5.281445254	42.72088199
5.236654429	42.67630543
5.266716809	42.40886727
5.251713083	42.40886727
5.334143198	42.38658324
5.262032575	42.38658324
5.27820704	42.43115555
6.282188521	51.81380486
6.279081879	51.81380486
6.216445109	51.76923255
6.281425912	51.74694852
6.288291948	51.76923255
7.162281484	57.8757591
7.074053241	57.85347082
7.054687188	57.85347082
7.10381607	57.8088985
7.048231198	57.8088985
7.714912434	62.77880757
7.701488854	62.8010916
7.695593005	62.82337989
7.686868988	62.82337989
7.715397847	62.73423101
8.268330263	67.25840841
8.278037241	67.28069669
8.341797487	67.32526901
8.262712887	67.25840841
8.312981851	67.32526901
8.365129235	63.93547773
8.305878857	64.00233832
8.375298632	63.95776601
8.302562721	64.0246266
8.307749612	63.95776601
9.026071742	73.13983775
9.095340784	73.13983775
9.145591864	73.09526119
9.008501077	73.11754947
9.094371236	73.09526119
9.131384599	71.20090154
9.129817865	71.15633348
9.151959075	71.15633348
9.114671071	71.17862176
9.128221751	71.17862176
10.11075022	80.78413267
10.1133293	80.78413267
10.01281692	80.73956458
10.13026893	80.73956458
10.16794462	80.73956458
10.77667204	86.13291281
10.7066966	86.08834474
10.8072952	86.08834474
10.73538385	86.08834474
10.72170032	86.08834474
10.8131291	84.01568734
10.78953931	83.99340753
10.83103827	84.01568734
10.80335697	83.99340753
10.74381215	83.97111925
11.41475863	90.03306501
11.31018412	90.05535329
11.3267533	90.09992985
11.38554445	90.03306501
11.30999378	90.03306501
11.43202911	87.80524656
11.32224279	87.80524656
11.44207332	87.80524656
11.47916397	87.78295828
11.32668176	87.78295828
11.79362075	93.3100362
11.79720003	93.28774792
11.88979891	93.28774792
11.78656822	93.26545964
11.79116559	93.33231599
12.11587352	96.36329311
12.19410162	96.27414846
12.20723587	96.31872503
12.12912401	96.29643674
12.23546773	96.29643674
12.18318111	93.68890302
12.24488474	93.75576787
12.2090715	93.73347959
12.22883163	93.73347959
12.22891849	93.68890302
12.6419064	98.39137395
12.73582739	98.39137395
12.65566402	98.36908567
12.60926495	98.36908567
12.69606186	98.34679739
12.824976	94.20233102
12.75037572	94.15775446
12.71271152	94.13547465
12.76927999	94.15775446
12.78330076	94.13547465
12.72517386	94.04632152
12.76317274	94.0686098
12.74646176	94.04632152
12.73421275	94.09089808
12.82284913	94.09089808
12.58565856	88.45239575
12.52807966	88.47467554
12.64249784	88.45239575
12.65082395	88.45239575
12.54549321	88.40781919
12.57237102	88.60839673
12.58232965	88.65297329
12.60594626	88.60839673
12.57572037	88.65297329
12.56893481	88.60839673
12.33668652	83.72763654
12.36687153	83.7722131
12.3039582	83.74992482
12.328423	83.72763654
12.37964682	83.72763654
12.01607138	77.5096813
11.97798691	77.53196959
12.06689793	77.5096813
12.02027147	77.57653767
11.94803694	77.55424939
11.94489326	78.80229979
11.95927042	78.86916463
12.03184346	78.86916463
11.96537129	78.82458807
11.96094509	78.82458807
11.54930356	71.02428368
11.56132902	71.02428368
11.56106588	71.02428368
11.54050226	71.04657196
11.54523887	71.09114428
11.19981403	66.09895118
11.26526683	66.05437461
11.36043456	66.0766629
11.25625731	66.09895118
11.25560839	66.0766629
11.20920549	66.52239456
11.26597195	66.54468284
11.29507501	66.50010628
11.20238671	66.54468284
11.25156414	66.54468284
11.22797691	67.10184744
11.28435888	67.10184744
11.23755104	67.12413148
11.27576324	67.10184744
11.27675706	67.10184744
10.71703142	57.87519914
10.68637249	57.8529151
10.70492612	57.89748742
10.6645583	58.00892033
10.65885087	58.05349266
10.44707677	54.37620631
10.39123642	54.35391802
10.4642508	54.39849459
10.43998527	54.42077862
10.37757396	54.30934571
10.12938496	50.76578054
10.16624632	50.81035286
10.17948339	50.76578054
10.14768183	50.78806458
10.18501518	50.81035286
9.732531278	46.06330963
9.751126419	46.01873732
9.777958249	46.01873732
9.751653348	46.01873732
9.801489911	46.01873732
9.782249043	47.77937575
9.779107911	47.71251938
9.666317782	47.77937575
9.738700491	47.75709172
9.791644973	47.75709172
9.725270525	48.22594313
9.711484802	48.15908678
9.702091426	48.18137081
9.770072208	48.24823141
9.750132601	48.20365909
8.955266624	37.28323295
8.909639101	37.32780526
8.992478623	37.28323295
8.986773107	37.32780526
8.898148231	37.30551698
8.394171609	31.37728819
8.460797706	31.37728819
8.455838831	31.37728819
8.425170324	31.37728819
8.448634284	31.37728819
8.439245379	32.69219495
8.422966167	32.7367694
8.386229362	32.71448323
8.394094965	32.71448323
8.386229362	32.71448323
8.007470714	27.45484772
8.020183419	27.41027541
8.014896252	27.41027541
7.964324544	27.43256155
7.995719254	27.43256155
7.43343881	21.50433065
7.356140657	21.57119124
7.373602743	21.54890296
7.412784496	21.57119124
7.410603332	21.57119124
7.361391418	22.23978875
7.350428754	22.21750047
7.436956136	22.19521433
7.396176353	22.19521433
7.33224302	22.23978875
7.333361385	22.395794
7.399115017	22.41808017
7.427944065	22.395794
7.408574818	22.395794
7.34644773	22.395794
7.346489246	22.88609801
7.382469829	22.97524477
7.402537177	22.88609801
7.406350222	22.93067244
7.30786955	22.93067244
6.871265667	16.9578671
6.819095929	17.00244048
6.848770617	17.00244048
6.890685371	16.98015431
6.90323393	17.00244048
6.267428141	12.16625154
6.288898075	12.18853875
6.312430376	12.18853875
6.280714399	12.16625154
6.285583856	12.21082492
5.562088886	7.151770667
5.550896928	7.196343516
5.631147157	7.174057369
5.659313233	7.151770667
5.556382093	7.196343516
5.589358865	8.221526486
5.5653667	8.221526486
5.476346468	8.199239805
5.563847869	8.221526486
5.57568747	8.199239805
4.885224201	3.184758667
4.845169664	3.184758667
4.831159118	3.184758667
4.828042576	3.207045102
4.847474097	3.207045102
4.838758702	3.474484063
4.848068727	3.496770743
4.85995655	3.519057423
4.838806924	3.519057423
4.76314672	3.474484063
4.770296659	3.741923268
4.832521787	3.675063472
4.876292926	3.786496383
4.800783136	3.697349885
4.851791396	3.741923268
4.844460067	3.875642614
4.807223158	3.786496383
4.804755856	3.831069499
4.871380995	3.831069499
4.824133407	3.808782819
4.807076257	4.544240126
4.811374076	4.544240126
4.805105226	4.521953446
4.743029235	4.544240126
4.879074469	4.499667277
4.843921322	4.187654957
4.792896775	4.187654957
4.790207205	4.143081575
4.830062468	4.143081575
4.851212733	4.143081575
4.731775003	3.407624512
4.772501455	3.385337832
4.747960326	3.429910947
4.698708494	3.452197627
4.772800048	3.452197627
4.293959185	3.385059173
4.331550253	3.273626239
4.31990865	3.295912942
4.343672799	3.362772737
4.359301813	3.295912942
4.388428815	3.340486057
4.321739167	3.340486057
4.301062818	3.318199622
4.33424142	3.318199622
4.308804513	3.295912942
4.309775977	3.340486057
4.31508486	3.295912942
4.334277187	3.385059173
4.335686162	3.340486057
4.343275846	3.362772737
4.294782151	3.318199622
4.285198762	3.318199622
4.334615699	3.362772737
4.277597262	3.318199622
4.281298854	3.318199622
4.324425224	3.296469992
4.319051832	3.341043353
4.324821219	3.296469992
4.365801554	3.296469992
4.379086535	3.296469992
4.271956893	2.538726227
4.321811021	2.494153112
4.281219655	2.516439547
4.242620397	2.516439547
4.261701909	2.56101293
2.51343127	-3.612371059
2.519742754	-3.590084357
2.519742754	-3.590084357
2.532365562	-3.545511242
2.519742754	-3.590084357
2.488185494	-3.701517268
2.488185494	-3.701517268
2.481874011	-3.723803971
2.481874011	-3.723803971
2.475562686	-3.746090384
2.507119786	-3.634657473
2.500808302	-3.656944153
2.494496978	-3.679230588
2.494496978	-3.679230588
2.507119786	-3.634657473
1.604582869	-6.821639294
1.605044969	-6.821639294
1.665389921	-6.821639294
1.638353387	-6.754779232
1.636592009	-6.777065912
1.567421008	-6.621059618
1.56914087	-6.621059618
1.614041552	-6.64334632
1.606417218	-6.621059618
1.59507293	-6.64334632
1.618160056	-6.598773449
1.565633603	-6.554200089
1.638694613	-6.64334632
1.578987564	-6.621059618
1.570485017	-6.64334632
0.409069682	-10.76636488
0.421957032	-10.76636488
0.401269466	-10.76636488
0.417613984	-10.7217915
0.348743612	-10.7217915
-0.79175151	-15.75855905
-0.826209191	-15.73627288
-0.81677893	-15.78084626
-0.779131337	-15.6916995
-0.757999914	-15.73627288
-2.135082988	-23.269137
-2.168178878	-23.22456468
-2.19605195	-23.17999237
-2.166150683	-23.269137
-2.216319051	-23.20227851
-2.189988921	-21.53078473
-2.168399868	-21.50849856
-2.24945518	-21.48621028
-2.27580495	-21.50849856
-2.211915048	-21.48621028
-2.232944439	-21.28563272
-2.215520036	-21.26334444
-2.158833884	-21.24105829
-2.18850474	-21.30791889
-2.213139917	-21.26334444
-3.097795441	-28.01618024
-3.064414051	-28.08304084
-3.062501142	-28.01618024
-3.051197411	-28.01618024
-3.0267853	-28.03846639
-3.036663769	-27.25843596
-3.044130504	-27.25843596
-3.055035685	-27.25843596
-3.049795143	-27.21386363
-3.053691219	-27.28072211
-3.943431123	-33.85526438
-4.019727792	-33.83297824
-4.016687894	-33.83297824
-3.95806025	-33.83297824
-3.97725098	-33.81069207
-4.448291387	-37.2651147
-4.471664651	-37.28739875
-4.497814348	-37.30968703
-4.488210201	-37.2651147
-4.477283304	-37.28739875
-5.578731519	-44.68654376
-5.582678053	-44.64197145
-5.585275011	-44.68654376
-5.591777626	-44.66425973
-5.615331004	-44.64197145
-5.639450909	-43.32706471
-5.645134709	-43.32706471
-5.70180218	-43.30477643
-5.647316512	-43.32706471
-5.594836365	-43.32706471
-6.404785266	-50.28047805
-6.396084242	-50.25818977
-6.320454377	-50.21361746
-6.366010366	-50.25818977
-6.383902936	-50.21361746
-6.372010962	-48.07410793
-6.376571926	-48.07410793
-6.415786891	-48.11868025
-6.441501633	-48.05181965
-6.417307	-48.11868025
-7.31321931	-57.12245848
-7.336133986	-57.07788617
-7.34750031	-57.07788617
-7.334836785	-57.05559789
-7.322848366	-57.07788617
-8.213219306	-62.98383091
-8.168293715	-63.02840322
-8.16728329	-62.98383091
-8.169042273	-63.00611919
-8.084711383	-62.93925859
-8.810535695	-67.73087416
-8.806435874	-67.73087416
-8.737765294	-67.73087416
-8.717321752	-67.68630182
-8.732588623	-67.68630182
-8.796218573	-66.32681851
-8.737742301	-66.37139083
-8.765903907	-66.30453023
-8.77006185	-66.37139083
-8.715336031	-66.37139083
-8.799979884	-65.39078282
-8.783215898	-65.36849456
-8.769777628	-65.32392222
-8.724192898	-65.36849456
-8.78671598	-65.36849456
-8.828029716	-64.6107524
-8.773083545	-64.63303643
-8.808377525	-64.63303643
-8.814680226	-64.6107524
-8.84499617	-64.63303643
-9.375351144	-71.51958918
-9.34944096	-71.51958918
-9.352704722	-71.49730939
-9.398460625	-71.54187746
-9.324789017	-71.51958918
-9.914895748	-76.89065762
-9.830119684	-76.86836934
-9.860437544	-76.82380125
-9.906614351	-76.84608953
-9.876764659	-76.82380125
-10.73621161	-83.35376696
-10.70049353	-83.37605524
-10.70459399	-83.37605524
-10.70351714	-83.33147868
-10.703079	-83.30919889
-10.77432929	-80.16678885
-10.818567	-80.21135692
-10.81544375	-80.16678885
-10.77606911	-80.21135692
-10.74538208	-80.16678885
-11.2665966	-86.62989822
-11.30691397	-86.62989822
-11.31145258	-86.65218648
-11.287546	-86.62989822
-11.25419303	-86.60760993
-11.61482407	-89.19285535
-11.59537562	-89.14827881
-11.59784356	-89.12599053
-11.58277405	-89.12599053
-11.62044847	-89.12599053
-11.61575785	-87.36535208
-11.63291974	-87.38764036
-11.64794838	-87.36535208
-11.63053867	-87.38764036
-11.59960638	-87.38764036
-12.07470158	-93.20444047
-12.08867124	-93.18215219
-12.07468369	-93.1598639
-12.07186574	-93.13757565
-12.08648944	-93.18215219
-12.14165533	-91.19864791
-12.11288057	-91.22093619
-12.10920037	-91.19864791
-12.19763619	-91.19864791
-12.12703035	-91.15407137
-12.65925863	-96.9485832
-12.68476963	-96.9485832
-12.61960041	-96.9485832
-12.68756842	-96.92629492
-12.71982154	-96.92629492
-12.82309567	-98.04062412
-12.88998555	-98.04062412
-12.86077136	-98.04062412
-12.84836906	-98.01834431
-12.88262643	-97.99605603
-12.90547916	-96.25769738
-12.89179562	-96.25769738
-12.85060069	-96.21312932
-12.91094133	-96.27998566
-12.89854031	-96.25769738
-13.14058628	-99.22181814
-13.13492483	-99.19952986
-13.07460719	-99.17724158
-13.09685442	-99.19952986
-13.11596052	-99.13267351
-13.24675627	-100.5367249
-13.28837786	-100.4921483
-13.27222639	-100.5144366
-13.28947643	-100.5144366
-13.28093444	-100.4698686
-13.53147386	-102.2082187
-13.52777195	-102.2082187
-13.52083054	-102.2082187
-13.52385416	-102.1636421
-13.55979003	-102.1859304
-13.54791658	-99.7121179
-13.53533545	-99.73440618
-13.59156668	-99.68983811
-13.57732748	-99.7121179
-13.59916467	-99.68983811
-13.82341643	-102.9882492
-13.78026068	-102.9213928
-13.83317578	-102.9436726
-13.90030837	-102.8991045
-13.80355027	-102.8991045
-13.87459938	-99.55639689
-13.91670127	-99.55639689
-13.89349854	-99.55639689
-13.92886214	-99.55639689
-13.86309509	-99.55639689
-13.89861198	-99.53410861
-13.84344737	-99.51182033
-13.90139033	-99.53410861
-13.92035847	-99.53410861
-13.84998512	-99.5786767
-13.86022477	-99.64554154
-13.89287644	-99.64554154
-13.91640747	-99.64554154
-13.8856885	-99.69010961
-13.8595899	-99.62325326
-13.53381023	-89.28227998
-13.54432197	-89.28227998
-13.54126004	-89.23770341
-13.57438818	-89.28227998
-13.4898165	-89.25999169
-13.50340806	-89.97316579
-13.51545651	-89.95087751
-13.52655586	-90.01773386
-13.54068137	-89.97316579
-13.49234576	-89.99544558
-13.40786477	-87.23191085
-13.43859779	-87.23191085
-13.40475941	-87.23191085
-13.45207821	-87.23191085
-13.43183267	-87.25419914
-13.11645615	-81.10310027
-13.08116026	-81.10310027
-13.16109497	-81.08081199
-13.09180229	-81.10310027
-13.06437136	-81.10310027
-12.92939595	-77.51495856
-12.88910031	-77.49267876
-12.87341764	-77.44810219
-12.85167115	-77.44810219
-12.89344731	-77.44810219
-12.82291044	-78.65157602
-12.84976654	-78.62928776
-12.85084339	-78.6738643
-12.90156392	-78.65157602
-12.85996404	-78.6738643
-12.41085503	-70.96270457
-12.42807952	-70.98499285
-12.42605739	-70.96270457
-12.43524447	-70.96270457
-12.40475033	-70.98499285
-12.25624979	-67.68657756
-12.14379753	-67.70886585
-12.20200235	-67.73114988
-12.19958423	-67.70886585
-12.21855237	-67.70886585
-12.17245093	-68.55575689
-12.17939234	-68.55575689
-12.23581391	-68.57804092
-12.16134648	-68.55575689
-12.19383975	-68.57804092
-12.18893964	-69.09063321
-12.13858062	-69.02377261
-12.19742414	-69.06834492
-12.16364963	-69.06834492
-12.15930902	-69.04606089
-11.66778004	-60.7554525
-11.70697457	-60.7554525
-11.7004726	-60.77773653
-11.66491483	-60.77773653
-11.71459555	-60.80002482
-11.23871092	-54.60435363
-11.23192791	-54.58206535
-11.24613646	-54.58206535
-11.18092125	-54.62664189
-11.25611935	-54.58206535
-10.95548023	-51.26136603
-10.93452189	-51.39508722
-10.98292649	-51.37279894
-10.91209199	-51.41737126
-10.96917781	-51.37279894
-10.89751172	-52.70999399
-10.95567695	-52.70999399
-11.00319758	-52.70999399
-10.88900806	-52.68770571
-10.92696606	-52.73228227
-10.55307304	-46.46975047
-10.50597075	-46.44746219
-10.52430403	-46.42517816
-10.54347208	-46.42517816
-10.58224698	-46.44746219
-10.49058125	-47.31664151
-10.52241539	-47.33892555
-10.54244441	-47.33892555
-10.56401334	-47.31664151
-10.50388986	-47.29435323
-10.50078131	-47.73924921
-10.52633957	-47.6946769
-10.4873424	-47.6946769
-10.55158869	-47.6946769
-10.49930271	-47.76153749
-9.830714954	-38.69089866
-9.904143855	-38.69089866
-9.815225815	-38.71318269
-9.820931331	-38.69089866
-9.869048512	-38.69089866
-9.36220029	-33.2752579
-9.342616439	-33.23068347
-9.317585108	-33.2752579
-9.329968243	-33.25296962
-9.307539618	-33.2752579
-9.30366398	-34.56787849
-9.306261577	-34.61245294
-9.325434743	-34.54559235
-9.259599997	-34.61245294
-9.278810207	-34.63473911
-8.639409169	-27.10187286
-8.682545759	-27.12415903
-8.686931719	-27.10187286
-8.640070225	-27.10187286
-8.639871589	-27.10187286
-8.171667973	-22.77827516
-8.196475759	-22.75598899
-8.12938852	-22.75598899
-8.193169843	-22.82284959
-8.209518034	-22.80056344
-8.131633554	-23.51373327
-8.183300634	-23.46916095
-8.134276499	-23.51373327
-8.173735448	-23.51373327
-8.164506857	-23.49144712
-7.638960663	-18.25409987
-7.586038535	-18.29867221
-7.640104577	-18.29867221
-7.602779528	-18.34324664
-7.593043808	-18.29867221
-7.5971679	-19.59129492
-7.565644811	-19.52443432
-7.517217223	-19.56900875
-7.590673588	-19.54672049
-7.557114959	-19.59129492
-7.098080535	-14.8442517
-7.110348704	-14.86653891
-7.120348207	-14.91111229
-7.092438889	-14.86653891
-7.102045591	-14.8442517
-6.476977004	-11.03324626
-6.495947702	-11.03324626
-6.509631232	-11.03324626
-6.50336813	-11.07781964
-6.531487581	-10.98867287
-5.958826968	-7.623399124
-5.924808474	-7.667971973
-5.927451419	-7.667971973
-5.959044765	-7.667971973
-5.951157446	-7.690258653
-5.20622288	-4.43641728
-5.211325143	-4.458703983
-5.250981451	-4.458703983
-5.303656082	-4.525563511
-5.271909448	-4.480990663
-5.254400737	-4.72614321
-5.253564997	-4.703856507
-5.236314959	-4.703856507
-5.286193677	-4.72614321
-5.283837509	-4.703856507
-5.157106133	-5.795899029
-5.244903891	-5.773612326
-5.229899846	-5.773612326
-5.185863008	-5.729039478
-5.244903891	-5.773612326
-5.198057407	-5.885045237
-5.222931938	-5.862758557
-5.200636482	-5.885045237
-5.202659248	-5.90733194
-5.218791239	-5.840472389
-4.166467755	0.355198169
-4.10168431	0.332911578
-4.129453434	0.355198169
-4.183267189	0.37748476
-4.188004115	0.332911578
-2.38221254	3.230167492
-2.362904449	3.207880812
-2.358519447	3.163307697
-2.347888428	3.185594377
-2.360437626	3.163307697
-2.346151161	2.851295621
-2.359425125	2.829008918
-2.308288486	2.873582034
-2.37025462	2.806722505
-2.379452713	2.829008918
-2.316821851	2.64960211
-2.347356869	2.64960211
-2.325422758	2.671888523
-2.350209627	2.671888523
-2.34716957	2.671888523
-2.333449314	2.003291011
-2.316935859	2.02557758
-2.335355836	1.981004465
-2.331806735	2.02557758
-2.332052634	1.981004465
-2.311921577	3.073047097
-2.253161083	3.073047097
-2.260365311	3.073047097
-2.295122622	3.050760417
-2.239876101	3.073047097
-2.26565152	3.073047097
-2.233408136	3.095333777
-2.248664627	3.073047097
-2.279521711	3.050760417
-2.276965629	3.095333777
-2.124507855	2.920941182
-2.132647461	2.943227617
-2.188092618	2.920941182
-2.113205721	2.920941182
-2.120334104	2.898654502
-2.132883142	2.876368066
-2.129643171	2.876368066
-2.104603856	2.898654502
-2.202027956	2.898654502
-2.109229328	2.898654502
-2.120033595	2.873582034
-2.108344248	2.895868736
-2.129740733	2.851295621
-2.15388411	2.895868736
-2.111385264	2.895868736
-2.137707889	2.204984656
-2.082000386	2.227271202
-2.165647865	2.160411407
-2.102612545	2.204984656
-2.093689573	2.204984656
-1.419591421	5.25824673
-1.356878007	5.280533432
-1.441015849	5.280533432
-1.398441795	5.25824673
-1.401594104	5.21367337
-0.070747231	10.94132511
0.005923139	10.94132511
-0.126929274	10.94132511
-0.049586018	10.91903897
0.005800093	10.91903897
1.070711287	16.84726988
1.148194743	16.80269756
1.085693297	16.89184326
1.149527392	16.78041032
1.148891406	16.86955709
2.223397136	23.04294108
2.1087123	23.06522722
2.211567435	23.04294108
2.239997614	23.02065491
2.142299351	23.04294108
0.267459127	3.210666845
0.236725273	3.210666845
0.24933854	3.232953258
0.231690851	3.232953258
0.216423302	3.232953258
0.164254582	3.700971627
0.086601352	3.678684947
0.184433223	3.656398512
0.164529154	3.678684947
0.15758823	3.678684947
0.163633685	3.611825129
0.149950563	3.611825129
0.18484772	3.611825129
0.114854671	3.611825129
0.141425202	3.611825129
0.043964436	3.278083691
0.055191732	3.300370104
-0.047313255	3.278083691
0.039801143	3.278083691
0.023201032	3.300370104
0.308218611	6.531925063
0.376352142	6.554211744
0.307236289	6.509638361
0.335648484	6.531925063
0.334665803	6.509638361
0.924870615	11.47954638
0.983146495	11.52411977
0.844422948	11.5018336
0.931425125	11.45726022
0.957200384	11.45726022
0.878929889	10.03091843
0.990895854	10.03091843
0.908389654	10.07549181
0.938187771	10.09777796
0.949707463	10.05320564
1.661821338	17.31863159
1.62924567	17.29634543
1.707248629	17.27405821
1.628046828	17.31863159
1.662482075	17.31863159
2.241736637	22.82341805
2.234532729	22.82341805
2.235280807	22.7788436
2.263558816	22.80113188
2.209359446	22.80113188
2.257042628	21.8650941
2.297880852	21.88738024
2.236366439	21.84280793
2.241424951	21.90966852
2.235892683	21.8650941
2.996160225	27.88247177
2.934381549	27.83789943
2.982762513	27.83789943
2.987387666	27.83789943
2.964191322	27.83789943
3.699231132	32.20606947
3.684339498	32.25064179
3.738615034	32.22835564
3.635372846	32.22835564
3.709014116	32.20606947
4.537050071	38.49088531
4.554375156	38.46860127
4.496619658	38.44631299
4.456753537	38.46860127
4.563186675	38.42402471
4.605465489	37.01997331
4.502101948	36.99768503
4.537642786	37.04225735
4.512668299	37.01997331
4.587894505	36.99768503
4.965624525	41.61100706
5.009216827	41.67786766
4.912880914	41.61100706
5.027028283	41.61100706
5.050084112	41.63329535
5.489280802	45.08771586
5.467120432	45.13228818
5.42133451	45.08771586
5.511015798	45.10999989
5.435603091	45.10999989
5.459342969	43.48308266
5.517307642	43.48308266
5.44507375	43.46079437
5.494438313	43.48308266
5.471107203	43.48308266
6.178734284	50.43649602
6.079402224	50.41420774
6.10730771	50.39192368
6.122176032	50.39192368
6.162504253	50.3696354
6.696908591	54.51494173
6.743293614	54.53722577
6.699174702	54.47036517
6.726642678	54.53722577
6.704573642	54.51494173
7.416110851	59.99743884
7.404363862	59.95286652
7.458649616	59.90829421
7.411754271	59.84143359
7.383551789	59.79686128
7.51953443	57.99164628
7.393833598	57.96936225
7.4346236	57.94707397
7.476253494	57.96936225
7.451247071	58.01393456
8.380351396	67.21829459
8.297699013	67.151434
8.345780426	67.0845734
8.35172801	67.0845734
8.368338707	67.04000108
8.385577248	63.33764359
8.344672919	63.31535531
8.400458343	63.31535531
8.398551821	63.29306703
8.428339559	63.33764359
8.795227309	70.29105694
8.81572578	70.26876865
8.779673662	70.33562925
8.865032221	70.26876865
8.789532651	70.31334097
9.090796426	72.98773106
9.061184331	72.98773106
9.135752036	72.96544278
9.138592979	72.96544278
9.101767394	72.98773106
9.583263656	77.17761393
9.603612031	77.19989372
9.575136185	77.17761393
9.593318726	77.15532565
9.566674674	77.17761393
9.657902257	75.10495653
9.5552349	75.14953309
9.673480814	75.14953309
9.659599924	75.14953309
9.650414765	75.14953309
9.877849812	78.98282045
9.936234749	78.93825236
9.887730516	78.91596408
9.884042657	78.8936758
9.831747733	78.91596408
10.38558583	83.32870432
10.38870333	83.30642452
10.43431744	83.28413623
10.37084333	83.32870432
10.44066102	83.28413623
10.88935551	87.22885651
10.9063424	87.22885651
10.92896647	87.18428844
10.93536881	87.20657672
10.8934202	87.16200016
10.93999811	85.02248641
10.99616676	85.04477467
10.9548032	85.02248641
10.91911131	85.02248641
10.88904893	85.00019813
11.38929873	89.81410195
11.5103824	89.81410195
11.38790764	89.81410195
11.41922699	89.83639023
11.36585458	89.76953388
11.35308055	87.91974232
11.48050907	87.91974232
11.49098121	87.85288595
11.45175859	87.91974232
11.41580227	87.91974232
11.76685535	92.75593442
11.78173836	92.73364614
11.81947665	92.73364614
11.80706158	92.71135786
11.74036075	92.73364614
11.93555289	94.04855291
11.95480845	94.00398484
11.92529663	94.07084119
12.04767047	94.00398484
11.94123605	94.04855291
12.35798464	96.70065469
12.24375296	96.74523126
12.3634813	96.67837491
12.32626036	96.70065469
12.33207509	96.70065469
12.33295395	94.47199631
12.45224925	94.49428459
12.34075249	94.47199631
12.34274779	94.44971651
12.31387339	94.42742822
12.65082012	98.14928265
12.63450514	98.12700287
12.60562819	98.10471458
12.70734132	98.12700287
12.66445511	98.10471458
12.74181074	94.65057404
12.75483258	94.65057404
12.69050261	94.69514213
12.67676415	94.67285385
12.70430877	94.71743041
12.61652443	94.05106426
12.66405911	94.02877598
12.71271408	94.0064877
12.68605597	94.05106426
12.75816787	94.05106426
12.97336669	98.48609278
12.9271209	98.44151622
12.9924894	98.44151622
12.89910492	98.41922794
12.97379462	98.41922794
13.08959111	100.4918853
13.10828461	100.5141736
13.09897746	100.4918853
13.13909938	100.4918853
13.06678949	100.4918853
13.41507698	102.9656978
13.45197857	102.9211213
13.41610146	102.898833
13.42408778	102.9211213
13.40942448	102.898833
13.50923046	101.1381946
13.44472549	101.1381946
13.50007915	101.2050509
13.40961737	101.1604829
13.47584683	101.1604829
13.7782641	104.347461
13.79659354	104.3028929
13.76187248	104.347461
13.76956116	104.3028929
13.69658063	104.3251727
13.81546077	100.8930404
13.81158386	100.8484724
13.83624538	100.8261841
13.79743918	100.8484724
13.81376694	100.8484724
14.27830441	103.9240176
14.22872333	103.9463059
14.20877542	103.9240176
14.22226861	103.9017293
14.15485883	103.879441
14.57365126	105.8183772
14.57591098	105.7960889
14.69289674	105.7960889
14.60252054	105.7069443
14.68963298	105.7069443
14.80399239	106.3086855
14.84848431	106.2863972
14.88046534	106.3086855
14.8424026	106.2863972
14.93823202	106.3086855
15.22642414	107.6458805
15.23620904	107.6458805
15.29994246	107.6013039
15.21892324	107.5790157
15.26247626	107.5790157
15.24784106	106.4869747
15.34538093	106.509263
15.22080868	106.4869747
15.23467616	106.509263
15.26172004	106.4869747
15.3435057	103.366853
15.38060912	103.3222764
15.31733301	103.366853
15.29638234	103.366853
15.33141381	103.366853
15.61520784	106.3755418
15.5629902	106.3755418
15.62935507	106.3755418
15.61747778	106.3309652
15.58553379	106.3755418
15.67349697	106.5538311
15.78262287	106.5538311
15.6971123	106.509263
15.74514517	106.5538311
15.66676506	106.5315513
15.67433878	105.8629538
15.68042049	105.8629538
15.7855213	105.8406655
15.69728348	105.8406655
15.82194897	105.8183772
15.77483711	104.5444242
15.75368588	104.5444242
15.7033869	104.5444242
15.76696065	104.566704
15.6943429	104.5221359
15.72592666	103.8089619
15.76940943	103.8312501
15.69585406	103.8089619
15.71661823	103.7866736
15.8219528	103.8312501
16.10203214	107.9096916
16.16813898	107.8874118
16.20263139	107.9096916
16.1326553	107.8651235
16.15187254	107.9096916
16.37070173	108.7120103
16.42945711	108.7120103
16.42213505	108.689722
16.42677457	108.6674422
16.49221332	108.645154
16.50918361	105.7701863
16.49253778	105.747898
16.48467282	105.747898
16.48758274	105.747898
16.5378153	105.747898
16.74864284	107.5753928
16.74598968	107.5976811
16.6772003	107.5753928
16.77246	107.5308248
16.74938118	107.553113
17.02842965	108.0434128
16.99048059	108.0657011
16.98395052	108.0434128
16.98565712	108.0657011
16.91646409	108.0434128
17.27434488	108.7342986
17.36636764	108.689722
17.277311	108.7565869
17.33859948	108.7120103
17.25110382	108.689722
17.31006232	107.0850931
17.32078866	107.0405165
17.28852148	107.0628048
17.24894374	107.0405165
17.35342756	107.0628048
17.31394562	105.9484756
17.37231012	105.9484756
17.36412452	105.9261873
17.2697194	105.9707639
17.4377412	105.9484756
17.59185465	108.2217106
17.51590799	108.2217106
17.56454891	108.2439904
17.55465032	108.1994223
17.55438845	108.1994223
17.80142906	108.5782891
17.79804906	108.6005774
17.78643619	108.5560093
17.77962892	108.5560093
17.69656585	108.5114328
18.10277459	109.4697525
18.00133865	109.4251844
18.04602984	109.4028961
17.96175707	109.4028961
18.02277218	109.3806078
18.37825528	109.5366173
18.35432571	109.5366173
18.30060329	109.5143291
18.42434267	109.4920408
18.41984494	109.4920408
18.4558779	106.1267649
18.4833727	106.1267649
18.48025711	106.1490532
18.49761701	106.1936297
18.42964517	106.1044851
18.50009261	103.9649713
18.46275543	103.942683
18.55587421	103.9649713
18.5519628	103.9872596
18.54297628	103.9872596
18.4936494	104.0318277
18.60187473	103.9649713
18.51250385	103.9872596
18.57788384	103.9649713
18.44612621	104.0318277
18.73047463	107.9988447
18.74367147	108.0434128
18.71250924	107.9765564
18.83795523	107.9765564
18.80669976	107.9542682
19.07858201	109.5366173
19.05488237	109.4697525
19.08987552	109.5589056
19.02994748	109.5143291
19.03035242	109.4920408
19.28771061	109.8709161
19.27235368	109.9154842
19.26406334	109.8263395
19.28408279	109.8486278
19.20187686	109.8040512
19.5566906	110.2720712
19.59834158	110.2497829
19.6027039	110.2497829
19.59568841	110.2720712
19.65127201	110.2720712
19.63925038	107.9319799
19.62756342	107.9096916
19.64929459	107.9319799
19.68750807	107.9096916
19.59887297	107.9096916
19.89315319	110.0937819
19.77834413	110.0937819
19.9216482	110.0714936
19.82305065	110.0492053
19.88327888	110.0046373
20.05807729	104.6781369
19.96609285	104.6335688
20.04568011	104.6112806
19.97575256	104.6112806
20.00109878	104.6781369
19.96202816	103.72288
19.97079497	103.7897449
20.05401899	103.7674566
20.01509527	103.7451683
19.97648835	103.7674566
20.03287287	103.6114471
20.04463775	103.6114471
19.93967618	103.6114471
20.00941594	103.5891589
20.06722988	103.6337354
19.67281539	95.90028738
19.62422046	95.92257566
19.6458571	95.87800757
19.68290559	95.94486394
19.64710257	95.90028738
19.44258539	89.90519799
19.35017429	89.92748627
19.42158873	89.8606299
19.45316483	89.74919699
19.42323786	89.72690871
19.37624479	91.33153766
19.32858748	91.33153766
19.40004918	91.30925786
19.44729773	91.33153766
19.39014165	91.28696957
19.46583155	91.26468129
19.41488109	91.24239301
19.41211424	91.22010473
19.42136135	91.24239301
19.39060662	91.28696957
18.93895047	82.21632651
19.02339952	82.26090308
18.99267673	82.23861479
18.94489678	82.21632651
18.90840396	82.23861479
18.54333267	75.82008199
18.51333416	75.79779371
18.56849238	75.86465008
18.57076233	75.82008199
18.56210282	75.82008199
18.5466041	77.20184511
18.53787944	77.20184511
18.50295527	77.24642167
18.5605495	77.20184511
18.5897624	77.20184511
18.32554584	72.12050735
18.24298224	72.14279564
18.20150755	72.07593081
18.29695886	72.05364253
18.27780166	72.03136272
18.02189716	68.3094998
18.05037301	68.33178808
18.0232065	68.33178808
18.03641611	68.35407212
18.06201908	68.3094998
18.04012441	68.77751977
18.00158008	68.79980381
17.99695461	68.79980381
18.03583617	68.75523149
17.98031517	68.75523149
17.30440215	59.50629915
17.35074246	59.3502939
17.41574051	59.57315974
17.36559226	59.68459266
17.40025329	59.77373731
16.96913137	55.00441003
16.98377551	55.07127062
17.05324319	55.07127062
17.04443167	55.11584294
17.01700329	55.11584294
17.02571518	56.74276443
16.98311637	56.80962077
17.00248179	56.80962077
17.10108956	56.83190906
17.02183698	56.83190906
16.63527085	49.70020218
16.62978697	49.70020218
16.67426611	49.70020218
16.58831994	49.74477452
16.57417527	49.74477452
16.26695369	46.95895152
16.26028821	46.93666748
16.31553584	46.95895152
16.21646693	46.93666748
16.22981578	46.93666748
16.21924911	47.49383208
16.29744528	47.49383208
16.31112498	47.49383208
16.28488331	47.49383208
16.31602637	47.4715438
16.3107673	48.13846989
16.24056384	48.16075818
16.26937948	48.16075818
16.25925862	48.18304223
16.3386581	48.13846989
16.30514801	48.71792278
16.28804104	48.69563449
16.23907311	48.67334621
16.27264963	48.67334621
16.30998681	48.69563449
15.66252664	39.22383631
15.66451045	39.22383631
15.59808299	39.22383631
15.63310552	39.24612459
15.64031901	39.22383631
15.22381824	35.43511704
15.23862461	35.43511704
15.2720159	35.41283087
15.29574492	35.41283087
15.25222255	35.47968935
14.80104543	30.46520797
14.81882559	30.46520797
14.86019297	30.48749625
14.81628739	30.53206856
14.81456673	30.53206856
14.79995453	31.84697744
14.81370065	31.84697744
14.83696853	31.84697744
14.88137485	31.86926361
14.81694014	31.84697744
14.39423503	27.16679481
14.42649071	27.16679481
14.42602957	27.16679481
14.48578771	27.14450865
14.41936153	27.14450865
14.15766656	24.38097181
14.14655061	24.40325798
14.18037366	24.44783029
14.19287431	24.42554413
14.14932896	24.40325798
14.13909441	25.250149
14.14001925	25.250149
14.10538505	25.250149
14.09415541	25.22786074
14.07055029	25.250149
14.14257916	25.87417208
14.16239678	25.89645825
14.15188887	25.89645825
14.14778969	25.89645825
14.12691311	25.87417208
14.12532913	25.87417208
14.09240281	25.89645825
14.05757189	25.89645825
14.10739312	25.91874653
14.13159989	25.89645825
13.50903374	19.09905013
13.52192145	19.09905013
13.53685044	19.12133842
13.59065334	19.12133842
13.54551123	19.12133842
12.49831492	11.03130759
12.51004402	10.96444804
12.52952313	11.00902142
12.53447051	11.03130759
12.50980643	11.05359376
12.05390036	7.554600371
12.06233888	7.599173753
12.00512276	7.554600371
12.01157748	7.599173753
12.02733168	7.554600371
11.95801984	8.802649186
11.9756812	8.780362505
11.98678566	8.780362505
11.93753287	8.802649186
11.92405117	8.802649186
11.32680439	3.743594687
11.27880857	3.765881367
11.27346392	3.743594687
11.25745935	3.765881367
11.3076357	3.743594687
11.23704774	4.612771608
11.27729996	4.612771608
11.29938624	4.590484928
11.303198	4.635057776
11.27444752	4.635057776
10.75883696	3.321263779
10.72762875	3.343550482
10.70504492	3.298977366
10.7744532	3.276690664
10.73379732	3.298977366
10.73055783	3.298977366
10.7745771	3.298977366
10.73293763	3.298977366
10.75295452	3.321263779
10.73920712	3.321263779
10.72944777	3.276690664
10.76031491	3.276690664
10.82271728	3.25440425
10.75999301	3.25440425
10.76132534	3.232117548
10.78155172	3.232117548
10.80709976	3.298977366
10.72092366	3.276690664
10.70518096	3.298977366
10.81823232	3.232117548
10.68052008	2.429800423
10.77351814	2.429800423
10.75798876	2.429800423
10.75236819	2.429800423
10.72307864	2.452087125
7.404167142	-8.780351363
7.415212199	-8.847210914
7.455571716	-8.824924211
7.364751624	-8.758064683
7.337477175	-8.780351363
6.520879396	-10.74157054
6.567079834	-10.74157054
6.535532475	-10.78614392
6.477125183	-10.74157054
6.509817094	-10.71928439
6.556094177	-9.850107181
6.495947063	-9.850107181
6.524242796	-9.916966732
6.508794534	-9.87239335
6.432098677	-9.850107181
4.8301356	-15.62233286
4.774152816	-15.62233286
4.839316607	-15.55547224
4.832731919	-15.57775948
4.771791539	-15.57775948
3.502495889	-20.32480166
3.4430935	-20.28022932
3.396192087	-20.30251549
3.496633571	-20.28022932
3.456753718	-20.25794104
2.457440982	-23.95751568
2.484672798	-23.95751568
2.488858366	-23.97980185
2.477908156	-23.9352274
2.483591318	-23.9352274
2.476369206	-22.28602188
2.399014688	-22.2637336
2.402738954	-22.28602188
2.464341188	-22.28602188
2.51232488	-22.28602188
1.528270073	-27.85766789
1.488432054	-27.81309344
1.469200128	-27.81309344
1.566799871	-27.79080729
1.475941617	-27.81309344
0.228359008	-33.40702559
0.230979598	-33.38473944
0.134258478	-33.36245327
0.208373893	-33.38473944
0.24097954	-33.3401671
-0.809551629	-38.2432156
-0.804353002	-38.22092732
-0.842886713	-38.22092732
-0.802768704	-38.22092732
-0.806510294	-38.2432156
-2.047929678	-44.03772743
-1.971393337	-44.03772743
-2.039384657	-43.99315511
-2.105391534	-44.01543915
-2.015434806	-44.01543915
-2.091989191	-42.05422315
-2.079545858	-42.00964659
-2.019199948	-42.00964659
-2.05782172	-41.98736255
-2.025520853	-42.03193487
-3.059118901	-49.20821406
-3.076590886	-49.18593003
-2.987054903	-49.16364174
-3.0365405	-49.11906941
-3.030412802	-49.16364174
-3.047250878	-47.35842673
-3.029206296	-47.35842673
-3.015860638	-47.29157038
-3.059195545	-47.31385441
-3.039848652	-47.35842673
-4.251942558	-54.89129298
-4.252848875	-54.84672064
-4.256708864	-54.82443236
-4.285043877	-54.77986004
-4.220177721	-54.80214832
-5.10674328	-59.68290851
-5.175549583	-59.68290851
-5.183835132	-59.66062448
-5.116571292	-59.6383362
-5.083615916	-59.61604792
-6.567491158	-66.72547076
-6.507588028	-66.74775479
-6.492582386	-66.74775479
-6.485115971	-66.74775479
-6.504352368	-66.68089844
-6.476581648	-65.81171912
-6.487908372	-65.78943509
-6.512337409	-65.81171912
-6.513157501	-65.78943509
-6.557662827	-65.76714681
-6.497536151	-65.43284803
-6.509985073	-65.41055975
-6.51304956	-65.38827571
-6.558546789	-65.36598743
-6.52025283	-65.38827571
-6.593872704	-63.13565763
-6.550094219	-63.15794591
-6.507573338	-63.18022995
-6.558332824	-63.18022995
-6.551176818	-63.13565763
-6.55487809	-63.13565763
-6.615444192	-63.11336935
-6.511935666	-63.18022995
-6.508459855	-63.09108532
-6.569238644	-63.18022995
-7.503656961	-72.40687826
-7.528489657	-72.36230169
-7.514145071	-72.36230169
-7.513904919	-72.34001341
-7.583633187	-72.34001341
-8.381149773	-77.17620554
-8.393838207	-77.17620554
-8.377926887	-77.2207821
-8.354360736	-77.13162897
-8.383376284	-77.13162897
-9.359824322	-83.66160316
-9.375049677	-83.63931488
-9.383381532	-83.57245853
-9.367651603	-83.57245853
-9.408373264	-83.50559368
-9.429329045	-80.67520261
-9.378983437	-80.71977068
-9.430008623	-80.71977068
-9.454553264	-80.6974824
-9.432632407	-80.67520261
-10.29245875	-88.23035287
-10.3279354	-88.18577631
-10.31405259	-88.18577631
-10.24172098	-88.20806459
-10.31580135	-88.09663168
-10.35204125	-86.06855084
-10.31591057	-86.04626256
-10.35010279	-86.09083912
-10.34635681	-86.06855084
-10.31674535	-86.06855084
-10.81319041	-90.43672299
-10.72452977	-90.45901128
-10.71933202	-90.43672299
-10.75872582	-90.43672299
-10.74894475	-90.43672299
-11.17796151	-93.17796943
-11.19345001	-93.15568963
-11.18122527	-93.15568963
-11.19230801	-93.11111306
-11.15989777	-93.13340135
-11.19962369	-91.06074397
-11.21266852	-91.03846416
-11.21400596	-91.08303222
-11.20962831	-91.03846416
-11.26671157	-91.06074397
-11.69473195	-95.6963585
-11.65882035	-95.65178194
-11.7006195	-95.62949366
-11.72441239	-95.62949366
-11.68735623	-95.60721387
-12.24226223	-98.88333663
-12.23556865	-98.7719037
-12.22527662	-98.81648026
-12.29873362	-98.79419198
-12.21748447	-98.74961542
-12.53934379	-100.6216953
-12.55831705	-100.5548304
-12.61147486	-100.599407
-12.5323679	-100.5325422
-12.58594214	-100.5548304
-12.81791963	-101.9143137
-12.7985325	-101.8697372
-12.84211618	-101.8474574
-12.8584631	-101.8251691
-12.88221383	-101.8028808
-12.95123059	-98.90562491
-12.9533894	-98.9279132
-12.90549321	-98.90562491
-12.93140403	-98.90562491
-12.89041986	-98.90562491
-12.90839674	-98.28160394
-12.97726787	-98.28160394
-12.8977547	-98.28160394
-12.90815531	-98.25931566
-12.97398623	-98.25931566
-13.18341118	-100.755408
-13.13573343	-100.7776963
-13.1174091	-100.7331282
-13.14397778	-100.7331282
-13.14355496	-100.755408
-13.28793588	-101.936602
-13.31510239	-101.936602
-13.34173495	-101.936602
-13.26352984	-101.8920255
-13.32999434	-101.9143137
-13.46228082	-103.0286429
-13.46464402	-102.9840664
-13.50517854	-103.0286429
-13.49869828	-103.0286429
-13.47597074	-102.9617866
-13.71745465	-104.0092509
-13.71551811	-103.9646829
-13.64838425	-104.0092509
-13.66495215	-103.9646829
-13.67431551	-103.9869627
-13.77375998	-99.39982745
-13.76115841	-99.37754764
-13.77312384	-99.37754764
-13.77816957	-99.35525936
-13.75593767	-99.37754764
-13.79861567	-99.33297108
-13.80128289	-99.3106828
-13.77856557	-99.35525936
-13.7905361	-99.28839452
-13.7814295	-99.33297108
-14.29980819	-106.4869662
-14.29720868	-106.5092545
-14.33508621	-106.4423897
-14.35343225	-106.464678
-14.28719002	-106.4201014
-14.94255347	-109.2059244
-14.97000484	-109.1836446
-14.90025869	-109.139068
-14.98040673	-109.1613563
-14.9131464	-109.139068
-15.00981252	-104.7708959
-14.96215904	-104.7708959
-15.03079002	-104.7486076
-15.00029588	-104.7040395
-15.01664534	-104.7486076
-15.66059138	-108.7156246
-15.68125847	-108.6710481
-15.63864561	-108.6487598
-15.63946954	-108.62648
-15.67980734	-108.6041917
-15.71311687	-104.9029457
-15.77196168	-104.8806574
-15.78372783	-104.8806574
-15.70962062	-104.8360893
-15.76059535	-104.8806574
-15.89529484	-107.599624
-15.95063701	-107.5773358
-15.91230345	-107.5773358
-15.84104997	-107.5773358
-15.91598237	-107.599624
-16.17542272	-109.8059941
-16.21392745	-109.8951388
-16.17535374	-109.8059941
-16.15990868	-109.8505707
-16.26248534	-109.8505707
-16.22168256	-107.4881911
-16.22251926	-107.5104794
-16.24041183	-107.4659028
-16.2713454	-107.4659028
-16.27696469	-107.4659028
-16.48662596	-109.3602625
-16.48849353	-109.404839
-16.45911072	-109.3825508
-16.47439867	-109.3602625
-16.46415519	-109.3602625
-16.88999887	-110.7197458
-16.93011824	-110.7197458
-16.98497882	-110.7197458
-16.91201362	-110.7197458
-16.94193165	-110.6751692
-16.98811229	-108.6248086
-16.95127713	-108.6470884
-16.99967789	-108.6248086
-17.03796802	-108.6693767
-16.93556891	-108.6248086
-17.20102711	-111.7672101
-17.30515709	-111.6780655
-17.23874879	-111.7226421
-17.18402744	-111.6557772
-17.24154758	-111.7003538
-17.6866315	-112.2352301
-17.5907497	-112.2129418
-17.60707617	-112.2129418
-17.62018998	-112.190662
-17.61452598	-112.1683737
-17.74227896	-108.1567886
-17.67916636	-108.0899238
-17.67710974	-108.1567886
-17.68649609	-108.1567886
-17.6993838	-108.1567886
-17.88254154	-108.9813872
-17.89404199	-108.9813872
-17.83508733	-108.9813872
-17.86597236	-108.9591073
-17.86749502	-108.9591073
-17.85573015	-107.5773358
-17.92980286	-107.5327592
-17.91783743	-107.599624
-17.85439015	-107.5327592
-17.90316647	-107.599624
-18.07270072	-110.2517258
-18.06620257	-110.2071493
-18.02548666	-110.2071493
-18.05946044	-110.2071493
-18.06734968	-110.1848695
-18.26355225	-111.366055
-18.26141132	-111.3883433
-18.22001583	-111.3437667
-18.27511784	-111.366055
-18.26971826	-111.3437667
-18.60462498	-112.1237972
-18.60630476	-112.1015089
-18.55188105	-112.1237972
-18.61573327	-112.0569408
-18.56801336	-112.0569408
-19.0011063	-112.7478266
-18.98911788	-112.7701064
-19.07607958	-112.7255383
-18.99828835	-112.7255383
-18.96103675	-112.7032501
-19.08507122	-109.2711178
-19.10659544	-109.2934061
-19.00157128	-109.2934061
-19.06566109	-109.2488295
-19.08678932	-109.2711178
-19.38770437	-111.3214785
-19.40357098	-111.3214785
-19.3949153	-111.2546221
-19.41710122	-111.2769104
-19.38764688	-111.2546221
-19.68581296	-112.8369713
-19.64765313	-112.8592596
-19.68713251	-112.8369713
-19.71586512	-112.8592596
-19.65338355	-112.814683
-19.97503339	-113.3718476
-19.97717559	-113.3495593
-19.94802528	-113.3495593
-19.93650439	-113.3049912
-19.9540891	-113.3049912
-20.25064821	-113.5278571
-20.28878504	-113.5278571
-20.24373107	-113.5055688
-20.26461787	-113.5055688
-20.28578954	-113.4832805
-20.30901782	-110.6974575
-20.37545677	-110.7420341
-20.36433699	-110.6974575
-20.28002462	-110.6751692
-20.3414485	-110.6528809
-20.38180802	-108.3573662
-20.38078865	-108.3796545
-20.42822881	-108.3350779
-20.36656094	-108.3350779
-20.42690669	-108.3350779
-20.42273087	-107.1538924
-20.49045872	-107.1761806
-20.44337496	-107.1984604
-20.39523223	-107.2207487
-20.4512642	-107.1761806
-20.44934171	-106.2409722
-20.48937932	-106.1964041
-20.45566357	-106.1964041
-20.47443882	-106.1964041
-20.47915116	-106.2409722
-20.45668677	-106.4192699
-20.47803471	-106.4192699
-20.45152862	-106.4192699
-20.44188168	-106.4192699
-20.41921162	-106.4192699
-20.33375854	-100.1790264
-20.2586077	-100.1790264
-20.23791762	-100.1790264
-20.26993187	-100.1567381
-20.2459793	-100.1790264
-19.96117102	-94.31764974
-19.96143416	-94.31764974
-19.99604026	-94.33993802
-19.94856434	-94.3622263
-19.97559672	-94.3622263
-19.73068426	-91.041527
-19.80929558	-91.01923872
-19.75877433	-91.041527
-19.7862257	-91.01923872
-19.83916891	-91.01923872
-19.78221593	-91.44268211
-19.79142473	-91.42039383
-19.78091298	-91.48725867
-19.76474746	-91.39811404
-19.76676703	-91.48725867
-19.27773027	-82.77320265
-19.32587172	-82.75091436
-19.23787277	-82.77320265
-19.27471304	-82.75091436
-19.27907537	-82.75091436
-19.23548658	-83.53094481
-19.20449042	-83.53094481
-19.21453719	-83.53094481
-19.27836003	-83.55323309
-19.22564165	-83.53094481
-18.88905515	-77.5581437
-18.88447311	-77.58043198
-18.86394015	-77.5581437
-18.86332188	-77.58043198
-18.89815536	-77.58043198
-18.46623507	-71.56305431
-18.5527318	-71.58533409
-18.47432103	-71.60762238
-18.41067064	-71.60762238
-18.47561759	-71.62991066
-18.23375557	-69.17838641
-18.24770096	-69.17838641
-18.21564839	-69.17838641
-18.21738183	-69.22295875
-18.25679862	-69.26753106
-18.20084075	-69.49039691
-18.22802897	-69.53497347
-18.20795715	-69.51268519
-18.19797553	-69.51268519
-18.29202681	-69.51268519
-17.71393596	-60.75405683
-17.67194265	-60.77634511
-17.68110929	-60.79862914
-17.64682382	-60.8432057
-17.6428958	-60.93235036
-17.42238811	-57.27735228
-17.37445104	-57.23277572
-17.32456466	-57.27735228
-17.39841894	-57.255064
-17.35072074	-57.23277572
-17.39224525	-59.35000118
-17.29597129	-59.32771715
-17.28565499	-59.39457775
-17.32535665	-59.35000118
-17.30945172	-59.32771715
-16.80691537	-51.95085615
-16.80784021	-51.95085615
-16.81412119	-51.95085615
-16.80186835	-51.97314443
-16.80499671	-51.95085615
-16.30291384	-46.15634432
-16.29855151	-46.15634432
-16.34386351	-46.1786326
-16.32469993	-46.1786326
-16.32747444	-46.1786326
-16.35630796	-47.2929618
-16.31792459	-47.33753412
-16.25194549	-47.2929618
-16.33603687	-47.33753412
-16.29616532	-47.2929618
-16.35405335	-48.07187655
-16.27525297	-48.02730423
-16.29351343	-48.07187655
-16.31728844	-48.02730423
-16.30225853	-48.04959251
-15.52153084	-38.13206266
-15.50474705	-38.06520204
-15.54876377	-38.13206266
-15.52505902	-38.10977438
-15.55436007	-38.15434669
-15.10927488	-34.09818926
-15.11934591	-34.07590309
-15.11189611	-34.12047541
-15.07984098	-34.12047541
-15.09600778	-34.14276158
-15.07095537	-35.59138953
-15.08884539	-35.54681722
-15.11318756	-35.59138953
-15.02475429	-35.59138953
-15.09730434	-35.61367782
-14.54114265	-29.12828017
-14.51254673	-29.10599402
-14.5162282	-29.12828017
-14.53413738	-29.12828017
-14.575271	-29.17285462
-13.93842221	-24.24751998
-13.93211568	-24.26980615
-14.01491177	-24.2920923
-13.96023385	-24.24751998
-13.95390433	-24.2920923
-13.9171573	-25.29498859
-13.91081245	-25.29498859
-13.94502766	-25.31727475
-13.9844419	-25.29498859
-13.92826176	-25.29498859
-13.082034	-17.7621234
-13.14414001	-17.78440957
-13.09992785	-17.78440957
-13.12319062	-17.78440957
-13.1661241	-17.80669679
-13.07533275	-18.85416539
-13.13287588	-18.87645156
-13.10871127	-18.85416539
-13.11167995	-18.92102599
-13.0731535	-18.85416539
-12.26229062	-12.19047742
-12.24287922	-12.2350508
-12.23021122	-12.21276359
-12.24591816	-12.2350508
-12.30712488	-12.2350508
-11.4061515	-6.975416339
-11.32751718	-7.019989722
-11.32403499	-6.997703042
-11.38287979	-7.042276424
-11.33185524	-7.042276424
-10.74151794	-4.434745883
-10.74151794	-4.434745883
-10.75160942	-4.479319266
-10.76143391	-4.501605412
-10.78062433	-4.479319266
-10.7697728	-5.682794698
-10.75800792	-5.682794698
-10.75994319	-5.727367547
-10.82685478	-5.705081378
-10.74560052	-5.727367547
-10.73511816	-6.017093454
-10.72959084	-5.994806752
-10.71612446	-6.039380134
-10.76994908	-6.017093454
-10.79235726	-6.017093454
-10.11746361	-2.67410585
-10.11296396	-2.65181917
-10.12196262	-2.696392286
-10.12196262	-2.696392286
-10.11746361	-2.67410585
-9.865503082	-1.426057036
-9.856504424	-1.38148392
-9.861003434	-1.403770489
-9.856504424	-1.38148392
-9.870002092	-1.448343605
-9.177111121	1.98379023
-9.138766067	1.961503661
-9.119992727	1.961503661
-9.087938878	1.961503661
-9.124157697	1.961503661
-8.284879645	3.254125592
-8.361563367	3.276412272
-8.373203054	3.298698707
-8.298627046	3.254125592
-8.337359153	3.254125592
-8.319232179	2.630101195
-8.359320249	2.563241377
-8.329278308	2.630101195
-8.34096462	2.60781476
-8.317237516	2.60781476
-8.461649733	1.404339061
-8.514901431	1.359765945
-8.511076889	1.382052514
-8.527876003	1.404339061
-8.576257606	1.404339061
-8.499883654	1.916930546
-8.467366746	1.916930546
-8.484353638	1.916930546
-8.47047211	1.916930546
-8.46907591	1.894643999
-7.693379906	2.943506276
-7.583757734	3.010366072
-7.653376145	3.054939187
-7.674561858	2.988079392
-7.668678783	2.988079392
-7.555808816	3.032652774
-7.652294186	3.010366072
-7.573369262	2.988079392
-7.62070084	3.010366072
-7.603998808	3.054939187
-7.575139741	3.011759099
-7.599464669	3.011759099
-7.629877696	3.034045512
-7.564433196	3.011759099
-7.62127567	3.011759099
-7.560634202	2.209441974
-7.578592559	2.164868725
-7.643410493	2.120295609
-7.596513871	2.187155405
-7.613688541	2.164868725
-7.571625608	2.254015089
-7.580589777	2.343161587
-7.602833178	2.276301769
-7.610387095	2.320874885
-7.571117202	2.298588205
-6.341944111	5.418709964
-6.365873045	5.418709964
-6.358009997	5.418709964
-6.369488093	5.374137093
-6.344834872	5.374137093
-4.58012822	10.12117874
-4.529492003	10.09889259
-4.546729905	10.07660642
-4.575031386	10.09889259
-4.559401094	10.03203304
-4.528159992	9.207429235
-4.591557136	9.229715381
-4.531748853	9.252002617
-4.50709659	9.252002617
-4.581973108	9.229715381
-4.554397511	8.761697545
-4.509384417	8.761697545
-4.564793008	8.806270928
-4.476206135	8.761697545
-4.572307965	8.761697545
-3.390619102	13.39730681
-3.34652478	13.37502064
-3.356694497	13.35273343
-3.363387764	13.39730681
-3.380695923	13.37502064
-2.025280861	17.38660576
-2.108145133	17.34203238
-2.077089095	17.36431855
-2.013440302	17.36431855
-2.113167719	17.34203238
-0.805098605	21.68791625
-0.780972792	21.68791625
-0.830733669	21.6656301
-0.809724238	21.68791625
-0.786966682	21.64334393
-0.786048629	20.06099478
-0.717640157	20.06099478
-0.73159777	20.08328306
-0.824383943	20.06099478
-0.718113354	20.08328306
0.117050365	24.78575186
0.040454786	24.76346569
0.120664575	24.83032418
0.103565949	24.78575186
0.086778611	24.78575186
0.912514385	28.99791665
0.926658978	28.99791665
0.967590612	28.9533422
0.93975666	28.97562837
0.958415512	28.93105606
1.922088492	32.58605625
1.887143403	32.5414818
1.914451065	32.51919565
1.921590465	32.51919565
1.951002807	32.51919565
2.550427228	35.81761092
2.511705819	35.79532264
2.528219115	35.81761092
2.527172284	35.79532264
2.545018389	35.79532264
3.457949367	39.98520128
3.47514735	39.96291722
3.491350236	39.94062894
3.451095785	39.94062894
3.447680651	39.89605663
4.365761954	43.95221406
4.361533753	43.95221406
4.328647038	43.88535346
4.414154414	43.92992578
4.336447813	43.88535346
4.399463652	41.79041627
4.440091424	41.83498859
4.36217469	41.81270031
4.411228206	41.79041627
4.410755567	41.81270031
5.365589324	49.23413362
5.345638539	49.21184959
5.3480177	49.21184959
5.356279937	49.21184959
5.417285146	49.21184959
5.429554592	46.93861462
5.402135796	46.91633059
5.356199141	46.91633059
5.419970883	46.93861462
5.37965352	46.93861462
5.38312486	46.42602659
5.456755591	46.42602659
5.365080279	46.42602659
5.423765406	46.44831062
5.405907326	46.4705989
6.619885719	54.85035194
6.639865564	54.80577961
6.628895235	54.80577961
6.613966876	54.78349557
6.727992254	54.76120729
7.470638673	59.59739517
7.582680245	59.57511113
7.52392039	59.57511113
7.527680423	59.59739517
7.521749445	59.55282285
8.993386217	66.32794269
8.945629265	66.26108632
9.044684129	66.30565863
8.9184998	66.32794269
9.013026274	66.30565863
9.09743764	62.13444548
9.016602361	62.13444548
9.065455963	62.1121572
9.117725977	62.13444548
9.077145469	62.13444548
9.071129544	61.84471904
9.049692822	61.88929136
9.113541208	61.88929136
9.046190824	61.88929136
9.05351928	61.91157964
9.526801847	68.61983888
9.575228797	68.66441544
9.571282902	68.61983888
9.612196173	68.61983888
9.572155367	68.59755485
9.925804123	70.75935263
9.867703407	70.75935263
9.988506041	70.80392494
9.913454839	70.73706435
9.927125596	70.75935263
10.22124486	72.14112424
10.31933784	72.11883596
10.21139545	72.14112424
10.27155342	72.11883596
10.21305863	72.11883596
10.32680681	70.09075512
10.28145329	70.1130434
10.29076364	70.13532743
10.26229737	70.09075512
10.29988492	70.13532743
11.41846693	77.95791587
11.41134031	77.93563607
11.38675032	77.93563607
11.44251019	77.84648294
11.45010052	77.86877122
12.44486075	82.66038678
12.38084503	82.59353041
12.44964973	82.59353041
12.44298808	82.57124213
12.44319247	82.54895387
13.79824906	87.96459886
13.76711621	87.96459886
13.79878812	87.94231057
13.74934755	87.94231057
13.77632756	87.92002229
13.87068925	84.91133347
13.8482057	84.93362175
13.79558312	84.95591003
13.77286708	84.91133347
13.90201115	84.93362175
14.10689622	89.10120784
14.24807086	89.10120784
14.170157	89.07892806
14.18622033	89.07892806
14.1264162	89.05663977
14.38698194	90.21553704
14.36636723	90.19325726
14.43317152	90.23782532
14.30820711	90.19325726
14.3881942	90.17096898
14.75804424	91.44129918
14.7778197	91.41901937
14.70027757	91.44129918
14.83838261	91.37444281
14.74496876	91.41901937
14.84008028	89.23492906
14.79158627	89.19036097
14.76645977	89.21264078
14.83713459	89.16807269
14.80467069	89.19036097
14.79777145	88.96749515
14.77980095	88.94520686
14.88997305	88.96749515
14.76986532	88.98977493
14.81787392	88.94520686
15.03324902	91.664165
14.92215208	91.64188521
14.95718483	91.64188521
15.01673349	91.64188521
15.01409054	91.64188521
15.35097595	93.44709174
15.22966108	93.51395658
15.28717738	93.4916683
15.23616561	93.44709174
15.33656685	93.44709174
15.53479538	94.49456457
15.45591069	94.42770822
15.54539271	94.449988
15.50951432	94.42770822
15.54036996	94.449988
15.84184195	95.49746086
15.84139742	95.45288429
15.83981344	95.45288429
15.80451882	95.45288429
15.87796305	95.43060449
15.99391156	96.29977956
16.02160563	96.29977956
16.08069187	96.29977956
15.97831959	96.27749128
15.98819007	96.23291472
16.32734032	97.28038757
16.27523253	97.32496413
16.43290227	97.25809929
16.3334859	97.28038757
16.32457346	97.25809929
16.43826608	95.20773864
16.34005685	95.18545036
16.40033746	95.18545036
16.40126102	95.18545036
16.44910611	95.20773864
16.42681928	93.4916683
16.39761915	93.44709174
16.4458398	93.38023536
16.3954169	93.51395658
16.45299325	93.4916683
16.7452986	97.70383095
16.69507243	97.68154267
16.79401872	97.68154267
16.66242076	97.68154267
16.71273124	97.65926289
16.93924783	98.70672724
16.89802351	98.66215916
16.95816871	98.66215916
16.91588159	98.63987087
16.90772794	98.68443896
17.29472966	100.1776435
17.24579494	100.22222
17.26705985	100.2667881
17.25816147	100.1999318
17.25791238	100.1776435
17.64274635	101.358829
17.61777058	101.3365492
17.7198299	101.314261
17.6287473	101.314261
17.62533408	101.2696844
17.68110801	98.52843796
17.74146142	98.50614968
17.62473753	98.50614968
17.71839538	98.50614968
17.73042339	98.50614968
17.83198835	100.1999318
17.84753178	100.1776435
17.94296393	100.1999318
17.79301865	100.1330669
17.89498727	100.1776435
18.14560077	101.4256939
18.22792039	101.358829
18.0764269	101.3811173
18.16809838	101.3811173
18.17789477	101.3365492
18.40815288	102.4508784
18.45209551	102.4731582
18.41120076	102.4285902
18.40189489	102.4063019
18.43148335	102.4508784
18.72818935	103.5206311
18.72829282	103.4314864
18.72463562	103.4760545
18.61454656	103.4314864
18.75041232	103.3423418
18.84324751	99.62047888
18.76213887	99.64276716
18.77001405	99.62047888
18.82096451	99.64276716
18.84924491	99.66505545
19.05827132	102.8297453
19.00732342	102.807457
19.04803933	102.807457
18.94783608	102.807457
19.02143232	102.7406006
19.34339129	104.3898062
19.35952488	104.3675179
19.29858641	104.3675179
19.38460539	104.3006615
19.30600173	104.3452381
20.14094364	105.2812695
20.1168314	105.2589812
20.15252201	105.2589812
20.02879668	105.2589812
20.13192263	105.2144131
20.14621037	103.008043
20.15369722	102.9634665
20.2036347	103.0303228
20.21138981	102.9857548
20.17437453	102.9857548
20.26287933	98.77359209
20.22480509	98.77359209
20.32686568	98.75130381
20.24337723	98.77359209
20.30003257	98.75130381
20.27942935	98.1264429
20.31821511	98.14873118
20.25490962	98.1264429
20.35000965	98.14873118
20.2721405	98.17101097
20.28017663	98.37159703
20.30838039	98.41616509
20.33927564	98.34930875
20.18380176	98.39387681
20.25603118	98.41616509
19.85550177	89.14494447
19.81352889	89.14494447
19.89086026	89.14494447
19.87573198	89.12266466
19.7897245	89.16723275
19.90233771	89.34553051
19.83582211	89.3900986
19.85136682	89.36781031
19.86377295	89.41238688
19.80786361	89.3900986
19.4552189	81.79037175
19.47009935	81.76809196
19.36679713	81.76809196
19.4254682	81.81266003
19.3887199	81.81266003
19.22637487	78.44738417
19.26450022	78.46967245
19.16477216	78.44738417
19.22914173	78.46967245
19.19622563	78.46967245
18.78514616	72.34086184
18.7623292	72.36315013
18.7847821	72.40772669
18.71590202	72.4300065
18.66209913	72.4300065
18.71904827	73.7894898
18.73730617	73.76720152
18.67998787	73.7894898
18.73047463	73.81177808
18.74964332	73.81177808
18.27231906	67.57153456
18.33477252	67.59382285
18.32697142	67.59382285
18.23020694	67.59382285
18.30100823	67.57153456
18.27104165	68.06183857
18.30380829	68.10641513
18.31401218	68.03955454
18.23515049	68.06183857
18.35061869	68.06183857
17.89698895	61.01928057
17.79386173	61.06385291
17.83286848	61.04156463
17.83548332	61.10842522
17.80099475	61.21985814
17.31939118	54.9350423
17.42917367	54.9350423
17.37522515	54.97961464
17.38185103	54.9350423
17.37294115	54.91275402
17.00210495	50.56687015
17.07526177	50.58915843
17.02642924	50.56687015
17.00070875	50.58915843
17.03535317	50.56687015
16.81270966	48.24906712
16.75541946	48.22677884
16.73846706	48.29363943
16.73921434	48.24906712
16.69802451	48.2713554
16.48082145	43.88089497
16.42556232	43.88089497
16.48318081	43.92547153
16.47961303	43.92547153
16.41100504	43.92547153
16.34927459	44.9283678
16.48944647	44.97294013
16.43659013	44.9283678
16.43261485	44.95065185
16.42864852	44.95065185
16.40105408	45.30723889
16.44500948	45.30723889
16.43510451	45.28495061
16.37288609	45.32952292
16.44587045	45.30723889
16.43607661	46.19870225
16.42833555	46.22098628
16.38410551	46.24327456
16.34367573	46.19870225
16.41022455	46.22098628
15.76620698	37.61836741
15.796719	37.52921854
15.79279099	37.59607913
15.7188358	37.5737951
15.77852114	37.5737951
15.5433297	34.20851921
15.4319543	34.23080538
15.46837814	34.20851921
15.46091045	34.20851921
15.43936323	34.20851921
14.69252246	26.8539465
14.76974397	26.80937418
14.76458582	26.80937418
14.69344858	26.8539465
14.80179909	26.80937418
14.34016005	23.15437399
14.29448271	23.15437399
14.28786576	23.17666016
14.39270343	23.15437399
14.28463777	23.15437399
14.23365921	24.35784996
14.31072743	24.35784996
14.28667522	24.33556167
14.30207047	24.35784996
14.29617526	24.3801361
14.22758644	24.78129334
14.30823266	24.75900719
14.23303711	24.71443486
14.26856294	24.78129334
14.36096637	24.78129334
13.67341877	18.318184
13.66246505	18.27361166
13.68638057	18.29589783
13.7322738	18.25132552
13.62290391	18.34047228
13.06104884	13.6825758
13.08048834	13.66028859
13.0385193	13.66028859
13.09130922	13.70486197
13.12052212	13.70486197
12.43872667	9.559557775
12.46680524	9.581843921
12.44900592	9.626417304
12.40255831	9.581843921
12.38893609	9.60413009
11.75091081	5.25824673
11.61798053	5.280533432
11.69893844	5.302819579
11.66887861	5.280533432
11.66193721	5.280533432
11.66551138	6.2834297
11.64988364	6.350289251
11.68116594	6.305715869
11.72003856	6.2834297
11.62080997	6.328002549
11.11085191	2.806722505
11.11377972	2.762149123
11.10793305	2.829008918
11.04349067	2.829008918
11.14945117	2.806722505
11.0828206	4.033877378
11.12360933	4.011590943
11.09145712	4.078450494
11.06445284	4.011590943
11.10891537	4.056164058
11.1704836	6.330231286
11.11062326	6.285657903
11.19574422	6.307944583
11.12913026	6.285657903
11.1461427	6.374804668
11.03858545	3.477548487
11.06693994	3.477548487
11.09212392	3.477548487
11.05850015	3.432975372
10.9939939	3.432975372
11.00618287	2.920383886
11.00142327	2.920383886
10.96308843	2.920383886
11.03781645	2.831237655
10.9557587	2.898097451
10.94959013	2.942670567
11.03804	2.920383886
11.01581831	2.942670567
10.99767409	2.875810771
11.02443183	2.898097451
10.86260799	3.917708623
10.83358286	3.939995303
10.82466021	3.939995303
10.896196	3.895421921
10.86299504	3.939995303
10.78898875	4.185147583
10.8513247	4.162861148
10.88475048	4.207434264
10.8443092	4.185147583
10.84220277	4.162861148
10.83708166	4.096001352
10.83022585	4.051428237
10.83860177	4.096001352
10.7750919	4.07371465
10.8630653	4.07371465
10.77580724	3.360544023
10.78321106	3.360544023
10.75757616	3.33825732
10.78465708	3.382830703
10.804757	3.360544023
7.754579599	-6.289546894
7.745856221	-6.289546894
7.722542356	-6.244973512
7.707983166	-6.289546894
7.747597959	-6.311833575
7.739416837	-5.842700592
7.726571282	-5.820414423
7.687375478	-5.820414423
7.771426616	-5.798127743
7.777752311	-5.842700592
5.29348413	-10.61202998
5.227298098	-10.58974277
5.285637688	-10.5674566
5.323752171	-10.54517046
5.291298495	-10.54517046
5.24869554	-9.943432472
5.275265822	-9.943432472
5.26720286	-9.943432472
5.195554976	-9.943432472
5.2552154	-9.921145236
3.410327818	-15.42593169
3.466287608	-15.40364554
3.477831491	-15.38135831
3.41946763	-15.38135831
3.436015415	-15.40364554
1.478783677	-21.68846138
1.478783677	-21.68846138
1.469199489	-21.68846138
1.499471203	-21.68846138
1.510797608	-21.71074966
1.505667242	-20.41812693
1.47211005	-20.37355461
1.519613119	-20.41812693
1.455561945	-20.35126633
1.52745509	-20.39584078
0.356203719	-25.90062617
0.386037324	-25.92291232
0.431553634	-25.90062617
0.42177081	-25.90062617
0.409784348	-25.87834
-1.370887434	-33.29977332
-1.426847065	-33.32205948
-1.375466601	-33.34434563
-1.393118382	-33.27748503
-1.404199525	-33.29977332
-2.457921445	-38.38111532
-2.486431781	-38.35882704
-2.475327006	-38.35882704
-2.495378705	-38.33653875
-2.462088809	-38.31425472
-3.733632208	-44.06419423
-3.793957519	-44.01961767
-3.719906842	-44.04190595
-3.692037123	-44.01961767
-3.71620557	-44.04190595
-3.748253032	-42.48184506
-3.774604559	-42.43727275
-3.769137917	-42.48184506
-3.803777228	-42.41498447
-3.748690542	-42.50413334
-3.763094528	-42.25897922
-3.792704069	-42.25897922
-3.833198671	-42.2812675
-3.773093392	-42.30355155
-3.77505644	-42.25897922
-4.640084682	-48.6998003
-4.627682066	-48.67751627
-4.637705201	-48.6998003
-4.600251773	-48.67751627
-4.615939867	-48.65522798
-5.788454109	-54.60574506
-5.849659551	-54.60574506
-5.806524238	-54.58346101
-5.803482744	-54.58346101
-5.787179262	-54.56117272
-6.963331864	-60.44483345
-6.972498501	-60.40025689
-6.942665415	-60.42254517
-6.927621452	-60.40025689
-7.016055995	-60.40025689
-8.221933743	-66.43992284
-8.28049624	-66.43992284
-8.238480571	-66.41763456
-8.223236055	-66.39535053
-8.230638599	-66.39535053
-8.26840563	-64.30040907
-8.240338552	-64.27812504
-8.237934481	-64.30040907
-8.295393941	-64.27812504
-8.264067572	-64.27812504
-8.29584678	-62.71472135
-8.32177868	-62.69243307
-8.28672613	-62.71472135
-8.30307496	-62.69243307
-8.302213991	-62.69243307
-8.28133677	-62.5587161
-8.313989721	-62.5587161
-8.332908684	-62.60328842
-8.320731849	-62.5587161
-8.363204829	-62.58100014
-8.296297703	-62.53642782
-8.3248272	-62.5587161
-8.294360523	-62.5587161
-8.283254151	-62.5587161
-8.31592754	-62.53642782
-9.020971715	-70.44816514
-9.065389538	-70.44816514
-9.002464714	-70.44816514
-9.042541287	-70.42587686
-9.052985965	-70.42587686
-10.46545411	-77.31242961
-10.44584216	-77.35700617
-10.38791964	-77.31242961
-10.38877933	-77.31242961
-10.44714319	-77.31242961
-10.47037275	-74.77176073
-10.50956919	-74.77176073
-10.435515	-74.79404901
-10.45100606	-74.77176073
-10.47777529	-74.77176073
-11.21765294	-80.9228596
-11.20547292	-80.87828304
-11.18588907	-80.83371497
-11.26101308	-80.85600325
-11.25167655	-80.81142669
-12.21756111	-86.13791854
-12.23474983	-86.13791854
-12.26590056	-86.11563029
-12.23933571	-86.04877392
-12.29857778	-86.09335048
-12.73296218	-87.63112306
-12.71557801	-87.63112306
-12.73799003	-87.56425824
-12.76345504	-87.60883478
-12.73604966	-87.58654652
-12.76061665	-84.77843524
-12.74493016	-84.80072352
-12.75865967	-84.75615543
-12.78782659	-84.80072352
-12.82221937	-84.77843524
-13.20323391	-89.16889567
-13.16881686	-89.21347224
-13.19605491	-89.14660739
-13.14379256	-89.19118396
-13.17254688	-89.12431911
-13.20121178	-86.38307267
-13.21601687	-86.38307267
-13.25107772	-86.36078439
-13.20859389	-86.40536095
-13.20227075	-86.38307267
-13.24124684	-86.71737143
-13.24386934	-86.67279486
-13.23664563	-86.69508315
-13.26235591	-86.69508315
-13.18720507	-86.69508315
-13.61101257	-91.37526579
-13.6232156	-91.39755408
-13.61775342	-91.37526579
-13.63996234	-91.37526579
-13.68398161	-91.37526579
-13.95691133	-92.75703738
-13.93100179	-92.75703738
-13.9292824	-92.75703738
-13.95021647	-92.71246082
-13.96935834	-92.7347491
-14.13850936	-93.55935611
-14.18943938	-93.58163592
-14.16574102	-93.55935611
-14.16703503	-93.58163592
-14.12195679	-93.58163592
-14.35729001	-94.31709827
-14.39714112	-94.38395462
-14.36949686	-94.33938655
-14.34204549	-94.36166634
-14.33052205	-94.31709827
-14.37726474	-91.73185283
-14.37398438	-91.7764294
-14.36677855	-91.7764294
-14.41423659	-91.7764294
-14.37398438	-91.7764294
-14.69808555	-94.71825338
-14.7270583	-94.69596509
-14.75340855	-94.65139703
-14.69916495	-94.69596509
-14.72509621	-94.67368531
-14.94190072	-95.94401551
-14.90616412	-95.92172723
-14.93905722	-95.94401551
-14.98673114	-95.92172723
-14.92489722	-95.89944742
-15.1514483	-97.12520953
-15.22834408	-97.10292127
-15.21138145	-97.08063299
-15.19000669	-97.10292127
-15.15081216	-97.10292127
-15.24129565	-95.09712872
-15.23651562	-95.05255215
-15.24653939	-95.07484044
-15.28181102	-95.09712872
-15.21518556	-95.09712872
-15.41558567	-97.50407638
-15.40163899	-97.43722003
-15.36244957	-97.43722003
-15.38139728	-97.39264347
-15.44937167	-97.37035519
-15.59974361	-97.81608685
-15.59626269	-97.79380707
-15.58125705	-97.79380707
-15.59736509	-97.74923051
-15.61322914	-97.74923051
-15.71328421	-98.77441505
-15.73137095	-98.79670334
-15.68737467	-98.77441505
-15.7010978	-98.79670334
-15.71787136	-98.75212677
-15.82055916	-99.28700309
-15.8255819	-99.28700309
-15.78440485	-99.28700309
-15.80990052	-99.24243503
-15.8421332	-99.26471481
-15.88459149	-96.47889183
-15.91942241	-96.47889183
-15.90547446	-96.47889183
-15.89000768	-96.47889183
-15.85559957	-96.45661202
-16.27045888	-99.39843603
-16.2567332	-99.37614774
-16.32120368	-99.35386794
-16.30857784	-99.35386794
-16.31333871	-99.35386794
-16.259684	-98.70755021
-16.31022824	-98.66298214
-16.3313322	-98.70755021
-16.29755769	-98.70755021
-16.31761035	-98.68527042
-16.65267418	-101.5156615
-16.67750049	-101.5379498
-16.69732704	-101.5379498
-16.68882593	-101.5156615
-16.61806169	-101.4933732
-17.00532273	-102.7637119
-17.04976099	-102.7414236
-17.05978477	-102.7637119
-17.03213795	-102.7191353
-17.01426582	-102.7414236
-17.04480339	-100.4236206
-17.03718114	-100.4459089
-17.05526659	-100.4013323
-17.00974893	-100.4459089
-17.02522082	-100.379044
-17.06872402	-99.48758066
-17.08919056	-99.50986894
-17.11181846	-99.48758066
-17.06652306	-99.50986894
-17.07894324	-99.50986894
-17.44256978	-103.5883189
-17.45364614	-103.6774635
-17.46997772	-103.6105987
-17.48088163	-103.6105987
-17.48372385	-103.5437423
-17.51754562	-101.4933732
-17.49771651	-101.4933732
-17.49053368	-101.5379498
-17.45614346	-101.4933732
-17.47070456	-101.5379498
-18.04624316	-105.438102
-18.05800931	-105.438102
-18.02859713	-105.438102
-18.06388664	-105.438102
-18.0812938	-105.4158137
-18.13238988	-102.9642895
-18.12327306	-102.8974331
-18.12978781	-102.9865777
-18.11020524	-102.9420012
-18.11150308	-102.9642895
-18.1123104	-101.7608156
-18.16410905	-101.7162391
-18.13341691	-101.7385273
-18.12491452	-101.7162391
-18.08181626	-101.7162391
-18.41926628	-105.1038032
-18.43885779	-105.0815149
-18.36722875	-105.0592267
-18.38487478	-105.0592267
-18.40754739	-105.0592267
-18.75195797	-106.0398431
-18.73673134	-105.9952666
-18.70665874	-105.9952666
-18.68687817	-105.95069
-18.71536041	-106.0175549
-19.02872373	-107.0427394
-19.0213263	-106.9758746
-19.09821185	-107.0204511
-19.0184828	-106.9758746
-19.01327739	-107.0204511
-19.31774744	-107.8227699
-19.26943993	-107.755905
-19.27247631	-107.755905
-19.27723591	-107.755905
-19.29486151	-107.7781933
-19.55192717	-108.1570686
-19.54643434	-108.223925
-19.53055496	-108.1793484
-19.53621513	-108.2016367
-19.54862126	-108.1570686
-19.65693345	-106.3518536
-19.58720518	-106.3518536
-19.59222537	-106.3518536
-19.57678158	-106.3295653
-19.60203071	-106.3295653
-19.69809901	-102.2330098
-19.66782714	-102.2330098
-19.6943971	-102.2330098
-19.72118805	-102.2107216
-19.69048058	-102.1884418
-19.64430122	-102.1661535
-19.66366792	-102.1661535
-19.68305632	-102.1438652
-19.69480076	-102.1661535
-19.71242763	-102.1884418
-19.39735258	-94.36584911
-19.41369439	-94.41041718
-19.44354855	-94.43270546
-19.392174	-94.38813739
-19.40306002	-94.34356083
-19.21162216	-90.64398619
-19.20966007	-90.62169791
-19.20096224	-90.59941812
-19.20746038	-90.64398619
-19.22836634	-90.62169791
-19.21879477	-90.79999566
-19.23099907	-90.7554191
-19.20574611	-90.82228395
-19.22751687	-90.79999566
-19.24776114	-90.84456375
-18.73774943	-82.46481496
-18.75669714	-82.48709477
-18.78020517	-82.50938305
-18.71554052	-82.46481496
-18.72578656	-82.46481496
-18.68348795	-83.84657807
-18.71895629	-83.86886635
-18.66387599	-83.89115463
-18.64796851	-83.86886635
-18.63470652	-83.91344292
-18.33325113	-78.16349918
-18.33606525	-78.25264381
-18.34128344	-78.31950865
-18.37632641	-78.43094156
-18.40833555	-78.47550965
-17.87197104	-71.52210053
-17.8774166	-71.49981225
-17.87631676	-71.47752397
-17.86889122	-71.49981225
-17.90240003	-71.49981225
-17.63231636	-67.66652067
-17.60816835	-67.68880895
-17.61557218	-67.68880895
-17.58966135	-67.68880895
-17.59858401	-67.68880895
-17.67225817	-68.71398925
-17.63043858	-68.75856159
-17.62107522	-68.73627753
-17.58078213	-68.71398925
-17.59712521	-68.75856159
-16.99172734	-60.44566914
-17.01263841	-60.42338088
-17.05813436	-60.4679532
-17.00913194	-60.49024148
-16.9838611	-60.44566914
-16.82560631	-57.74899079
-16.78292959	-57.7935631
-16.80842015	-57.74899079
-16.76768635	-57.77127907
-16.77072657	-57.77127907
-16.74068079	-59.37591228
-16.73394377	-59.30905168
-16.7971062	-59.33133996
-16.78313525	-59.35362399
-16.79338385	-59.35362399
-15.93829347	-48.36633725
-15.927829	-48.38862553
-15.93804693	-48.41091379
-15.95829887	-48.38862553
-15.89513134	-48.43319785
-15.64032667	-45.33536437
-15.60897412	-45.3576484
-15.60416853	-45.40222497
-15.66319217	-45.40222497
-15.67890294	-45.3576484
-15.5936734	-46.87341695
-15.5993374	-46.89570099
-15.60629924	-46.87341695
-15.61132198	-46.87341695
-15.62460696	-46.87341695
-15.56164637	-46.85112867
-15.59101129	-46.89570099
-15.59299637	-46.82884464
-15.58495257	-46.87341695
-15.60824344	-46.85112867
-14.40961112	-33.61289949
-14.41593426	-33.63518564
-14.40242318	-33.65747181
-14.40765031	-33.65747181
-14.39088441	-33.63518564
-13.93739646	-28.95500301
-13.9572013	-28.97728916
-13.914964	-28.97728916
-13.91604341	-29.0218615
-13.91474174	-28.99957533
-13.92365672	-30.51506388
-13.89188901	-30.49277773
-13.87598153	-30.47048945
-13.87247889	-30.47048945
-13.88356291	-30.49277773
-13.23698159	-23.94052161
-13.28272536	-23.87366101
-13.21825871	-23.89594718
-13.2742383	-23.89594718
-13.27923933	-23.91823546
-13.25292612	-24.74283822
-13.23199717	-24.72055205
-13.27795554	-24.76512437
-13.22220844	-24.78741054
-13.23137891	-24.74283822
-12.24588239	-16.38536923
-12.29421928	-16.36308307
-12.250421	-16.40765645
-12.28022918	-16.40765645
-12.21992686	-16.42994259
-11.63693206	-12.32921074
-11.60209859	-12.32921074
-11.62104629	-12.35149795
-11.58143405	-12.30692457
-11.58621154	-12.35149795
-10.73577857	-7.805034403
-10.75167073	-7.715888171
-10.73534042	-7.782748234
-10.7664937	-7.760461554
-10.70724844	-7.782748234
-10.69639563	-8.986223133
-10.71007597	-9.053083729
-10.65982233	-9.008510346
-10.69771582	-9.053083729
-10.6841875	-9.030796515
-10.00327217	-4.774059386
-10.02266186	-4.751772706
-10.0239795	-4.818632257
-10.02981978	-4.796345555
-10.045482	-4.796345555
-9.418805807	-2.723693468
-9.412067511	-2.701406766
-9.425544741	-2.745979882
-9.425544741	-2.745979882
-9.425544741	-2.745979882
-8.670838369	-0.249882608
-8.684314961	-0.29445579
-8.657361139	-0.205309426
-8.677576665	-0.272169177
-8.684314961	-0.29445579
-7.909393063	2.268501501
-7.911499499	2.246214821
-7.928175982	2.290787937
-7.919013816	2.201641706
-7.974223771	2.246214821
-6.747281025	3.717129459
-6.788544304	3.761702574
-6.760654147	3.761702574
-6.778576097	3.78398901
-6.72772847	3.739415894
-6.704903851	2.623693932
-6.681064335	2.668267048
-6.6967272	2.668267048
-6.698359081	2.623693932
-6.73856531	2.668267048
-6.742350253	2.267108496
-6.752979515	2.244821794
-6.785357825	2.222535381
-6.718070672	2.222535381
-6.761704171	2.244821794
-4.274909927	6.947290857
-4.255431782	6.991864239
-4.334980078	6.92500471
-4.260566299	6.947290857
-4.254297129	6.969577559
-1.980588556	11.49375443
-1.987055403	11.47146719
-2.038874814	11.47146719
-1.999955088	11.49375443
-2.025316149	11.44918104
-0.563073312	15.14875355
-0.558523286	15.17104076
-0.609209162	15.14875355
-0.551431389	15.12646738
-0.577727349	15.10418123
1.318340543	21.56729058
1.310002142	21.58957674
1.310276544	21.56729058
1.263953714	21.54500443
1.286436789	21.52271615
1.297237383	20.00722971
1.35178708	19.96265526
1.347424912	19.96265526
1.340993512	20.00722971
1.332731196	20.00722971
2.523733198	26.55948581
2.565968261	26.55948581
2.534837015	26.55948581
2.539708388	26.60405815
2.461943664	26.53719753
3.715114349	31.84140538
3.69648344	31.81911921
3.703575896	31.77454478
3.684795212	31.79683306
3.737660815	31.81911921
4.120773168	33.44603856
4.112200842	33.40146625
4.14199848	33.42375241
4.061703542	33.40146625
4.112663261	33.40146625
5.115760461	38.30451472
5.089739143	38.2599424
5.130056506	38.2599424
5.070258123	38.21537009
5.090013145	38.23765412
6.214152172	43.87616072
6.26943941	43.80930013
6.280467222	43.83158841
6.271345933	43.83158841
6.267843935	43.83158841
6.294373021	41.44692476
6.331463028	41.42463648
6.276689305	41.38006416
6.31003844	41.44692476
6.304430007	41.42463648
6.316657938	41.13491003
6.317980049	41.13491003
6.332198811	41.112626
6.330017647	41.112626
6.307063371	41.15719832
7.338431394	49.31408551
7.33489299	49.24722914
7.266672695	49.2695132
7.296632883	49.22494086
7.264381036	49.22494086
8.512805853	54.81887515
8.483308085	54.86344746
8.518301236	54.79658687
8.526091473	54.81887515
8.575144989	54.79658687
9.557011766	60.32366054
9.591921248	60.30137226
9.590013448	60.27908822
9.585539347	60.23451166
9.587633648	60.27908822
10.83560626	65.69472473
10.8542755	65.62786838
10.85268002	65.65015242
10.78605584	65.65015242
10.78882141	65.6724407
10.96116594	62.99721492
10.99427876	62.99721492
10.99919037	62.95264258
10.99985079	62.95264258
10.9831743	62.99721492
10.95533844	62.44005032
10.94528273	62.46233435
10.96086064	62.50691091
10.92470506	62.50691091
10.94975619	62.50691091
11.31656091	66.98651175
11.31216537	66.91965113
11.34522581	67.03108407
11.3187095	66.91965113
11.30097149	66.9642277
11.56790253	69.41575194
11.6000062	69.46032426
11.59042185	69.46032426
11.5869205	69.46032426
11.60141518	69.41575194
12.03583151	71.75584326
12.0876506	71.75584326
12.08698891	71.75584326
12.09089009	71.75584326
12.10303946	71.77813154
12.41708875	73.67249119
12.36391178	73.60562634
12.41631465	73.62791462
12.42749447	73.60562634
12.46839816	73.62791462
12.89166788	75.6114189
12.80057507	75.63370718
12.82609884	75.6114189
12.79001862	75.58913062
12.84667395	75.56685081
13.32850106	77.55035509
13.25034577	77.61721146
13.27801558	77.5280668
13.22877428	77.5280668
13.29785491	77.50577852
13.34176688	75.27712014
13.32591304	75.25483186
13.2955658	75.27712014
13.29584045	75.25483186
13.26034655	75.25483186
13.32296991	74.60852261
13.33457255	74.67538745
13.34556332	74.63081089
13.33134456	74.65309917
13.2844358	74.60852261
13.75705284	78.82068529
13.76181372	78.82068529
13.76703446	78.82068529
13.74510274	78.7984055
13.74852746	78.82068529
14.15757459	81.13849682
14.19571909	81.11620853
14.20693596	81.1607766
14.17721592	81.11620853
14.21631975	81.1607766
14.2654167	78.12980797
14.26911861	78.12980797
14.19100803	78.10751969
14.24130318	78.10751969
14.25610955	78.10751969
14.18528527	78.19666434
14.1997774	78.15208778
14.19732223	78.17437606
14.2478933	78.15208778
14.26495556	78.12980797
14.22063993	77.90694212
14.20365814	77.90694212
14.23174438	77.90694212
14.25886618	77.86236558
14.26361173	77.88465386
14.6701577	82.78770234
14.62812351	82.78770234
14.62033264	82.76541405
14.57591609	82.76541405
14.62165475	82.76541405
15.11463613	85.08321709
15.14553138	85.01636072
15.10341032	85.06092881
15.10177525	85.01636072
15.06106317	85.01636072
15.53693375	87.17815427
15.50798271	87.17815427
15.5749965	87.20044256
15.60013194	87.15587449
15.59670339	87.13358621
16.16627142	88.33706004
16.16401552	88.35934832
16.12147037	88.31477176
16.13191441	88.31477176
16.04877342	88.29248348
16.70104428	89.76339971
16.66546353	89.80797628
16.70766378	89.74111143
16.72448844	89.80797628
16.76461675	89.785688
16.68923215	87.69075081
16.75074161	87.73531888
16.75823357	87.69075081
16.79317818	87.73531888
16.78511395	87.73531888
16.77418577	86.91072036
16.75108523	86.84385552
16.81563747	86.88843208
16.84673454	86.82157573
16.84770281	86.8661438
16.86116024	86.19754629
16.79695546	86.26441113
16.79426014	86.21983457
16.74209871	86.26441113
16.79121993	86.21983457
16.73662632	86.08611335
16.77246511	86.04154529
16.74308742	86.10840164
16.79744088	86.06382507
16.79708959	86.10840164
17.17350931	90.52114188
17.18223269	90.52114188
17.13287132	90.49886207
17.12348625	90.49886207
17.07840929	90.49886207
17.4101506	91.54632643
17.36195805	91.56861471
17.41615694	91.56861471
17.40322069	91.52403815
17.40711932	91.52403815
17.94728666	93.57440727
17.95336837	93.57440727
17.92091342	93.57440727
17.97440718	93.5298307
17.98532386	93.50755092
18.41824819	94.17614843
18.36881273	94.02013896
18.40463108	93.88641776
18.41804253	93.75269655
18.43332153	93.73041676
18.90291496	95.58019982
18.88382291	95.55791154
18.89188715	95.55791154
18.84575761	95.53562326
18.87042041	95.51334348
19.49127868	97.31855
19.48453655	97.31855
19.50463903	97.29627019
19.45281866	97.29627019
19.45547182	97.27398191
19.51736578	94.30986115
19.49733612	94.30986115
19.57572389	94.30986115
19.57486548	94.30986115
19.56688044	94.28758136
19.73526502	96.71681731
19.75003307	96.64995246
19.67118032	96.64995246
19.6829784	96.71681731
19.61806466	96.73910559
20.04052323	97.85343479
20.00105279	97.8757146
20.02672985	97.80885823
19.97712577	97.8757146
19.99551908	97.83114651
20.20896402	98.2768782
20.17627658	98.21001335
20.21340299	98.25458992
20.21281794	98.23230163
20.25836371	98.21001335
20.31609718	94.93890483
20.36818708	94.91661655
20.37528049	94.87203999
20.41127257	94.93890483
20.39265571	94.89432827
20.38397704	92.17453015
20.42251115	92.17453015
20.42476705	92.15224187
20.47062961	92.17453015
20.49139378	92.15224187
20.38155637	91.97395261
20.36722392	91.95166433
20.41382227	91.95166433
20.43567351	92.01852915
20.40310486	91.97395261
19.98292518	82.74730853
19.99970768	82.74730853
19.98634478	82.76959681
19.92236482	82.76959681
19.94695226	82.76959681
19.37471446	74.18926198
19.4205336	74.14468541
19.42469793	74.14468541
19.44465095	74.16697369
19.44589897	74.18926198
19.47556663	74.63499366
19.49017245	74.63499366
19.48448801	74.63499366
19.48483929	74.5904171
19.47470566	74.63499366
18.83016947	65.58663464
18.79771452	65.58663464
18.85783672	65.49748998
18.86971528	65.5420623
18.86239832	65.49748998
18.247388	58.38807139
18.2021999	58.34349483
18.22420954	58.34349483
18.16362747	58.27663848
18.21669203	58.29892251
18.03793877	56.42685117
18.07258575	56.40456289
18.05076389	56.42685117
18.09552917	56.38227883
18.10382973	56.4491352
18.02361654	57.66849166
18.0399047	57.60163106
18.04161258	57.62391934
18.03043531	57.64620337
17.9723429	57.62391934
17.42455331	48.44184759
17.40223837	48.39727103
17.36128486	48.48641991
17.39962097	48.48641991
17.32683971	48.50870396
17.32967938	50.1133414
17.27871998	50.1133414
17.32654974	50.15791371
17.29001221	50.13562543
17.36186097	50.13562543
16.85292739	43.62794375
16.86403057	43.62794375
16.81525425	43.62794375
16.8466579	43.60565547
16.81536155	43.67251609
16.35717021	37.94486486
16.35109872	37.92257658
16.31256333	37.92257658
16.34751305	37.96715314
16.31143155	37.94486486
15.88886312	33.53212037
15.91118572	33.57669482
15.86049969	33.55440865
15.94496023	33.57669482
15.93385578	33.57669482
15.86168767	34.28986464
15.87681339	34.31215081
15.89169768	34.28986464
15.93809548	34.28986464
15.9506038	34.24529233
15.26871381	26.93529195
15.26037621	26.95757809
15.28383314	26.97986637
15.28005714	27.00215254
15.24121007	26.95757809
14.7014234	22.16596255
14.73481085	22.14367639
14.72000449	22.14367639
14.75417882	22.14367639
14.68595661	22.16596255
14.02069585	16.97318975
13.99809988	16.95090254
14.01633352	16.97318975
14.03234703	16.92861637
14.048708	16.99547592
13.91468553	17.97608602
13.9737411	18.04294451
13.96310801	18.02065836
14.00109667	18.06523279
13.99054022	18.02065836
13.19989478	11.33468422
13.13970359	11.29011084
13.15840604	11.29011084
13.1211225	11.31239701
13.1800299	11.26782362
13.12772412	12.04785407
13.17136911	12.00328173
13.17234122	12.04785407
13.17822365	12.04785407
13.16303151	12.0255679
12.40033563	6.988799815
12.44731975	7.011086495
12.39967393	6.988799815
12.37766557	6.988799815
12.32471215	7.011086495
11.55153135	3.512092865
11.61064185	3.467519504
11.61406784	3.489806184
11.64928582	3.512092865
11.64301761	3.489806184
11.63104579	4.091543901
11.62193536	4.069257465
11.60553352	4.091543901
11.60611985	4.113830581
11.56302286	4.113830581
11.61913019	5.097226223
11.62367902	5.119512903
11.62131199	5.097226223
11.59115125	5.141799072
11.58429671	5.097226223
11.59866621	5.186372432
11.59146166	5.186372432
11.56172629	5.164085752
11.57493591	5.186372432
11.54380562	5.186372432
10.57276099	0.149604435
10.57143888	0.149604435
10.53574827	0.149604435
10.5605254	0.171891004
10.54372437	0.194177595
10.61510368	0.639909285
10.61451735	0.617622671
10.56137806	0.617622671
10.58093254	0.639909285
10.54808159	0.639909285
8.272518225	-4.196279525
8.2515452	-4.24085264
8.283005057	-4.173992823
8.2515452	-4.24085264
8.272518225	-4.196279525
7.234358256	-6.402651225
7.161412212	-6.424937905
7.206880699	-6.358077842
7.145237748	-6.380364545
7.156962382	-6.402651225
7.190031128	-6.046065767
7.171057236	-5.979206238
7.210496386	-6.023779087
7.230763008	-6.001492918
7.261256511	-6.023779087
4.467878431	-10.88225418
4.448488746	-10.85996803
4.47854378	-10.90454139
4.480082731	-10.85996803
4.501651983	-10.88225418
4.443783116	-9.968504651
4.441578639	-9.946218505
4.42655735	-9.99079082
4.429375298	-9.968504651
4.438076003	-9.946218505
2.721129497	-15.36185819
2.711985534	-15.33957098
2.710686735	-15.36185819
2.71326581	-15.36185819
2.706943947	-15.38414436
2.679134586	-13.95780362
2.680192913	-13.95780362
2.679772648	-13.93551638
2.613766889	-13.95780362
2.664727087	-13.95780362
2.654760956	-13.46749855
2.639294332	-13.46749855
2.683073774	-13.48978472
2.662403812	-13.44521133
2.69378	-13.48978472
0.753393682	-21.78039522
0.729646379	-21.82496753
0.726583169	-21.80268139
0.731782115	-21.78039522
0.666016308	-21.78039522
0.632124317	-20.97807652
0.672640716	-20.97807652
0.663495435	-20.95579035
0.689603817	-20.95579035
0.672201529	-21.0003648
0.656428129	-20.33176726
0.688862125	-20.37633958
0.66273083	-20.35405343
0.698247437	-20.37633958
0.684763501	-20.37633958
-0.646919627	-27.26289446
-0.644078525	-27.26289446
-0.645159127	-27.24060829
-0.647978314	-27.26289446
-0.659965175	-27.24060829
-1.941954329	-32.544814
-1.908202812	-32.52252786
-1.906683343	-32.52252786
-1.918226586	-32.544814
-1.917569044	-32.47795554
-2.42827949	-34.59518101
-2.45200851	-34.59518101
-2.442886103	-34.59518101
-2.46205384	-34.59518101
-2.421584147	-34.55060656
-2.426963766	-33.14655305
-2.444389446	-33.16883922
-2.426520667	-33.19112537
-2.48118118	-33.19112537
-2.462035478	-33.16883922
-3.267791147	-38.96335105
-3.330958678	-38.91877874
-3.299806674	-38.94106277
-3.331819008	-38.91877874
-3.308289262	-38.91877874
-4.345567186	-43.66581771
-4.379120386	-43.68810599
-4.34468482	-43.68810599
-4.319634647	-43.68810599
-4.353164215	-43.73267831
-4.446468215	-41.68231344
-4.406175442	-41.66002515
-4.434926568	-41.66002515
-4.372400932	-41.66002515
-4.396591733	-41.66002515
-5.341553407	-48.45743327
-5.327846884	-48.47972155
-5.316963099	-48.45743327
-5.290170868	-48.47972155
-5.317846742	-48.43514924
-6.641675643	-55.25484139
-6.666482152	-55.29941795
-6.61924574	-55.27712967
-6.636453623	-55.25484139
-6.629493698	-55.21026908
-7.29540977	-58.39725143
-7.286734933	-58.2858185
-7.286045775	-58.37496315
-7.312201859	-58.33039081
-7.329388665	-58.33039081
-8.120868887	-62.7431353
-8.101700831	-62.7431353
-8.122806706	-62.78770762
-8.121927215	-62.7431353
-8.110407603	-62.69856299
-8.95434434	-66.68785982
-8.949582824	-66.68785982
-8.946964788	-66.66557577
-8.919775925	-66.68785982
-8.953529996	-66.64328748
-8.989599359	-64.52606202
-9.005704205	-64.5483503
-8.978256029	-64.50377373
-8.964946138	-64.52606202
-8.949263473	-64.4814897
-8.98099414	-63.3203568
-8.974674832	-63.29807277
-8.975531969	-63.29807277
-9.037399743	-63.29807277
-9.028697442	-63.27578449
-9.93618046	-71.58867691
-9.884560005	-71.58867691
-9.913311131	-71.58867691
-9.889801824	-71.56639712
-9.910053756	-71.54410884
-9.946316645	-69.49374395
-9.897539048	-69.49374395
-9.942418014	-69.49374395
-9.930453228	-69.49374395
-9.93329417	-69.49374395
-11.12732912	-77.36090895
-11.14082999	-77.40547702
-11.17002629	-77.36090895
-11.15892183	-77.36090895
-11.18483265	-77.36090895
-12.25991465	-82.62053599
-12.22356107	-82.62053599
-12.2348418	-82.64282427
-12.22329665	-82.62053599
-12.2062957	-82.5759679
-12.28732259	-80.19130002
-12.34482484	-80.19130002
-12.31389383	-80.19130002
-12.29666679	-80.16901174
-12.24808974	-80.16901174
-13.64851071	-88.25904682
-13.68054412	-88.2813351
-13.70429486	-88.25904682
-13.72410736	-88.21447025
-13.71456262	-88.23675854
-13.762759	-84.71548165
-13.79020653	-84.76004974
-13.78434326	-84.73776146
-13.77214535	-84.71548165
-13.79348946	-84.71548165
-14.08401028	-88.79392314
-14.11494385	-88.79392314
-14.07857366	-88.74934657
-14.06460271	-88.77163485
-14.03717306	-88.77163485
-14.64895411	-91.57974614
-14.65547397	-91.60203442
-14.66746111	-91.57974614
-14.66047755	-91.55745786
-14.67944569	-91.55745786
-14.63336086	-89.44023237
-14.65772603	-89.46252065
-14.65074503	-89.44023237
-14.62177227	-89.46252065
-14.64811996	-89.48480893
-15.07388062	-92.93922944
-15.09040382	-92.93922944
-15.10564578	-92.96151773
-15.12961878	-92.91694116
-15.13703921	-92.96151773
-15.51395584	-94.58843496
-15.458827	-94.65529133
-15.4841004	-94.56614668
-15.42204421	-94.56614668
-15.47104024	-94.5438584
-15.92072792	-95.7919088
-15.93639398	-95.7919088
-15.92028849	-95.76962051
-15.95535829	-95.7919088
-15.88937792	-95.74734073
-16.54149805	-97.90913429
-16.48356786	-97.93142257
-16.49313561	-97.886846
-16.45026344	-97.8645662
-16.48705389	-97.886846
-16.53686874	-95.21245594
-16.53120857	-95.19017613
-16.52206238	-95.21245594
-16.57236136	-95.21245594
-16.58349008	-95.19017613
-16.93981883	-98.28800961
-16.92367119	-98.31029789
-16.92501629	-98.28800961
-16.95484874	-98.26572132
-16.93330025	-98.26572132
-17.43161862	-100.160081
-17.42027145	-100.1377927
-17.4113488	-100.1377927
-17.43554535	-100.0709363
-17.45079242	-100.0932246
-17.90250094	-101.1184007
-17.92887163	-101.1184007
-17.89661851	-101.1184007
-17.91973054	-101.140689
-17.89859976	-101.1184007
-18.08645195	-100.9401114
-18.0984161	-100.9401114
-18.08314731	-100.9401114
-18.10910284	-100.8955348
-18.13324829	-100.9401114
-18.51768627	-102.4555957
-18.52094237	-102.4333159
-18.5070008	-102.4333159
-18.52920588	-102.4333159
-18.47520882	-102.4333159
-18.61356935	-100.7172455
-18.59594375	-100.6949573
-18.5732737	-100.6949573
-18.61010886	-100.672669
-18.62621563	-100.6949573
-18.57721321	-100.4052351
-18.58157937	-100.3383702
-18.6517279	-100.3829468
-18.60706737	-100.3606585
-18.65064594	-100.4052351
-18.60802414	-99.89263856
-18.60782742	-99.89263856
-18.61172606	-99.89263856
-18.61782948	-99.87035875
-18.61978902	-99.89263856
-18.59813833	-98.73374127
-18.63231522	-98.73374127
-18.62209345	-98.71145299
-18.61446481	-98.73374127
-18.65392375	-98.73374127
-18.99208529	-102.321883
-18.95877575	-102.321883
-18.98446686	-102.2773064
-18.91911753	-102.321883
-18.9609154	-102.2995947
-19.21092597	-103.4139239
-19.21901321	-103.3916356
-19.2257745	-103.3693474
-19.21141011	-103.3916356
-19.19942936	-103.3470591
-19.27251591	-101.0961209
-19.28621988	-101.140689
-19.24288146	-101.1184007
-19.21648906	-101.140689
-19.22827437	-101.1184007
-19.3413896	-98.77830936
-19.32310231	-98.75602955
-19.35028926	-98.80059764
-19.30979561	-98.77830936
-19.34793245	-98.77830936
-19.34557437	-98.40000248
-19.35363861	-98.40000248
-19.35082321	-98.3777142
-19.37628822	-98.42228229
-19.32795388	-98.3777142
-19.32877909	-98.22170473
-19.34576726	-98.22170473
-19.31247433	-98.19941644
-19.35059073	-98.22170473
-19.33666577	-98.19941644
-19.20310061	-93.65295501
-19.24317016	-93.69753157
-19.21400579	-93.65295501
-19.23489004	-93.71981985
-19.19831929	-93.67524329
-19.00568323	-89.66365818
-19.02005145	-89.64136989
-18.99652043	-89.64136989
-19.00936982	-89.61908161
-19.00941197	-89.64136989
-19.00061067	-89.84194746
-18.9966916	-89.79737937
-19.03022213	-89.84194746
-18.99889129	-89.84194746
-19.04224887	-89.84194746
-18.74239918	-84.44859923
-18.78421749	-84.47088751
-18.75894792	-84.4931673
-18.77375301	-84.4931673
-18.74345686	-84.44859923
-18.15434459	-76.49228535
-18.13451803	-76.49228535
-18.13039969	-76.44771728
-18.17743491	-76.46999706
-18.1456046	-76.44771728
-18.17723691	-77.5397582
-18.15046512	-77.5397582
-18.19836131	-77.56204648
-18.14002491	-77.5397582
-18.19294385	-77.56204648
-17.8243431	-71.23264984
-17.78951218	-71.23264984
-17.80431471	-71.23264984
-17.77208714	-71.2772264
-17.77813947	-71.29951468
-17.34405271	-66.53018315
-17.38498322	-66.57475549
-17.37914933	-66.53018315
-17.39701124	-66.57475549
-17.36218671	-66.50789487
-17.31297862	-67.35478591
-17.33802465	-67.35478591
-17.35937514	-67.35478591
-17.34959152	-67.35478591
-17.37442166	-67.3770742
-17.34172272	-67.42164653
-17.30206706	-67.48850713
-17.34388281	-67.44393479
-17.31709569	-67.46621885
-17.32251188	-67.46621885
-16.82776385	-59.53219749
-16.84018913	-59.53219749
-16.82736657	-59.53219749
-16.84851013	-59.59905384
-16.88685135	-59.53219749
-16.52565826	-55.72118994
-16.55094954	-55.67661761
-16.55920923	-55.74347822
-16.5624947	-55.69890166
-16.59972331	-55.74347822
-16.44489963	-56.90237974
-16.43443643	-56.92466377
-16.44514106	-56.92466377
-16.46541215	-56.88009146
-16.47084877	-56.92466377
-16.02612253	-51.01871901
-16.03945222	-51.04100729
-16.06559936	-51.06329557
-16.01027763	-51.06329557
-16.04493611	-51.04100729
-15.59178412	-45.6030825
-15.52927956	-45.58079422
-15.57111831	-45.58079422
-15.5465066	-45.6030825
-15.54300524	-45.6030825
-15.56767571	-46.7174117
-15.536083	-46.7174117
-15.54520493	-46.7174117
-15.54066504	-46.69512342
-15.54890301	-46.7174117
-15.53568956	-46.98373418
-15.53703083	-46.96145015
-15.53813323	-46.98373418
-15.57272656	-46.96145015
-15.56338236	-46.98373418
-14.78077689	-38.22510582
-14.80558276	-38.26968238
-14.76504441	-38.29196644
-14.82909079	-38.29196644
-14.80423893	-38.29196644
-14.21512794	-32.72032043
-14.18551648	-32.72032043
-14.16458625	-32.69803429
-14.12689011	-32.72032043
-14.16478552	-32.69803429
-14.17988441	-33.9237964
-14.19512893	-33.94608255
-14.20341416	-33.9237964
-14.22780487	-33.9237964
-14.19013046	-33.9237964
-13.65898796	-28.41901101
-13.68992153	-28.41901101
-13.65313363	-28.39672484
-13.68254453	-28.39672484
-13.65032845	-28.41901101
-12.95629676	-22.80279058
-12.97325811	-22.82507886
-12.93119965	-22.84736501
-12.93034123	-22.84736501
-12.92293869	-22.84736501
-12.95195998	-24.09541329
-12.96326371	-24.09541329
-12.93559008	-24.1399856
-12.93973269	-24.09541329
-12.95301767	-24.09541329
-12.33995539	-18.54605345
-12.33017687	-18.47919497
-12.312748	-18.5237673
-12.30140212	-18.50148114
-12.27392775	-18.54605345
-11.58021158	-13.82129744
-11.58045173	-13.84358465
-11.5815503	-13.86587082
-11.57939277	-13.84358465
-11.62491043	-13.86587082
-11.54459633	-14.69047463
-11.5643999	-14.7127608
-11.53694597	-14.73504801
-11.54197127	-14.73504801
-11.55525753	-14.73504801
-10.91333618	-10.47830984
-10.90875158	-10.50059707
-10.91397488	-10.50059707
-10.91073028	-10.5674566
-10.93600623	-10.47830984
-9.995873457	-6.310718961
-10.00198008	-6.288432259
-10.01526442	-6.288432259
-10.04011692	-6.288432259
-10.06468136	-6.310718961
-10.02905078	-7.068462704
-9.98745921	-7.023889856
-10.00272672	-7.023889856
-9.967008642	-7.046176558
-9.972868724	-7.068462704
-8.023373731	-0.115048759
-8.023373731	-0.115048759
-8.029622143	-0.137335351
-8.023373731	-0.115048759
-8.042118967	-0.181908511
-7.417280951	2.046749892
-7.457333892	2.046749892
-7.429715821	2.069036461
-7.433727502	2.024463345
-7.419272421	2.069036461
-7.306236392	1.757024251
-7.364128252	1.734737705
-7.353595434	1.690164589
-7.35530332	1.667877887
-7.349273344	1.77931082
-7.292384882	1.487356577
-7.306254275	1.46507003
-7.29483941	1.509643257
-7.329423155	1.398210345
-7.31493039	1.509643257
-5.54199663	4.273179713
-5.550209047	4.161746779
-5.568868059	4.206319895
-5.568205087	4.206319895
-5.580171151	4.206319895
-1.770408496	9.555100323
-1.816883256	9.57738647
-1.804457168	9.57738647
-1.809404866	9.555100323
-1.801803366	9.555100323
-1.72520986	8.708209815
-1.785554013	8.708209815
-1.768491914	8.685923113
-1.739628855	8.730496495
-1.742506682	8.663636433
0.595237417	14.83702093
0.582688379	14.81473372
0.594102964	14.8593071
0.579062154	14.79244755
0.615440209	14.88159325
2.751090962	21.70128754
2.754044635	21.74586196
2.789924942	21.76814813
2.75174116	21.72357582
2.808582676	21.72357582
2.787262517	20.49781368
2.801133506	20.52009985
2.779398511	20.49781368
2.760892149	20.49781368
2.799811715	20.52009985
3.9191723	26.31461168
3.897823399	26.31461168
3.918699022	26.33689785
3.893924129	26.31461168
3.871452392	26.31461168
5.471887696	33.00058686
5.478156547	33.02287303
5.477108438	33.00058686
5.489336369	33.00058686
5.509362201	33.00058686
5.464435332	32.08683736
5.503431862	32.08683736
5.481971508	32.04226291
5.506472718	32.08683736
5.548971884	32.08683736
6.534373233	37.83677474
6.504773911	37.81448646
6.520901112	37.81448646
6.493471458	37.81448646
6.485806407	37.81448646
6.467590654	36.58872435
6.521940917	36.54415203
6.506200769	36.56644031
6.497126105	36.61101263
6.441294055	36.56644031
7.769631228	43.89872473
7.758526772	43.89872473
7.744932659	43.85415241
7.787355181	43.87644069
7.745120437	43.87644069
7.744664405	41.82607157
7.813082697	41.80378754
7.798937385	41.80378754
7.846471431	41.78149926
7.828349567	41.80378754
8.891177448	49.55951961
8.875126891	49.53723133
8.949891317	49.51494305
8.912952682	49.49265901
8.96239325	49.49265901
10.2333706	55.48774841
10.25436917	55.53232072
10.24209526	55.48774841
10.26309383	55.53232072
10.22276625	55.554609
10.2725217	54.12826933
10.3109715	54.17284164
10.30287021	54.10598105
10.2930125	54.12826933
10.30517337	54.12826933
11.41124961	61.10396673
11.40146727	61.10396673
11.4284626	61.03711036
11.45362487	61.08168267
11.42276795	61.05939439
12.70119447	66.65332868
12.68217778	66.60875636
12.66578871	66.60875636
12.63196949	66.5641798
12.6651283	66.60875636
12.7473751	64.38009796
12.75703482	64.35780968
12.78578786	64.35780968
12.77305089	64.31323736
12.78758389	64.3355214
13.08415832	68.03509604
13.11318473	68.01280776
13.0934693	68.05738432
13.14657474	67.9905237
13.13897164	67.9905237
13.59548831	70.55348086
13.61844578	70.50890854
13.55232872	70.55348086
13.58459462	70.53119258
13.53951638	70.53119258
14.22030141	72.67070635
14.20538391	72.62612979
14.20129623	72.60384998
14.21115522	72.5815617
14.22284344	72.60384998
14.86562321	75.05537423
14.90203683	75.05537423
14.8899986	75.07765401
14.91539974	75.03308595
14.86568325	75.05537423
14.85596988	72.87128391
14.86727361	72.87128391
14.8351725	72.82671583
14.88215407	72.84899563
14.8445563	72.82671583
15.24887576	76.94973385
15.29745153	76.94973385
15.28190171	76.99430194
15.32620457	76.94973385
15.30827879	76.97201366
15.43872453	77.79662067
15.42188837	77.90805358
15.48098993	77.8857653
15.41159634	77.86347702
15.43816758	77.86347702
15.80228976	80.1144237
15.88574243	80.02527905
15.86307238	80.02527905
15.90705333	79.9584227
15.92817773	79.86926957
16.42922846	81.31789753
16.44002378	81.27332946
16.44583085	81.29561775
16.42865746	81.27332946
16.44630349	81.27332946
17.12297784	83.5911325
17.10984998	83.54655593
17.11308564	83.54655593
17.07785489	83.54655593
17.11296684	83.52427613
17.40097885	84.50488413
17.34452279	84.52717242
17.36540959	84.52717242
17.28928793	84.48259585
17.31917275	84.46030757
17.33729142	81.96421526
17.35268411	81.98649504
17.29750929	81.94192698
17.37960281	81.94192698
17.33557203	81.96421526
17.66929715	84.75003826
17.68846329	84.75003826
17.61954617	84.7054617
17.65581034	84.75003826
17.57381135	84.7054617
17.83464279	85.73064625
17.83206372	85.73064625
17.87231721	85.73064625
17.86876859	85.68606968
17.91715658	85.6637814
18.2658158	87.04555301
18.31073948	87.09012957
18.28814351	87.06784129
18.30789853	87.09012957
18.32999376	87.04555301
18.85192618	88.33817149
18.8406595	88.40503634
18.87300076	88.36045978
18.80688499	88.40503634
18.82243735	88.36045978
19.43671317	90.0988184
19.48179141	90.0988184
19.44894046	90.0988184
19.47796687	90.07653012
19.47064225	90.05424184
20.33768527	90.90112865
20.3290462	90.85656056
20.28142465	90.92341693
20.32554484	90.85656056
20.28798284	90.90112865
20.51011539	91.54744636
20.49219727	91.41372516
20.49289473	91.48058151
20.4358549	91.48058151
20.50684013	91.48058151
20.54448644	89.65308673
20.55777398	89.65308673
20.57199274	89.63079845
20.53867043	89.65308673
20.55316639	89.60851017
20.61701222	86.26635403
20.64483148	86.28864231
20.60556031	86.31093059
20.61569011	86.26635403
20.58639162	86.31093059
20.57740893	85.99892012
20.60086331	86.0212084
20.5909711	85.97663183
20.64165331	85.99892012
20.61952487	85.97663183
20.26709348	78.19861573
20.27165508	78.19861573
20.28988872	78.22090401
20.2639779	78.22090401
20.28002973	78.2431838
19.85269148	71.37891933
19.82394227	71.37891933
19.85725181	71.37891933
19.82062869	71.40120761
19.88981662	71.42349589
19.64309536	67.85763822
19.60439774	67.92449881
19.62695538	67.8799265
19.60579138	67.90221053
19.65702926	67.8799265
19.71006444	68.25879757
19.67305043	68.25879757
19.69945689	68.32565817
19.6673545	68.28108585
19.65181362	68.30336989
19.59184726	68.9273951
19.59866604	68.90510682
19.61623415	68.9273951
19.61059442	68.83825045
19.6498988	68.88282277
18.8599521	57.44980434
18.84001313	57.40523202
18.85412204	57.33837143
18.85045972	57.40523202
18.87207848	57.38294374
18.316521	51.23184912
18.35883239	51.20956084
18.33151387	51.25413316
18.32551902	51.20956084
18.27989788	51.25413316
17.77768727	45.50419364
17.76552512	45.50419364
17.81107473	45.48190961
17.79136186	45.52648192
17.83565322	45.50419364
17.6338684	45.92764128
17.69424737	45.99450187
17.68251698	46.06135824
17.71894466	46.03907421
17.69989093	46.08364652
17.76622386	46.57395053
17.71012292	46.55166647
17.75967845	46.57395053
17.71594149	46.55166647
17.78158718	46.50708991
17.64880762	48.11172736
17.74993954	48.08943908
17.74689932	48.08943908
17.70030864	48.0671508
17.67860941	48.11172736
17.11752845	38.37248677
17.07813848	38.37248677
17.05269902	38.35020273
17.00087865	38.35020273
17.06306769	38.37248677
16.63235582	33.8483115
16.56744847	33.8483115
16.59896837	33.87059978
16.62542592	33.82602533
16.66881926	33.89288593
15.91766726	26.56059938
15.91235966	26.60517169
15.87296586	26.60517169
15.86326782	26.56059938
15.84679189	26.60517169
15.78818979	27.56349567
15.83365509	27.58578182
15.87074445	27.56349567
15.80828077	27.56349567
15.79301326	27.56349567
15.28224405	22.19242934
15.26985325	22.25928782
15.22420402	22.21471551
15.31193982	22.30386227
15.31514099	22.23700168
15.29800847	22.99474595
15.30938757	22.97245979
15.27227393	22.90559919
15.17598337	23.0170321
15.24990151	22.97245979
14.54091144	16.24191122
14.52458625	16.24191122
14.47568346	16.219624
14.51499168	16.26419739
14.57258335	16.219624
13.92715936	12.3194718
13.94367489	12.34175901
13.9643522	12.36404518
13.94071004	12.3194718
13.87571966	12.36404518
13.03371755	7.126697954
12.97628938	7.104411786
13.00960275	7.104411786
13.00344695	7.126697954
13.04606875	7.148984634
12.95117821	7.817582146
13.00210312	7.750722617
12.96072679	7.750722617
13.06092876	7.750722617
13.07506322	7.773009298
12.40837687	4.118009374
12.38398744	4.118009374
12.34490404	4.162582489
12.3417859	4.184868925
12.2811323	4.140295809
12.36916574	5.12202001
12.30717342	5.09973333
12.33526604	5.09973333
12.33709784	5.144306712
12.34431388	5.12202001
12.25126409	5.968909984
12.2943598	5.968909984
12.28563514	5.968909984
12.30975122	5.991196686
12.31427577	5.924337135
12.02755011	3.093940772
11.98219851	3.116227452
11.98987442	3.093940772
11.93778068	3.116227452
11.97316344	3.07165407
11.60502895	3.074440124
11.63405535	3.052153422
11.68421893	3.052153422
11.65504562	2.963007191
11.62937112	3.029866742
11.63140219	2.918433808
11.67897264	2.963007191
11.68552827	2.940720511
11.60636511	2.896147395
11.6637805	2.940720511
11.64877102	2.517275524
11.59999343	2.517275524
11.64281194	2.539561937
11.61055754	2.539561937
11.57513007	2.539561937
11.67063248	2.40584259
11.67300079	2.428129026
11.59745395	2.428129026
11.66837659	2.428129026
11.66982006	2.450415706
11.59163922	2.134224726
11.56725106	2.134224726
11.59065817	2.111938157
11.61562116	2.156511273
11.57597571	2.134224726
9.471404113	-2.077939688
9.42686302	-2.16708603
9.449133886	-2.122512803
9.449133886	-2.122512803
9.449133886	-2.122512803
8.35787423	-4.306598068
8.380145096	-4.262024952
8.35787423	-4.306598068
8.391280209	-4.239738272
8.35787423	-4.306598068
7.121856181	-6.780408728
7.169332105	-6.735835879
7.131416896	-6.758122048
7.088054845	-6.691262497
7.163648943	-6.735835879
7.111733408	-6.26781751
7.135106033	-6.24553083
7.151893651	-6.24553083
7.184304534	-6.26781751
7.137685108	-6.24553083
5.460479857	-8.964493748
5.543254871	-8.986780984
5.587071038	-8.919921433
5.555102775	-8.942207602
5.594495938	-8.942207602
4.33923191	-10.99257354
4.326584991	-10.97028631
4.391051321	-10.99257354
4.357540595	-10.99257354
4.317240795	-10.94800016
2.13392646	-16.140774
2.196850167	-16.140774
2.156089705	-16.09620062
2.143663457	-16.09620062
2.134740165	-16.09620062
0.237362517	-21.77927954
0.239760739	-21.73470722
0.238240012	-21.73470722
0.225814582	-21.73470722
0.207506178	-21.73470722
0.200529607	-20.13007191
0.189624066	-20.13007191
0.204188845	-20.15236019
0.199650894	-20.17464633
0.18228583	-20.13007191
0.160640921	-19.97406666
0.168704512	-19.97406666
0.219027765	-19.99635283
0.221448802	-19.97406666
0.2033849	-20.01863897
-1.596245585	-28.64354825
-1.646170289	-28.62126209
-1.681885173	-28.5989738
-1.595408089	-28.62126209
-1.597987163	-28.62126209
-2.724203246	-33.14543737
-2.734914262	-33.07857889
-2.76868973	-33.07857889
-2.727314039	-33.07857889
-2.734937894	-33.05629061
-3.726990037	-37.69190092
-3.741578607	-37.64732861
-3.765149868	-37.66961264
-3.78758009	-37.64732861
-3.770838778	-37.60275629
-5.184070813	-43.75385091
-5.188170954	-43.75385091
-5.160056932	-43.77613919
-5.149174105	-43.75385091
-5.145735977	-43.75385091
-5.245736119	-42.06007307
-5.184333957	-42.06007307
-5.217887796	-42.08235711
-5.287153006	-42.08235711
-5.217887796	-42.08235711
-6.19200713	-49.12491935
-6.256277059	-49.10263107
-6.25911864	-49.10263107
-6.224441646	-49.08034704
-6.160196626	-49.08034704
-7.530021901	-55.58802869
-7.586219287	-55.63260103
-7.510455934	-55.58802869
-7.481441662	-55.58802869
-7.521277445	-55.54345638
-8.838577225	-62.16257097
-8.837914253	-62.16257097
-8.82617429	-62.14028268
-8.84100365	-62.11799865
-8.893504874	-62.09571037
-9.875523663	-67.73421697
-9.888808005	-67.73421697
-9.943075876	-67.66735638
-9.882327745	-67.73421697
-9.91240673	-67.66735638
-9.912238752	-65.81756904
-9.925722369	-65.81756904
-9.976462695	-65.77299673
-9.897150079	-65.77299673
-9.907614557	-65.81756904
-9.9912697	-64.39122937
-10.00823168	-64.4135134
-9.932424259	-64.34665705
-9.931519859	-64.39122937
-9.965494282	-64.39122937
-9.993910729	-64.07921465
-9.947318128	-64.0123583
-9.971024155	-64.03464233
-9.964721454	-64.05693061
-10.02244597	-64.03464233
-9.93443489	-63.9454977
-9.947297051	-63.96778173
-9.984560146	-63.92320942
-9.96734907	-63.9454977
-9.966910921	-63.92320942
-10.03340225	-62.92114884
-10.00288895	-62.89886481
-9.984581223	-62.89886481
-9.970002234	-62.87657652
-9.98700701	-62.92114884
-10.95869545	-72.1477929
-10.94082843	-72.17008118
-10.97870084	-72.17008118
-10.92840441	-72.10322483
-10.94151056	-72.1477929
-10.96104714	-70.92203504
-10.95755984	-70.96660735
-10.97069409	-70.92203504
-11.00530529	-70.94431907
-11.05670923	-70.89974676
-12.27598948	-78.76691174
-12.21024798	-78.74462346
-12.23662634	-78.67776711
-12.28927829	-78.70004689
-12.24312703	-78.65547883
-13.01775385	-82.17675569
-13.00749504	-82.13218762
-13.01053525	-82.13218762
-13.04018759	-82.08761106
-13.05502206	-82.06532278
-13.11057755	-79.07892221
-13.13236492	-79.10121049
-13.10423269	-79.07892221
-13.05256945	-79.05663393
-13.09269137	-79.05663393
-13.71709826	-84.31626944
-13.75127643	-84.24941309
-13.68370186	-84.27169288
-13.70397295	-84.22712481
-13.78218062	-84.27169288
-13.92983424	-84.60599166
-13.98689834	-84.58371185
-13.96618655	-84.60599166
-13.95728689	-84.58371185
-14.00827056	-84.56142357
-14.64563542	-87.68154532
-14.62814651	-87.65925704
-14.59939474	-87.65925704
-14.62819505	-87.61468048
-14.66434936	-87.61468048
-14.69019248	-84.9180106
-14.69827205	-84.96257869
-14.67056264	-84.9180106
-14.73526689	-84.9180106
-14.66775747	-84.94029041
-14.69105472	-84.78428941
-14.70571291	-84.73971285
-14.67905098	-84.76200113
-14.73507911	-84.71742457
-14.6856181	-84.73971285
-15.063351	-88.72900968
-15.11867656	-88.72900968
-15.12148045	-88.63986505
-15.07685824	-88.7067299
-15.12456282	-88.66215333
-15.60608336	-91.13596584
-15.62155014	-91.13596584
-15.69105997	-91.09138928
-15.5906204	-91.069101
-15.61243332	-91.069101
-15.70930255	-88.39471093
-15.70601963	-88.43928749
-15.66686726	-88.39471093
-15.68464997	-88.39471093
-15.69099482	-88.39471093
-16.23633564	-92.78517136
-16.2345741	-92.76288308
-16.22981323	-92.76288308
-16.27290766	-92.76288308
-16.21262834	-92.76288308
-16.75213142	-93.89950056
-16.74406719	-93.89950056
-16.75909838	-93.87721228
-16.79005238	-93.854924
-16.70985708	-93.87721228
-16.84756485	-92.65145017
-16.82200787	-92.69602673
-16.77433139	-92.65145017
-16.81985034	-92.67373845
-16.76604744	-92.67373845
-17.02939793	-94.61267464
-16.99456317	-94.61267464
-17.03008261	-94.59038635
-17.01000824	-94.63495444
-17.10241423	-94.56809807
-17.47911881	-96.01672603
-17.38304157	-95.99443775
-17.41031283	-96.01672603
-17.40921426	-95.99443775
-17.46826089	-95.97214947
-17.527388	-93.67663472
-17.47664832	-93.65434644
-17.4853091	-93.65434644
-17.49363776	-93.65434644
-17.47988908	-93.65434644
-17.53642179	-93.698923
-17.54254949	-93.65434644
-17.57257482	-93.698923
-17.49041743	-93.698923
-17.53403943	-93.698923
-18.26735507	-98.289961
-18.22270348	-98.20080787
-18.18703203	-98.17852808
-18.18848827	-98.17852808
-18.2081411	-98.1562398
-18.53230742	-98.64653956
-18.60484086	-98.62425975
-18.55388146	-98.62425975
-18.53147072	-98.62425975
-18.56042431	-98.62425975
-18.60054879	-96.484746
-18.59667315	-96.46245772
-18.61932277	-96.484746
-18.61758422	-96.44016944
-18.62588606	-96.46245772
-18.66063778	-95.34812852
-18.66828048	-95.3704168
-18.61582779	-95.34812852
-18.60287494	-95.34812852
-18.6395517	-95.34812852
-19.07467061	-98.75797247
-19.05656343	-98.75797247
-18.99123709	-98.78026075
-19.07269063	-98.75797247
-19.00888696	-98.7134044
-19.21177289	-99.44885826
-19.25008218	-99.47114654
-19.25992967	-99.47114654
-19.30324893	-99.44885826
-19.28064275	-99.44885826
-19.32397605	-97.77736446
-19.30761126	-97.7550762
-19.32089752	-97.7550762
-19.32050024	-97.7550762
-19.28973785	-97.77736446
-19.37761928	-96.86361282
-19.32952381	-96.84133304
-19.36678052	-96.86361282
-19.32410379	-96.84133304
-19.38790747	-96.81904476
-19.41885381	-94.25163333
-19.47613124	-94.27391314
-19.45266665	-94.27391314
-19.43326035	-94.25163333
-19.45061769	-94.27391314
-19.45304859	-94.1624802
-19.3755435	-94.14020042
-19.42738431	-94.18476848
-19.44220983	-94.1624802
-19.39056575	-94.18476848
-19.30138137	-88.72455541
-19.34711875	-88.72455541
-19.2780509	-88.72455541
-19.26668202	-88.72455541
-19.25015755	-88.72455541
-19.29217513	-88.99199782
-19.28279134	-88.99199782
-19.2206866	-88.96970954
-19.30303816	-88.96970954
-19.24884182	-88.96970954
-18.89600805	-82.86318723
-18.90144595	-82.9077553
-18.93242678	-82.86318723
-18.95659139	-82.88547552
-18.90212936	-82.88547552
-18.71767761	-79.14132431
-18.68649751	-79.18590087
-18.68975871	-79.16361259
-18.67446438	-79.25275722
-18.64049443	-79.18590087
-18.24703288	-72.99022545
-18.27558409	-72.99022545
-18.2433744	-73.01251373
-18.26708554	-72.96794564
-18.21676229	-72.99022545
-17.77131303	-66.57169265
-17.71923463	-66.57169265
-17.70310615	-66.57169265
-17.78173152	-66.59397668
-17.75062551	-66.57169265
-17.69944639	-67.97574829
-17.69856243	-67.99803232
-17.71098772	-67.99803232
-17.70122965	-67.97574829
-17.74890229	-68.0203206
-17.74274905	-68.46605229
-17.68652419	-68.44376401
-17.65120786	-68.46605229
-17.70959408	-68.44376401
-17.68958485	-68.48833633
-17.23014932	-60.22001622
-17.1391587	-60.19772794
-17.20516206	-60.22001622
-17.22781168	-60.24230025
-17.17162898	-60.24230025
-16.63292043	-54.13577795
-16.64662951	-54.11348967
-16.59280362	-54.13577795
-16.64054525	-54.18035026
-16.66559382	-54.18035026
-16.26412297	-49.9458993
-16.22080754	-49.96818758
-16.26784659	-49.99047162
-16.27832768	-50.0127599
-16.24999746	-49.99047162
-15.84836948	-45.39943787
-15.82444246	-45.39943787
-15.83768657	-45.44401018
-15.84356772	-45.44401018
-15.82202051	-45.44401018
-15.8015974	-46.44690647
-15.81094032	-46.42461819
-15.76152019	-46.46919475
-15.81184345	-46.44690647
-15.83669147	-46.44690647
-15.81744613	-47.38489353
-15.80196402	-47.34032122
-15.772746	-47.40718182
-15.82262344	-47.36260525
-15.82716205	-47.38489353
-15.75979698	-47.96434642
-15.78987468	-47.89748582
-15.78504227	-47.96434642
-15.82602005	-47.96434642
-15.83166489	-47.94205814
-15.1664169	-39.09428514
-15.14506768	-39.09428514
-15.12587727	-39.1165692
-15.14790862	-39.09428514
-15.13196026	-39.1165692
-14.58443381	-33.21062655
-14.5388957	-33.21062655
-14.57595314	-33.23291272
-14.52168782	-33.23291272
-14.56246888	-33.23291272
-13.69911244	-26.27949937
-13.73378496	-26.30178552
-13.68844485	-26.30178552
-13.72836495	-26.30178552
-13.70369192	-26.32407169
-13.29547383	-23.53824869
-13.29280917	-23.56053486
-13.2965494	-23.582821
-13.27929937	-23.582821
-13.32179853	-23.582821
-13.29575869	-24.27370682
-13.29117665	-24.29599296
-13.30535965	-24.31827913
-13.28771361	-24.31827913
-13.28531593	-24.27370682
-13.27100136	-25.18745632
-13.26884511	-25.16517017
-13.23921066	-25.18745632
-13.26712445	-25.16517017
-13.2686701	-25.14288189
-12.74447668	-20.19526108
-12.7767298	-20.19526108
-12.74359016	-20.21754725
-12.77324888	-20.17297494
-12.77782581	-20.21754725
-12.19179336	-16.18367597
-12.13598749	-16.20596214
-12.18287198	-16.18367597
-12.21117921	-16.22824935
-12.21532438	-16.18367597
-11.47318445	-12.06065794
-11.49215515	-12.06065794
-11.45924161	-12.06065794
-11.49083304	-12.06065794
-11.47662449	-12.06065794
-10.35133293	-7.023889856
-10.38183027	-6.934743625
-10.3580559	-6.979316473
-10.36589851	-7.001603176
-10.37129681	-7.023889856
-10.39693491	-7.781633599
-10.36227771	-7.803920301
-10.37951114	-7.759346919
-10.33656808	-7.803920301
-10.38342957	-7.803920301
-8.745380527	-3.056877856
-8.760761086	-3.101450971
-8.753070487	-3.079164558
-8.768451685	-3.123737674
-8.760761086	-3.101450971
-6.915071615	2.24732919
-6.920093721	2.24732919
-6.899814964	2.269615603
-6.952084339	2.24732919
-6.907195793	2.225042488
-6.921046663	1.868457163
-6.915823366	1.868457163
-6.910902814	1.8015975
-6.910253893	1.823884069
-6.941735467	1.868457163
-5.53188216	3.740530263
-5.570118636	3.673670445
-5.607956562	3.740530263
-5.609050018	3.673670445
-5.589760608	3.695957147
-5.529152991	2.826780204
-5.554290347	2.871353586
-5.5401329	2.849066906
-5.545828836	2.871353586
-5.545828836	2.871353586
-5.507189979	2.647651765
-5.514282754	2.692225147
-5.54303388	2.692225147
-5.528889207	2.692225147
-5.499202384	2.669938467
-3.84740913	5.388901919
-3.928641042	5.388901919
-3.812575973	5.388901919
-3.852431237	5.388901919
-3.877218904	5.388901919
-1.222019	8.954754834
-1.288531888	8.999328216
-1.215125261	8.910182519
-1.188828822	8.932468665
-1.269126235	8.910182519
0.266211225	11.60685873
0.281977679	11.67371829
0.23554168	11.60685873
0.331218035	11.67371829
0.348829198	11.60685873
1.227390955	13.90237669
1.270088996	13.90237669
1.313733433	13.85780331
1.216298954	13.88009052
1.263831722	13.85780331
1.313725849	12.56518164
1.31220566	12.56518164
1.310685392	12.56518164
1.307182357	12.56518164
1.304614938	12.54289547
2.18153236	16.26475522
2.181882687	16.22018183
2.154639694	16.242468
2.231386328	16.22018183
2.227685375	16.22018183
4.045205256	21.85868632
4.10538686	21.92554692
4.065759294	21.85868632
4.086171859	21.8809746
4.127074911	21.90326075
4.107061534	20.85579003
4.146093192	20.92265063
4.092056531	20.85579003
4.127475377	20.87807831
4.121989254	20.87807831
4.13876825	20.61063804
4.099110345	20.61063804
4.105378876	20.63292419
4.115823235	20.63292419
4.07180428	20.63292419
5.197885596	26.18228403
5.217252608	26.18228403
5.227309594	26.15999786
5.219982416	26.13771171
5.24833659	26.13771171
6.157315446	30.30530205
6.239482416	30.28301591
6.281243882	30.30530205
6.176832872	30.26072974
6.225037554	30.21615531
6.886531899	33.09112505
6.946501454	33.04655274
6.937654806	33.02426657
6.911820627	33.00197829
6.949108631	32.97969214
7.995442696	37.59301629
8.019832134	37.59301629
8.040308888	37.61530034
8.042179005	37.57072801
8.06821182	37.59301629
9.365603289	43.81097152
9.377177829	43.78868749
9.436974296	43.83325981
9.336065922	43.78868749
9.384259746	43.76639921
9.444708327	42.51834881
9.351823953	42.56292538
9.390520932	42.49606476
9.418536275	42.51834881
9.348982373	42.56292538
9.352344495	41.84975128
9.451621627	41.84975128
9.433312623	41.84975128
9.362139614	41.82746725
9.412550369	41.87203956
9.415255268	41.73831837
9.377382213	41.73831837
9.383727708	41.73831837
9.471390062	41.69374605
9.428096991	41.69374605
10.38846956	48.84774121
10.41913999	48.84774121
10.35886769	48.82545293
10.37156889	48.80316887
10.44321646	48.80316887
11.29701282	52.79246571
11.23474842	52.79246571
11.28287837	52.77017743
11.24984986	52.72560511
11.21493336	52.77017743
12.96455644	60.16932671
12.87155902	60.16932671
12.90488261	60.14703843
12.89623332	60.12475014
12.84441295	60.12475014
14.33312156	66.69929242
14.42582135	66.63243607
14.39430401	66.61014779
14.33858246	66.61014779
14.43251877	66.58785951
14.43235143	64.91636571
14.42494889	64.91636571
14.42144625	64.91636571
14.37465884	64.89408167
14.40130801	64.87179339
14.4732564	62.50913805
14.52537951	62.57599865
14.47004118	62.59828268
14.52325775	62.57599865
14.55692112	62.53142633
14.51155674	62.44227743
14.48054909	62.46456571
14.41108013	62.46456571
14.49857962	62.48684977
14.50712033	62.46456571
14.70936117	64.98295056
14.70604759	65.00523459
14.61048004	64.98295056
14.69523183	64.96066228
14.67303314	64.93837399
15.14671681	68.99453567
15.15797327	68.94995911
15.20296593	68.99453567
15.17932377	68.94995911
15.12781764	68.99453567
15.46795915	70.77746239
15.47259484	70.7551741
15.49737006	70.77746239
15.48945783	70.73288582
15.52798172	70.7551741
16.02382831	73.02840482
15.98575662	73.02840482
16.01724075	72.98382826
16.05940141	73.00611654
15.9893589	72.96154847
16.47992216	74.05358939
16.41727198	74.03130111
16.48540477	74.05358939
16.51415526	74.05358939
16.43880386	74.05358939
16.89492964	75.43535251
16.93425063	75.45764079
16.80708271	75.45764079
16.88232041	75.41307272
16.90993273	75.43535251
17.3355286	77.0845665
17.28215747	77.01770165
17.33939402	77.01770165
17.29583717	77.01770165
17.28870799	76.99541337
17.73522642	78.28804035
17.62901811	78.26575207
17.69907211	78.28804035
17.74232239	78.24346379
17.63622138	78.26575207
17.97744229	75.43535251
17.9901435	75.41307272
17.95749055	75.41307272
18.02960117	75.41307272
17.99745663	75.45764079
18.02338533	74.83361984
18.03903989	74.85590812
17.96832547	74.83361984
18.06720661	74.83361984
18.02602955	74.83361984
18.28643435	78.55547426
18.30751787	78.55547426
18.275137	78.53319446
18.26450902	78.51090617
18.28636665	78.55547426
18.71385946	79.51380246
18.71253735	79.51380246
18.721262	79.51380246
18.72686597	79.53609075
18.72859046	79.53609075
19.09557401	79.51380246
19.03959059	79.51380246
19.01816217	79.53609075
19.02928196	79.51380246
19.00025683	79.53609075
19.37533656	80.60584338
19.2950429	80.5835551
19.32324666	80.62813167
19.38433586	80.5835551
19.32995302	80.56126682
19.69671431	81.02928677
19.57437879	81.00699849
19.67622733	81.02928677
19.65753128	81.00699849
19.5868539	81.05157505
20.16542377	81.60873965
20.13051493	81.63102793
20.09289289	81.51959502
20.15803656	81.58645137
20.09056163	81.56416309
20.51404468	82.32191375
20.61141081	82.29962547
20.61075167	82.29962547
20.48682452	82.29962547
20.59357828	82.27733719
20.70765923	80.67269973
20.63343195	80.67269973
20.73819552	80.67269973
20.75144346	80.60584338
20.67059924	80.62813167
20.79841225	79.06807078
20.84071981	79.04578249
20.77105669	79.04578249
20.81387521	79.06807078
20.83655676	79.04578249
20.80809241	76.48143391
20.80583524	76.50372219
20.83552334	76.48143391
20.83656953	76.50372219
20.75370446	76.45914563
20.84688455	76.63744341
20.84271	76.65972319
20.75189566	76.65972319
20.81575426	76.63744341
20.82498988	76.68201147
20.82521726	76.45914563
20.85455535	76.48143391
20.89460957	76.48143391
20.86453697	76.48143391
20.81716835	76.43685735
20.74756654	72.46984879
20.72356544	72.49213708
20.63176749	72.46984879
20.7308428	72.46984879
20.73637522	72.51442536
20.14707006	64.84783794
20.10155878	64.93698257
20.20838664	64.89241025
20.19748146	64.89241025
20.13436119	64.89241025
20.14683246	65.22670901
20.17329002	65.18213669
20.1851788	65.20442073
20.20621633	65.15984841
20.16593601	65.22670901
19.90211928	59.83335653
19.79376876	59.87792887
19.8290621	59.87792887
19.87511117	59.92250118
19.87655846	59.94478947
19.35474228	54.43999983
19.38349277	54.43999983
19.34363783	54.43999983
19.28971869	54.41771578
19.38582786	54.39542752
19.07001831	50.56213591
19.06507093	50.53984763
18.95905167	50.53984763
19.03089787	50.53984763
19.02844398	50.56213591
19.04836124	51.38673867
19.07038237	51.36445463
18.97757272	51.38673867
18.98478494	51.36445463
18.9526455	51.40902695
18.55457509	44.85676871
18.5694581	44.83448468
18.55944965	44.7453358
18.63062777	44.76762408
18.61515843	44.76762408
18.49069349	45.07963455
18.53635167	45.10192284
18.54499968	45.12421112
18.53521734	45.12421112
18.51044468	45.10192284
18.50204321	46.28227692
18.5226592	46.30456098
18.53680387	46.30456098
18.52643392	46.28227692
18.52967469	46.28227692
17.79939672	37.38992737
17.84905828	37.47907627
17.88257092	37.47907627
17.83047719	37.5013603
17.82003315	37.5013603
17.2976613	31.90743026
17.33857648	31.90743026
17.34418683	31.92971643
17.27081925	31.92971643
17.35186274	31.90743026
16.8323957	27.04895411
16.81961785	27.09352644
16.79768358	27.07124028
16.79078178	27.13810087
16.82786987	27.1158147
16.26045171	23.37166775
16.33895062	23.41624008
16.34728823	23.39395392
16.26644273	23.41624008
16.34389928	23.43852837
16.3108069	24.39685021
16.36757848	24.41913635
16.35420536	24.4637108
16.29724983	24.41913635
16.34470788	24.41913635
16.34981493	24.66429048
16.39329769	24.68657665
16.32203782	24.70886279
16.3449046	24.70886279
16.34424546	24.70886279
15.6791878	18.6469128
15.66048024	18.6469128
15.72063438	18.62462452
15.69379361	18.6469128
15.64642116	18.60233835
14.807785	12.80782653
14.87732805	12.78554038
14.83318486	12.76325421
14.79411297	12.78554038
14.87089888	12.83011374
14.14808988	8.885388176
14.08886569	8.885388176
14.11516356	8.907674345
14.15349967	8.907674345
14.11278248	8.907674345
14.21613197	9.397979394
14.13310595	9.420266608
14.14432154	9.464838923
14.18597123	9.442552777
14.18102513	9.420266608
13.59736864	6.054991791
13.56338336	6.077278493
13.62896135	6.054991791
13.61349584	6.054991791
13.53556665	6.054991791
12.93887044	3.447461784
13.02318026	3.514321335
13.02695753	3.492034899
12.93663882	3.558894717
12.99660774	3.514321335
13.0096002	4.160632433
13.01797357	4.205205549
12.92287354	4.182918846
12.98541003	4.160632433
13.01692865	4.182918846
12.98357057	5.898986031
13.07594079	5.965845559
13.07621671	5.943558879
12.98302129	5.943558879
13.06055193	5.943558879
13.01384756	3.826333655
12.93082026	3.848620091
12.91742286	3.804046975
12.94457788	3.826333655
12.93374934	3.804046975
12.44164681	3.516550049
12.47032193	3.538836752
12.41553671	3.516550049
12.42914487	3.538836752
12.41896526	3.538836752
12.40752229	3.694842778
12.40773306	3.672556098
12.41809918	3.694842778
12.409828	3.717129459
12.46138395	3.717129459
10.84036586	-0.361315519
10.82264958	-0.405888701
10.83150836	-0.38360211
10.84036586	-0.361315519
10.84036586	-0.361315519
9.139625758	-4.640339795
9.099908774	-4.707199324
9.084260599	-4.662626475
9.109316201	-4.729486026
9.06242852	-4.640339795
6.353467555	-7.247869802
6.379552744	-7.225583633
6.38737747	-7.247869802
6.39764395	-7.270156482
6.353818841	-7.203296953
6.363511767	-6.178113983
6.306890922	-6.200400663
6.395105113	-6.178113983
6.357588454	-6.200400663
6.338882179	-6.200400663
6.312131464	-6.155827281
6.377896592	-6.155827281
6.297502017	-6.133540601
6.38816882	-6.244973512
6.389508815	-6.200400663
3.401550789	-11.12573584
3.330278142	-11.1034486
3.39106236	-11.08116246
3.331383095	-11.14802198
3.274933421	-11.08116246
3.323195586	-10.59085738
3.311277745	-10.63543077
3.381645352	-10.61314462
3.324120106	-10.59085738
3.327580907	-10.61314462
0.916563031	-16.11793001
0.960120046	-16.11793001
0.847492865	-16.11793001
0.926124146	-16.09564384
0.924142017	-16.09564384
-1.088685372	-21.66728878
-1.054531713	-21.71186323
-1.076457281	-21.66728878
-1.075353366	-21.71186323
-1.046227163	-21.68957706
-1.127142359	-20.7981137
-1.145229254	-20.82039985
-1.0478509	-20.77582542
-1.095349578	-20.7981137
-1.085548551	-20.75353925
-2.630625083	-27.61780797
-2.725164491	-27.59552182
-2.622362847	-27.61780797
-2.675527362	-27.59552182
-2.670948834	-27.55094737
-4.12544303	-33.36774537
-4.088633732	-33.30088688
-4.204300571	-33.30088688
-4.134196108	-33.27860071
-4.099118648	-33.32317305
-5.07365729	-37.06732001
-5.055815815	-37.00045939
-5.147707647	-37.04503173
-5.029221263	-37.02274767
-5.029858686	-37.04503173
-5.078503114	-35.03923917
-5.147548291	-35.06152745
-5.123599239	-35.0838136
-5.097274537	-35.03923917
-5.154116054	-35.03923917
-5.125138508	-35.12838591
-5.144967301	-35.12838591
-5.114166902	-35.12838591
-5.115753755	-35.12838591
-5.140604973	-35.12838591
-5.744018402	-39.98685996
-5.793455777	-39.98685996
-5.820272278	-39.94228764
-5.723066453	-39.98685996
-5.800180021	-39.94228764
-6.68829954	-44.22131092
-6.681581044	-44.19902686
-6.763472096	-44.19902686
-6.70839499	-44.15445455
-6.711681107	-44.10987798
-6.742836304	-43.08469768
-6.80384311	-43.08469768
-6.799898492	-43.12927
-6.758742514	-43.10698171
-6.84913787	-43.12927
-7.88686991	-49.77067287
-7.851994279	-49.74838458
-7.798414928	-49.72610055
-7.873809751	-49.68152399
-7.839633498	-49.74838458
-9.08018377	-55.60975701
-8.991488637	-55.54289641
-9.047847615	-55.56518469
-9.008275616	-55.54289641
-9.018960445	-55.56518469
-10.08008874	-60.51280548
-10.08908037	-60.44594488
-10.10582264	-60.4905172
-10.05466333	-60.4905172
-10.11218858	-60.46823317
-10.34096873	-61.47112946
-10.42589808	-61.53799005
-10.34048395	-61.49341349
-10.32455603	-61.49341349
-10.37318481	-61.44884117
-10.34292507	-59.55448153
-10.42855572	-59.57676981
-10.42005333	-59.55448153
-10.3895413	-59.53219749
-10.45078762	-59.55448153
-11.28031335	-65.81701333
-11.35024089	-65.81701333
-11.34067826	-65.79472505
-11.35760128	-65.79472505
-11.30377539	-65.81701333
-11.42469044	-63.36353769
-11.43775315	-63.38582597
-11.40178023	-63.34125366
-11.39109093	-63.38582597
-11.45187738	-63.40811
-11.43736865	-63.18524418
-11.45563678	-63.16296013
-11.4594907	-63.20753246
-11.39223037	-63.18524418
-11.43210703	-63.16296013
-11.41534241	-63.14067187
-11.39701041	-63.16296013
-11.47524873	-63.11838781
-11.44239651	-63.11838781
-11.42404279	-63.16296013
-11.69360911	-66.92939114
-11.68160409	-66.90710708
-11.73456901	-66.88481882
-11.73240765	-66.92939114
-11.75393698	-66.88481882
-12.29806937	-70.09408521
-12.2514953	-70.07180118
-12.2185792	-70.07180118
-12.26131596	-70.09408521
-12.24452962	-70.09408521
-12.78789046	-72.6570466
-12.76326088	-72.63475834
-12.84647595	-72.63475834
-12.82296665	-72.61247006
-12.76850461	-72.61247006
-13.45138841	-75.75488007
-13.45185467	-75.68801523
-13.51678246	-75.66573544
-13.53879209	-75.66573544
-13.45515803	-75.68801523
-14.2249205	-77.98353848
-14.22948466	-77.98353848
-14.18700976	-77.96125019
-14.18443452	-77.89439385
-14.22558219	-77.91667363
-14.26205585	-75.73259179
-14.25881509	-75.73259179
-14.30563698	-75.71030351
-14.30365828	-75.71030351
-14.1892631	-75.75488007
-14.7387312	-79.16472405
-14.73608698	-79.16472405
-14.66135896	-79.14243577
-14.69466849	-79.14243577
-14.71429705	-79.14243577
-14.79733968	-77.35950903
-14.79599841	-77.38179731
-14.75111945	-77.38179731
-14.802121	-77.40408559
-14.85200355	-77.35950903
-15.21836629	-81.48252708
-15.1883154	-81.46024727
-15.25238734	-81.43795899
-15.25784695	-81.46024727
-15.23387906	-81.43795899
-15.80798569	-83.48831964
-15.84524368	-83.44375155
-15.91759317	-83.46603983
-15.8607309	-83.42146327
-15.80818369	-83.48831964
-16.90542989	-85.36039948
-16.95009297	-85.31582291
-16.96058172	-85.3381112
-16.93132411	-85.31582291
-16.88928608	-85.31582291
-17.64830943	-87.32161547
-17.68904706	-87.29932719
-17.69468296	-87.34390375
-17.60208664	-87.27703891
-17.61951679	-87.23247082
-18.0338843	-87.67820251
-18.02129933	-87.70049079
-18.01515375	-87.70049079
-18.06699712	-87.67820251
-18.00669735	-87.63362595
-18.1553218	-85.65012167
-18.0927968	-85.65012167
-18.13480928	-85.67240995
-18.13095791	-85.62783339
-18.19127939	-85.65012167
-18.70745456	-89.4834175
-18.6765491	-89.39426438
-18.66670416	-89.39426438
-18.64204647	-89.46112922
-18.62926734	-89.41655266
-19.20491963	-90.62002651
-19.22884792	-90.62002651
-19.13038961	-90.5977467
-19.18029004	-90.5977467
-19.19227463	-90.57545842
-19.98280766	-91.46692178
-19.95117152	-91.4446335
-19.9855579	-91.48921006
-19.96101645	-91.4446335
-19.97386584	-91.42234522
-19.97481495	-90.64231479
-19.98001653	-90.66460307
-19.96658082	-90.62002651
-20.03211921	-90.64231479
-19.98812548	-90.62002651
-20.06694119	-89.46112922
-20.07736606	-89.41655266
-20.03748813	-89.43884094
-20.06608533	-89.39426438
-20.08218953	-89.41655266
-20.52195435	-92.5589627
-20.55480657	-92.49210635
-20.47247801	-92.53667442
-20.5389208	-92.51438614
-20.54811043	-92.51438614
-20.84234466	-92.42524151
-20.87830225	-92.42524151
-20.9175185	-92.40295322
-20.85695176	-92.42524151
-20.84756541	-92.42524151
-21.36513933	-93.53957071
-21.36601946	-93.51728243
-21.4250661	-93.49500262
-21.43685524	-93.47271434
-21.43617055	-93.49500262
-21.60097841	-91.33320059
-21.56590606	-91.31091231
-21.58375137	-91.31091231
-21.61446267	-91.33320059
-21.61624847	-91.26634422
-21.63098458	-89.95142898
-21.69044509	-89.97371726
-21.63884827	-89.95142898
-21.70807069	-89.99600554
-21.63993151	-89.92914919
-21.85448651	-87.43193695
-21.81352534	-87.47650502
-21.81282276	-87.45422523
-21.78581338	-87.43193695
-21.84262966	-87.45422523
-21.80391927	-87.4987933
-21.82963082	-87.4987933
-21.79739941	-87.47650502
-21.84767285	-87.4987933
-21.76795785	-87.4987933
-21.73773963	-84.49010447
-21.68699355	-84.53468104
-21.67282716	-84.49010447
-21.69221813	-84.53468104
-21.7103087	-84.49010447
-21.14756839	-75.08517113
-21.17174067	-75.10745091
-21.17651943	-75.08517113
-21.12139697	-75.08517113
-21.11635379	-75.10745091
-21.09885338	-75.5309028
-21.09407207	-75.48632623
-21.13132877	-75.50861451
-21.17250583	-75.50861451
-21.13004499	-75.5309028
-20.72450433	-68.37690341
-20.64128414	-68.44376401
-20.69679109	-68.39919167
-20.65541348	-68.39919167
-20.65128747	-68.42147996
-20.16923426	-61.73550477
-20.15944809	-61.80236114
-20.21455138	-61.7577888
-20.12675554	-61.78007709
-20.1419579	-61.78007709
-19.74209401	-56.89931265
-19.76778512	-56.85474033
-19.79523649	-56.89931265
-19.77256644	-56.89931265
-19.78822611	-56.89931265
-19.83196436	-57.54562615
-19.76989795	-57.54562615
-19.77836074	-57.54562615
-19.71210828	-57.56791018
-19.75608795	-57.54562615
-19.7858131	-58.12591049
-19.75012121	-58.12591049
-19.73571467	-58.12591049
-19.74095968	-58.10362644
-19.76182093	-58.12591049
-19.7779443	-58.57164216
-19.79904698	-58.54935812
-19.7110557	-58.57164216
-19.74586235	-58.59393044
-19.69076545	-58.57164216
-19.0845692	-49.87987442
-19.09699576	-49.87987442
-19.11116087	-49.85759038
-19.08461518	-49.8353021
-19.09265004	-49.92445098
-18.67252528	-44.8208207
-18.65490224	-44.79853666
-18.71130721	-44.77624838
-18.62222502	-44.8208207
-18.66794069	-44.84310898
-18.69092881	-45.73457233
-18.64803365	-45.73457233
-18.63842759	-45.75685637
-18.60072635	-45.77914465
-18.63990427	-45.73457233
-18.10507647	-39.13774178
-18.04369219	-39.11545774
-18.09243019	-39.16003006
-18.02860352	-39.13774178
-18.0813053	-39.11545774
-17.54858521	-34.47984743
-17.54860437	-34.52441975
-17.60218883	-34.47984743
-17.57955838	-34.50213358
-17.55777229	-34.47984743
-17.60858095	-35.43816927
-17.50487635	-35.43816927
-17.52556515	-35.43816927
-17.48547261	-35.4158831
-17.58412765	-35.43816927
-16.78262429	-27.61557872
-16.76759693	-27.63786489
-16.81397046	-27.66015317
-16.74516447	-27.66015317
-16.77283939	-27.61557872
-16.14544849	-23.31426927
-16.17812315	-23.29198099
-16.19120886	-23.29198099
-16.22648432	-23.31426927
-16.19230742	-23.31426927
-15.31173544	-17.00716516
-15.27471632	-17.07402471
-15.28582334	-17.07402471
-15.24854363	-17.07402471
-15.2727108	-17.09631193
-15.21967179	-17.94320085
-15.2211919	-17.94320085
-15.23467616	-17.94320085
-15.19396024	-17.94320085
-15.22532941	-17.96548914
-14.30225442	-11.65838502
-14.25345127	-11.68067117
-14.28308828	-11.65838502
-14.24018929	-11.65838502
-14.31485727	-11.68067117
-14.22281151	-12.66128129
-14.27357419	-12.66128129
-14.28204975	-12.70585467
-14.30011605	-12.68356746
-14.24133895	-12.63899514
-13.05977399	-6.30960486
-13.08151921	-6.30960486
-13.0564668	-6.30960486
-13.09044314	-6.30960486
-13.02467609	-6.30960486
-11.47556169	-2.855184345
-11.4655673	-2.832897665
-11.49555048	-2.899757461
-11.51553927	-2.944330576
-11.47556169	-2.855184345
-10.77596181	-1.295123343
-10.75597302	-1.250550228
-10.76596741	-1.272836774
-10.76596741	-1.272836774
-10.76596741	-1.272836774
-9.176876079	2.270729972
-9.227561476	2.248443536
-9.224982401	2.248443536
-9.278434651	2.203870287
-9.216059109	2.248443536
-8.013067651	3.474205671
-8.100652722	3.496492084
-8.039560331	3.451918968
-8.032556335	3.451918968
-8.010347424	3.451918968
-8.0030228	2.894754368
-7.967178899	2.850181252
-7.960675006	2.939327483
-8.033792222	2.827894572
-8.025805904	2.850181252
-8.03746603	2.02557758
-8.050937512	2.003291011
-8.05755701	2.02557758
-8.112879376	2.02557758
-8.069707019	2.003291011
-8.173776964	1.780425167
-8.124413678	1.802711736
-8.134008244	1.824998416
-8.128910772	1.802711736
-8.07787345	1.780425167
-8.168238148	1.356980046
-8.221344861	1.423839864
-8.238244251	1.379266748
-8.225582642	1.446126411
-8.235091623	1.423839864
-8.000501847	3.028473981
-7.927806174	3.050760417
-7.944133289	3.050760417
-7.936730105	3.050760417
-7.986631177	3.050760417
-7.591566492	3.316806617
-7.612167155	3.272233501
-7.670257013	3.249946799
-7.618324872	3.294519914
-7.617775589	3.249946799
-7.53027802	3.339650348
-7.538616262	3.361937028
-7.594371029	3.295077232
-7.531225213	3.384223463
-7.513964318	3.361937028
-7.537672262	2.737912631
-7.521184195	2.671052836
-7.596310125	2.760199067
-7.558748118	2.715625951
-7.544490395	2.760199067
-7.560289303	2.470473671
-7.537342692	2.448186991
-7.555541839	2.492760107
-7.557956767	2.425900289
-7.542654129	2.492760107
-5.79268231	5.167150176
-5.797241996	5.167150176
-5.838731376	5.122576794
-5.805194463	5.211723559
-5.795061471	5.167150176
-2.957173276	8.287271935
-3.001040859	8.242698553
-2.942952278	8.264985255
-2.924644233	8.264985255
-2.994309589	8.264985255
-1.233404724	10.56050372
-1.204454323	10.56050372
-1.233129923	10.53821648
-1.223470209	10.51593034
-1.211308304	10.51593034
1.82700555	15.64184465
1.8065165	15.64184465
1.814468168	15.59727127
1.825496299	15.61955849
1.79826576	15.61955849
1.764792238	14.66123453
1.81642403	14.63894836
1.826394473	14.66123453
1.759184443	14.63894836
1.824874045	14.66123453
2.783514619	18.02650828
2.856957253	18.00422211
2.853454617	18.00422211
2.791741089	17.9596498
2.830199832	17.98193597
4.291865204	21.77065524
4.341889865	21.79294141
4.367961321	21.72608292
4.272696828	21.77065524
4.368897976	21.70379464
4.374919969	20.52260696
4.384976955	20.50032081
4.362844368	20.47803253
4.397315701	20.54489313
4.396542872	20.50032081
4.40138231	20.32202728
4.373216872	20.34431345
4.385916484	20.32202728
4.421222599	20.29974111
4.404820438	20.32202728
5.69222422	26.22797204
5.769444451	26.18339971
5.775987304	26.18339971
5.678118508	26.13882528
5.755884189	26.20568587
5.82581748	24.890777
5.797924768	24.890777
5.764536033	24.91306317
5.822899255	24.91306317
5.798210267	24.84620468
8.013318022	33.38196506
8.021305617	33.40425123
8.017603706	33.40425123
7.996129939	33.38196506
8.053646882	33.3596789
9.081876967	37.63870431
9.09703398	37.59413199
9.136888924	37.59413199
9.110594881	37.57184371
9.080322368	37.57184371
10.28380179	41.65028942
10.29926794	41.65028942
10.28578368	41.65028942
10.26907207	41.62800114
10.34410986	41.58342882
11.05650357	44.28010718
11.03293805	44.21324658
10.98208979	44.25781889
11.0449022	44.21324658
11.03788543	44.23553061
11.14344227	42.63089741
11.07826156	42.65318569
11.08461663	42.63089741
11.06015183	42.65318569
11.07457114	42.63089741
12.13024302	49.22772796
12.18109128	49.18315565
12.15774804	49.20543968
12.11360869	49.18315565
12.18545361	49.18315565
14.05296302	54.28678168
14.01812955	54.28678168
13.9802533	54.28678168
14.0306417	54.24220937
14.04115983	54.21992109
13.96208226	53.26159711
13.95612573	53.28388539
14.0122701	53.2170248
14.000343	53.28388539
13.95924131	53.26159711
14.05096644	52.57071557
14.02135499	52.57071557
14.0347511	52.61528788
14.02930426	52.52614325
14.03273281	52.54842728
14.61294159	57.69662988
14.63183309	57.71891392
14.60837743	57.69662988
14.58095033	57.69662988
14.64577849	57.71891392
14.81248839	54.10820818
14.82967584	54.10820818
14.78401127	54.08592415
14.80867535	54.06363587
14.82016558	54.08592415
15.24868798	59.21183844
15.21943036	59.16726613
15.16249783	59.21183844
15.21658303	59.16726613
15.27579701	59.18955018
15.49767919	60.83875993
15.56032682	60.86104396
15.60322453	60.86104396
15.553471	60.81647165
15.55737218	60.81647165
15.58675243	59.43470429
15.60214513	59.45698834
15.54074169	59.45698834
15.55449931	59.43470429
15.56820711	59.52384894
16.06976369	62.91140886
16.07716624	62.91140886
16.07498443	62.91140886
16.04755478	62.91140886
16.02877441	62.93369714
16.60577692	64.6274792
16.62046704	64.58290264
16.58564123	64.58290264
16.54083635	64.5606186
16.59787363	64.5606186
17.21125016	66.23211241
17.22772864	66.18754009
17.21713132	66.23211241
17.27311474	66.23211241
17.2180651	66.20982412
17.62131537	67.4133022
17.55808397	67.36872564
17.5714456	67.34644161
17.60484455	67.30186929
17.59934789	67.32415333
17.64383214	66.00924656
17.59599088	65.98695828
17.68263961	65.98695828
17.67247022	65.96467425
17.59599088	65.98695828
17.71248484	64.60519092
17.75233978	64.60519092
17.7643052	64.60519092
17.71579842	64.58290264
17.72386266	64.58290264
17.93754136	66.96757051
17.93719391	67.01214285
17.92608945	67.01214285
17.97902882	67.01214285
17.9792281	67.01214285
18.15192136	68.23790496
18.13956888	68.21561668
18.19072883	68.21561668
18.19411906	68.17104437
18.10029899	68.23790496
18.77641639	69.86482645
18.69050855	69.82024989
18.77821242	69.84253817
18.79992314	69.77567755
18.73624848	69.82024989
19.25677577	70.68942921
19.2156728	70.66714093
19.11648764	70.62256859
19.21946413	70.62256859
19.23843227	70.62256859
19.66104541	70.82314615
19.6473721	70.80086212
19.58300253	70.77857384
19.63692934	70.80086212
19.65940906	70.77857384
19.72001412	69.19622892
19.76442683	69.19622892
19.72741666	69.19622892
19.67968271	69.21851295
19.76622158	69.17394063
19.73618731	68.50534312
19.75469431	68.50534312
19.80479274	68.50534312
19.80270035	68.46077081
19.7744455	68.5276314
20.57123524	69.17394063
20.57548388	69.12936832
20.61627388	69.10708004
20.61334736	69.15165235
20.54521073	69.12936832
20.82155878	66.07610716
20.88845249	66.05381888
20.91491387	66.00924656
20.86558316	66.05381888
20.878209	66.05381888
20.94724748	64.96344938
20.90746662	64.94116109
20.85945802	64.98573341
20.93080731	64.91887281
20.95047292	64.98573341
20.96016201	65.052594
20.96408619	65.14173866
20.89294895	65.03030572
20.97071463	65.09716634
20.98513394	65.07488229
20.27258503	54.84533771
20.2923375	54.86762599
20.33596844	54.84533771
20.33340087	54.82305368
20.30523543	54.84533771
20.30308045	55.51393522
20.30837784	55.49165119
20.20657017	55.5362235
20.3009012	55.51393522
20.33982109	55.5362235
19.89706715	50.03143811
19.88643661	50.00914983
19.80375677	49.98686155
19.83168844	50.05372215
19.8775114	50.00914983
19.50173294	44.74951432
19.43611535	44.70494201
19.46849366	44.72723027
19.47979739	44.72723027
19.498694	44.74951432
18.863677	38.75442493
18.92979278	38.70985262
18.97377245	38.79899725
18.9412102	38.75442493
18.92924477	38.75442493
18.4858994	34.54226014
18.49260704	34.47540166
18.4926428	34.54226014
18.55269092	34.47540166
18.51142445	34.51997397
18.45452002	35.38915116
18.40110417	35.41143733
18.48564903	35.38915116
18.50080285	35.34457885
18.41314369	35.38915116
18.52242671	35.61201489
18.45770714	35.63430317
18.51685596	35.65659145
18.51760324	35.61201489
18.44454606	35.65659145
17.84523501	28.74774829
17.80327746	28.72546214
17.79785745	28.72546214
17.7955594	28.68088983
17.85333757	28.65860366
17.10014939	22.32921338
17.03258888	22.35149955
17.06894374	22.35149955
17.07073721	22.32921338
17.09626354	22.30692723
16.36463918	17.82732215
16.40734912	17.805036
16.41218281	17.78274983
16.29783616	17.78274983
16.35585193	17.82732215
15.41368362	11.20820756
15.47706958	11.20820756
15.41075453	11.25278094
15.39887853	11.20820756
15.41672383	11.20820756
15.39292966	12.36711014
15.35763505	12.36711014
15.35735913	12.38939629
15.427302	12.36711014
15.4031872	12.34482293
15.36337569	12.67912168
15.37666195	12.67912168
15.40295599	12.7014089
15.39614105	12.72369506
15.38121078	12.7014089
14.73192648	7.842933273
14.7574873	7.887506122
14.78203641	7.820646593
14.78346965	7.865219953
14.78015607	7.887506122
13.88299702	3.898207953
13.87551016	3.942781069
13.82844812	3.942781069
13.90293726	3.942781069
13.89441188	3.942781069
13.8577134	4.808057611
13.82194614	4.830344314
13.89196055	4.785770931
13.86293542	4.808057611
13.78434709	4.808057611
13.89379106	4.830344314
13.825459	4.808057611
13.84407713	4.852630994
13.88466914	4.830344314
13.88723671	4.852630994
9.741500556	-0.518435937
9.758702691	-0.496149368
9.724298422	-0.540722506
9.741500556	-0.518435937
9.707096287	-0.563009097
7.642829275	-3.2373993
7.677233544	-3.192825917
7.642829275	-3.2373993
7.642829275	-3.2373993
7.642829275	-3.2373993
5.165709116	-6.44666729
5.175051716	-6.468953992
5.160685094	-6.44666729
5.142178093	-6.44666729
5.2090255	-6.468953992
5.156007248	-5.644350164
5.159685527	-5.622063462
5.147084275	-5.644350164
5.157984666	-5.577490613
5.157989456	-5.644350164
5.141404946	-5.39919764
5.199346944	-5.376911471
5.190429081	-5.443771022
5.213094345	-5.376911471
5.212655238	-5.39919764
0.806730646	-11.17142277
0.80016456	-11.14913662
0.784475828	-11.12684941
0.727194964	-11.14913662
0.763103694	-11.10456324
-2.105867685	-16.00761171
-2.132899748	-16.00761171
-2.091745686	-15.98532554
-2.079319918	-15.98532554
-2.145524312	-16.00761171
-4.793056131	-21.73526294
-4.835314187	-21.71297677
-4.83703389	-21.71297677
-4.745358897	-21.71297677
-4.74207789	-21.69069063
-4.841300413	-20.79922727
-4.851988116	-20.75465495
-4.818232129	-20.79922727
-4.856590596	-20.7769411
-4.892506351	-20.75465495
-4.813956345	-20.1529159
-4.871021407	-20.13062974
-4.835545397	-20.17520207
-4.844492002	-20.1529159
-4.859319446	-20.13062974
-6.619322385	-26.95032402
-6.569268663	-26.90575171
-6.593435832	-26.92803785
-6.573143023	-26.92803785
-6.594913786	-26.90575171
-8.504431844	-33.41343336
-8.506613008	-33.41343336
-8.54276604	-33.41343336
-8.497712709	-33.39114722
-8.509693463	-33.43571953
-9.657221402	-37.7370332
-9.700363101	-37.69245664
-9.718209046	-37.69245664
-9.716471779	-37.64788432
-9.737815251	-37.71474492
-11.29832855	-43.97727672
-11.3370862	-43.95498844
-11.35623063	-43.97727672
-11.31335591	-43.95498844
-11.33840576	-43.95498844
-11.43668141	-41.34550757
-11.42123634	-41.39007989
-11.40579	-41.36779585
-11.39360486	-41.39007989
-11.4302037	-41.34550757
-11.9042361	-46.0925508
-11.93211285	-46.04797848
-11.98284998	-46.07026252
-11.92539244	-46.0256902
-11.91490369	-46.07026252
-12.64601453	-49.61383193
-12.64561598	-49.61383193
-12.65956393	-49.61383193
-12.68983325	-49.61383193
-12.72750512	-49.61383193
-13.19765677	-52.08764019
-13.17068698	-52.08764019
-13.17659624	-52.06535615
-13.22515157	-52.08764019
-13.21624808	-52.06535615
-13.21858956	-50.66130051
-13.22165404	-50.63901223
-13.26236996	-50.63901223
-13.22667679	-50.63901223
-13.21534879	-50.66130051
-13.58287396	-53.29111827
-13.57154979	-53.31340232
-13.61422524	-53.3356906
-13.60400091	-53.31340232
-13.59243532	-53.31340232
-14.05617186	-55.40834376
-14.04788663	-55.3637672
-14.05004799	-55.38605548
-14.08272138	-55.3637672
-14.07990599	-55.34148316
-14.11013698	-53.93742752
-14.12364168	-53.91513924
-14.18550498	-53.91513924
-14.14175268	-53.91513924
-14.15133575	-53.91513924
-14.59996574	-57.68157448
-14.63393825	-57.61471388
-14.59361833	-57.68157448
-14.61824792	-57.63700216
-14.58427797	-57.63700216
-15.1357452	-59.39764059
-15.07409778	-59.44221291
-15.08586776	-59.37535231
-15.09106423	-59.39764059
-15.10307053	-59.41992887
-15.63091222	-61.33657255
-15.66338122	-61.3142885
-15.68882963	-61.3142885
-15.66512871	-61.29200022
-15.63875419	-61.29200022
-16.2205444	-63.32008106
-16.25952432	-63.27550449
-16.26646189	-63.27550449
-16.21418421	-63.27550449
-16.21896553	-63.25322046
-16.77165779	-65.54873946
-16.80866796	-65.61559583
-16.81065049	-65.54873946
-16.87097452	-65.57102349
-16.81875944	-65.5041629
-16.94344154	-63.4760863
-16.99984395	-63.45379802
-16.90618483	-63.45379802
-16.9064071	-63.43151399
-16.9033209	-63.4760863
-17.53696724	-68.11169662
-17.53914777	-68.11169662
-17.55635693	-68.08940834
-17.57094613	-68.04483602
-17.54023483	-68.02254774
-18.21928771	-69.89462333
-18.24847762	-69.91690739
-18.28201198	-69.89462333
-18.25852822	-69.85004677
-18.2607113	-69.85004677
-19.21837961	-72.5913017
-19.18616481	-72.61358149
-19.16658096	-72.56901342
-19.16984217	-72.54672514
-19.22386861	-72.52443686
-19.68503502	-72.65815805
-19.65129883	-72.68044633
-19.71819254	-72.61358149
-19.7369167	-72.65815805
-19.69269943	-72.65815805
-19.82273896	-70.80837074
-19.78790676	-70.80837074
-19.7798438	-70.80837074
-19.81077609	-70.80837074
-19.79859223	-70.83065902
-20.26403921	-74.37422842
-20.28428987	-74.35194013
-20.25639652	-74.35194013
-20.23524785	-74.35194013
-20.22500436	-74.35194013
-20.78953559	-75.62227034
-20.81088353	-75.62227034
-20.86447182	-75.57770225
-20.84358502	-75.57770225
-20.85233012	-75.55541397
-21.12934369	-75.62227034
-21.08382347	-75.6668469
-21.0962296	-75.62227034
-21.13714095	-75.68913516
-21.09208698	-75.59999053
-21.39538438	-72.16784982
-21.40778285	-72.19013808
-21.35072641	-72.14557001
-21.31390402	-72.21242636
-21.38469764	-72.14557001
-21.37111885	-71.60985376
-21.38375747	-71.6544303
-21.43775709	-71.6544303
-21.40552568	-71.63214204
-21.3785214	-71.60985376
-21.35892605	-71.38698791
-21.36259986	-71.4092762
-21.36914144	-71.4092762
-21.40683629	-71.45384426
-21.35548345	-71.45384426
-21.41953495	-71.32013154
-21.4554721	-71.27555498
-21.39013043	-71.32013154
-21.35831418	-71.27555498
-21.38461333	-71.34241135
-21.09891342	-63.80954935
-21.11457692	-63.80954935
-21.05207109	-63.78726107
-21.07406029	-63.80954935
-21.10389146	-63.78726107
-20.66245708	-57.32415173
-20.62762105	-57.39101233
-20.64374952	-57.39101233
-20.70647124	-57.39101233
-20.65267345	-57.39101233
-20.36934951	-53.8251589
-20.3943521	-53.86973121
-20.32751076	-53.8251589
-20.34270674	-53.8920195
-20.38496575	-53.86973121
-20.02012696	-49.74671317
-20.07195116	-49.74671317
-19.99770344	-49.70214085
-19.98090944	-49.76900145
-19.98371461	-49.74671317
-19.67849728	-45.86884926
-19.6723964	-45.8911333
-19.68830134	-45.91342158
-19.71924001	-45.84656098
-19.64712556	-45.91342158
-19.62801435	-46.73802434
-19.66546394	-46.76031262
-19.65782508	-46.73802434
-19.64066446	-46.71574031
-19.66309181	-46.69345202
-19.60418058	-47.09461138
-19.66275585	-47.13918369
-19.6518941	-47.16147197
-19.62536757	-47.11689541
-19.63669685	-47.09461138
-20.30697014	-58.70591909
-20.34314233	-58.75049565
-20.3736352	-58.72820737
-20.33987985	-58.77277969
-20.33113092	-58.79506797
-20.06747897	-52.17595338
-20.08076395	-52.17595338
-20.05225362	-52.19823741
-20.05899575	-52.19823741
-20.08510584	-52.19823741
-19.54728637	-45.69055573
-19.55117989	-45.75741633
-19.595401	-45.69055573
-19.57885481	-45.71284402
-19.58143133	-45.71284402
-19.254083	-42.21384694
-19.27871131	-42.23613522
-19.29089773	-42.21384694
-19.2419413	-42.19156291
-19.28419648	-42.23613522
-18.81375102	-37.15479322
-18.78045809	-37.13250918
-18.78349831	-37.13250918
-18.82722889	-37.15479322
-18.77495121	-37.15479322
-18.41360739	-33.92323855
-18.45191667	-34.01238531
-18.44039451	-33.967813
-18.46760317	-33.99009914
-18.43605262	-34.01238531
-18.45127286	-35.39387482
-18.42296308	-35.4161631
-18.43058661	-35.39387482
-18.35629674	-35.39387482
-18.35497719	-35.39387482
-18.26294931	-33.07607178
-18.23377728	-33.03149733
-18.2228721	-33.03149733
-18.20679472	-32.98692502
-18.25623273	-32.98692502
-17.65254019	-26.94726118
-17.61028756	-26.90268675
-17.60484072	-26.9249729
-17.56126087	-26.94726118
-17.58195095	-26.94726118
-16.89249747	-21.24189398
-16.88705829	-21.19732166
-16.88813514	-21.24189398
-16.83001846	-21.19732166
-16.83107487	-21.26418226
-16.84493724	-21.91049151
-16.87217145	-21.84363303
-16.893711	-21.91049151
-16.84579565	-21.91049151
-16.85817879	-21.88820534
-15.94627468	-15.26908969
-15.94257788	-15.20223016
-15.90443593	-15.26908969
-15.89161337	-15.26908969
-15.88440755	-15.26908969
-15.92396358	-16.18284028
-15.94722507	-16.24969981
-15.88102371	-16.16055304
-15.89624906	-16.20512643
-15.85355062	-16.20512643
-15.142297	-11.05692596
-15.15121454	-11.12378549
-15.1405725	-11.12378549
-15.13749013	-11.10149935
-15.15989832	-11.10149935
-14.10906652	-6.66646871
-14.09816134	-6.66646871
-14.02367092	-6.66646871
-14.03607194	-6.68875539
-13.99686208	-6.644182008
-14.1015324	-7.290492839
-14.06606023	-7.335066222
-14.09305301	-7.312779542
-14.02838581	-7.335066222
-14.04905673	-7.290492839
-14.05772646	-7.468785835
-14.10676848	-7.468785835
-14.11397175	-7.468785835
-14.10718619	-7.513358684
-14.0396806	-7.468785835
-12.70385657	-4.148084667
-12.70385657	-4.148084667
-12.71282266	-4.170371347
-12.70385657	-4.148084667
-12.71282266	-4.170371347
-11.60113032	-1.406834913
-11.58319942	-1.362261664
-11.58319942	-1.362261664
-11.57423334	-1.339975118
-11.61009512	-1.42912146
-10.95563096	0.19779916
-10.97355036	0.220085728
-10.99720529	0.19779916
-10.95384771	0.19779916
-11.00858438	0.220085728
-6.249494693	3.273347847
-6.205113914	3.206488052
-6.17095299	3.228774465
-6.215246906	3.251061167
-6.211932047	3.228774465
-6.183369976	2.691946489
-6.142655341	2.691946489
-6.138094377	2.691946489
-6.200280863	2.669659808
-6.156337594	2.691946489
-6.184347828	2.223928252
-6.172857596	2.246214821
-6.17534853	2.201641706
-6.148966346	2.179355026
-6.16610461	2.223928252
-6.166776524	2.246214821
-6.162226418	2.268501501
-6.096385923	2.246214821
-6.118594196	2.246214821
-6.191874281	2.201641706
-3.565930077	4.318867175
-3.507181399	4.34115361
-3.503368035	4.385726993
-3.55152194	4.318867175
-3.551048663	4.296580495
-0.751163657	6.324659732
-0.714698539	6.369232581
-0.790435068	6.346946435
-0.793550572	6.369232581
-0.821092397	6.324659732
0.668236593	7.661854778
0.714834902	7.661854778
0.725277903	7.661854778
0.725155033	7.639568098
0.7373064	7.661854778
0.802913609	7.28298264
0.739217872	7.238409791
0.730815601	7.260695938
0.733931663	7.238409791
0.759953221	7.28298264
1.915213834	8.77618398
1.908670342	8.77618398
1.877188609	8.820756828
1.846881287	8.753897277
1.910663887	8.753897277
3.470428307	10.73740369
3.446436781	10.73740369
3.380198375	10.75968983
3.41834671	10.73740369
3.433425802	10.71511647
5.210397749	13.56779901
5.102869558	13.54551284
5.139883879	13.54551284
5.167201441	13.50093946
5.165295238	13.47865331
6.351479279	15.15014709
6.365974599	15.10557373
6.280257089	15.08328756
6.314552141	15.10557373
6.289863153	15.03871418
7.215273869	17.6239575
7.280841	17.6239575
7.288045548	17.6239575
7.21663558	17.53481181
7.242667118	17.55709795
8.210301081	19.58517772
8.17118256	19.56289158
8.231339254	19.5406033
8.234578746	19.5406033
8.170144671	19.51831713
9.072163601	21.94755521
9.1217664	21.88069461
9.141980649	21.90298289
9.101067377	21.90298289
9.104195096	21.85840844
9.250747601	20.6549325
9.218604972	20.69950693
9.180157725	20.6549325
9.158535141	20.67722078
9.190526397	20.67722078
10.78116722	26.91746428
10.79082694	26.89517602
10.78665239	26.91746428
10.85970829	26.87288985
10.85591951	26.91746428
12.89036493	33.26914073
12.9336101	33.22456628
12.950399	33.22456628
12.8866528	33.29142687
12.90228182	33.22456628
14.2782993	38.12761688
14.27296615	38.08304032
14.23263729	38.1053286
14.24647155	38.06075626
14.22814977	38.08304032
16.09305584	44.25642747
16.10513368	44.30099978
16.11922725	44.25642747
16.16582688	44.25642747
16.1912293	44.2118509
16.26836139	41.89404787
16.18132304	41.87175959
16.24853228	41.89404787
16.28457417	41.84947556
16.28666911	41.89404787
16.91399232	46.19535943
16.92914486	46.15078711
16.85332338	46.17307115
16.89973268	46.15078711
16.89054688	46.15078711
17.17175672	47.71084798
17.27605404	47.71084798
17.28450661	47.73313202
17.22623281	47.6885597
17.20242842	47.71084798
17.57084139	48.62459537
17.50678351	48.64688365
17.59675221	48.62459537
17.58736586	48.62459537
17.50433856	48.64688365
18.31480289	50.78639318
18.2669463	50.78639318
18.29683112	50.76410915
18.37396577	50.76410915
18.33808865	50.74182086
18.96386109	52.16816477
18.9537249	52.2127371
18.94991314	52.16816477
18.98875638	52.2127371
18.98303873	52.14587651
19.08159413	50.5412433
19.07143367	50.49667099
19.07077325	50.49667099
19.02654321	50.51895502
19.09971407	50.51895502
19.01991094	50.14008395
19.10278367	50.16237223
19.08475314	50.14008395
19.07593907	50.18465626
19.07609108	50.14008395
19.56411231	53.46078325
19.53118855	53.48307153
19.52671509	53.43849921
19.50766775	53.46078325
19.54414396	53.48307153
20.3500799	54.66426133
20.38887844	54.66426133
20.42491523	54.61968901
20.42974253	54.61968901
20.39489883	54.64197305
20.51129443	54.06252441
20.43045787	54.06252441
20.37770756	54.08480845
20.44234665	54.08480845
20.46607695	54.08480845
20.65501621	55.04313242
20.73196563	55.02084414
20.78607638	55.0654207
20.74021382	55.04313242
20.73955212	55.04313242
20.78760926	54.01794785
20.81425843	53.99566382
20.81596376	54.01794785
20.87678342	53.99566382
20.88967113	53.99566382
20.89372816	52.19044882
20.91496497	52.14587651
20.95766213	52.14587651
20.97780421	52.19044882
20.93174237	52.16816477
20.61736223	45.32618011
20.52123389	45.37075667
20.55708035	45.32618011
20.58119259	45.34846839
20.63017202	45.34846839
20.17272413	40.91343986
20.16618127	40.91343986
20.1698091	40.9357239
20.2155452	40.9357239
20.21230571	40.9357239
20.23651375	41.62660971
20.2614563	41.5820374
20.13771309	41.60432143
20.18743597	41.55974912
20.18992562	41.60432143
19.76176856	35.83209788
19.68165757	35.83209788
19.72330854	35.8098096
19.75111247	35.85438192
19.81656783	35.8098096
19.74830474	36.07724776
19.73111985	36.07724776
19.71860387	36.12182433
19.69191	36.09953604
19.75912051	36.12182433
19.26243082	31.48621399
19.22607724	31.48621399
19.32191561	31.48621399
19.3459231	31.46392571
19.29600606	31.48621399
18.9652624	27.78663937
18.98252393	27.7643532
18.96101121	27.8312138
18.86763056	27.80892765
18.89307513	27.80892765
18.35179262	22.81673242
18.36441463	22.81673242
18.34782501	22.81673242
18.39929665	22.86130473
18.36806545	22.79444625
18.35783729	23.32932257
18.34295683	23.35161085
18.3103933	23.3070364
18.27037485	23.37389702
18.3287023	23.3070364
17.70856832	18.15883594
17.6995703	18.1811221
17.69348859	18.1811221
17.61177957	18.20340825
17.67384342	18.20340825
16.96100582	12.96606209
16.93650653	12.92148871
16.8805231	12.92148871
16.8273819	12.92148871
16.90712883	12.98834824
16.63509329	11.45057352
16.60707859	11.42828737
16.68169164	11.45057352
16.67518584	11.51743413
16.57809945	11.4951469
16.57733301	11.87401904
16.54981521	11.91859242
16.64184309	11.87401904
16.63350421	11.8963052
16.65578849	11.87401904
16.61600124	12.45346981
16.63458106	12.43118364
16.57013996	12.43118364
16.61529101	12.40889749
16.63854611	12.43118364
15.74950367	7.171549729
15.68657885	7.171549729
15.70271882	7.149263026
15.7019345	7.12697688
15.75538738	7.171549729
14.49203932	2.580513577
14.42503064	2.558226897
14.42085481	2.580513577
14.40025287	2.535940462
14.43387793	2.580513577
14.42061466	2.959385449
14.47508947	2.937099036
14.43847274	2.937099036
14.44315825	2.959385449
14.44229728	2.959385449
7.226905892	-2.233388663
7.28884073	-2.188815414
7.257873311	-2.211101983
7.350775569	-2.144242165
7.226905892	-2.233388663
7.691416539	-1.899089774
7.66044912	-1.921376321
7.691416539	-1.899089774
7.66044912	-1.921376321
7.753350739	-1.854516659
5.833375229	-3.236284953
5.833375229	-3.236284953
5.895310067	-3.191711571
5.802408449	-3.258571367
5.833375229	-3.236284953
6.328853295	-2.879699495
6.359820714	-2.857412815
6.359820714	-2.857412815
6.297885237	-2.901986175
6.328853295	-2.879699495
4.377910367	-4.283754337
4.377910367	-4.283754337
4.346942948	-4.306040772
4.377910367	-4.283754337
4.377910367	-4.283754337
1.312143307	-6.490126037
1.318686719	-6.490126037
1.284035113	-6.534699419
1.254885357	-6.534699419
1.295203599	-6.534699419
1.295320561	-5.955248139
1.299663888	-5.999821521
1.293537068	-5.955248139
1.267188495	-5.977534819
1.268268858	-5.999821521
-1.42121931	-8.963936964
-1.476739514	-8.963936964
-1.421640534	-8.941650818
-1.469097457	-8.941650818
-1.415956574	-8.941650818
-3.038348343	-10.76914985
-3.025022805	-10.7468637
-2.985628684	-10.7468637
-3.002835928	-10.72457753
-3.020899989	-10.76914985
-6.016057773	-15.40476016
-6.039832141	-15.36018678
-6.036791924	-15.36018678
-6.097381658	-15.31561342
-6.057303808	-15.33789956
-8.311264384	-20.26323527
-8.301526748	-20.21866082
-8.323093127	-20.26323527
-8.357468655	-20.19637465
-8.355528281	-20.21866082
-10.00041462	-24.29710653
-9.966463191	-24.27482036
-9.942490826	-24.3193927
-9.942513181	-24.29710653
-9.938175123	-24.27482036
-10.00884931	-23.31649641
-10.03191727	-23.31649641
-9.974435458	-23.29421026
-10.00560918	-23.31649641
-10.02629798	-23.31649641
-10.68411405	-26.65948401
-10.65535973	-26.65948401
-10.68475019	-26.68177016
-10.69955464	-26.68177016
-10.72544567	-26.63719784
-10.9568726	-27.50637506
-10.93749057	-27.46180061
-10.94923118	-27.48408889
-10.94919158	-27.46180061
-10.95095056	-27.48408889
-11.70242319	-29.7573196
-11.72159188	-29.7573196
-11.7864954	-29.7573196
-11.7074702	-29.73503346
-11.70548895	-29.73503346
-12.43977286	-31.94140569
-12.43497111	-31.91911741
-12.43735091	-31.91911741
-12.39969948	-31.89683124
-12.41014224	-31.89683124
-12.48356603	-30.69530669
-12.42476594	-30.67302052
-12.4423877	-30.69530669
-12.49292811	-30.71759283
-12.47486437	-30.67302052
-12.51121796	-30.67302052
-12.47224314	-30.65073224
-12.47008178	-30.69530669
-12.43261174	-30.62844607
-12.4426368	-30.65073224
-12.80792013	-33.2136894
-12.78899286	-33.23597768
-12.82583058	-33.2136894
-12.85869941	-33.19140323
-12.80710642	-33.16911708
-13.11276063	-34.41716536
-13.14391008	-34.46173979
-13.17597032	-34.39487919
-13.18048338	-34.43945151
-13.12825296	-34.39487919
-13.68727475	-36.5121068
-13.70428081	-36.48981852
-13.65660305	-36.5121068
-13.64396061	-36.46753023
-13.6816363	-36.46753023
-13.77229991	-36.04408683
-13.70525674	-36.06637511
-13.70481859	-36.04408683
-13.73074985	-36.02179855
-13.70957819	-36.04408683
-14.07527796	-37.58185944
-14.09638703	-37.55957538
-14.14190086	-37.58185944
-14.11513674	-37.51500307
-14.1255961	-37.55957538
-14.52907376	-39.25335322
-14.54236513	-39.18649687
-14.52885277	-39.2087809
-14.5421403	-39.2087809
-14.59940241	-39.18649687
-14.94014557	-40.63512482
-14.93580368	-40.61283654
-14.97328138	-40.61283654
-15.03275083	-40.56826423
-14.97678529	-40.61283654
-15.23755542	-41.54887221
-15.23603659	-41.54887221
-15.33361606	-41.52658818
-15.2987813	-41.52658818
-15.28416016	-41.48201162
-15.3597006	-40.16710488
-15.35187779	-40.18939316
-15.41090143	-40.18939316
-15.3647655	-40.18939316
-15.37891018	-40.18939316
-15.33933115	-39.36478615
-15.36350215	-39.32021383
-15.38159272	-39.34250212
-15.38267085	-39.32021383
-15.33369398	-39.32021383
-15.97445928	-43.84439121
-15.95598166	-43.82210293
-15.94465238	-43.84439121
-16.00608009	-43.82210293
-15.99607165	-43.84439121
-16.60240713	-45.91704439
-16.61002939	-45.9616167
-16.65577316	-45.89475611
-16.59106508	-45.89475611
-16.61155461	-45.89475611
-17.43950657	-48.34628033
-17.42250435	-48.30170802
-17.44273074	-48.30170802
-17.35389637	-48.30170802
-17.39941403	-48.2571357
-17.46431755	-46.94222469
-17.47824379	-46.89765238
-17.50304711	-46.94222469
-17.45127911	-46.89765238
-17.48134788	-46.96451297
-18.27757301	-50.86466518
-18.26102682	-50.82009286
-18.27539504	-50.79780458
-18.28715991	-50.79780458
-18.28610222	-50.79780458
-18.41095933	-48.7251514
-18.40463875	-48.70286737
-18.43927423	-48.70286737
-18.4016228	-48.68057909
-18.44213944	-48.68057909
-18.7193063	-51.68926794
-18.71540512	-51.68926794
-18.71238789	-51.6669839
-18.75878441	-51.6669839
-18.78929899	-51.68926794
-19.46933163	-54.14079216
-19.49766952	-54.09621985
-19.44407101	-54.02935925
-19.47718382	-54.02935925
-19.50481658	-53.96249865
-20.01738054	-55.18826077
-20.05219102	-55.21054905
-20.04152855	-55.16597673
-20.07442421	-55.12140442
-20.0252289	-55.07682785
-20.63761033	-56.7928982
-20.63800888	-56.7928982
-20.59489145	-56.81518225
-20.60425736	-56.77060992
-20.61992214	-56.77060992
-21.46570409	-58.41981544
-21.40949968	-58.44210372
-21.42278721	-58.37524312
-21.43955056	-58.3975314
-21.44717665	-58.37524312
-21.53968866	-57.26091392
-21.60241932	-57.26091392
-21.55760295	-57.26091392
-21.57740779	-57.2832022
-21.52275286	-57.2163416
-21.63926215	-55.47798721
-21.69066736	-55.43341489
-21.67521846	-55.47798721
-21.69176337	-55.45570317
-21.6451663	-55.45570317
-21.7042768	-55.12140442
-21.66486384	-55.14368845
-21.68292886	-55.12140442
-21.70009459	-55.14368845
-21.6789638	-55.12140442
-21.4531881	-49.3714649
-21.44946831	-49.32689257
-21.39564242	-49.34917662
-21.38365528	-49.3714649
-21.43961698	-49.39374894
-21.15906884	-45.44902442
-21.15995152	-45.42674038
-21.12181468	-45.42674038
-21.13115888	-45.4044521
-21.15574248	-45.4713127
-21.06043041	-44.33469522
-21.09940777	-44.2901229
-21.04213801	-44.37926753
-21.04954566	-44.31241118
-21.04952522	-44.33469522
-21.07891952	-44.60213338
-21.03426027	-44.57984934
-21.09500329	-44.57984934
-21.05906997	-44.62442166
-21.03531796	-44.57984934
-21.47182795	-51.88984973
-21.41471531	-51.9567061
-21.43084251	-51.9567061
-21.47176153	-51.88984973
-21.44261121	-51.88984973
-21.16121232	-45.98390499
-21.17207662	-46.0284773
-21.17163592	-46.00618902
-21.19754546	-46.00618902
-21.11457181	-46.0284773
-20.68545798	-39.85509438
-20.67411209	-39.8328061
-20.64972649	-39.8328061
-20.61769052	-39.87737843
-20.66756924	-39.8328061
-19.98411316	-32.76795771
-19.99695999	-32.81253216
-20.02479969	-32.85710447
-20.01193625	-32.8348183
-20.00036682	-32.90167892
-19.72630916	-30.13814209
-19.77881421	-30.11585592
-19.72262768	-30.11585592
-19.75003945	-30.13814209
-19.67902612	-30.16042823
-18.96345488	-23.96475705
-19.02664285	-23.96475705
-18.96936286	-24.00933148
-18.95451178	-23.98704533
-18.93056561	-24.00933148
-18.98661673	-24.94536717
-18.98071513	-24.90079484
-18.92103491	-24.90079484
-18.94720888	-24.90079484
-18.95980406	-24.92308101
-18.90813315	-25.10137451
-18.92055972	-25.10137451
-18.92773871	-25.12366068
-18.9813385	-25.12366068
-18.99572461	-25.14594685
-18.29925691	-19.08399684
-18.31624252	-19.08399684
-18.27682445	-19.10628301
-18.27418406	-19.10628301
-18.29791436	-19.10628301
-17.5384222	-14.51524608
-17.57522032	-14.47067376
-17.50879158	-14.47067376
-17.51443004	-14.51524608
-17.49160925	-14.47067376
-16.23208828	-8.408722175
-16.20402631	-8.386436006
-16.28198999	-8.408722175
-16.25981301	-8.386436006
-16.26897199	-8.408722175
-15.88255659	-6.826375138
-15.85010547	-6.826375138
-15.83856031	-6.804088435
-15.75122944	-6.759515075
-15.78301631	-6.826375138
-15.80618839	-7.606405583
-15.80268703	-7.606405583
-15.77133319	-7.628691729
-15.78679998	-7.628691729
-15.81883978	-7.584118881
-15.81732478	-7.762411343
-15.80857968	-7.784698023
-15.84079193	-7.762411343
-15.82510416	-7.784698023
-15.85603645	-7.784698023
-15.15165652	-4.530856673
-15.13052063	-4.642289584
-15.14229061	-4.575430055
-15.07061814	-4.597716735
-15.09326775	-4.620002904
-12.06240914	-1.566741074
-12.10665579	-1.611314323
-12.06240914	-1.566741074
-12.10665579	-1.611314323
-12.08453246	-1.589027776
-8.743951753	1.776246507
-8.790237138	1.820819623
-8.796505989	1.798533076
-8.805067137	1.73167328
-8.82934544	1.776246507
-8.08870582	1.909965987
-8.075111068	1.954539103
-8.050260489	1.954539103
-8.082448466	1.954539103
-8.063941465	1.954539103
-8.017769768	1.5979538
-8.007525642	1.5979538
-7.970635549	1.575667231
-7.953723384	1.5979538
-7.993182334	1.5979538
-3.321860382	3.336307264
-3.34612655	3.358593944
-3.37108954	3.314020829
-3.386555366	3.314020829
-3.432569304	3.336307264
-3.331338705	2.957435393
-3.294487572	3.024295189
-3.325420182	3.024295189
-3.388805829	3.024295189
-3.364878492	3.024295189
-3.329981146	3.024295189
-3.366597237	3.024295189
-3.448951985	3.024295189
-3.380731052	3.002008508
-3.386139891	2.979722073
-3.789131814	1.932252556
-3.835928799	1.932252556
-3.767707227	1.909965987
-3.806118706	1.932252556
-3.803113937	1.865392738
-3.941738565	1.753959827
-3.994767995	1.798533076
-3.976921091	1.798533076
-3.999241776	1.753959827
-3.933949606	1.776246507
-3.969179077	1.776246507
-3.961116754	1.776246507
-4.009246389	1.798533076
-3.928388436	1.753959827
-3.96509171	1.798533076
-3.965367309	1.820819623
-3.968594985	1.798533076
-3.95538537	1.820819623
-4.037477613	1.820819623
-3.995515594	1.843106192
