"Bayrak and Sheikh 1996, AS6-HT"	
4667	
0	0
-0.161685457	0.159348739
-0.141364458	0.29802521
-0.076144891	1.859642857
0.047669524	3.595252101
0.11225777	5.372205882
0.151952917	7.347268908
0.211235845	9.285294118
0.293259701	10.76680672
0.330341016	12.54117647
0.393454023	14.47920168
0.478038305	16.7789916
0.515784613	18.32941176
0.576992933	20.08655462
0.666751283	22.10210084
0.758872707	24.05735294
0.810999691	25.40105042
0.848587265	27.14096639
0.939778765	29.0789916
0.991243211	30.85336134
1.058325108	32.58466387
1.109958629	34.10063025
1.178660437	36.04726891
1.26904909	38.00252101
1.323679324	39.76827731
1.31635564	41.6460084
1.450829181	43.57542017
1.553071152	45.08277311
1.618016584	47.21890756
1.720566866	48.95882353
2.0319589	50.6039916
2.111361185	52.06827731
2.122138969	53.65315126
2.183470091	55.35
2.329628225	57.18466387
2.367651316	59.2605042
2.487811805	60.9487395
2.534124026	63.76533613
2.476097479	65.79810924
2.677302038	67.47773109
2.726694034	69.5105042
2.809819925	71.40546218
2.898463503	72.8697479
2.773750418	70.97478992
2.713050263	69.42436975
2.62949936	67.87394958
2.590713267	66.47857143
2.543730145	65.35021008
2.526059437	63.75672269
2.440295805	61.73256303
2.332812427	59.69117647
2.271202725	57.6842437
2.255407297	55.93571429
2.194144303	53.83403361
2.085444372	51.87016807
2.009061114	49.87184874
1.915730324	47.89936975
1.893673643	46.33172269
1.815430545	44.39369748
1.640746267	42.48151261
1.682324971	40.51764706
1.648731326	38.57962185
1.498466767	36.79663866
1.441533183	35.09978992
1.389438593	33.42016807
1.309279215	31.36155462
1.250549584	29.12205882
1.150821005	26.9342437
1.097914189	24.84978992
0.950812158	22.66197479
0.944404521	21.07710084
0.876006532	19.29411765
0.822814868	17.24411765
0.739225942	15.00462185
0.667127016	12.87710084
0.588905915	11.11134454
0.525880729	8.923529412
0.417740373	7.269747899
0.411953885	5.745168067
0.333412286	3.946680672
0.306862561	2.20762605
0.246803756	0.298886555
0.18034907	-1.485819328
0.111051661	-3.409201681
0.045171838	-5.131890756
-0.080549574	-7.019957983
-0.07964892	-8.949369748
-0.162681012	-11.15441176
-0.267848832	-12.92878151
-0.324848049	-14.96155462
-0.368208689	-17.08907563
-0.484770142	-19.12184874
-0.538226245	-21.26659664
-0.599374368	-23.03235294
-0.679650712	-25.11680672
-0.734989503	-27.01176471
-0.862768403	-28.47605042
-0.969694681	-30.2762605
-0.992679596	-32.08508403
-1.040662601	-33.88529412
-1.047838249	-35.60798319
-1.141086003	-37.39957983
-1.311973513	-39.1394958
-1.36491375	-40.92247899
-1.414569321	-42.35231092
-1.506495978	-44.32478992
-1.581760379	-46.25420168
-1.734292503	-48.16638655
-1.735762287	-50.11302521
-1.804471156	-51.87878151
-1.859658358	-53.64453782
-1.911790064	-55.58256303
-2.018383518	-57.38277311
-2.125449026	-59.11407563
-2.204609846	-60.93151261
-2.25002213	-62.7144958
-2.38892284	-64.51470588
-2.466260437	-66.29768908
-2.493476424	-68.46827731
-2.594113538	-70.19957983
-2.669585851	-71.92226891
-2.75902822	-73.55882353
-2.818306505	-75.28151261
-2.880700721	-77.26260504
-2.838354883	-75.19537815
-2.861204488	-77.17647059
-2.876384274	-75.53991597
-2.931795254	-77.60714286
-3.092875451	-81.13865546
-3.1062074	-82.77521008
-3.160740397	-84.41176471
-3.224883726	-86.22058824
-3.345372002	-87.94327731
-3.428426999	-89.57983193
-3.493479295	-91.21638655
-3.547883518	-92.76680672
-3.615977641	-94.31722689
-3.570539112	-95.95378151
-3.753671625	-97.76260504
-3.783271068	-99.65756303
-3.905162469	-101.3802521
-3.95417129	-103.1890756
-4.027188935	-104.7394958
-4.088902637	-106.2037815
-4.187183277	-108.1848739
-4.205443221	-109.7352941
-4.241707147	-111.5441176
-4.356240496	-113.3529412
-4.443824924	-114.8172269
-4.467704823	-116.6260504
-4.626956657	-118.3487395
-4.6519093	-119.8991597
-4.736073292	-121.7079832
-4.799485753	-123.4306723
-4.694488018	-121.2773109
-4.590262316	-119.210084
-4.540062358	-117.6596639
-4.506169834	-115.5063025
-4.352427615	-114.2142857
-4.344125395	-112.4915966
-4.280375813	-110.855042
-4.218677651	-108.960084
-4.184987632	-107.0651261
-3.785232221	-98.71008403
-3.797076137	-97.24579832
-3.615447372	-95.26470588
-3.645949094	-93.3697479
-3.560142234	-91.81932773
-3.470808395	-89.92436975
-3.400300381	-88.28781513
-3.318879426	-86.4789916
-3.245792843	-84.41176471
-3.123484659	-82.51680672
-3.129194014	-80.8802521
-3.040666126	-78.89915966
-2.972138573	-77.09033613
-2.92523045	-75.28151261
-2.846690829	-73.73109244
-2.761804301	-72.00840336
-2.724673607	-70.02731092
-2.62293323	-68.21848739
-2.534360608	-66.54747899
-2.499785463	-65.05735294
-2.430727524	-63.1710084
-2.347470714	-61.44831933
-2.232233329	-59.31218487
-2.206799661	-57.37415966
-2.137021125	-55.6342437
-2.049246172	-53.59285714
-1.962500668	-51.83571429
-1.915810559	-49.91491597
-1.824389481	-47.88214286
-1.718941257	-46.08193277
-1.645294866	-44.55735294
-1.597532828	-42.77436975
-1.53699293	-40.95693277
-1.466600921	-39.14810924
-1.366237395	-37.30483193
-1.285212146	-35.30651261
-1.224699164	-33.58382353
-1.143208999	-31.61995798
-1.033796866	-29.43214286
-1.024779479	-27.49411765
-0.894517823	-25.40105042
-0.888672852	-23.68697479
-0.73799912	-21.70588235
-0.643368092	-19.45777311
-0.570745647	-17.27857143
-0.432575489	-15.2802521
-0.388594854	-13.26470588
-0.347763158	-11.32668067
-0.245516618	-9.543697479
-0.172350322	-7.407563025
-0.083504255	-5.202521008
0.012449686	-3.312731092
0.08713887	-0.992268908
0.110599831	1.058592437
0.222414333	2.661554622
0.323879137	4.788214286
0.41614571	6.750357143
0.51426929	9.974369748
0.625727111	12.3
0.695663299	13.93655462
0.769034075	15.90042017
0.8914599	17.91596639
0.948986418	19.72478992
1.024112434	22.52415966
1.115944979	24.80672269
1.1485529	27.08928571
1.318152683	29.20819328
1.368886708	31.06008403
1.490606267	33.16176471
1.590148351	35.16008403
1.439255162	33.5407563
1.602913482	35.81470588
1.700430759	38.51932773
1.831191433	40.45735294
1.895058727	42.42983193
1.953518477	45.25504202
2.102471311	48.10609244
2.249109307	50.61260504
2.274948129	52.81764706
2.401462343	55.10882353
2.462295561	57.27079832
2.573763028	58.96764706
2.737506658	61.43970588
2.797665547	63.63613445
2.883616656	64.80756303
2.945509982	66.47857143
3.035823664	68.3907563
3.147934608	69.94117647
3.255653158	73.21428571
3.368624124	74.93697479
3.365453404	76.48739496
3.417652895	77.95168067
3.521937171	79.32983193
3.609434839	80.8802521
3.759805698	82.34453782
3.785701992	84.15336134
3.840868608	85.78991597
3.977022982	87.5987395
4.000597696	89.40756303
4.17750003	91.38865546
4.269703507	93.02521008
4.261583204	94.83403361
4.453482316	96.29831933
4.480009664	98.0210084
4.595531929	99.57142857
4.666899112	101.2079832
4.738139908	102.6722689
4.837884853	104.7394958
4.776041784	103.5336134
4.715814211	101.7247899
4.643961742	99.82983193
4.526402904	97.67647059
4.4920667	96.03991597
4.4258282	93.97268908
4.376448622	92.42226891
4.237074973	90.78571429
4.175914994	89.06302521
4.117751549	87.42647059
4.096714084	85.3592437
4.003062528	83.63655462
3.997902637	82.17226891
3.793450364	80.44957983
3.752412916	78.72689076
3.735919513	77.60714286
3.604188616	75.71218487
3.562184089	74.07563025
3.51634108	72.18067227
3.39406666	70.28571429
3.330377479	68.82142857
3.23743999	66.86617647
3.177151977	65.0487395
3.065482973	63.02457983
3.067381872	61.49138655
2.93630362	59.79453782
2.900927519	58.07184874
2.809485895	56.39222689
2.750706076	54.5144958
2.663780614	52.74012605
2.652395521	51.19831933
2.517497958	49.20861345
2.410259687	47.33088235
2.387386805	45.41869748
2.266658532	43.39453782
2.186718444	41.53403361
2.146261542	39.76827731
2.051784303	37.83886555
1.951431595	35.52184874
1.867874383	33.25651261
1.862033179	31.18928571
1.676660828	29.38907563
1.62179282	27.2012605
1.564376465	25.61638655
1.484094145	23.44579832
1.365615295	21.29243697
1.290873076	19.46638655
1.236362078	17.27857143
1.144737292	15.58172269
1.049124385	13.59201681
1.043431786	11.3697479
0.875710462	9.500630252
0.795477555	7.846848739
0.751258597	5.951890756
0.637954524	3.821785714
0.56705535	2.107710084
0.534674864	0.091302521
0.499630838	-2.112016807
0.345079959	-4.303277311
0.232001586	-6.422184874
0.191500291	-8.561764706
0.044424936	-10.93046218
-0.044337228	-13.17857143
-0.115338535	-15.1855042
-0.19970503	-17.2355042
-0.289962599	-19.31134454
-0.351254056	-21.56806723
-0.4488764	-23.85063025
-0.531196584	-25.46134454
-0.634816579	-27.79558824
-0.719804393	-29.73361345
-0.830145844	-31.71470588
-0.891674181	-33.54936975
-0.979597339	-35.35819328
-0.990143246	-37.33928571
-1.129904699	-39.1394958
-1.175458847	-41.14642857
-1.242336045	-43.03277311
-1.333387179	-44.93634454
-1.41256115	-46.78823529
-1.53414413	-48.58844538
-1.576807484	-50.55231092
-1.634796061	-52.38697479
-1.729833032	-54.03214286
-1.796782629	-55.75483193
-1.83423173	-57.44306723
-1.914808345	-59.26911765
-2.027620061	-60.7592437
-2.062088052	-62.32689076
-2.158598283	-64.17016807
-2.207544638	-66.00483193
-2.313074495	-67.88256303
-2.369439563	-69.94117647
-2.430761982	-71.75
-2.521236345	-73.64495798
-2.57155776	-75.45378151
-2.624810478	-77.09033613
-2.736119982	-78.89915966
-2.837563905	-80.8802521
-2.923085182	-82.86134454
-2.979238101	-84.75630252
-3.057208549	-86.6512605
-3.096637975	-88.37394958
-3.172093302	-90.35504202
-3.222502566	-91.81932773
-3.320963076	-93.3697479
-3.396772303	-95.26470588
-3.411085609	-96.9012605
-3.495251863	-98.45168067
-3.601152995	-99.74369748
-3.652143974	-101.3802521
-3.703843309	-103.1890756
-3.798841237	-104.9117647
-3.742458874	-106.8067227
-3.931641214	-108.8739496
-3.970105989	-110.6827731
-4.119013362	-112.4915966
-4.167912539	-114.4726891
-4.228330704	-116.1953782
-4.296152571	-118.0042017
-4.381985032	-119.3823529
-4.462355003	-121.4495798
-4.397253133	-123.0861345
-4.589462363	-124.7226891
-4.679704784	-126.5315126
-4.793359707	-128.2542017
-4.842512636	-129.8907563
-4.897449135	-131.6995798
-5.007769686	-133.5084034
-5.073915807	-135.3172269
-5.189335557	-137.1260504
-5.265576202	-139.1071429
-5.381282905	-140.8298319
-5.449473225	-142.2941176
-5.518911895	-144.2752101
-5.739855814	-146.2563025
-5.777301298	-147.8067227
-5.82406892	-149.0987395
-5.931677936	-150.7352941
-5.820317548	-149.012605
-5.7319414	-147.289916
-5.680301407	-145.3088235
-5.653229853	-142.9831933
-5.575116459	-141.3466387
-5.465819432	-139.4516807
-5.374047536	-137.2121849
-5.345194672	-135.4894958
-5.179486926	-133.5945378
-5.137593408	-131.8718487
-5.002568946	-129.8046218
-4.974655544	-128.2542017
-4.967560865	-126.6176471
-4.87310757	-124.5504202
-4.839674433	-122.8277311
-4.751539174	-120.9327731
-4.64937655	-119.0378151
-4.56496156	-117.3151261
-4.497518532	-115.9369748
-4.401062647	-113.7836134
-4.393554559	-111.9747899
-4.17259431	-110.1659664
-4.211721114	-108.5294118
-4.138263439	-106.6344538
-4.095644468	-104.5672269
-3.9977931	-102.7584034
-3.92962457	-100.9495798
-3.844246389	-99.31302521
-3.821716401	-97.67647059
-3.768759777	-95.95378151
-3.665366418	-93.97268908
-3.58655124	-92.25
-3.50930967	-90.26890756
-3.425557166	-88.37394958
-3.371483438	-86.22058824
-3.238412882	-84.41176471
-3.16769365	-82.86134454
-3.140404357	-81.22478992
-3.081766744	-79.41596639
-3.010642336	-77.77941176
-2.955600968	-75.79831933
-2.853434222	-73.81722689
-2.761134403	-72.18067227
-2.761838367	-70.45798319
-2.590413153	-68.3907563
-2.549128579	-66.48718487
-2.476501513	-64.56638655
-2.413473982	-62.92983193
-2.351970568	-61.36218487
-2.258434636	-59.27773109
-2.156948898	-57.12436975
-2.090867092	-55.22079832
-2.00105837	-53.53256303
-1.933800411	-51.79264706
-1.915410642	-49.90630252
-1.749546461	-47.77016807
-1.693329095	-46.13361345
-1.707711256	-44.49705882
-1.558495879	-42.52457983
-1.50435414	-40.87941176
-1.421947121	-38.96722689
-1.332219376	-37.29621849
-1.306221934	-35.28067227
-1.1862111	-33.68718487
-1.129278306	-31.93865546
-1.03187046	-29.60441176
-0.977214692	-27.66638655
-0.903994863	-25.38382353
-0.750886813	-23.32521008
-0.664143636	-20.81869748
-0.553305864	-18.84621849
-0.489115447	-16.78760504
-0.429080398	-14.9012605
-0.298565458	-12.4894958
-0.215439093	-10.25
-0.126244209	-8.096638655
-0.066248311	-5.908823529
0.036463403	-3.887247899
0.092376707	-1.931134454
0.162446823	0.037037815
0.271596145	1.749390756
0.264073294	3.683109244
0.389483956	5.822689076
0.536250359	7.812394958
0.616029673	9.931302521
0.697194123	11.86932773
0.779670494	13.69537815
0.831830477	15.78844538
0.9633472	18.06239496
1.002595688	19.90567227
1.087938996	22.02457983
1.188692543	23.88508403
1.312764887	25.84894958
1.345002797	27.43382353
1.41849679	29.38907563
1.513472217	31.42184874
1.579568761	33.21344538
1.663932961	35.3237395
1.781128704	37.47710084
1.874997931	39.56155462
1.940526847	41.49096639
2.069783652	44.18697479
2.157193242	46.51260504
2.212730681	48.4592437
2.358482765	50.70735294
2.489905965	52.90378151
2.535044078	54.6092437
2.593293662	56.50420168
2.678464763	59.03655462
2.829880723	61.50861345
2.922123832	63.80840336
3.036416711	66.03067227
3.104194803	67.82226891
3.198542891	70.37184874
3.313720185	72.26680672
3.44632687	73.90336134
3.534218778	75.97058824
3.59804279	77.69327731
3.662585528	79.15756303
3.756466675	81.22478992
3.834596885	83.29201681
3.962235162	85.44537815
4.050257465	87.5987395
4.109277847	89.32142857
4.212159282	91.04411765
4.313834566	93.02521008
4.430619131	94.83403361
4.504450643	96.9012605
4.656173211	98.45168067
4.685360652	99.57142857
4.768392316	101.4663866
4.82324145	102.7584034
4.884696496	104.7394958
4.765923179	102.5861345
4.732251601	100.6911765
4.651353982	98.10714286
4.54262665	96.12605042
4.476602047	93.97268908
4.35076265	91.73319328
4.281208883	89.32142857
4.148889103	87.16806723
4.091516095	85.10084034
3.978603614	82.51680672
3.897199811	80.70798319
3.803176771	78.72689076
3.730575566	76.74579832
3.622294498	74.42016807
3.535653885	72.18067227
3.482214397	69.76890756
3.39500341	67.61554622
3.238207711	65.36743697
3.176488654	63.11071429
3.066264509	60.87121849
2.972294433	59.04516807
2.872200671	56.97794118
2.790900366	55.40168067
2.794581524	53.23109244
2.599107797	51.29306723
2.596147263	48.98466387
2.486034089	46.99495798
2.379033131	44.86743697
2.32754378	42.67962185
2.154597473	40.40567227
2.08740608	38.53655462
2.053493089	36.4262605
1.926924534	34.13508403
1.801139675	31.87836134
1.687256967	29.77668067
1.591566847	27.20987395
1.528338681	25.46995798
1.421557702	22.91176471
1.314782084	20.94789916
1.227390366	18.64810924
1.209611141	16.91680672
1.095674021	14.47920168
1.018581318	12.36890756
0.838662412	9.681512605
0.789118142	7.898529412
0.703527998	6.072478992
0.637421479	3.814033613
0.55041791	2.145609244
0.445033058	0.595189076
0.434255197	-1.210189076
0.341332043	-2.919096639
0.291664595	-4.715861345
0.190776876	-6.702121849
0.056519702	-8.690966387
0.014201818	-10.85294118
-0.049735232	-12.9460084
-0.157409963	-15.69369748
-0.239867674	-17.66617647
-0.341960393	-20.05210084
-0.456785932	-22.11932773
-0.516535772	-23.6697479
-0.584090284	-25.78865546
-0.691356117	-27.84726891
-0.785998137	-29.87142857
-0.850583793	-31.74054622
-0.959442787	-33.71302521
-0.960865465	-36.08172269
-1.10097439	-37.93361345
-1.197583792	-39.80273109
-1.251162188	-41.52542017
-1.320389468	-43.35147059
-1.432761158	-45.06554622
-1.493787814	-47.27058824
-1.55346682	-48.95882353
-1.647960459	-50.44894958
-1.727596277	-52.38697479
-1.829570068	-54.325
-1.880838583	-55.93571429
-1.983186842	-57.89957983
-2.098160454	-59.65672269
-2.156316259	-61.79285714
-2.207085959	-63.60168067
-2.262696993	-65.67752101
-2.353815983	-67.44327731
-2.433158374	-69.33823529
-2.498224627	-71.06092437
-2.610643462	-72.8697479
-2.667997409	-74.93697479
-2.704155637	-76.65966387
-2.806386021	-78.55462185
-2.887422001	-80.27731092
-3.026245905	-82.08613445
-3.023461795	-83.89495798
-3.056805807	-85.78991597
-3.203532416	-87.68487395
-3.262379814	-89.32142857
-3.340355057	-91.1302521
-3.417658131	-92.85294118
-3.423933774	-94.66176471
-3.55234506	-96.03991597
-3.621455278	-97.76260504
-3.639360599	-99.57142857
-3.695810603	-101.4663866
-3.786727479	-103.3613445
-3.875323334	-105.2563025
-3.974266834	-106.9789916
-4.036308674	-108.8739496
-4.140347061	-110.5966387
-4.161105175	-111.9747899
-4.190840022	-114.0420168
-4.330208674	-116.0231092
-4.441290394	-117.7457983
-4.466021011	-119.1239496
-4.603813668	-120.6743697
-4.612227104	-122.6554622
-4.690118671	-124.5504202
-4.881712327	-126.4453782
-4.875810183	-127.8235294
-4.950282508	-129.460084
-5.047742614	-131.6134454
-5.134071874	-133.25
-5.150594879	-135.0588235
-5.361677488	-136.4369748
-5.374775067	-138.2457983
-5.37476512	-139.7962185
-5.477106713	-141.5189076
-5.594096712	-143.2415966
-5.749892408	-144.8781513
-5.799434278	-146.6869748
-5.918758423	-148.1512605
-5.944930753	-149.6155462
-5.890116529	-148.4957983
-5.73234883	-146.6869748
-5.688655444	-145.3088235
-5.659858135	-143.2415966
-5.546565865	-141.3466387
-5.536649282	-139.5378151
-5.413740816	-137.8151261
-5.322144165	-135.8340336
-5.272198866	-134.1113445
-5.146601279	-131.9579832
-5.107904307	-130.1491597
-5.031237634	-128.2542017
-4.975970153	-126.5315126
-4.88122506	-124.9810924
-4.858703774	-123
-4.735889042	-121.1911765
-4.647938046	-119.1239496
-4.593364381	-117.2289916
-4.488340191	-115.3340336
-4.476190817	-113.5252101
-4.393785447	-111.5441176
-4.240310752	-109.4768908
-4.208113024	-107.6680672
-4.119452068	-105.6869748
-4.058010329	-104.1365546
-3.936765175	-102.1554622
-3.869481987	-100.0882353
-3.796312343	-98.19327731
-3.757504864	-96.64285714
-3.659405625	-94.57563025
-3.594817172	-92.33613445
-3.531819514	-90.35504202
-3.446164952	-88.37394958
-3.322162799	-86.4789916
-3.257130773	-84.75630252
-3.19714899	-83.03361345
-3.158683712	-81.05252101
-3.05041503	-78.89915966
-3.032899258	-77.3487395
-2.890234194	-75.53991597
-2.847094279	-73.47268908
-2.774527089	-71.49159664
-2.693092927	-69.68277311
-2.594229882	-67.96008403
-2.517228243	-65.8842437
-2.44785574	-64.08403361
-2.359992108	-62.11155462
-2.273372738	-59.98403361
-2.160238412	-58.02878151
-2.120307893	-56.1855042
-2.039100084	-53.99768908
-1.962262794	-51.80987395
-1.862600209	-50.21638655
-1.730757439	-48.08886555
-1.707775522	-46.07331933
-1.653517811	-44.39369748
-1.553649609	-42.50735294
-1.487973594	-40.87941176
-1.385024305	-39.08781513
-1.304481567	-36.97752101
-1.209985439	-34.52268908
-1.123000944	-32.58466387
-1.063726326	-31.07731092
-0.93537059	-28.90672269
-0.940535035	-26.90840336
-0.836919961	-25.36659664
-0.752277505	-23.2907563
-0.704946564	-20.82731092
-0.574622088	-18.76869748
-0.478626505	-16.53781513
-0.385477058	-14.18634454
-0.285001901	-11.94684874
-0.192083464	-9.405882353
-0.075748449	-6.890756303
-0.026318345	-4.487605042
0.089510506	-2.358361345
0.162159463	0.045651261
0.294000522	1.895819328
0.325061647	4.047457983
0.477529262	6.215462185
0.563432283	8.673739496
0.639645892	10.75819328
0.724952023	13.2302521
0.866141699	15.71953782
0.987697738	18.14852941
1.070057134	20.94789916
1.171551874	23.35966387
1.320179675	25.4355042
1.329833914	28.51911765
1.517346278	31.31848739
1.629077229	33.66995798
1.671818423	36.33151261
1.852513087	39.38067227
1.985525841	41.70630252
2.071656864	45.1947479
2.210656423	47.47731092
2.317595973	49.3894958
2.374134881	52.20609244
2.516582897	55.16911765
2.664326139	58.1407563
2.761856557	60.63004202
2.870063612	62.45609244
3.020169792	65.59138655
3.118300439	68.23571429
3.25846108	70.6302521
3.382044116	73.21428571
3.420369582	76.4012605
3.697309847	78.38235294
3.71819549	80.27731092
3.836101538	82.34453782
3.895337334	84.67016807
3.968232124	86.39285714
4.110280278	88.28781513
4.117394005	90.18277311
4.314489479	92.16386555
4.421793734	93.97268908
4.517829446	95.69537815
4.539632958	97.59033613
4.680449671	99.48529412
4.730886679	101.4663866
4.868509568	103.7920168
4.943036664	105.9453782
5.048582801	107.8403361
5.168580626	109.8214286
5.205356608	111.7163866
5.414152253	114.0420168
5.452536582	115.9369748
5.540414908	117.6596639
5.705213059	119.0378151
5.733331045	120.5882353
6.063792484	122.8277311
6.00904212	126.1869748
6.185704944	127.9957983
6.191502864	129.5462185
6.375970097	131.355042
6.537018192	133.1638655
6.65882836	134.8865546
6.898765047	136.5231092
6.876519244	139.0210084
7.046462631	141.4327731
7.247431517	143.4138655
7.333253353	144.9642857
7.420473668	146.7731092
7.636455353	148.4096639
7.752884072	150.1323529
7.91337075	151.5966387
8.042601482	153.4054622
8.079515162	155.1281513
8.308773364	156.9369748
8.38216404	158.4012605
8.570853683	159.9516807
8.80891883	162.2773109
8.920378986	163.6554622
9.066636074	165.3781513
9.329302036	167.0147059
9.490461238	168.4789916
9.744510851	170.1155462
10.21915121	166.5840336
10.61869165	155.9033613
10.74259433	154.0084034
11.52643287	154.1806723
11.41222104	152.2857143
11.37330881	150.3907563
11.19099691	148.7542017
11.16133354	147.2037815
11.04556926	145.3088235
10.96383891	143.0693277
10.80997697	141.2605042
10.69400031	139.1932773
10.49256193	137.2983193
10.36496113	135.144958
10.30661354	132.8193277
10.0909328	130.8382353
10.00329213	128.7710084
9.826277118	126.7037815
9.729972465	124.894958
9.562194782	122.9138655
9.444402496	120.7605042
9.282162645	118.262605
9.273312206	116.2815126
8.9219144	114.0420168
8.840053679	111.5441176
8.680464185	109.7352941
8.448510213	107.3235294
8.285690059	105.1701681
8.169286998	102.8445378
8.144541276	100.8634454
7.981083295	99.05462185
7.846020795	96.81512605
7.764964532	94.74789916
7.538858889	92.59453782
7.343100364	90.18277311
7.263475074	87.94327731
7.113463771	85.61764706
6.995920473	82.86134454
6.792448078	80.79411765
6.666494811	78.6407563
6.563319505	76.4012605
6.367358091	74.67857143
6.268546551	72.09453782
6.141780211	69.68277311
5.97258957	66.66806723
5.789971471	64.41995798
5.691311059	61.88760504
5.582547341	59.59642857
5.470495603	56.8487395
5.285600715	54.7039916
5.152620721	52.35252101
5.026971826	50.3197479
4.8965315	48.175
4.796805626	45.36701681
4.552193227	42.79159664
4.530254295	40.68130252
4.382475748	38.35567227
4.273533194	36.19369748
4.128856561	33.58382353
3.99926591	30.83613445
3.886693477	28.50189076
3.813145055	26.33130252
3.6519905	23.67836134
3.562471986	21.03403361
3.380347532	18.8289916
3.312783393	16.7789916
3.237793927	14.59117647
3.060449553	12.4894958
2.986010253	9.767647059
2.850295387	7.64012605
2.764791164	5.81407563
2.609592429	3.255021008
2.514027809	1.457394958
2.417413433	-0.468571429
2.329917368	-2.642605042
2.22733866	-4.655567227
2.15614074	-6.715042017
2.04945537	-8.320588235
1.946975774	-10.68067227
1.835277173	-13.05798319
1.681305553	-15.48697479
1.565661066	-17.69201681
1.496353786	-19.60420168
1.406090066	-21.7144958
1.279821076	-23.4802521
1.184708136	-25.40966387
1.045666723	-27.33907563
0.989699938	-29.15651261
0.91127956	-30.99117647
0.825369468	-33.04117647
0.725820748	-35.01365546
0.594554702	-36.86554622
0.507017687	-38.84663866
0.433418641	-40.39705882
0.331457835	-42.08529412
0.227821358	-43.65294118
0.170391171	-45.43592437
0.076861874	-47.51176471
0.029565433	-49.07079832
-0.145201324	-51.01743697
-0.227768625	-52.95546218
-0.329910848	-54.85042017
-0.413744489	-56.96932773
-0.528432491	-59.86344538
-0.657598779	-62.04264706
-0.754603924	-63.74810924
-0.797898052	-65.39327731
-0.907995626	-67.96869748
-1.063585221	-69.94117647
-1.167275583	-71.92226891
-1.307634242	-73.81722689
-1.382123026	-75.62605042
-1.424214075	-77.5210084
-1.525463489	-79.15756303
-1.620426245	-81.13865546
-1.67118367	-82.86134454
-1.766049126	-84.84243697
-1.786238156	-86.39285714
-1.915064073	-88.71848739
-2.043710592	-90.61344538
-2.168853872	-92.59453782
-2.242295546	-94.74789916
-2.288779312	-96.47058824
-2.417859134	-98.19327731
-2.487207647	-99.82983193
-2.570831088	-101.4663866
-2.68093159	-103.0168067
-2.715152325	-104.9117647
-2.871958464	-106.8928571
-2.882988308	-108.8739496
-2.93361582	-110.7689076
-3.020053705	-112.75
-3.216134092	-114.9033613
-3.331139654	-116.4537815
-3.366141545	-118.262605
-3.459634469	-120.5021008
-3.515848389	-122.4831933
-3.658945234	-124.3781513
-3.750477807	-126.1008403
-3.903298138	-128.1680672
-3.936247673	-129.9768908
-4.059252035	-131.7857143
-4.193696054	-133.3361345
-4.221955849	-135.5756303
-4.422254753	-137.9012605
-4.527393255	-140.0546218
-4.666555784	-141.9495798
-4.759528262	-143.6722689
-4.830910182	-145.5672269
-4.922083745	-147.3760504
-5.060426264	-149.6155462
-5.208161308	-151.5105042
-5.238217994	-153.1470588
-5.39574753	-155.1281513
-5.520909822	-156.3340336
-5.557659219	-157.9705882
-5.650701473	-159.6932773
-5.766709118	-161.5021008
-5.920388445	-162.8802521
-6.005596118	-164.6029412
-6.089709925	-166.4117647
-6.266565177	-168.3067227
-6.367719724	-170.2878151
-6.508729162	-172.0105042
-6.706306377	-173.7331933
-6.854140436	-175.6281513
-7.008238195	-177.6092437
-7.102093351	-179.5042017
-7.329516403	-181.3130252
-7.482654163	-182.7773109
-7.678434834	-184.5
-7.792375782	-186.0504202
-7.945819807	-187.9453782
-8.112004727	-189.9264706
-8.298318584	-191.5630252
-8.530168493	-193.0273109
-8.653079747	-194.5777311
-8.853143395	-196.5588235
-9.882280101	-195.0084034
-10.55931153	-188.3760504
-11.44229156	-187.1701681
-12.2902035	-188.4621849
-12.77189914	-186.5672269
-12.77598007	-184.9306723
-12.77513237	-183.1218487
-12.68768522	-181.1407563
-12.58511142	-179.2457983
-12.40382313	-177.7815126
-12.37032291	-175.8865546
-12.18611909	-174.1638655
-12.02830895	-172.2689076
-11.95059493	-170.5462185
-11.76386806	-169.1680672
-11.70158927	-167.3592437
-11.55757155	-165.3781513
-11.36750043	-163.5693277
-11.2100229	-161.3298319
-11.10611962	-159.3487395
-10.914397	-157.1092437
-10.71312984	-155.1281513
-10.6594285	-153.4915966
-10.51645949	-151.855042
-10.41405542	-150.0462185
-10.26571663	-148.237395
-10.11189427	-146.342437
-10.00514706	-144.1029412
-9.816228357	-142.2079832
-9.689632221	-140.4852941
-9.553537686	-138.5042017
-9.489905245	-136.6953782
-9.361412031	-134.9726891
-9.182974395	-133.0777311
-9.042185915	-131.355042
-8.863844671	-129.5462185
-8.830113541	-127.6512605
-8.668427991	-125.6701681
-8.566975408	-123.8613445
-8.412786281	-122.1386555
-8.317902267	-120.3298319
-8.190943879	-118.3487395
-8.065782865	-116.3676471
-7.996661361	-114.5588235
-7.81464707	-112.5777311
-7.655388189	-110.7689076
-7.604687334	-109.1323529
-7.436272119	-107.3235294
-7.347843647	-105.2563025
-7.201957439	-103.3613445
-7.104642971	-101.3802521
-6.945235178	-99.31302521
-6.892678819	-97.41806723
-6.655799676	-95.09243697
-6.681252569	-93.19747899
-6.440700525	-91.04411765
-6.305956075	-89.06302521
-6.198133491	-86.90966387
-5.947813729	-84.49789916
-5.956603266	-83.46428571
-5.860538899	-81.65546218
-5.759074229	-79.93277311
-5.606193609	-78.12394958
-5.537873044	-76.31512605
-5.412742726	-74.33403361
-5.290141835	-72.61134454
-5.209093155	-70.71638655
-5.123071742	-68.73529412
-4.946017487	-66.61638655
-4.833080542	-64.89369748
-4.764836138	-63.22268908
-4.608944433	-60.97457983
-4.527838377	-59.42415966
-4.426379477	-57.29663866
-4.238379307	-55.27247899
-4.122207733	-53.29138655
-4.014082799	-51.14663866
-3.906251233	-49.34642857
-3.826253516	-47.29642857
-3.675548147	-45.12584034
-3.518229926	-43.08445378
-3.39058131	-41.42205882
-3.304514566	-39.56155462
-3.117174016	-37.13256303
-3.010879441	-35.06533613
-2.889521789	-33.25651261
-2.796307383	-31.74054622
-2.640805066	-29.65609244
-2.499784305	-27.44243697
-2.461290944	-25.33214286
-2.367026009	-23.12710084
-2.151249924	-20.73256303
-2.024206242	-18.59642857
-1.89729498	-16.94264706
-1.772956376	-14.35861345
-1.549616234	-11.57647059
-1.453586549	-9.388655462
-1.34534996	-6.856302521
-1.159371134	-4.543592437
-1.080628634	-2.330798319
-0.949576839	0.019810924
-0.773487126	1.896680672
-0.613543117	4.117226891
-0.405314321	7.209453782
-0.327022959	9.819327731
-0.116040439	12.23970588
0.009168068	14.90987395
0.182635207	17.34747899
0.308896158	19.50945378
0.484691201	22.0762605
0.671635108	24.66029412
0.828923348	27.45105042
0.948560685	29.47521008
1.139266681	32.38655462
1.326023005	35.25483193
1.452136927	37.58046218
1.706587021	40.98277311
1.82600395	43.60987395
2.009984755	45.66848739
2.187983198	48.38172269
2.318221364	51.41365546
2.568569881	54.17857143
2.729562656	57.34831933
2.94006012	59.45861345
3.192570299	62.2407563
3.280504429	64.84201681
3.463471381	67.46911765
3.647312595	70.02731092
3.835227851	72.8697479
4.063999395	75.45378151
4.202546771	77.5210084
4.462611937	79.93277311
4.617617189	82.68907563
4.730014089	85.44537815
4.950123355	88.02941176
5.137701513	90.09663866
5.23737465	92.33613445
5.465867055	95.17857143
5.646432162	98.45168067
5.853447311	100.0882353
6.049846007	102.4138655
6.221537923	105.1701681
6.403714087	107.3235294
6.660376003	109.3907563
6.783296711	110.9411765
6.979374225	112.9222689
7.039064385	115.0756303
7.185530038	116.7121849
7.412662536	118.6932773
7.587225137	120.5882353
7.753324809	122.1386555
7.919217397	123.947479
8.017061729	125.1533613
8.22980333	127.3067227
8.366460721	129.0294118
8.511735971	130.9243697
8.754423771	132.9054622
8.984817633	134.8865546
9.14380278	136.8676471
9.301273042	138.6764706
9.585948965	140.2268908
9.764841381	141.605042
10.23137494	142.9831933
10.43755144	144.7920168
10.79324178	146.2563025
10.94359228	148.237395
11.21661044	149.7016807
11.5370515	151.4243697
11.53516082	148.8403361
11.29696556	146.342437
11.06979333	143.4138655
10.84955444	140.4852941
10.58024008	137.3844538
10.40444919	134.2836134
10.21473144	131.355042
9.924053984	128.5987395
9.727726435	125.5840336
9.495295681	122.8277311
9.311233286	119.6407563
9.090007891	116.3676471
8.827494337	113.7836134
8.637009597	110.5966387
8.432516706	107.9264706
8.19617904	105.0840336
7.970560971	102.4138655
7.750625498	99.22689076
7.568336005	96.9012605
7.372557801	93.80042017
7.124342761	90.95798319
6.922459219	87.94327731
6.697655683	85.01470588
6.501005259	81.65546218
6.218875849	78.29621849
6.074203624	75.36764706
5.849211318	72.52521008
5.627596971	69.16596639
5.370769805	66.1512605
5.149103795	62.57668067
4.977173011	59.32941176
4.823896526	55.7289916
4.532787668	53.33445378
4.302316635	49.53592437
4.096985519	46.42647059
3.971105444	43.61848739
3.653963738	40.46596639
3.48700625	36.97752101
3.343243818	33.20483193
3.065954982	30.11260504
2.870135708	27.00315126
2.674392471	23.92815126
2.472369719	20.80147059
2.295553755	18.02794118
2.191034895	15.40084034
1.903052442	12.23109244
1.75947503	9.397268908
1.601136049	6.451470588
1.424014923	3.893277311
1.27233845	1.862226891
1.147746095	-0.582268908
0.952232284	-3.471218487
0.809847713	-6.168088235
0.655176962	-8.66512605
0.4283624	-11.44726891
0.25398017	-14.42752101
0.095124693	-16.82205882
-0.041962118	-19.1907563
-0.196115474	-21.25798319
-0.320265545	-23.90231092
-0.479609808	-26.33130252
-0.611653613	-28.37268908
-0.751702906	-30.88781513
-0.926327708	-32.8947479
-1.055834074	-34.99642857
-1.190938924	-37.1842437
-1.334288921	-39.57016807
-1.472090596	-41.77521008
-1.65305174	-43.67878151
-1.756231957	-45.86659664
-1.872636358	-48.16638655
-2.114226951	-50.5092437
-2.24073829	-52.48172269
-2.325553465	-54.42836134
-2.509309743	-56.62478992
-2.653792622	-58.77815126
-2.782567737	-60.68172269
-2.938844751	-63.05042017
-3.070317731	-65.30714286
-3.251010754	-67.30546218
-3.467446193	-69.59663866
-3.493868539	-71.49159664
-3.623829096	-73.30042017
-3.760459621	-75.02310924
-3.877122566	-76.48739496
-3.988128829	-78.29621849
-4.099047803	-80.62184874
-4.214680882	-82.77521008
-4.39341993	-84.58403361
-4.482420625	-86.82352941
-4.63919997	-89.06302521
-4.810504201	-91.21638655
-4.959327091	-93.28361345
-4.994091812	-95.00630252
-5.153905861	-97.07352941
-5.309482766	-99.05462185
-5.384630584	-100.6911765
-5.598426289	-102.8445378
-5.648186966	-104.7394958
-5.841960523	-106.4621849
-5.920629964	-108.2710084
-6.079481009	-110.2521008
-6.24807716	-112.4054622
-6.3444514	-114.5588235
-6.540879264	-116.539916
-6.674652449	-118.0903361
-6.817336192	-119.9852941
-6.998693678	-122.1386555
-7.147116635	-124.3781513
-7.324990755	-126.1869748
-7.427249285	-128.3403361
-7.606074858	-130.3214286
-7.717238992	-132.5609244
-8.037336883	-134.5420168
-8.189808291	-136.1785714
-8.352740667	-137.9012605
-8.468758821	-139.6239496
-8.615942638	-141.3466387
-8.792533582	-142.9831933
-8.907844863	-144.6197479
-9.102418608	-146.2563025
-9.223840909	-147.9789916
-9.450991676	-149.8739496
-9.61429425	-151.5966387
-9.781313582	-153.4054622
-10.05171454	-155.2142857
-10.23668884	-157.3676471
-10.48095606	-159.0042017
-10.65886147	-160.5546218
-10.75747444	-162.3634454
-11.03000521	-164.1722689
-11.30149834	-165.9810924
-11.556997	-167.6176471
-11.80003711	-169.3403361
-12.1132963	-170.9768908
-12.36043309	-172.7857143
-12.58177382	-174.3361345
-12.95548804	-175.5420168
-13.15739184	-177.1785714
-13.24401625	-175.4558824
-13.15708723	-173.2163866
-12.98767966	-171.3214286
-12.81400926	-168.737395
-12.6622903	-167.1008403
-12.44027038	-165.2920168
-12.37925847	-163.3109244
-12.17275183	-161.0714286
-11.97312548	-159.3487395
-11.87116478	-157.6260504
-11.74020601	-155.4726891
-11.57568499	-153.3193277
-11.39571152	-151.6827731
-11.22232333	-149.4432773
-11.06834083	-147.289916
-10.88606653	-145.3088235
-10.80167928	-143.5
-10.65891007	-141.5189076
-10.42702545	-139.4516807
-10.3140665	-137.9012605
-10.17445246	-135.6617647
-10.02168182	-133.5084034
-9.818330348	-131.5273109
-9.734414037	-129.8046218
-9.543674437	-127.6512605
-9.436269294	-125.5840336
-9.233036001	-123.2584034
-9.099917989	-121.1911765
-8.947879697	-119.4684874
-8.767082734	-117.6596639
-8.683916527	-115.6785714
-8.594313221	-113.7836134
-8.475422303	-111.1995798
-8.325013519	-109.3907563
-8.079225265	-106.9789916
-7.930185613	-104.7394958
-7.841899893	-102.5861345
-7.667937485	-100.1743697
-7.48161546	-98.19327731
-7.336682199	-95.95378151
-7.244669004	-93.88655462
-7.047055296	-92.16386555
-6.979009432	-90.09663866
-6.82748493	-88.02941176
-6.703970655	-86.13445378
-6.610689953	-83.89495798
-6.33742821	-81.48319328
-6.269123184	-79.58823529
-6.143861474	-77.60714286
-5.953589176	-75.28151261
-5.810808422	-72.95588235
-5.664297849	-70.88865546
-5.538753461	-69.16596639
-5.421840271	-67.2710084
-5.341232175	-65.91008403
-5.220622529	-63.77394958
-5.123248122	-61.50861345
-4.954929418	-59.63088235
-4.885362156	-57.54642857
-4.722067374	-55.55672269
-4.571065578	-53.4894958
-4.421163733	-51.7237395
-4.32048125	-49.63928571
-4.185114411	-47.67542017
-4.014884345	-45.59096639
-3.906944594	-43.31701681
-3.722470208	-40.88802521
-3.596475834	-38.69159664
-3.451433767	-36.50378151
-3.256877932	-33.99726891
-3.113841386	-31.06008403
-2.938758834	-28.72584034
-2.742865978	-26.57247899
-2.544885099	-23.45441176
-2.362715995	-20.00903361
-2.182698231	-17.32163866
-2.022301098	-14.46197479
-1.805634643	-10.87016807
-1.59294669	-8.191386555
-1.406434759	-4.685714286
-1.23403108	-1.614159664
-0.99863092	1.459117647
-0.850095752	3.336848739
-0.632362816	6.83907563
-0.352522084	10.90462185
-0.103876843	14.41890756
0.109339003	17.56281513
0.384025627	21.03403361
0.586229995	24.53970588
0.836155563	28.58802521
1.061804576	31.51659664
1.367866475	35.09117647
1.600279952	39.51848739
1.833362162	43.2394958
2.072318446	46.57289916
2.355112017	50.34558824
2.642786045	54.40252101
2.863529521	57.44306723
3.243273074	60.48361345
3.586497893	64.51470588
3.859173253	67.10735294
4.101164017	70.80252101
4.428845366	73.81722689
4.640632026	77.3487395
4.926925095	80.62184874
5.211223832	84.06722689
5.422405891	87.85714286
5.686569181	90.44117647
5.985808227	93.62815126
6.281762753	96.7289916
6.554445456	100.2605042
6.801958486	103.0168067
7.017296599	106.2037815
7.328809156	109.2184874
7.601281189	112.3193277
7.877770753	115.2478992
8.184985496	117.9180672
8.453912914	120.7605042
8.685829948	123.4306723
8.972580753	126.4453782
9.142712271	127.8235294
9.368721435	129.7184874
9.667526362	131.5273109
9.909667904	133.5084034
10.03714333	134.9726891
10.29904063	136.8676471
10.59517683	138.8487395
10.87483621	140.4852941
11.07759039	142.0357143
11.29477485	143.5861345
11.51411318	145.394958
11.89698182	147.5483193
12.12420927	149.0987395
12.51701141	150.6491597
12.72113041	152.1995798
13.12685505	153.8361345
13.59308868	155.7310924
14.02415008	157.1953782
14.51260248	158.7457983
15.26458325	160.5546218
16.02772951	160.9852941
16.81018057	159.9516807
17.44862169	159.6932773
18.13415685	159.6932773
18.9447553	160.1239496
19.62029339	158.5735294
19.49422947	156.2478992
19.39674067	155.3004202
19.3375963	153.9222689
19.23677382	152.0273109
19.10096355	150.3046218
18.95302382	148.4957983
18.79244733	146.4285714
18.65435151	144.8781513
18.520232	143.1554622
18.32256192	141.3466387
18.13883665	140.1407563
17.93322479	138.0735294
17.81749654	136.092437
17.56337426	133.8529412
17.34350764	131.8718487
17.13552308	129.8907563
16.95578382	127.8235294
16.75548155	126.0147059
16.52530026	124.0336134
16.29125983	121.5357143
16.10977228	119.3823529
15.76343575	116.1092437
15.47147715	113.4390756
15.22433517	110.9411765
15.02314611	108.7016807
14.74889113	106.5483193
14.56478986	104.3088235
14.30556251	102.0693277
14.07210608	100.0021008
13.91413259	98.27941176
13.71184414	95.43697479
13.40452971	92.68067227
13.14521148	90.44117647
12.90758957	88.02941176
12.71387873	85.44537815
12.47385101	83.1197479
12.25152314	80.96638655
11.9842721	78.12394958
11.69776465	75.28151261
11.54038289	73.12815126
11.24352908	70.71638655
10.95672135	67.78781513
10.76971999	65.44495798
10.51275002	63.23130252
10.26887306	60.16491597
10.04258425	58.14936975
9.85969957	55.09159664
9.508633305	52.55063025
9.302901263	49.98382353
9.124749761	47.08109244
8.803949923	44.41953782
8.621986645	42.03361345
8.478318599	40.22478992
8.177003664	37.09810924
7.966898616	33.99726891
7.637698458	31.37016807
7.426539828	28.42436975
7.241278152	25.63361345
6.998426969	23.23907563
6.740790971	20.03487395
6.588060473	17.93319328
6.287611963	15.20273109
6.190025236	13.03214286
5.932265826	10.26722689
5.684988482	7.364495798
5.561807916	5.891596639
5.38925116	3.192142857
5.16291374	1.503907563
5.024902784	-0.744201681
4.817665486	-2.730462185
4.700648614	-5.048340336
4.418612423	-7.553991597
4.250703881	-10.41365546
4.081141687	-12.25693277
3.916426131	-14.78928571
3.665900956	-16.82205882
3.514988843	-19.3802521
3.288248921	-21.45609244
3.17144345	-23.39411765
3.025057492	-25.33214286
2.901714706	-26.96008403
2.663549345	-29.67331933
2.409278618	-31.63718487
2.315247263	-33.65273109
2.162248011	-35.71134454
1.97181683	-38.06281513
1.738275499	-40.53487395
1.553382501	-42.97247899
1.341542295	-44.91911765
1.217481949	-46.78823529
1.075513983	-48.58844538
0.912040513	-50.88823529
0.767646703	-52.55063025
0.527204127	-54.80735294
0.383924035	-56.71953782
0.234999716	-58.58865546
0.120642264	-60.37163866
-0.073007292	-62.00819328
-0.224553592	-64.04096639
-0.307356418	-65.91869748
-0.53601028	-68.16680672
-0.725163683	-70.02731092
-0.852210428	-71.57773109
-1.027270787	-73.64495798
-1.146339397	-75.53991597
-1.3035605	-77.3487395
-1.482800075	-79.50210084
-1.660403036	-81.39705882
-1.809427587	-83.55042017
-1.991173582	-85.27310924
-2.13068411	-86.99579832
-2.275151971	-88.97689076
-2.465961765	-91.04411765
-2.576526342	-93.45588235
-2.740082461	-95.00630252
-2.935746955	-97.15966387
-3.081782742	-99.05462185
-3.318237486	-100.7773109
-3.423114739	-102.5
-3.570426534	-104.4810924
-3.842241399	-106.289916
-3.922597119	-108.2710084
-4.078543483	-109.9936975
-4.297339789	-112.1470588
-4.470457	-114.4726891
-4.681740099	-116.4537815
-4.850127568	-118.6932773
-5.094240913	-120.8466387
-5.356987154	-122.8277311
-5.516666395	-125.1533613
-5.667283581	-126.8760504
-5.82561962	-128.7710084
-6.123138295	-131.2689076
-6.409351003	-133.3361345
-6.586628824	-135.0588235
-6.779175193	-137.039916
-6.987154822	-138.6764706
-7.179467431	-140.8298319
-7.383118508	-142.7247899
-7.577088669	-144.447479
-7.819408664	-146.4285714
-8.017400392	-148.4957983
-8.259745045	-150.6491597
-8.535054653	-152.6302521
-8.768843084	-154.5252101
-9.026900179	-156.4201681
-9.277892597	-158.5735294
-9.545414839	-160.6407563
-9.841739952	-162.4495798
-10.15710138	-164.4306723
-10.37567579	-166.6701681
-10.76251659	-168.3067227
-11.01321419	-170.5462185
-11.47360116	-172.6995798
-11.69164009	-174.3361345
-12.1678773	-176.8340336
-12.61471193	-178.6428571
-13.09870964	-180.6239496
-13.53078494	-182.0882353
-14.04053064	-183.6386555
-14.8135626	-185.5336134
-15.56039192	-185.1890756
-16.35379735	-186.0504202
-17.17028814	-187.2563025
-18.11904499	-187.2563025
-18.97780941	-187.8592437
-19.81874214	-186.9117647
-20.69490878	-186.5672269
-21.37486875	-184.5861345
-21.30255476	-182.9495798
-21.19054317	-181.3130252
-21.02290903	-179.5042017
-20.9084167	-177.7815126
-20.75248981	-176.2310924
-20.60111911	-174.5945378
-20.38369099	-172.8718487
-20.25612739	-171.407563
-20.01768929	-169.3403361
-19.73741589	-167.1008403
-19.56571472	-165.0336134
-19.28685176	-163.2247899
-19.08334587	-161.5882353
-18.87992438	-159.6071429
-18.68020608	-157.7983193
-18.4027013	-155.4726891
-18.22292695	-153.3193277
-17.97812478	-151.1659664
-17.76693754	-148.9264706
-17.44563082	-146.6008403
-17.21672154	-144.447479
-16.99656399	-142.552521
-16.8776139	-141.3466387
-16.63627772	-139.0210084
-16.44928437	-137.8151261
-16.30852278	-136.2647059
-16.13734238	-134.197479
-15.90079815	-131.7857143
-15.53024499	-129.6323529
-15.3982863	-127.8235294
-15.16307776	-125.9285714
-14.95569656	-123.947479
-14.822763	-122.1386555
-14.58366634	-119.8130252
-14.34391631	-118.0042017
-14.02719788	-115.8508403
-13.87165462	-113.9558824
-13.66327272	-112.1470588
-13.47016874	-109.907563
-13.31446563	-108.1848739
-13.09313507	-106.3760504
-12.93324647	-104.394958
-12.67914223	-102.2415966
-12.4438329	-100.4327731
-12.301159	-98.27941176
-12.05252609	-96.21218487
-11.84691855	-94.05882353
-11.57055807	-91.56092437
-11.37844948	-89.83823529
-11.13588772	-87.94327731
-10.95864056	-85.78991597
-10.74663537	-83.98109244
-10.59273655	-81.74159664
-10.38696396	-79.93277311
-10.1351588	-77.69327731
-9.90447601	-75.19537815
-9.73437163	-73.38655462
-9.495185794	-71.49159664
-9.230973367	-69.33823529
-9.149981491	-67.61554622
-8.940389157	-65.43634454
-8.715795353	-63.48970588
-8.472538544	-61.51722689
-8.370386733	-59.64810924
-8.192775096	-58.0460084
-7.95230675	-56.16827731
-7.781437151	-54.10966387
-7.532830138	-52.05966387
-7.389738584	-50.07857143
-7.186125989	-47.95966387
-6.887693468	-45.73739496
-6.75399238	-43.7907563
-6.567299371	-41.80966387
-6.37372398	-40.03529412
-6.148176151	-37.8302521
-5.973756042	-35.09978992
-5.695320288	-32.77415966
-5.513513218	-31.20651261
-5.285764382	-28.59663866
-5.162149756	-26.8394958
-4.899777	-24.2210084
-4.615764986	-22.27436975
-4.477799171	-19.65588235
-4.218932278	-17.64033613
-3.943839727	-14.97878151
-3.844084718	-12.31722689
-3.499880976	-9.879621849
-3.279014103	-7.330042017
-3.063090985	-4.832142857
-2.840048018	-2.701176471
-2.612740345	0.065462185
-2.425717039	1.998319328
-2.183968511	4.430756303
-1.943559182	6.856302521
-1.66958766	10.1552521
-1.412734216	12.14495798
-1.165068003	15.42668067
-0.858105934	18.62226891
-0.539891296	20.90483193
-0.293236577	24.04012605
-0.060092721	26.86533613
0.221097131	29.6302521
0.505621959	31.95588235
0.799800198	34.4710084
1.068729144	37.71827731
1.312426362	39.85441176
1.553350116	42.17142857
1.931527904	45.45315126
2.110816021	48.15777311
2.451923683	50.74180672
2.806381324	53.75651261
3.052632423	56.5644958
3.355076154	58.71785714
3.648355414	61.48277311
3.934455614	63.8342437
4.211296608	66.53886555
4.532599553	68.66638655
4.81507583	71.06092437
5.136764977	74.07563025
5.532466198	77.3487395
5.808103406	79.50210084
6.161819778	81.82773109
6.426318484	83.63655462
6.73837553	85.96218487
7.02468707	88.8907563
7.405632147	91.64705882
7.745005658	93.97268908
8.071151732	96.7289916
8.370646601	98.62394958
8.762974677	100.8634454
9.011409631	103.2752101
9.438961131	105.5147059
9.710916032	107.7542017
10.09352702	109.7352941
10.37154873	111.6302521
10.75083593	113.7836134
11.02612385	115.8508403
11.32701008	117.6596639
11.64448627	119.6407563
12.19324814	121.3634454
12.47746854	123.1722689
12.8297718	124.9810924
13.27652098	127.2205882
13.58303204	129.0294118
14.0467933	130.8382353
14.40885223	133.0777311
14.85892994	134.7142857
15.26672318	136.7815126
15.74097351	138.2457983
16.27704859	139.710084
17.00288918	140.8298319
17.37210999	142.2941176
17.87359128	143.9306723
18.50826245	145.3088235
19.18305627	146.9453782
20.07423239	148.3235294
19.95299731	145.9978992
19.82936162	144.0168067
19.63421775	141.6911765
19.41609676	139.4516807
19.15678454	136.6953782
18.91120438	134.6281513
18.65904346	132.5609244
18.43354515	130.407563
18.25398967	128.0819328
17.97529324	126.1869748
17.68823086	123.5168067
17.40311472	121.3634454
17.1194251	119.210084
16.95836528	117.4012605
16.75799012	115.1617647
16.41535402	113.0084034
16.25400842	110.855042
15.88668119	108.4432773
15.73830556	106.3760504
15.46201394	104.1365546
15.21163768	101.552521
14.96448911	99.57142857
14.74477381	97.59033613
14.51342718	95.43697479
14.21193697	92.85294118
13.89577771	90.09663866
13.69316552	88.28781513
13.44892975	86.30672269
13.18968005	83.98109244
12.89790643	81.48319328
12.68895171	79.07142857
12.44341086	77.09033613
12.19507199	74.59243697
11.9222956	72.00840336
11.68006639	70.28571429
11.46098416	67.78781513
11.17351007	65.53970588
10.87057361	63.37773109
10.67736314	60.94012605
10.39505647	58.56281513
10.0925874	56.54726891
9.932689175	54.0407563
9.686325383	51.67205882
9.460266003	49.45840336
9.170644402	46.9605042
8.960886568	44.79852941
8.711716845	42.55903361
8.496417605	40.42289916
8.244725668	37.80441176
8.016169717	35.16869748
7.707676988	32.8947479
7.4038587	29.74222689
7.100431126	27.33907563
6.857773091	25.05651261
6.577169719	22.51554622
6.352286988	20.09516807
6.138005362	17.9762605
5.926855024	15.375
5.721499668	13.20441176
5.507805034	11.03382353
5.214650076	8.811554622
4.988335948	6.684033613
4.799736967	4.381659664
4.596695824	2.470336134
4.380473963	0.366071429
4.155772383	-1.483235294
3.892478095	-3.988886555
3.643824429	-6.544495798
3.475394406	-8.992436975
3.169509032	-11.40420168
2.960825137	-13.33361345
2.755749278	-15.44390756
2.535968782	-17.64894958
2.283695761	-20.06071429
2.121084269	-21.89537815
1.938847458	-23.60945378
1.681460326	-26.12457983
1.529048566	-27.84726891
1.250551589	-30.2762605
1.052982173	-32.42962185
0.819633025	-34.72079832
0.671808991	-36.34012605
0.396910724	-38.61407563
0.187649067	-40.80189076
-0.033276668	-42.62794118
-0.30019878	-44.64348739
-0.4361498	-46.52121849
-0.661503858	-48.57121849
-0.866976929	-50.81932773
-1.07371011	-53.00714286
-1.29488945	-54.76428571
-1.499722199	-56.91764706
-1.754126816	-59.20882353
-1.969568022	-61.1210084
-2.192042777	-63.00735294
-2.37947969	-64.81617647
-2.573275537	-66.66806723
-2.754049752	-68.56302521
-3.008411128	-70.19957983
-3.176918683	-72.18067227
-3.365096775	-73.9894958
-3.55213829	-76.05672269
-3.752657132	-78.12394958
-3.979157443	-80.27731092
-4.202154097	-82.08613445
-4.416715879	-83.89495798
-4.600216347	-85.87605042
-4.83297748	-87.85714286
-5.025736361	-89.66596639
-5.296799931	-91.30252101
-5.475513039	-92.76680672
-5.632683724	-94.66176471
-5.872133609	-96.38445378
-6.080384392	-98.71008403
-6.419131258	-100.6911765
-6.652792416	-102.5
-6.810584395	-104.5672269
-7.089602842	-106.289916
-7.285801375	-108.0987395
-7.54217646	-110.0798319
-7.782280159	-112.2331933
-8.049985771	-114.3004202
-8.352772668	-116.0231092
-8.543797168	-117.3151261
-8.795193547	-119.5546218
-9.110977686	-121.6218487
-9.376579195	-123.5168067
-9.679644728	-125.4978992
-10.03695169	-127.737395
-10.2889333	-129.6323529
-10.56154112	-131.6134454
-10.9554196	-133.5084034
-11.21286898	-135.4033613
-11.46126707	-137.039916
-11.77863668	-138.9348739
-12.00775365	-140.5714286
-12.31135469	-142.552521
-12.6068565	-143.9306723
-12.9457349	-145.6533613
-13.18541005	-147.289916
-13.4936567	-149.2710084
-13.88942217	-151.2521008
-14.31110279	-153.2331933
-14.64883872	-155.1281513
-15.03977413	-157.0231092
-15.51480165	-158.7457983
-16.09486745	-160.7268908
-16.65729563	-162.105042
-16.99868514	-163.6554622
-17.52357014	-165.2058824
-18.10397195	-167.0147059
-18.70679252	-168.8235294
-19.35785061	-170.460084
-19.98084804	-172.1827731
-20.73157588	-173.2163866
-21.70548224	-174.5945378
-21.52241034	-172.4411765
-21.43917258	-170.7184874
-21.2422519	-168.5651261
-21.04557072	-166.6701681
-20.91638898	-165.0336134
-20.66281697	-162.6218487
-20.38130332	-160.8130252
-20.19309406	-158.6596639
-19.99505256	-156.8508403
-19.7333675	-154.4390756
-19.51849936	-152.6302521
-19.36201571	-150.4768908
-19.13707081	-148.8403361
-18.85002817	-146.6008403
-18.60153245	-144.6197479
-18.44191272	-142.6386555
-18.19817955	-140.5714286
-17.87820457	-138.6764706
-17.692468	-137.039916
-17.55049286	-134.9726891
-17.35946134	-133.1638655
-17.06600195	-131.1827731
-16.83136955	-129.3739496
-16.62198151	-127.5651261
-16.39376906	-125.6701681
-16.1806961	-123.6890756
-16.02265693	-121.8802521
-15.7767015	-119.9852941
-15.55430577	-118.3487395
-15.3859223	-116.539916
-15.1003955	-114.4726891
-14.93244312	-112.6638655
-14.73409815	-110.7689076
-14.51569929	-108.960084
-14.27160972	-107.0651261
-14.1324784	-105.4285714
-13.94861914	-103.6197479
-13.72011925	-101.552521
-13.4128124	-99.57142857
-13.28485815	-97.8487395
-13.06048265	-95.95378151
-12.86393843	-94.05882353
-12.6464627	-92.07773109
-12.41842116	-90.44117647
-12.26087322	-88.71848739
-12.08138046	-86.6512605
-11.83682959	-84.49789916
-11.51988247	-82.25840336
-11.37282973	-80.44957983
-11.13368885	-78.38235294
-10.96313188	-76.57352941
-10.77263857	-74.67857143
-10.54870927	-73.12815126
-10.30526731	-71.06092437
-10.10697195	-69.25210084
-9.949265638	-67.44327731
-9.684124624	-65.38466387
-9.505521701	-63.78256303
-9.340815603	-61.95651261
-9.124612403	-60.05294118
-8.920492811	-58.34747899
-8.739940285	-56.66785714
-8.490899813	-54.65231092
-8.291822867	-52.54201681
-8.077565773	-50.64705882
-7.854421462	-48.28697479
-7.685366466	-46.32310924
-7.396045139	-44.03193277
-7.148224122	-42.22310924
-6.908191948	-39.975
-6.675026933	-38.23508403
-6.524906215	-36.37457983
-6.337756508	-34.38487395
-6.130903336	-32.77415966
-5.959165233	-30.31932773
-5.736560117	-28.1487395
-5.441271142	-25.84894958
-5.201076961	-23.74726891
-5.055600931	-21.95567227
-4.831395947	-19.45777311
-4.588375726	-17.82983193
-4.418858398	-15.30609244
-4.132895712	-13.41113445
-3.973257294	-11.10273109
-3.664044726	-8.699579832
-3.491089333	-6.528991597
-3.278814197	-4.502247899
-2.974219475	-1.64
-2.728187388	0.443592437
-2.551566827	2.205042017
-2.316480341	4.472962185
-2.143313271	6.257668067
-1.81416671	8.673739496
-1.685458198	10.58592437
-1.435885934	13.02352941
-1.240181967	15.26302521
-0.90810343	17.70063025
-0.684428731	19.91428571
-0.464772	22.08487395
-0.212499911	25.0737395
0.070072226	26.96869748
0.374133147	28.94978992
0.537238529	31.06008403
0.74749447	33.45462185
1.062334952	35.875
1.406996475	38.60546218
1.631337211	41.11197479
1.884089687	43.32563025
2.096496645	45.16890756
2.496206734	47.76155462
2.753016692	50.36281513
3.050252929	52.70567227
3.331780828	54.84180672
3.596226103	57.28802521
3.918309143	59.85483193
4.187459408	62.16323529
4.443827553	64.14432773
4.83803949	66.69390756
5.202787876	69.5105042
5.523259211	71.75
5.806961658	73.73109244
6.042667194	75.79831933
6.410966866	77.86554622
6.6927689	80.27731092
6.946223332	82.25840336
7.205565051	84.2394958
7.650357891	86.82352941
7.993331587	89.23529412
8.395249744	91.30252101
8.755073093	93.45588235
8.969886063	95.78151261
9.3707962	97.50420168
9.603513477	99.31302521
9.962826042	101.4663866
10.31994995	103.7920168
10.65395387	105.4285714
10.9325701	107.5819328
11.38991942	109.907563
11.80416969	111.9747899
12.19097395	113.9558824
12.58342441	115.6785714
12.93257749	117.7457983
13.37881088	119.8130252
13.68323693	121.7079832
14.10104328	123.5168067
14.4836827	125.4978992
14.86202187	127.2205882
15.24457381	129.1155462
15.71221664	130.8382353
16.25339191	132.9054622
16.75331069	134.4558824
17.31129305	136.2647059
17.84254077	137.987395
18.50977212	139.710084
19.1420115	141.605042
19.69948893	141.9495798
20.5140584	142.8109244
23.05464409	144.3613445
23.97187478	143.4138655
24.757981	143.1554622
25.65470388	141.605042
26.45798913	142.1218487
27.4188539	141.0882353
28.22155904	140.3991597
28.34590316	137.7289916
28.25963689	136.4369748
28.18577121	134.5420168
28.00969894	132.9915966
28.00361705	131.0966387
27.72233769	129.1155462
27.48306124	127.3067227
27.36886956	125.9285714
27.13006334	124.2058824
26.87007774	122.3970588
26.56609184	120.5021008
26.43440629	118.5210084
26.24676581	116.6260504
25.75708815	114.8172269
25.66650392	113.1806723
25.49146452	111.2857143
25.33048883	109.5630252
25.00891916	107.9264706
24.75798246	105.6008403
24.58718539	104.2226891
24.29462477	102.2415966
23.96734262	100.0882353
23.77830305	97.93487395
23.49501549	96.29831933
23.25221869	94.14495798
23.01133797	92.16386555
22.821725	90.35504202
22.49180388	88.28781513
22.25126249	86.22058824
21.96299454	84.06722689
21.71921553	82.34453782
21.39009636	80.44957983
21.1608003	78.38235294
20.91582686	75.97058824
20.651042	73.73109244
20.30791479	71.66386555
20.03717053	69.42436975
19.7538308	67.44327731
19.46655653	65.22962185
19.24011085	63.23130252
18.89627055	60.90567227
18.62343534	58.64894958
18.31242235	56.61617647
18.04578078	54.48004202
17.77086974	52.40420168
17.51749282	50.21638655
17.1862879	48.0802521
16.89115169	46.15945378
16.66511372	44.06638655
16.37402399	42.24894958
16.07781939	40.12142857
15.82577318	38.07142857
15.51283065	36.26260504
15.29221618	34.2039916
14.94756318	32.18844538
14.699476	30.12121849
14.47194963	27.93340336
14.1262587	26.26239496
13.90250359	24.11764706
13.72265177	22.62752101
13.33826824	20.43970588
12.95839348	17.84705882
12.7496136	15.96932773
12.43156811	13.66953782
12.06287684	11.53340336
11.83189035	9.67289916
11.5615751	7.450630252
11.20641974	5.202521008
10.9521306	3.314453782
10.65857466	1.526302521
10.41759192	-0.378130252
10.17530313	-2.466890756
9.92110687	-4.38855042
9.576648189	-6.430798319
9.374170416	-8.225840336
9.133595267	-10.16386555
8.852330513	-12.13634454
8.609648671	-14.27247899
8.330180057	-16.23634454
8.047598679	-18.06239496
7.777387933	-20.4052521
7.470931872	-22.53277311
7.095304979	-25.03928571
6.849536677	-26.84810924
6.643399045	-28.87226891
6.319675372	-30.92226891
6.031004454	-32.8
5.863138881	-34.41071429
5.598148267	-36.41764706
5.304243248	-38.28676471
5.053041969	-40.14726891
4.821557103	-42.31785714
4.501148547	-44.36785714
4.227819311	-46.45231092
3.898055902	-48.77794118
3.619416439	-50.67289916
3.296322467	-52.88655462
2.995982992	-55.09159664
2.753688748	-57.14159664
2.424971734	-58.84705882
2.254053178	-60.475
2.016022271	-62.1460084
1.724887868	-64.25630252
1.48901055	-66.09096639
1.22945435	-68.09789916
0.900589963	-70.02731092
0.635925575	-72.00840336
0.360262461	-73.73109244
0.139163092	-76.14285714
-0.194421011	-78.29621849
-0.516337701	-80.01890756
-0.77828187	-81.91386555
-1.023768275	-83.72268908
-1.329019714	-85.78991597
-1.676316411	-88.11554622
-1.932562656	-89.92436975
-2.250224371	-91.99159664
-2.552056197	-94.05882353
-2.860625279	-95.95378151
-3.122053955	-97.76260504
-3.466734299	-99.91596639
-3.722178953	-101.8109244
-4.098009592	-103.8781513
-4.408053229	-105.8592437
-4.71431402	-107.9264706
-5.038053401	-109.5630252
-5.261203842	-111.1134454
-5.559437666	-112.8361345
-5.843300506	-114.7310924
-6.186427995	-116.7121849
-6.542508912	-118.6932773
-6.907685327	-120.3298319
-7.08113548	-121.7941176
-7.454518945	-123.8613445
-7.910009903	-125.9285714
-8.236698499	-127.5651261
-8.577446989	-129.5462185
-8.918453403	-131.4411765
-9.355990449	-133.1638655
-9.639386489	-134.9726891
-9.991860553	-137.1260504
-10.41060071	-138.5903361
-10.7684318	-140.3130252
-11.12432226	-142.2079832
-11.55344215	-143.9306723
-12.04866033	-145.9117647
-12.37601765	-147.6344538
-12.80061518	-149.3571429
-13.27056509	-151.2521008
-13.73685417	-152.802521
-14.11860357	-154.5252101
-14.57679677	-156.5063025
-15.07349835	-158.2289916
-15.58233326	-160.1239496
-16.16609239	-161.8466387
-16.63045395	-163.4831933
-17.24963816	-165.2920168
-17.78032191	-167.1008403
-18.50425368	-168.737395
-19.25245431	-170.5462185
-20.10656179	-172.5273109
-21.11157792	-174.1638655
-22.09017508	-175.2836134
-22.98694222	-175.1113445
-23.87417712	-175.4558824
-25.06843602	-175.8004202
-25.9746346	-175.5420168
-26.70910324	-175.4558824
-27.77134004	-174.8529412
-28.71159752	-173.8193277
-29.28814793	-172.1827731
-30.16454844	-170.2878151
-29.95409612	-167.9621849
-29.69303361	-165.6365546
-29.6932758	-163.7415966
-29.32454916	-161.8466387
-29.02175161	-160.1239496
-28.96872446	-158.487395
-28.65429868	-157.0231092
-28.54802862	-155.5588235
-28.4897037	-153.9222689
-28.12041963	-152.2857143
-27.93319905	-150.4768908
-27.56114156	-148.5819328
-27.34822661	-146.5147059
-26.95934203	-144.6197479
-26.84818077	-142.9831933
-26.56793805	-140.9159664
-26.20481904	-138.6764706
-25.96946812	-136.9537815
-25.76531544	-134.8865546
-25.43665981	-133.25
-25.24607686	-131.4411765
-24.97073927	-129.9768908
-24.79421415	-127.9957983
-24.46400662	-125.9285714
-24.17832881	-123.947479
-23.90165613	-122.3109244
-23.59722051	-120.3298319
-23.34346183	-118.5210084
-23.1629344	-117.2289916
-22.93281941	-115.1617647
-22.63366222	-113.3529412
-22.32556826	-111.2857143
-22.08599133	-109.3907563
-21.88212964	-107.7542017
-21.61439297	-105.8592437
-21.23106469	-104.1365546
-21.06818923	-101.7247899
-20.66491877	-99.57142857
-20.44733318	-97.76260504
-20.18104475	-96.21218487
-19.84473979	-94.23109244
-19.65334719	-92.42226891
-19.33793184	-90.69957983
-19.08310792	-88.71848739
-18.87501372	-86.73739496
-18.56127186	-84.92857143
-18.25292004	-83.20588235
-18.01356015	-81.22478992
-17.73600713	-79.32983193
-17.49577339	-77.60714286
-17.28045269	-76.2289916
-16.99419595	-74.59243697
-16.7277204	-72.52521008
-16.42409064	-70.6302521
-16.18250404	-68.90756303
-15.940691	-66.92647059
-15.62542001	-65.14348739
-15.43310074	-63.35189076
-15.0897962	-61.36218487
-14.76992917	-59.71701681
-14.48536812	-57.72731092
-14.22910773	-55.59117647
-13.89380877	-54.10105042
-13.64746114	-52.05105042
-13.31921469	-50.12163866
-13.02464845	-47.9855042
-12.73286745	-46.00441176
-12.39217941	-43.85105042
-12.12262497	-41.69768908
-11.72964595	-39.81134454
-11.43209932	-37.87331933
-11.13925712	-35.73718487
-10.75980946	-33.66134454
-10.55139409	-31.52521008
-10.11410803	-29.11344538
-9.851123573	-27.18403361
-9.544669178	-24.98760504
-9.203843596	-23.07542017
-8.891368442	-20.83592437
-8.63482458	-18.81176471
-8.325519784	-17.02016807
-7.999698255	-15.10798319
-7.603593774	-12.72205882
-7.348021909	-10.86155462
-7.081514158	-9.302521008
-6.825925328	-7.209453782
-6.555012724	-5.624579832
-6.224383625	-3.034516807
-5.894000856	-0.82
-5.549617389	1.245504202
-5.224420201	3.099117647
-4.864085405	5.298130252
-4.626502107	7.571218487
-4.179464409	10.01743697
-3.844794776	11.67121849
-3.572890307	14.10021008
-3.287403722	15.79705882
-2.964525229	17.56281513
-2.62138475	20.5
-2.205012143	22.20546218
-1.903402718	24.61722689
-1.566800372	26.96008403
-1.176059091	29.1737395
-0.754893625	31.60273109
-0.458025708	33.04117647
-0.200907815	34.9447479
0.206059968	36.96029412
0.438482995	38.49348739
0.711184757	40.10420168
1.000322725	42.35231092
1.473493292	44.82436975
1.767666173	46.71071429
2.16601645	48.39033613
2.515682028	50.55231092
2.890240223	52.8262605
3.23898875	54.35945378
3.545531761	56.67647059
3.959654637	59.00210084
4.385060423	61.01764706
4.845694139	63.48109244
5.300720578	65.65168067
5.710158918	67.37436975
5.975720061	68.9592437
6.302604748	70.80252101
6.727973753	73.21428571
7.208647147	75.1092437
7.453485542	76.4012605
7.929639813	78.55462185
8.333367849	80.70798319
8.81133182	82.86134454
9.216917689	84.92857143
9.742014765	86.82352941
10.1691792	88.63235294
10.52395363	89.92436975
10.9982855	92.25
11.54394505	94.23109244
11.81128317	95.26470588
12.19967875	97.15966387
12.79490535	99.1407563
13.21371437	101.1218487
13.83128893	103.1890756
14.2222785	104.7394958
14.82806689	106.8928571
15.33543216	108.960084
15.85981183	111.0273109
16.54221908	113.0084034
17.05807382	114.7310924
17.68208894	116.4537815
18.19530001	118.262605
18.78893712	120.2436975
19.4522294	121.9663866
20.18944999	123.6890756
20.98551019	125.5840336
21.77753707	126.9621849
22.63023617	128.9432773
23.51297805	129.9768908
24.3988162	129.9768908
25.31628821	130.8382353
26.12115515	130.7521008
27.22359555	131.0105042
27.73728935	130.4936975
28.71187437	129.8046218
28.5894927	127.9957983
28.36974729	125.9285714
28.22517354	124.2920168
28.02888742	122.3109244
27.74899028	119.5546218
27.56107397	117.7457983
27.23135195	115.5063025
26.81253499	113.8697479
26.75681944	111.7163866
26.50766469	109.7352941
25.98154125	107.6680672
26.0060658	105.7731092
25.59297999	104.1365546
25.39932679	101.9831933
25.13977625	100.1743697
24.78095159	98.19327731
24.61737028	96.38445378
24.28524374	93.97268908
24.02084412	92.33613445
23.78972774	90.52731092
23.56373832	88.20168067
23.26384517	86.13445378
22.9395985	83.63655462
22.57651682	81.39705882
22.25301927	79.50210084
21.96750962	76.91806723
21.78379088	75.28151261
21.4857618	73.21428571
21.21750523	71.40546218
20.8783006	69.07983193
20.61189583	67.2710084
20.27056859	65.0487395
20.06639588	62.79201681
19.71170235	60.38886555
19.38090472	58.47668067
19.09290284	56.39222689
18.85508639	54.43697479
18.55312297	52.54201681
18.26078553	50.1302521
17.90634811	48.24390756
17.68033211	46.01302521
17.28885739	43.8855042
17.05416407	42.08529412
16.77599174	40.31092437
16.55156813	38.3039916
16.21205447	36.27983193
15.81230848	34.28151261
15.56294409	32.42962185
15.30515735	30.50021008
14.95216796	27.98508403
14.63294733	25.93508403
14.23640946	23.89369748
13.85354404	21.50777311
13.61835232	19.34579832
13.22797457	17.32163866
12.95769765	15.375
12.64486577	13.27331933
12.33832503	11.51617647
11.92329182	8.639285714
11.56061327	6.563445378
11.2095484	4.624558824
10.88946259	2.796785714
10.57411965	0.859621849
10.21264588	-1.212773109
9.917055217	-3.11289916
9.705141897	-5.179264706
9.249926192	-7.442016807
8.913530299	-9.586764706
8.622655026	-11.56785714
8.346503122	-13.325
8.04874995	-15.21134454
7.74423778	-16.89957983
7.433072721	-18.88928571
7.117337408	-20.99957983
6.886573353	-22.6447479
6.606030221	-24.6947479
6.253082795	-26.84810924
5.857303519	-29.09621849
5.491528895	-31.1289916
5.187994324	-32.90336134
4.861633761	-34.73802521
4.592266015	-36.49516807
4.273613055	-38.07142857
4.046129463	-39.65630252
3.714766576	-41.79243697
3.399839108	-43.64432773
3.05740703	-45.65987395
2.725737093	-47.51176471
2.415891958	-49.50147059
2.039174916	-51.75819328
1.711264119	-53.5842437
1.335803719	-55.50504202
0.999683686	-57.71008403
0.72044717	-59.86344538
0.31798975	-61.94789916
-0.04751545	-64.04096639
-0.425155656	-66.19432773
-0.718242896	-67.72752101
-1.10957702	-69.76890756
-1.383354189	-71.49159664
-1.672485163	-73.55882353
-2.146223989	-75.62605042
-2.506049738	-77.69327731
-2.813340777	-79.41596639
-3.098241244	-81.05252101
-3.418439225	-82.86134454
-3.797009056	-84.67016807
-4.187812387	-86.56512605
-4.50793932	-88.54621849
-4.890073604	-90.69957983
-5.173738332	-92.16386555
-5.624339115	-94.23109244
-5.949277805	-96.29831933
-6.421471475	-97.93487395
-6.774497845	-99.82983193
-7.162280073	-101.2941176
-7.477704232	-103.2752101
-7.835113453	-104.9978992
-8.302994026	-106.8067227
-8.669884395	-108.7016807
-9.121715726	-110.9411765
-9.571162424	-112.75
-9.992777482	-114.644958
-10.41728251	-116.539916
-10.8586217	-118.4348739
-11.32905832	-120.3298319
-11.75148952	-121.8802521
-12.12430106	-123.3445378
-12.43207533	-125.4117647
-13.08975289	-127.3928571
-13.45947484	-129.0294118
-14.03013519	-130.7521008
-14.41672157	-132.302521
-14.82657469	-133.9390756
-15.31111317	-135.9201681
-15.89964542	-137.7289916
-16.50375032	-139.9684874
-17.07213925	-141.6911765
-17.46188884	-143.7584034
-18.36503316	-145.6533613
-19.02646077	-147.4621849
-19.6414803	-148.9264706
-20.30106619	-150.907563
-20.92980371	-152.802521
-21.72661902	-154.4390756
-22.44610826	-156.0756303
-23.29779958	-157.8844538
-24.05683483	-159.3487395
-24.94131468	-161.0714286
-25.83525909	-161.0714286
-26.69688216	-161.4159664
-27.4416815	-162.3634454
-28.49742384	-163.2247899
-29.20417824	-163.052521
-30.2481414	-162.7941176
-30.49312888	-160.8991597
-30.26868318	-158.8319328
-30.10302599	-157.1092437
-29.8213351	-154.8697479
-29.65884588	-152.8886555
-29.41738874	-150.8214286
-29.06517868	-148.5819328
-28.733502	-146.9453782
-28.62691738	-145.1365546
-28.31091375	-143.3277311
-28.20074129	-141.3466387
-27.98657716	-139.6239496
-27.47793123	-137.3844538
-27.32841754	-135.3172269
-26.95802781	-133.6806723
-26.67669473	-131.5273109
-26.49641409	-129.6323529
-26.18261133	-127.9096639
-25.93331119	-126.2731092
-25.68502688	-124.0336134
-25.31596211	-122.1386555
-25.07549551	-120.157563
-24.72734379	-117.9180672
-24.4789816	-116.7983193
-24.32986368	-115.4201681
-24.06485645	-113.5252101
-23.85550328	-111.802521
-23.53133252	-109.4768908
-23.1983983	-108.012605
-22.94693904	-105.8592437
-22.71336252	-103.9642857
-22.3398706	-102.1554622
-22.15768257	-100.1743697
-21.80577486	-98.0210084
-21.49189799	-96.03991597
-21.18295354	-94.14495798
-20.85568537	-92.07773109
-20.56910495	-90.18277311
-20.31110743	-88.37394958
-20.04707651	-86.56512605
-19.75490764	-84.58403361
-19.43477638	-82.77521008
-19.20775671	-81.22478992
-18.96894444	-79.50210084
-18.70783518	-77.69327731
-18.38272757	-75.79831933
-18.12698428	-74.50630252
-17.86094901	-72.8697479
-17.65182782	-70.71638655
-17.28725852	-68.82142857
-17.02259614	-67.14180672
-16.71817609	-65.14348739
-16.41712189	-63.23991597
-16.10206206	-61.24159664
-15.73799067	-59.37247899
-15.495964	-57.70147059
-15.199132	-55.97878151
-14.90779361	-54.24747899
-14.62789761	-51.95630252
-14.25071391	-50.09579832
-13.88296056	-47.92521008
-13.55853866	-46.15945378
-13.26918337	-44.17836134
-12.95450523	-42.27478992
-12.58377364	-40.10420168
-12.20809015	-37.90777311
-11.85568816	-35.81470588
-11.52530653	-33.70441176
-11.1597846	-31.69747899
-10.79858537	-29.57857143
-10.49634056	-27.77836134
-10.11933021	-25.7197479
-9.824007857	-23.37689076
-9.500329735	-21.51638655
-9.231276161	-19.61281513
-8.804420629	-17.54558824
-8.475048567	-15.54726891
-8.117663222	-13.29915966
-7.764825376	-11.02521008
-7.355951352	-8.785714286
-7.086411575	-6.752941176
-6.663236835	-4.242121849
-6.28489685	-2.137857143
-5.866066714	0.050819328
-5.538970556	2.045693277
-5.197809084	3.954432773
-4.870565107	6.029411765
-4.484759596	8.458403361
-4.095974834	10.87016807
-3.705301688	12.55840336
-3.539008144	14.33277311
-3.056661392	16.52058824
-2.745079394	18.8289916
-2.288375926	21.36995798
-1.924437943	22.9289916
-1.680238336	24.52247899
-1.329945586	26.5552521
-0.932404258	29.14789916
-0.541216319	31.08592437
-0.15545749	32.94642857
0.230815868	35.3237395
0.645289938	37.2789916
0.99615186	38.99306723
1.410266118	41.05168067
1.817352803	43.43760504
2.195881053	45.58235294
2.635982496	48.24390756
3.141711171	49.89768908
3.418195595	51.38781513
3.86146395	53.47226891
4.310394593	55.87542017
4.708729721	57.7789916
5.150461446	59.90651261
5.608761818	62.04264706
6.017782274	63.91176471
6.414249164	65.87563025
6.84610403	67.54663866
7.394685292	69.59663866
7.759251433	71.23319328
8.30778586	73.47268908
8.633927454	75.1092437
8.972255576	76.65966387
9.423349908	78.38235294
9.951389717	80.01890756
10.34466384	81.91386555
10.8532632	83.98109244
11.82278586	87.34033613
12.27682482	89.23529412
12.79459782	91.30252101
13.27862346	92.93907563
13.93022677	95.09243697
14.3699554	96.9012605
14.98616709	98.96848739
15.57794753	101.0357143
16.16088186	103.0168067
16.65576809	104.7394958
17.33968028	106.8067227
18.0208566	108.4432773
18.36105706	110.1659664
19.12846296	112.1470588
19.92499928	114.3865546
20.72571568	116.4537815
21.49089297	118.3487395
22.38791117	120.3298319
23.28398601	122.1386555
24.09584705	123.1722689
25.00065996	124.5504202
25.85329679	125.9285714
27.11785567	126.789916
28.07327189	127.4789916
28.80226747	127.5651261
29.93305219	126.6176471
30.71300381	125.4978992
31.64735444	125.1533613
32.67473187	124.6365546
33.58939562	123.7752101
34.43530317	122.6554622
35.54549354	121.6218487
36.32569192	120.2436975
37.0603965	118.4348739
37.27242137	116.539916
37.09383382	114.3865546
36.8848721	112.5777311
36.40291932	110.1659664
36.30864288	108.012605
36.06513787	106.1176471
35.68493962	104.394958
35.24026707	102.5
35.12878857	100.5189076
34.83331703	98.19327731
34.52591817	96.03991597
34.07486211	93.54201681
33.71846821	91.56092437
33.46350337	89.66596639
32.94362038	87.42647059
32.8397254	85.53151261
32.50188351	83.80882353
32.20410168	81.65546218
31.77097306	79.58823529
31.57062331	77.3487395
31.17178894	75.45378151
30.90916758	73.64495798
30.49205112	71.66386555
30.29108589	69.33823529
29.93346052	67.0987395
29.37898039	65.10042017
29.23688069	63.06764706
28.82851654	61.18130252
28.40527343	58.76953782
28.01738938	56.41806723
27.77360665	54.10966387
27.53924878	52.12857143
27.27757277	50.16470588
26.87379165	48.04579832
26.49630137	46.125
26.1448727	43.7907563
25.7033339	41.63739496
25.47303512	39.92331933
25.13463281	37.8302521
24.79254013	35.71134454
24.42850571	33.6355042
24.01706132	31.41323529
23.70972792	29.26848739
23.41296027	27.53718487
23.00641244	25.64222689
22.69486811	23.86785714
22.40810716	22.25714286
22.17825186	20.4052521
21.77140782	18.24327731
21.43756392	16.1157563
21.0121122	13.95378151
20.67923248	12.48088235
20.30971026	10.25861345
19.97846174	8.363655462
19.66473522	6.640966387
19.28153023	4.832142857
18.9905632	2.884642857
18.52502053	1.018109244
18.26382495	-1.031029412
17.85323335	-3.062079832
17.4759912	-5.187878151
17.07500182	-7.183613445
16.83453202	-8.949369748
16.39105684	-10.56869748
16.10641559	-12.21386555
15.80502551	-14.07436975
15.41051629	-15.91764706
15.11265665	-17.63172269
14.70952462	-19.35441176
14.44714076	-21.53361345
13.84934326	-23.39411765
13.54667775	-25.46995798
13.15436478	-27.18403361
12.74956242	-29.13067227
12.37189438	-31.23235294
12.0430518	-33.11008403
11.61251822	-34.88445378
11.24681253	-36.84831933
10.77271224	-38.83802521
10.40633332	-40.83634454
9.9378869	-42.56764706
9.562407822	-44.46260504
9.176206368	-46.10777311
8.852473364	-47.5289916
8.513624521	-49.23445378
8.145352093	-51.12079832
7.706075584	-52.95546218
7.285850076	-54.71260504
6.826306797	-56.65063025
6.41312328	-58.77815126
6.011762038	-60.5697479
5.621824461	-62.37857143
5.242271192	-64.05819328
4.8594525	-66.00483193
4.366460358	-67.85672269
3.93924015	-70.02731092
3.5240125	-71.66386555
3.105072097	-73.38655462
2.67078253	-75.02310924
2.293745982	-76.83193277
1.948355844	-78.46848739
1.395361565	-80.62184874
0.946676582	-82.60294118
0.53296277	-84.41176471
0.076877644	-86.22058824
-0.371924829	-88.20168067
-0.803837505	-89.83823529
-1.213103037	-91.73319328
-1.680764596	-93.3697479
-2.09817021	-95.09243697
-2.445021662	-96.47058824
-2.943811255	-98.36554622
-3.395924623	-100.4327731
-3.856727141	-101.9831933
-4.388865987	-103.7058824
-4.778174296	-105.1701681
-5.191763029	-107.237395
-5.741081691	-108.7016807
-6.16920194	-110.1659664
-6.55507869	-111.8886555
-7.156398191	-113.9558824
-7.627368218	-115.7647059
-8.062659637	-117.2289916
-8.714482801	-118.7794118
-9.134047891	-120.6743697
-9.646633175	-122.3109244
-10.12218617	-123.8613445
-10.64467164	-125.4978992
-11.30376914	-127.2205882
-11.93580915	-129.2878151
-12.50624048	-131.0966387
-13.11195359	-133.1638655
-13.80850596	-134.5420168
-14.31439846	-136.3508403
-15.07395404	-138.2457983
-15.75229861	-140.1407563
-16.42929858	-142.1218487
-17.15028436	-143.7584034
-17.83643665	-145.2226891
-18.51242259	-147.4621849
-19.42917214	-149.012605
-20.22951551	-150.9936975
-21.14139319	-152.5441176
-22.1057885	-154.4390756
-23.07842179	-155.9033613
-23.90574767	-157.2815126
-24.94947548	-158.2289916
-25.94413836	-159.6932773
-26.8224703	-160.210084
-27.85059721	-160.8130252
-28.66417657	-161.4159664
-29.5728466	-161.7605042
-30.66131248	-161.5021008
-31.63122448	-161.0714286
-32.49284005	-160.210084
-33.49981581	-160.2962185
-34.39690508	-159.6071429
-35.29831498	-159.0903361
-36.39329108	-158.487395
-36.90383323	-157.0231092
-37.88401195	-155.3865546
-38.69136301	-154.6113445
-38.97337609	-152.9747899
-38.86404194	-150.8214286
-38.65901698	-149.2710084
-38.39442785	-147.3760504
-38.25864687	-145.4810924
-37.86238392	-143.6722689
-37.74600368	-141.8634454
-37.5289689	-139.9684874
-37.03351228	-137.987395
-36.917076	-136.1785714
-36.49450254	-134.3697479
-36.19629779	-132.8193277
-36.05749378	-131.0105042
-35.71659215	-129.1155462
-35.52256769	-127.5651261
-35.2427976	-125.6701681
-34.75797712	-123.6029412
-34.55198978	-121.7941176
-34.31947096	-120.2436975
-34.00707522	-118.0042017
-33.50126724	-116.3676471
-33.38591194	-114.7310924
-33.09165856	-113.0084034
-32.74513922	-110.855042
-32.53306157	-109.2184874
-32.16744916	-107.237395
-31.86409705	-105.6869748
-31.47478563	-103.7058824
-31.17568236	-101.552521
-30.87949098	-99.82983193
-30.6839345	-98.0210084
-30.18576086	-95.6092437
-29.81382544	-93.71428571
-29.42748017	-91.90546218
-29.07427437	-90.18277311
-28.97725718	-88.71848739
-28.62025598	-86.73739496
-28.31113292	-85.3592437
-28.11165465	-83.89495798
-27.7786171	-82.17226891
-27.4574315	-80.27731092
-27.20380425	-78.46848739
-26.85439553	-76.4012605
-26.35290114	-74.24789916
-25.99456751	-72.69747899
-25.74581845	-71.14705882
-25.49472485	-69.33823529
-24.98813831	-67.44327731
-24.74576363	-65.60861345
-24.33874902	-63.29159664
-23.96268151	-61.49138655
-23.60073723	-59.49306723
-23.23838042	-58.01155462
-22.94923762	-56.03046218
-22.53523731	-54.21302521
-22.19941933	-52.30945378
-21.83067137	-50.46617647
-21.42046029	-48.66596639
-21.09347773	-46.66764706
-20.69313911	-45.13445378
-20.36804501	-43.26533613
-20.08251887	-41.58571429
-19.591305	-39.37205882
-19.17600774	-37.3737395
-18.71171149	-35.61659664
-18.4354006	-33.79054622
-18.12622764	-32.35210084
-17.65438667	-30.40546218
-17.27229937	-28.19180672
-16.92820949	-26.40021008
-16.39812626	-24.08319328
-15.97306501	-22.30882353
-15.60610828	-20.42247899
-15.12645958	-18.17436975
-14.70298709	-16.01239496
-14.08681023	-13.42836134
-13.62457233	-11.47310924
-13.25498003	-9.552310924
-12.83280802	-7.553991597
-12.3755233	-5.392016807
-11.9265094	-3.547878151
-11.38818807	-1.49012605
-10.92004577	0.406554622
-10.35515101	2.891533613
-9.852065913	4.702941176
-9.469758139	6.796008403
-9.094620183	8.044957983
-8.651150611	10.3447479
-8.180935511	12.45504202
-7.720955418	14.07436975
-7.312300774	16.08130252
-6.6437203	18.61365546
-6.079514105	20.63781513
-5.651665235	22.56722689
-5.291182899	24.29852941
-4.649708119	26.52079832
-4.234359134	28.52773109
-3.580358616	31.08592437
-3.075447937	33.10147059
-2.559189018	34.78970588
-2.142744627	36.32289916
-1.75865594	37.99390756
-1.317642973	39.57878151
-0.702134847	41.69768908
-0.220792782	43.50651261
0.303819682	45.61680672
0.775338018	47.34810924
1.392422162	49.2947479
1.999860921	51.62037815
2.566559316	53.65315126
3.202125309	55.48781513
3.752046843	57.4947479
4.393671996	59.49306723
4.773048221	60.68172269
5.391273692	62.9039916
5.960466647	64.45441176
6.519290337	66.23739496
7.13242524	68.21848739
7.77039204	69.85504202
8.419172162	71.75
9.028208734	73.55882353
9.554830393	75.45378151
10.37672128	77.60714286
10.9688734	79.24369748
11.55776222	81.13865546
12.26083424	82.77521008
13.03861288	84.75630252
13.65497911	86.4789916
14.53073109	88.46008403
15.29549903	90.44117647
16.12419348	92.16386555
16.80544118	94.05882353
17.53886508	95.6092437
18.44533321	97.24579832
19.27235345	99.1407563
20.17634035	101.1218487
21.09137231	102.9306723
21.98242678	104.3088235
22.75620406	106.289916
23.68234394	107.4957983
24.54594933	108.8739496
25.56817438	110.0798319
26.39277845	110.4243697
27.22427164	111.2857143
28.28708186	112.1470588
29.07209851	112.3193277
29.90358629	112.3193277
30.96083578	113.0084034
31.80893542	112.8361345
32.530652	113.0945378
33.56846207	112.4915966
34.68981164	112.4915966
35.5697441	111.9747899
36.42550297	111.4579832
37.13614785	109.6491597
37.74179824	107.4957983
37.55565347	105.6869748
37.34662782	103.6197479
37.02073835	101.8970588
36.73300815	99.57142857
36.62790408	97.59033613
36.22802334	95.35084034
36.02048949	93.19747899
35.38858623	91.21638655
35.24851979	89.06302521
34.96570986	86.73739496
34.53706225	84.75630252
34.10646909	82.94747899
33.81207147	80.8802521
33.59589198	79.15756303
33.16653299	77.09033613
32.89939796	74.67857143
32.43912283	72.52521008
32.32036533	70.54411765
31.91671718	68.47689076
31.56045474	66.65945378
31.23363171	64.94537815
30.98549804	62.86092437
30.46834002	60.91428571
30.21271425	58.84705882
29.93294586	57.06407563
29.60298099	55.09159664
29.27641141	52.81764706
29.00368237	51.08634454
28.60774629	48.99327731
28.14249585	46.8657563
27.95631571	44.7210084
27.48370955	42.66239496
27.30373449	40.60378151
26.85954174	38.48487395
26.51829174	36.53823529
26.11336146	34.53991597
25.73796031	32.67941176
25.50453079	30.54327731
25.04611374	28.35546218
24.65167502	26.12457983
24.17653473	23.85063025
23.80408908	21.8092437
23.39597168	19.69894958
23.06380929	17.22689076
22.55381299	15.05630252
22.24693952	13.09243697
21.78177242	10.75819328
21.38490981	8.811554622
20.92930692	6.365336134
20.47459081	4.463487395
20.11657195	2.553886555
19.81612237	0.775210084
19.36002905	-1.189516807
19.04932333	-3.075
18.59369529	-4.914831933
18.20988647	-7.070777311
17.78784552	-9.147478992
17.39024422	-11.18886555
16.95640455	-12.7737395
16.53486898	-14.80651261
16.18958038	-16.80483193
15.70933871	-18.85483193
15.32276974	-20.72394958
14.85606972	-22.65336134
14.41565045	-24.93592437
13.96294238	-26.89978992
13.49454741	-28.91533613
12.9846923	-31.10315126
12.4762409	-33.07563025
12.05977642	-34.85
11.61068437	-36.92584034
11.14800279	-38.69159664
10.6853968	-40.77605042
10.15778607	-42.79159664
9.717133738	-44.70378151
9.174482097	-46.55567227
8.755314238	-48.39894958
8.254841982	-50.42310924
7.861373005	-52.21470588
7.240766114	-54.48865546
6.738152776	-56.45252101
6.134882874	-58.58865546
5.603751738	-60.84537815
4.994633679	-63.06764706
4.640224519	-65.05735294
3.994871423	-66.90063025
3.460657792	-68.97647059
2.998647154	-70.54411765
2.454630505	-72.43907563
1.919093652	-74.24789916
1.512378574	-75.88445378
1.007519343	-77.77941176
0.474164969	-79.67436975
-0.06845874	-81.48319328
-0.601471353	-82.94747899
-1.008496834	-84.58403361
-1.593569005	-86.4789916
-2.163747126	-88.37394958
-2.750243939	-90.44117647
-3.361191679	-92.25
-3.965135132	-94.31722689
-4.698055767	-95.95378151
-5.214273582	-98.0210084
-5.968257233	-100.0021008
-6.705627194	-102.4138655
-7.488997221	-104.7394958
-8.251164487	-106.4621849
-8.974117014	-108.3571429
-9.504837623	-110.0798319
-10.22135247	-111.802521
-10.87277698	-113.5252101
-11.57209395	-114.9894958
-12.08781089	-116.7983193
-12.83099171	-118.5210084
-13.5365035	-120.4159664
-14.28325403	-122.3109244
-15.09947494	-124.1197479
-15.96917067	-126.1008403
-16.98871742	-127.9957983
-17.81837224	-129.6323529
-18.58620779	-131.355042
-19.59535516	-133.25
-20.49252318	-134.8004202
-21.2794891	-136.5231092
-22.16706922	-137.9012605
-23.0668386	-139.7962185
-24.09251968	-141.0882353
-25.01819252	-142.6386555
-26.00415334	-144.1029412
-26.99439069	-144.9642857
-27.95282507	-145.7394958
-28.7592958	-146.6008403
-29.80036674	-147.289916
-30.80062731	-148.237395
-31.83114555	-148.6680672
-32.7678842	-148.8403361
-33.60797083	-148.9264706
-34.59896758	-148.3235294
-35.61193286	-148.1512605
-36.51648576	-147.7205882
-37.47111637	-147.289916
-38.5538543	-147.2037815
-38.96912384	-145.3088235
-38.87427134	-143.1554622
-38.75232252	-141.0021008
-38.5863397	-139.1932773
-38.26128316	-136.9537815
-38.07730744	-134.9726891
-37.6721227	-133.25
-37.53001206	-131.1827731
-37.16376766	-129.2016807
-36.89967873	-127.1344538
-36.44704113	-125.0672269
-35.98846067	-123.0861345
-35.80258281	-121.2773109
-35.60638908	-119.5546218
-35.24524151	-117.487395
-34.95407411	-115.3340336
-34.516469	-113.5252101
-34.29007869	-111.5441176
-33.97071744	-109.7352941
-33.40372946	-107.6680672
-33.16756608	-105.7731092
-32.74604165	-103.7058824
-32.61868242	-101.7247899
-32.27901497	-99.74369748
-31.83026498	-97.50420168
-31.52958314	-95.26470588
-31.11526813	-93.19747899
-30.83541303	-91.21638655
-30.54116995	-89.23529412
-30.06930002	-87.34033613
-29.73021025	-85.53151261
-29.44377293	-83.63655462
-29.02937727	-81.65546218
-28.77432459	-79.32983193
-28.20760735	-77.09033613
-27.88487072	-75.36764706
-27.54126623	-73.38655462
-27.16793524	-71.40546218
-26.89638537	-69.85504202
-26.54182487	-67.78781513
-26.0927315	-65.65168067
-25.69162763	-63.8342437
-25.34422123	-61.77563025
-25.01042799	-59.97542017
-24.53300775	-58.11491597
-24.28577636	-55.97878151
-23.77853234	-54.01491597
-23.35500735	-52.21470588
-23.01557903	-50.44894958
-22.67336209	-48.42478992
-22.28788711	-46.55567227
-21.78074531	-44.50567227
-21.44664033	-42.70546218
-21.10056044	-40.8105042
-20.65028108	-38.50210084
-20.17735831	-36.58130252
-19.71474243	-34.03172269
-19.21147026	-32.1539916
-18.73644249	-29.32016807
-18.17350789	-26.94285714
-17.59256458	-24.6947479
-17.1077744	-22.7394958
-16.68659844	-20.5947479
-16.13184437	-17.96764706
-15.59962823	-15.60756303
-14.93903999	-13.02352941
-14.4197553	-10.67205882
-13.94438781	-8.475630252
-13.46662217	-6.365336134
-12.96006721	-4.291218487
-12.46598195	-2.220546218
-11.83912487	-0.266155462
-11.36016398	1.896680672
-10.78770377	3.734789916
-10.40757581	5.879537815
-9.937760504	7.588445378
-9.338896715	9.733193277
-8.791871493	11.60231092
-8.398858549	13.68676471
-7.810568246	15.59033613
-7.299769183	17.84705882
-6.57866171	20.05210084
-6.046716016	22.33466387
-5.536661145	24.62584034
-4.762984245	27.03760504
-4.227818424	29.32878151
-3.517369183	31.5855042
-2.755791458	33.77331933
-2.293953525	35.77163866
-1.710787263	37.89915966
-0.997969613	40.54348739
-0.26977853	42.23172269
0.30956111	44.58319328
1.112324552	46.8657563
1.887379236	48.76932773
2.378884656	50.75903361
3.028336946	52.62815126
3.678908891	54.72121849
4.316084996	56.2802521
4.895540834	58.26995798
5.51274708	59.84621849
6.239512183	61.92205882
6.901937851	63.73088235
7.559658593	65.58277311
8.286173732	67.40882353
9.278573484	69.68277311
10.062458	71.49159664
10.75580477	73.47268908
11.52486927	75.1092437
12.42632901	77.3487395
13.25034991	79.58823529
14.20353216	81.74159664
15.11048765	83.37815126
15.91963535	85.01470588
16.70797642	86.82352941
17.73528078	89.06302521
18.65596583	90.52731092
19.39383422	92.33613445
20.42118635	94.05882353
21.29752707	95.86764706
22.29366628	97.41806723
23.20304081	99.05462185
24.17710915	100.1743697
25.15653048	101.7247899
26.17689814	103.0168067
27.12560772	103.6197479
27.9616994	104.5672269
28.8482535	105.6008403
30.13893592	106.2037815
30.8791008	106.4621849
31.99843749	106.8067227
32.9952893	107.237395
33.98770216	106.3760504
34.82096217	106.5483193
35.86947131	106.4621849
36.72951329	105.4285714
37.94512013	105.0840336
38.79501219	104.394958
40.03115984	103.9642857
41.13601375	102.5861345
42.19018524	101.1218487
43.18006775	99.31302521
43.97472034	97.41806723
44.88442328	96.7289916
45.40286893	94.74789916
46.45902104	93.54201681
46.53374846	91.47478992
46.11910723	88.97689076
45.93190431	86.39285714
45.46970991	84.2394958
45.29963433	82.17226891
44.87208492	79.84663866
44.67473277	78.03781513
44.28542773	76.14285714
44.01106654	74.07563025
43.66133167	71.92226891
43.2916361	69.59663866
42.89824827	67.52941176
42.49108293	65.10042017
42.09381778	63.16239496
41.62948022	61.00903361
41.1723182	59.01932773
41.05467767	56.89180672
40.64909506	54.92794118
40.26167064	52.67121849
39.83627428	50.45756303
39.38060034	48.60567227
38.91159817	46.56428571
38.6577749	44.075
38.06578864	42.10252101
37.9148329	40.00084034
37.27750158	37.66659664
36.88660815	35.70273109
36.74153254	33.71302521
36.18862732	31.74054622
35.65114505	29.70777311
35.35529888	27.80420168
34.83303088	25.66806723
34.40630425	23.575
34.1577431	21.78340336
33.58055372	19.74201681
33.26798611	17.30441176
32.80345316	15.01323529
32.43979603	13.39390756
32.00526143	11.14579832
31.53303507	9.207773109
31.10667098	7.183613445
30.64052335	5.23697479
30.08440156	3.381638655
29.78572822	1.557310924
29.34519212	-0.268739496
28.99109572	-2.178340336
28.4169477	-4.265378151
27.99017561	-6.493676471
27.59764896	-8.372268908
27.1731983	-10.25861345
26.82105365	-11.98991597
26.36468244	-13.92794118
25.88869625	-16.37415966
25.36106887	-18.34663866
24.87088899	-20.48277311
24.44049273	-22.30021008
24.04023853	-24.06596639
23.51239285	-26.12457983
23.08270396	-28.00231092
22.59917552	-30.16428571
22.05728579	-32.21428571
21.49835136	-34.31596639
20.98107209	-36.40903361
20.41048056	-38.6657563
19.85350629	-40.4487395
19.37036027	-42.3092437
18.79403791	-44.21281513
18.28662024	-46.23697479
17.71219691	-48.34726891
17.1330377	-50.29390756
16.45256009	-52.25777311
16.01818128	-53.98046218
15.44246983	-55.91848739
14.90748218	-57.78760504
14.23216472	-59.8289916
13.60375812	-61.82731092
12.98643452	-63.79978992
12.32208076	-65.66029412
11.8280306	-67.10735294
11.25451183	-68.77836134
10.66803626	-70.80252101
10.01514068	-72.69747899
9.383843383	-74.24789916
8.741148202	-76.31512605
8.039136152	-78.12394958
7.391325145	-80.27731092
6.66338339	-82
5.956637911	-83.80882353
5.176631953	-85.78991597
4.602565076	-87.51260504
3.783622626	-89.66596639
2.942114289	-91.56092437
2.21021169	-93.54201681
1.427215474	-95.69537815
0.456339934	-97.67647059
-0.293654048	-99.57142857
-1.129689667	-101.552521
-1.962498748	-103.5336134
-2.798175279	-104.9978992
-3.399970035	-106.8067227
-4.409069963	-108.7016807
-5.257409506	-110.3382353
-6.115086962	-112.3193277
-6.96896013	-113.9558824
-7.756514896	-115.7647059
-8.65289776	-117.3151261
-9.592934216	-119.0378151
-10.19965025	-120.2436975
-11.14838944	-121.9663866
-12.21205701	-123.8613445
-13.11293109	-125.4978992
-14.10373347	-126.8760504
-14.96528255	-128.512605
-15.82544816	-129.7184874
-16.77810362	-131.0966387
-17.78382474	-132.4747899
-18.77800682	-133.7668067
-19.75707844	-134.8865546
-20.6743144	-136.092437
-21.65335768	-137.2121849
-22.58960474	-138.2457983
-23.56485399	-139.1071429
-24.54596063	-140.1407563
-25.47227073	-141.1743697
-26.51034825	-142.1218487
-27.45204328	-142.2941176
-28.55705168	-142.552521
-29.59231845	-143.0693277
-30.36438716	-143.5861345
-31.47044842	-143.8445378
-32.30243153	-144.0168067
-33.35612033	-143.8445378
-34.24498587	-143.7584034
-35.15840183	-143.4138655
-36.09522228	-143.0693277
-37.14415318	-142.9831933
-38.03369061	-142.3802521
-39.1270029	-141.8634454
-40.34045782	-140.9159664
-41.45507551	-139.5378151
-42.36675345	-137.9012605
-43.35354356	-137.3844538
-44.08002341	-135.7478992
-45.1690196	-134.197479
-46.04769086	-133.0777311
-46.82085877	-131.2689076
-47.58550144	-129.7184874
-47.27338188	-127.9096639
-47.40059875	-125.9285714
-46.9619059	-123.8613445
-46.51310054	-122.1386555
-46.29483969	-120.5021008
-46.15500563	-118.6932773
-45.94475422	-116.9705882
-45.65570806	-115.4201681
-45.4219897	-113.697479
-45.01607641	-112.0609244
-44.77240389	-109.7352941
-44.49146631	-107.8403361
-44.14309285	-106.1176471
-43.77908904	-104.3088235
-43.47594344	-102.5
-43.13072947	-100.7773109
-42.91290048	-99.05462185
-42.56916786	-97.24579832
-42.01149602	-95.35084034
-41.80001231	-93.80042017
-41.4768759	-91.64705882
-41.06559143	-89.49369748
-40.83154811	-87.68487395
-40.40471933	-85.70378151
-39.94452132	-83.98109244
-39.86309097	-82.25840336
-39.40257841	-80.79411765
-39.16028697	-78.98529412
-38.83529121	-77.17647059
-38.52381857	-75.36764706
-37.90866009	-73.30042017
-37.67944903	-71.40546218
-37.27439371	-69.42436975
-36.72455209	-67.52941176
-36.39048168	-65.66890756
-36.04273914	-63.51554622
-35.74196238	-61.74117647
-35.14704246	-60.01848739
-34.73812461	-58.26134454
-34.52325602	-56.42668067
-34.15425369	-54.46281513
-33.78698408	-52.42142857
-33.39870836	-50.82794118
-33.04946897	-48.75210084
-32.51658131	-46.8657563
-31.9196339	-44.55735294
-31.64062146	-42.50735294
-31.17649791	-40.82773109
-30.8413656	-39.07058824
-30.49540528	-37.33928571
-29.99280992	-35.41848739
-29.4710006	-33.60966387
-29.0724879	-31.78361345
-28.71269715	-30.31071429
-28.24708194	-28.09705882
-27.76703509	-25.95231092
-27.36785558	-24.60861345
-26.97641533	-22.82563025
-26.48686292	-21.09432773
-26.08527873	-19.03571429
-25.55836015	-17.11491597
-25.13547206	-15.61617647
-24.68930091	-13.76428571
-24.25082487	-11.96407563
-23.73360179	-9.948529412
-23.13013757	-7.958823529
-22.6065416	-5.805462185
-22.00196161	-3.662436975
-21.40816688	-1.341113445
-20.8234454	0.5125
-20.23364671	2.347163866
-19.66641216	4.072436975
-19.04098972	6.199957983
-18.34776864	8.66512605
-17.68784485	10.61176471
-17.08010895	12.45504202
-16.67064056	13.72121849
-16.14096123	15.29747899
-15.44777177	17.69201681
-14.78170765	19.59558824
-14.17260973	21.29243697
-13.57377025	23.10987395
-12.77246835	25.37521008
-11.99171714	27.17542017
-11.38395505	28.9842437
-10.53363769	30.99978992
-9.889365683	32.47268908
-9.444474352	33.64411765
-8.949552799	35.22037815
-8.198587527	36.77079832
-7.565011924	38.57962185
-6.892454516	40.25063025
-6.185017273	41.84411765
-5.508402491	43.48067227
-4.799238079	45.46176471
-3.881618434	47.59789916
-3.064335434	49.36365546
-2.299116396	50.71596639
-1.616197746	52.45588235
-0.784969682	54.18718487
-0.008701538	55.9012605
0.901939158	57.53781513
1.729699626	59.38109244
2.667981902	61.03487395
3.543041916	62.69726891
4.414427998	64.77310924
5.369868461	66.06512605
6.13050465	67.79642857
7.141543448	69.33823529
8.09585016	71.14705882
8.98943103	72.18067227
9.863259757	73.9894958
10.90519253	75.62605042
11.76469617	76.83193277
12.60190475	77.86554622
13.44476397	78.89915966
14.29829306	80.53571429
15.16196002	81.56932773
16.02034842	82.77521008
16.91432721	83.55042017
17.87506814	85.3592437
18.75627598	86.30672269
19.69859887	87.7710084
20.63662551	88.46008403
21.40008481	89.23529412
22.45162928	90.26890756
23.36180948	91.1302521
24.29178762	92.07773109
25.33128692	93.02521008
26.27343614	93.54201681
26.86417967	94.14495798
27.75208053	94.74789916
28.7726229	95.17857143
29.72270297	95.69537815
30.70356679	96.21218487
31.48793499	95.95378151
32.60828266	95.35084034
33.25550018	95.52310924
33.96585964	94.57563025
34.95669885	94.92016807
35.69790101	94.23109244
36.70948336	94.31722689
37.60101549	94.05882353
38.55711212	93.3697479
39.57662773	92.76680672
40.63166685	91.81932773
41.40174627	90.35504202
42.32265488	89.66596639
43.2012413	89.14915966
44.28234249	88.71848739
45.08905002	87.16806723
46.23475109	86.13445378
46.6606311	84.15336134
46.69952802	82.08613445
46.47856223	80.19117647
46.20997575	77.86554622
45.82986671	75.71218487
45.45009883	73.73109244
44.99607594	71.66386555
44.754897	69.59663866
44.42224182	67.2710084
43.89265844	65.17794118
43.61533061	62.70588235
43.30111395	60.72478992
42.77169721	58.55420168
42.59502794	56.63340336
42.16934596	54.59201681
41.70363438	52.74012605
41.51018363	50.93130252
41.20049383	48.89852941
40.79105577	47.15
40.46407789	44.93634454
39.86389805	42.60210084
39.46210473	40.39705882
39.11583988	38.42457983
38.72381328	36.56407563
38.28086191	34.98781513
37.97592964	32.91197479
37.60459681	30.63802521
37.18190083	28.62247899
36.7495846	26.69306723
36.33777332	24.95315126
35.94999426	23.09264706
35.47026054	21.37857143
35.2636131	19.31134454
34.73777577	17.45084034
34.27284461	15.4697479
33.88689163	13.22163866
33.31214949	11.33529412
32.7716881	9.492016807
32.36068082	7.364495798
31.93500894	5.357563025
31.41686011	3.34460084
31.08636505	1.553004202
30.51106297	-0.464264706
30.15725099	-2.373865546
29.5810709	-4.14737395
29.22036363	-5.939831933
28.79349394	-8.182773109
28.28042142	-10.25861345
27.94228112	-12.33445378
27.44963764	-14.08298319
27.05732675	-15.96071429
26.54874199	-17.79537815
26.2165634	-19.25105042
25.6437337	-21.47331933
25.09200926	-23.58361345
24.59151149	-25.46995798
24.06050346	-27.38214286
23.61520512	-29.08760504
23.04740489	-31.14621849
22.59851856	-33.01533613
22.01265104	-34.97920168
21.49074389	-36.9
20.87214994	-38.79495798
20.38444573	-40.6210084
19.8016851	-42.46428571
19.24411666	-44.075
18.71768689	-45.99579832
18.09295673	-48.47647059
17.50810234	-50.36281513
16.78068633	-52.29222689
16.15251227	-54.64369748
15.47186225	-56.87457983
14.76950581	-58.84705882
14.09069995	-60.77647059
13.31680865	-63.01596639
12.57225418	-64.89369748
11.86922689	-66.84894958
11.08730366	-68.64915966
10.34325945	-70.80252101
9.666395843	-72.69747899
8.886095969	-74.76470588
8.232409858	-76.48739496
7.331736596	-78.6407563
6.439225616	-80.8802521
5.707547255	-82.34453782
4.803352016	-84.2394958
3.976927274	-86.22058824
3.111523102	-88.28781513
2.103921022	-90.18277311
1.27590675	-91.90546218
0.320695156	-93.71428571
-0.549790387	-95.35084034
-1.455378698	-96.98739496
-2.488818122	-98.88235294
-3.335920847	-100.6911765
-4.259146367	-102.2415966
-5.4169477	-103.7920168
-6.258322402	-105.5147059
-7.403973306	-107.237395
-8.504886751	-108.7878151
-9.45811705	-110.2521008
-10.50430921	-111.5441176
-11.47022402	-113.3529412
-12.6087308	-114.7310924
-13.71977788	-116.1092437
-14.91057217	-117.4012605
-15.80635709	-118.6932773
-16.84688408	-119.8991597
-17.94417809	-121.4495798
-18.89287396	-121.9663866
-19.94730293	-123.4306723
-20.96856529	-124.2920168
-22.02866007	-125.4978992
-23.23486767	-126.4453782
-24.30724406	-127.3928571
-25.27714629	-127.737395
-26.37862985	-128.512605
-27.26080704	-128.9432773
-28.25206915	-129.3739496
-29.27089557	-129.8907563
-30.36484512	-130.3214286
-31.29575593	-130.407563
-32.26162308	-130.407563
-33.25110483	-130.7521008
-34.23090503	-130.8382353
-35.16234387	-130.6659664
-36.12795444	-130.7521008
-37.21328252	-130.5798319
-38.02882867	-130.1491597
-39.15071579	-129.8046218
-40.24808161	-129.6323529
-40.98728622	-129.2016807
-41.78756539	-128.512605
-43.03871825	-127.9957983
-43.90145068	-127.2205882
-44.6650224	-125.7563025
-45.28909584	-124.0336134
-46.31839528	-122.7415966
-47.34797735	-121.5357143
-47.6185286	-119.4684874
-47.59399402	-117.8319328
-47.36771326	-116.1953782
-47.12404261	-114.0420168
-46.89739629	-111.7163866
-46.55293813	-110.0798319
-46.21347668	-107.9264706
-45.6851778	-105.6008403
-45.32011976	-103.7920168
-45.16174837	-101.8109244
-44.83785998	-99.57142857
-44.46247835	-97.67647059
-44.04249641	-95.00630252
-43.64005783	-92.76680672
-43.24799907	-90.61344538
-42.85057822	-88.8907563
-42.35454452	-86.39285714
-41.96736259	-84.41176471
-41.56769192	-82.17226891
-41.27244186	-80.36344538
-40.96653409	-78.38235294
-40.31457439	-76.2289916
-40.1485978	-74.24789916
-39.59985784	-72.18067227
-39.29502673	-70.28571429
-38.83559194	-68.47689076
-38.41785732	-66.04789916
-38.07375414	-64.00651261
-37.64794002	-61.67226891
-37.16954209	-59.66533613
-36.64807772	-57.37415966
-36.27831043	-55.21218487
-35.73694562	-52.63676471
-35.14868403	-50.21638655
-34.5425649	-47.72710084
-34.10952197	-45.9355042
-33.55827877	-43.58403361
-33.19234502	-41.33592437
-32.63896413	-39.03613445
-32.32602541	-36.74495798
-31.52624971	-34.69495798
-31.02084696	-32.54159664
-30.83424017	-30.33655462
-30.21112585	-28.14012605
-29.582012	-25.46995798
-29.04090158	-23.26491597
-28.44190413	-20.75840336
-27.84917505	-18.75147059
-27.32883019	-16.3052521
-26.63248319	-13.80735294
-26.05267617	-11.32668067
-25.51620669	-9.293907563
-24.87384271	-6.804621849
-24.27161371	-4.660735294
-23.70028147	-2.63657563
-23.00857978	-0.585714286
-22.35518161	1.346281513
-21.88552831	3.275693277
-21.26885091	5.225777311
-20.63111682	7.269747899
-19.97401884	9.78487395
-19.34215706	11.28361345
-18.66034166	13.79012605
-17.98784664	16.23634454
-17.30926655	17.94180672
-16.64591855	19.83676471
-16.05002927	21.80063025
-15.09572981	24.00567227
-14.49690558	25.78865546
-13.80314487	27.5802521
-13.00403408	29.46659664
-12.39268955	31.37878151
-11.59660879	33.28235294
-10.65552988	35.06533613
-10.04958224	36.81386555
-9.187490036	38.64852941
-8.235595313	41.02584034
-7.439123054	42.90357143
-6.457447046	44.76407563
-5.612561	46.57289916
-4.767804932	48.73487395
-3.809286071	50.64705882
-2.861012765	52.20609244
-1.892034322	54.27331933
-1.088491583	56.06491597
-0.039522034	57.83928571
1.050009784	59.30357143
2.04840766	61.49138655
3.110410876	62.86953782
4.045781465	64.73004202
5.071150513	66.23739496
6.023174668	68.00315126
7.005966715	69.25210084
8.062872175	70.54411765
9.081082654	72.00840336
10.09916833	73.55882353
11.20324587	74.85084034
12.42484927	76.2289916
13.53723201	77.5210084
14.36933351	78.46848739
15.40358756	79.93277311
16.4782492	81.05252101
17.63317938	82.34453782
18.56376966	83.46428571
19.60112263	84.2394958
20.59429787	85.53151261
21.66167494	86.4789916
22.7317645	87.34033613
23.73925642	87.94327731
24.74954859	88.80462185
25.77553772	89.23529412
26.80008328	89.83823529
27.74506551	90.26890756
28.96544635	91.04411765
29.97539114	90.78571429
30.9571145	91.1302521
31.86642982	91.1302521
32.9127105	91.21638655
33.96972324	91.1302521
34.80826827	91.56092437
35.68174313	90.87184874
36.31109435	90.78571429
37.02878418	90.52731092
37.90417981	89.49369748
38.68515742	88.37394958
39.67564021	87.51260504
40.7894876	86.90966387
41.42634991	86.30672269
42.47859382	86.04831933
43.32875081	85.44537815
44.2250191	84.75630252
44.96782515	84.06722689
45.97452041	83.55042017
46.74219583	81.91386555
47.55081085	80.62184874
48.66190181	79.50210084
49.36240874	79.07142857
50.12853853	77.95168067
51.12887586	76.74579832
51.99297289	75.19537815
52.84796484	74.59243697
53.64812563	73.30042017
54.60146974	71.92226891
55.69494125	71.06092437
55.59981845	68.90756303
55.38697103	66.58193277
55.41492254	64.61806723
54.91688756	62.28382353
54.57968403	60.36302521
54.34875073	57.72731092
53.85651423	55.13466387
53.38454183	52.64537815
53.03833152	50.33697479
52.74482131	48.51953782
52.36152886	45.72878151
51.71800185	43.21365546
51.54080731	41.03445378
51.12584799	38.63130252
50.50423632	35.63382353
50.00838774	32.68802521
49.441266	30.1987395
49.10236028	27.76113445
48.71838331	25.3407563
48.27094203	23.14432773
47.56297099	20.4052521
47.23305257	18.13130252
46.7245233	15.96932773
46.16796124	13.73844538
45.62741826	11.60231092
45.14958194	9.466176471
44.58766634	7.467857143
44.0164296	4.944117647
43.54236221	3.063802521
43.14625949	1.149894958
42.84855628	-1.000021008
42.30374666	-2.947521008
41.74257044	-5.139642857
41.07770421	-7.131932773
40.7222102	-9.380042017
40.09309534	-11.50756303
39.74460334	-13.72121849
38.96623414	-16.10714286
38.29060269	-18.24327731
37.91478885	-20.37079832
37.24007678	-22.57584034
36.5674679	-24.32436975
36.06879216	-26.18487395
35.26043689	-28.24348739
34.77212128	-30.11260504
34.08909533	-32.28319328
33.53430432	-34.35042017
33.10085252	-36.27121849
32.47336834	-38.63991597
31.46637171	-40.99138655
30.90649208	-43.11890756
30.2875953	-44.89327731
29.64518128	-46.74516807
29.05890142	-48.61428571
28.4475021	-50.59537815
27.8953847	-52.72289916
27.06501547	-55.14327731
26.39889743	-56.73676471
25.73513642	-58.73508403
25.21084561	-60.52668067
24.61947398	-62.24936975
23.88848253	-64.12710084
23.15486828	-66.0737395
22.44415511	-68.17542017
21.71104082	-70.11344538
20.81157308	-72.09453782
19.90298214	-74.50630252
19.05890944	-76.31512605
18.19465955	-77.95168067
17.47572803	-79.67436975
16.54034358	-81.82773109
15.5327894	-83.80882353
14.53434423	-85.3592437
13.72976637	-86.99579832
12.75033687	-88.8907563
11.68676103	-90.52731092
10.73572828	-92.59453782
9.623570007	-94.23109244
8.657059578	-95.69537815
7.586063633	-97.41806723
6.457197803	-99.05462185
5.347515127	-100.7773109
4.458464836	-101.9831933
3.589833283	-103.447479
2.522256332	-104.5672269
1.410338411	-105.8592437
0.433001158	-107.4096639
-0.655356958	-108.5294118
-1.697532289	-109.9936975
-2.752339337	-111.1995798
-3.779136602	-112.3193277
-4.7812057	-112.9222689
-5.848856182	-113.8697479
-7.102981964	-115.0756303
-8.127613323	-116.0231092
-9.236722046	-117.0567227
-10.23624492	-117.9180672
-11.22943042	-118.6932773
-12.05800371	-119.1239496
-12.97626124	-119.8991597
-13.95734935	-120.5021008
-14.9854463	-121.2773109
-16.01314101	-121.9663866
-17.04216914	-123
-17.83516789	-123.3445378
-18.75480275	-123.6890756
-19.89573956	-124.2058824
-20.99313083	-124.6365546
-21.9193757	-125.3256303
-22.95292882	-124.8088235
-23.87360699	-124.894958
-24.82231314	-125.3256303
-25.82977162	-125.2394958
-26.76849433	-125.3256303
-27.67547067	-125.5840336
-28.89714962	-125.4978992
-29.85082187	-124.894958
-30.61915905	-125.3256303
-31.68817557	-124.894958
-32.6852857	-124.9810924
-33.11905511	-124.4642857
-34.20264545	-124.4642857
-35.42040803	-124.2920168
-36.35911181	-123.6029412
-37.18195666	-121.8802521
-37.78344579	-120.7605042
-38.37135986	-120.6743697
-38.86185783	-119.9852941
-39.66226347	-119.2962185
-40.31910429	-118.9516807
-41.03167419	-118.6071429
-41.69680503	-118.262605
-42.06801422	-118.0042017
-42.82752664	-117.6596639
-43.24568949	-117.3151261
-43.85150813	-116.6260504
-44.62040202	-116.1092437
-45.06901608	-115.3340336
-45.90568692	-114.9033613
-46.36542351	-114.4726891
-46.88293553	-113.1806723
-46.90716484	-113.0945378
-47.05122998	-111.5441176
-46.69359911	-109.3907563
-46.48764812	-107.5819328
-46.31795328	-105.6869748
-46.12192431	-104.1365546
-45.77851434	-102.0693277
-45.24086191	-100.0882353
-45.11752643	-98.10714286
-44.87708651	-96.12605042
-44.60340236	-94.31722689
-44.13368574	-92.59453782
-43.92237402	-91.30252101
-43.70780702	-89.23529412
-43.21824532	-87.5987395
-43.05221351	-85.61764706
-42.71634007	-83.98109244
-42.22260484	-82.08613445
-41.96393655	-80.36344538
-41.45490274	-78.72689076
-41.30226838	-76.83193277
-40.6542166	-74.50630252
-40.53464234	-72.69747899
-40.20475975	-70.80252101
-39.6612151	-68.90756303
-39.36569321	-66.92647059
-38.89792482	-64.61806723
-38.3683773	-62.65420168
-38.02306653	-60.74201681
-37.63153407	-58.51113445
-37.16109391	-56.70231092
-36.73212278	-54.7987395
-36.36977017	-52.75735294
-36.04393775	-50.53508403
-35.41626564	-48.24390756
-34.99907704	-46.23697479
-34.5069824	-44.09222689
-34.25630098	-42.14558824
-33.65472039	-39.70798319
-33.15585695	-38.02836134
-32.76797883	-35.53907563
-32.06283546	-33.5407563
-31.72250547	-31.49936975
-31.37411052	-29.25987395
-30.87674115	-27.11512605
-30.21025286	-24.3157563
-29.68070309	-22.11071429
-28.95082691	-19.27689076
-28.37368188	-17.0460084
-27.8152625	-15.0907563
-27.32703868	-12.97184874
-26.8326571	-10.8960084
-26.27017763	-8.932142857
-25.73240634	-6.976890756
-25.18928026	-5.090546218
-24.61273256	-3.124096639
-23.98805108	-0.714915966
-23.3034299	1.23947479
-22.73066885	3.131848739
-22.21312797	4.909663866
-21.44773745	7.373109244
-20.79143912	9.552310924
-20.20000416	11.47310924
-19.41216267	14.08298319
-18.54555329	16.56365546
-17.81748535	18.46722689
-17.15170157	20.65504202
-16.2828602	22.57584034
-15.54927536	24.51386555
-14.90230609	26.4605042
-14.07141158	28.29516807
-13.31021182	30.22457983
-12.31522215	32.61911765
-11.5593936	34.32457983
-10.68051182	36.6157563
-9.982272621	38.3039916
-8.91504422	40.33676471
-7.846218577	42.26617647
-6.855123565	44.53151261
-5.664472789	46.90021008
-4.658350695	48.48508403
-3.680556859	50.28529412
-2.6404858	52.25777311
-1.508300617	54.15273109
-0.428135229	55.81512605
0.701520355	57.64978992
1.828487554	59.32079832
3.073184429	61.16407563
4.189987309	62.34411765
5.297209788	63.87731092
6.393230185	65.4105042
7.577411708	66.91785714
8.815586463	68.26155462
9.796114423	68.01176471
10.54751082	68.69222689
11.43932931	69.5105042
12.52145259	70.28571429
13.54028501	71.40546218
14.55819412	72.18067227
15.68515458	73.30042017
16.63958487	73.90336134
17.62428953	74.59243697
18.63805931	75.19537815
19.69090928	75.79831933
20.7028747	76.65966387
21.61423337	76.83193277
22.55673431	77.60714286
23.6399216	78.38235294
24.73276449	78.6407563
25.68076467	79.24369748
26.75312802	79.41596639
27.79267799	80.10504202
28.20047797	79.93277311
29.17670933	79.7605042
30.35959286	80.01890756
31.44839654	79.67436975
32.60136823	79.7605042
33.59508947	79.58823529
34.59453499	79.07142857
35.7775279	79.50210084
36.75910322	78.46848739
37.79268573	78.38235294
38.6672154	77.86554622
39.74897804	77.60714286
40.95011837	77.09033613
42.09920416	75.97058824
43.07582384	75.1092437
44.0073698	74.33403361
45.01096746	73.73109244
45.95476943	72.61134454
46.98425924	71.75
47.97338051	70.45798319
49.16499989	69.33823529
50.24033526	68.73529412
51.06874114	67.85672269
52.30066364	66.80588235
53.42171322	64.73004202
54.06508192	62.92121849
54.87945478	62.1460084
55.610039	60.37163866
56.54765247	59.57058824
56.56357414	57.3052521
56.28069316	55.75483193
56.15971811	53.36029412
55.39906185	49.87184874
55.19925116	47.36533613
54.60096854	43.86827731
53.88925095	41.06890756
53.62545107	38.19201681
53.19321208	35.52184874
52.55510803	32.60189076
52.00330112	29.41491597
51.51645543	26.68445378
50.92139056	23.93676471
50.51777198	21.6197479
50.00171227	18.95819328
49.54431287	16.36554622
49.16449833	14.19495798
48.48725101	11.69705882
48.08203862	9.78487395
47.50264764	7.75210084
47.20676421	5.01302521
46.67022541	2.926848739
46.20142166	0.970735294
45.84345054	-1.138697479
45.31855788	-3.087058824
44.82485695	-5.391155462
44.32288451	-7.338655462
43.84484119	-9.862394958
43.2452177	-12.05021008
42.59156164	-14.48781513
41.96099533	-16.8737395
41.42316094	-19.22521008
40.60584914	-21.45609244
39.86722052	-24.23823529
39.36331242	-26.15903361
38.89432803	-28.2262605
38.14990112	-30.13844538
37.68177357	-32.03340336
37.09852715	-33.98865546
36.46302342	-35.65966387
35.78906058	-37.44264706
35.24329652	-39.63907563
34.71264491	-41.51680672
34.10472923	-43.68739496
33.23219967	-45.69432773
32.63521382	-47.61512605
31.99139212	-49.24306723
31.56209095	-50.92268908
30.79142802	-52.67121849
30.29014009	-54.52310924
29.78389887	-56.45252101
29.03582382	-58.41638655
28.51650626	-59.89789916
27.73576397	-62.41302521
27.06966489	-64.27352941
26.32889333	-66.29768908
25.71989409	-68.11512605
25.00829802	-70.28571429
24.20541098	-72.52521008
23.31251073	-74.59243697
22.38265107	-76.83193277
21.47326428	-78.81302521
20.79070178	-80.53571429
20.03201181	-82.43067227
19.09766813	-84.41176471
18.14159207	-86.39285714
17.03629998	-88.54621849
16.15018251	-89.83823529
15.39947016	-91.64705882
14.3137084	-93.28361345
13.4646507	-95.00630252
12.36213099	-96.7289916
11.15088759	-98.71008403
10.01808088	-100.2605042
8.881969715	-101.8970588
7.717962286	-103.7058824
6.596057702	-104.9978992
5.504668208	-106.289916
4.376729248	-107.9264706
3.270137287	-109.1323529
2.194148389	-110.1659664
1.097822617	-111.3718487
-0.026252597	-112.4915966
-1.168663321	-113.5252101
-2.390291437	-114.8172269
-3.560716532	-115.592437
-4.721265312	-116.4537815
-5.866312924	-117.2289916
-6.859563712	-118.0903361
-8.009065176	-118.7794118
-9.092481147	-119.7268908
-10.22403491	-120.2436975
-11.4044323	-120.7605042
-12.53553382	-121.105042
-13.67024057	-121.5357143
-14.75872016	-122.1386555
-15.96783593	-122.3970588
-17.13293482	-122.7415966
-18.26044641	-122.6554622
-19.47007077	-122.9138655
-20.5891019	-123.2584034
-21.85940104	-123.3445378
-22.93179693	-123.5168067
-24.04933698	-123.4306723
-25.29102378	-122.9138655
-26.45168273	-122.7415966
-27.43967014	-122.3109244
-28.43382905	-121.3634454
-29.53903181	-120.5882353
-30.4916178	-120.3298319
-30	-119.5
-31	-119
-32	-118
-33	-117
-34	-116
-35	-115
-36	-113.5
-37	-112
-38	-110
-39	-108
-40	-106
-41	-104
-42	-102
-43	-100
-44	-97
-45	-94
-46	-91
-47	-87
-48	-83
-49	-79
-50	-75
-51	-71
-52	-68
-53	-63
-54	-58
-55	-52
-56	-46.5
-56.52	-35.47
-56.52	-35.47
-56.52	-35.47
-56.52	-35.47
-56.52	-35.47
-56.52	-35.47
-56.52	-35.47
-56.52	-35.47
-56.52	-35.47
-56.52	-35.47
-56.52	-35.47
-56.52	-35.47
-56.52	-35.47
-56.52	-35.47
-56.52	-35.47
-56.52	-35.47
-56.52	-35.47
-56.52	-35.47
-56.52	-35.47
-56.52	-35.47
-56.52	-35.47
-56.52	-35.47
-56.52	-35.47
-56.52	-35.47
-56.52	-35.47
-56.52	-35.47
-56.52	-35.47
-56.52	-35.47
-56.52	-35.47
-56.52	-35.47
-56.52	-35.47
-56.52	-35.47
-56.52	-35.47
-56.52	-35.47
-56.52	-35.47
-56.52	-35.47
-56.52	-35.47
-56.52	-35.47
-56.52	-35.47
-56.52	-35.47
-56.52	-35.47
-56.52	-35.47
-56.52	-35.47
-56.52	-35.47
-56.52	-35.47
-56.52	-35.47
-56.52	-35.47
-56.52	-35.47
-56.52	-35.47
-56.52	-35.47
-56.52	-35.47
-56.52	-35.47
-56.52	-35.47
-56.52	-35.47
-56.52	-35.47
-56.52	-35.47
-56.52	-35.47
-56.52	-35.47
-56.52	-35.47
-56.52	-35.47
-56.52	-35.47
-56.52	-35.47
-56.52	-35.47
-56.52	-35.47
-56.52	-35.47
-56.52	-35.47
-56.52	-35.47
-56.52	-35.47
-56.52	-35.47
-56.52	-35.47
-56.52	-35.47
-56.52	-35.47
-56.52	-35.47
-56.52	-35.47
-56.52	-35.47
-56.52	-35.47
-56.52	-35.47
-56.52	-35.47
-56.52	-35.47
-56.52	-35.47
-56.52	-35.47
-56.52	-35.47
-56.52	-35.47
-56.52	-35.47
-56.52	-35.47
-56.52	-35.47
-56.52	-35.47
-56.52	-35.47
-56.52	-35.47
-56.52	-35.47
-56.52	-35.47
-56.52	-35.47
-56.52	-35.47
-56.52	-35.47
-56.51686333	-35.46672269
-56.12688324	-33.25823529
-55.41265179	-31.09884454
-54.6693132	-29.16340336
-54.22978492	-26.78781513
-53.70161666	-24.87563025
-52.85542556	-22.70504202
-52.52472514	-20.57752101
-51.83615563	-18.27773109
-50.84731784	-16.50336134
-50.73633388	-14.84957983
-50.04792854	-12.69621849
-49.21620319	-10.39642857
-48.58078391	-8.501470588
-47.71034494	-6.37394958
-47.30392381	-4.866596639
-46.78917524	-3.049159664
-46.03332832	-0.620168067
-45.13755809	1.13697479
-44.46495367	3.118067227
-43.3255771	5.064705882
-42.73032742	7.450630252
-42.13734179	9.044117647
-41.05492964	11.66260504
-40.24297614	13.48004202
-39.20942497	15.83151261
-38.06569188	18.01932773
-36.93069581	20.00042017
-36.13663294	22.14516807
-35.27084571	24.10042017
-34.14069003	26.21932773
-32.94667259	28.01953782
-32.24482358	30.04369748
-30.85819387	31.98172269
-29.82793384	33.75609244
-28.75810503	35.57352941
-27.42906147	37.38235294
-26.1488314	39.36344538
-24.77453413	41.43067227
-23.48851314	42.80882353
-22.11299274	44.53151261
-20.74210415	46.51260504
-19.39285855	47.71848739
-18.15408527	49.61344538
-16.70697587	50.81932773
-15.34317277	52.45588235
-13.95899662	53.31722689
-12.80016482	54.6092437
-11.46065137	55.64285714
-10.075865	56.8487395
-8.476186118	58.31302521
-7.16474435	59.2605042
-5.945094077	60.46638655
-4.796860542	61.41386555
-3.703265546	62.27521008
-2.581642052	62.18907563
-1.618685626	61.93067227
-0.639514012	62.96428571
0.405780403	63.22268908
1.471071026	64.25630252
2.559949197	65.20378151
3.526681079	64.94537815
4.508585582	66.23739496
5.562490845	66.92647059
6.640783467	67.35714286
7.674413484	67.0987395
8.709088698	68.04621849
9.776114145	68.3907563
10.91460104	68.82142857
12.04757166	69.25210084
13.07989865	69.94117647
14.24181826	70.54411765
15.41927857	70.80252101
16.51141729	71.23319328
17.52697439	71.06092437
18.588593	71.49159664
19.6318504	71.31932773
20.75060864	71.23319328
21.93898871	71.49159664
23.10828016	71.40546218
24.26970169	71.23319328
25.453774	70.88865546
26.64120347	71.14705882
27.89444649	70.80252101
28.9894697	70.28571429
29.7949555	70.45798319
30.97476119	69.16596639
32.00672335	68.73529412
33.13081064	67.96008403
34.28583463	68.30462185
35.54853161	67.2710084
36.60603241	67.01260504
37.82093392	66.49579832
38.85463692	65.80672269
40.11388387	65.54831933
41.4930487	64.94537815
42.63856045	64.51470588
43.90453936	63.56722689
45.26075423	63.13655462
46.13537311	62.27521008
47.27280048	61.84453782
48.62313394	61.06932773
49.56342952	60.20798319
50.76017307	58.91596639
51.98931985	58.05462185
53.16577012	56.93487395
54.31512116	56.33193277
55.4236454	55.12605042
56.66196818	54.00630252
57.83834065	52.80042017
58.90132581	51.85294118
60.09426715	50.64705882
61.24223918	49.26890756
62.44805913	48.40756303
63.33324298	46.85714286
64.10920113	45.39285714
64.30819866	43.15336134
65.07502128	41.51680672
66.13100316	39.96638655
67.08353613	38.32983193
68.20658802	37.12394958
69.28351752	36.26260504
70.38868982	34.53991597
70.64351701	33.16176471
70.68084452	31.1289916
70.11013285	28.4157563
69.67146508	25.78865546
69.21665169	23.49747899
68.71799984	21.18907563
68.03735331	18.76008403
67.87379448	16.98571429
67.39774957	14.67731092
66.99187529	12.29138655
66.47524462	9.991596639
65.90882714	7.278361345
65.55245934	5.081932773
64.87871131	3.066386555
64.60446637	0.861344538
64.35215974	-1.033613445
63.87827086	-3.083613445
63.56936866	-4.668487395
62.83267647	-6.701260504
62.49234389	-8.871848739
61.97964847	-10.79264706
61.22094415	-13.1355042
60.70318742	-15.1855042
60.52771008	-17.07184874
59.91369398	-19.00987395
59.36490315	-21.47331933
58.89523342	-22.88592437
58.65504145	-24.59138655
58.01328126	-26.0987395
57.66288204	-27.99369748
57.261996	-29.91880252
56.6274329	-31.86285714
55.85179125	-33.7225
55.36980038	-35.73890756
54.69035019	-37.93189076
54.34236502	-39.90436975
53.67723897	-42.34369748
53.01094136	-44.31617647
52.23166259	-46.40063025
51.56393235	-48.26113445
51.09248993	-50.01827731
50.48927525	-52.01659664
49.44080023	-54.19579832
48.780298	-56.04768908
47.75495562	-58.20966387
47.04437378	-60.07878151
46.4301195	-61.54306723
45.79616106	-63.23130252
45.19735836	-65.09180672
44.27839338	-66.78865546
43.71168666	-68.79558824
42.83331663	-71.07815126
41.72477038	-73.03340336
41.11380357	-75.27289916
39.82919236	-77.37457983
38.83629737	-79.23508403
37.77218595	-80.94915966
36.82762856	-82.77521008
35.87400236	-84.60987395
34.80757316	-86.25504202
33.92535045	-87.84852941
32.88613276	-89.66596639
31.72310686	-90.98382353
30.61580463	-92.56869748
29.5600731	-93.90378151
28.50741939	-95.23886555
27.41750687	-96.03130252
26.2711871	-97.15105042
25.22009385	-98.23634454
24.07934451	-99.15798319
23.06202628	-99.89012605
21.98166805	-100.139916
20.92267201	-101.1476891
19.83540434	-101.4405462
18.71277805	-101.707563
17.59217298	-102.3277311
16.57345857	-102.2157563
15.48074672	-102.3277311
14.38629921	-102.3880252
13.33580155	-102.112395
12.31581992	-102.3018908
11.18154184	-101.4319328
10.03360132	-101.164916
8.929676323	-100.0365546
8.486521146	-97.79705882
8.072265551	-95.72121849
8.247946778	-93.97268908
